Date,value,daily_return,drawdown
2014-01-02,10000.00000000,,0.00000000
2014-01-03,10000.00000000,0.00000000,0.00000000
2014-01-06,10000.00000000,0.00000000,0.00000000
2014-01-07,10000.00000000,0.00000000,0.00000000
2014-01-08,10000.00000000,0.00000000,0.00000000
2014-01-09,10000.00000000,0.00000000,0.00000000
2014-01-10,10000.00000000,0.00000000,0.00000000
2014-01-13,10000.00000000,0.00000000,0.00000000
2014-01-14,10000.00000000,0.00000000,0.00000000
2014-01-15,10000.00000000,0.00000000,0.00000000
2014-01-16,10000.00000000,0.00000000,0.00000000
2014-01-17,10000.00000000,0.00000000,0.00000000
2014-01-21,10000.00000000,0.00000000,0.00000000
2014-01-22,10000.00000000,0.00000000,0.00000000
2014-01-23,10000.00000000,0.00000000,0.00000000
2014-01-24,10000.00000000,0.00000000,0.00000000
2014-01-27,10000.00000000,0.00000000,0.00000000
2014-01-28,10000.00000000,0.00000000,0.00000000
2014-01-29,10000.00000000,0.00000000,0.00000000
2014-01-30,10000.00000000,0.00000000,0.00000000
2014-01-31,10000.00000000,0.00000000,0.00000000
2014-02-03,10000.00000000,0.00000000,0.00000000
2014-02-04,10000.00000000,0.00000000,0.00000000
2014-02-05,10000.00000000,0.00000000,0.00000000
2014-02-06,10000.00000000,0.00000000,0.00000000
2014-02-07,10000.00000000,0.00000000,0.00000000
2014-02-10,10000.00000000,0.00000000,0.00000000
2014-02-11,10000.00000000,0.00000000,0.00000000
2014-02-12,10000.00000000,0.00000000,0.00000000
2014-02-13,10000.00000000,0.00000000,0.00000000
2014-02-14,10000.00000000,0.00000000,0.00000000
2014-02-18,10000.00000000,0.00000000,0.00000000
2014-02-19,10000.00000000,0.00000000,0.00000000
2014-02-20,10000.00000000,0.00000000,0.00000000
2014-02-21,10000.00000000,0.00000000,0.00000000
2014-02-24,10000.00000000,0.00000000,0.00000000
2014-02-25,10000.00000000,0.00000000,0.00000000
2014-02-26,10000.00000000,0.00000000,0.00000000
2014-02-27,10000.00000000,0.00000000,0.00000000
2014-02-28,10000.00000000,0.00000000,0.00000000
2014-03-03,10000.00000000,0.00000000,0.00000000
2014-03-04,10000.00000000,0.00000000,0.00000000
2014-03-05,10000.00000000,0.00000000,0.00000000
2014-03-06,10000.00000000,0.00000000,0.00000000
2014-03-07,10000.00000000,0.00000000,0.00000000
2014-03-10,10000.00000000,0.00000000,0.00000000
2014-03-11,10000.00000000,0.00000000,0.00000000
2014-03-12,10000.00000000,0.00000000,0.00000000
2014-03-13,10000.00000000,0.00000000,0.00000000
2014-03-14,10000.00000000,0.00000000,0.00000000
2014-03-17,10000.00000000,0.00000000,0.00000000
2014-03-18,10000.00000000,0.00000000,0.00000000
2014-03-19,10000.00000000,0.00000000,0.00000000
2014-03-20,10000.00000000,0.00000000,0.00000000
2014-03-21,10000.00000000,0.00000000,0.00000000
2014-03-24,10000.00000000,0.00000000,0.00000000
2014-03-25,10000.00000000,0.00000000,0.00000000
2014-03-26,10000.00000000,0.00000000,0.00000000
2014-03-27,10000.00000000,0.00000000,0.00000000
2014-03-28,10000.00000000,0.00000000,0.00000000
2014-03-31,10000.00000000,0.00000000,0.00000000
2014-04-01,10000.00000000,0.00000000,0.00000000
2014-04-02,10000.00000000,0.00000000,0.00000000
2014-04-03,10000.00000000,0.00000000,0.00000000
2014-04-04,10000.00000000,0.00000000,0.00000000
2014-04-07,10000.00000000,0.00000000,0.00000000
2014-04-08,10000.00000000,0.00000000,0.00000000
2014-04-09,10000.00000000,0.00000000,0.00000000
2014-04-10,10000.00000000,0.00000000,0.00000000
2014-04-11,10000.00000000,0.00000000,0.00000000
2014-04-14,10000.00000000,0.00000000,0.00000000
2014-04-15,10000.00000000,0.00000000,0.00000000
2014-04-16,10000.00000000,0.00000000,0.00000000
2014-04-17,10000.00000000,0.00000000,0.00000000
2014-04-22,10000.00000000,0.00000000,0.00000000
2014-04-23,10000.00000000,0.00000000,0.00000000
2014-04-24,10000.00000000,0.00000000,0.00000000
2014-04-25,10000.00000000,0.00000000,0.00000000
2014-04-28,10000.00000000,0.00000000,0.00000000
2014-04-29,10000.00000000,0.00000000,0.00000000
2014-04-30,10000.00000000,0.00000000,0.00000000
2014-05-01,10000.00000000,0.00000000,0.00000000
2014-05-02,10000.00000000,0.00000000,0.00000000
2014-05-06,10000.00000000,0.00000000,0.00000000
2014-05-07,10000.00000000,0.00000000,0.00000000
2014-05-08,10000.00000000,0.00000000,0.00000000
2014-05-09,10000.00000000,0.00000000,0.00000000
2014-05-12,10000.00000000,0.00000000,0.00000000
2014-05-13,10000.00000000,0.00000000,0.00000000
2014-05-14,10000.00000000,0.00000000,0.00000000
2014-05-15,10000.00000000,0.00000000,0.00000000
2014-05-16,10000.00000000,0.00000000,0.00000000
2014-05-19,10000.00000000,0.00000000,0.00000000
2014-05-20,10000.00000000,0.00000000,0.00000000
2014-05-21,10000.00000000,0.00000000,0.00000000
2014-05-22,10000.00000000,0.00000000,0.00000000
2014-05-23,10000.00000000,0.00000000,0.00000000
2014-05-27,10000.00000000,0.00000000,0.00000000
2014-05-28,10000.00000000,0.00000000,0.00000000
2014-05-29,10000.00000000,0.00000000,0.00000000
2014-05-30,10000.00000000,0.00000000,0.00000000
2014-06-02,10000.00000000,0.00000000,0.00000000
2014-06-03,10000.00000000,0.00000000,0.00000000
2014-06-04,10000.00000000,0.00000000,0.00000000
2014-06-05,10000.00000000,0.00000000,0.00000000
2014-06-06,10000.00000000,0.00000000,0.00000000
2014-06-09,10000.00000000,0.00000000,0.00000000
2014-06-10,10000.00000000,0.00000000,0.00000000
2014-06-11,10000.00000000,0.00000000,0.00000000
2014-06-12,10000.00000000,0.00000000,0.00000000
2014-06-13,10000.00000000,0.00000000,0.00000000
2014-06-16,10000.00000000,0.00000000,0.00000000
2014-06-17,10000.00000000,0.00000000,0.00000000
2014-06-18,10000.00000000,0.00000000,0.00000000
2014-06-19,10000.00000000,0.00000000,0.00000000
2014-06-20,10000.00000000,0.00000000,0.00000000
2014-06-23,10000.00000000,0.00000000,0.00000000
2014-06-24,10000.00000000,0.00000000,0.00000000
2014-06-25,10000.00000000,0.00000000,0.00000000
2014-06-26,10000.00000000,0.00000000,0.00000000
2014-06-27,10000.00000000,0.00000000,0.00000000
2014-06-30,10000.00000000,0.00000000,0.00000000
2014-07-01,10000.00000000,0.00000000,0.00000000
2014-07-02,10000.00000000,0.00000000,0.00000000
2014-07-03,10000.00000000,0.00000000,0.00000000
2014-07-07,10000.00000000,0.00000000,0.00000000
2014-07-08,10000.00000000,0.00000000,0.00000000
2014-07-09,10000.00000000,0.00000000,0.00000000
2014-07-10,10000.00000000,0.00000000,0.00000000
2014-07-11,10000.00000000,0.00000000,0.00000000
2014-07-14,10000.00000000,0.00000000,0.00000000
2014-07-15,10000.00000000,0.00000000,0.00000000
2014-07-16,10000.00000000,0.00000000,0.00000000
2014-07-17,10000.00000000,0.00000000,0.00000000
2014-07-18,10000.00000000,0.00000000,0.00000000
2014-07-21,10000.00000000,0.00000000,0.00000000
2014-07-22,10000.00000000,0.00000000,0.00000000
2014-07-23,10000.00000000,0.00000000,0.00000000
2014-07-24,10000.00000000,0.00000000,0.00000000
2014-07-25,10000.00000000,0.00000000,0.00000000
2014-07-28,10000.00000000,0.00000000,0.00000000
2014-07-29,10000.00000000,0.00000000,0.00000000
2014-07-30,10000.00000000,0.00000000,0.00000000
2014-07-31,10000.00000000,0.00000000,0.00000000
2014-08-01,10000.00000000,0.00000000,0.00000000
2014-08-04,10000.00000000,0.00000000,0.00000000
2014-08-05,10000.00000000,0.00000000,0.00000000
2014-08-06,10000.00000000,0.00000000,0.00000000
2014-08-07,10000.00000000,0.00000000,0.00000000
2014-08-08,10000.00000000,0.00000000,0.00000000
2014-08-11,10000.00000000,0.00000000,0.00000000
2014-08-12,10000.00000000,0.00000000,0.00000000
2014-08-13,10000.00000000,0.00000000,0.00000000
2014-08-14,10000.00000000,0.00000000,0.00000000
2014-08-15,10000.00000000,0.00000000,0.00000000
2014-08-18,10000.00000000,0.00000000,0.00000000
2014-08-19,10000.00000000,0.00000000,0.00000000
2014-08-20,10000.00000000,0.00000000,0.00000000
2014-08-21,10000.00000000,0.00000000,0.00000000
2014-08-22,10000.00000000,0.00000000,0.00000000
2014-08-26,10000.00000000,0.00000000,0.00000000
2014-08-27,10000.00000000,0.00000000,0.00000000
2014-08-28,10000.00000000,0.00000000,0.00000000
2014-08-29,10000.00000000,0.00000000,0.00000000
2014-09-02,10000.00000000,0.00000000,0.00000000
2014-09-03,10000.00000000,0.00000000,0.00000000
2014-09-04,10000.00000000,0.00000000,0.00000000
2014-09-05,10000.00000000,0.00000000,0.00000000
2014-09-08,10000.00000000,0.00000000,0.00000000
2014-09-09,10000.00000000,0.00000000,0.00000000
2014-09-10,10000.00000000,0.00000000,0.00000000
2014-09-11,10000.00000000,0.00000000,0.00000000
2014-09-12,10000.00000000,0.00000000,0.00000000
2014-09-15,10000.00000000,0.00000000,0.00000000
2014-09-16,10000.00000000,0.00000000,0.00000000
2014-09-17,10000.00000000,0.00000000,0.00000000
2014-09-18,10000.00000000,0.00000000,0.00000000
2014-09-19,10000.00000000,0.00000000,0.00000000
2014-09-22,10000.00000000,0.00000000,0.00000000
2014-09-23,10000.00000000,0.00000000,0.00000000
2014-09-24,10000.00000000,0.00000000,0.00000000
2014-09-25,10000.00000000,0.00000000,0.00000000
2014-09-26,10000.00000000,0.00000000,0.00000000
2014-09-29,10000.00000000,0.00000000,0.00000000
2014-09-30,10000.00000000,0.00000000,0.00000000
2014-10-01,10000.00000000,0.00000000,0.00000000
2014-10-02,10000.00000000,0.00000000,0.00000000
2014-10-03,10000.00000000,0.00000000,0.00000000
2014-10-06,10000.00000000,0.00000000,0.00000000
2014-10-07,10000.00000000,0.00000000,0.00000000
2014-10-08,10000.00000000,0.00000000,0.00000000
2014-10-09,10000.00000000,0.00000000,0.00000000
2014-10-10,10000.00000000,0.00000000,0.00000000
2014-10-13,10000.00000000,0.00000000,0.00000000
2014-10-14,10000.00000000,0.00000000,0.00000000
2014-10-15,10000.00000000,0.00000000,0.00000000
2014-10-16,10000.00000000,0.00000000,0.00000000
2014-10-17,10000.00000000,0.00000000,0.00000000
2014-10-20,10000.00000000,0.00000000,0.00000000
2014-10-21,10000.00000000,0.00000000,0.00000000
2014-10-22,10000.00000000,0.00000000,0.00000000
2014-10-23,10000.00000000,0.00000000,0.00000000
2014-10-24,10000.00000000,0.00000000,0.00000000
2014-10-27,10000.00000000,0.00000000,0.00000000
2014-10-28,10000.00000000,0.00000000,0.00000000
2014-10-29,10000.00000000,0.00000000,0.00000000
2014-10-30,10000.00000000,0.00000000,0.00000000
2014-10-31,10000.00000000,0.00000000,0.00000000
2014-11-03,10000.00000000,0.00000000,0.00000000
2014-11-04,10000.00000000,0.00000000,0.00000000
2014-11-05,10000.00000000,0.00000000,0.00000000
2014-11-06,10000.00000000,0.00000000,0.00000000
2014-11-07,10000.00000000,0.00000000,0.00000000
2014-11-10,10000.00000000,0.00000000,0.00000000
2014-11-11,10000.00000000,0.00000000,0.00000000
2014-11-12,10000.00000000,0.00000000,0.00000000
2014-11-13,10000.00000000,0.00000000,0.00000000
2014-11-14,10000.00000000,0.00000000,0.00000000
2014-11-17,10000.00000000,0.00000000,0.00000000
2014-11-18,10000.00000000,0.00000000,0.00000000
2014-11-19,10000.00000000,0.00000000,0.00000000
2014-11-20,10000.00000000,0.00000000,0.00000000
2014-11-21,10000.00000000,0.00000000,0.00000000
2014-11-24,10000.00000000,0.00000000,0.00000000
2014-11-25,10000.00000000,0.00000000,0.00000000
2014-11-26,10000.00000000,0.00000000,0.00000000
2014-11-28,10000.00000000,0.00000000,0.00000000
2014-12-01,10000.00000000,0.00000000,0.00000000
2014-12-02,10000.00000000,0.00000000,0.00000000
2014-12-03,10000.00000000,0.00000000,0.00000000
2014-12-04,10000.00000000,0.00000000,0.00000000
2014-12-05,10000.00000000,0.00000000,0.00000000
2014-12-08,10000.00000000,0.00000000,0.00000000
2014-12-09,10000.00000000,0.00000000,0.00000000
2014-12-10,10000.00000000,0.00000000,0.00000000
2014-12-11,10000.00000000,0.00000000,0.00000000
2014-12-12,10000.00000000,0.00000000,0.00000000
2014-12-15,10000.00000000,0.00000000,0.00000000
2014-12-16,10000.00000000,0.00000000,0.00000000
2014-12-17,10000.00000000,0.00000000,0.00000000
2014-12-18,10000.00000000,0.00000000,0.00000000
2014-12-19,10000.00000000,0.00000000,0.00000000
2014-12-22,10000.00000000,0.00000000,0.00000000
2014-12-23,10000.00000000,0.00000000,0.00000000
2014-12-24,10000.00000000,0.00000000,0.00000000
2014-12-29,10000.00000000,0.00000000,0.00000000
2014-12-30,10000.00000000,0.00000000,0.00000000
2014-12-31,10000.00000000,0.00000000,0.00000000
2015-01-02,10000.00000000,0.00000000,0.00000000
2015-01-05,10000.00000000,0.00000000,0.00000000
2015-01-06,10000.00000000,0.00000000,0.00000000
2015-01-07,10000.00000000,0.00000000,0.00000000
2015-01-08,10000.00000000,0.00000000,0.00000000
2015-01-09,10000.00000000,0.00000000,0.00000000
2015-01-12,10000.00000000,0.00000000,0.00000000
2015-01-13,10000.00000000,0.00000000,0.00000000
2015-01-14,10000.00000000,0.00000000,0.00000000
2015-01-15,10000.00000000,0.00000000,0.00000000
2015-01-16,10000.00000000,0.00000000,0.00000000
2015-01-20,10000.00000000,0.00000000,0.00000000
2015-01-21,10000.00000000,0.00000000,0.00000000
2015-01-22,10000.00000000,0.00000000,0.00000000
2015-01-23,10000.00000000,0.00000000,0.00000000
2015-01-26,10000.00000000,0.00000000,0.00000000
2015-01-27,10000.00000000,0.00000000,0.00000000
2015-01-28,10000.00000000,0.00000000,0.00000000
2015-01-29,10000.00000000,0.00000000,0.00000000
2015-01-30,10000.00000000,0.00000000,0.00000000
2015-02-02,10000.00000000,0.00000000,0.00000000
2015-02-03,10000.00000000,0.00000000,0.00000000
2015-02-04,10000.00000000,0.00000000,0.00000000
2015-02-05,10000.00000000,0.00000000,0.00000000
2015-02-06,10000.00000000,0.00000000,0.00000000
2015-02-09,10000.00000000,0.00000000,0.00000000
2015-02-10,10000.00000000,0.00000000,0.00000000
2015-02-11,10000.00000000,0.00000000,0.00000000
2015-02-12,10000.00000000,0.00000000,0.00000000
2015-02-13,10000.00000000,0.00000000,0.00000000
2015-02-17,10000.00000000,0.00000000,0.00000000
2015-02-18,10000.00000000,0.00000000,0.00000000
2015-02-19,10000.00000000,0.00000000,0.00000000
2015-02-20,10000.00000000,0.00000000,0.00000000
2015-02-23,10000.00000000,0.00000000,0.00000000
2015-02-24,10000.00000000,0.00000000,0.00000000
2015-02-25,10000.00000000,0.00000000,0.00000000
2015-02-26,10000.00000000,0.00000000,0.00000000
2015-02-27,10000.00000000,0.00000000,0.00000000
2015-03-02,10000.00000000,0.00000000,0.00000000
2015-03-03,10000.00000000,0.00000000,0.00000000
2015-03-04,10000.00000000,0.00000000,0.00000000
2015-03-05,10000.00000000,0.00000000,0.00000000
2015-03-06,10000.00000000,0.00000000,0.00000000
2015-03-09,10000.00000000,0.00000000,0.00000000
2015-03-10,10000.00000000,0.00000000,0.00000000
2015-03-11,10000.00000000,0.00000000,0.00000000
2015-03-12,10000.00000000,0.00000000,0.00000000
2015-03-13,10000.00000000,0.00000000,0.00000000
2015-03-16,10000.00000000,0.00000000,0.00000000
2015-03-17,10000.00000000,0.00000000,0.00000000
2015-03-18,10000.00000000,0.00000000,0.00000000
2015-03-19,10000.00000000,0.00000000,0.00000000
2015-03-20,10000.00000000,0.00000000,0.00000000
2015-03-23,10000.00000000,0.00000000,0.00000000
2015-03-24,10000.00000000,0.00000000,0.00000000
2015-03-25,10000.00000000,0.00000000,0.00000000
2015-03-26,10000.00000000,0.00000000,0.00000000
2015-03-27,10000.00000000,0.00000000,0.00000000
2015-03-30,10000.00000000,0.00000000,0.00000000
2015-03-31,10000.00000000,0.00000000,0.00000000
2015-04-01,10000.00000000,0.00000000,0.00000000
2015-04-02,10000.00000000,0.00000000,0.00000000
2015-04-07,10000.00000000,0.00000000,0.00000000
2015-04-08,10000.00000000,0.00000000,0.00000000
2015-04-09,10000.00000000,0.00000000,0.00000000
2015-04-10,10000.00000000,0.00000000,0.00000000
2015-04-13,10000.00000000,0.00000000,0.00000000
2015-04-14,10000.00000000,0.00000000,0.00000000
2015-04-15,10000.00000000,0.00000000,0.00000000
2015-04-16,10000.00000000,0.00000000,0.00000000
2015-04-17,10000.00000000,0.00000000,0.00000000
2015-04-20,10000.00000000,0.00000000,0.00000000
2015-04-21,10000.00000000,0.00000000,0.00000000
2015-04-22,10000.00000000,0.00000000,0.00000000
2015-04-23,10000.00000000,0.00000000,0.00000000
2015-04-24,10000.00000000,0.00000000,0.00000000
2015-04-27,10000.00000000,0.00000000,0.00000000
2015-04-28,10000.00000000,0.00000000,0.00000000
2015-04-29,10000.00000000,0.00000000,0.00000000
2015-04-30,10000.00000000,0.00000000,0.00000000
2015-05-01,10000.00000000,0.00000000,0.00000000
2015-05-05,10000.00000000,0.00000000,0.00000000
2015-05-06,10000.00000000,0.00000000,0.00000000
2015-05-07,10000.00000000,0.00000000,0.00000000
2015-05-08,10000.00000000,0.00000000,0.00000000
2015-05-11,10000.00000000,0.00000000,0.00000000
2015-05-12,10000.00000000,0.00000000,0.00000000
2015-05-13,10000.00000000,0.00000000,0.00000000
2015-05-14,10000.00000000,0.00000000,0.00000000
2015-05-15,10000.00000000,0.00000000,0.00000000
2015-05-18,10000.00000000,0.00000000,0.00000000
2015-05-19,10000.00000000,0.00000000,0.00000000
2015-05-20,10000.00000000,0.00000000,0.00000000
2015-05-21,10000.00000000,0.00000000,0.00000000
2015-05-22,10000.00000000,0.00000000,0.00000000
2015-05-26,10000.00000000,0.00000000,0.00000000
2015-05-27,10000.00000000,0.00000000,0.00000000
2015-05-28,10000.00000000,0.00000000,0.00000000
2015-05-29,10000.00000000,0.00000000,0.00000000
2015-06-01,10000.00000000,0.00000000,0.00000000
2015-06-02,10000.00000000,0.00000000,0.00000000
2015-06-03,10000.00000000,0.00000000,0.00000000
2015-06-04,10000.00000000,0.00000000,0.00000000
2015-06-05,10000.00000000,0.00000000,0.00000000
2015-06-08,10000.00000000,0.00000000,0.00000000
2015-06-09,10000.00000000,0.00000000,0.00000000
2015-06-10,10000.00000000,0.00000000,0.00000000
2015-06-11,10000.00000000,0.00000000,0.00000000
2015-06-12,10000.00000000,0.00000000,0.00000000
2015-06-15,10000.00000000,0.00000000,0.00000000
2015-06-16,10000.00000000,0.00000000,0.00000000
2015-06-17,10000.00000000,0.00000000,0.00000000
2015-06-18,10000.00000000,0.00000000,0.00000000
2015-06-19,10000.00000000,0.00000000,0.00000000
2015-06-22,10000.00000000,0.00000000,0.00000000
2015-06-23,10000.00000000,0.00000000,0.00000000
2015-06-24,10000.00000000,0.00000000,0.00000000
2015-06-25,10000.00000000,0.00000000,0.00000000
2015-06-26,10000.00000000,0.00000000,0.00000000
2015-06-29,10000.00000000,0.00000000,0.00000000
2015-06-30,10000.00000000,0.00000000,0.00000000
2015-07-01,10000.00000000,0.00000000,0.00000000
2015-07-02,10000.00000000,0.00000000,0.00000000
2015-07-06,10000.00000000,0.00000000,0.00000000
2015-07-07,10000.00000000,0.00000000,0.00000000
2015-07-08,10000.00000000,0.00000000,0.00000000
2015-07-09,10000.00000000,0.00000000,0.00000000
2015-07-10,10000.00000000,0.00000000,0.00000000
2015-07-13,10000.00000000,0.00000000,0.00000000
2015-07-14,10000.00000000,0.00000000,0.00000000
2015-07-15,10000.00000000,0.00000000,0.00000000
2015-07-16,10000.00000000,0.00000000,0.00000000
2015-07-17,10000.00000000,0.00000000,0.00000000
2015-07-20,10000.00000000,0.00000000,0.00000000
2015-07-21,10000.00000000,0.00000000,0.00000000
2015-07-22,10000.00000000,0.00000000,0.00000000
2015-07-23,10000.00000000,0.00000000,0.00000000
2015-07-24,10000.00000000,0.00000000,0.00000000
2015-07-27,10000.00000000,0.00000000,0.00000000
2015-07-28,10000.00000000,0.00000000,0.00000000
2015-07-29,10000.00000000,0.00000000,0.00000000
2015-07-30,10000.00000000,0.00000000,0.00000000
2015-07-31,10000.00000000,0.00000000,0.00000000
2015-08-03,10000.00000000,0.00000000,0.00000000
2015-08-04,10000.00000000,0.00000000,0.00000000
2015-08-05,10000.00000000,0.00000000,0.00000000
2015-08-06,10000.00000000,0.00000000,0.00000000
2015-08-07,10000.00000000,0.00000000,0.00000000
2015-08-10,10000.00000000,0.00000000,0.00000000
2015-08-11,10000.00000000,0.00000000,0.00000000
2015-08-12,10000.00000000,0.00000000,0.00000000
2015-08-13,10000.00000000,0.00000000,0.00000000
2015-08-14,10000.00000000,0.00000000,0.00000000
2015-08-17,10000.00000000,0.00000000,0.00000000
2015-08-18,10000.00000000,0.00000000,0.00000000
2015-08-19,10000.00000000,0.00000000,0.00000000
2015-08-20,10000.00000000,0.00000000,0.00000000
2015-08-21,10000.00000000,0.00000000,0.00000000
2015-08-24,10000.00000000,0.00000000,0.00000000
2015-08-25,10000.00000000,0.00000000,0.00000000
2015-08-26,10000.00000000,0.00000000,0.00000000
2015-08-27,10000.00000000,0.00000000,0.00000000
2015-08-28,10000.00000000,0.00000000,0.00000000
2015-09-01,10000.00000000,0.00000000,0.00000000
2015-09-02,10000.00000000,0.00000000,0.00000000
2015-09-03,10000.00000000,0.00000000,0.00000000
2015-09-04,10000.00000000,0.00000000,0.00000000
2015-09-08,10000.00000000,0.00000000,0.00000000
2015-09-09,10000.00000000,0.00000000,0.00000000
2015-09-10,10000.00000000,0.00000000,0.00000000
2015-09-11,10000.00000000,0.00000000,0.00000000
2015-09-14,10000.00000000,0.00000000,0.00000000
2015-09-15,10000.00000000,0.00000000,0.00000000
2015-09-16,10000.00000000,0.00000000,0.00000000
2015-09-17,10000.00000000,0.00000000,0.00000000
2015-09-18,10000.00000000,0.00000000,0.00000000
2015-09-21,10000.00000000,0.00000000,0.00000000
2015-09-22,10000.00000000,0.00000000,0.00000000
2015-09-23,10000.00000000,0.00000000,0.00000000
2015-09-24,10000.00000000,0.00000000,0.00000000
2015-09-25,10000.00000000,0.00000000,0.00000000
2015-09-28,10000.00000000,0.00000000,0.00000000
2015-09-29,10000.00000000,0.00000000,0.00000000
2015-09-30,10000.00000000,0.00000000,0.00000000
2015-10-01,10000.00000000,0.00000000,0.00000000
2015-10-02,10000.00000000,0.00000000,0.00000000
2015-10-05,10000.00000000,0.00000000,0.00000000
2015-10-06,10000.00000000,0.00000000,0.00000000
2015-10-07,10000.00000000,0.00000000,0.00000000
2015-10-08,10000.00000000,0.00000000,0.00000000
2015-10-09,10000.00000000,0.00000000,0.00000000
2015-10-12,10000.00000000,0.00000000,0.00000000
2015-10-13,10000.00000000,0.00000000,0.00000000
2015-10-14,10000.00000000,0.00000000,0.00000000
2015-10-15,10000.00000000,0.00000000,0.00000000
2015-10-16,10000.00000000,0.00000000,0.00000000
2015-10-19,10000.00000000,0.00000000,0.00000000
2015-10-20,10000.00000000,0.00000000,0.00000000
2015-10-21,10000.00000000,0.00000000,0.00000000
2015-10-22,10000.00000000,0.00000000,0.00000000
2015-10-23,10000.00000000,0.00000000,0.00000000
2015-10-26,10000.00000000,0.00000000,0.00000000
2015-10-27,10000.00000000,0.00000000,0.00000000
2015-10-28,10000.00000000,0.00000000,0.00000000
2015-10-29,10000.00000000,0.00000000,0.00000000
2015-10-30,10000.00000000,0.00000000,0.00000000
2015-11-02,10000.00000000,0.00000000,0.00000000
2015-11-03,10000.00000000,0.00000000,0.00000000
2015-11-04,10000.00000000,0.00000000,0.00000000
2015-11-05,10000.00000000,0.00000000,0.00000000
2015-11-06,10000.00000000,0.00000000,0.00000000
2015-11-09,10000.00000000,0.00000000,0.00000000
2015-11-10,10000.00000000,0.00000000,0.00000000
2015-11-11,10000.00000000,0.00000000,0.00000000
2015-11-12,10000.00000000,0.00000000,0.00000000
2015-11-13,10000.00000000,0.00000000,0.00000000
2015-11-16,10000.00000000,0.00000000,0.00000000
2015-11-17,10000.00000000,0.00000000,0.00000000
2015-11-18,10000.00000000,0.00000000,0.00000000
2015-11-19,10000.00000000,0.00000000,0.00000000
2015-11-20,10000.00000000,0.00000000,0.00000000
2015-11-23,10000.00000000,0.00000000,0.00000000
2015-11-24,10000.00000000,0.00000000,0.00000000
2015-11-25,10000.00000000,0.00000000,0.00000000
2015-11-27,10000.00000000,0.00000000,0.00000000
2015-11-30,10000.00000000,0.00000000,0.00000000
2015-12-01,10000.00000000,0.00000000,0.00000000
2015-12-02,10000.00000000,0.00000000,0.00000000
2015-12-03,10000.00000000,0.00000000,0.00000000
2015-12-04,10000.00000000,0.00000000,0.00000000
2015-12-07,10000.00000000,0.00000000,0.00000000
2015-12-08,10000.00000000,0.00000000,0.00000000
2015-12-09,10000.00000000,0.00000000,0.00000000
2015-12-10,10000.00000000,0.00000000,0.00000000
2015-12-11,10000.00000000,0.00000000,0.00000000
2015-12-14,10000.00000000,0.00000000,0.00000000
2015-12-15,10000.00000000,0.00000000,0.00000000
2015-12-16,10000.00000000,0.00000000,0.00000000
2015-12-17,10000.00000000,0.00000000,0.00000000
2015-12-18,10000.00000000,0.00000000,0.00000000
2015-12-21,10000.00000000,0.00000000,0.00000000
2015-12-22,10000.00000000,0.00000000,0.00000000
2015-12-23,10000.00000000,0.00000000,0.00000000
2015-12-24,10000.00000000,0.00000000,0.00000000
2015-12-29,10000.00000000,0.00000000,0.00000000
2015-12-30,10000.00000000,0.00000000,0.00000000
2015-12-31,10000.00000000,0.00000000,0.00000000
2016-01-04,10000.00000000,0.00000000,0.00000000
2016-01-05,10000.00000000,0.00000000,0.00000000
2016-01-06,10000.00000000,0.00000000,0.00000000
2016-01-07,10000.00000000,0.00000000,0.00000000
2016-01-08,10000.00000000,0.00000000,0.00000000
2016-01-11,10000.00000000,0.00000000,0.00000000
2016-01-12,10000.00000000,0.00000000,0.00000000
2016-01-13,10000.00000000,0.00000000,0.00000000
2016-01-14,10000.00000000,0.00000000,0.00000000
2016-01-15,10000.00000000,0.00000000,0.00000000
2016-01-19,10000.00000000,0.00000000,0.00000000
2016-01-20,10000.00000000,0.00000000,0.00000000
2016-01-21,10000.00000000,0.00000000,0.00000000
2016-01-22,10000.00000000,0.00000000,0.00000000
2016-01-25,10000.00000000,0.00000000,0.00000000
2016-01-26,10000.00000000,0.00000000,0.00000000
2016-01-27,10000.00000000,0.00000000,0.00000000
2016-01-28,10000.00000000,0.00000000,0.00000000
2016-01-29,10000.00000000,0.00000000,0.00000000
2016-02-01,10000.00000000,0.00000000,0.00000000
2016-02-02,10000.00000000,0.00000000,0.00000000
2016-02-03,10000.00000000,0.00000000,0.00000000
2016-02-04,10000.00000000,0.00000000,0.00000000
2016-02-05,10000.00000000,0.00000000,0.00000000
2016-02-08,10000.00000000,0.00000000,0.00000000
2016-02-09,10000.00000000,0.00000000,0.00000000
2016-02-10,10000.00000000,0.00000000,0.00000000
2016-02-11,10000.00000000,0.00000000,0.00000000
2016-02-12,10000.00000000,0.00000000,0.00000000
2016-02-16,10000.00000000,0.00000000,0.00000000
2016-02-17,10000.00000000,0.00000000,0.00000000
2016-02-18,10000.00000000,0.00000000,0.00000000
2016-02-19,10000.00000000,0.00000000,0.00000000
2016-02-22,10000.00000000,0.00000000,0.00000000
2016-02-23,10000.00000000,0.00000000,0.00000000
2016-02-24,10000.00000000,0.00000000,0.00000000
2016-02-25,10000.00000000,0.00000000,0.00000000
2016-02-26,10000.00000000,0.00000000,0.00000000
2016-02-29,10000.00000000,0.00000000,0.00000000
2016-03-01,10000.00000000,0.00000000,0.00000000
2016-03-02,10000.00000000,0.00000000,0.00000000
2016-03-03,10000.00000000,0.00000000,0.00000000
2016-03-04,10000.00000000,0.00000000,0.00000000
2016-03-07,10000.00000000,0.00000000,0.00000000
2016-03-08,10000.00000000,0.00000000,0.00000000
2016-03-09,10000.00000000,0.00000000,0.00000000
2016-03-10,10000.00000000,0.00000000,0.00000000
2016-03-11,10000.00000000,0.00000000,0.00000000
2016-03-14,10000.00000000,0.00000000,0.00000000
2016-03-15,10000.00000000,0.00000000,0.00000000
2016-03-16,10000.00000000,0.00000000,0.00000000
2016-03-17,10000.00000000,0.00000000,0.00000000
2016-03-18,10000.00000000,0.00000000,0.00000000
2016-03-21,10000.00000000,0.00000000,0.00000000
2016-03-22,10000.00000000,0.00000000,0.00000000
2016-03-23,10000.00000000,0.00000000,0.00000000
2016-03-24,10000.00000000,0.00000000,0.00000000
2016-03-29,10000.00000000,0.00000000,0.00000000
2016-03-30,10000.00000000,0.00000000,0.00000000
2016-03-31,10000.00000000,0.00000000,0.00000000
2016-04-01,10000.00000000,0.00000000,0.00000000
2016-04-04,10000.00000000,0.00000000,0.00000000
2016-04-05,10000.00000000,0.00000000,0.00000000
2016-04-06,10000.00000000,0.00000000,0.00000000
2016-04-07,10000.00000000,0.00000000,0.00000000
2016-04-08,10000.00000000,0.00000000,0.00000000
2016-04-11,10000.00000000,0.00000000,0.00000000
2016-04-12,10000.00000000,0.00000000,0.00000000
2016-04-13,10000.00000000,0.00000000,0.00000000
2016-04-14,10000.00000000,0.00000000,0.00000000
2016-04-15,10000.00000000,0.00000000,0.00000000
2016-04-18,10000.00000000,0.00000000,0.00000000
2016-04-19,10000.00000000,0.00000000,0.00000000
2016-04-20,10000.00000000,0.00000000,0.00000000
2016-04-21,10000.00000000,0.00000000,0.00000000
2016-04-22,10000.00000000,0.00000000,0.00000000
2016-04-25,10000.00000000,0.00000000,0.00000000
2016-04-26,10000.00000000,0.00000000,0.00000000
2016-04-27,10000.00000000,0.00000000,0.00000000
2016-04-28,10000.00000000,0.00000000,0.00000000
2016-04-29,10000.00000000,0.00000000,0.00000000
2016-05-03,10000.00000000,0.00000000,0.00000000
2016-05-04,10000.00000000,0.00000000,0.00000000
2016-05-05,10000.00000000,0.00000000,0.00000000
2016-05-06,10000.00000000,0.00000000,0.00000000
2016-05-09,10000.00000000,0.00000000,0.00000000
2016-05-10,10000.00000000,0.00000000,0.00000000
2016-05-11,10000.00000000,0.00000000,0.00000000
2016-05-12,10000.00000000,0.00000000,0.00000000
2016-05-13,10000.00000000,0.00000000,0.00000000
2016-05-16,10000.00000000,0.00000000,0.00000000
2016-05-17,10000.00000000,0.00000000,0.00000000
2016-05-18,10000.00000000,0.00000000,0.00000000
2016-05-19,10000.00000000,0.00000000,0.00000000
2016-05-20,10000.00000000,0.00000000,0.00000000
2016-05-23,10000.00000000,0.00000000,0.00000000
2016-05-24,10000.00000000,0.00000000,0.00000000
2016-05-25,10000.00000000,0.00000000,0.00000000
2016-05-26,10000.00000000,0.00000000,0.00000000
2016-05-27,10000.00000000,0.00000000,0.00000000
2016-05-31,10000.00000000,0.00000000,0.00000000
2016-06-01,10000.00000000,0.00000000,0.00000000
2016-06-02,10000.00000000,0.00000000,0.00000000
2016-06-03,10000.00000000,0.00000000,0.00000000
2016-06-06,10000.00000000,0.00000000,0.00000000
2016-06-07,10000.00000000,0.00000000,0.00000000
2016-06-08,10000.00000000,0.00000000,0.00000000
2016-06-09,10000.00000000,0.00000000,0.00000000
2016-06-10,10000.00000000,0.00000000,0.00000000
2016-06-13,10000.00000000,0.00000000,0.00000000
2016-06-14,10000.00000000,0.00000000,0.00000000
2016-06-15,10000.00000000,0.00000000,0.00000000
2016-06-16,10000.00000000,0.00000000,0.00000000
2016-06-17,10000.00000000,0.00000000,0.00000000
2016-06-20,10000.00000000,0.00000000,0.00000000
2016-06-21,10000.00000000,0.00000000,0.00000000
2016-06-22,10000.00000000,0.00000000,0.00000000
2016-06-23,10000.00000000,0.00000000,0.00000000
2016-06-24,10000.00000000,0.00000000,0.00000000
2016-06-27,10000.00000000,0.00000000,0.00000000
2016-06-28,10000.00000000,0.00000000,0.00000000
2016-06-29,10000.00000000,0.00000000,0.00000000
2016-06-30,10000.00000000,0.00000000,0.00000000
2016-07-01,10000.00000000,0.00000000,0.00000000
2016-07-05,10000.00000000,0.00000000,0.00000000
2016-07-06,10000.00000000,0.00000000,0.00000000
2016-07-07,10000.00000000,0.00000000,0.00000000
2016-07-08,10000.00000000,0.00000000,0.00000000
2016-07-11,10000.00000000,0.00000000,0.00000000
2016-07-12,10000.00000000,0.00000000,0.00000000
2016-07-13,10000.00000000,0.00000000,0.00000000
2016-07-14,10000.00000000,0.00000000,0.00000000
2016-07-15,10000.00000000,0.00000000,0.00000000
2016-07-18,10000.00000000,0.00000000,0.00000000
2016-07-19,10000.00000000,0.00000000,0.00000000
2016-07-20,10000.00000000,0.00000000,0.00000000
2016-07-21,10000.00000000,0.00000000,0.00000000
2016-07-22,10000.00000000,0.00000000,0.00000000
2016-07-25,10000.00000000,0.00000000,0.00000000
2016-07-26,10000.00000000,0.00000000,0.00000000
2016-07-27,10000.00000000,0.00000000,0.00000000
2016-07-28,10000.00000000,0.00000000,0.00000000
2016-07-29,10000.00000000,0.00000000,0.00000000
2016-08-01,10000.00000000,0.00000000,0.00000000
2016-08-02,10000.00000000,0.00000000,0.00000000
2016-08-03,10000.00000000,0.00000000,0.00000000
2016-08-04,10000.00000000,0.00000000,0.00000000
2016-08-05,10000.00000000,0.00000000,0.00000000
2016-08-08,10000.00000000,0.00000000,0.00000000
2016-08-09,10000.00000000,0.00000000,0.00000000
2016-08-10,10000.00000000,0.00000000,0.00000000
2016-08-11,10000.00000000,0.00000000,0.00000000
2016-08-12,10000.00000000,0.00000000,0.00000000
2016-08-15,10000.00000000,0.00000000,0.00000000
2016-08-16,10000.00000000,0.00000000,0.00000000
2016-08-17,10000.00000000,0.00000000,0.00000000
2016-08-18,10000.00000000,0.00000000,0.00000000
2016-08-19,10000.00000000,0.00000000,0.00000000
2016-08-22,10000.00000000,0.00000000,0.00000000
2016-08-23,10000.00000000,0.00000000,0.00000000
2016-08-24,10000.00000000,0.00000000,0.00000000
2016-08-25,10000.00000000,0.00000000,0.00000000
2016-08-26,10000.00000000,0.00000000,0.00000000
2016-08-30,10000.00000000,0.00000000,0.00000000
2016-08-31,10000.00000000,0.00000000,0.00000000
2016-09-01,10000.00000000,0.00000000,0.00000000
2016-09-02,10000.00000000,0.00000000,0.00000000
2016-09-06,10000.00000000,0.00000000,0.00000000
2016-09-07,10000.00000000,0.00000000,0.00000000
2016-09-08,10000.00000000,0.00000000,0.00000000
2016-09-09,10000.00000000,0.00000000,0.00000000
2016-09-12,10000.00000000,0.00000000,0.00000000
2016-09-13,10000.00000000,0.00000000,0.00000000
2016-09-14,10000.00000000,0.00000000,0.00000000
2016-09-15,10000.00000000,0.00000000,0.00000000
2016-09-16,10000.00000000,0.00000000,0.00000000
2016-09-19,10000.00000000,0.00000000,0.00000000
2016-09-20,10000.00000000,0.00000000,0.00000000
2016-09-21,10000.00000000,0.00000000,0.00000000
2016-09-22,10000.00000000,0.00000000,0.00000000
2016-09-23,10000.00000000,0.00000000,0.00000000
2016-09-26,10000.00000000,0.00000000,0.00000000
2016-09-27,10000.00000000,0.00000000,0.00000000
2016-09-28,10000.00000000,0.00000000,0.00000000
2016-09-29,10000.00000000,0.00000000,0.00000000
2016-09-30,10000.00000000,0.00000000,0.00000000
2016-10-03,10000.00000000,0.00000000,0.00000000
2016-10-04,10000.00000000,0.00000000,0.00000000
2016-10-05,10000.00000000,0.00000000,0.00000000
2016-10-06,10000.00000000,0.00000000,0.00000000
2016-10-07,10000.00000000,0.00000000,0.00000000
2016-10-10,10000.00000000,0.00000000,0.00000000
2016-10-11,10000.00000000,0.00000000,0.00000000
2016-10-12,10000.00000000,0.00000000,0.00000000
2016-10-13,10000.00000000,0.00000000,0.00000000
2016-10-14,10000.00000000,0.00000000,0.00000000
2016-10-17,10000.00000000,0.00000000,0.00000000
2016-10-18,10000.00000000,0.00000000,0.00000000
2016-10-19,10000.00000000,0.00000000,0.00000000
2016-10-20,10000.00000000,0.00000000,0.00000000
2016-10-21,10000.00000000,0.00000000,0.00000000
2016-10-24,10000.00000000,0.00000000,0.00000000
2016-10-25,10000.00000000,0.00000000,0.00000000
2016-10-26,10000.00000000,0.00000000,0.00000000
2016-10-27,10000.00000000,0.00000000,0.00000000
2016-10-28,10000.00000000,0.00000000,0.00000000
2016-10-31,10000.00000000,0.00000000,0.00000000
2016-11-01,10000.00000000,0.00000000,0.00000000
2016-11-02,10000.00000000,0.00000000,0.00000000
2016-11-03,10000.00000000,0.00000000,0.00000000
2016-11-04,10000.00000000,0.00000000,0.00000000
2016-11-07,10000.00000000,0.00000000,0.00000000
2016-11-08,10000.00000000,0.00000000,0.00000000
2016-11-09,10000.00000000,0.00000000,0.00000000
2016-11-10,10000.00000000,0.00000000,0.00000000
2016-11-11,10000.00000000,0.00000000,0.00000000
2016-11-14,10000.00000000,0.00000000,0.00000000
2016-11-15,10000.00000000,0.00000000,0.00000000
2016-11-16,10000.00000000,0.00000000,0.00000000
2016-11-17,10000.00000000,0.00000000,0.00000000
2016-11-18,10000.00000000,0.00000000,0.00000000
2016-11-21,10000.00000000,0.00000000,0.00000000
2016-11-22,10000.00000000,0.00000000,0.00000000
2016-11-23,10000.00000000,0.00000000,0.00000000
2016-11-25,10000.00000000,0.00000000,0.00000000
2016-11-28,10000.00000000,0.00000000,0.00000000
2016-11-29,10000.00000000,0.00000000,0.00000000
2016-11-30,10000.00000000,0.00000000,0.00000000
2016-12-01,10000.00000000,0.00000000,0.00000000
2016-12-02,10000.00000000,0.00000000,0.00000000
2016-12-05,10000.00000000,0.00000000,0.00000000
2016-12-06,10000.00000000,0.00000000,0.00000000
2016-12-07,10000.00000000,0.00000000,0.00000000
2016-12-08,10000.00000000,0.00000000,0.00000000
2016-12-09,10000.00000000,0.00000000,0.00000000
2016-12-12,10000.00000000,0.00000000,0.00000000
2016-12-13,10000.00000000,0.00000000,0.00000000
2016-12-14,10000.00000000,0.00000000,0.00000000
2016-12-15,10000.00000000,0.00000000,0.00000000
2016-12-16,10000.00000000,0.00000000,0.00000000
2016-12-19,10000.00000000,0.00000000,0.00000000
2016-12-20,10000.00000000,0.00000000,0.00000000
2016-12-21,10000.00000000,0.00000000,0.00000000
2016-12-22,10000.00000000,0.00000000,0.00000000
2016-12-23,10000.00000000,0.00000000,0.00000000
2016-12-28,10000.00000000,0.00000000,0.00000000
2016-12-29,10000.00000000,0.00000000,0.00000000
2016-12-30,10000.00000000,0.00000000,0.00000000
2017-01-03,10000.00000000,0.00000000,0.00000000
2017-01-04,10000.00000000,0.00000000,0.00000000
2017-01-05,10000.00000000,0.00000000,0.00000000
2017-01-06,10000.00000000,0.00000000,0.00000000
2017-01-09,10000.00000000,0.00000000,0.00000000
2017-01-10,10000.00000000,0.00000000,0.00000000
2017-01-11,10000.00000000,0.00000000,0.00000000
2017-01-12,10000.00000000,0.00000000,0.00000000
2017-01-13,10000.00000000,0.00000000,0.00000000
2017-01-17,10000.00000000,0.00000000,0.00000000
2017-01-18,10000.00000000,0.00000000,0.00000000
2017-01-19,10000.00000000,0.00000000,0.00000000
2017-01-20,10000.00000000,0.00000000,0.00000000
2017-01-23,10000.00000000,0.00000000,0.00000000
2017-01-24,10000.00000000,0.00000000,0.00000000
2017-01-25,10000.00000000,0.00000000,0.00000000
2017-01-26,10000.00000000,0.00000000,0.00000000
2017-01-27,10000.00000000,0.00000000,0.00000000
2017-01-30,10000.00000000,0.00000000,0.00000000
2017-01-31,10000.00000000,0.00000000,0.00000000
2017-02-01,10000.00000000,0.00000000,0.00000000
2017-02-02,10000.00000000,0.00000000,0.00000000
2017-02-03,10000.00000000,0.00000000,0.00000000
2017-02-06,10000.00000000,0.00000000,0.00000000
2017-02-07,10000.00000000,0.00000000,0.00000000
2017-02-08,10000.00000000,0.00000000,0.00000000
2017-02-09,10000.00000000,0.00000000,0.00000000
2017-02-10,10000.00000000,0.00000000,0.00000000
2017-02-13,10000.00000000,0.00000000,0.00000000
2017-02-14,10000.00000000,0.00000000,0.00000000
2017-02-15,10000.00000000,0.00000000,0.00000000
2017-02-16,10000.00000000,0.00000000,0.00000000
2017-02-17,10000.00000000,0.00000000,0.00000000
2017-02-21,10000.00000000,0.00000000,0.00000000
2017-02-22,10000.00000000,0.00000000,0.00000000
2017-02-23,10000.00000000,0.00000000,0.00000000
2017-02-24,10000.00000000,0.00000000,0.00000000
2017-02-27,10000.00000000,0.00000000,0.00000000
2017-02-28,10000.00000000,0.00000000,0.00000000
2017-03-01,10000.00000000,0.00000000,0.00000000
2017-03-02,10000.00000000,0.00000000,0.00000000
2017-03-03,10000.00000000,0.00000000,0.00000000
2017-03-06,10000.00000000,0.00000000,0.00000000
2017-03-07,10000.00000000,0.00000000,0.00000000
2017-03-08,10000.00000000,0.00000000,0.00000000
2017-03-09,10000.00000000,0.00000000,0.00000000
2017-03-10,10000.00000000,0.00000000,0.00000000
2017-03-13,10000.00000000,0.00000000,0.00000000
2017-03-14,10000.00000000,0.00000000,0.00000000
2017-03-15,10000.00000000,0.00000000,0.00000000
2017-03-16,10000.00000000,0.00000000,0.00000000
2017-03-17,10000.00000000,0.00000000,0.00000000
2017-03-20,10000.00000000,0.00000000,0.00000000
2017-03-21,10000.00000000,0.00000000,0.00000000
2017-03-22,10000.00000000,0.00000000,0.00000000
2017-03-23,10000.00000000,0.00000000,0.00000000
2017-03-24,10000.00000000,0.00000000,0.00000000
2017-03-27,10000.00000000,0.00000000,0.00000000
2017-03-28,10000.00000000,0.00000000,0.00000000
2017-03-29,10000.00000000,0.00000000,0.00000000
2017-03-30,10000.00000000,0.00000000,0.00000000
2017-03-31,10000.00000000,0.00000000,0.00000000
2017-04-03,10000.00000000,0.00000000,0.00000000
2017-04-04,10000.00000000,0.00000000,0.00000000
2017-04-05,10000.00000000,0.00000000,0.00000000
2017-04-06,10000.00000000,0.00000000,0.00000000
2017-04-07,10000.00000000,0.00000000,0.00000000
2017-04-10,10000.00000000,0.00000000,0.00000000
2017-04-11,10000.00000000,0.00000000,0.00000000
2017-04-12,10000.00000000,0.00000000,0.00000000
2017-04-13,10000.00000000,0.00000000,0.00000000
2017-04-18,10000.00000000,0.00000000,0.00000000
2017-04-19,10000.00000000,0.00000000,0.00000000
2017-04-20,10000.00000000,0.00000000,0.00000000
2017-04-21,10000.00000000,0.00000000,0.00000000
2017-04-24,10000.00000000,0.00000000,0.00000000
2017-04-25,10000.00000000,0.00000000,0.00000000
2017-04-26,10000.00000000,0.00000000,0.00000000
2017-04-27,10000.00000000,0.00000000,0.00000000
2017-04-28,10000.00000000,0.00000000,0.00000000
2017-05-02,10000.00000000,0.00000000,0.00000000
2017-05-03,10000.00000000,0.00000000,0.00000000
2017-05-04,10000.00000000,0.00000000,0.00000000
2017-05-05,10000.00000000,0.00000000,0.00000000
2017-05-08,10000.00000000,0.00000000,0.00000000
2017-05-09,10000.00000000,0.00000000,0.00000000
2017-05-10,10000.00000000,0.00000000,0.00000000
2017-05-11,10000.00000000,0.00000000,0.00000000
2017-05-12,10000.00000000,0.00000000,0.00000000
2017-05-15,10000.00000000,0.00000000,0.00000000
2017-05-16,10000.00000000,0.00000000,0.00000000
2017-05-17,10000.00000000,0.00000000,0.00000000
2017-05-18,10000.00000000,0.00000000,0.00000000
2017-05-19,10000.00000000,0.00000000,0.00000000
2017-05-22,10000.00000000,0.00000000,0.00000000
2017-05-23,10000.00000000,0.00000000,0.00000000
2017-05-24,10000.00000000,0.00000000,0.00000000
2017-05-25,10000.00000000,0.00000000,0.00000000
2017-05-26,10000.00000000,0.00000000,0.00000000
2017-05-30,10000.00000000,0.00000000,0.00000000
2017-05-31,10000.00000000,0.00000000,0.00000000
2017-06-01,10000.00000000,0.00000000,0.00000000
2017-06-02,10000.00000000,0.00000000,0.00000000
2017-06-05,10000.00000000,0.00000000,0.00000000
2017-06-06,10000.00000000,0.00000000,0.00000000
2017-06-07,10000.00000000,0.00000000,0.00000000
2017-06-08,10000.00000000,0.00000000,0.00000000
2017-06-09,10000.00000000,0.00000000,0.00000000
2017-06-12,10000.00000000,0.00000000,0.00000000
2017-06-13,10000.00000000,0.00000000,0.00000000
2017-06-14,10000.00000000,0.00000000,0.00000000
2017-06-15,10000.00000000,0.00000000,0.00000000
2017-06-16,10000.00000000,0.00000000,0.00000000
2017-06-19,10000.00000000,0.00000000,0.00000000
2017-06-20,10000.00000000,0.00000000,0.00000000
2017-06-21,10000.00000000,0.00000000,0.00000000
2017-06-22,10000.00000000,0.00000000,0.00000000
2017-06-23,10000.00000000,0.00000000,0.00000000
2017-06-26,10000.00000000,0.00000000,0.00000000
2017-06-27,10000.00000000,0.00000000,0.00000000
2017-06-28,10000.00000000,0.00000000,0.00000000
2017-06-29,10000.00000000,0.00000000,0.00000000
2017-06-30,10000.00000000,0.00000000,0.00000000
2017-07-03,10000.00000000,0.00000000,0.00000000
2017-07-05,10000.00000000,0.00000000,0.00000000
2017-07-06,10000.00000000,0.00000000,0.00000000
2017-07-07,10000.00000000,0.00000000,0.00000000
2017-07-10,10000.00000000,0.00000000,0.00000000
2017-07-11,10000.00000000,0.00000000,0.00000000
2017-07-12,10000.00000000,0.00000000,0.00000000
2017-07-13,10000.00000000,0.00000000,0.00000000
2017-07-14,10000.00000000,0.00000000,0.00000000
2017-07-17,10000.00000000,0.00000000,0.00000000
2017-07-18,10000.00000000,0.00000000,0.00000000
2017-07-19,10000.00000000,0.00000000,0.00000000
2017-07-20,10000.00000000,0.00000000,0.00000000
2017-07-21,10000.00000000,0.00000000,0.00000000
2017-07-24,10000.00000000,0.00000000,0.00000000
2017-07-25,10000.00000000,0.00000000,0.00000000
2017-07-26,10000.00000000,0.00000000,0.00000000
2017-07-27,10000.00000000,0.00000000,0.00000000
2017-07-28,10000.00000000,0.00000000,0.00000000
2017-07-31,10000.00000000,0.00000000,0.00000000
2017-08-01,10000.00000000,0.00000000,0.00000000
2017-08-02,10000.00000000,0.00000000,0.00000000
2017-08-03,10000.00000000,0.00000000,0.00000000
2017-08-04,10000.00000000,0.00000000,0.00000000
2017-08-07,10000.00000000,0.00000000,0.00000000
2017-08-08,10000.00000000,0.00000000,0.00000000
2017-08-09,10000.00000000,0.00000000,0.00000000
2017-08-10,10000.00000000,0.00000000,0.00000000
2017-08-11,10000.00000000,0.00000000,0.00000000
2017-08-14,10000.00000000,0.00000000,0.00000000
2017-08-15,10000.00000000,0.00000000,0.00000000
2017-08-16,10000.00000000,0.00000000,0.00000000
2017-08-17,10000.00000000,0.00000000,0.00000000
2017-08-18,10000.00000000,0.00000000,0.00000000
2017-08-21,10000.00000000,0.00000000,0.00000000
2017-08-22,10000.00000000,0.00000000,0.00000000
2017-08-23,10000.00000000,0.00000000,0.00000000
2017-08-24,10000.00000000,0.00000000,0.00000000
2017-08-25,10000.00000000,0.00000000,0.00000000
2017-08-29,10000.00000000,0.00000000,0.00000000
2017-08-30,10000.00000000,0.00000000,0.00000000
2017-08-31,10000.00000000,0.00000000,0.00000000
2017-09-01,10000.00000000,0.00000000,0.00000000
2017-09-05,10000.00000000,0.00000000,0.00000000
2017-09-06,10000.00000000,0.00000000,0.00000000
2017-09-07,10000.00000000,0.00000000,0.00000000
2017-09-08,10000.00000000,0.00000000,0.00000000
2017-09-11,10000.00000000,0.00000000,0.00000000
2017-09-12,10000.00000000,0.00000000,0.00000000
2017-09-13,10000.00000000,0.00000000,0.00000000
2017-09-14,10000.00000000,0.00000000,0.00000000
2017-09-15,10000.00000000,0.00000000,0.00000000
2017-09-18,10000.00000000,0.00000000,0.00000000
2017-09-19,10000.00000000,0.00000000,0.00000000
2017-09-20,10000.00000000,0.00000000,0.00000000
2017-09-21,10000.00000000,0.00000000,0.00000000
2017-09-22,10000.00000000,0.00000000,0.00000000
2017-09-25,10000.00000000,0.00000000,0.00000000
2017-09-26,10000.00000000,0.00000000,0.00000000
2017-09-27,10000.00000000,0.00000000,0.00000000
2017-09-28,10000.00000000,0.00000000,0.00000000
2017-09-29,10000.00000000,0.00000000,0.00000000
2017-10-02,10000.00000000,0.00000000,0.00000000
2017-10-03,10000.00000000,0.00000000,0.00000000
2017-10-04,10000.00000000,0.00000000,0.00000000
2017-10-05,10000.00000000,0.00000000,0.00000000
2017-10-06,10000.00000000,0.00000000,0.00000000
2017-10-09,10000.00000000,0.00000000,0.00000000
2017-10-10,10000.00000000,0.00000000,0.00000000
2017-10-11,10000.00000000,0.00000000,0.00000000
2017-10-12,10000.00000000,0.00000000,0.00000000
2017-10-13,10000.00000000,0.00000000,0.00000000
2017-10-16,10000.00000000,0.00000000,0.00000000
2017-10-17,10000.00000000,0.00000000,0.00000000
2017-10-18,10000.00000000,0.00000000,0.00000000
2017-10-19,10000.00000000,0.00000000,0.00000000
2017-10-20,10000.00000000,0.00000000,0.00000000
2017-10-23,10000.00000000,0.00000000,0.00000000
2017-10-24,10000.00000000,0.00000000,0.00000000
2017-10-25,10000.00000000,0.00000000,0.00000000
2017-10-26,10000.00000000,0.00000000,0.00000000
2017-10-27,10000.00000000,0.00000000,0.00000000
2017-10-30,10000.00000000,0.00000000,0.00000000
2017-10-31,10000.00000000,0.00000000,0.00000000
2017-11-01,10000.00000000,0.00000000,0.00000000
2017-11-02,10000.00000000,0.00000000,0.00000000
2017-11-03,10000.00000000,0.00000000,0.00000000
2017-11-06,10000.00000000,0.00000000,0.00000000
2017-11-07,10000.00000000,0.00000000,0.00000000
2017-11-08,10000.00000000,0.00000000,0.00000000
2017-11-09,10000.00000000,0.00000000,0.00000000
2017-11-10,10000.00000000,0.00000000,0.00000000
2017-11-13,10000.00000000,0.00000000,0.00000000
2017-11-14,10000.00000000,0.00000000,0.00000000
2017-11-15,10000.00000000,0.00000000,0.00000000
2017-11-16,10000.00000000,0.00000000,0.00000000
2017-11-17,10000.00000000,0.00000000,0.00000000
2017-11-20,10000.00000000,0.00000000,0.00000000
2017-11-21,10000.00000000,0.00000000,0.00000000
2017-11-22,10000.00000000,0.00000000,0.00000000
2017-11-24,10000.00000000,0.00000000,0.00000000
2017-11-27,10000.00000000,0.00000000,0.00000000
2017-11-28,10000.00000000,0.00000000,0.00000000
2017-11-29,10000.00000000,0.00000000,0.00000000
2017-11-30,10000.00000000,0.00000000,0.00000000
2017-12-01,10000.00000000,0.00000000,0.00000000
2017-12-04,10000.00000000,0.00000000,0.00000000
2017-12-05,10000.00000000,0.00000000,0.00000000
2017-12-06,10000.00000000,0.00000000,0.00000000
2017-12-07,10000.00000000,0.00000000,0.00000000
2017-12-08,10000.00000000,0.00000000,0.00000000
2017-12-11,10000.00000000,0.00000000,0.00000000
2017-12-12,10000.00000000,0.00000000,0.00000000
2017-12-13,10000.00000000,0.00000000,0.00000000
2017-12-14,10000.00000000,0.00000000,0.00000000
2017-12-15,10000.00000000,0.00000000,0.00000000
2017-12-18,10000.00000000,0.00000000,0.00000000
2017-12-19,10000.00000000,0.00000000,0.00000000
2017-12-20,10000.00000000,0.00000000,0.00000000
2017-12-21,10000.00000000,0.00000000,0.00000000
2017-12-22,10000.00000000,0.00000000,0.00000000
2017-12-27,10000.00000000,0.00000000,0.00000000
2017-12-28,10000.00000000,0.00000000,0.00000000
2017-12-29,10000.00000000,0.00000000,0.00000000
2018-01-02,10000.00000000,0.00000000,0.00000000
2018-01-03,10000.00000000,0.00000000,0.00000000
2018-01-04,10000.00000000,0.00000000,0.00000000
2018-01-05,10000.00000000,0.00000000,0.00000000
2018-01-08,10000.00000000,0.00000000,0.00000000
2018-01-09,10000.00000000,0.00000000,0.00000000
2018-01-10,10000.00000000,0.00000000,0.00000000
2018-01-11,10000.00000000,0.00000000,0.00000000
2018-01-12,10000.00000000,0.00000000,0.00000000
2018-01-16,10000.00000000,0.00000000,0.00000000
2018-01-17,10000.00000000,0.00000000,0.00000000
2018-01-18,10000.00000000,0.00000000,0.00000000
2018-01-19,10000.00000000,0.00000000,0.00000000
2018-01-22,10000.00000000,0.00000000,0.00000000
2018-01-23,10000.00000000,0.00000000,0.00000000
2018-01-24,10000.00000000,0.00000000,0.00000000
2018-01-25,10000.00000000,0.00000000,0.00000000
2018-01-26,10000.00000000,0.00000000,0.00000000
2018-01-29,10000.00000000,0.00000000,0.00000000
2018-01-30,10000.00000000,0.00000000,0.00000000
2018-01-31,10000.00000000,0.00000000,0.00000000
2018-02-01,10000.00000000,0.00000000,0.00000000
2018-02-02,10000.00000000,0.00000000,0.00000000
2018-02-05,10000.00000000,0.00000000,0.00000000
2018-02-06,10000.00000000,0.00000000,0.00000000
2018-02-07,10000.00000000,0.00000000,0.00000000
2018-02-08,10000.00000000,0.00000000,0.00000000
2018-02-09,10000.00000000,0.00000000,0.00000000
2018-02-12,10000.00000000,0.00000000,0.00000000
2018-02-13,10000.00000000,0.00000000,0.00000000
2018-02-14,10000.00000000,0.00000000,0.00000000
2018-02-15,10000.00000000,0.00000000,0.00000000
2018-02-16,10000.00000000,0.00000000,0.00000000
2018-02-20,10000.00000000,0.00000000,0.00000000
2018-02-21,10000.00000000,0.00000000,0.00000000
2018-02-22,10000.00000000,0.00000000,0.00000000
2018-02-23,10000.00000000,0.00000000,0.00000000
2018-02-26,10000.00000000,0.00000000,0.00000000
2018-02-27,10000.00000000,0.00000000,0.00000000
2018-02-28,10000.00000000,0.00000000,0.00000000
2018-03-01,10000.00000000,0.00000000,0.00000000
2018-03-02,10000.00000000,0.00000000,0.00000000
2018-03-05,10000.00000000,0.00000000,0.00000000
2018-03-06,10000.00000000,0.00000000,0.00000000
2018-03-07,10000.00000000,0.00000000,0.00000000
2018-03-08,10000.00000000,0.00000000,0.00000000
2018-03-09,10000.00000000,0.00000000,0.00000000
2018-03-12,10000.00000000,0.00000000,0.00000000
2018-03-13,10000.00000000,0.00000000,0.00000000
2018-03-14,10000.00000000,0.00000000,0.00000000
2018-03-15,10000.00000000,0.00000000,0.00000000
2018-03-16,10000.00000000,0.00000000,0.00000000
2018-03-19,10000.00000000,0.00000000,0.00000000
2018-03-20,10000.00000000,0.00000000,0.00000000
2018-03-21,10000.00000000,0.00000000,0.00000000
2018-03-22,10000.00000000,0.00000000,0.00000000
2018-03-23,10000.00000000,0.00000000,0.00000000
2018-03-26,10000.00000000,0.00000000,0.00000000
2018-03-27,10000.00000000,0.00000000,0.00000000
2018-03-28,10000.00000000,0.00000000,0.00000000
2018-03-29,10000.00000000,0.00000000,0.00000000
2018-04-03,10000.00000000,0.00000000,0.00000000
2018-04-04,10000.00000000,0.00000000,0.00000000
2018-04-05,10000.00000000,0.00000000,0.00000000
2018-04-06,10000.00000000,0.00000000,0.00000000
2018-04-09,10000.00000000,0.00000000,0.00000000
2018-04-10,10000.00000000,0.00000000,0.00000000
2018-04-11,10000.00000000,0.00000000,0.00000000
2018-04-12,10000.00000000,0.00000000,0.00000000
2018-04-13,10000.00000000,0.00000000,0.00000000
2018-04-16,10000.00000000,0.00000000,0.00000000
2018-04-17,10000.00000000,0.00000000,0.00000000
2018-04-18,10000.00000000,0.00000000,0.00000000
2018-04-19,10000.00000000,0.00000000,0.00000000
2018-04-20,10000.00000000,0.00000000,0.00000000
2018-04-23,10000.00000000,0.00000000,0.00000000
2018-04-24,10000.00000000,0.00000000,0.00000000
2018-04-25,10000.00000000,0.00000000,0.00000000
2018-04-26,10000.00000000,0.00000000,0.00000000
2018-04-27,10000.00000000,0.00000000,0.00000000
2018-04-30,10000.00000000,0.00000000,0.00000000
2018-05-01,10000.00000000,0.00000000,0.00000000
2018-05-02,10000.00000000,0.00000000,0.00000000
2018-05-03,10000.00000000,0.00000000,0.00000000
2018-05-04,10000.00000000,0.00000000,0.00000000
2018-05-08,10000.00000000,0.00000000,0.00000000
2018-05-09,10000.00000000,0.00000000,0.00000000
2018-05-10,10000.00000000,0.00000000,0.00000000
2018-05-11,10000.00000000,0.00000000,0.00000000
2018-05-14,10000.00000000,0.00000000,0.00000000
2018-05-15,10000.00000000,0.00000000,0.00000000
2018-05-16,10000.00000000,0.00000000,0.00000000
2018-05-17,10000.00000000,0.00000000,0.00000000
2018-05-18,10000.00000000,0.00000000,0.00000000
2018-05-21,10000.00000000,0.00000000,0.00000000
2018-05-22,10000.00000000,0.00000000,0.00000000
2018-05-23,10000.00000000,0.00000000,0.00000000
2018-05-24,10000.00000000,0.00000000,0.00000000
2018-05-25,10000.00000000,0.00000000,0.00000000
2018-05-29,10000.00000000,0.00000000,0.00000000
2018-05-30,10000.00000000,0.00000000,0.00000000
2018-05-31,10000.00000000,0.00000000,0.00000000
2018-06-01,10000.00000000,0.00000000,0.00000000
2018-06-04,10000.00000000,0.00000000,0.00000000
2018-06-05,10000.00000000,0.00000000,0.00000000
2018-06-06,10000.00000000,0.00000000,0.00000000
2018-06-07,10000.00000000,0.00000000,0.00000000
2018-06-08,10000.00000000,0.00000000,0.00000000
2018-06-11,10000.00000000,0.00000000,0.00000000
2018-06-12,10000.00000000,0.00000000,0.00000000
2018-06-13,10000.00000000,0.00000000,0.00000000
2018-06-14,10000.00000000,0.00000000,0.00000000
2018-06-15,10000.00000000,0.00000000,0.00000000
2018-06-18,10000.00000000,0.00000000,0.00000000
2018-06-19,10000.00000000,0.00000000,0.00000000
2018-06-20,10000.00000000,0.00000000,0.00000000
2018-06-21,10000.00000000,0.00000000,0.00000000
2018-06-22,10000.00000000,0.00000000,0.00000000
2018-06-25,10000.00000000,0.00000000,0.00000000
2018-06-26,10000.00000000,0.00000000,0.00000000
2018-06-27,10000.00000000,0.00000000,0.00000000
2018-06-28,10000.00000000,0.00000000,0.00000000
2018-06-29,10000.00000000,0.00000000,0.00000000
2018-07-02,10000.00000000,0.00000000,0.00000000
2018-07-03,10000.00000000,0.00000000,0.00000000
2018-07-05,10000.00000000,0.00000000,0.00000000
2018-07-06,10000.00000000,0.00000000,0.00000000
2018-07-09,10000.00000000,0.00000000,0.00000000
2018-07-10,10000.00000000,0.00000000,0.00000000
2018-07-11,10000.00000000,0.00000000,0.00000000
2018-07-12,10000.00000000,0.00000000,0.00000000
2018-07-13,10000.00000000,0.00000000,0.00000000
2018-07-16,10000.00000000,0.00000000,0.00000000
2018-07-17,10000.00000000,0.00000000,0.00000000
2018-07-18,10000.00000000,0.00000000,0.00000000
2018-07-19,10000.00000000,0.00000000,0.00000000
2018-07-20,10000.00000000,0.00000000,0.00000000
2018-07-23,10000.00000000,0.00000000,0.00000000
2018-07-24,10000.00000000,0.00000000,0.00000000
2018-07-25,10000.00000000,0.00000000,0.00000000
2018-07-26,10000.00000000,0.00000000,0.00000000
2018-07-27,10000.00000000,0.00000000,0.00000000
2018-07-30,10000.00000000,0.00000000,0.00000000
2018-07-31,10000.00000000,0.00000000,0.00000000
2018-08-01,10000.00000000,0.00000000,0.00000000
2018-08-02,10000.00000000,0.00000000,0.00000000
2018-08-03,10000.00000000,0.00000000,0.00000000
2018-08-06,10000.00000000,0.00000000,0.00000000
2018-08-07,10000.00000000,0.00000000,0.00000000
2018-08-08,10000.00000000,0.00000000,0.00000000
2018-08-09,10000.00000000,0.00000000,0.00000000
2018-08-10,10000.00000000,0.00000000,0.00000000
2018-08-13,10000.00000000,0.00000000,0.00000000
2018-08-14,10000.00000000,0.00000000,0.00000000
2018-08-15,10000.00000000,0.00000000,0.00000000
2018-08-16,10000.00000000,0.00000000,0.00000000
2018-08-17,10000.00000000,0.00000000,0.00000000
2018-08-20,10000.00000000,0.00000000,0.00000000
2018-08-21,10000.00000000,0.00000000,0.00000000
2018-08-22,10000.00000000,0.00000000,0.00000000
2018-08-23,10000.00000000,0.00000000,0.00000000
2018-08-24,10000.00000000,0.00000000,0.00000000
2018-08-28,10000.00000000,0.00000000,0.00000000
2018-08-29,10000.00000000,0.00000000,0.00000000
2018-08-30,10000.00000000,0.00000000,0.00000000
2018-08-31,10000.00000000,0.00000000,0.00000000
2018-09-04,10000.00000000,0.00000000,0.00000000
2018-09-05,10000.00000000,0.00000000,0.00000000
2018-09-06,10000.00000000,0.00000000,0.00000000
2018-09-07,10000.00000000,0.00000000,0.00000000
2018-09-10,10000.00000000,0.00000000,0.00000000
2018-09-11,10000.00000000,0.00000000,0.00000000
2018-09-12,10000.00000000,0.00000000,0.00000000
2018-09-13,10000.00000000,0.00000000,0.00000000
2018-09-14,10000.00000000,0.00000000,0.00000000
2018-09-17,10000.00000000,0.00000000,0.00000000
2018-09-18,10000.00000000,0.00000000,0.00000000
2018-09-19,10000.00000000,0.00000000,0.00000000
2018-09-20,10000.00000000,0.00000000,0.00000000
2018-09-21,10000.00000000,0.00000000,0.00000000
2018-09-24,10000.00000000,0.00000000,0.00000000
2018-09-25,10000.00000000,0.00000000,0.00000000
2018-09-26,10000.00000000,0.00000000,0.00000000
2018-09-27,10000.00000000,0.00000000,0.00000000
2018-09-28,10000.00000000,0.00000000,0.00000000
2018-10-01,10000.00000000,0.00000000,0.00000000
2018-10-02,10000.00000000,0.00000000,0.00000000
2018-10-03,10000.00000000,0.00000000,0.00000000
2018-10-04,10000.00000000,0.00000000,0.00000000
2018-10-05,10000.00000000,0.00000000,0.00000000
2018-10-08,10000.00000000,0.00000000,0.00000000
2018-10-09,10000.00000000,0.00000000,0.00000000
2018-10-10,10000.00000000,0.00000000,0.00000000
2018-10-11,10000.00000000,0.00000000,0.00000000
2018-10-12,10000.00000000,0.00000000,0.00000000
2018-10-15,10000.00000000,0.00000000,0.00000000
2018-10-16,10000.00000000,0.00000000,0.00000000
2018-10-17,10000.00000000,0.00000000,0.00000000
2018-10-18,10000.00000000,0.00000000,0.00000000
2018-10-19,10000.00000000,0.00000000,0.00000000
2018-10-22,10000.00000000,0.00000000,0.00000000
2018-10-23,10000.00000000,0.00000000,0.00000000
2018-10-24,10000.00000000,0.00000000,0.00000000
2018-10-25,10000.00000000,0.00000000,0.00000000
2018-10-26,10000.00000000,0.00000000,0.00000000
2018-10-29,10000.00000000,0.00000000,0.00000000
2018-10-30,10000.00000000,0.00000000,0.00000000
2018-10-31,10000.00000000,0.00000000,0.00000000
2018-11-01,10000.00000000,0.00000000,0.00000000
2018-11-02,10000.00000000,0.00000000,0.00000000
2018-11-05,10000.00000000,0.00000000,0.00000000
2018-11-06,10000.00000000,0.00000000,0.00000000
2018-11-07,10000.00000000,0.00000000,0.00000000
2018-11-08,10000.00000000,0.00000000,0.00000000
2018-11-09,10000.00000000,0.00000000,0.00000000
2018-11-12,10000.00000000,0.00000000,0.00000000
2018-11-13,10000.00000000,0.00000000,0.00000000
2018-11-14,10000.00000000,0.00000000,0.00000000
2018-11-15,10000.00000000,0.00000000,0.00000000
2018-11-16,10000.00000000,0.00000000,0.00000000
2018-11-19,10000.00000000,0.00000000,0.00000000
2018-11-20,10000.00000000,0.00000000,0.00000000
2018-11-21,10000.00000000,0.00000000,0.00000000
2018-11-23,10000.00000000,0.00000000,0.00000000
2018-11-26,10000.00000000,0.00000000,0.00000000
2018-11-27,10000.00000000,0.00000000,0.00000000
2018-11-28,10000.00000000,0.00000000,0.00000000
2018-11-29,10000.00000000,0.00000000,0.00000000
2018-11-30,10000.00000000,0.00000000,0.00000000
2018-12-03,10000.00000000,0.00000000,0.00000000
2018-12-04,10000.00000000,0.00000000,0.00000000
2018-12-06,10000.00000000,0.00000000,0.00000000
2018-12-07,10000.00000000,0.00000000,0.00000000
2018-12-10,10000.00000000,0.00000000,0.00000000
2018-12-11,10000.00000000,0.00000000,0.00000000
2018-12-12,10000.00000000,0.00000000,0.00000000
2018-12-13,10000.00000000,0.00000000,0.00000000
2018-12-14,10000.00000000,0.00000000,0.00000000
2018-12-17,10000.00000000,0.00000000,0.00000000
2018-12-18,10000.00000000,0.00000000,0.00000000
2018-12-19,10000.00000000,0.00000000,0.00000000
2018-12-20,10000.00000000,0.00000000,0.00000000
2018-12-21,10000.00000000,0.00000000,0.00000000
2018-12-24,10000.00000000,0.00000000,0.00000000
2018-12-27,10000.00000000,0.00000000,0.00000000
2018-12-28,10000.00000000,0.00000000,0.00000000
2018-12-31,10000.00000000,0.00000000,0.00000000
2019-01-02,10000.00000000,0.00000000,0.00000000
2019-01-03,10003.28238241,0.00032824,0.00000000
2019-01-04,10004.37515826,0.00010924,0.00000000
2019-01-07,10004.37515826,0.00000000,0.00000000
2019-01-08,10004.37515826,0.00000000,0.00000000
2019-01-09,10004.37515826,0.00000000,0.00000000
2019-01-10,10005.46894783,0.00010933,0.00000000
2019-01-11,10007.65855438,0.00021884,0.00000000
2019-01-14,10006.56375110,-0.00010940,-0.00010940
2019-01-15,10008.74930282,0.00021841,0.00000000
2019-01-16,10009.84613351,0.00010959,0.00000000
2019-01-17,10012.02864411,0.00021804,0.00000000
2019-01-18,10012.02864411,0.00000000,0.00000000
2019-01-22,10013.12344738,0.00010935,0.00000000
2019-01-23,10013.12344738,0.00000000,0.00000000
2019-01-24,10016.40076125,0.00032730,0.00000000
2019-01-25,10015.30798539,-0.00010910,-0.00010910
2019-01-28,10016.40076125,0.00010911,0.00000000
2019-01-29,10016.40076125,0.00000000,0.00000000
2019-01-30,10018.59340892,0.00021891,0.00000000
2019-01-31,10018.59340892,0.00000000,0.00000000
2019-02-01,10019.57163592,0.00009764,0.00000000
2019-02-04,10020.62897812,0.00010553,0.00000000
2019-02-05,10020.62897812,0.00000000,0.00000000
2019-02-06,10022.73101721,0.00020977,0.00000000
2019-02-07,10022.73101721,0.00000000,0.00000000
2019-02-08,10024.82819272,0.00020924,0.00000000
2019-02-11,10023.78349583,-0.00010421,-0.00010421
2019-02-12,10025.88748035,0.00020990,0.00000000
2019-02-13,10025.88748035,0.00000000,0.00000000
2019-02-14,10027.98757401,0.00020947,0.00000000
2019-02-15,10027.98757401,0.00000000,0.00000000
2019-02-19,10030.08961310,0.00020962,0.00000000
2019-02-20,10030.08961310,0.00000000,0.00000000
2019-02-21,10031.14111901,0.00010484,0.00000000
2019-02-22,10033.24607625,0.00020984,0.00000000
2019-02-25,10032.19457034,-0.00010480,-0.00010480
2019-02-26,10033.24607625,0.00010481,0.00000000
2019-02-27,10034.29466400,0.00010451,0.00000000
2019-02-28,10036.40059396,0.00020987,0.00000000
2019-03-01,10037.44918171,0.00010448,0.00000000
2019-03-04,10036.47433825,-0.00009712,-0.00009712
2019-03-05,10037.62387290,0.00011454,0.00000000
2019-03-06,10038.06261295,0.00004371,0.00000000
2019-03-07,10038.99256394,0.00009264,0.00000000
2019-03-08,10039.84042735,0.00008446,0.00000000
2019-03-11,10041.84100623,0.00019926,0.00000000
2019-03-12,10044.08105159,0.00022307,0.00000000
2019-03-13,10045.19920290,0.00011132,0.00000000
2019-03-14,10044.88671486,-0.00003111,-0.00003111
2019-03-15,10047.26059489,0.00023633,0.00000000
2019-03-18,10049.14933259,0.00018799,0.00000000
2019-03-19,10049.74104909,0.00005888,0.00000000
2019-03-20,10049.09479123,-0.00006431,-0.00006431
2019-03-21,10055.82946342,0.00067018,0.00000000
2019-03-22,10051.79879272,-0.00040083,-0.00040083
2019-03-25,10051.38314955,-0.00004135,-0.00044216
2019-03-26,10053.09299649,0.00017011,-0.00027213
2019-03-27,10053.22048850,0.00001268,-0.00025945
2019-03-28,10057.06199286,0.00038212,0.00000000
2019-03-29,10058.65125030,0.00015802,0.00000000
2019-04-01,10061.55149476,0.00028833,0.00000000
2019-04-02,10061.46797488,-0.00000830,-0.00000830
2019-04-03,10062.96095224,0.00014839,0.00000000
2019-04-04,10066.23982854,0.00032584,0.00000000
2019-04-05,10067.37721160,0.00011299,0.00000000
2019-04-08,10067.43935172,0.00000617,0.00000000
2019-04-09,10067.95978372,0.00005169,0.00000000
2019-04-10,10068.04402646,0.00000837,0.00000000
2019-04-11,10071.44529110,0.00033783,0.00000000
2019-04-12,10072.09578184,0.00006459,0.00000000
2019-04-15,10073.23333411,0.00011294,0.00000000
2019-04-16,10074.27011697,0.00010292,0.00000000
2019-04-17,10076.60974588,0.00023224,0.00000000
2019-04-18,10078.03887554,0.00014183,0.00000000
2019-04-23,10080.14259172,0.00020874,0.00000000
2019-04-24,10082.21683490,0.00020578,0.00000000
2019-04-25,10084.36835532,0.00021340,0.00000000
2019-04-26,10083.09040106,-0.00012673,-0.00012673
2019-04-29,10084.59736752,0.00014945,0.00000000
2019-04-30,10084.73238574,0.00001339,0.00000000
2019-05-01,10085.13228547,0.00003965,0.00000000
2019-05-02,10085.69746290,0.00005604,0.00000000
2019-05-03,10087.73786670,0.00020231,0.00000000
2019-05-07,10086.98840434,-0.00007429,-0.00007429
2019-05-08,10086.87318473,-0.00001142,-0.00008572
2019-05-09,10087.30059731,0.00004237,-0.00004335
2019-05-10,10089.79497760,0.00024728,0.00000000
2019-05-13,10085.02279054,-0.00047297,-0.00047297
2019-05-14,10087.63147883,0.00025867,-0.00021442
2019-05-15,10089.75548376,0.00021056,-0.00000391
2019-05-16,10091.73186972,0.00019588,0.00000000
2019-05-17,10092.04706628,0.00003123,0.00000000
2019-05-20,10091.46109395,-0.00005806,-0.00005806
2019-05-21,10092.62607485,0.00011544,0.00000000
2019-05-22,10094.30592220,0.00016644,0.00000000
2019-05-23,10094.81603075,0.00005053,0.00000000
2019-05-24,10094.84166287,0.00000254,0.00000000
2019-05-28,10095.66587358,0.00008165,0.00000000
2019-05-29,10095.11543889,-0.00005452,-0.00005452
2019-05-30,10098.96771314,0.00038160,0.00000000
2019-05-31,10097.40592370,-0.00015465,-0.00015465
2019-06-03,10095.35486660,-0.00020313,-0.00035774
2019-06-04,10100.15090552,0.00047507,0.00000000
2019-06-05,10101.24518152,0.00010834,0.00000000
2019-06-06,10105.42083399,0.00041338,0.00000000
2019-06-07,10105.98299807,0.00005563,0.00000000
2019-06-10,10108.88575664,0.00028723,0.00000000
2019-06-11,10107.80017551,-0.00010739,-0.00010739
2019-06-12,10108.43691973,0.00006300,-0.00004440
2019-06-13,10111.94567854,0.00034711,0.00000000
2019-06-14,10112.25282144,0.00003037,0.00000000
2019-06-17,10112.31159981,0.00000581,0.00000000
2019-06-18,10113.91540814,0.00015860,0.00000000
2019-06-19,10116.43035909,0.00024866,0.00000000
2019-06-20,10119.05032747,0.00025898,0.00000000
2019-06-21,10118.71728815,-0.00003291,-0.00003291
2019-06-24,10120.12052275,0.00013868,0.00000000
2019-06-25,10118.52159780,-0.00015799,-0.00015799
2019-06-26,10121.46076519,0.00029047,0.00000000
2019-06-27,10121.68649488,0.00002230,0.00000000
2019-06-28,10122.75209956,0.00010528,0.00000000
2019-07-01,10123.40425989,0.00006443,0.00000000
2019-07-02,10129.15062819,0.00056763,0.00000000
2019-07-03,10134.45820098,0.00052399,0.00000000
2019-07-05,10131.10588640,-0.00033078,-0.00033078
2019-07-08,10129.27783617,-0.00018044,-0.00051116
2019-07-09,10131.41226554,0.00021072,-0.00030055
2019-07-10,10136.00464939,0.00045328,0.00000000
2019-07-11,10136.79728865,0.00007820,0.00000000
2019-07-12,10139.58900596,0.00027540,0.00000000
2019-07-15,10140.61283125,0.00010097,0.00000000
2019-07-16,10140.41728028,-0.00001928,-0.00001928
2019-07-17,10142.18920697,0.00017474,0.00000000
2019-07-18,10147.32939518,0.00050681,0.00000000
2019-07-19,10145.13901273,-0.00021586,-0.00021586
2019-07-22,10145.42896614,0.00002858,-0.00018728
2019-07-23,10144.91032693,-0.00005112,-0.00023839
2019-07-24,10148.36472414,0.00034051,0.00000000
2019-07-25,10149.00089001,0.00006269,0.00000000
2019-07-26,10149.64118068,0.00006309,0.00000000
2019-07-29,10154.56212422,0.00048484,0.00000000
2019-07-30,10154.84712133,0.00002807,0.00000000
2019-07-31,10151.75559636,-0.00030444,-0.00030444
2019-08-01,10159.01902683,0.00071549,0.00000000
2019-08-02,10154.06893427,-0.00048726,-0.00048726
2019-08-05,10149.74672542,-0.00042566,-0.00091272
2019-08-06,10152.75695975,0.00029658,-0.00061640
2019-08-07,10158.36272480,0.00055214,-0.00006460
2019-08-08,10164.85965665,0.00063956,0.00000000
2019-08-09,10161.91720150,-0.00028947,-0.00028947
2019-08-12,10164.61783272,0.00026576,-0.00002379
2019-08-13,10167.47936038,0.00028152,0.00000000
2019-08-14,10162.90638552,-0.00044976,-0.00044976
2019-08-15,10167.25211515,0.00042761,-0.00002235
2019-08-16,10167.70821587,0.00004486,0.00000000
2019-08-19,10168.18585966,0.00004698,0.00000000
2019-08-20,10169.58339292,0.00013744,0.00000000
2019-08-21,10169.34685364,-0.00002326,-0.00002326
2019-08-22,10170.48713251,0.00011213,0.00000000
2019-08-23,10169.27235529,-0.00011944,-0.00011944
2019-08-27,10173.82546426,0.00044773,0.00000000
2019-08-28,10173.22929609,-0.00005860,-0.00005860
2019-08-29,10176.91515639,0.00036231,0.00000000
2019-08-30,10177.18458922,0.00002647,0.00000000
2019-09-03,10181.74192689,0.00044780,0.00000000
2019-09-04,10183.42814532,0.00016561,0.00000000
2019-09-05,10181.88840090,-0.00015120,-0.00015120
2019-09-06,10181.78262914,-0.00001039,-0.00016159
2019-09-09,10179.98000163,-0.00017704,-0.00033860
2019-09-10,10179.54152728,-0.00004307,-0.00038166
2019-09-11,10181.75575159,0.00021752,-0.00016423
2019-09-12,10185.30894350,0.00034898,0.00000000
2019-09-13,10182.52490670,-0.00027334,-0.00027334
2019-09-16,10183.38997566,0.00008496,-0.00018841
2019-09-17,10184.63106781,0.00012187,-0.00006655
2019-09-18,10185.54750688,0.00008998,0.00000000
2019-09-19,10187.44414367,0.00018621,0.00000000
2019-09-20,10189.34010996,0.00018611,0.00000000
2019-09-23,10192.55160767,0.00031518,0.00000000
2019-09-24,10192.50499793,-0.00000457,-0.00000457
2019-09-25,10189.94828024,-0.00025084,-0.00025541
2019-09-26,10192.38320956,0.00023895,-0.00001652
2019-09-27,10191.39721967,-0.00009674,-0.00011326
2019-09-30,10190.35921265,-0.00010185,-0.00021510
2019-10-01,10190.00271693,-0.00003498,-0.00025007
2019-10-02,10187.58154409,-0.00023760,-0.00048762
2019-10-03,10191.71500468,0.00040574,-0.00008208
2019-10-04,10195.02156701,0.00032444,0.00000000
2019-10-07,10194.94232080,-0.00000777,-0.00000777
2019-10-08,10194.49061412,-0.00004431,-0.00005208
2019-10-09,10195.95452822,0.00014360,0.00000000
2019-10-10,10197.02834608,0.00010532,0.00000000
2019-10-11,10196.99304831,-0.00000346,-0.00000346
2019-10-14,10196.59514579,-0.00003902,-0.00004248
2019-10-15,10197.26590973,0.00006578,0.00000000
2019-10-16,10197.76916229,0.00004935,0.00000000
2019-10-17,10198.94735491,0.00011553,0.00000000
2019-10-18,10197.70428676,-0.00012188,-0.00012188
2019-10-21,10198.25605507,0.00005411,-0.00006778
2019-10-22,10198.35659627,0.00000986,-0.00005792
2019-10-23,10199.26768516,0.00008934,0.00000000
2019-10-24,10204.59046577,0.00052188,0.00000000
2019-10-25,10206.10419195,0.00014834,0.00000000
2019-10-28,10204.65349871,-0.00014214,-0.00014214
2019-10-29,10205.39660861,0.00007282,-0.00006933
2019-10-30,10208.07760743,0.00026270,0.00000000
2019-10-31,10210.12151168,0.00020022,0.00000000
2019-11-01,10211.84686222,0.00016898,0.00000000
2019-11-04,10213.84096651,0.00019527,0.00000000
2019-11-05,10209.96924823,-0.00037907,-0.00037907
2019-11-06,10211.85055395,0.00018426,-0.00019487
2019-11-07,10212.68509880,0.00008172,-0.00011317
2019-11-08,10211.97007311,-0.00007001,-0.00018317
2019-11-11,10210.84384689,-0.00011028,-0.00029344
2019-11-12,10213.34605645,0.00024505,-0.00004845
2019-11-13,10213.69561138,0.00003423,-0.00001423
2019-11-14,10215.14978012,0.00014237,0.00000000
2019-11-15,10214.80096334,-0.00003415,-0.00003415
2019-11-18,10217.30906025,0.00024554,0.00000000
2019-11-19,10216.63779662,-0.00006570,-0.00006570
2019-11-20,10217.27827260,0.00006269,-0.00000301
2019-11-21,10215.60978831,-0.00016330,-0.00016631
2019-11-22,10217.06928445,0.00014287,-0.00002347
2019-11-25,10217.41969371,0.00003430,0.00000000
2019-11-26,10220.08346877,0.00026071,0.00000000
2019-11-27,10221.68668986,0.00015687,0.00000000
2019-11-29,10221.83228220,0.00001424,0.00000000
2019-12-02,10220.61944719,-0.00011865,-0.00011865
2019-12-03,10219.25805435,-0.00013320,-0.00025184
2019-12-04,10220.56735443,0.00012812,-0.00012375
2019-12-05,10222.80920674,0.00021935,0.00000000
2019-12-06,10223.02179096,0.00002080,0.00000000
2019-12-09,10223.38894020,0.00003591,0.00000000
2019-12-10,10223.48525139,0.00000942,0.00000000
2019-12-11,10225.30116568,0.00017762,0.00000000
2019-12-12,10228.43637946,0.00030661,0.00000000
2019-12-13,10226.27609311,-0.00021120,-0.00021120
2019-12-16,10230.18694438,0.00038243,0.00000000
2019-12-17,10229.98630884,-0.00001961,-0.00001961
2019-12-18,10232.59981271,0.00025547,0.00000000
2019-12-19,10235.03144436,0.00023764,0.00000000
2019-12-20,10236.16136866,0.00011040,0.00000000
2019-12-23,10238.41538522,0.00022020,0.00000000
2019-12-24,10240.87735497,0.00024046,0.00000000
2019-12-27,10242.11560011,0.00012091,0.00000000
2019-12-30,10242.56020574,0.00004341,0.00000000
2019-12-31,10242.28705414,-0.00002667,-0.00002667
2020-01-02,10249.22316677,0.00067720,0.00000000
2020-01-03,10251.09219546,0.00018236,0.00000000
2020-01-06,10251.26418291,0.00001678,0.00000000
2020-01-07,10252.55826332,0.00012624,0.00000000
2020-01-08,10254.32981983,0.00017279,0.00000000
2020-01-09,10255.76702146,0.00014016,0.00000000
2020-01-10,10256.96472432,0.00011678,0.00000000
2020-01-13,10256.85011704,-0.00001117,-0.00001117
2020-01-14,10256.48507383,-0.00003559,-0.00004676
2020-01-15,10258.86405573,0.00023195,0.00000000
2020-01-16,10261.44500361,0.00025158,0.00000000
2020-01-17,10261.95306497,0.00004951,0.00000000
2020-01-21,10262.95853988,0.00009798,0.00000000
2020-01-22,10262.58499935,-0.00003640,-0.00003640
2020-01-23,10263.89418668,0.00012757,0.00000000
2020-01-24,10265.19365736,0.00012661,0.00000000
2020-01-27,10264.11464533,-0.00010511,-0.00010511
2020-01-28,10265.00608988,0.00008685,-0.00001827
2020-01-29,10267.24132116,0.00021775,0.00000000
2020-01-30,10266.31909822,-0.00008982,-0.00008982
2020-01-31,10264.60907005,-0.00016657,-0.00025637
2020-02-03,10266.61925289,0.00019584,-0.00006059
2020-02-04,10267.08108257,0.00004498,-0.00001561
2020-02-05,10270.74286440,0.00035665,0.00000000
2020-02-06,10274.21970572,0.00033852,0.00000000
2020-02-07,10273.88906242,-0.00003218,-0.00003218
2020-02-10,10273.81302608,-0.00000740,-0.00003958
2020-02-11,10274.76496405,0.00009266,0.00000000
2020-02-12,10276.36674421,0.00015589,0.00000000
2020-02-13,10277.73780094,0.00013342,0.00000000
2020-02-14,10278.84971063,0.00010819,0.00000000
2020-02-18,10281.27222983,0.00023568,0.00000000
2020-02-19,10284.34290377,0.00029867,0.00000000
2020-02-20,10284.21922408,-0.00001203,-0.00001203
2020-02-21,10286.64233565,0.00023561,0.00000000
2020-02-24,10281.92173977,-0.00045891,-0.00045891
2020-02-25,10274.95841631,-0.00067724,-0.00113583
2020-02-26,10278.51011489,0.00034567,-0.00079056
2020-02-27,10274.78102765,-0.00036280,-0.00115308
2020-02-28,10265.47271251,-0.00090594,-0.00205797
2020-03-02,10274.50277049,0.00087965,-0.00118013
2020-03-03,10279.66422054,0.00050236,-0.00067837
2020-03-04,10287.30445126,0.00074324,0.00000000
2020-03-05,10290.59262568,0.00031963,0.00000000
2020-03-06,10286.24737541,-0.00042225,-0.00042225
2020-03-09,10282.85173842,-0.00033011,-0.00075223
2020-03-10,10279.90998884,-0.00028608,-0.00103810
2020-03-11,10279.39261674,-0.00005033,-0.00108837
2020-03-12,10264.27720437,-0.00147046,-0.00255723
2020-03-13,10267.51321598,0.00031527,-0.00224277
2020-03-16,10260.72831318,-0.00066081,-0.00290210
2020-03-17,10266.70866686,0.00058284,-0.00232095
2020-03-18,10262.42994567,-0.00041676,-0.00273674
2020-03-19,10259.03042831,-0.00033126,-0.00306709
2020-03-20,10261.89270761,0.00027900,-0.00278895
2020-03-23,10263.61255226,0.00016760,-0.00262182
2020-03-24,10278.33272273,0.00143421,-0.00119137
2020-03-25,10278.56598844,0.00002269,-0.00116870
2020-03-26,10283.82690797,0.00051183,-0.00065747
2020-03-27,10275.25919794,-0.00083312,-0.00149004
2020-03-30,10278.93755286,0.00035798,-0.00113259
2020-03-31,10275.67952067,-0.00031696,-0.00144920
2020-04-01,10270.49363593,-0.00050468,-0.00195314
2020-04-02,10275.34513283,0.00047237,-0.00148169
2020-04-03,10271.87990655,-0.00033724,-0.00181843
2020-04-06,10282.45901690,0.00102991,-0.00079039
2020-04-07,10279.06525484,-0.00033005,-0.00112019
2020-04-08,10280.58060859,0.00014742,-0.00097293
2020-04-09,10281.80391909,0.00011899,-0.00085405
2020-04-14,10292.35969100,0.00102665,0.00000000
2020-04-15,10289.06694342,-0.00031992,-0.00031992
2020-04-16,10288.25232813,-0.00007917,-0.00039907
2020-04-17,10288.71292792,0.00004477,-0.00035432
2020-04-20,10287.58504901,-0.00010962,-0.00046390
2020-04-21,10283.21337376,-0.00042495,-0.00088865
2020-04-22,10288.62964348,0.00052671,-0.00036241
2020-04-23,10290.62931754,0.00019436,-0.00016812
2020-04-24,10290.60914283,-0.00000196,-0.00017008
2020-04-27,10290.70614939,0.00000943,-0.00016066
2020-04-28,10288.85724567,-0.00017967,-0.00034030
2020-04-29,10291.81939885,0.00028790,-0.00005249
2020-04-30,10290.92605712,-0.00008680,-0.00013929
2020-05-01,10287.81401736,-0.00030241,-0.00044166
2020-05-04,10288.88920737,0.00010451,-0.00033719
2020-05-05,10289.92574048,0.00010074,-0.00023648
2020-05-06,10290.17880080,0.00002459,-0.00021189
2020-05-07,10291.98968522,0.00017598,-0.00003595
2020-05-11,10292.71373715,0.00007035,0.00000000
2020-05-12,10292.06080406,-0.00006344,-0.00006344
2020-05-13,10291.99447659,-0.00000644,-0.00006988
2020-05-14,10295.05376873,0.00029725,0.00000000
2020-05-15,10293.88585373,-0.00011344,-0.00011344
2020-05-18,10294.35737737,0.00004581,-0.00006764
2020-05-19,10295.11623744,0.00007372,0.00000000
2020-05-20,10296.73365873,0.00015711,0.00000000
2020-05-21,10295.15794767,-0.00015303,-0.00015303
2020-05-22,10295.01557962,-0.00001383,-0.00016686
2020-05-26,10294.41393079,-0.00005844,-0.00022529
2020-05-27,10293.79539562,-0.00006008,-0.00028536
2020-05-28,10293.97984699,0.00001792,-0.00026745
2020-05-29,10295.52538385,0.00015014,-0.00011735
2020-06-01,10297.42117767,0.00018414,0.00000000
2020-06-02,10297.13011524,-0.00002827,-0.00002827
2020-06-03,10296.71068946,-0.00004073,-0.00006900
2020-06-04,10297.37961868,0.00006497,-0.00000404
2020-06-05,10295.50638182,-0.00018191,-0.00018595
2020-06-08,10298.17360906,0.00025907,0.00000000
2020-06-09,10299.10380810,0.00009033,0.00000000
2020-06-10,10302.39759881,0.00031981,0.00000000
2020-06-11,10294.05081922,-0.00081018,-0.00081018
2020-06-12,10296.93301578,0.00027999,-0.00053042
2020-06-15,10296.56410543,-0.00003583,-0.00056623
2020-06-16,10300.19891570,0.00035301,-0.00021341
2020-06-17,10300.83522597,0.00006178,-0.00015165
2020-06-18,10299.89978822,-0.00009081,-0.00024245
2020-06-19,10301.69027849,0.00017384,-0.00006866
2020-06-22,10302.47068803,0.00007576,0.00000000
2020-06-23,10304.49476097,0.00019646,0.00000000
2020-06-24,10301.25510732,-0.00031439,-0.00031439
2020-06-25,10302.70583704,0.00014083,-0.00017361
2020-06-26,10301.41312545,-0.00012547,-0.00029906
2020-06-29,10302.64358281,0.00011945,-0.00017965
2020-06-30,10303.95071865,0.00012687,-0.00005280
2020-07-01,10303.53408624,-0.00004043,-0.00009323
2020-07-02,10306.24073470,0.00026269,0.00000000
2020-07-06,10307.62178179,0.00013400,0.00000000
2020-07-07,10307.04106280,-0.00005634,-0.00005634
2020-07-08,10307.85121224,0.00007860,0.00000000
2020-07-09,10307.20234392,-0.00006295,-0.00006295
2020-07-10,10308.46198678,0.00012221,0.00000000
2020-07-13,10309.40013345,0.00009101,0.00000000
2020-07-14,10309.55375525,0.00001490,0.00000000
2020-07-15,10311.17152589,0.00015692,0.00000000
2020-07-16,10307.74653728,-0.00033216,-0.00033216
2020-07-17,10310.78130349,0.00029442,-0.00003784
2020-07-20,10312.32435007,0.00014965,0.00000000
2020-07-21,10313.58091405,0.00012185,0.00000000
2020-07-22,10314.45977958,0.00008521,0.00000000
2020-07-23,10315.55280636,0.00010597,0.00000000
2020-07-24,10313.35312506,-0.00021324,-0.00021324
2020-07-27,10316.22230005,0.00027820,0.00000000
2020-07-28,10317.79974334,0.00015291,0.00000000
2020-07-29,10319.36328719,0.00015154,0.00000000
2020-07-30,10316.43125408,-0.00028413,-0.00028413
2020-07-31,10319.68513226,0.00031541,0.00000000
2020-08-03,10321.36974127,0.00016324,0.00000000
2020-08-04,10325.15158648,0.00036641,0.00000000
2020-08-05,10325.60120408,0.00004355,0.00000000
2020-08-06,10327.51089546,0.00018495,0.00000000
2020-08-07,10326.66372775,-0.00008203,-0.00008203
2020-08-10,10325.98271375,-0.00006595,-0.00014797
2020-08-11,10318.79727790,-0.00069586,-0.00084373
2020-08-12,10319.96235324,0.00011291,-0.00073092
2020-08-13,10323.29171394,0.00032261,-0.00040854
2020-08-14,10321.38267634,-0.00018493,-0.00059339
2020-08-17,10324.32843714,0.00028540,-0.00030815
2020-08-18,10326.03323738,0.00016512,-0.00014308
2020-08-19,10322.97596582,-0.00029607,-0.00043911
2020-08-20,10323.81329798,0.00008111,-0.00035803
2020-08-21,10323.83570237,0.00000217,-0.00035586
2020-08-24,10324.72289494,0.00008594,-0.00026996
2020-08-25,10323.84169445,-0.00008535,-0.00035528
2020-08-26,10326.34591683,0.00024257,-0.00011280
2020-08-27,10325.30061404,-0.00010123,-0.00021402
2020-08-28,10328.03307514,0.00026464,0.00000000
2020-09-01,10329.35914269,0.00012839,0.00000000
2020-09-02,10328.77462943,-0.00005659,-0.00005659
2020-09-03,10325.15155388,-0.00035077,-0.00040734
2020-09-04,10326.06542275,0.00008851,-0.00031887
2020-09-08,10324.50215552,-0.00015139,-0.00047021
2020-09-09,10325.05378704,0.00005343,-0.00041681
2020-09-10,10324.11171236,-0.00009124,-0.00050801
2020-09-11,10322.84496525,-0.00012270,-0.00063065
2020-09-14,10326.22038270,0.00032699,-0.00030387
2020-09-15,10324.12721629,-0.00020270,-0.00050651
2020-09-16,10326.08855285,0.00018998,-0.00031663
2020-09-17,10325.42684812,-0.00006408,-0.00038069
2020-09-18,10322.80187350,-0.00025422,-0.00063482
2020-09-21,10321.52327046,-0.00012386,-0.00075860
2020-09-22,10321.71656276,0.00001873,-0.00073989
2020-09-23,10319.28123950,-0.00023594,-0.00097566
2020-09-24,10320.82548914,0.00014965,-0.00082616
2020-09-25,10320.20269134,-0.00006034,-0.00088645
2020-09-28,10322.52848738,0.00022536,-0.00066129
2020-09-29,10323.07291909,0.00005274,-0.00060858
2020-09-30,10321.74886322,-0.00012826,-0.00073676
2020-10-01,10322.63504216,0.00008586,-0.00065097
2020-10-02,10321.82629953,-0.00007835,-0.00072927
2020-10-05,10322.89327612,0.00010337,-0.00062597
2020-10-06,10322.62408973,-0.00002608,-0.00065203
2020-10-07,10322.02212746,-0.00005831,-0.00071031
2020-10-08,10322.52084105,0.00004832,-0.00066203
2020-10-09,10324.23945049,0.00016649,-0.00049564
2020-10-12,10326.00586958,0.00017109,-0.00032464
2020-10-13,10323.51552567,-0.00024117,-0.00056573
2020-10-14,10323.57561051,0.00000582,-0.00055991
2020-10-15,10323.69939252,0.00001199,-0.00054793
2020-10-16,10324.45413816,0.00007311,-0.00047486
2020-10-19,10323.95771691,-0.00004808,-0.00052292
2020-10-20,10323.29431077,-0.00006426,-0.00058715
2020-10-21,10323.81700904,0.00005063,-0.00053654
2020-10-22,10324.02439582,0.00002009,-0.00051646
2020-10-23,10323.95295067,-0.00000692,-0.00052338
2020-10-26,10323.25247562,-0.00006785,-0.00059120
2020-10-27,10322.48115223,-0.00007472,-0.00066587
2020-10-28,10320.03151784,-0.00023731,-0.00090302
2020-10-29,10321.35598541,0.00012834,-0.00077480
2020-10-30,10320.97450094,-0.00003696,-0.00081173
2020-11-02,10321.72959394,0.00007316,-0.00073863
2020-11-03,10323.29499216,0.00015166,-0.00058708
2020-11-04,10324.73767222,0.00013975,-0.00044741
2020-11-05,10329.09818320,0.00042234,-0.00002526
2020-11-06,10327.95364816,-0.00011081,-0.00013607
2020-11-09,10326.71427906,-0.00012000,-0.00025605
2020-11-10,10324.19644874,-0.00024382,-0.00049981
2020-11-11,10325.13313385,0.00009073,-0.00040913
2020-11-12,10325.42656763,0.00002842,-0.00038072
2020-11-13,10327.23953666,0.00017558,-0.00020520
2020-11-16,10328.29673856,0.00010237,-0.00010285
2020-11-17,10327.54146778,-0.00007313,-0.00017597
2020-11-18,10326.70139470,-0.00008134,-0.00025730
2020-11-19,10326.54170342,-0.00001546,-0.00027276
2020-11-20,10326.48629258,-0.00000537,-0.00027812
2020-11-23,10324.63469897,-0.00017931,-0.00045738
2020-11-24,10324.52822071,-0.00001031,-0.00046769
2020-11-25,10323.29645835,-0.00011930,-0.00058694
2020-11-27,10324.29023925,0.00009627,-0.00049073
2020-11-30,10322.23311680,-0.00019925,-0.00068988
2020-12-01,10324.07540281,0.00017848,-0.00051153
2020-12-02,10325.97768183,0.00018426,-0.00032736
2020-12-03,10326.30731074,0.00003192,-0.00029545
2020-12-04,10327.78320016,0.00014293,-0.00015257
2020-12-07,10327.20578960,-0.00005591,-0.00020847
2020-12-08,10327.54152391,0.00003251,-0.00017597
2020-12-09,10325.72234954,-0.00017615,-0.00035208
2020-12-10,10325.69835837,-0.00000232,-0.00035441
2020-12-11,10326.82667596,0.00010927,-0.00024517
2020-12-14,10325.40496068,-0.00013767,-0.00038281
2020-12-15,10326.58928288,0.00011470,-0.00026815
2020-12-16,10328.50263146,0.00018528,-0.00008292
2020-12-17,10329.51698852,0.00009821,0.00000000
2020-12-18,10329.41333257,-0.00001003,-0.00001003
2020-12-21,10329.21366614,-0.00001933,-0.00002936
2020-12-22,10329.25024274,0.00000354,-0.00002582
2020-12-23,10328.02919491,-0.00011821,-0.00014403
2020-12-24,10329.29866440,0.00012291,-0.00002114
2020-12-29,10330.25410079,0.00009250,0.00000000
2020-12-30,10329.46671020,-0.00007622,-0.00007622
2020-12-31,10330.68545131,0.00011799,0.00000000
2021-01-04,10332.08726410,0.00013569,0.00000000
2021-01-05,10331.31579789,-0.00007467,-0.00007467
2021-01-06,10331.55723440,0.00002337,-0.00005130
2021-01-07,10332.46752854,0.00008811,0.00000000
2021-01-08,10329.14455532,-0.00032161,-0.00032161
2021-01-11,10329.90039424,0.00007318,-0.00024845
2021-01-12,10328.57286945,-0.00012851,-0.00037693
2021-01-13,10328.58623836,0.00000129,-0.00037564
2021-01-14,10329.38695719,0.00007752,-0.00029814
2021-01-15,10327.95310971,-0.00013881,-0.00043692
2021-01-19,10329.02778596,0.00010406,-0.00033291
2021-01-20,10331.21828555,0.00021207,-0.00012090
2021-01-21,10331.45807668,0.00002321,-0.00009770
2021-01-22,10329.65773506,-0.00017426,-0.00027194
2021-01-25,10330.79793115,0.00011038,-0.00016159
2021-01-26,10329.63994542,-0.00011209,-0.00027366
2021-01-27,10327.92374991,-0.00016614,-0.00043976
2021-01-28,10329.23246650,0.00012672,-0.00031310
2021-01-29,10327.73016321,-0.00014544,-0.00045849
2021-02-01,10329.57733414,0.00017886,-0.00027972
2021-02-02,10328.87362085,-0.00006813,-0.00034783
2021-02-03,10328.60158236,-0.00002634,-0.00037416
2021-02-04,10328.84816875,0.00002387,-0.00035029
2021-02-05,10329.71592891,0.00008401,-0.00026631
2021-02-08,10331.04742124,0.00012890,-0.00013744
2021-02-09,10331.07532673,0.00000270,-0.00013474
2021-02-10,10330.05966412,-0.00009831,-0.00023304
2021-02-11,10331.12655976,0.00010328,-0.00012978
2021-02-12,10330.00991071,-0.00010809,-0.00023785
2021-02-16,10329.94333922,-0.00000644,-0.00024430
2021-02-17,10328.71311573,-0.00011909,-0.00036336
2021-02-18,10326.88955745,-0.00017655,-0.00053985
2021-02-19,10328.45333996,0.00015143,-0.00038850
2021-02-22,10327.17080577,-0.00012417,-0.00051263
2021-02-23,10326.46681820,-0.00006817,-0.00058076
2021-02-24,10326.10941314,-0.00003461,-0.00061535
2021-02-25,10324.66931759,-0.00013946,-0.00075473
2021-02-26,10322.71398946,-0.00018938,-0.00094397
2021-03-01,10323.22911905,0.00004990,-0.00089411
2021-03-02,10323.07228446,-0.00001519,-0.00090929
2021-03-03,10322.46006621,-0.00005931,-0.00096855
2021-03-04,10320.60868971,-0.00017935,-0.00114773
2021-03-05,10320.68095850,0.00000700,-0.00114073
2021-03-08,10319.60582926,-0.00010417,-0.00124478
2021-03-09,10321.97313343,0.00022940,-0.00101567
2021-03-10,10322.30989242,0.00003263,-0.00098308
2021-03-11,10324.32042178,0.00019478,-0.00078850
2021-03-12,10322.99813192,-0.00012808,-0.00091647
2021-03-15,10323.78871784,0.00007658,-0.00083996
2021-03-16,10324.39393639,0.00005862,-0.00078138
2021-03-17,10325.79421353,0.00013563,-0.00064586
2021-03-18,10323.52841225,-0.00021943,-0.00086515
2021-03-19,10323.53552714,0.00000069,-0.00086446
2021-03-22,10324.18207165,0.00006263,-0.00080189
2021-03-23,10324.66187303,0.00004647,-0.00075545
2021-03-24,10323.49410850,-0.00011310,-0.00086847
2021-03-25,10322.78053966,-0.00006912,-0.00093753
2021-03-26,10324.07745037,0.00012564,-0.00081201
2021-03-29,10323.18034399,-0.00008689,-0.00089884
2021-03-30,10323.09641254,-0.00000813,-0.00090696
2021-03-31,10323.40668389,0.00003006,-0.00087693
2021-04-01,10326.13898397,0.00026467,-0.00061249
2021-04-06,10327.97318470,0.00017763,-0.00043497
2021-04-07,10328.09976272,0.00001226,-0.00042272
2021-04-08,10329.67953565,0.00015296,-0.00026983
2021-04-09,10329.59043720,-0.00000863,-0.00027845
2021-04-12,10329.02710424,-0.00005454,-0.00033297
2021-04-13,10329.96133901,0.00009045,-0.00024255
2021-04-14,10329.37036322,-0.00005721,-0.00029975
2021-04-15,10331.31074727,0.00018785,-0.00011196
2021-04-16,10331.75237388,0.00004275,-0.00006921
2021-04-19,10330.65721414,-0.00010600,-0.00017521
2021-04-20,10330.13353015,-0.00005069,-0.00022589
2021-04-21,10331.58954108,0.00014095,-0.00008497
2021-04-22,10331.38072006,-0.00002021,-0.00010518
2021-04-23,10331.47829884,0.00000944,-0.00009574
2021-04-26,10331.96375956,0.00004699,-0.00004876
2021-04-27,10331.44318107,-0.00005039,-0.00009914
2021-04-28,10331.49454336,0.00000497,-0.00009417
2021-04-29,10331.03918837,-0.00004407,-0.00013824
2021-04-30,10330.63088085,-0.00003952,-0.00017775
2021-05-04,10329.65861079,-0.00009412,-0.00027185
2021-05-05,10330.38936730,0.00007074,-0.00020113
2021-05-06,10331.92597810,0.00014875,-0.00005241
2021-05-07,10333.22231151,0.00012547,0.00000000
2021-05-10,10332.27243604,-0.00009192,-0.00009192
2021-05-11,10331.15533310,-0.00010812,-0.00020003
2021-05-12,10329.29629440,-0.00017994,-0.00037994
2021-05-13,10330.17840576,0.00008540,-0.00029457
2021-05-14,10331.93682866,0.00017022,-0.00012440
2021-05-17,10332.45400464,0.00005006,-0.00007435
2021-05-18,10332.32442068,-0.00001254,-0.00008689
2021-05-19,10331.77886317,-0.00005280,-0.00013969
2021-05-20,10333.51831624,0.00016836,0.00000000
2021-05-21,10333.54939984,0.00000301,0.00000000
2021-05-24,10334.57332465,0.00009909,0.00000000
2021-05-25,10335.27007137,0.00006742,0.00000000
2021-05-26,10335.19330392,-0.00000743,-0.00000743
2021-05-27,10334.97392190,-0.00002123,-0.00002865
2021-05-28,10335.48115807,0.00004908,0.00000000
2021-06-01,10335.25764574,-0.00002163,-0.00002163
2021-06-02,10377.41753592,0.00407923,0.00000000
2021-06-03,10244.66661878,-0.01279229,-0.01279229
2021-06-04,10347.11706865,0.01000037,-0.00291985
2021-06-07,10372.30160436,0.00243397,-0.00049299
2021-06-08,10357.23408570,-0.00145267,-0.00194494
2021-06-09,10361.37391675,0.00039970,-0.00154601
2021-06-10,10394.10750145,0.00315919,0.00000000
2021-06-11,10348.79091410,-0.00435983,-0.00435983
2021-06-14,10337.41467264,-0.00109928,-0.00545432
2021-06-15,10311.73160581,-0.00248448,-0.00792525
2021-06-16,10207.39733301,-0.01011802,-0.01796308
2021-06-17,10066.21667318,-0.01383121,-0.03154584
2021-06-18,10004.20393030,-0.00616048,-0.03751198
2021-06-21,10094.29634016,0.00900546,-0.02884434
2021-06-22,10102.38399708,0.00080121,-0.02806624
2021-06-23,10088.37733496,-0.00138647,-0.02941380
2021-06-24,10120.26663272,0.00316099,-0.02634578
2021-06-25,10144.15329320,0.00236028,-0.02404768
2021-06-28,10163.12467002,0.00187018,-0.02222248
2021-06-29,10137.13831122,-0.00255693,-0.02472258
2021-06-30,10160.10105753,0.00226521,-0.02251338
2021-07-01,10193.27069742,0.00326470,-0.01932218
2021-07-02,10229.00151639,0.00350533,-0.01588458
2021-07-06,10228.38538267,-0.00006023,-0.01594385
2021-07-07,10257.59180088,0.00285543,-0.01313395
2021-07-08,10210.84052457,-0.00455772,-0.01763181
2021-07-09,10250.05155169,0.00384014,-0.01385939
2021-07-12,10254.15660578,0.00040049,-0.01346445
2021-07-13,10273.49691689,0.00188609,-0.01160375
2021-07-14,10275.60054443,0.00020476,-0.01140136
2021-07-15,10247.17910384,-0.00276592,-0.01413574
2021-07-16,10229.88762307,-0.00168744,-0.01579932
2021-07-19,10166.89239545,-0.00615796,-0.02185999
2021-07-20,10241.27811054,0.00731647,-0.01470346
2021-07-21,10271.56337647,0.00295718,-0.01178977
2021-07-22,10281.30694381,0.00094860,-0.01085236
2021-07-23,10327.49688741,0.00449261,-0.00640850
2021-07-26,10317.91537641,-0.00092777,-0.00733032
2021-07-27,10266.49693235,-0.00498341,-0.01227720
2021-07-28,10278.71902026,0.00119048,-0.01110134
2021-07-29,10289.61774273,0.00106032,-0.01005279
2021-07-30,10285.04301575,-0.00044460,-0.01049291
2021-08-02,10292.82863541,0.00075698,-0.00974387
2021-08-03,10293.38565560,0.00005412,-0.00969028
2021-08-04,10314.89303255,0.00208944,-0.00762109
2021-08-05,10355.44426674,0.00393133,-0.00371973
2021-08-06,10375.07995645,0.00189617,-0.00183061
2021-08-09,10367.50040763,-0.00073055,-0.00255982
2021-08-10,10353.69859456,-0.00133126,-0.00388767
2021-08-11,10357.34132229,0.00035183,-0.00353721
2021-08-12,10406.48997666,0.00474530,0.00000000
2021-08-13,10443.65399385,0.00357123,0.00000000
2021-08-16,10429.21244192,-0.00138281,-0.00138281
2021-08-17,10430.63584194,0.00013648,-0.00124651
2021-08-18,10369.32286800,-0.00587816,-0.00711735
2021-08-19,10369.36454211,0.00000402,-0.00711336
2021-08-20,10476.94566666,0.01037490,0.00000000
2021-08-23,10564.93966595,0.00839882,0.00000000
2021-08-24,10571.81285112,0.00065057,0.00000000
2021-08-25,10576.81570243,0.00047323,0.00000000
2021-08-26,10534.77106659,-0.00397517,-0.00397517
2021-08-27,10589.60869899,0.00520539,0.00000000
2021-08-31,10629.37073067,0.00375482,0.00000000
2021-09-01,10647.61959157,0.00171683,0.00000000
2021-09-02,10650.75129786,0.00029412,0.00000000
2021-09-03,10633.00496223,-0.00166621,-0.00166621
2021-09-07,10654.92690624,0.00206169,0.00000000
2021-09-08,10634.04886433,-0.00195947,-0.00195947
2021-09-09,10604.81960564,-0.00274865,-0.00470274
2021-09-10,10577.67815115,-0.00255935,-0.00725005
2021-09-13,10557.84401133,-0.00187509,-0.00911155
2021-09-14,10553.66840294,-0.00039550,-0.00950344
2021-09-15,10540.09767570,-0.00128588,-0.01077710
2021-09-16,10564.10742390,0.00227794,-0.00852371
2021-09-17,10544.27328408,-0.00187750,-0.01038521
2021-09-20,10467.02452898,-0.00732613,-0.01763526
2021-09-21,10517.13182959,0.00478716,-0.01293252
2021-09-22,10546.36108827,0.00277920,-0.01018926
2021-09-23,10580.80985744,0.00326641,-0.00695613
2021-09-24,10581.85375953,0.00009866,-0.00685816
2021-09-27,10569.32693438,-0.00118380,-0.00803384
2021-09-28,10517.13182959,-0.00493836,-0.01293252
2021-09-29,10575.59034696,0.00555841,-0.00744600
2021-09-30,10519.21963378,-0.00533027,-0.01273657
2021-10-01,10452.40989964,-0.00635121,-0.01900689
2021-10-04,10281.00374165,-0.01639872,-0.03509392
2021-10-05,10423.17954735,0.01382898,-0.02175025
2021-10-06,10397.94449313,-0.00242105,-0.02411865
2021-10-07,10562.36059505,0.01581237,-0.00868765
2021-10-08,10520.93354882,-0.00392214,-0.01257572
2021-10-11,10518.02742716,-0.00027622,-0.01284847
2021-10-12,10447.77546906,-0.00667920,-0.01944184
2021-10-13,10447.47579511,-0.00002868,-0.01946997
2021-10-14,10634.28967556,0.01788125,-0.00193687
2021-10-15,10684.77484403,0.00474739,0.00000000
2021-10-18,10749.01873056,0.00601266,0.00000000
2021-10-19,10798.34118034,0.00458855,0.00000000
2021-10-20,10808.02733188,0.00089700,0.00000000
2021-10-21,10815.51466155,0.00069276,0.00000000
2021-10-22,10830.80273151,0.00141353,0.00000000
2021-10-25,10867.73954084,0.00341035,0.00000000
2021-10-26,10911.32822378,0.00401083,0.00000000
2021-10-27,10904.48221204,-0.00062742,-0.00062742
2021-10-28,10937.88720518,0.00306342,0.00000000
2021-10-29,11001.54163898,0.00581963,0.00000000
2021-11-01,11039.78731546,0.00347639,0.00000000
2021-11-02,11131.06249763,0.00826784,0.00000000
2021-11-03,11130.78880614,-0.00002459,-0.00002459
2021-11-04,11326.00438724,0.01753834,0.00000000
2021-11-05,11396.17658604,0.00619567,0.00000000
2021-11-08,11389.30808225,-0.00060270,-0.00060270
2021-11-09,11348.94661205,-0.00354380,-0.00414437
2021-11-10,11297.26294693,-0.00455405,-0.00867955
2021-11-11,11339.73363944,0.00375938,-0.00495280
2021-11-12,11414.90666235,0.00662917,0.00000000
2021-11-15,11411.47956178,-0.00030023,-0.00030023
2021-11-16,11473.72747790,0.00545485,0.00000000
2021-11-17,11412.78547285,-0.00531144,-0.00531144
2021-11-18,11451.81567929,0.00341987,-0.00190974
2021-11-19,11497.18360261,0.00396164,0.00000000
2021-11-22,11478.47087246,-0.00162759,-0.00162759
2021-11-23,11401.69764821,-0.00668845,-0.00830516
2021-11-24,11472.13065418,0.00617741,-0.00217905
2021-11-26,11201.73687918,-0.02356962,-0.02569731
2021-11-29,11388.22845196,0.01664845,-0.00947668
2021-11-30,11298.01113413,-0.00792198,-0.01732359
2021-12-01,11299.35361386,0.00011882,-0.01720682
2021-12-02,11222.38552586,-0.00681172,-0.02390134
2021-12-03,11154.92995580,-0.00601080,-0.02976848
2021-12-06,11247.86916857,0.00833167,-0.02168483
2021-12-07,11574.83305257,0.02906896,0.00000000
2021-12-08,11586.07885162,0.00097157,0.00000000
2021-12-09,11559.13627731,-0.00232543,-0.00232543
2021-12-10,11604.08862208,0.00388890,0.00000000
2021-12-13,11519.98370841,-0.00724787,-0.00724787
2021-12-14,11353.85416159,-0.01442099,-0.02156434
2021-12-15,11487.58874582,0.01177878,-0.01003955
2021-12-16,11426.72877681,-0.00529789,-0.01528425
2021-12-17,11355.89751126,-0.00619874,-0.02138825
2021-12-20,11186.31829603,-0.01493314,-0.03600199
2021-12-21,11375.70520169,0.01693023,-0.01968129
2021-12-22,11493.20957968,0.01032941,-0.00955517
2021-12-23,11551.18311152,0.00504416,-0.00455921
2021-12-29,11661.24726186,0.00952839,0.00000000
2021-12-30,11640.22826860,-0.00180247,-0.00180247
2021-12-31,11584.09304443,-0.00482252,-0.00661629
2022-01-04,11588.06683383,0.00034304,-0.00627552
2022-01-05,11430.69106669,-0.01358085,-0.01977114
2022-01-06,11294.34959119,-0.01192767,-0.03146299
2022-01-07,11221.11743461,-0.00648396,-0.03774295
2022-01-10,11123.75823360,-0.00867643,-0.04609190
2022-01-11,11256.32046722,0.01191704,-0.03472414
2022-01-12,11308.76524352,0.00465914,-0.03022679
2022-01-13,11177.96502617,-0.01156627,-0.04144344
2022-01-14,11123.77344789,-0.00484807,-0.04609059
2022-01-18,11001.12157847,-0.01102610,-0.05660850
2022-01-19,10888.89539124,-0.01020134,-0.06623236
2022-01-20,10876.91460703,-0.00110028,-0.06725976
2022-01-21,10681.64382159,-0.01795277,-0.08400503
2022-01-24,10472.62132710,-0.01956838,-0.10192957
2022-01-25,10411.94374935,-0.00579392,-0.10713292
2022-01-26,10553.56106742,0.01360143,-0.09498866
2022-01-27,10539.65552972,-0.00131762,-0.09618111
2022-01-28,10639.94604911,0.00951554,-0.08758079
2022-01-31,10882.64338523,0.02281002,-0.06676849
2022-02-01,10938.01917583,0.00508845,-0.06201979
2022-02-02,10990.91938550,0.00483636,-0.05748338
2022-02-03,10796.52844595,-0.01768650,-0.07415320
2022-02-04,10794.54164966,-0.00018402,-0.07432358
2022-02-07,10803.29570902,0.00081097,-0.07357288
2022-02-08,10861.58091190,0.00539513,-0.06857468
2022-02-09,11060.22596818,0.01828878,-0.05154005
2022-02-10,10894.88182314,-0.01494944,-0.06571899
2022-02-11,10693.88387836,-0.01844884,-0.08295540
2022-02-14,10609.36255424,-0.00790371,-0.09020345
2022-02-15,10796.25572617,0.01761587,-0.07417659
2022-02-16,10747.78257609,-0.00448981,-0.07833336
2022-02-17,10568.13563404,-0.01671479,-0.09373883
2022-02-18,10453.05661784,-0.01088924,-0.10360733
2022-02-22,10360.91071095,-0.00881521,-0.11150922
2022-02-23,10218.56614797,-0.01373861,-0.12371585
2022-02-24,10277.15682069,0.00573375,-0.11869146
2022-02-25,10563.72515874,0.02788401,-0.09411704
2022-02-28,10576.31081114,0.00119140,-0.09303777
2022-03-01,10413.55896437,-0.01538834,-0.10699441
2022-03-02,10426.11135648,0.00120539,-0.10591799
2022-03-03,10412.68053462,-0.00128819,-0.10706974
2022-03-04,10439.28080533,0.00255460,-0.10478866
2022-03-07,10444.41165570,0.00049149,-0.10434867
2022-03-08,10548.09973376,0.00992761,-0.09545699
2022-03-09,10515.75113821,-0.00306677,-0.09823101
2022-03-10,10477.29480358,-0.00365702,-0.10152880
2022-03-11,10426.89965628,-0.00480994,-0.10585039
2022-03-14,10288.45766112,-0.01327739,-0.11772236
2022-03-15,10264.95511210,-0.00228436,-0.11973780
2022-03-16,10411.93095198,0.01431822,-0.10713402
2022-03-17,10481.69686373,0.00670057,-0.10115131
2022-03-18,10493.65037866,0.00114042,-0.10012624
2022-03-21,10541.32012218,0.00454272,-0.09603837
2022-03-22,10545.39785242,0.00038683,-0.09568868
2022-03-23,10587.42490284,0.00398535,-0.09208469
2022-03-24,10684.10629619,0.00913172,-0.08379386
2022-03-25,10674.19010889,-0.00092813,-0.08464422
2022-03-28,10619.27319064,-0.00514483,-0.08935357
2022-03-29,10713.14898735,0.00884013,-0.08130333
2022-03-30,10722.51268783,0.00087404,-0.08050036
2022-03-31,10688.21126854,-0.00319901,-0.08344185
2022-04-01,10615.11813440,-0.00683867,-0.08970988
2022-04-04,10701.52806750,0.00814027,-0.08229988
2022-04-05,10616.40729132,-0.00795408,-0.08959933
2022-04-06,10533.24784424,-0.00783311,-0.09673060
2022-04-07,10550.41075828,0.00162940,-0.09525881
2022-04-08,10608.25099419,0.00548227,-0.09029877
2022-04-11,10544.79354945,-0.00598190,-0.09574051
2022-04-12,10589.82413016,0.00427041,-0.09187895
2022-04-13,10632.13740748,0.00399565,-0.08825041
2022-04-14,10565.59284242,-0.00625881,-0.09395688
2022-04-19,10544.92929054,-0.00195574,-0.09572887
2022-04-20,10587.40621353,0.00402818,-0.09208629
2022-04-21,10534.43974914,-0.00500278,-0.09662839
2022-04-22,10386.68898068,-0.01402550,-0.10929862
2022-04-25,10269.10432908,-0.01132071,-0.11938199
2022-04-26,10219.61193787,-0.00481954,-0.12362617
2022-04-27,10216.60393410,-0.00029434,-0.12388412
2022-04-28,10339.99189216,0.01207720,-0.11330309
2022-04-29,10254.73389179,-0.00824546,-0.12061432
2022-05-03,10183.75023748,-0.00692204,-0.12670146
2022-05-04,10271.30242938,0.00859724,-0.11919350
2022-05-05,10195.26361364,-0.00740304,-0.12571414
2022-05-06,10176.64993442,-0.00182572,-0.12731034
2022-05-09,9942.91021590,-0.02296824,-0.14735448
2022-05-10,9906.06969671,-0.00370520,-0.15051371
2022-05-11,9930.46885985,0.00246305,-0.14842138
2022-05-12,9795.03764175,-0.01363795,-0.16003516
2022-05-13,9864.90353394,0.00713278,-0.15404388
2022-05-16,9885.89847671,0.00212825,-0.15224347
2022-05-17,9898.64090643,0.00128895,-0.15115076
2022-05-18,9786.74053769,-0.01130462,-0.16074668
2022-05-19,9800.62910933,0.00141912,-0.15955567
2022-05-20,9795.98890967,-0.00047346,-0.15995359
2022-05-23,9899.19222249,0.01053526,-0.15110348
2022-05-24,9883.66535775,-0.00156850,-0.15243497
2022-05-25,9896.04331831,0.00125237,-0.15137351
2022-05-26,9971.19314584,0.00759393,-0.14492910
2022-05-27,10070.49591095,0.00995897,-0.13641348
2022-05-31,10001.75844781,-0.00682563,-0.14230800
2022-06-01,10036.50311534,0.00347386,-0.13932850
2022-06-06,10037.94082174,0.00014325,-0.13920522
2022-06-07,10036.84114658,-0.00010955,-0.13929952
2022-06-08,10037.96403657,0.00011188,-0.13920322
2022-06-09,10037.75694060,-0.00002063,-0.13922098
2022-06-10,10033.48376416,-0.00042571,-0.13958743
2022-06-13,10032.65159383,-0.00008294,-0.13965879
2022-06-14,10031.80899108,-0.00008399,-0.13973105
2022-06-15,10033.54701559,0.00017325,-0.13958200
2022-06-16,10033.06867439,-0.00004767,-0.13962302
2022-06-17,10032.45842025,-0.00006082,-0.13967535
2022-06-21,10035.94521760,0.00034755,-0.13937635
2022-06-22,10036.91243864,0.00009638,-0.13929340
2022-06-23,10037.23807875,0.00003244,-0.13926548
2022-06-24,10036.87070590,-0.00003660,-0.13929698
2022-06-27,10037.01776339,0.00001465,-0.13928437
2022-06-28,10038.47779520,0.00014546,-0.13915917
2022-06-29,10039.27005060,0.00007892,-0.13909123
2022-06-30,10039.53159446,0.00002605,-0.13906880
2022-07-01,10039.18272791,-0.00003475,-0.13909872
2022-07-05,10039.18272791,0.00000000,-0.13909872
2022-07-06,10039.18272791,0.00000000,-0.13909872
2022-07-07,10039.18272791,0.00000000,-0.13909872
2022-07-08,10038.08527594,-0.00010932,-0.13919283
2022-07-11,10039.18272791,0.00010933,-0.13909872
2022-07-12,10038.08527594,-0.00010932,-0.13919283
2022-07-13,10038.08527594,0.00000000,-0.13919283
2022-07-14,10039.18272791,0.00010933,-0.13909872
2022-07-15,10038.08527594,-0.00010932,-0.13919283
2022-07-18,10038.08527594,0.00000000,-0.13919283
2022-07-19,10038.08527594,0.00000000,-0.13919283
2022-07-20,10038.08527594,0.00000000,-0.13919283
2022-07-21,10041.37663868,0.00032789,-0.13891058
2022-07-22,10042.47508382,0.00010939,-0.13881638
2022-07-25,10041.37663868,-0.00010938,-0.13891058
2022-07-26,10041.37663868,0.00000000,-0.13891058
2022-07-27,10041.37663868,0.00000000,-0.13891058
2022-07-28,10042.47508382,0.00010939,-0.13881638
2022-07-29,10043.57551529,0.00010958,-0.13872202
2022-08-01,10044.34224192,0.00007634,-0.13865627
2022-08-02,10045.43011863,0.00010831,-0.13856298
2022-08-03,10044.34224192,-0.00010830,-0.13865627
2022-08-04,10046.51799535,0.00021661,-0.13846969
2022-08-05,10048.69178510,0.00021637,-0.13828328
2022-08-08,10049.77867998,0.00010816,-0.13819007
2022-08-09,10048.69178510,-0.00010815,-0.13828328
2022-08-10,10049.77867998,0.00010816,-0.13819007
2022-08-11,10049.77867998,0.00000000,-0.13819007
2022-08-12,10051.95246974,0.00021630,-0.13800366
2022-08-15,10050.86459302,-0.00010823,-0.13809695
2022-08-16,10051.95246974,0.00010824,-0.13800366
2022-08-17,10051.95246974,0.00000000,-0.13800366
2022-08-18,10056.29906741,0.00043241,-0.13763092
2022-08-19,10056.29906741,0.00000000,-0.13763092
2022-08-22,10057.38399861,0.00010789,-0.13753788
2022-08-23,10055.20824518,-0.00021633,-0.13772446
2022-08-24,10058.46598429,0.00032399,-0.13744510
2022-08-25,10059.55582468,0.00010835,-0.13735164
2022-08-26,10059.55582468,0.00000000,-0.13735164
2022-08-30,10060.64271956,0.00010805,-0.13725843
2022-08-31,10062.81356380,0.00021578,-0.13707228
2022-09-01,10064.88720606,0.00020607,-0.13689445
2022-09-02,10067.39714064,0.00024938,-0.13667921
2022-09-06,10066.20704332,-0.00011821,-0.13678127
2022-09-07,10067.65521839,0.00014387,-0.13665708
2022-09-08,10070.81806409,0.00031416,-0.13638586
2022-09-09,10071.56491088,0.00007416,-0.13632181
2022-09-12,10070.93317238,-0.00006272,-0.13637599
2022-09-13,10071.91308189,0.00009730,-0.13629195
2022-09-14,10070.95371772,-0.00009525,-0.13637422
2022-09-15,10074.30177807,0.00033245,-0.13608711
2022-09-16,10073.45170856,-0.00008438,-0.13616001
2022-09-20,10072.38492092,-0.00010590,-0.13625149
2022-09-21,10075.20856619,0.00028034,-0.13600935
2022-09-22,10078.00713825,0.00027777,-0.13576936
2022-09-23,10078.49896418,0.00004880,-0.13572719
2022-09-26,10077.71647135,-0.00007764,-0.13579429
2022-09-27,10080.00998797,0.00022758,-0.13559761
2022-09-28,10081.65147902,0.00016285,-0.13545685
2022-09-29,10081.20645736,-0.00004414,-0.13549501
2022-09-30,10081.09109079,-0.00001144,-0.13550490
2022-10-03,10077.52825729,-0.00035342,-0.13581043
2022-10-04,10080.83434535,0.00032807,-0.13552692
2022-10-05,10080.83434535,0.00000000,-0.13552692
2022-10-06,10083.03741123,0.00021854,-0.13533800
2022-10-07,10083.03741123,0.00000000,-0.13533800
2022-10-10,10084.13844776,0.00010920,-0.13524358
2022-10-11,10084.13844776,0.00000000,-0.13524358
2022-10-12,10084.13844776,0.00000000,-0.13524358
2022-10-13,10087.44255018,0.00032765,-0.13496024
2022-10-14,10087.44255018,0.00000000,-0.13496024
2022-10-17,10087.44255018,0.00000000,-0.13496024
2022-10-18,10087.44255018,0.00000000,-0.13496024
2022-10-19,10087.44255018,0.00000000,-0.13496024
2022-10-20,10091.85463886,0.00043738,-0.13458188
2022-10-21,10092.96163231,0.00010969,-0.13448695
2022-10-24,10091.85463886,-0.00010968,-0.13458188
2022-10-25,10091.85463886,0.00000000,-0.13458188
2022-10-26,10094.06266884,0.00021879,-0.13439254
2022-10-27,10097.36974972,0.00032763,-0.13410894
2022-10-28,10096.26672755,-0.00010924,-0.13420353
2022-10-31,10096.26672755,0.00000000,-0.13420353
2022-11-01,10097.15232231,0.00008772,-0.13412759
2022-11-02,10100.46734574,0.00032831,-0.13384331
2022-11-03,10103.78137634,0.00032811,-0.13355912
2022-11-04,10105.98841351,0.00021844,-0.13336985
2022-11-07,10104.88737697,-0.00010895,-0.13346427
2022-11-08,10105.98841351,0.00010896,-0.13336985
2022-11-09,10111.51345255,0.00054671,-0.13289606
2022-11-10,10112.61945318,0.00010938,-0.13280122
2022-11-11,10111.51345255,-0.00010937,-0.13289606
2022-11-14,10111.51345255,0.00000000,-0.13289606
2022-11-15,10113.72346817,0.00021856,-0.13270654
2022-11-16,10114.82748316,0.00010916,-0.13261187
2022-11-17,10118.14349941,0.00032784,-0.13232751
2022-11-18,10118.14349941,0.00000000,-0.13232751
2022-11-21,10119.24552876,0.00010892,-0.13223300
2022-11-22,10121.45753002,0.00021859,-0.13204331
2022-11-23,10123.66754564,0.00021835,-0.13185380
2022-11-25,10123.66754564,0.00000000,-0.13185380
2022-11-28,10124.77652473,0.00010954,-0.13175870
2022-11-29,10128.08658406,0.00032693,-0.13147485
2022-11-30,10128.08658406,0.00000000,-0.13147485
2022-12-01,10130.30354941,0.00021889,-0.13128473
2022-12-02,10131.41252850,0.00010947,-0.13118963
2022-12-05,10132.52051477,0.00010936,-0.13109462
2022-12-06,10135.84348075,0.00032795,-0.13080966
2022-12-07,10135.84348075,0.00000000,-0.13080966
2022-12-08,10142.49139835,0.00065588,-0.13023957
2022-12-09,10141.38341209,-0.00010924,-0.13033459
2022-12-12,10142.49139835,0.00010925,-0.13023957
2022-12-13,10142.49139835,0.00000000,-0.13023957
2022-12-14,10145.81337152,0.00032753,-0.12995470
2022-12-15,10148.02934405,0.00021841,-0.12976467
2022-12-16,10148.02934405,0.00000000,-0.12976467
2022-12-19,10149.25349017,0.00012063,-0.12965970
2022-12-20,10150.36346207,0.00010936,-0.12956451
2022-12-21,10151.47641244,0.00010965,-0.12946907
2022-12-22,10158.14418643,0.00065683,-0.12889728
2022-12-23,10158.14418643,0.00000000,-0.12889728
2022-12-28,10161.47906624,0.00032830,-0.12861130
2022-12-29,10165.92193232,0.00043723,-0.12823031
2022-12-30,10164.80997478,-0.00010938,-0.12832566
2023-01-03,10165.92193232,0.00010939,-0.12823031
2023-01-04,10164.81974201,-0.00010842,-0.12832483
2023-01-05,10168.12336065,0.00032501,-0.12804153
2023-01-06,10167.02313854,-0.00010820,-0.12813588
2023-01-09,10169.22456687,0.00021653,-0.12794709
2023-01-10,10168.12336065,-0.00010829,-0.12804153
2023-01-11,10168.12336065,0.00000000,-0.12804153
2023-01-12,10175.83574055,0.00075849,-0.12738016
2023-01-13,10176.93891497,0.00010841,-0.12728556
2023-01-17,10176.93891497,0.00000000,-0.12728556
2023-01-18,10178.03913708,0.00010811,-0.12719121
2023-01-19,10182.44593014,0.00043297,-0.12681331
2023-01-20,10183.54812046,0.00010824,-0.12671879
2023-01-23,10183.54812046,0.00000000,-0.12671879
2023-01-24,10184.64932667,0.00010814,-0.12662436
2023-01-25,10185.75053289,0.00010812,-0.12652992
2023-01-26,10191.25853216,0.00054076,-0.12605759
2023-01-27,10192.36072248,0.00010815,-0.12596307
2023-01-30,10192.36072248,0.00000000,-0.12596307
2023-01-31,10193.45897640,0.00010775,-0.12586889
2023-02-01,10194.12422698,0.00006526,-0.12581185
2023-02-02,10199.31653744,0.00050934,-0.12536658
2023-02-03,10201.29767016,0.00019424,-0.12519669
2023-02-06,10202.01628514,0.00007044,-0.12513507
2023-02-07,10203.09156455,0.00010540,-0.12504286
2023-02-08,10203.00156295,-0.00000882,-0.12505058
2023-02-09,10205.89638074,0.00028372,-0.12480233
2023-02-10,10206.77093984,0.00008569,-0.12472734
2023-02-13,10209.13498821,0.00023162,-0.12452461
2023-02-14,10208.80664727,-0.00003216,-0.12455277
2023-02-15,10211.56558268,0.00027025,-0.12431618
2023-02-16,10217.08214321,0.00054023,-0.12384311
2023-02-17,10217.58849896,0.00004956,-0.12379969
2023-02-21,10216.44540231,-0.00011188,-0.12389771
2023-02-22,10219.60420752,0.00030919,-0.12362683
2023-02-23,10222.87310475,0.00031987,-0.12334651
2023-02-24,10223.60930260,0.00007201,-0.12328338
2023-02-27,10224.95853894,0.00013197,-0.12316768
2023-02-28,10225.73357107,0.00007580,-0.12310121
2023-03-01,10226.65228240,0.00008984,-0.12302243
2023-03-02,10230.30641674,0.00035731,-0.12270907
2023-03-03,10233.74132725,0.00033576,-0.12241452
2023-03-06,10235.37449022,0.00015959,-0.12227447
2023-03-07,10235.30889348,-0.00000641,-0.12228009
2023-03-08,10237.38956067,0.00020328,-0.12210166
2023-03-09,10239.17536725,0.00017444,-0.12194852
2023-03-10,10239.28189725,0.00001040,-0.12193939
2023-03-13,10239.54290898,0.00002549,-0.12191701
2023-03-14,10241.64443455,0.00020524,-0.12173679
2023-03-15,10245.98956864,0.00042426,-0.12136418
2023-03-16,10251.53630246,0.00054136,-0.12088852
2023-03-17,10253.02200627,0.00014492,-0.12076112
2023-03-20,10253.95721807,0.00009121,-0.12068092
2023-03-21,10255.50530116,0.00015097,-0.12054817
2023-03-22,10257.73979130,0.00021788,-0.12035655
2023-03-23,10261.68038845,0.00038416,-0.12001863
2023-03-24,10263.21200998,0.00014926,-0.11988728
2023-03-27,10262.71104490,-0.00004881,-0.11993024
2023-03-28,10264.49193404,0.00017353,-0.11977752
2023-03-29,10265.39716907,0.00008819,-0.11969990
2023-03-30,10268.20333435,0.00027336,-0.11945926
2023-03-31,10266.61726845,-0.00015446,-0.11959527
2023-04-03,10269.36592735,0.00026773,-0.11935956
2023-04-04,10271.33685836,0.00019192,-0.11919054
2023-04-05,10276.44035620,0.00049687,-0.11875290
2023-04-06,10277.34526413,0.00008806,-0.11867530
2023-04-11,10279.11943848,0.00017263,-0.11852316
2023-04-12,10281.44808122,0.00022654,-0.11832346
2023-04-13,10288.44238941,0.00068028,-0.11772367
2023-04-14,10287.19480734,-0.00012126,-0.11783066
2023-04-17,10289.32597106,0.00020717,-0.11764790
2023-04-18,10290.74404548,0.00013782,-0.11752630
2023-04-19,10291.46677631,0.00007023,-0.11746432
2023-04-20,10299.28742608,0.00075992,-0.11679367
2023-04-21,10297.46640035,-0.00017681,-0.11694983
2023-04-24,10298.60371991,0.00011045,-0.11685230
2023-04-25,10297.00094948,-0.00015563,-0.11698974
2023-04-26,10299.42964930,0.00023586,-0.11678147
2023-04-27,10303.53227960,0.00039834,-0.11642965
2023-04-28,10303.95595887,0.00004112,-0.11639332
2023-05-02,10302.55708507,-0.00013576,-0.11651328
2023-05-03,10303.85638175,0.00012611,-0.11640186
2023-05-04,10307.46922359,0.00035063,-0.11609204
2023-05-05,10309.66005435,0.00021255,-0.11590417
2023-05-09,10312.06423397,0.00023320,-0.11569800
2023-05-10,10313.56213932,0.00014526,-0.11556955
2023-05-11,10319.61093204,0.00058649,-0.11505084
2023-05-12,10321.67936099,0.00020044,-0.11487347
2023-05-15,10323.21934868,0.00014920,-0.11474141
2023-05-16,10321.43047577,-0.00017329,-0.11489481
2023-05-17,10323.96062796,0.00024514,-0.11467784
2023-05-18,10329.55176787,0.00054157,-0.11419838
2023-05-19,10330.08054721,0.00005119,-0.11415303
2023-05-22,10331.17564499,0.00010601,-0.11405912
2023-05-23,10330.65537478,-0.00005036,-0.11410374
2023-05-24,10329.93892958,-0.00006935,-0.11416517
2023-05-25,10337.51250885,0.00073317,-0.11351571
2023-05-26,10341.09812859,0.00034686,-0.11320823
2023-05-30,10342.76346238,0.00016104,-0.11306542
2023-05-31,10344.75170369,0.00019224,-0.11289492
2023-06-01,10351.31344341,0.00063431,-0.11233222
2023-06-02,10351.84003353,0.00005087,-0.11228706
2023-06-05,10351.94435779,0.00001008,-0.11227812
2023-06-06,10354.21253556,0.00021911,-0.11208361
2023-06-07,10354.05366848,-0.00001534,-0.11209724
2023-06-08,10360.77136082,0.00064880,-0.11152117
2023-06-09,10361.91659924,0.00011054,-0.11142296
2023-06-12,10363.86267285,0.00018781,-0.11125607
2023-06-13,10365.91553293,0.00019808,-0.11108003
2023-06-14,10368.60833369,0.00025977,-0.11084911
2023-06-15,10373.96711180,0.00051683,-0.11038958
2023-06-16,10374.65399951,0.00006621,-0.11033067
2023-06-20,10376.00940346,0.00013065,-0.11021444
2023-06-21,10375.31578974,-0.00006685,-0.11027392
2023-06-22,10379.52979238,0.00040616,-0.10991255
2023-06-23,10380.32348054,0.00007647,-0.10984449
2023-06-26,10381.24713300,0.00008898,-0.10976528
2023-06-27,10384.01159859,0.00026629,-0.10952822
2023-06-28,10385.03689486,0.00009874,-0.10944030
2023-06-29,10388.41172103,0.00032497,-0.10915089
2023-06-30,10392.77067652,0.00041960,-0.10877709
2023-07-03,10395.28122553,0.00024157,-0.10856180
2023-07-05,10395.46427326,0.00001761,-0.10854611
2023-07-06,10397.35036626,0.00018143,-0.10838437
2023-07-07,10398.66238257,0.00012619,-0.10827186
2023-07-10,10401.02421756,0.00022713,-0.10806932
2023-07-11,10402.53832474,0.00014557,-0.10793948
2023-07-12,10406.97178982,0.00042619,-0.10755929
2023-07-13,10411.88230419,0.00047185,-0.10713819
2023-07-14,10412.83480994,0.00009148,-0.10705651
2023-07-17,10414.65028093,0.00017435,-0.10690083
2023-07-18,10416.46645992,0.00017439,-0.10674508
2023-07-19,10420.05902078,0.00034489,-0.10643701
2023-07-20,10424.23801419,0.00040105,-0.10607864
2023-07-21,10423.95612615,-0.00002704,-0.10610281
2023-07-24,10424.95105882,0.00009545,-0.10601749
2023-07-25,10426.93794027,0.00019059,-0.10584711
2023-07-26,10427.50152718,0.00005405,-0.10579878
2023-07-27,10432.51230384,0.00048053,-0.10536909
2023-07-28,10434.85095379,0.00022417,-0.10516854
2023-07-31,10436.23352444,0.00013250,-0.10504998
2023-08-01,10438.39133429,0.00020676,-0.10486493
2023-08-02,10437.40870276,-0.00009414,-0.10494920
2023-08-03,10441.30489033,0.00037329,-0.10461508
2023-08-04,10443.45697378,0.00020611,-0.10443053
2023-08-07,10443.00797578,-0.00004299,-0.10446904
2023-08-08,10444.16501790,0.00011080,-0.10436982
2023-08-09,10444.48514269,0.00003065,-0.10434237
2023-08-10,10450.49231924,0.00057515,-0.10382722
2023-08-11,10450.69832647,0.00001971,-0.10380956
2023-08-14,10452.41454738,0.00016422,-0.10366239
2023-08-15,10452.22550318,-0.00001809,-0.10367860
2023-08-16,10453.25842034,0.00009882,-0.10359002
2023-08-17,10456.61773126,0.00032136,-0.10330195
2023-08-18,10457.33417614,0.00006852,-0.10324051
2023-08-21,10459.53810925,0.00021075,-0.10305151
2023-08-22,10461.21041112,0.00015988,-0.10290810
2023-08-23,10465.61220518,0.00042077,-0.10253063
2023-08-24,10468.05709043,0.00023361,-0.10232097
2023-08-25,10470.59542875,0.00024248,-0.10210330
2023-08-29,10475.15935494,0.00043588,-0.10171193
2023-08-30,10477.85888616,0.00025771,-0.10148043
2023-08-31,10484.95474904,0.00067722,-0.10087193
2023-09-01,10487.13624015,0.00020806,-0.10068486
2023-09-05,10488.82070088,0.00016062,-0.10054041
2023-09-06,10487.72909960,-0.00010407,-0.10063402
2023-09-07,10492.80025073,0.00048353,-0.10019915
2023-09-08,10494.29854415,0.00014279,-0.10007066
2023-09-11,10494.56361378,0.00002526,-0.10004793
2023-09-12,10497.00871296,0.00023299,-0.09983825
2023-09-13,10497.98306753,0.00009282,-0.09975470
2023-09-14,10502.55780841,0.00043577,-0.09936239
2023-09-15,10504.48384219,0.00018339,-0.09919723
2023-09-18,10506.08398594,0.00015233,-0.09906001
2023-09-19,10506.74865184,0.00006326,-0.09900301
2023-09-20,10507.70505563,0.00009103,-0.09892100
2023-09-21,10511.20426863,0.00033301,-0.09862093
2023-09-22,10512.85643314,0.00015718,-0.09847925
2023-09-25,10513.38047870,0.00004985,-0.09843431
2023-09-26,10512.77327708,-0.00005776,-0.09848638
2023-09-27,10515.06788293,0.00021827,-0.09828960
2023-09-28,10518.29175627,0.00030660,-0.09801314
2023-09-29,10518.86183579,0.00005420,-0.09796426
2023-10-02,10519.83041441,0.00009208,-0.09788120
2023-10-03,10520.41148131,0.00005524,-0.09783137
2023-10-04,10521.72249615,0.00012462,-0.09771894
2023-10-05,10528.38256433,0.00063298,-0.09714782
2023-10-06,10529.81748358,0.00013629,-0.09702477
2023-10-09,10533.06825544,0.00030872,-0.09674600
2023-10-10,10534.03262569,0.00009156,-0.09666330
2023-10-11,10536.87466720,0.00026980,-0.09641958
2023-10-12,10541.81330986,0.00046870,-0.09599607
2023-10-13,10545.90799004,0.00038842,-0.09564494
2023-10-16,10547.30808145,0.00013276,-0.09552487
2023-10-17,10548.45623824,0.00010886,-0.09542642
2023-10-18,10550.00316546,0.00014665,-0.09529376
2023-10-19,10554.92551955,0.00046657,-0.09487165
2023-10-20,10555.54402912,0.00005860,-0.09481861
2023-10-23,10556.05847726,0.00004874,-0.09477449
2023-10-24,10557.84314653,0.00016907,-0.09462145
2023-10-25,10558.76037454,0.00008688,-0.09454279
2023-10-26,10561.94293290,0.00030141,-0.09426988
2023-10-27,10566.21309516,0.00040430,-0.09390369
2023-10-30,10567.37743818,0.00011019,-0.09380384
2023-10-31,10567.58059178,0.00001922,-0.09378642
2023-11-01,10571.78780060,0.00039812,-0.09342564
2023-11-02,10577.51386215,0.00054164,-0.09293460
2023-11-03,10579.38840056,0.00017722,-0.09277385
2023-11-06,10579.89987399,0.00004835,-0.09272999
2023-11-07,10582.82873714,0.00027683,-0.09247883
2023-11-08,10583.19239669,0.00003436,-0.09244765
2023-11-09,10589.50037188,0.00059604,-0.09190671
2023-11-10,10590.79812443,0.00012255,-0.09179542
2023-11-13,10592.52890971,0.00016342,-0.09164700
2023-11-14,10595.64383014,0.00029407,-0.09137988
2023-11-15,10598.23743972,0.00024478,-0.09115747
2023-11-16,10603.67892769,0.00051343,-0.09069084
2023-11-17,10606.26285792,0.00024368,-0.09046926
2023-11-20,10606.82281395,0.00005279,-0.09042124
2023-11-21,10610.55480962,0.00035185,-0.09010121
2023-11-22,10615.56077849,0.00047179,-0.08967192
2023-11-24,10616.43080407,0.00008196,-0.08959732
2023-11-27,10618.13637938,0.00016065,-0.08945106
2023-11-28,10621.43167976,0.00031035,-0.08916847
2023-11-29,10622.76470892,0.00012550,-0.08905416
2023-11-30,10627.04781038,0.00040320,-0.08868686
2023-12-01,10631.34924555,0.00040476,-0.08831800
2023-12-04,10628.71396332,-0.00024788,-0.08854398
2023-12-05,10631.17320825,0.00023138,-0.08833309
2023-12-06,10632.48344454,0.00012324,-0.08822074
2023-12-07,10637.86979453,0.00050659,-0.08775883
2023-12-08,10639.66571557,0.00016882,-0.08760483
2023-12-11,10641.54013766,0.00017617,-0.08744409
2023-12-12,10642.01618501,0.00004473,-0.08740326
2023-12-13,10645.96286065,0.00037086,-0.08706482
2023-12-14,10650.91048628,0.00046474,-0.08664054
2023-12-15,10654.04335222,0.00029414,-0.08637189
2023-12-18,10656.21852589,0.00020416,-0.08618536
2023-12-19,10656.87981196,0.00006206,-0.08612865
2023-12-20,10658.65735784,0.00016680,-0.08597622
2023-12-21,10666.27724377,0.00071490,-0.08532278
2023-12-22,10667.77029634,0.00013998,-0.08519474
2023-12-27,10671.54436581,0.00035378,-0.08487110
2023-12-28,10678.31894565,0.00063483,-0.08429015
2023-12-29,10678.07222713,-0.00002310,-0.08431131
2024-01-02,10677.81360732,-0.00002422,-0.08433349
2024-01-03,10679.38066480,0.00014676,-0.08419911
2024-01-04,10682.56155717,0.00029785,-0.08392633
2024-01-05,10683.30955325,0.00007002,-0.08386219
2024-01-08,10684.85942370,0.00014507,-0.08372928
2024-01-09,10686.57836167,0.00016088,-0.08358187
2024-01-10,10689.16821363,0.00024235,-0.08335978
2024-01-11,10695.03793973,0.00054913,-0.08285643
2024-01-12,10698.75906186,0.00034793,-0.08253733
2024-01-16,10699.33809062,0.00005412,-0.08248767
2024-01-17,10699.64125956,0.00002834,-0.08246168
2024-01-18,10706.13125728,0.00060656,-0.08190513
2024-01-19,10709.02086172,0.00026990,-0.08165734
2024-01-22,10710.55554225,0.00014331,-0.08152573
2024-01-23,10712.27789792,0.00016081,-0.08137803
2024-01-24,10713.33092863,0.00009830,-0.08128773
2024-01-25,10719.75363991,0.00059951,-0.08073696
2024-01-26,10720.41719796,0.00006190,-0.08068005
2024-01-29,10722.79086944,0.00022142,-0.08047650
2024-01-30,10724.17983255,0.00012953,-0.08035739
2024-01-31,10723.68149468,-0.00004647,-0.08040013
2024-02-01,10730.26925419,0.00061432,-0.07983520
2024-02-02,10733.20909944,0.00027398,-0.07958310
2024-02-05,10733.11302413,-0.00000895,-0.07959134
2024-02-06,10735.71918678,0.00024282,-0.07936785
2024-02-07,10737.56810285,0.00017222,-0.07920929
2024-02-08,10742.32360157,0.00044288,-0.07880149
2024-02-09,10743.86494584,0.00014348,-0.07866931
2024-02-12,10746.21649815,0.00021887,-0.07846766
2024-02-13,10743.13419011,-0.00028683,-0.07873198
2024-02-14,10746.26989531,0.00029188,-0.07846308
2024-02-15,10753.04096898,0.00063009,-0.07788243
2024-02-16,10755.64985183,0.00024262,-0.07765871
2024-02-20,10756.04486585,0.00003673,-0.07762484
2024-02-21,10756.93778243,0.00008302,-0.07754826
2024-02-22,10765.23029008,0.00077090,-0.07683715
2024-02-23,10766.95954599,0.00016063,-0.07668886
2024-02-26,10766.69149353,-0.00002490,-0.07671184
2024-02-27,10768.79218672,0.00019511,-0.07653170
2024-02-28,10770.01847832,0.00011387,-0.07642654
2024-02-29,10775.64623461,0.00052254,-0.07594394
2024-03-01,10781.80769109,0.00057179,-0.07541557
2024-03-04,10784.48808412,0.00024860,-0.07518571
2024-03-05,10783.47525577,-0.00009392,-0.07527257
2024-03-06,10787.25051372,0.00035010,-0.07494882
2024-03-07,10793.37389798,0.00056765,-0.07442372
2024-03-08,10794.49664776,0.00010402,-0.07432744
2024-03-11,10795.41892463,0.00008544,-0.07424835
2024-03-12,10799.33011435,0.00036230,-0.07391295
2024-03-13,10799.68562706,0.00003292,-0.07388246
2024-03-14,10803.80775231,0.00038169,-0.07352897
2024-03-15,10804.82746915,0.00009438,-0.07344153
2024-03-18,10806.89706342,0.00019154,-0.07326405
2024-03-19,10809.39286512,0.00023095,-0.07305002
2024-03-20,10812.39610425,0.00027784,-0.07279248
2024-03-21,10817.16163752,0.00044075,-0.07238382
2024-03-22,10817.51829818,0.00003297,-0.07235324
2024-03-25,10819.56641837,0.00018933,-0.07217760
2024-03-26,10821.11391467,0.00014303,-0.07204490
2024-03-27,10828.89643236,0.00071920,-0.07137751
2024-03-28,10830.39505328,0.00013839,-0.07124900
2024-04-02,10837.61130823,0.00066630,-0.07063018
2024-04-03,10838.78730775,0.00010851,-0.07052933
2024-04-04,10842.28660408,0.00032285,-0.07022925
2024-04-05,10846.40495857,0.00037984,-0.06987608
2024-04-08,10848.34183214,0.00017857,-0.06970999
2024-04-09,10849.81455862,0.00013576,-0.06958370
2024-04-10,10850.79877723,0.00009071,-0.06949930
2024-04-11,10857.31658509,0.00060068,-0.06894037
2024-04-12,10856.61979898,-0.00006418,-0.06900012
2024-04-15,10860.01480255,0.00031271,-0.06870898
2024-04-16,10860.28232713,0.00002463,-0.06868604
2024-04-17,10859.66631515,-0.00005672,-0.06873887
2024-04-18,10865.60014554,0.00054641,-0.06823002
2024-04-19,10865.97711015,0.00003469,-0.06819769
2024-04-22,10866.25189129,0.00002529,-0.06817413
2024-04-23,10868.20418454,0.00017967,-0.06800671
2024-04-24,10868.28545691,0.00000748,-0.06799974
2024-04-25,10873.57491232,0.00048669,-0.06754615
2024-04-26,10875.62557720,0.00018859,-0.06737030
2024-04-29,10877.63453423,0.00018472,-0.06719802
2024-04-30,10875.48221104,-0.00019787,-0.06738259
2024-05-01,10877.57653384,0.00019257,-0.06720299
2024-05-02,10883.80827174,0.00057290,-0.06666860
2024-05-03,10886.03594168,0.00020468,-0.06647756
2024-05-07,10887.92196803,0.00017325,-0.06631583
2024-05-08,10890.22528134,0.00021155,-0.06611831
2024-05-09,10897.15010895,0.00063588,-0.06552448
2024-05-10,10897.83956885,0.00006327,-0.06546536
2024-05-13,10899.65169730,0.00016628,-0.06530996
2024-05-14,10901.76148754,0.00019356,-0.06512903
2024-05-15,10904.73791614,0.00027302,-0.06487379
2024-05-16,10909.05543296,0.00039593,-0.06450355
2024-05-17,10911.24823662,0.00020101,-0.06431551
2024-05-20,10914.40853808,0.00028964,-0.06404450
2024-05-21,10915.54908300,0.00010450,-0.06394669
2024-05-22,10916.72158301,0.00010742,-0.06384614
2024-05-23,10922.03133386,0.00048639,-0.06339081
2024-05-24,10923.64416582,0.00014767,-0.06325250
2024-05-28,10923.33977111,-0.00002787,-0.06327861
2024-05-29,10924.78955608,0.00013272,-0.06315428
2024-05-30,10926.29755566,0.00013803,-0.06302497
2024-05-31,10928.33583618,0.00018655,-0.06285017
2024-06-03,10930.82996411,0.00022823,-0.06263629
2024-06-04,10932.61603827,0.00016340,-0.06248313
2024-06-05,10935.49232353,0.00026309,-0.06223648
2024-06-06,10937.07441884,0.00014468,-0.06210081
2024-06-07,10939.34841974,0.00020792,-0.06190580
2024-06-10,10942.41496941,0.00028032,-0.06164283
2024-06-11,10944.57973735,0.00019783,-0.06145719
2024-06-12,10948.03242542,0.00031547,-0.06116111
2024-06-13,10949.00107336,0.00008848,-0.06107805
2024-06-14,10955.89069327,0.00062925,-0.06048723
2024-06-17,10957.36513361,0.00013458,-0.06036079
2024-06-18,10960.04722215,0.00024477,-0.06013079
2024-06-20,10962.75669342,0.00024721,-0.05989844
2024-06-21,10965.10921213,0.00021459,-0.05969671
2024-06-24,10966.67935224,0.00014319,-0.05956206
2024-06-25,10967.10499891,0.00003881,-0.05952556
2024-06-26,10967.61329964,0.00004635,-0.05948197
2024-06-27,10970.76393323,0.00028727,-0.05921179
2024-06-28,10974.20894484,0.00031402,-0.05891637
2024-07-01,10978.51458238,0.00039234,-0.05854714
2024-07-02,10979.85903920,0.00012246,-0.05843185
2024-07-03,10985.18155443,0.00048475,-0.05797542
2024-07-05,10990.27666890,0.00046382,-0.05753849
2024-07-08,10991.76191749,0.00013514,-0.05741113
2024-07-09,10992.03512465,0.00002486,-0.05738770
2024-07-10,10995.45625755,0.00031124,-0.05709432
2024-07-11,10997.07943091,0.00014762,-0.05695513
2024-07-12,11002.31502560,0.00047609,-0.05650615
2024-07-15,11005.13822717,0.00025660,-0.05626405
2024-07-16,11007.05160481,0.00017386,-0.05609997
2024-07-17,11007.79790920,0.00006780,-0.05603597
2024-07-18,11007.98597171,0.00001708,-0.05601985
2024-07-19,11008.79843724,0.00007381,-0.05595017
2024-07-22,11012.39209730,0.00032644,-0.05564200
2024-07-23,11013.09199839,0.00006356,-0.05558198
2024-07-24,11013.32939706,0.00002156,-0.05556163
2024-07-25,11011.27299498,-0.00018672,-0.05573797
2024-07-26,11018.89109022,0.00069185,-0.05508469
2024-07-29,11018.64685594,-0.00002217,-0.05510563
2024-07-30,11019.85604543,0.00010974,-0.05500194
2024-07-31,11026.67582283,0.00061886,-0.05441712
2024-08-01,11026.92566654,0.00002266,-0.05439569
2024-08-02,11029.44239740,0.00022824,-0.05417987
2024-08-05,11026.02376043,-0.00030996,-0.05447303
2024-08-06,11028.78123761,0.00025009,-0.05423657
2024-08-07,11031.31777047,0.00022999,-0.05401905
2024-08-08,11035.13051076,0.00034563,-0.05369209
2024-08-09,11038.06067293,0.00026553,-0.05344082
2024-08-12,11043.67706845,0.00050882,-0.05295919
2024-08-13,11046.36122647,0.00024305,-0.05272901
2024-08-14,11047.51423280,0.00010438,-0.05263014
2024-08-15,11050.96583172,0.00031243,-0.05233415
2024-08-16,11058.99889907,0.00072691,-0.05164528
2024-08-19,11059.74734455,0.00006768,-0.05158110
2024-08-20,11062.18957276,0.00022082,-0.05137167
2024-08-21,11064.70335234,0.00022724,-0.05115610
2024-08-22,11062.42450794,-0.00020596,-0.05135152
2024-08-23,11068.79577213,0.00057594,-0.05080516
2024-08-27,11072.41618220,0.00032708,-0.05049469
2024-08-28,11072.26173518,-0.00001395,-0.05050794
2024-08-29,11073.08868838,0.00007469,-0.05043702
2024-08-30,11078.63638584,0.00050101,-0.04996128
2024-09-03,11080.49501393,0.00016777,-0.04980190
2024-09-04,11080.79846764,0.00002739,-0.04977588
2024-09-05,11082.29104027,0.00013470,-0.04964788
2024-09-06,11085.67541306,0.00030539,-0.04935766
2024-09-09,11087.53911142,0.00016812,-0.04919784
2024-09-10,11092.18802354,0.00041929,-0.04879917
2024-09-11,11093.12784409,0.00008473,-0.04871858
2024-09-12,11097.51455505,0.00039544,-0.04834240
2024-09-13,11105.11415696,0.00068480,-0.04769071
2024-09-16,11106.90312770,0.00016109,-0.04753729
2024-09-17,11108.09433052,0.00010725,-0.04743514
2024-09-18,11108.77613717,0.00006138,-0.04737668
2024-09-19,11114.62322446,0.00052635,-0.04687526
2024-09-20,11119.98961687,0.00048282,-0.04641507
2024-09-23,11121.34361423,0.00012176,-0.04629896
2024-09-24,11124.28619793,0.00026459,-0.04604662
2024-09-25,11126.83933160,0.00022951,-0.04582768
2024-09-26,11127.86589803,0.00009226,-0.04573965
2024-09-27,11130.47492189,0.00023446,-0.04551592
2024-09-30,11130.64398854,0.00001519,-0.04550142
2024-10-01,11133.49740594,0.00025636,-0.04525672
2024-10-02,11135.13001418,0.00014664,-0.04511672
2024-10-03,11138.08464395,0.00026534,-0.04486335
2024-10-04,11140.86403721,0.00024954,-0.04462501
2024-10-07,11143.05990884,0.00019710,-0.04443670
2024-10-08,11142.92035606,-0.00001252,-0.04444867
2024-10-09,11144.51850426,0.00014342,-0.04431162
2024-10-10,11146.56581737,0.00018371,-0.04413605
2024-10-11,11153.80922036,0.00064983,-0.04351490
2024-10-14,11153.42939181,-0.00003405,-0.04354747
2024-10-15,11156.08542758,0.00023814,-0.04331971
2024-10-16,11156.91090741,0.00007399,-0.04324892
2024-10-17,11160.34330166,0.00030765,-0.04295458
2024-10-18,11164.95832809,0.00041352,-0.04255882
2024-10-21,11167.35733474,0.00021487,-0.04235310
2024-10-22,11169.56266809,0.00019748,-0.04216398
2024-10-23,11167.54600523,-0.00018055,-0.04233692
2024-10-24,11169.54944281,0.00017940,-0.04216511
2024-10-25,11175.00337746,0.00048829,-0.04169742
2024-10-28,11174.92125366,-0.00000735,-0.04170446
2024-10-29,11178.77637962,0.00034498,-0.04137387
2024-10-30,11179.88404017,0.00009909,-0.04127888
2024-10-31,11179.01471164,-0.00007776,-0.04135343
2024-11-01,11183.59508237,0.00040973,-0.04096064
2024-11-04,11185.81405987,0.00019841,-0.04077036
2024-11-05,11186.68464504,0.00007783,-0.04069570
2024-11-06,11188.83033041,0.00019181,-0.04051170
2024-11-07,11192.39348875,0.00031846,-0.04020614
2024-11-08,11198.07461514,0.00050759,-0.03971896
2024-11-11,11195.11722616,-0.00026410,-0.03997257
2024-11-12,11195.75930926,0.00005735,-0.03991751
2024-11-13,11197.35687378,0.00014269,-0.03978051
2024-11-14,11197.02785462,-0.00002938,-0.03980873
2024-11-15,11198.98675108,0.00017495,-0.03964074
2024-11-18,11202.12272460,0.00028002,-0.03937182
2024-11-19,11206.66125344,0.00040515,-0.03898262
2024-11-20,11208.16889573,0.00013453,-0.03885334
2024-11-21,11211.33246107,0.00028226,-0.03858205
2024-11-22,11216.72149794,0.00048068,-0.03811992
2024-11-25,11215.50277876,-0.00010865,-0.03822443
2024-11-26,11215.92929710,0.00003803,-0.03818785
2024-11-27,11218.52923295,0.00023181,-0.03796490
2024-11-29,11222.41672928,0.00034652,-0.03763153
2024-12-02,11225.47042314,0.00027211,-0.03736966
2024-12-03,11228.16032058,0.00023962,-0.03713899
2024-12-04,11230.31589254,0.00019198,-0.03695414
2024-12-05,11230.71380318,0.00003543,-0.03692002
2024-12-06,11235.73307869,0.00044692,-0.03648959
2024-12-09,11237.21205757,0.00013163,-0.03636277
2024-12-10,11240.11935000,0.00025872,-0.03611345
2024-12-11,11242.92821626,0.00024990,-0.03587258
2024-12-12,11244.02227101,0.00009731,-0.03577876
2024-12-13,11246.78147231,0.00024539,-0.03554215
2024-12-16,11248.35809135,0.00014018,-0.03540695
2024-12-17,11248.79923207,0.00003922,-0.03536912
2024-12-18,11246.04994801,-0.00024441,-0.03560488
2024-12-19,11246.89085887,0.00007477,-0.03553277
2024-12-20,11253.32115036,0.00057174,-0.03498134
2024-12-23,11253.40216000,0.00000720,-0.03497440
2024-12-24,11256.70896760,0.00029385,-0.03469083
2024-12-27,11263.31333160,0.00058670,-0.03412447
2024-12-30,11262.35068999,-0.00008547,-0.03420702
2024-12-31,11265.14855404,0.00024843,-0.03396710
2025-01-02,11269.22736392,0.00036207,-0.03361732
2025-01-03,11270.25208398,0.00009093,-0.03352945
2025-01-06,11272.27496340,0.00017949,-0.03335598
2025-01-07,11274.00519503,0.00015349,-0.03320760
2025-01-08,11277.20102065,0.00028347,-0.03293355
2025-01-10,11280.73902706,0.00031373,-0.03263015
2025-01-13,11280.70965879,-0.00000260,-0.03263267
2025-01-14,11283.95186913,0.00028741,-0.03235463
2025-01-15,11287.25032984,0.00029231,-0.03207178
2025-01-16,11287.81190810,0.00004975,-0.03202362
2025-01-17,11294.75556236,0.00061515,-0.03142817
2025-01-21,11296.10403749,0.00011939,-0.03131254
2025-01-22,11300.34551912,0.00037548,-0.03094881
2025-01-23,11300.23286912,-0.00000997,-0.03095847
2025-01-24,11304.87923659,0.00041117,-0.03056003
2025-01-27,11302.33397745,-0.00022515,-0.03077829
2025-01-28,11304.54545510,0.00019567,-0.03058865
2025-01-29,11305.32794464,0.00006922,-0.03052155
2025-01-30,11307.96203929,0.00023300,-0.03029566
2025-01-31,11312.16577202,0.00037175,-0.02993518
2025-02-03,11314.35789463,0.00019378,-0.02974719
2025-02-04,11315.68612372,0.00011739,-0.02963329
2025-02-05,11317.77425418,0.00018453,-0.02945423
2025-02-06,11320.91505956,0.00027751,-0.02918489
2025-02-07,11323.02765068,0.00018661,-0.02900373
2025-02-10,11326.37228285,0.00029538,-0.02871691
2025-02-11,11327.20737743,0.00007373,-0.02864530
2025-02-12,11328.15300777,0.00008348,-0.02856420
2025-02-13,11332.03346161,0.00034255,-0.02823144
2025-02-14,11334.44130004,0.00021248,-0.02802496
2025-02-18,11338.62731717,0.00036932,-0.02766599
2025-02-19,11340.01898142,0.00012274,-0.02754665
2025-02-20,11341.87803228,0.00016394,-0.02738723
2025-02-21,11344.41899284,0.00022403,-0.02716933
2025-02-24,11345.02148737,0.00005311,-0.02711766
2025-02-25,11342.72789279,-0.00020217,-0.02731435
2025-02-26,11346.23588738,0.00030927,-0.02701352
2025-02-27,11344.81723895,-0.00012503,-0.02713518
2025-02-28,11346.74068967,0.00016954,-0.02697023
2025-03-03,11349.25358861,0.00022146,-0.02675474
2025-03-04,11348.16786140,-0.00009567,-0.02684785
2025-03-05,11349.81803704,0.00014541,-0.02670634
2025-03-06,11350.09164723,0.00002411,-0.02668288
2025-03-07,11354.44170940,0.00038326,-0.02630984
2025-03-10,11353.30832180,-0.00009982,-0.02640703
2025-03-11,11354.45071348,0.00010062,-0.02630907
2025-03-12,11356.82423619,0.00020904,-0.02610553
2025-03-13,11359.60291697,0.00024467,-0.02586725
2025-03-14,11363.81715393,0.00037098,-0.02550586
2025-03-17,11367.07501738,0.00028669,-0.02522648
2025-03-18,11367.41166054,0.00002962,-0.02519761
2025-03-19,11369.76111982,0.00020668,-0.02499614
2025-03-20,11371.91712497,0.00018963,-0.02481125
2025-03-21,11374.93128054,0.00026505,-0.02455278
2025-03-24,11375.93002691,0.00008780,-0.02446713
2025-03-25,11377.66224961,0.00015227,-0.02431858
2025-03-26,11377.98771101,0.00002861,-0.02429067
2025-03-27,11380.77700285,0.00024515,-0.02405148
2025-03-28,11383.49428558,0.00023876,-0.02381846
2025-03-31,11384.35691211,0.00007578,-0.02374449
2025-04-01,11387.65050139,0.00028931,-0.02346205
2025-04-02,11389.21880871,0.00013772,-0.02332756
2025-04-03,11385.73676737,-0.00030573,-0.02362616
2025-04-04,11383.87157848,-0.00016382,-0.02378611
2025-04-07,11382.72124199,-0.00010105,-0.02388475
2025-04-08,11386.42220760,0.00032514,-0.02356738
2025-04-09,11390.84401204,0.00038834,-0.02318819
2025-04-10,11394.44983224,0.00031655,-0.02287898
2025-04-11,11401.23186269,0.00059520,-0.02229739
2025-04-14,11402.00636287,0.00006793,-0.02223098
2025-04-15,11405.08027568,0.00026959,-0.02196737
2025-04-16,11407.66522962,0.00022665,-0.02174570
2025-04-17,11411.49635582,0.00033584,-0.02141717
2025-04-22,11413.66681375,0.00019020,-0.02123104
2025-04-23,11416.21481326,0.00022324,-0.02101254
2025-04-24,11418.74839064,0.00022193,-0.02079528
2025-04-25,11423.38410937,0.00040597,-0.02039775
2025-04-28,11425.61246248,0.00019507,-0.02020665
2025-04-29,11425.19841858,-0.00003624,-0.02024216
2025-04-30,11426.03226122,0.00007298,-0.02017066
2025-05-01,11428.55743212,0.00022100,-0.01995411
2025-05-02,11433.13108535,0.00040020,-0.01956190
2025-05-06,11439.30879555,0.00054033,-0.01903214
2025-05-07,11438.23493149,-0.00009387,-0.01912423
2025-05-08,11439.96496869,0.00015125,-0.01897587
2025-05-09,11444.10306036,0.00036172,-0.01862101
2025-05-12,11444.36002022,0.00002245,-0.01859897
2025-05-13,11448.13597305,0.00032994,-0.01827517
2025-05-14,11446.61772345,-0.00013262,-0.01840537
2025-05-15,11449.20152220,0.00022573,-0.01818380
2025-05-16,11453.57668969,0.00038214,-0.01780861
2025-05-19,11454.27989213,0.00006140,-0.01774830
2025-05-20,11458.19741212,0.00034201,-0.01741236
2025-05-21,11459.16210391,0.00008419,-0.01732963
2025-05-22,11460.40429396,0.00010840,-0.01722311
2025-05-23,11466.15166190,0.00050150,-0.01673025
2025-05-27,11466.25070983,0.00000864,-0.01672176
2025-05-28,11467.25234188,0.00008735,-0.01663586
2025-05-29,11468.95536713,0.00014851,-0.01648982
2025-05-30,11472.08605156,0.00027297,-0.01622135
2025-06-02,11476.16844574,0.00035585,-0.01587127
2025-06-03,11478.97246803,0.00024433,-0.01563081
2025-06-04,11479.42534982,0.00003945,-0.01559198
2025-06-05,11480.30705607,0.00007681,-0.01551637
2025-06-06,11483.67066968,0.00029299,-0.01522792
2025-06-09,11486.52187044,0.00024828,-0.01498342
2025-06-10,11488.10569971,0.00013789,-0.01484760
2025-06-11,11488.53215025,0.00003712,-0.01481103
2025-06-12,11490.55953434,0.00017647,-0.01463718
2025-06-13,11495.76449739,0.00045298,-0.01419083
2025-06-16,11495.51512059,-0.00002169,-0.01421221
2025-06-17,11497.76347481,0.00019559,-0.01401941
2025-06-18,11500.09087787,0.00020242,-0.01381982
2025-06-20,11502.15809214,0.00017976,-0.01364255
2025-06-23,11505.04477539,0.00025097,-0.01339501
2025-06-24,11504.90593150,-0.00001207,-0.01340691
2025-06-25,11506.52857657,0.00014104,-0.01326776
2025-06-26,11507.84977570,0.00011482,-0.01315447
2025-06-27,11512.18280128,0.00037653,-0.01278289
2025-06-30,11514.44049805,0.00019611,-0.01258928
2025-07-01,11516.72863305,0.00019872,-0.01239307
2025-07-02,11518.94591832,0.00019253,-0.01220293
2025-07-03,11525.34409448,0.00055545,-0.01165426
2025-07-07,11526.24085904,0.00007781,-0.01157736
2025-07-08,11525.96807113,-0.00002367,-0.01160075
2025-07-09,11527.66168417,0.00014694,-0.01145551
2025-07-10,11530.46390754,0.00024309,-0.01121521
2025-07-11,11533.34988052,0.00025029,-0.01096773
2025-07-14,11534.56663915,0.00010550,-0.01086339
2025-07-15,11535.93183564,0.00011836,-0.01074631
2025-07-16,11538.25556497,0.00020143,-0.01054704
2025-07-17,11538.94636135,0.00005987,-0.01048781
2025-07-18,11544.04351557,0.00044173,-0.01005070
2025-07-21,11547.41284272,0.00029187,-0.00976177
2025-07-22,11548.74221187,0.00011512,-0.00964777
2025-07-23,11549.63912239,0.00007766,-0.00957086
2025-07-24,11549.77510489,0.00001177,-0.00955920
2025-07-25,11553.31781255,0.00030673,-0.00925539
2025-07-28,11554.48467631,0.00010100,-0.00915533
2025-07-29,11555.92192508,0.00012439,-0.00903208
2025-07-30,11556.49852387,0.00004990,-0.00898264
2025-07-31,11558.02681883,0.00013225,-0.00885158
2025-08-01,11562.48037621,0.00038532,-0.00846967
2025-08-04,11564.82123811,0.00020245,-0.00826893
2025-08-05,11564.59010352,-0.00001999,-0.00828875
2025-08-06,11568.64715997,0.00035082,-0.00794084
2025-08-07,11568.89624863,0.00002153,-0.00791948
2025-08-08,11572.97166058,0.00035227,-0.00757000
2025-08-11,11573.58945150,0.00005338,-0.00751702
2025-08-12,11575.10253132,0.00013074,-0.00738727
2025-08-13,11576.50826781,0.00012144,-0.00726672
2025-08-14,11577.48451610,0.00008433,-0.00718300
2025-08-15,11582.36836759,0.00042184,-0.00676419
2025-08-18,11582.41584084,0.00000410,-0.00676012
2025-08-19,11584.32824594,0.00016511,-0.00659612
2025-08-20,11587.01702307,0.00023210,-0.00636555
2025-08-21,11586.89881922,-0.00001020,-0.00637569
2025-08-22,11591.63967832,0.00040916,-0.00596914
2025-08-26,11594.23528770,0.00022392,-0.00574655
2025-08-27,11595.88341702,0.00014215,-0.00560522
2025-08-28,11597.58450776,0.00014670,-0.00545934
2025-08-29,11602.55542393,0.00042862,-0.00503307
2025-09-02,11606.09183797,0.00030480,-0.00472980
2025-09-03,11608.00881027,0.00016517,-0.00456542
2025-09-04,11610.67908630,0.00023004,-0.00433643
2025-09-05,11614.84796623,0.00035906,-0.00397893
2025-09-08,11617.04100271,0.00018881,-0.00379087
2025-09-09,11618.20657089,0.00010033,-0.00369092
2025-09-10,11620.15981986,0.00016812,-0.00352342
2025-09-11,11621.66118181,0.00012920,-0.00339467
2025-09-12,11625.52445324,0.00033242,-0.00306338
2025-09-15,11627.55252502,0.00017445,-0.00288946
2025-09-16,11628.64151514,0.00009366,-0.00279608
2025-09-17,11629.38842026,0.00006423,-0.00273203
2025-09-18,11631.34502416,0.00016825,-0.00256424
2025-09-19,11637.23881639,0.00050672,-0.00205882
2025-09-22,11639.79746572,0.00021987,-0.00183941
2025-09-23,11639.88324176,0.00000737,-0.00183205
2025-09-24,11641.74805873,0.00016021,-0.00167214
2025-09-25,11641.95073740,0.00001741,-0.00165476
2025-09-26,11645.99370313,0.00034728,-0.00130806
2025-09-29,11648.37919789,0.00020483,-0.00110349
2025-09-30,11648.82333205,0.00003813,-0.00106540
2025-10-01,11651.96289465,0.00026952,-0.00079617
2025-10-02,11653.39602311,0.00012299,-0.00067328
2025-10-03,11656.19943164,0.00024057,-0.00043287
2025-10-06,11659.53365519,0.00028605,-0.00014695
2025-10-07,11659.52387139,-0.00000084,-0.00014779
2025-10-08,11663.08864406,0.00030574,0.00000000
2025-10-09,11662.55584050,-0.00004568,-0.00004568
2025-10-10,11666.69475681,0.00035489,0.00000000
2025-10-13,11669.30488964,0.00022373,0.00000000
2025-10-14,11669.35542018,0.00000433,0.00000000
2025-10-15,11671.43987590,0.00017863,0.00000000
2025-10-16,11673.47336129,0.00017423,0.00000000
2025-10-17,11675.11762014,0.00014085,0.00000000
2025-10-20,11679.56090423,0.00038058,0.00000000
2025-10-21,11677.39184188,-0.00018571,-0.00018571
2025-10-22,11679.58327232,0.00018766,0.00000000
2025-10-23,11681.40080337,0.00015562,0.00000000
2025-10-24,11695.90058234,0.00124127,0.00000000
2025-10-27,11685.24484533,-0.00091107,-0.00091107
2025-10-28,11686.68886451,0.00012358,-0.00078760
2025-10-29,11690.65411456,0.00033930,-0.00044857
2025-10-30,11691.06810997,0.00003541,-0.00041318
2025-10-31,11693.35992494,0.00019603,-0.00021723
2025-11-03,11695.15577451,0.00015358,-0.00006368
2025-11-04,11695.65589411,0.00004276,-0.00002092
2025-11-05,11697.25117719,0.00013640,0.00000000
2025-11-06,11697.98011593,0.00006232,0.00000000
2025-11-07,11701.63837080,0.00031273,0.00000000
2025-11-10,11705.47525748,0.00032789,0.00000000
2025-11-11,11704.29505251,-0.00010083,-0.00010083
2025-11-12,11706.14312442,0.00015790,0.00000000
2025-11-13,11706.63483862,0.00004200,0.00000000
2025-11-14,11711.32255554,0.00040043,0.00000000
2025-11-17,11710.72433505,-0.00005108,-0.00005108
2025-11-18,11712.99913756,0.00019425,0.00000000
2025-11-19,11713.19412465,0.00001665,0.00000000
2025-11-20,11715.40960112,0.00018914,0.00000000
2025-11-21,11717.71000630,0.00019636,0.00000000
2025-11-24,11718.63813932,0.00007921,0.00000000
2025-11-25,11721.21553530,0.00021994,0.00000000
2025-11-26,11723.02935328,0.00015475,0.00000000
2025-11-28,11727.29136490,0.00036356,0.00000000
2025-12-01,11728.81452834,0.00012988,0.00000000
2025-12-02,11732.66410472,0.00032822,0.00000000
2025-12-03,11733.83913669,0.00010015,0.00000000
2025-12-04,11735.19765525,0.00011578,0.00000000
2025-12-05,11737.88212293,0.00022875,0.00000000
2025-12-08,11739.16874103,0.00010961,0.00000000
2025-12-09,11741.91616518,0.00023404,0.00000000
2025-12-10,11742.02290900,0.00000909,0.00000000
2025-12-11,11743.44932938,0.00012148,0.00000000
2025-12-12,11748.24549874,0.00040841,0.00000000
2025-12-15,11748.15844836,-0.00000741,-0.00000741
2025-12-16,11749.29476164,0.00009672,0.00000000
2025-12-17,11750.41085662,0.00009499,0.00000000
2025-12-18,11752.66247164,0.00019162,0.00000000
2025-12-19,11756.90144803,0.00036068,0.00000000
2025-12-22,11757.50768900,0.00005156,0.00000000
2025-12-23,11757.92064823,0.00003512,0.00000000
2025-12-24,11761.68980228,0.00032056,0.00000000
2025-12-29,11764.70837663,0.00025664,0.00000000
2025-12-30,11766.03872625,0.00011308,0.00000000
2025-12-31,11766.99575982,0.00008134,0.00000000
2026-01-02,11772.16960638,0.00043969,0.00000000
2026-01-05,11772.76251231,0.00005037,0.00000000
2026-01-06,11774.43150045,0.00014177,0.00000000
2026-01-07,11776.88785646,0.00020862,0.00000000
2026-01-08,11776.78556702,-0.00000869,-0.00000869
2026-01-09,11779.75245786,0.00025193,0.00000000
2026-01-12,11781.39990909,0.00013985,0.00000000
2026-01-13,11782.64816644,0.00010595,0.00000000
2026-01-14,11783.87846089,0.00010442,0.00000000
2026-01-15,11784.00448677,0.00001069,0.00000000
2026-01-16,11789.02664843,0.00042618,0.00000000
2026-01-20,11789.15604139,0.00001098,0.00000000
2026-01-21,11790.87690224,0.00014597,0.00000000
2026-01-22,11792.67293950,0.00015232,0.00000000
2026-01-23,11796.69516186,0.00034108,0.00000000
2026-01-26,11797.02531843,0.00002799,0.00000000
2026-01-27,11798.95765045,0.00016380,0.00000000
2026-01-28,11801.06896912,0.00017894,0.00000000
2026-01-29,11803.38961752,0.00019665,0.00000000
2026-01-30,11803.67685489,0.00002434,0.00000000
2026-02-02,11804.97609604,0.00011007,0.00000000
2026-02-03,11805.59264790,0.00005223,0.00000000
2026-02-04,11807.85129496,0.00019132,0.00000000
2026-02-05,11807.22274281,-0.00005323,-0.00005323
2026-02-06,11812.05226856,0.00040903,0.00000000
2026-02-09,11812.73392387,0.00005771,0.00000000
2026-02-10,11813.83889378,0.00009354,0.00000000
2026-02-11,11816.61027609,0.00023459,0.00000000
2026-02-12,11815.65244980,-0.00008106,-0.00008106
2026-02-13,11821.20314659,0.00046977,0.00000000
2026-02-17,11822.03843629,0.00007066,0.00000000
2026-02-18,11823.89729626,0.00015724,0.00000000
2026-02-19,11823.91794510,0.00000175,0.00000000
2026-02-20,11828.15951686,0.00035873,0.00000000
2026-02-23,11828.34973876,0.00001608,0.00000000
2026-02-24,11830.84011500,0.00021054,0.00000000
2026-02-25,11832.40039676,0.00013188,0.00000000
2026-02-26,11833.66808235,0.00010714,0.00000000
2026-02-27,11836.32831384,0.00022480,0.00000000
2026-03-02,11838.25595259,0.00016286,0.00000000
2026-03-03,11838.55503140,0.00002526,0.00000000
2026-03-04,11840.27407997,0.00014521,0.00000000
2026-03-05,11841.33195733,0.00008935,0.00000000
2026-03-09,11845.07689789,0.00031626,0.00000000
2026-03-10,11846.71198806,0.00013804,0.00000000
2026-03-11,11846.62968508,-0.00000695,-0.00000695
2026-03-12,11848.67839474,0.00017294,0.00000000
2026-03-13,11852.29714808,0.00030541,0.00000000
2026-03-16,11852.46002364,0.00001374,0.00000000
2026-03-17,11853.80416055,0.00011341,0.00000000
2026-03-18,11855.75746648,0.00016478,0.00000000
2026-03-19,11855.01837946,-0.00006234,-0.00006234
2026-03-20,11858.21579029,0.00026971,0.00000000
2026-03-23,11859.37259120,0.00009755,0.00000000
2026-03-24,11860.61736933,0.00010496,0.00000000
2026-03-25,11859.83505647,-0.00006596,-0.00006596
2026-03-26,11861.50510408,0.00014082,0.00000000
2026-03-27,11865.44988774,0.00033257,0.00000000
2026-03-30,11866.65547398,0.00010160,0.00000000
2026-03-31,11867.57468271,0.00007746,0.00000000
2026-04-01,11871.30576402,0.00031439,0.00000000
2026-04-02,11873.80325567,0.00021038,0.00000000
2026-04-07,11877.77623590,0.00033460,0.00000000
2026-04-08,11878.30414392,0.00004445,0.00000000
2026-04-09,11879.72276155,0.00011943,0.00000000
2026-04-10,11883.65087565,0.00033066,0.00000000
2026-04-13,11883.77738774,0.00001065,0.00000000
2026-04-14,11885.52021950,0.00014666,0.00000000
2026-04-15,11886.89936830,0.00011604,0.00000000
2026-04-16,11888.35820766,0.00012273,0.00000000
2026-04-17,11892.63437090,0.00035969,0.00000000
2026-04-20,11893.82119220,0.00009979,0.00000000
2026-04-21,11894.85248030,0.00008671,0.00000000
2026-04-22,11895.18796591,0.00002820,0.00000000
2026-04-23,11897.58994915,0.00020193,0.00000000
2026-04-24,11900.45230070,0.00024058,0.00000000
2026-04-27,11901.67598913,0.00010283,0.00000000
2026-04-28,11902.62748856,0.00007995,0.00000000
2026-04-29,11902.61287504,-0.00000123,-0.00000123
2026-04-30,11904.08753222,0.00012389,0.00000000
2026-05-01,11908.19737828,0.00034525,0.00000000
2026-05-05,11912.16753032,0.00033340,0.00000000
2026-05-06,11911.31165833,-0.00007185,-0.00007185
2026-05-07,11913.91592106,0.00021864,0.00000000
2026-05-08,11916.74245627,0.00023725,0.00000000
2026-05-11,11919.45774799,0.00022786,0.00000000
2026-05-12,11920.62649688,0.00009805,0.00000000
2026-05-13,11920.71839358,0.00000771,0.00000000
2026-05-14,11923.46582187,0.00023048,0.00000000
2026-05-15,11925.79924605,0.00019570,0.00000000
2026-05-18,11925.67876835,-0.00001010,-0.00001010
2026-05-19,11928.10243778,0.00020323,0.00000000
2026-05-20,11930.98107063,0.00024133,0.00000000
2026-05-21,11931.03788615,0.00000476,0.00000000
2026-05-22,11933.72666557,0.00022536,0.00000000
2026-05-26,11936.52377283,0.00023439,0.00000000
2026-05-27,11937.72021292,0.00010023,0.00000000
2026-05-28,11939.19564907,0.00012359,0.00000000
2026-05-29,11943.31923416,0.00034538,0.00000000
2026-06-01,11944.57050508,0.00010477,0.00000000
2026-06-02,11943.38783231,-0.00009901,-0.00009901
2026-06-03,11945.84763087,0.00020595,0.00000000
2026-06-04,11945.80778138,-0.00000334,-0.00000334
2026-06-05,11950.29793484,0.00037588,0.00000000
2026-06-08,11951.72045758,0.00011904,0.00000000
2026-06-09,11951.37644978,-0.00002878,-0.00002878
2026-06-10,11952.27745407,0.00007539,0.00000000
2026-06-11,11954.00002355,0.00014412,0.00000000
2026-06-12,11958.09106352,0.00034223,0.00000000
2026-06-15,11958.58142146,0.00004101,0.00000000
2026-06-16,11959.72158774,0.00009534,0.00000000
2026-06-17,11960.87477740,0.00009642,0.00000000
2026-06-18,11966.30701244,0.00045417,0.00000000
2026-06-22,11966.28397806,-0.00000192,-0.00000192
2026-06-23,11967.13564012,0.00007117,0.00000000
2026-06-24,11968.27163740,0.00009493,0.00000000
2026-06-25,11969.63316169,0.00011376,0.00000000
2026-06-26,11973.48166070,0.00032152,0.00000000
2026-06-29,11974.85685667,0.00011485,0.00000000
2026-06-30,11975.09587179,0.00001996,0.00000000
