Date;value;daily_return;drawdown
2014-01-02;10000,00000000;;0,00000000
2014-01-03;10000,00000000;0,00000000;0,00000000
2014-01-06;10000,00000000;0,00000000;0,00000000
2014-01-07;10000,00000000;0,00000000;0,00000000
2014-01-08;10000,00000000;0,00000000;0,00000000
2014-01-09;10000,00000000;0,00000000;0,00000000
2014-01-10;10000,00000000;0,00000000;0,00000000
2014-01-13;10000,00000000;0,00000000;0,00000000
2014-01-14;10000,00000000;0,00000000;0,00000000
2014-01-15;10000,00000000;0,00000000;0,00000000
2014-01-16;10000,00000000;0,00000000;0,00000000
2014-01-17;10000,00000000;0,00000000;0,00000000
2014-01-21;10000,00000000;0,00000000;0,00000000
2014-01-22;10000,00000000;0,00000000;0,00000000
2014-01-23;10000,00000000;0,00000000;0,00000000
2014-01-24;10000,00000000;0,00000000;0,00000000
2014-01-27;10000,00000000;0,00000000;0,00000000
2014-01-28;10000,00000000;0,00000000;0,00000000
2014-01-29;10000,00000000;0,00000000;0,00000000
2014-01-30;10000,00000000;0,00000000;0,00000000
2014-01-31;10000,00000000;0,00000000;0,00000000
2014-02-03;10000,00000000;0,00000000;0,00000000
2014-02-04;10000,00000000;0,00000000;0,00000000
2014-02-05;10000,00000000;0,00000000;0,00000000
2014-02-06;10000,00000000;0,00000000;0,00000000
2014-02-07;10000,00000000;0,00000000;0,00000000
2014-02-10;10000,00000000;0,00000000;0,00000000
2014-02-11;10000,00000000;0,00000000;0,00000000
2014-02-12;10000,00000000;0,00000000;0,00000000
2014-02-13;10000,00000000;0,00000000;0,00000000
2014-02-14;10000,00000000;0,00000000;0,00000000
2014-02-18;10000,00000000;0,00000000;0,00000000
2014-02-19;10000,00000000;0,00000000;0,00000000
2014-02-20;10000,00000000;0,00000000;0,00000000
2014-02-21;10000,00000000;0,00000000;0,00000000
2014-02-24;10000,00000000;0,00000000;0,00000000
2014-02-25;10000,00000000;0,00000000;0,00000000
2014-02-26;10000,00000000;0,00000000;0,00000000
2014-02-27;10000,00000000;0,00000000;0,00000000
2014-02-28;10000,00000000;0,00000000;0,00000000
2014-03-03;10000,00000000;0,00000000;0,00000000
2014-03-04;10000,00000000;0,00000000;0,00000000
2014-03-05;10000,00000000;0,00000000;0,00000000
2014-03-06;10000,00000000;0,00000000;0,00000000
2014-03-07;10000,00000000;0,00000000;0,00000000
2014-03-10;10000,00000000;0,00000000;0,00000000
2014-03-11;10000,00000000;0,00000000;0,00000000
2014-03-12;10000,00000000;0,00000000;0,00000000
2014-03-13;10000,00000000;0,00000000;0,00000000
2014-03-14;10000,00000000;0,00000000;0,00000000
2014-03-17;10000,00000000;0,00000000;0,00000000
2014-03-18;10000,00000000;0,00000000;0,00000000
2014-03-19;10000,00000000;0,00000000;0,00000000
2014-03-20;10000,00000000;0,00000000;0,00000000
2014-03-21;10000,00000000;0,00000000;0,00000000
2014-03-24;10000,00000000;0,00000000;0,00000000
2014-03-25;10000,00000000;0,00000000;0,00000000
2014-03-26;10000,00000000;0,00000000;0,00000000
2014-03-27;10000,00000000;0,00000000;0,00000000
2014-03-28;10000,00000000;0,00000000;0,00000000
2014-03-31;10000,00000000;0,00000000;0,00000000
2014-04-01;10000,00000000;0,00000000;0,00000000
2014-04-02;10000,00000000;0,00000000;0,00000000
2014-04-03;10000,00000000;0,00000000;0,00000000
2014-04-04;10000,00000000;0,00000000;0,00000000
2014-04-07;10000,00000000;0,00000000;0,00000000
2014-04-08;10000,00000000;0,00000000;0,00000000
2014-04-09;10000,00000000;0,00000000;0,00000000
2014-04-10;10000,00000000;0,00000000;0,00000000
2014-04-11;10000,00000000;0,00000000;0,00000000
2014-04-14;10000,00000000;0,00000000;0,00000000
2014-04-15;10000,00000000;0,00000000;0,00000000
2014-04-16;10000,00000000;0,00000000;0,00000000
2014-04-17;10000,00000000;0,00000000;0,00000000
2014-04-22;10000,00000000;0,00000000;0,00000000
2014-04-23;10000,00000000;0,00000000;0,00000000
2014-04-24;10000,00000000;0,00000000;0,00000000
2014-04-25;10000,00000000;0,00000000;0,00000000
2014-04-28;10000,00000000;0,00000000;0,00000000
2014-04-29;10000,00000000;0,00000000;0,00000000
2014-04-30;10000,00000000;0,00000000;0,00000000
2014-05-01;10000,00000000;0,00000000;0,00000000
2014-05-02;10000,00000000;0,00000000;0,00000000
2014-05-06;10000,00000000;0,00000000;0,00000000
2014-05-07;10000,00000000;0,00000000;0,00000000
2014-05-08;10000,00000000;0,00000000;0,00000000
2014-05-09;10000,00000000;0,00000000;0,00000000
2014-05-12;10000,00000000;0,00000000;0,00000000
2014-05-13;10000,00000000;0,00000000;0,00000000
2014-05-14;10000,00000000;0,00000000;0,00000000
2014-05-15;10000,00000000;0,00000000;0,00000000
2014-05-16;10000,00000000;0,00000000;0,00000000
2014-05-19;10000,00000000;0,00000000;0,00000000
2014-05-20;10000,00000000;0,00000000;0,00000000
2014-05-21;10000,00000000;0,00000000;0,00000000
2014-05-22;10000,00000000;0,00000000;0,00000000
2014-05-23;10000,00000000;0,00000000;0,00000000
2014-05-27;10000,00000000;0,00000000;0,00000000
2014-05-28;10000,00000000;0,00000000;0,00000000
2014-05-29;10000,00000000;0,00000000;0,00000000
2014-05-30;10000,00000000;0,00000000;0,00000000
2014-06-02;10000,00000000;0,00000000;0,00000000
2014-06-03;10000,00000000;0,00000000;0,00000000
2014-06-04;10000,00000000;0,00000000;0,00000000
2014-06-05;10000,00000000;0,00000000;0,00000000
2014-06-06;10000,00000000;0,00000000;0,00000000
2014-06-09;10000,00000000;0,00000000;0,00000000
2014-06-10;10000,00000000;0,00000000;0,00000000
2014-06-11;10000,00000000;0,00000000;0,00000000
2014-06-12;10000,00000000;0,00000000;0,00000000
2014-06-13;10000,00000000;0,00000000;0,00000000
2014-06-16;10000,00000000;0,00000000;0,00000000
2014-06-17;10000,00000000;0,00000000;0,00000000
2014-06-18;10000,00000000;0,00000000;0,00000000
2014-06-19;10000,00000000;0,00000000;0,00000000
2014-06-20;10000,00000000;0,00000000;0,00000000
2014-06-23;10000,00000000;0,00000000;0,00000000
2014-06-24;10000,00000000;0,00000000;0,00000000
2014-06-25;10000,00000000;0,00000000;0,00000000
2014-06-26;10000,00000000;0,00000000;0,00000000
2014-06-27;10000,00000000;0,00000000;0,00000000
2014-06-30;10000,00000000;0,00000000;0,00000000
2014-07-01;10000,00000000;0,00000000;0,00000000
2014-07-02;10000,00000000;0,00000000;0,00000000
2014-07-03;10000,00000000;0,00000000;0,00000000
2014-07-07;10000,00000000;0,00000000;0,00000000
2014-07-08;10000,00000000;0,00000000;0,00000000
2014-07-09;10000,00000000;0,00000000;0,00000000
2014-07-10;10000,00000000;0,00000000;0,00000000
2014-07-11;10000,00000000;0,00000000;0,00000000
2014-07-14;10000,00000000;0,00000000;0,00000000
2014-07-15;10000,00000000;0,00000000;0,00000000
2014-07-16;10000,00000000;0,00000000;0,00000000
2014-07-17;10000,00000000;0,00000000;0,00000000
2014-07-18;10000,00000000;0,00000000;0,00000000
2014-07-21;10000,00000000;0,00000000;0,00000000
2014-07-22;10000,00000000;0,00000000;0,00000000
2014-07-23;10000,00000000;0,00000000;0,00000000
2014-07-24;10000,00000000;0,00000000;0,00000000
2014-07-25;10000,00000000;0,00000000;0,00000000
2014-07-28;10000,00000000;0,00000000;0,00000000
2014-07-29;10000,00000000;0,00000000;0,00000000
2014-07-30;10000,00000000;0,00000000;0,00000000
2014-07-31;10000,00000000;0,00000000;0,00000000
2014-08-01;10000,00000000;0,00000000;0,00000000
2014-08-04;10000,00000000;0,00000000;0,00000000
2014-08-05;10000,00000000;0,00000000;0,00000000
2014-08-06;10000,00000000;0,00000000;0,00000000
2014-08-07;10000,00000000;0,00000000;0,00000000
2014-08-08;10000,00000000;0,00000000;0,00000000
2014-08-11;10000,00000000;0,00000000;0,00000000
2014-08-12;10000,00000000;0,00000000;0,00000000
2014-08-13;10000,00000000;0,00000000;0,00000000
2014-08-14;10000,00000000;0,00000000;0,00000000
2014-08-15;10000,00000000;0,00000000;0,00000000
2014-08-18;10000,00000000;0,00000000;0,00000000
2014-08-19;10000,00000000;0,00000000;0,00000000
2014-08-20;10000,00000000;0,00000000;0,00000000
2014-08-21;10000,00000000;0,00000000;0,00000000
2014-08-22;10000,00000000;0,00000000;0,00000000
2014-08-26;10000,00000000;0,00000000;0,00000000
2014-08-27;10000,00000000;0,00000000;0,00000000
2014-08-28;10000,00000000;0,00000000;0,00000000
2014-08-29;10000,00000000;0,00000000;0,00000000
2014-09-02;10000,00000000;0,00000000;0,00000000
2014-09-03;10000,00000000;0,00000000;0,00000000
2014-09-04;10000,00000000;0,00000000;0,00000000
2014-09-05;10000,00000000;0,00000000;0,00000000
2014-09-08;10000,00000000;0,00000000;0,00000000
2014-09-09;10000,00000000;0,00000000;0,00000000
2014-09-10;10000,00000000;0,00000000;0,00000000
2014-09-11;10000,00000000;0,00000000;0,00000000
2014-09-12;10000,00000000;0,00000000;0,00000000
2014-09-15;10000,00000000;0,00000000;0,00000000
2014-09-16;10000,00000000;0,00000000;0,00000000
2014-09-17;10000,00000000;0,00000000;0,00000000
2014-09-18;10000,00000000;0,00000000;0,00000000
2014-09-19;10000,00000000;0,00000000;0,00000000
2014-09-22;10000,00000000;0,00000000;0,00000000
2014-09-23;10000,00000000;0,00000000;0,00000000
2014-09-24;10000,00000000;0,00000000;0,00000000
2014-09-25;10000,00000000;0,00000000;0,00000000
2014-09-26;10000,00000000;0,00000000;0,00000000
2014-09-29;10000,00000000;0,00000000;0,00000000
2014-09-30;10000,00000000;0,00000000;0,00000000
2014-10-01;10000,00000000;0,00000000;0,00000000
2014-10-02;10000,00000000;0,00000000;0,00000000
2014-10-03;10000,00000000;0,00000000;0,00000000
2014-10-06;10000,00000000;0,00000000;0,00000000
2014-10-07;10000,00000000;0,00000000;0,00000000
2014-10-08;10000,00000000;0,00000000;0,00000000
2014-10-09;10000,00000000;0,00000000;0,00000000
2014-10-10;10000,00000000;0,00000000;0,00000000
2014-10-13;10000,00000000;0,00000000;0,00000000
2014-10-14;10000,00000000;0,00000000;0,00000000
2014-10-15;10000,00000000;0,00000000;0,00000000
2014-10-16;10000,00000000;0,00000000;0,00000000
2014-10-17;10000,00000000;0,00000000;0,00000000
2014-10-20;10000,00000000;0,00000000;0,00000000
2014-10-21;10000,00000000;0,00000000;0,00000000
2014-10-22;10000,00000000;0,00000000;0,00000000
2014-10-23;10000,00000000;0,00000000;0,00000000
2014-10-24;10000,00000000;0,00000000;0,00000000
2014-10-27;10000,00000000;0,00000000;0,00000000
2014-10-28;10000,00000000;0,00000000;0,00000000
2014-10-29;10000,00000000;0,00000000;0,00000000
2014-10-30;10000,00000000;0,00000000;0,00000000
2014-10-31;10000,00000000;0,00000000;0,00000000
2014-11-03;10000,00000000;0,00000000;0,00000000
2014-11-04;10000,00000000;0,00000000;0,00000000
2014-11-05;10000,00000000;0,00000000;0,00000000
2014-11-06;10000,00000000;0,00000000;0,00000000
2014-11-07;10000,00000000;0,00000000;0,00000000
2014-11-10;10000,00000000;0,00000000;0,00000000
2014-11-11;10000,00000000;0,00000000;0,00000000
2014-11-12;10000,00000000;0,00000000;0,00000000
2014-11-13;10000,00000000;0,00000000;0,00000000
2014-11-14;10000,00000000;0,00000000;0,00000000
2014-11-17;10000,00000000;0,00000000;0,00000000
2014-11-18;10000,00000000;0,00000000;0,00000000
2014-11-19;10000,00000000;0,00000000;0,00000000
2014-11-20;10000,00000000;0,00000000;0,00000000
2014-11-21;10000,00000000;0,00000000;0,00000000
2014-11-24;10000,00000000;0,00000000;0,00000000
2014-11-25;10000,00000000;0,00000000;0,00000000
2014-11-26;10000,00000000;0,00000000;0,00000000
2014-11-28;10000,00000000;0,00000000;0,00000000
2014-12-01;10000,00000000;0,00000000;0,00000000
2014-12-02;10000,00000000;0,00000000;0,00000000
2014-12-03;10000,00000000;0,00000000;0,00000000
2014-12-04;10000,00000000;0,00000000;0,00000000
2014-12-05;10000,00000000;0,00000000;0,00000000
2014-12-08;10000,00000000;0,00000000;0,00000000
2014-12-09;10000,00000000;0,00000000;0,00000000
2014-12-10;10000,00000000;0,00000000;0,00000000
2014-12-11;10000,00000000;0,00000000;0,00000000
2014-12-12;10000,00000000;0,00000000;0,00000000
2014-12-15;10000,00000000;0,00000000;0,00000000
2014-12-16;10000,00000000;0,00000000;0,00000000
2014-12-17;10000,00000000;0,00000000;0,00000000
2014-12-18;10000,00000000;0,00000000;0,00000000
2014-12-19;10000,00000000;0,00000000;0,00000000
2014-12-22;10000,00000000;0,00000000;0,00000000
2014-12-23;10000,00000000;0,00000000;0,00000000
2014-12-24;10000,00000000;0,00000000;0,00000000
2014-12-29;10000,00000000;0,00000000;0,00000000
2014-12-30;10000,00000000;0,00000000;0,00000000
2014-12-31;10000,00000000;0,00000000;0,00000000
2015-01-02;10000,00000000;0,00000000;0,00000000
2015-01-05;10000,00000000;0,00000000;0,00000000
2015-01-06;10000,00000000;0,00000000;0,00000000
2015-01-07;10000,00000000;0,00000000;0,00000000
2015-01-08;10000,00000000;0,00000000;0,00000000
2015-01-09;10000,00000000;0,00000000;0,00000000
2015-01-12;10000,00000000;0,00000000;0,00000000
2015-01-13;10000,00000000;0,00000000;0,00000000
2015-01-14;10000,00000000;0,00000000;0,00000000
2015-01-15;10000,00000000;0,00000000;0,00000000
2015-01-16;10000,00000000;0,00000000;0,00000000
2015-01-20;10000,00000000;0,00000000;0,00000000
2015-01-21;10000,00000000;0,00000000;0,00000000
2015-01-22;10000,00000000;0,00000000;0,00000000
2015-01-23;10000,00000000;0,00000000;0,00000000
2015-01-26;10000,00000000;0,00000000;0,00000000
2015-01-27;10000,00000000;0,00000000;0,00000000
2015-01-28;10000,00000000;0,00000000;0,00000000
2015-01-29;10000,00000000;0,00000000;0,00000000
2015-01-30;10000,00000000;0,00000000;0,00000000
2015-02-02;10000,00000000;0,00000000;0,00000000
2015-02-03;10000,00000000;0,00000000;0,00000000
2015-02-04;10000,00000000;0,00000000;0,00000000
2015-02-05;10000,00000000;0,00000000;0,00000000
2015-02-06;10000,00000000;0,00000000;0,00000000
2015-02-09;10000,00000000;0,00000000;0,00000000
2015-02-10;10000,00000000;0,00000000;0,00000000
2015-02-11;10000,00000000;0,00000000;0,00000000
2015-02-12;10000,00000000;0,00000000;0,00000000
2015-02-13;10000,00000000;0,00000000;0,00000000
2015-02-17;10000,00000000;0,00000000;0,00000000
2015-02-18;10000,00000000;0,00000000;0,00000000
2015-02-19;10000,00000000;0,00000000;0,00000000
2015-02-20;10000,00000000;0,00000000;0,00000000
2015-02-23;10000,00000000;0,00000000;0,00000000
2015-02-24;10000,00000000;0,00000000;0,00000000
2015-02-25;10000,00000000;0,00000000;0,00000000
2015-02-26;10000,00000000;0,00000000;0,00000000
2015-02-27;10000,00000000;0,00000000;0,00000000
2015-03-02;10000,00000000;0,00000000;0,00000000
2015-03-03;10000,00000000;0,00000000;0,00000000
2015-03-04;10000,00000000;0,00000000;0,00000000
2015-03-05;10000,00000000;0,00000000;0,00000000
2015-03-06;10000,00000000;0,00000000;0,00000000
2015-03-09;10000,00000000;0,00000000;0,00000000
2015-03-10;10000,00000000;0,00000000;0,00000000
2015-03-11;10000,00000000;0,00000000;0,00000000
2015-03-12;10000,00000000;0,00000000;0,00000000
2015-03-13;10000,00000000;0,00000000;0,00000000
2015-03-16;10000,00000000;0,00000000;0,00000000
2015-03-17;10000,00000000;0,00000000;0,00000000
2015-03-18;10000,00000000;0,00000000;0,00000000
2015-03-19;10000,00000000;0,00000000;0,00000000
2015-03-20;10000,00000000;0,00000000;0,00000000
2015-03-23;10000,00000000;0,00000000;0,00000000
2015-03-24;10000,00000000;0,00000000;0,00000000
2015-03-25;10000,00000000;0,00000000;0,00000000
2015-03-26;10000,00000000;0,00000000;0,00000000
2015-03-27;10000,00000000;0,00000000;0,00000000
2015-03-30;10000,00000000;0,00000000;0,00000000
2015-03-31;10000,00000000;0,00000000;0,00000000
2015-04-01;10000,00000000;0,00000000;0,00000000
2015-04-02;10000,00000000;0,00000000;0,00000000
2015-04-07;10000,00000000;0,00000000;0,00000000
2015-04-08;10000,00000000;0,00000000;0,00000000
2015-04-09;10000,00000000;0,00000000;0,00000000
2015-04-10;10000,00000000;0,00000000;0,00000000
2015-04-13;10000,00000000;0,00000000;0,00000000
2015-04-14;10000,00000000;0,00000000;0,00000000
2015-04-15;10000,00000000;0,00000000;0,00000000
2015-04-16;10000,00000000;0,00000000;0,00000000
2015-04-17;10000,00000000;0,00000000;0,00000000
2015-04-20;10000,00000000;0,00000000;0,00000000
2015-04-21;10000,00000000;0,00000000;0,00000000
2015-04-22;10000,00000000;0,00000000;0,00000000
2015-04-23;10000,00000000;0,00000000;0,00000000
2015-04-24;10000,00000000;0,00000000;0,00000000
2015-04-27;10000,00000000;0,00000000;0,00000000
2015-04-28;10000,00000000;0,00000000;0,00000000
2015-04-29;10000,00000000;0,00000000;0,00000000
2015-04-30;10000,00000000;0,00000000;0,00000000
2015-05-01;10000,00000000;0,00000000;0,00000000
2015-05-05;10000,00000000;0,00000000;0,00000000
2015-05-06;10000,00000000;0,00000000;0,00000000
2015-05-07;10000,00000000;0,00000000;0,00000000
2015-05-08;10000,00000000;0,00000000;0,00000000
2015-05-11;10000,00000000;0,00000000;0,00000000
2015-05-12;10000,00000000;0,00000000;0,00000000
2015-05-13;10000,00000000;0,00000000;0,00000000
2015-05-14;10000,00000000;0,00000000;0,00000000
2015-05-15;10000,00000000;0,00000000;0,00000000
2015-05-18;10000,00000000;0,00000000;0,00000000
2015-05-19;10000,00000000;0,00000000;0,00000000
2015-05-20;10000,00000000;0,00000000;0,00000000
2015-05-21;10000,00000000;0,00000000;0,00000000
2015-05-22;10000,00000000;0,00000000;0,00000000
2015-05-26;10000,00000000;0,00000000;0,00000000
2015-05-27;10000,00000000;0,00000000;0,00000000
2015-05-28;10000,00000000;0,00000000;0,00000000
2015-05-29;10000,00000000;0,00000000;0,00000000
2015-06-01;10000,00000000;0,00000000;0,00000000
2015-06-02;10000,00000000;0,00000000;0,00000000
2015-06-03;10000,00000000;0,00000000;0,00000000
2015-06-04;10000,00000000;0,00000000;0,00000000
2015-06-05;10000,00000000;0,00000000;0,00000000
2015-06-08;10000,00000000;0,00000000;0,00000000
2015-06-09;10000,00000000;0,00000000;0,00000000
2015-06-10;10000,00000000;0,00000000;0,00000000
2015-06-11;10000,00000000;0,00000000;0,00000000
2015-06-12;10000,00000000;0,00000000;0,00000000
2015-06-15;10000,00000000;0,00000000;0,00000000
2015-06-16;10000,00000000;0,00000000;0,00000000
2015-06-17;10000,00000000;0,00000000;0,00000000
2015-06-18;10000,00000000;0,00000000;0,00000000
2015-06-19;10000,00000000;0,00000000;0,00000000
2015-06-22;10000,00000000;0,00000000;0,00000000
2015-06-23;10000,00000000;0,00000000;0,00000000
2015-06-24;10000,00000000;0,00000000;0,00000000
2015-06-25;10000,00000000;0,00000000;0,00000000
2015-06-26;10000,00000000;0,00000000;0,00000000
2015-06-29;10000,00000000;0,00000000;0,00000000
2015-06-30;10000,00000000;0,00000000;0,00000000
2015-07-01;10000,00000000;0,00000000;0,00000000
2015-07-02;10000,00000000;0,00000000;0,00000000
2015-07-06;10000,00000000;0,00000000;0,00000000
2015-07-07;10000,00000000;0,00000000;0,00000000
2015-07-08;10000,00000000;0,00000000;0,00000000
2015-07-09;10000,00000000;0,00000000;0,00000000
2015-07-10;10000,00000000;0,00000000;0,00000000
2015-07-13;10000,00000000;0,00000000;0,00000000
2015-07-14;10000,00000000;0,00000000;0,00000000
2015-07-15;10000,00000000;0,00000000;0,00000000
2015-07-16;10000,00000000;0,00000000;0,00000000
2015-07-17;10000,00000000;0,00000000;0,00000000
2015-07-20;10000,00000000;0,00000000;0,00000000
2015-07-21;10000,00000000;0,00000000;0,00000000
2015-07-22;10000,00000000;0,00000000;0,00000000
2015-07-23;10000,00000000;0,00000000;0,00000000
2015-07-24;10000,00000000;0,00000000;0,00000000
2015-07-27;10000,00000000;0,00000000;0,00000000
2015-07-28;10000,00000000;0,00000000;0,00000000
2015-07-29;10000,00000000;0,00000000;0,00000000
2015-07-30;10000,00000000;0,00000000;0,00000000
2015-07-31;10000,00000000;0,00000000;0,00000000
2015-08-03;10000,00000000;0,00000000;0,00000000
2015-08-04;10000,00000000;0,00000000;0,00000000
2015-08-05;10000,00000000;0,00000000;0,00000000
2015-08-06;10000,00000000;0,00000000;0,00000000
2015-08-07;10000,00000000;0,00000000;0,00000000
2015-08-10;10000,00000000;0,00000000;0,00000000
2015-08-11;10000,00000000;0,00000000;0,00000000
2015-08-12;10000,00000000;0,00000000;0,00000000
2015-08-13;10000,00000000;0,00000000;0,00000000
2015-08-14;10000,00000000;0,00000000;0,00000000
2015-08-17;10000,00000000;0,00000000;0,00000000
2015-08-18;10000,00000000;0,00000000;0,00000000
2015-08-19;10000,00000000;0,00000000;0,00000000
2015-08-20;10000,00000000;0,00000000;0,00000000
2015-08-21;10000,00000000;0,00000000;0,00000000
2015-08-24;10000,00000000;0,00000000;0,00000000
2015-08-25;10000,00000000;0,00000000;0,00000000
2015-08-26;10000,00000000;0,00000000;0,00000000
2015-08-27;10000,00000000;0,00000000;0,00000000
2015-08-28;10000,00000000;0,00000000;0,00000000
2015-09-01;10000,00000000;0,00000000;0,00000000
2015-09-02;10000,00000000;0,00000000;0,00000000
2015-09-03;10000,00000000;0,00000000;0,00000000
2015-09-04;10000,00000000;0,00000000;0,00000000
2015-09-08;10000,00000000;0,00000000;0,00000000
2015-09-09;10000,00000000;0,00000000;0,00000000
2015-09-10;10000,00000000;0,00000000;0,00000000
2015-09-11;10000,00000000;0,00000000;0,00000000
2015-09-14;10000,00000000;0,00000000;0,00000000
2015-09-15;10000,00000000;0,00000000;0,00000000
2015-09-16;10000,00000000;0,00000000;0,00000000
2015-09-17;10000,00000000;0,00000000;0,00000000
2015-09-18;10000,00000000;0,00000000;0,00000000
2015-09-21;10000,00000000;0,00000000;0,00000000
2015-09-22;10000,00000000;0,00000000;0,00000000
2015-09-23;10000,00000000;0,00000000;0,00000000
2015-09-24;10000,00000000;0,00000000;0,00000000
2015-09-25;10000,00000000;0,00000000;0,00000000
2015-09-28;10000,00000000;0,00000000;0,00000000
2015-09-29;10000,00000000;0,00000000;0,00000000
2015-09-30;10000,00000000;0,00000000;0,00000000
2015-10-01;10000,00000000;0,00000000;0,00000000
2015-10-02;10000,00000000;0,00000000;0,00000000
2015-10-05;10000,00000000;0,00000000;0,00000000
2015-10-06;10000,00000000;0,00000000;0,00000000
2015-10-07;10000,00000000;0,00000000;0,00000000
2015-10-08;10000,00000000;0,00000000;0,00000000
2015-10-09;10000,00000000;0,00000000;0,00000000
2015-10-12;10000,00000000;0,00000000;0,00000000
2015-10-13;10000,00000000;0,00000000;0,00000000
2015-10-14;10000,00000000;0,00000000;0,00000000
2015-10-15;10000,00000000;0,00000000;0,00000000
2015-10-16;10000,00000000;0,00000000;0,00000000
2015-10-19;10000,00000000;0,00000000;0,00000000
2015-10-20;10000,00000000;0,00000000;0,00000000
2015-10-21;10000,00000000;0,00000000;0,00000000
2015-10-22;10000,00000000;0,00000000;0,00000000
2015-10-23;10000,00000000;0,00000000;0,00000000
2015-10-26;10000,00000000;0,00000000;0,00000000
2015-10-27;10000,00000000;0,00000000;0,00000000
2015-10-28;10000,00000000;0,00000000;0,00000000
2015-10-29;10000,00000000;0,00000000;0,00000000
2015-10-30;10000,00000000;0,00000000;0,00000000
2015-11-02;10000,00000000;0,00000000;0,00000000
2015-11-03;10000,00000000;0,00000000;0,00000000
2015-11-04;10000,00000000;0,00000000;0,00000000
2015-11-05;10000,00000000;0,00000000;0,00000000
2015-11-06;10000,00000000;0,00000000;0,00000000
2015-11-09;10000,00000000;0,00000000;0,00000000
2015-11-10;10000,00000000;0,00000000;0,00000000
2015-11-11;10000,00000000;0,00000000;0,00000000
2015-11-12;10000,00000000;0,00000000;0,00000000
2015-11-13;10000,00000000;0,00000000;0,00000000
2015-11-16;10000,00000000;0,00000000;0,00000000
2015-11-17;10000,00000000;0,00000000;0,00000000
2015-11-18;10000,00000000;0,00000000;0,00000000
2015-11-19;10000,00000000;0,00000000;0,00000000
2015-11-20;10000,00000000;0,00000000;0,00000000
2015-11-23;10000,00000000;0,00000000;0,00000000
2015-11-24;10000,00000000;0,00000000;0,00000000
2015-11-25;10000,00000000;0,00000000;0,00000000
2015-11-27;10000,00000000;0,00000000;0,00000000
2015-11-30;10000,00000000;0,00000000;0,00000000
2015-12-01;10000,00000000;0,00000000;0,00000000
2015-12-02;10000,00000000;0,00000000;0,00000000
2015-12-03;10000,00000000;0,00000000;0,00000000
2015-12-04;10000,00000000;0,00000000;0,00000000
2015-12-07;10000,00000000;0,00000000;0,00000000
2015-12-08;10000,00000000;0,00000000;0,00000000
2015-12-09;10000,00000000;0,00000000;0,00000000
2015-12-10;10000,00000000;0,00000000;0,00000000
2015-12-11;10000,00000000;0,00000000;0,00000000
2015-12-14;10000,00000000;0,00000000;0,00000000
2015-12-15;10000,00000000;0,00000000;0,00000000
2015-12-16;10000,00000000;0,00000000;0,00000000
2015-12-17;10000,00000000;0,00000000;0,00000000
2015-12-18;10000,00000000;0,00000000;0,00000000
2015-12-21;10000,00000000;0,00000000;0,00000000
2015-12-22;10000,00000000;0,00000000;0,00000000
2015-12-23;10000,00000000;0,00000000;0,00000000
2015-12-24;10000,00000000;0,00000000;0,00000000
2015-12-29;10000,00000000;0,00000000;0,00000000
2015-12-30;10000,00000000;0,00000000;0,00000000
2015-12-31;10000,00000000;0,00000000;0,00000000
2016-01-04;10000,00000000;0,00000000;0,00000000
2016-01-05;10000,00000000;0,00000000;0,00000000
2016-01-06;10000,00000000;0,00000000;0,00000000
2016-01-07;10000,00000000;0,00000000;0,00000000
2016-01-08;10000,00000000;0,00000000;0,00000000
2016-01-11;10000,00000000;0,00000000;0,00000000
2016-01-12;10000,00000000;0,00000000;0,00000000
2016-01-13;10000,00000000;0,00000000;0,00000000
2016-01-14;10000,00000000;0,00000000;0,00000000
2016-01-15;10000,00000000;0,00000000;0,00000000
2016-01-19;10000,00000000;0,00000000;0,00000000
2016-01-20;10000,00000000;0,00000000;0,00000000
2016-01-21;10000,00000000;0,00000000;0,00000000
2016-01-22;10000,00000000;0,00000000;0,00000000
2016-01-25;10000,00000000;0,00000000;0,00000000
2016-01-26;10000,00000000;0,00000000;0,00000000
2016-01-27;10000,00000000;0,00000000;0,00000000
2016-01-28;10000,00000000;0,00000000;0,00000000
2016-01-29;10000,00000000;0,00000000;0,00000000
2016-02-01;10000,00000000;0,00000000;0,00000000
2016-02-02;10000,00000000;0,00000000;0,00000000
2016-02-03;10000,00000000;0,00000000;0,00000000
2016-02-04;10000,00000000;0,00000000;0,00000000
2016-02-05;10000,00000000;0,00000000;0,00000000
2016-02-08;10000,00000000;0,00000000;0,00000000
2016-02-09;10000,00000000;0,00000000;0,00000000
2016-02-10;10000,00000000;0,00000000;0,00000000
2016-02-11;10000,00000000;0,00000000;0,00000000
2016-02-12;10000,00000000;0,00000000;0,00000000
2016-02-16;10000,00000000;0,00000000;0,00000000
2016-02-17;10000,00000000;0,00000000;0,00000000
2016-02-18;10000,00000000;0,00000000;0,00000000
2016-02-19;10000,00000000;0,00000000;0,00000000
2016-02-22;10000,00000000;0,00000000;0,00000000
2016-02-23;10000,00000000;0,00000000;0,00000000
2016-02-24;10000,00000000;0,00000000;0,00000000
2016-02-25;10000,00000000;0,00000000;0,00000000
2016-02-26;10000,00000000;0,00000000;0,00000000
2016-02-29;10000,00000000;0,00000000;0,00000000
2016-03-01;10000,00000000;0,00000000;0,00000000
2016-03-02;10000,00000000;0,00000000;0,00000000
2016-03-03;10000,00000000;0,00000000;0,00000000
2016-03-04;10000,00000000;0,00000000;0,00000000
2016-03-07;10000,00000000;0,00000000;0,00000000
2016-03-08;10000,00000000;0,00000000;0,00000000
2016-03-09;10000,00000000;0,00000000;0,00000000
2016-03-10;10000,00000000;0,00000000;0,00000000
2016-03-11;10000,00000000;0,00000000;0,00000000
2016-03-14;10000,00000000;0,00000000;0,00000000
2016-03-15;10000,00000000;0,00000000;0,00000000
2016-03-16;10000,00000000;0,00000000;0,00000000
2016-03-17;10000,00000000;0,00000000;0,00000000
2016-03-18;10000,00000000;0,00000000;0,00000000
2016-03-21;10000,00000000;0,00000000;0,00000000
2016-03-22;10000,00000000;0,00000000;0,00000000
2016-03-23;10000,00000000;0,00000000;0,00000000
2016-03-24;10000,00000000;0,00000000;0,00000000
2016-03-29;10000,00000000;0,00000000;0,00000000
2016-03-30;10000,00000000;0,00000000;0,00000000
2016-03-31;10000,00000000;0,00000000;0,00000000
2016-04-01;10000,00000000;0,00000000;0,00000000
2016-04-04;10000,00000000;0,00000000;0,00000000
2016-04-05;10000,00000000;0,00000000;0,00000000
2016-04-06;10000,00000000;0,00000000;0,00000000
2016-04-07;10000,00000000;0,00000000;0,00000000
2016-04-08;10000,00000000;0,00000000;0,00000000
2016-04-11;10000,00000000;0,00000000;0,00000000
2016-04-12;10000,00000000;0,00000000;0,00000000
2016-04-13;10000,00000000;0,00000000;0,00000000
2016-04-14;10000,00000000;0,00000000;0,00000000
2016-04-15;10000,00000000;0,00000000;0,00000000
2016-04-18;10000,00000000;0,00000000;0,00000000
2016-04-19;10000,00000000;0,00000000;0,00000000
2016-04-20;10000,00000000;0,00000000;0,00000000
2016-04-21;10000,00000000;0,00000000;0,00000000
2016-04-22;10000,00000000;0,00000000;0,00000000
2016-04-25;10000,00000000;0,00000000;0,00000000
2016-04-26;10000,00000000;0,00000000;0,00000000
2016-04-27;10000,00000000;0,00000000;0,00000000
2016-04-28;10000,00000000;0,00000000;0,00000000
2016-04-29;10000,00000000;0,00000000;0,00000000
2016-05-03;10000,00000000;0,00000000;0,00000000
2016-05-04;10000,00000000;0,00000000;0,00000000
2016-05-05;10000,00000000;0,00000000;0,00000000
2016-05-06;10000,00000000;0,00000000;0,00000000
2016-05-09;10000,00000000;0,00000000;0,00000000
2016-05-10;10000,00000000;0,00000000;0,00000000
2016-05-11;10000,00000000;0,00000000;0,00000000
2016-05-12;10000,00000000;0,00000000;0,00000000
2016-05-13;10000,00000000;0,00000000;0,00000000
2016-05-16;10000,00000000;0,00000000;0,00000000
2016-05-17;10000,00000000;0,00000000;0,00000000
2016-05-18;10000,00000000;0,00000000;0,00000000
2016-05-19;10000,00000000;0,00000000;0,00000000
2016-05-20;10000,00000000;0,00000000;0,00000000
2016-05-23;10000,00000000;0,00000000;0,00000000
2016-05-24;10000,00000000;0,00000000;0,00000000
2016-05-25;10000,00000000;0,00000000;0,00000000
2016-05-26;10000,00000000;0,00000000;0,00000000
2016-05-27;10000,00000000;0,00000000;0,00000000
2016-05-31;10000,00000000;0,00000000;0,00000000
2016-06-01;10000,00000000;0,00000000;0,00000000
2016-06-02;10000,00000000;0,00000000;0,00000000
2016-06-03;10000,00000000;0,00000000;0,00000000
2016-06-06;10000,00000000;0,00000000;0,00000000
2016-06-07;10000,00000000;0,00000000;0,00000000
2016-06-08;10000,00000000;0,00000000;0,00000000
2016-06-09;10000,00000000;0,00000000;0,00000000
2016-06-10;10000,00000000;0,00000000;0,00000000
2016-06-13;10000,00000000;0,00000000;0,00000000
2016-06-14;10000,00000000;0,00000000;0,00000000
2016-06-15;10000,00000000;0,00000000;0,00000000
2016-06-16;10000,00000000;0,00000000;0,00000000
2016-06-17;10000,00000000;0,00000000;0,00000000
2016-06-20;10000,00000000;0,00000000;0,00000000
2016-06-21;10000,00000000;0,00000000;0,00000000
2016-06-22;10000,00000000;0,00000000;0,00000000
2016-06-23;10000,00000000;0,00000000;0,00000000
2016-06-24;10000,00000000;0,00000000;0,00000000
2016-06-27;10000,00000000;0,00000000;0,00000000
2016-06-28;10000,00000000;0,00000000;0,00000000
2016-06-29;10000,00000000;0,00000000;0,00000000
2016-06-30;10000,00000000;0,00000000;0,00000000
2016-07-01;10000,00000000;0,00000000;0,00000000
2016-07-05;10000,00000000;0,00000000;0,00000000
2016-07-06;10000,00000000;0,00000000;0,00000000
2016-07-07;10000,00000000;0,00000000;0,00000000
2016-07-08;10000,00000000;0,00000000;0,00000000
2016-07-11;10000,00000000;0,00000000;0,00000000
2016-07-12;10000,00000000;0,00000000;0,00000000
2016-07-13;10000,00000000;0,00000000;0,00000000
2016-07-14;10000,00000000;0,00000000;0,00000000
2016-07-15;10000,00000000;0,00000000;0,00000000
2016-07-18;10000,00000000;0,00000000;0,00000000
2016-07-19;10000,00000000;0,00000000;0,00000000
2016-07-20;10000,00000000;0,00000000;0,00000000
2016-07-21;10000,00000000;0,00000000;0,00000000
2016-07-22;10000,00000000;0,00000000;0,00000000
2016-07-25;10000,00000000;0,00000000;0,00000000
2016-07-26;10000,00000000;0,00000000;0,00000000
2016-07-27;10000,00000000;0,00000000;0,00000000
2016-07-28;10000,00000000;0,00000000;0,00000000
2016-07-29;10000,00000000;0,00000000;0,00000000
2016-08-01;10000,00000000;0,00000000;0,00000000
2016-08-02;10000,00000000;0,00000000;0,00000000
2016-08-03;10000,00000000;0,00000000;0,00000000
2016-08-04;10000,00000000;0,00000000;0,00000000
2016-08-05;10000,00000000;0,00000000;0,00000000
2016-08-08;10000,00000000;0,00000000;0,00000000
2016-08-09;10000,00000000;0,00000000;0,00000000
2016-08-10;10000,00000000;0,00000000;0,00000000
2016-08-11;10000,00000000;0,00000000;0,00000000
2016-08-12;10000,00000000;0,00000000;0,00000000
2016-08-15;10000,00000000;0,00000000;0,00000000
2016-08-16;10000,00000000;0,00000000;0,00000000
2016-08-17;10000,00000000;0,00000000;0,00000000
2016-08-18;10000,00000000;0,00000000;0,00000000
2016-08-19;10000,00000000;0,00000000;0,00000000
2016-08-22;10000,00000000;0,00000000;0,00000000
2016-08-23;10000,00000000;0,00000000;0,00000000
2016-08-24;10000,00000000;0,00000000;0,00000000
2016-08-25;10000,00000000;0,00000000;0,00000000
2016-08-26;10000,00000000;0,00000000;0,00000000
2016-08-30;10000,00000000;0,00000000;0,00000000
2016-08-31;10000,00000000;0,00000000;0,00000000
2016-09-01;10000,00000000;0,00000000;0,00000000
2016-09-02;10000,00000000;0,00000000;0,00000000
2016-09-06;10000,00000000;0,00000000;0,00000000
2016-09-07;10000,00000000;0,00000000;0,00000000
2016-09-08;10000,00000000;0,00000000;0,00000000
2016-09-09;10000,00000000;0,00000000;0,00000000
2016-09-12;10000,00000000;0,00000000;0,00000000
2016-09-13;10000,00000000;0,00000000;0,00000000
2016-09-14;10000,00000000;0,00000000;0,00000000
2016-09-15;10000,00000000;0,00000000;0,00000000
2016-09-16;10000,00000000;0,00000000;0,00000000
2016-09-19;10000,00000000;0,00000000;0,00000000
2016-09-20;10000,00000000;0,00000000;0,00000000
2016-09-21;10000,00000000;0,00000000;0,00000000
2016-09-22;10000,00000000;0,00000000;0,00000000
2016-09-23;10000,00000000;0,00000000;0,00000000
2016-09-26;10000,00000000;0,00000000;0,00000000
2016-09-27;10000,00000000;0,00000000;0,00000000
2016-09-28;10000,00000000;0,00000000;0,00000000
2016-09-29;10000,00000000;0,00000000;0,00000000
2016-09-30;10000,00000000;0,00000000;0,00000000
2016-10-03;10000,00000000;0,00000000;0,00000000
2016-10-04;10000,00000000;0,00000000;0,00000000
2016-10-05;10000,00000000;0,00000000;0,00000000
2016-10-06;10000,00000000;0,00000000;0,00000000
2016-10-07;10000,00000000;0,00000000;0,00000000
2016-10-10;10000,00000000;0,00000000;0,00000000
2016-10-11;10000,00000000;0,00000000;0,00000000
2016-10-12;10000,00000000;0,00000000;0,00000000
2016-10-13;10000,00000000;0,00000000;0,00000000
2016-10-14;10000,00000000;0,00000000;0,00000000
2016-10-17;10000,00000000;0,00000000;0,00000000
2016-10-18;10000,00000000;0,00000000;0,00000000
2016-10-19;10000,00000000;0,00000000;0,00000000
2016-10-20;10000,00000000;0,00000000;0,00000000
2016-10-21;10000,00000000;0,00000000;0,00000000
2016-10-24;10000,00000000;0,00000000;0,00000000
2016-10-25;10000,00000000;0,00000000;0,00000000
2016-10-26;10000,00000000;0,00000000;0,00000000
2016-10-27;10000,00000000;0,00000000;0,00000000
2016-10-28;10000,00000000;0,00000000;0,00000000
2016-10-31;10000,00000000;0,00000000;0,00000000
2016-11-01;10000,00000000;0,00000000;0,00000000
2016-11-02;10000,00000000;0,00000000;0,00000000
2016-11-03;10000,00000000;0,00000000;0,00000000
2016-11-04;10000,00000000;0,00000000;0,00000000
2016-11-07;10000,00000000;0,00000000;0,00000000
2016-11-08;10000,00000000;0,00000000;0,00000000
2016-11-09;10000,00000000;0,00000000;0,00000000
2016-11-10;10000,00000000;0,00000000;0,00000000
2016-11-11;10000,00000000;0,00000000;0,00000000
2016-11-14;10000,00000000;0,00000000;0,00000000
2016-11-15;10000,00000000;0,00000000;0,00000000
2016-11-16;10000,00000000;0,00000000;0,00000000
2016-11-17;10000,00000000;0,00000000;0,00000000
2016-11-18;10000,00000000;0,00000000;0,00000000
2016-11-21;10000,00000000;0,00000000;0,00000000
2016-11-22;10000,00000000;0,00000000;0,00000000
2016-11-23;10000,00000000;0,00000000;0,00000000
2016-11-25;10000,00000000;0,00000000;0,00000000
2016-11-28;10000,00000000;0,00000000;0,00000000
2016-11-29;10000,00000000;0,00000000;0,00000000
2016-11-30;10000,00000000;0,00000000;0,00000000
2016-12-01;10000,00000000;0,00000000;0,00000000
2016-12-02;10000,00000000;0,00000000;0,00000000
2016-12-05;10000,00000000;0,00000000;0,00000000
2016-12-06;10000,00000000;0,00000000;0,00000000
2016-12-07;10000,00000000;0,00000000;0,00000000
2016-12-08;10000,00000000;0,00000000;0,00000000
2016-12-09;10000,00000000;0,00000000;0,00000000
2016-12-12;10000,00000000;0,00000000;0,00000000
2016-12-13;10000,00000000;0,00000000;0,00000000
2016-12-14;10000,00000000;0,00000000;0,00000000
2016-12-15;10000,00000000;0,00000000;0,00000000
2016-12-16;10000,00000000;0,00000000;0,00000000
2016-12-19;10000,00000000;0,00000000;0,00000000
2016-12-20;10000,00000000;0,00000000;0,00000000
2016-12-21;10000,00000000;0,00000000;0,00000000
2016-12-22;10000,00000000;0,00000000;0,00000000
2016-12-23;10000,00000000;0,00000000;0,00000000
2016-12-28;10000,00000000;0,00000000;0,00000000
2016-12-29;10000,00000000;0,00000000;0,00000000
2016-12-30;10000,00000000;0,00000000;0,00000000
2017-01-03;10000,00000000;0,00000000;0,00000000
2017-01-04;10000,00000000;0,00000000;0,00000000
2017-01-05;10000,00000000;0,00000000;0,00000000
2017-01-06;10000,00000000;0,00000000;0,00000000
2017-01-09;10000,00000000;0,00000000;0,00000000
2017-01-10;10000,00000000;0,00000000;0,00000000
2017-01-11;10000,00000000;0,00000000;0,00000000
2017-01-12;10000,00000000;0,00000000;0,00000000
2017-01-13;10000,00000000;0,00000000;0,00000000
2017-01-17;10000,00000000;0,00000000;0,00000000
2017-01-18;10000,00000000;0,00000000;0,00000000
2017-01-19;10000,00000000;0,00000000;0,00000000
2017-01-20;10000,00000000;0,00000000;0,00000000
2017-01-23;10000,00000000;0,00000000;0,00000000
2017-01-24;10000,00000000;0,00000000;0,00000000
2017-01-25;10000,00000000;0,00000000;0,00000000
2017-01-26;10000,00000000;0,00000000;0,00000000
2017-01-27;10000,00000000;0,00000000;0,00000000
2017-01-30;10000,00000000;0,00000000;0,00000000
2017-01-31;10000,00000000;0,00000000;0,00000000
2017-02-01;10000,00000000;0,00000000;0,00000000
2017-02-02;10000,00000000;0,00000000;0,00000000
2017-02-03;10000,00000000;0,00000000;0,00000000
2017-02-06;10000,00000000;0,00000000;0,00000000
2017-02-07;10000,00000000;0,00000000;0,00000000
2017-02-08;10000,00000000;0,00000000;0,00000000
2017-02-09;10000,00000000;0,00000000;0,00000000
2017-02-10;10000,00000000;0,00000000;0,00000000
2017-02-13;10000,00000000;0,00000000;0,00000000
2017-02-14;10000,00000000;0,00000000;0,00000000
2017-02-15;10000,00000000;0,00000000;0,00000000
2017-02-16;10000,00000000;0,00000000;0,00000000
2017-02-17;10000,00000000;0,00000000;0,00000000
2017-02-21;10000,00000000;0,00000000;0,00000000
2017-02-22;10000,00000000;0,00000000;0,00000000
2017-02-23;10000,00000000;0,00000000;0,00000000
2017-02-24;10000,00000000;0,00000000;0,00000000
2017-02-27;10000,00000000;0,00000000;0,00000000
2017-02-28;10000,00000000;0,00000000;0,00000000
2017-03-01;10000,00000000;0,00000000;0,00000000
2017-03-02;10000,00000000;0,00000000;0,00000000
2017-03-03;10000,00000000;0,00000000;0,00000000
2017-03-06;10000,00000000;0,00000000;0,00000000
2017-03-07;10000,00000000;0,00000000;0,00000000
2017-03-08;10000,00000000;0,00000000;0,00000000
2017-03-09;10000,00000000;0,00000000;0,00000000
2017-03-10;10000,00000000;0,00000000;0,00000000
2017-03-13;10000,00000000;0,00000000;0,00000000
2017-03-14;10000,00000000;0,00000000;0,00000000
2017-03-15;10000,00000000;0,00000000;0,00000000
2017-03-16;10000,00000000;0,00000000;0,00000000
2017-03-17;10000,00000000;0,00000000;0,00000000
2017-03-20;10000,00000000;0,00000000;0,00000000
2017-03-21;10000,00000000;0,00000000;0,00000000
2017-03-22;10000,00000000;0,00000000;0,00000000
2017-03-23;10000,00000000;0,00000000;0,00000000
2017-03-24;10000,00000000;0,00000000;0,00000000
2017-03-27;10000,00000000;0,00000000;0,00000000
2017-03-28;10000,00000000;0,00000000;0,00000000
2017-03-29;10000,00000000;0,00000000;0,00000000
2017-03-30;10000,00000000;0,00000000;0,00000000
2017-03-31;10000,00000000;0,00000000;0,00000000
2017-04-03;10000,00000000;0,00000000;0,00000000
2017-04-04;10000,00000000;0,00000000;0,00000000
2017-04-05;10000,00000000;0,00000000;0,00000000
2017-04-06;10000,00000000;0,00000000;0,00000000
2017-04-07;10000,00000000;0,00000000;0,00000000
2017-04-10;10000,00000000;0,00000000;0,00000000
2017-04-11;10000,00000000;0,00000000;0,00000000
2017-04-12;10000,00000000;0,00000000;0,00000000
2017-04-13;10000,00000000;0,00000000;0,00000000
2017-04-18;10000,00000000;0,00000000;0,00000000
2017-04-19;10000,00000000;0,00000000;0,00000000
2017-04-20;10000,00000000;0,00000000;0,00000000
2017-04-21;10000,00000000;0,00000000;0,00000000
2017-04-24;10000,00000000;0,00000000;0,00000000
2017-04-25;10000,00000000;0,00000000;0,00000000
2017-04-26;10000,00000000;0,00000000;0,00000000
2017-04-27;10000,00000000;0,00000000;0,00000000
2017-04-28;10000,00000000;0,00000000;0,00000000
2017-05-02;10000,00000000;0,00000000;0,00000000
2017-05-03;10000,00000000;0,00000000;0,00000000
2017-05-04;10000,00000000;0,00000000;0,00000000
2017-05-05;10000,00000000;0,00000000;0,00000000
2017-05-08;10000,00000000;0,00000000;0,00000000
2017-05-09;10000,00000000;0,00000000;0,00000000
2017-05-10;10000,00000000;0,00000000;0,00000000
2017-05-11;10000,00000000;0,00000000;0,00000000
2017-05-12;10000,00000000;0,00000000;0,00000000
2017-05-15;10000,00000000;0,00000000;0,00000000
2017-05-16;10000,00000000;0,00000000;0,00000000
2017-05-17;10000,00000000;0,00000000;0,00000000
2017-05-18;10000,00000000;0,00000000;0,00000000
2017-05-19;10000,00000000;0,00000000;0,00000000
2017-05-22;10000,00000000;0,00000000;0,00000000
2017-05-23;10000,00000000;0,00000000;0,00000000
2017-05-24;10000,00000000;0,00000000;0,00000000
2017-05-25;10000,00000000;0,00000000;0,00000000
2017-05-26;10000,00000000;0,00000000;0,00000000
2017-05-30;10000,00000000;0,00000000;0,00000000
2017-05-31;10000,00000000;0,00000000;0,00000000
2017-06-01;10000,00000000;0,00000000;0,00000000
2017-06-02;10000,00000000;0,00000000;0,00000000
2017-06-05;10000,00000000;0,00000000;0,00000000
2017-06-06;10000,00000000;0,00000000;0,00000000
2017-06-07;10000,00000000;0,00000000;0,00000000
2017-06-08;10000,00000000;0,00000000;0,00000000
2017-06-09;10000,00000000;0,00000000;0,00000000
2017-06-12;10000,00000000;0,00000000;0,00000000
2017-06-13;10000,00000000;0,00000000;0,00000000
2017-06-14;10000,00000000;0,00000000;0,00000000
2017-06-15;10000,00000000;0,00000000;0,00000000
2017-06-16;10000,00000000;0,00000000;0,00000000
2017-06-19;10000,00000000;0,00000000;0,00000000
2017-06-20;10000,00000000;0,00000000;0,00000000
2017-06-21;10000,00000000;0,00000000;0,00000000
2017-06-22;10000,00000000;0,00000000;0,00000000
2017-06-23;10000,00000000;0,00000000;0,00000000
2017-06-26;10000,00000000;0,00000000;0,00000000
2017-06-27;10000,00000000;0,00000000;0,00000000
2017-06-28;10000,00000000;0,00000000;0,00000000
2017-06-29;10000,00000000;0,00000000;0,00000000
2017-06-30;10000,00000000;0,00000000;0,00000000
2017-07-03;10000,00000000;0,00000000;0,00000000
2017-07-05;10000,00000000;0,00000000;0,00000000
2017-07-06;10000,00000000;0,00000000;0,00000000
2017-07-07;10000,00000000;0,00000000;0,00000000
2017-07-10;10000,00000000;0,00000000;0,00000000
2017-07-11;10000,00000000;0,00000000;0,00000000
2017-07-12;10000,00000000;0,00000000;0,00000000
2017-07-13;10000,00000000;0,00000000;0,00000000
2017-07-14;10000,00000000;0,00000000;0,00000000
2017-07-17;10000,00000000;0,00000000;0,00000000
2017-07-18;10000,00000000;0,00000000;0,00000000
2017-07-19;10000,00000000;0,00000000;0,00000000
2017-07-20;10000,00000000;0,00000000;0,00000000
2017-07-21;10000,00000000;0,00000000;0,00000000
2017-07-24;10000,00000000;0,00000000;0,00000000
2017-07-25;10000,00000000;0,00000000;0,00000000
2017-07-26;10000,00000000;0,00000000;0,00000000
2017-07-27;10000,00000000;0,00000000;0,00000000
2017-07-28;10000,00000000;0,00000000;0,00000000
2017-07-31;10000,00000000;0,00000000;0,00000000
2017-08-01;10000,00000000;0,00000000;0,00000000
2017-08-02;10000,00000000;0,00000000;0,00000000
2017-08-03;10000,00000000;0,00000000;0,00000000
2017-08-04;10000,00000000;0,00000000;0,00000000
2017-08-07;10000,00000000;0,00000000;0,00000000
2017-08-08;10000,00000000;0,00000000;0,00000000
2017-08-09;10000,00000000;0,00000000;0,00000000
2017-08-10;10000,00000000;0,00000000;0,00000000
2017-08-11;10000,00000000;0,00000000;0,00000000
2017-08-14;10000,00000000;0,00000000;0,00000000
2017-08-15;10000,00000000;0,00000000;0,00000000
2017-08-16;10000,00000000;0,00000000;0,00000000
2017-08-17;10000,00000000;0,00000000;0,00000000
2017-08-18;10000,00000000;0,00000000;0,00000000
2017-08-21;10000,00000000;0,00000000;0,00000000
2017-08-22;10000,00000000;0,00000000;0,00000000
2017-08-23;10000,00000000;0,00000000;0,00000000
2017-08-24;10000,00000000;0,00000000;0,00000000
2017-08-25;10000,00000000;0,00000000;0,00000000
2017-08-29;10000,00000000;0,00000000;0,00000000
2017-08-30;10000,00000000;0,00000000;0,00000000
2017-08-31;10000,00000000;0,00000000;0,00000000
2017-09-01;10000,00000000;0,00000000;0,00000000
2017-09-05;10000,00000000;0,00000000;0,00000000
2017-09-06;10000,00000000;0,00000000;0,00000000
2017-09-07;10000,00000000;0,00000000;0,00000000
2017-09-08;10000,00000000;0,00000000;0,00000000
2017-09-11;10000,00000000;0,00000000;0,00000000
2017-09-12;10000,00000000;0,00000000;0,00000000
2017-09-13;10000,00000000;0,00000000;0,00000000
2017-09-14;10000,00000000;0,00000000;0,00000000
2017-09-15;10000,00000000;0,00000000;0,00000000
2017-09-18;10000,00000000;0,00000000;0,00000000
2017-09-19;10000,00000000;0,00000000;0,00000000
2017-09-20;10000,00000000;0,00000000;0,00000000
2017-09-21;10000,00000000;0,00000000;0,00000000
2017-09-22;10000,00000000;0,00000000;0,00000000
2017-09-25;10000,00000000;0,00000000;0,00000000
2017-09-26;10000,00000000;0,00000000;0,00000000
2017-09-27;10000,00000000;0,00000000;0,00000000
2017-09-28;10000,00000000;0,00000000;0,00000000
2017-09-29;10000,00000000;0,00000000;0,00000000
2017-10-02;10000,00000000;0,00000000;0,00000000
2017-10-03;10000,00000000;0,00000000;0,00000000
2017-10-04;10000,00000000;0,00000000;0,00000000
2017-10-05;10000,00000000;0,00000000;0,00000000
2017-10-06;10000,00000000;0,00000000;0,00000000
2017-10-09;10000,00000000;0,00000000;0,00000000
2017-10-10;10000,00000000;0,00000000;0,00000000
2017-10-11;10000,00000000;0,00000000;0,00000000
2017-10-12;10000,00000000;0,00000000;0,00000000
2017-10-13;10000,00000000;0,00000000;0,00000000
2017-10-16;10000,00000000;0,00000000;0,00000000
2017-10-17;10000,00000000;0,00000000;0,00000000
2017-10-18;10000,00000000;0,00000000;0,00000000
2017-10-19;10000,00000000;0,00000000;0,00000000
2017-10-20;10000,00000000;0,00000000;0,00000000
2017-10-23;10000,00000000;0,00000000;0,00000000
2017-10-24;10000,00000000;0,00000000;0,00000000
2017-10-25;10000,00000000;0,00000000;0,00000000
2017-10-26;10000,00000000;0,00000000;0,00000000
2017-10-27;10000,00000000;0,00000000;0,00000000
2017-10-30;10000,00000000;0,00000000;0,00000000
2017-10-31;10000,00000000;0,00000000;0,00000000
2017-11-01;10000,00000000;0,00000000;0,00000000
2017-11-02;10000,00000000;0,00000000;0,00000000
2017-11-03;10000,00000000;0,00000000;0,00000000
2017-11-06;10000,00000000;0,00000000;0,00000000
2017-11-07;10000,00000000;0,00000000;0,00000000
2017-11-08;10000,00000000;0,00000000;0,00000000
2017-11-09;10000,00000000;0,00000000;0,00000000
2017-11-10;10000,00000000;0,00000000;0,00000000
2017-11-13;10000,00000000;0,00000000;0,00000000
2017-11-14;10000,00000000;0,00000000;0,00000000
2017-11-15;10000,00000000;0,00000000;0,00000000
2017-11-16;10000,00000000;0,00000000;0,00000000
2017-11-17;10000,00000000;0,00000000;0,00000000
2017-11-20;10000,00000000;0,00000000;0,00000000
2017-11-21;10000,00000000;0,00000000;0,00000000
2017-11-22;10000,00000000;0,00000000;0,00000000
2017-11-24;10000,00000000;0,00000000;0,00000000
2017-11-27;10000,00000000;0,00000000;0,00000000
2017-11-28;10000,00000000;0,00000000;0,00000000
2017-11-29;10000,00000000;0,00000000;0,00000000
2017-11-30;10000,00000000;0,00000000;0,00000000
2017-12-01;10000,00000000;0,00000000;0,00000000
2017-12-04;10000,00000000;0,00000000;0,00000000
2017-12-05;10000,00000000;0,00000000;0,00000000
2017-12-06;10000,00000000;0,00000000;0,00000000
2017-12-07;10000,00000000;0,00000000;0,00000000
2017-12-08;10000,00000000;0,00000000;0,00000000
2017-12-11;10000,00000000;0,00000000;0,00000000
2017-12-12;10000,00000000;0,00000000;0,00000000
2017-12-13;10000,00000000;0,00000000;0,00000000
2017-12-14;10000,00000000;0,00000000;0,00000000
2017-12-15;10000,00000000;0,00000000;0,00000000
2017-12-18;10000,00000000;0,00000000;0,00000000
2017-12-19;10000,00000000;0,00000000;0,00000000
2017-12-20;10000,00000000;0,00000000;0,00000000
2017-12-21;10000,00000000;0,00000000;0,00000000
2017-12-22;10000,00000000;0,00000000;0,00000000
2017-12-27;10000,00000000;0,00000000;0,00000000
2017-12-28;10000,00000000;0,00000000;0,00000000
2017-12-29;10000,00000000;0,00000000;0,00000000
2018-01-02;10000,00000000;0,00000000;0,00000000
2018-01-03;10000,00000000;0,00000000;0,00000000
2018-01-04;10000,00000000;0,00000000;0,00000000
2018-01-05;10000,00000000;0,00000000;0,00000000
2018-01-08;10000,00000000;0,00000000;0,00000000
2018-01-09;10000,00000000;0,00000000;0,00000000
2018-01-10;10000,00000000;0,00000000;0,00000000
2018-01-11;10000,00000000;0,00000000;0,00000000
2018-01-12;10000,00000000;0,00000000;0,00000000
2018-01-16;10000,00000000;0,00000000;0,00000000
2018-01-17;10000,00000000;0,00000000;0,00000000
2018-01-18;10000,00000000;0,00000000;0,00000000
2018-01-19;10000,00000000;0,00000000;0,00000000
2018-01-22;10000,00000000;0,00000000;0,00000000
2018-01-23;10000,00000000;0,00000000;0,00000000
2018-01-24;10000,00000000;0,00000000;0,00000000
2018-01-25;10000,00000000;0,00000000;0,00000000
2018-01-26;10000,00000000;0,00000000;0,00000000
2018-01-29;10000,00000000;0,00000000;0,00000000
2018-01-30;10000,00000000;0,00000000;0,00000000
2018-01-31;10000,00000000;0,00000000;0,00000000
2018-02-01;10000,00000000;0,00000000;0,00000000
2018-02-02;10000,00000000;0,00000000;0,00000000
2018-02-05;10000,00000000;0,00000000;0,00000000
2018-02-06;10000,00000000;0,00000000;0,00000000
2018-02-07;10000,00000000;0,00000000;0,00000000
2018-02-08;10000,00000000;0,00000000;0,00000000
2018-02-09;10000,00000000;0,00000000;0,00000000
2018-02-12;10000,00000000;0,00000000;0,00000000
2018-02-13;10000,00000000;0,00000000;0,00000000
2018-02-14;10000,00000000;0,00000000;0,00000000
2018-02-15;10000,00000000;0,00000000;0,00000000
2018-02-16;10000,00000000;0,00000000;0,00000000
2018-02-20;10000,00000000;0,00000000;0,00000000
2018-02-21;10000,00000000;0,00000000;0,00000000
2018-02-22;10000,00000000;0,00000000;0,00000000
2018-02-23;10000,00000000;0,00000000;0,00000000
2018-02-26;10000,00000000;0,00000000;0,00000000
2018-02-27;10000,00000000;0,00000000;0,00000000
2018-02-28;10000,00000000;0,00000000;0,00000000
2018-03-01;10000,00000000;0,00000000;0,00000000
2018-03-02;10000,00000000;0,00000000;0,00000000
2018-03-05;10000,00000000;0,00000000;0,00000000
2018-03-06;10000,00000000;0,00000000;0,00000000
2018-03-07;10000,00000000;0,00000000;0,00000000
2018-03-08;10000,00000000;0,00000000;0,00000000
2018-03-09;10000,00000000;0,00000000;0,00000000
2018-03-12;10000,00000000;0,00000000;0,00000000
2018-03-13;10000,00000000;0,00000000;0,00000000
2018-03-14;10000,00000000;0,00000000;0,00000000
2018-03-15;10000,00000000;0,00000000;0,00000000
2018-03-16;10000,00000000;0,00000000;0,00000000
2018-03-19;10000,00000000;0,00000000;0,00000000
2018-03-20;10000,00000000;0,00000000;0,00000000
2018-03-21;10000,00000000;0,00000000;0,00000000
2018-03-22;10000,00000000;0,00000000;0,00000000
2018-03-23;10000,00000000;0,00000000;0,00000000
2018-03-26;10000,00000000;0,00000000;0,00000000
2018-03-27;10000,00000000;0,00000000;0,00000000
2018-03-28;10000,00000000;0,00000000;0,00000000
2018-03-29;10000,00000000;0,00000000;0,00000000
2018-04-03;10000,00000000;0,00000000;0,00000000
2018-04-04;10000,00000000;0,00000000;0,00000000
2018-04-05;10000,00000000;0,00000000;0,00000000
2018-04-06;10000,00000000;0,00000000;0,00000000
2018-04-09;10000,00000000;0,00000000;0,00000000
2018-04-10;10000,00000000;0,00000000;0,00000000
2018-04-11;10000,00000000;0,00000000;0,00000000
2018-04-12;10000,00000000;0,00000000;0,00000000
2018-04-13;10000,00000000;0,00000000;0,00000000
2018-04-16;10000,00000000;0,00000000;0,00000000
2018-04-17;10000,00000000;0,00000000;0,00000000
2018-04-18;10000,00000000;0,00000000;0,00000000
2018-04-19;10000,00000000;0,00000000;0,00000000
2018-04-20;10000,00000000;0,00000000;0,00000000
2018-04-23;10000,00000000;0,00000000;0,00000000
2018-04-24;10000,00000000;0,00000000;0,00000000
2018-04-25;10000,00000000;0,00000000;0,00000000
2018-04-26;10000,00000000;0,00000000;0,00000000
2018-04-27;10000,00000000;0,00000000;0,00000000
2018-04-30;10000,00000000;0,00000000;0,00000000
2018-05-01;10000,00000000;0,00000000;0,00000000
2018-05-02;10000,00000000;0,00000000;0,00000000
2018-05-03;10000,00000000;0,00000000;0,00000000
2018-05-04;10000,00000000;0,00000000;0,00000000
2018-05-08;10000,00000000;0,00000000;0,00000000
2018-05-09;10000,00000000;0,00000000;0,00000000
2018-05-10;10000,00000000;0,00000000;0,00000000
2018-05-11;10000,00000000;0,00000000;0,00000000
2018-05-14;10000,00000000;0,00000000;0,00000000
2018-05-15;10000,00000000;0,00000000;0,00000000
2018-05-16;10000,00000000;0,00000000;0,00000000
2018-05-17;10000,00000000;0,00000000;0,00000000
2018-05-18;10000,00000000;0,00000000;0,00000000
2018-05-21;10000,00000000;0,00000000;0,00000000
2018-05-22;10000,00000000;0,00000000;0,00000000
2018-05-23;10000,00000000;0,00000000;0,00000000
2018-05-24;10000,00000000;0,00000000;0,00000000
2018-05-25;10000,00000000;0,00000000;0,00000000
2018-05-29;10000,00000000;0,00000000;0,00000000
2018-05-30;10000,00000000;0,00000000;0,00000000
2018-05-31;10000,00000000;0,00000000;0,00000000
2018-06-01;10000,00000000;0,00000000;0,00000000
2018-06-04;10000,00000000;0,00000000;0,00000000
2018-06-05;10000,00000000;0,00000000;0,00000000
2018-06-06;10000,00000000;0,00000000;0,00000000
2018-06-07;10000,00000000;0,00000000;0,00000000
2018-06-08;10000,00000000;0,00000000;0,00000000
2018-06-11;10000,00000000;0,00000000;0,00000000
2018-06-12;10000,00000000;0,00000000;0,00000000
2018-06-13;10000,00000000;0,00000000;0,00000000
2018-06-14;10000,00000000;0,00000000;0,00000000
2018-06-15;10000,00000000;0,00000000;0,00000000
2018-06-18;10000,00000000;0,00000000;0,00000000
2018-06-19;10000,00000000;0,00000000;0,00000000
2018-06-20;10000,00000000;0,00000000;0,00000000
2018-06-21;10000,00000000;0,00000000;0,00000000
2018-06-22;10000,00000000;0,00000000;0,00000000
2018-06-25;10000,00000000;0,00000000;0,00000000
2018-06-26;10000,00000000;0,00000000;0,00000000
2018-06-27;10000,00000000;0,00000000;0,00000000
2018-06-28;10000,00000000;0,00000000;0,00000000
2018-06-29;10000,00000000;0,00000000;0,00000000
2018-07-02;10000,00000000;0,00000000;0,00000000
2018-07-03;10000,00000000;0,00000000;0,00000000
2018-07-05;10000,00000000;0,00000000;0,00000000
2018-07-06;10000,00000000;0,00000000;0,00000000
2018-07-09;10000,00000000;0,00000000;0,00000000
2018-07-10;10000,00000000;0,00000000;0,00000000
2018-07-11;10000,00000000;0,00000000;0,00000000
2018-07-12;10000,00000000;0,00000000;0,00000000
2018-07-13;10000,00000000;0,00000000;0,00000000
2018-07-16;10000,00000000;0,00000000;0,00000000
2018-07-17;10000,00000000;0,00000000;0,00000000
2018-07-18;10000,00000000;0,00000000;0,00000000
2018-07-19;10000,00000000;0,00000000;0,00000000
2018-07-20;10000,00000000;0,00000000;0,00000000
2018-07-23;10000,00000000;0,00000000;0,00000000
2018-07-24;10000,00000000;0,00000000;0,00000000
2018-07-25;10000,00000000;0,00000000;0,00000000
2018-07-26;10000,00000000;0,00000000;0,00000000
2018-07-27;10000,00000000;0,00000000;0,00000000
2018-07-30;10000,00000000;0,00000000;0,00000000
2018-07-31;10000,00000000;0,00000000;0,00000000
2018-08-01;10000,00000000;0,00000000;0,00000000
2018-08-02;10000,00000000;0,00000000;0,00000000
2018-08-03;10000,00000000;0,00000000;0,00000000
2018-08-06;10000,00000000;0,00000000;0,00000000
2018-08-07;10000,00000000;0,00000000;0,00000000
2018-08-08;10000,00000000;0,00000000;0,00000000
2018-08-09;10000,00000000;0,00000000;0,00000000
2018-08-10;10000,00000000;0,00000000;0,00000000
2018-08-13;10000,00000000;0,00000000;0,00000000
2018-08-14;10000,00000000;0,00000000;0,00000000
2018-08-15;10000,00000000;0,00000000;0,00000000
2018-08-16;10000,00000000;0,00000000;0,00000000
2018-08-17;10000,00000000;0,00000000;0,00000000
2018-08-20;10000,00000000;0,00000000;0,00000000
2018-08-21;10000,00000000;0,00000000;0,00000000
2018-08-22;10000,00000000;0,00000000;0,00000000
2018-08-23;10000,00000000;0,00000000;0,00000000
2018-08-24;10000,00000000;0,00000000;0,00000000
2018-08-28;10000,00000000;0,00000000;0,00000000
2018-08-29;10000,00000000;0,00000000;0,00000000
2018-08-30;10000,00000000;0,00000000;0,00000000
2018-08-31;10000,00000000;0,00000000;0,00000000
2018-09-04;10000,00000000;0,00000000;0,00000000
2018-09-05;10000,00000000;0,00000000;0,00000000
2018-09-06;10000,00000000;0,00000000;0,00000000
2018-09-07;10000,00000000;0,00000000;0,00000000
2018-09-10;10000,00000000;0,00000000;0,00000000
2018-09-11;10000,00000000;0,00000000;0,00000000
2018-09-12;10000,00000000;0,00000000;0,00000000
2018-09-13;10000,00000000;0,00000000;0,00000000
2018-09-14;10000,00000000;0,00000000;0,00000000
2018-09-17;10000,00000000;0,00000000;0,00000000
2018-09-18;10000,00000000;0,00000000;0,00000000
2018-09-19;10000,00000000;0,00000000;0,00000000
2018-09-20;10000,00000000;0,00000000;0,00000000
2018-09-21;10000,00000000;0,00000000;0,00000000
2018-09-24;10000,00000000;0,00000000;0,00000000
2018-09-25;10000,00000000;0,00000000;0,00000000
2018-09-26;10000,00000000;0,00000000;0,00000000
2018-09-27;10000,00000000;0,00000000;0,00000000
2018-09-28;10000,00000000;0,00000000;0,00000000
2018-10-01;10000,00000000;0,00000000;0,00000000
2018-10-02;10000,00000000;0,00000000;0,00000000
2018-10-03;10000,00000000;0,00000000;0,00000000
2018-10-04;10000,00000000;0,00000000;0,00000000
2018-10-05;10000,00000000;0,00000000;0,00000000
2018-10-08;10000,00000000;0,00000000;0,00000000
2018-10-09;10000,00000000;0,00000000;0,00000000
2018-10-10;10000,00000000;0,00000000;0,00000000
2018-10-11;10000,00000000;0,00000000;0,00000000
2018-10-12;10000,00000000;0,00000000;0,00000000
2018-10-15;10000,00000000;0,00000000;0,00000000
2018-10-16;10000,00000000;0,00000000;0,00000000
2018-10-17;10000,00000000;0,00000000;0,00000000
2018-10-18;10000,00000000;0,00000000;0,00000000
2018-10-19;10000,00000000;0,00000000;0,00000000
2018-10-22;10000,00000000;0,00000000;0,00000000
2018-10-23;10000,00000000;0,00000000;0,00000000
2018-10-24;10000,00000000;0,00000000;0,00000000
2018-10-25;10000,00000000;0,00000000;0,00000000
2018-10-26;10000,00000000;0,00000000;0,00000000
2018-10-29;10000,00000000;0,00000000;0,00000000
2018-10-30;10000,00000000;0,00000000;0,00000000
2018-10-31;10000,00000000;0,00000000;0,00000000
2018-11-01;10000,00000000;0,00000000;0,00000000
2018-11-02;10000,00000000;0,00000000;0,00000000
2018-11-05;10000,00000000;0,00000000;0,00000000
2018-11-06;10000,00000000;0,00000000;0,00000000
2018-11-07;10000,00000000;0,00000000;0,00000000
2018-11-08;10000,00000000;0,00000000;0,00000000
2018-11-09;10000,00000000;0,00000000;0,00000000
2018-11-12;10000,00000000;0,00000000;0,00000000
2018-11-13;10000,00000000;0,00000000;0,00000000
2018-11-14;10000,00000000;0,00000000;0,00000000
2018-11-15;10000,00000000;0,00000000;0,00000000
2018-11-16;10000,00000000;0,00000000;0,00000000
2018-11-19;10000,00000000;0,00000000;0,00000000
2018-11-20;10000,00000000;0,00000000;0,00000000
2018-11-21;10000,00000000;0,00000000;0,00000000
2018-11-23;10000,00000000;0,00000000;0,00000000
2018-11-26;10000,00000000;0,00000000;0,00000000
2018-11-27;10000,00000000;0,00000000;0,00000000
2018-11-28;10000,00000000;0,00000000;0,00000000
2018-11-29;10000,00000000;0,00000000;0,00000000
2018-11-30;10000,00000000;0,00000000;0,00000000
2018-12-03;10000,00000000;0,00000000;0,00000000
2018-12-04;10000,00000000;0,00000000;0,00000000
2018-12-06;10000,00000000;0,00000000;0,00000000
2018-12-07;10000,00000000;0,00000000;0,00000000
2018-12-10;10000,00000000;0,00000000;0,00000000
2018-12-11;10000,00000000;0,00000000;0,00000000
2018-12-12;10000,00000000;0,00000000;0,00000000
2018-12-13;10000,00000000;0,00000000;0,00000000
2018-12-14;10000,00000000;0,00000000;0,00000000
2018-12-17;10000,00000000;0,00000000;0,00000000
2018-12-18;10000,00000000;0,00000000;0,00000000
2018-12-19;10000,00000000;0,00000000;0,00000000
2018-12-20;10000,00000000;0,00000000;0,00000000
2018-12-21;10000,00000000;0,00000000;0,00000000
2018-12-24;10000,00000000;0,00000000;0,00000000
2018-12-27;10000,00000000;0,00000000;0,00000000
2018-12-28;10000,00000000;0,00000000;0,00000000
2018-12-31;10000,00000000;0,00000000;0,00000000
2019-01-02;10000,00000000;0,00000000;0,00000000
2019-01-03;9984,45542318;-0,00155446;-0,00155446
2019-01-04;10005,97413253;0,00215522;0,00000000
2019-01-07;10039,33800400;0,00333440;0,00000000
2019-01-08;10044,33380006;0,00049762;0,00000000
2019-01-09;10105,16877079;0,00605665;0,00000000
2019-01-10;10074,69467918;-0,00301569;-0,00301569
2019-01-11;10075,97201964;0,00012679;-0,00288929
2019-01-14;10068,51872884;-0,00073971;-0,00362686
2019-01-15;10098,70950296;0,00299853;-0,00063920
2019-01-16;10117,02728864;0,00181387;0,00000000
2019-01-17;10111,08488298;-0,00058737;-0,00058737
2019-01-18;10104,26283131;-0,00067471;-0,00126168
2019-01-22;10081,01768509;-0,00230053;-0,00355931
2019-01-23;10061,05936918;-0,00197979;-0,00553205
2019-01-24;10062,30529918;0,00012384;-0,00540890
2019-01-25;10168,29382966;0,01053323;0,00000000
2019-01-28;10154,12974769;-0,00139297;-0,00139297
2019-01-29;10190,03642793;0,00353617;0,00000000
2019-01-30;10270,20347379;0,00786720;0,00000000
2019-01-31;10283,63833186;0,00130814;0,00000000
2019-02-01;10291,43339113;0,00075801;0,00000000
2019-02-04;10281,46089110;-0,00096901;-0,00096901
2019-02-05;10333,39189155;0,00505094;0,00000000
2019-02-06;10296,24818501;-0,00359453;-0,00359453
2019-02-07;10275,12782776;-0,00205127;-0,00563843
2019-02-08;10298,22362604;0,00224774;-0,00340336
2019-02-11;10289,70385494;-0,00082730;-0,00422785
2019-02-12;10330,37855162;0,00395295;-0,00029161
2019-02-13;10318,43926127;-0,00115575;-0,00144702
2019-02-14;10358,48321399;0,00388081;0,00000000
2019-02-15;10412,92817143;0,00525607;0,00000000
2019-02-19;10480,19599647;0,00646003;0,00000000
2019-02-20;10480,71694726;0,00004971;0,00000000
2019-02-21;10402,31471140;-0,00748062;-0,00748062
2019-02-22;10453,45861385;0,00491659;-0,00260081
2019-02-25;10460,45021348;0,00066883;-0,00193372
2019-02-26;10443,15937605;-0,00165297;-0,00358349
2019-02-27;10391,61239283;-0,00493596;-0,00850176
2019-02-28;10359,70368935;-0,00307062;-0,01154628
2019-03-01;10273,16615151;-0,00835328;-0,01980311
2019-03-04;10260,20018549;-0,00126212;-0,02104024
2019-03-05;10266,32925237;0,00059736;-0,02045544
2019-03-06;10246,65380848;-0,00191650;-0,02233274
2019-03-07;10222,84269251;-0,00232379;-0,02460464
2019-03-08;10286,56974457;0,00623379;-0,01852423
2019-03-11;10289,46732024;0,00028169;-0,01824776
2019-03-12;10346,57139813;0,00554976;-0,01279927
2019-03-13;10390,48904303;0,00424466;-0,00860894
2019-03-14;10313,48416002;-0,00741109;-0,01595624
2019-03-15;10358,17506115;0,00433325;-0,01169213
2019-03-18;10380,84220470;0,00218833;-0,00952938
2019-03-19;10404,63376975;0,00229187;-0,00725935
2019-03-20;10432,81473424;0,00270850;-0,00457051
2019-03-21;10464,80992009;0,00306678;-0,00151774
2019-03-22;10415,31702492;-0,00472946;-0,00624002
2019-03-25;10456,76112523;0,00397915;-0,00228570
2019-03-26;10438,07147927;-0,00178733;-0,00406895
2019-03-27;10389,53883565;-0,00464958;-0,00869961
2019-03-28;10330,15215866;-0,00571601;-0,01436589
2019-03-29;10364,95541523;0,00336909;-0,01104519
2019-04-01;10355,00831035;-0,00095969;-0,01199428
2019-04-02;10395,28633624;0,00388971;-0,00815122
2019-04-03;10392,21886510;-0,00029508;-0,00844390
2019-04-04;10407,94019847;0,00151280;-0,00694387
2019-04-05;10421,21252779;0,00127521;-0,00567751
2019-04-08;10451,59233359;0,00291519;-0,00277888
2019-04-09;10467,33511781;0,00150626;-0,00127680
2019-04-10;10488,27263965;0,00200027;0,00000000
2019-04-11;10417,74109251;-0,00672480;-0,00672480
2019-04-12;10418,33761839;0,00005726;-0,00666793
2019-04-15;10409,62312337;-0,00083646;-0,00749881
2019-04-16;10377,20791826;-0,00311397;-0,01058942
2019-04-17;10370,59028824;-0,00063771;-0,01122037
2019-04-18;10381,21189544;0,00102420;-0,01020766
2019-04-23;10395,22856264;0,00135020;-0,00887125
2019-04-24;10413,78941877;0,00178552;-0,00710157
2019-04-25;10418,82797129;0,00048383;-0,00662117
2019-04-26;10449,80440356;0,00297312;-0,00366774
2019-04-29;10432,28240529;-0,00167678;-0,00533837
2019-04-30;10436,90748729;0,00044334;-0,00489739
2019-05-01;10397,23912960;-0,00380078;-0,00867955
2019-05-02;10359,63047943;-0,00361718;-0,01226533
2019-05-03;10398,65522503;0,00376700;-0,00854454
2019-05-07;10385,56957458;-0,00125840;-0,00979218
2019-05-08;10373,71369363;-0,00114157;-0,01092258
2019-05-09;10360,89558659;-0,00123563;-0,01214471
2019-05-10;10374,33019920;0,00129667;-0,01086379
2019-05-13;10394,78658108;0,00197183;-0,00891339
2019-05-14;10418,40343025;0,00227199;-0,00666165
2019-05-15;10429,36233767;0,00105188;-0,00561678
2019-05-16;10425,01652652;-0,00041669;-0,00603113
2019-05-17;10370,79286596;-0,00520130;-0,01120106
2019-05-20;10339,52829382;-0,00301468;-0,01418197
2019-05-21;10341,08772556;0,00015082;-0,01403328
2019-05-22;10348,32517517;0,00069987;-0,01334323
2019-05-23;10354,64845111;0,00061104;-0,01274034
2019-05-24;10364,59372785;0,00096046;-0,01179211
2019-05-28;10338,89704081;-0,00247928;-0,01424215
2019-05-29;10319,50584985;-0,00187556;-0,01609100
2019-05-30;10373,45496115;0,00522788;-0,01094724
2019-05-31;10437,23715088;0,00614860;-0,00486596
2019-06-03;10505,59996010;0,00654990;0,00000000
2019-06-04;10552,71647518;0,00448490;0,00000000
2019-06-05;10587,38169725;0,00328496;0,00000000
2019-06-06;10621,39381339;0,00321251;0,00000000
2019-06-07;10689,28972072;0,00639237;0,00000000
2019-06-10;10663,01967397;-0,00245760;-0,00245760
2019-06-11;10643,23867221;-0,00185510;-0,00430815
2019-06-12;10664,86223266;0,00203167;-0,00228523
2019-06-13;10708,96845789;0,00413566;0,00000000
2019-06-14;10705,48355571;-0,00032542;-0,00032542
2019-06-17;10710,91413608;0,00050727;0,00000000
2019-06-18;10775,91655855;0,00606880;0,00000000
2019-06-19;10813,09794006;0,00345041;0,00000000
2019-06-20;10990,32475049;0,01639001;0,00000000
2019-06-21;11038,12201541;0,00434903;0,00000000
2019-06-24;11134,39384313;0,00872176;0,00000000
2019-06-25;11125,95207694;-0,00075817;-0,00075817
2019-06-26;11066,41616577;-0,00535108;-0,00610520
2019-06-27;11070,05137926;0,00032849;-0,00577871
2019-06-28;11084,11631766;0,00127054;-0,00451552
2019-07-01;10995,94569693;-0,00795468;-0,01243428
2019-07-02;11145,75712751;0,01362424;0,00000000
2019-07-03;11182,68948680;0,00331358;0,00000000
2019-07-05;11101,89749686;-0,00722474;-0,00722474
2019-07-08;11052,96055071;-0,00440798;-0,01160087
2019-07-09;11079,55422490;0,00240602;-0,00922276
2019-07-10;11192,23341025;0,01017001;0,00000000
2019-07-11;11140,17380295;-0,00465140;-0,00465140
2019-07-12;11188,04908170;0,00429753;-0,00037386
2019-07-15;11200,95103785;0,00115319;0,00000000
2019-07-16;11149,63194888;-0,00458167;-0,00458167
2019-07-17;11239,94982906;0,00810053;0,00000000
2019-07-18;11326,59752759;0,00770890;0,00000000
2019-07-19;11240,71895004;-0,00758203;-0,00758203
2019-07-22;11237,89792130;-0,00025097;-0,00783109
2019-07-23;11221,95341309;-0,00141882;-0,00923880
2019-07-24;11258,40189995;0,00324796;-0,00602084
2019-07-25;11210,85751389;-0,00422301;-0,01021843
2019-07-26;11238,60705037;0,00247524;-0,00776848
2019-07-29;11303,38267738;0,00576367;-0,00204959
2019-07-30;11323,16163308;0,00174983;-0,00030335
2019-07-31;11215,88682825;-0,00947393;-0,00977440
2019-08-01;11374,67165912;0,01415714;0,00000000
2019-08-02;11297,07036807;-0,00682229;-0,00682229
2019-08-05;11315,16157346;0,00160141;-0,00523181
2019-08-06;11378,93287794;0,00563592;0,00000000
2019-08-07;11488,66644134;0,00964357;0,00000000
2019-08-08;11588,64383049;0,00870226;0,00000000
2019-08-09;11544,78932254;-0,00378427;-0,00378427
2019-08-12;11594,18128840;0,00427829;0,00000000
2019-08-13;11592,15804035;-0,00017451;-0,00017451
2019-08-14;11578,14404813;-0,00120892;-0,00138321
2019-08-15;11611,84748684;0,00291095;0,00000000
2019-08-16;11602,80151283;-0,00077903;-0,00077903
2019-08-19;11554,72535461;-0,00414350;-0,00491930
2019-08-20;11591,17576265;0,00315459;-0,00178023
2019-08-21;11582,66303151;-0,00073441;-0,00251333
2019-08-22;11549,78840512;-0,00283826;-0,00534446
2019-08-23;11637,25409318;0,00757293;0,00000000
2019-08-27;11713,92699420;0,00658857;0,00000000
2019-08-28;11710,34655477;-0,00030566;-0,00030566
2019-08-29;11695,90335534;-0,00123337;-0,00153865
2019-08-30;11666,48903889;-0,00251492;-0,00404971
2019-09-03;11774,79741161;0,00928372;0,00000000
2019-09-04;11839,31537327;0,00547933;0,00000000
2019-09-05;11693,45987184;-0,01231959;-0,01231959
2019-09-06;11639,99215894;-0,00457245;-0,01683570
2019-09-09;11594,07243023;-0,00394500;-0,02071428
2019-09-10;11522,47869417;-0,00617503;-0,02676140
2019-09-11;11593,87506398;0,00619627;-0,02073095
2019-09-12;11619,21310538;0,00218547;-0,01859079
2019-09-13;11547,65027735;-0,00615901;-0,02463530
2019-09-16;11597,29770930;0,00429935;-0,02044186
2019-09-17;11606,08530386;0,00075773;-0,01969962
2019-09-18;11561,72659659;-0,00382202;-0,02344635
2019-09-19;11608,93140725;0,00408285;-0,01945923
2019-09-20;11674,32511478;0,00563305;-0,01393579
2019-09-23;11714,28038225;0,00342249;-0,01056100
2019-09-24;11736,08133623;0,00186106;-0,00871960
2019-09-25;11616,30133629;-0,01020613;-0,01883673
2019-09-26;11620,58120911;0,00036844;-0,01847524
2019-09-27;11585,44034779;-0,00302402;-0,02144339
2019-09-30;11487,66101958;-0,00843985;-0,02970225
2019-10-01;11509,60051154;0,00190983;-0,02784915
2019-10-02;11487,13129409;-0,00195222;-0,02974700
2019-10-03;11505,43531166;0,00159344;-0,02820096
2019-10-04;11552,32080392;0,00407507;-0,02424081
2019-10-07;11527,15894086;-0,00217808;-0,02636609
2019-10-08;11529,89537689;0,00023739;-0,02613496
2019-10-09;11551,30074476;0,00185651;-0,02432697
2019-10-10;11527,31863871;-0,00207614;-0,02635260
2019-10-11;11506,14071905;-0,00183719;-0,02814138
2019-10-14;11518,99142426;0,00111686;-0,02705595
2019-10-15;11507,86451591;-0,00096596;-0,02799578
2019-10-16;11504,84828094;-0,00026210;-0,02825054
2019-10-17;11507,94243985;0,00026894;-0,02798920
2019-10-18;11488,94901911;-0,00165046;-0,02959346
2019-10-21;11476,80117609;-0,00105735;-0,03061952
2019-10-22;11481,79442139;0,00043507;-0,03019777
2019-10-23;11497,51748642;0,00136939;-0,02886973
2019-10-24;11549,91285351;0,00455710;-0,02444419
2019-10-25;11573,43095750;0,00203621;-0,02245775
2019-10-28;11558,75924708;-0,00126771;-0,02369699
2019-10-29;11535,73053104;-0,00199232;-0,02564209
2019-10-30;11565,73048619;0,00260061;-0,02310817
2019-10-31;11589,43366488;0,00204943;-0,02110609
2019-11-01;11615,34244892;0,00223555;-0,01891773
2019-11-04;11621,82404966;0,00055802;-0,01837026
2019-11-05;11513,73377344;-0,00930063;-0,02750004
2019-11-06;11545,29014087;0,00274076;-0,02483465
2019-11-07;11463,50912141;-0,00708350;-0,03174223
2019-11-08;11430,93706269;-0,00284137;-0,03449341
2019-11-11;11400,02382788;-0,00270435;-0,03710447
2019-11-12;11435,86232014;0,00314372;-0,03407740
2019-11-13;11454,70749449;0,00164790;-0,03248565
2019-11-14;11476,85396865;0,00193339;-0,03061506
2019-11-15;11479,93078885;0,00026809;-0,03035518
2019-11-18;11499,30054457;0,00168727;-0,02871913
2019-11-19;11505,34037846;0,00052523;-0,02820898
2019-11-20;11498,82216035;-0,00056654;-0,02875954
2019-11-21;11451,43508712;-0,00412104;-0,03276205
2019-11-22;11452,24730670;0,00007093;-0,03269345
2019-11-25;11438,91296766;-0,00116434;-0,03381973
2019-11-26;11482,56712128;0,00381629;-0,03013251
2019-11-27;11455,69898996;-0,00233991;-0,03240191
2019-11-29;11476,74029300;0,00183675;-0,03062467
2019-12-02;11446,30890058;-0,00265157;-0,03319503
2019-12-03;11480,43849284;0,00298171;-0,03031230
2019-12-04;11475,86774471;-0,00039813;-0,03069837
2019-12-05;11483,06680040;0,00062732;-0,03009030
2019-12-06;11444,91353129;-0,00332257;-0,03331289
2019-12-09;11437,07266366;-0,00068510;-0,03397517
2019-12-10;11446,81577703;0,00085189;-0,03315222
2019-12-11;11504,79936279;0,00506548;-0,02825468
2019-12-12;11503,47478240;-0,00011513;-0,02836656
2019-12-13;11522,39387184;0,00164464;-0,02676857
2019-12-16;11549,42711586;0,00234615;-0,02448522
2019-12-17;11557,07227835;0,00066195;-0,02383948
2019-12-18;11564,34934974;0,00062966;-0,02322482
2019-12-19;11593,47100750;0,00251823;-0,02076508
2019-12-20;11599,78989466;0,00054504;-0,02023136
2019-12-23;11656,16240559;0,00485979;-0,01546990
2019-12-24;11713,20515911;0,00489379;-0,01065182
2019-12-27;11762,39849525;0,00419982;-0,00649673
2019-12-30;11766,69933131;0,00036564;-0,00613347
2019-12-31;11765,30212813;-0,00011874;-0,00625148
2020-01-02;11852,46055208;0,00740809;0,00000000
2020-01-03;11943,26177536;0,00766096;0,00000000
2020-01-06;12008,80493282;0,00548788;0,00000000
2020-01-07;12048,26784318;0,00328616;0,00000000
2020-01-08;12009,20510694;-0,00324219;-0,00324219
2020-01-09;11988,52219606;-0,00172225;-0,00495886
2020-01-10;12038,30914766;0,00415288;-0,00082657
2020-01-13;12000,60823236;-0,00313175;-0,00395572
2020-01-14;11988,55908228;-0,00100404;-0,00495580
2020-01-15;12040,12755548;0,00430147;-0,00067564
2020-01-16;12038,41511239;-0,00014223;-0,00081777
2020-01-17;12076,75111806;0,00318447;0,00000000
2020-01-21;12078,55258076;0,00014917;0,00000000
2020-01-22;12072,32709734;-0,00051542;-0,00051542
2020-01-23;12088,21929952;0,00131642;0,00000000
2020-01-24;12133,73732931;0,00376549;0,00000000
2020-01-27;12130,78645804;-0,00024320;-0,00024320
2020-01-28;12103,88727182;-0,00221743;-0,00246009
2020-01-29;12144,09611409;0,00332198;0,00000000
2020-01-30;12131,70856355;-0,00102005;-0,00102005
2020-01-31;12133,03482592;0,00010932;-0,00091084
2020-02-03;12119,40718890;-0,00112318;-0,00203300
2020-02-04;12068,36191154;-0,00421186;-0,00623630
2020-02-05;12100,84283142;0,00269141;-0,00356167
2020-02-06;12169,78438146;0,00569725;0,00000000
2020-02-07;12172,82191967;0,00024960;0,00000000
2020-02-10;12199,27503115;0,00217313;0,00000000
2020-02-11;12182,32281467;-0,00138961;-0,00138961
2020-02-12;12188,66975027;0,00052100;-0,00086934
2020-02-13;12223,48443302;0,00285632;0,00000000
2020-02-14;12260,81340822;0,00305387;0,00000000
2020-02-18;12340,82679783;0,00652594;0,00000000
2020-02-19;12421,46963279;0,00653464;0,00000000
2020-02-20;12439,99028015;0,00149102;0,00000000
2020-02-21;12512,76109229;0,00584975;0,00000000
2020-02-24;12490,06693000;-0,00181368;-0,00181368
2020-02-25;12281,70319036;-0,01668236;-0,01846578
2020-02-26;12327,13649209;0,00369927;-0,01483482
2020-02-27;12220,69076914;-0,00863507;-0,02334180
2020-02-28;11913,13723758;-0,02516662;-0,04792099
2020-03-02;12044,63637063;0,01103816;-0,03741178
2020-03-03;12241,70920268;0,01636187;-0,02166204
2020-03-04;12317,07305913;0,00615632;-0,01563908
2020-03-05;12436,75133202;0,00971645;-0,00607458
2020-03-06;12356,95533587;-0,00641614;-0,01245175
2020-03-09;12221,52028842;-0,01096023;-0,02327550
2020-03-10;12099,71142331;-0,00996675;-0,03301027
2020-03-11;12030,47880114;-0,00572184;-0,03854323
2020-03-12;11533,76844494;-0,04128766;-0,07823954
2020-03-13;11423,56808224;-0,00955458;-0,08704658
2020-03-16;11228,18882887;-0,01710317;-0,10266098
2020-03-17;11402,06595235;0,01548577;-0,08876499
2020-03-18;11177,80429376;-0,01966851;-0,10668763
2020-03-19;11085,64853575;-0,00824453;-0,11405257
2020-03-20;11137,74133624;0,00469912;-0,10988940
2020-03-23;11396,68555662;0,02324926;-0,08919498
2020-03-24;11877,26452556;0,04216831;-0,05078788
2020-03-25;11830,92470729;-0,00390156;-0,05449128
2020-03-26;11997,08713950;0,01404475;-0,04121184
2020-03-27;11839,05928758;-0,01317219;-0,05384118
2020-03-30;11921,24490740;0,00694190;-0,04727303
2020-03-31;11713,25416406;-0,01744707;-0,06389532
2020-04-01;11660,56734274;-0,00449805;-0,06810597
2020-04-02;11799,72034818;0,01193364;-0,05698508
2020-04-03;11846,83650883;0,00399299;-0,05321964
2020-04-06;12167,28744690;0,02704949;-0,02760971
2020-04-07;12182,56405293;0,00125555;-0,02638882
2020-04-08;12101,01301086;-0,00669408;-0,03290625
2020-04-09;12323,42473206;0,01837960;-0,01513146
2020-04-14;12578,57275016;0,02070431;0,00000000
2020-04-15;12509,83066139;-0,00546502;-0,00546502
2020-04-16;12499,92267130;-0,00079202;-0,00625270
2020-04-17;12375,16147611;-0,00998096;-0,01617125
2020-04-20;12445,56391120;0,00568901;-0,01057424
2020-04-21;12307,00673777;-0,01113306;-0,02158957
2020-04-22;12504,70648457;0,01606400;-0,00587239
2020-04-23;12595,94074393;0,00729599;0,00000000
2020-04-24;12568,61142853;-0,00216969;-0,00216969
2020-04-27;12571,11580675;0,00019926;-0,00197087
2020-04-28;12524,64653209;-0,00369651;-0,00566009
2020-04-29;12635,32774788;0,00883707;0,00000000
2020-04-30;12441,20983305;-0,01536311;-0,01536311
2020-05-01;12437,79121580;-0,00027478;-0,01563367
2020-05-04;12457,35717992;0,00157311;-0,01408516
2020-05-05;12518,25213969;0,00488827;-0,00926574
2020-05-06;12484,61052472;-0,00268741;-0,01192824
2020-05-07;12587,89637200;0,00827305;-0,00375387
2020-05-11;12571,93484908;-0,00126801;-0,00501712
2020-05-12;12577,83216864;0,00046909;-0,00455038
2020-05-13;12559,21098745;-0,00148048;-0,00602412
2020-05-14;12595,69284186;0,00290479;-0,00313683
2020-05-15;12645,74786246;0,00397398;0,00000000
2020-05-18;12695,18847817;0,00390966;0,00000000
2020-05-19;12720,32650479;0,00198012;0,00000000
2020-05-20;12767,03301656;0,00367180;0,00000000
2020-05-21;12673,93801172;-0,00729183;-0,00729183
2020-05-22;12704,03835771;0,00237498;-0,00493417
2020-05-26;12672,53225730;-0,00248001;-0,00740194
2020-05-27;12693,33200432;0,00164133;-0,00577276
2020-05-28;12725,19701466;0,00251037;-0,00327688
2020-05-29;12739,51034558;0,00112480;-0,00215576
2020-06-01;12774,77384850;0,00276804;0,00000000
2020-06-02;12756,77884967;-0,00140864;-0,00140864
2020-06-03;12716,41548548;-0,00316407;-0,00456825
2020-06-04;12747,61319797;0,00245334;-0,00212612
2020-06-05;12719,69058160;-0,00219042;-0,00431188
2020-06-08;12770,02273572;0,00395703;-0,00037191
2020-06-09;12806,79240402;0,00287937;0,00000000
2020-06-10;12878,76082053;0,00561955;0,00000000
2020-06-11;12733,62130665;-0,01126968;-0,01126968
2020-06-12;12754,45892470;0,00163643;-0,00965170
2020-06-15;12742,55649639;-0,00093320;-0,01057589
2020-06-16;12820,57727899;0,00612285;-0,00451779
2020-06-17;12835,61657777;0,00117306;-0,00335003
2020-06-18;12833,29229335;-0,00018108;-0,00353050
2020-06-19;12889,48993481;0,00437905;0,00000000
2020-06-22;12920,39613982;0,00239778;0,00000000
2020-06-23;12976,32861479;0,00432901;0,00000000
2020-06-24;12903,88938942;-0,00558241;-0,00558241
2020-06-25;12910,89078185;0,00054258;-0,00504286
2020-06-26;12912,85255492;0,00015195;-0,00489168
2020-06-29;12938,93676850;0,00202002;-0,00288154
2020-06-30;12973,88299857;0,00270086;-0,00018847
2020-07-01;12958,00216959;-0,00122406;-0,00141230
2020-07-02;12997,13352410;0,00301986;0,00000000
2020-07-06;13060,77064614;0,00489624;0,00000000
2020-07-07;13059,77196948;-0,00007646;-0,00007646
2020-07-08;13089,14282735;0,00224896;0,00000000
2020-07-09;13072,64425888;-0,00126048;-0,00126048
2020-07-10;13070,05258092;-0,00019825;-0,00145848
2020-07-13;13090,99851816;0,00160259;0,00000000
2020-07-14;13104,03673611;0,00099597;0,00000000
2020-07-15;13142,68242877;0,00294914;0,00000000
2020-07-16;13072,57027918;-0,00533469;-0,00533469
2020-07-17;13129,45241913;0,00435126;-0,00100664
2020-07-20;13172,77755837;0,00329984;0,00000000
2020-07-21;13222,21105079;0,00375270;0,00000000
2020-07-22;13292,10766835;0,00528630;0,00000000
2020-07-23;13308,88450015;0,00126216;0,00000000
2020-07-24;13299,51394179;-0,00070408;-0,00070408
2020-07-27;13399,24072973;0,00749853;0,00000000
2020-07-28;13427,49011256;0,00210828;0,00000000
2020-07-29;13475,70337251;0,00359064;0,00000000
2020-07-30;13420,82836963;-0,00407214;-0,00407214
2020-07-31;13490,73420603;0,00520876;0,00000000
2020-08-03;13549,38101004;0,00434719;0,00000000
2020-08-04;13653,48091595;0,00768300;0,00000000
2020-08-05;13705,90657437;0,00383973;0,00000000
2020-08-06;13775,72777064;0,00509424;0,00000000
2020-08-07;13697,15285513;-0,00570387;-0,00570387
2020-08-10;13675,83023425;-0,00155672;-0,00725171
2020-08-11;13431,85012890;-0,01784024;-0,02496258
2020-08-12;13449,25445485;0,00129575;-0,02369917
2020-08-13;13543,45717681;0,00700431;-0,01686086
2020-08-14;13517,66676556;-0,00190427;-0,01873302
2020-08-17;13622,65893602;0,00776703;-0,01111149
2020-08-18;13656,97784456;0,00251925;-0,00862023
2020-08-19;13527,19435784;-0,00950309;-0,01804140
2020-08-20;13557,59756352;0,00224756;-0,01583439
2020-08-21;13541,30788399;-0,00120152;-0,01701688
2020-08-24;13552,27488325;0,00080989;-0,01622077
2020-08-25;13558,65837629;0,00047103;-0,01575738
2020-08-26;13636,25486637;0,00572302;-0,01012454
2020-08-27;13588,88634338;-0,00347372;-0,01356309
2020-08-28;13660,72913006;0,00528688;-0,00834792
2020-09-01;13697,78411050;0,00271252;-0,00565804
2020-09-02;13683,97172803;-0,00100837;-0,00666070
2020-09-03;13548,39821164;-0,00990747;-0,01650218
2020-09-04;13514,27888687;-0,00251833;-0,01897895
2020-09-08;13470,58249067;-0,00323335;-0,02215094
2020-09-09;13573,68738125;0,00765408;-0,01466640
2020-09-10;13555,99003305;-0,00130380;-0,01595108
2020-09-11;13545,77880069;-0,00075326;-0,01669233
2020-09-14;13607,25739646;0,00453858;-0,01222951
2020-09-15;13620,73525556;0,00099049;-0,01125113
2020-09-16;13602,73017570;-0,00132189;-0,01255815
2020-09-17;13548,32508986;-0,00399957;-0,01650749
2020-09-18;13530,47605960;-0,00131743;-0,01780318
2020-09-21;13409,36978828;-0,00895063;-0,02659446
2020-09-22;13431,87538661;0,00167835;-0,02496074
2020-09-23;13313,13451613;-0,00884023;-0,03358031
2020-09-24;13313,83982903;0,00005298;-0,03352911
2020-09-25;13336,06625077;0,00166942;-0,03191567
2020-09-28;13416,94131092;0,00606439;-0,02604483
2020-09-29;13452,73744969;0,00266798;-0,02344633
2020-09-30;13433,50312150;-0,00142977;-0,02484258
2020-10-01;13487,90030843;0,00404937;-0,02089381
2020-10-02;13428,42903902;-0,00440923;-0,02521092
2020-10-05;13511,76206946;0,00620572;-0,01916165
2020-10-06;13422,95330238;-0,00657270;-0,02560841
2020-10-07;13457,46158076;0,00257084;-0,02310340
2020-10-08;13503,89848918;0,00345064;-0,01973248
2020-10-09;13627,16814741;0,00912845;-0,01078416
2020-10-12;13673,51908861;0,00340136;-0,00741948
2020-10-13;13581,43031697;-0,00673483;-0,01410433
2020-10-14;13578,36952756;-0,00022537;-0,01432652
2020-10-15;13576,61408268;-0,00012928;-0,01445395
2020-10-16;13571,71583635;-0,00036079;-0,01480952
2020-10-19;13529,21458090;-0,00313161;-0,01789475
2020-10-20;13553,26167690;0,00177742;-0,01614914
2020-10-21;13565,00431566;0,00086641;-0,01529672
2020-10-22;13503,08379836;-0,00456473;-0,01979162
2020-10-23;13513,39894125;0,00076391;-0,01904283
2020-10-26;13449,87071317;-0,00470113;-0,02365444
2020-10-27;13462,37636962;0,00092980;-0,02274663
2020-10-28;13267,43506586;-0,01448045;-0,03689770
2020-10-29;13279,57403700;0,00091494;-0,03601652
2020-10-30;13245,43978034;-0,00257043;-0,03849437
2020-11-02;13330,18914501;0,00639838;-0,03234229
2020-11-03;13416,46870752;0,00647249;-0,02607913
2020-11-04;13555,86050473;0,01038960;-0,01596048
2020-11-05;13748,41618718;0,01420461;-0,00198259
2020-11-06;13754,13577302;0,00041602;-0,00156739
2020-11-09;13587,42796096;-0,01212056;-0,01366896
2020-11-10;13516,82473938;-0,00519622;-0,01879415
2020-11-11;13573,51344403;0,00419394;-0,01467903
2020-11-12;13583,17528215;0,00071182;-0,01397766
2020-11-13;13629,81687117;0,00343378;-0,01059188
2020-11-16;13680,26844351;0,00370156;-0,00692953
2020-11-17;13640,45753387;-0,00291010;-0,00981946
2020-11-18;13587,24088536;-0,00390138;-0,01368254
2020-11-19;13589,35024146;0,00015525;-0,01352941
2020-11-20;13579,25090868;-0,00074318;-0,01426254
2020-11-23;13479,14997071;-0,00737161;-0,02152901
2020-11-24;13469,82910659;-0,00069150;-0,02220563
2020-11-25;13466,94646645;-0,00021401;-0,02241488
2020-11-27;13453,01704933;-0,00103434;-0,02342604
2020-11-30;13419,47552285;-0,00249323;-0,02586087
2020-12-01;13560,55657780;0,01051316;-0,01561959
2020-12-02;13600,58001334;0,00295146;-0,01271423
2020-12-03;13622,28566594;0,00159594;-0,01113858
2020-12-04;13634,09889026;0,00086720;-0,01028105
2020-12-07;13714,35508696;0,00588643;-0,00445513
2020-12-08;13731,28694840;0,00123461;-0,00322602
2020-12-09;13642,35005352;-0,00647695;-0,00968208
2020-12-10;13638,29470603;-0,00029726;-0,00997646
2020-12-11;13641,95779940;0,00026859;-0,00971056
2020-12-14;13622,86993520;-0,00139920;-0,01109617
2020-12-15;13684,73765731;0,00454146;-0,00660510
2020-12-16;13722,44820361;0,00275566;-0,00386764
2020-12-17;13774,20522909;0,00377170;-0,00011052
2020-12-18;13767,76986011;-0,00046720;-0,00057768
2020-12-21;13757,32366294;-0,00075874;-0,00133598
2020-12-22;13750,53394582;-0,00049353;-0,00182886
2020-12-23;13752,06651204;0,00011146;-0,00171760
2020-12-24;13762,24286299;0,00073999;-0,00097889
2020-12-29;13799,52914084;0,00270932;0,00000000
2020-12-30;13820,53328084;0,00152209;0,00000000
2020-12-31;13830,10322467;0,00069244;0,00000000
2021-01-04;13912,28556232;0,00594228;0,00000000
2021-01-05;13929,61871460;0,00124589;0,00000000
2021-01-06;13862,38730434;-0,00482651;-0,00482651
2021-01-07;13891,67529431;0,00211277;-0,00272394
2021-01-08;13732,60317603;-0,01145090;-0,01414364
2021-01-11;13713,49597110;-0,00139138;-0,01551534
2021-01-12;13715,62979680;0,00015560;-0,01536215
2021-01-13;13709,24527088;-0,00046549;-0,01582049
2021-01-14;13696,53378135;-0,00092722;-0,01673304
2021-01-15;13615,29964164;-0,00593100;-0,02256480
2021-01-19;13675,33236983;0,00440921;-0,01825508
2021-01-20;13794,72905805;0,00873081;-0,00968366
2021-01-21;13803,11329444;0,00060779;-0,00908176
2021-01-22;13759,92982472;-0,00312853;-0,01218188
2021-01-25;13761,87277573;0,00014120;-0,01204239
2021-01-26;13754,61132919;-0,00052765;-0,01256369
2021-01-27;13674,82759254;-0,00580051;-0,01829132
2021-01-28;13683,47293688;0,00063221;-0,01767068
2021-01-29;13623,72332707;-0,00436655;-0,02196007
2021-02-01;13715,63245832;0,00674626;-0,01536196
2021-02-02;13716,37221038;0,00005393;-0,01530885
2021-02-03;13703,55366950;-0,00093454;-0,01622909
2021-02-04;13645,50976100;-0,00423568;-0,02039603
2021-02-05;13691,97141307;0,00340490;-0,01706057
2021-02-08;13756,90180732;0,00474222;-0,01239926
2021-02-09;13760,66558288;0,00027359;-0,01212906
2021-02-10;13768,89175291;0,00059780;-0,01153850
2021-02-11;13757,40961103;-0,00083392;-0,01236280
2021-02-12;13752,99966624;-0,00032055;-0,01267939
2021-02-16;13689,76787538;-0,00459767;-0,01721877
2021-02-17;13628,86807419;-0,00444856;-0,02159073
2021-02-18;13598,97899297;-0,00219307;-0,02373645
2021-02-19;13622,50798936;0,00173020;-0,02204732
2021-02-22;13631,36853608;0,00065043;-0,02141122
2021-02-23;13601,37196449;-0,00220055;-0,02356466
2021-02-24;13629,56426078;0,00207275;-0,02154075
2021-02-25;13507,26373936;-0,00897318;-0,03032064
2021-02-26;13401,61510304;-0,00782162;-0,03790510
2021-03-01;13464,54176591;0,00469545;-0,03338763
2021-03-02;13462,87187958;-0,00012402;-0,03350751
2021-03-03;13382,50674675;-0,00596939;-0,03927688
2021-03-04;13296,89485744;-0,00639730;-0,04542291
2021-03-05;13300,71972234;0,00028765;-0,04514833
2021-03-08;13292,78573509;-0,00059651;-0,04571790
2021-03-09;13409,18178582;0,00875633;-0,03736189
2021-03-10;13426,80107306;0,00131397;-0,03609701
2021-03-11;13464,03026320;0,00277275;-0,03342435
2021-03-12;13455,75511883;-0,00061461;-0,03401842
2021-03-15;13491,07536275;0,00262492;-0,03148280
2021-03-16;13517,08456314;0,00192788;-0,02961561
2021-03-17;13535,11253900;0,00133372;-0,02832139
2021-03-18;13482,29247632;-0,00390245;-0,03211332
2021-03-19;13486,99917665;0,00034910;-0,03177542
2021-03-22;13511,55020684;0,00182035;-0,03001292
2021-03-23;13478,42547100;-0,00245159;-0,03239093
2021-03-24;13479,18080904;0,00005604;-0,03233670
2021-03-25;13446,62451120;-0,00241530;-0,03467390
2021-03-26;13503,46555060;0,00422716;-0,03059331
2021-03-29;13455,50465089;-0,00355175;-0,03403640
2021-03-30;13390,88445523;-0,00480251;-0,03867545
2021-03-31;13462,64031625;0,00535856;-0,03352413
2021-04-01;13540,55447116;0,00578743;-0,02793072
2021-04-06;13665,33627325;0,00921541;-0,01897270
2021-04-07;13672,33055510;0,00051183;-0,01847058
2021-04-08;13789,42797157;0,00856455;-0,01006422
2021-04-09;13787,97668755;-0,00010525;-0,01016841
2021-04-12;13740,31391208;-0,00345684;-0,01359009
2021-04-13;13811,97741939;0,00521557;-0,00844541
2021-04-14;13758,35179227;-0,00388255;-0,01229516
2021-04-15;13908,52464659;0,01091503;-0,00151433
2021-04-16;13938,29388751;0,00214036;0,00000000
2021-04-19;13871,90194926;-0,00476328;-0,00476328
2021-04-20;13841,60740800;-0,00218388;-0,00693675
2021-04-21;13943,66345706;0,00737314;0,00000000
2021-04-22;13897,46202388;-0,00331344;-0,00331344
2021-04-23;13918,83088019;0,00153761;-0,00178092
2021-04-26;13956,66698960;0,00271834;0,00000000
2021-04-27;13924,35626874;-0,00231507;-0,00231507
2021-04-28;13913,91865657;-0,00074959;-0,00306293
2021-04-29;13884,28750692;-0,00212960;-0,00518601
2021-04-30;13833,58419255;-0,00365185;-0,00881892
2021-05-04;13765,97618061;-0,00488724;-0,01366306
2021-05-05;13801,75018138;0,00259873;-0,01109984
2021-05-06;13921,90589884;0,00870583;-0,00249064
2021-05-07;14010,99228404;0,00639901;0,00000000
2021-05-10;13932,83514557;-0,00557827;-0,00557827
2021-05-11;13882,89987045;-0,00358400;-0,00914228
2021-05-12;13728,80266578;-0,01109979;-0,02014059
2021-05-13;13800,06528936;0,00519074;-0,01505439
2021-05-14;13931,57518502;0,00952966;-0,00566820
2021-05-17;13969,17445107;0,00269885;-0,00298464
2021-05-18;13951,31703360;-0,00127834;-0,00425917
2021-05-19;13939,08435549;-0,00087681;-0,00513225
2021-05-20;14056,11298644;0,00839572;0,00000000
2021-05-21;14049,72174692;-0,00045469;-0,00045469
2021-05-24;14127,48751976;0,00553504;0,00000000
2021-05-25;14178,27696269;0,00359508;0,00000000
2021-05-26;14170,84045224;-0,00052450;-0,00052450
2021-05-27;14153,44674536;-0,00122743;-0,00175129
2021-05-28;14187,61999648;0,00241448;0,00000000
2021-06-01;14164,35672427;-0,00163969;-0,00163969
2021-06-02;14194,66738525;0,00213992;0,00000000
2021-06-03;14099,13723325;-0,00673000;-0,00673000
2021-06-04;14173,54636034;0,00527757;-0,00148795
2021-06-07;14190,18384761;0,00117384;-0,00031586
2021-06-08;14179,30663909;-0,00076653;-0,00108215
2021-06-09;14182,17960572;0,00020262;-0,00087975
2021-06-10;14205,76771457;0,00166322;0,00000000
2021-06-11;14173,82047567;-0,00224889;-0,00224889
2021-06-14;14164,85646777;-0,00063243;-0,00287990
2021-06-15;14146,31138583;-0,00130923;-0,00418537
2021-06-16;14071,96997807;-0,00525518;-0,00941855
2021-06-17;13969,54785627;-0,00727845;-0,01662845
2021-06-18;13925,79110852;-0,00313230;-0,01970866
2021-06-21;13989,83733894;0,00459911;-0,01520019
2021-06-22;13995,53275679;0,00040711;-0,01479927
2021-06-23;13985,51459208;-0,00071581;-0,01550449
2021-06-24;14008,98255661;0,00167802;-0,01385248
2021-06-25;14026,10158832;0,00122200;-0,01264741
2021-06-28;14039,01303430;0,00092053;-0,01173852
2021-06-29;14020,16776705;-0,00134235;-0,01306511
2021-06-30;14036,72572831;0,00118101;-0,01189953
2021-07-01;14061,21270390;0,00174449;-0,01017580
2021-07-02;14112,84291962;0,00367182;-0,00654134
2021-07-06;14133,51751512;0,00146495;-0,00508598
2021-07-07;14168,16241734;0,00245126;-0,00264719
2021-07-08;14135,44825981;-0,00230899;-0,00495006
2021-07-09;14174,46701497;0,00276035;-0,00220338
2021-07-12;14173,64474732;-0,00005801;-0,00226126
2021-07-13;14192,98843701;0,00136476;-0,00089958
2021-07-14;14236,04824244;0,00303388;0,00000000
2021-07-15;14218,45267134;-0,00123599;-0,00123599
2021-07-16;14166,76745852;-0,00363508;-0,00486657
2021-07-19;14125,37555566;-0,00292176;-0,00777412
2021-07-20;14172,83072203;0,00335957;-0,00444066
2021-07-21;14177,70234963;0,00034373;-0,00409846
2021-07-22;14193,27630938;0,00109848;-0,00300448
2021-07-23;14209,79197744;0,00116363;-0,00184435
2021-07-26;14196,47277172;-0,00093733;-0,00277995
2021-07-27;14167,81925415;-0,00201835;-0,00479269
2021-07-28;14194,57444107;0,00188845;-0,00291329
2021-07-29;14249,91540357;0,00389874;0,00000000
2021-07-30;14213,37731389;-0,00256409;-0,00256409
2021-08-02;14215,28962490;0,00013454;-0,00242989
2021-08-03;14218,57595408;0,00023118;-0,00219927
2021-08-04;14230,33988051;0,00082736;-0,00137373
2021-08-05;14230,67289064;0,00002340;-0,00135036
2021-08-06;14135,32921401;-0,00669987;-0,00804118
2021-08-09;14054,79543329;-0,00569734;-0,01369271
2021-08-10;14043,55563485;-0,00079971;-0,01448147
2021-08-11;14099,51246753;0,00398452;-0,01055465
2021-08-12;14123,45553418;0,00169815;-0,00887443
2021-08-13;14200,61570285;0,00546326;-0,00345965
2021-08-16;14220,61244107;0,00140816;-0,00205636
2021-08-17;14204,50604233;-0,00113261;-0,00318664
2021-08-18;14172,61869445;-0,00224488;-0,00542436
2021-08-19;14171,93128885;-0,00004850;-0,00547260
2021-08-20;14223,33321313;0,00362702;-0,00186543
2021-08-23;14316,79752986;0,00657120;0,00000000
2021-08-24;14316,29747237;-0,00003493;-0,00003493
2021-08-25;14289,22407199;-0,00189109;-0,00192595
2021-08-26;14272,98279148;-0,00113661;-0,00306037
2021-08-27;14362,13249569;0,00624605;0,00000000
2021-08-31;14370,52312514;0,00058422;0,00000000
2021-09-01;14379,06007336;0,00059406;0,00000000
2021-09-02;14360,28859141;-0,00130547;-0,00130547
2021-09-03;14428,78554726;0,00476989;0,00000000
2021-09-07;14321,28501969;-0,00745042;-0,00745042
2021-09-08;14284,73517031;-0,00255213;-0,00998354
2021-09-09;14284,09415527;-0,00004487;-0,01002797
2021-09-10;14216,70399141;-0,00471785;-0,01469850
2021-09-13;14226,80050103;0,00071019;-0,01399876
2021-09-14;14259,65760863;0,00230952;-0,01172156
2021-09-15;14247,60364205;-0,00084532;-0,01255698
2021-09-16;14128,69413237;-0,00834593;-0,02079811
2021-09-17;14059,88695736;-0,00487003;-0,02556685
2021-09-20;14010,00606734;-0,00354774;-0,02902389
2021-09-21;14066,69493380;0,00404631;-0,02509502
2021-09-22;14098,97541050;0,00229482;-0,02285779
2021-09-23;14092,45879185;-0,00046221;-0,02330943
2021-09-24;14091,53978218;-0,00006521;-0,02337312
2021-09-27;14066,15525814;-0,00180140;-0,02513242
2021-09-28;13889,95113073;-0,01252682;-0,03734441
2021-09-29;13887,51758721;-0,00017520;-0,03751306
2021-09-30;13937,10089390;0,00357035;-0,03407665
2021-10-01;13971,69414997;0,00248210;-0,03167913
2021-10-04;13936,05467706;-0,00255083;-0,03414916
2021-10-05;13963,03788244;0,00193622;-0,03227906
2021-10-06;13966,07123007;0,00021724;-0,03206883
2021-10-07;13994,43084365;0,00203061;-0,03010334
2021-10-08;13983,90092524;-0,00075244;-0,03083313
2021-10-11;13975,70799195;-0,00058588;-0,03140095
2021-10-12;13973,15915830;-0,00018238;-0,03157760
2021-10-13;14044,69389371;0,00511944;-0,02661982
2021-10-14;14113,32800411;0,00488684;-0,02186307
2021-10-15;14064,28457473;-0,00347497;-0,02526207
2021-10-18;14072,72833278;0,00060037;-0,02467687
2021-10-19;14101,50999067;0,00204521;-0,02268213
2021-10-20;14140,96078643;0,00279763;-0,01994795
2021-10-21;14139,66070543;-0,00009194;-0,02003806
2021-10-22;14168,72344505;0,00205541;-0,01802384
2021-10-25;14210,13743350;0,00292292;-0,01515360
2021-10-26;14190,75671884;-0,00136387;-0,01649680
2021-10-27;14199,54180818;0,00061907;-0,01588794
2021-10-28;14211,43980979;0,00083791;-0,01506334
2021-10-29;14196,14239399;-0,00107642;-0,01612354
2021-11-01;14228,74339782;0,00229647;-0,01386410
2021-11-02;14246,29282108;0,00123338;-0,01264782
2021-11-03;14212,20959058;-0,00239243;-0,01500999
2021-11-04;14314,32074806;0,00718475;-0,00793309
2021-11-05;14391,34156148;0,00538068;-0,00259509
2021-11-08;14407,00809870;0,00108861;-0,00150931
2021-11-09;14414,00300551;0,00048552;-0,00102452
2021-11-10;14445,77492787;0,00220424;0,00000000
2021-11-11;14482,39403405;0,00253494;0,00000000
2021-11-12;14511,13555897;0,00198458;0,00000000
2021-11-15;14504,03055488;-0,00048962;-0,00048962
2021-11-16;14492,92010076;-0,00076603;-0,00125527
2021-11-17;14513,39981959;0,00141308;0,00000000
2021-11-18;14511,33741766;-0,00014210;-0,00014210
2021-11-19;14493,44707415;-0,00123285;-0,00137478
2021-11-22;14389,44406776;-0,00717586;-0,00854078
2021-11-23;14332,76602168;-0,00393886;-0,01244600
2021-11-24;14349,88808329;0,00119461;-0,01126626
2021-11-26;14259,10603381;-0,00632632;-0,01752131
2021-11-29;14313,65673130;0,00382567;-0,01376267
2021-11-30;14254,13889981;-0,00415812;-0,01786356
2021-12-01;14274,71163006;0,00144328;-0,01644606
2021-12-02;14227,80024221;-0,00328633;-0,01967834
2021-12-03;14241,87437700;0,00098920;-0,01870860
2021-12-06;14257,85320878;0,00112196;-0,01760763
2021-12-07;14372,64228138;0,00805094;-0,00969845
2021-12-08;14377,73865017;0,00035459;-0,00934730
2021-12-09;14343,41504057;-0,00238727;-0,01171226
2021-12-10;14376,19911485;0,00228565;-0,00945338
2021-12-13;14361,40250407;-0,00102924;-0,01047290
2021-12-14;14274,69962612;-0,00603722;-0,01644688
2021-12-15;14330,26066128;0,00389227;-0,01261863
2021-12-16;14359,16434101;0,00201697;-0,01062711
2021-12-17;14330,79976280;-0,00197536;-0,01258148
2021-12-20;14261,13857564;-0,00486094;-0,01738126
2021-12-21;14318,33877944;0,00401091;-0,01344007
2021-12-22;14392,80826053;0,00520099;-0,00830898
2021-12-23;14420,06024023;0,00189344;-0,00643127
2021-12-29;14443,90442172;0,00165354;-0,00478836
2021-12-30;14466,83775296;0,00158775;-0,00320821
2021-12-31;14479,01866538;0,00084199;-0,00236892
2022-01-04;14444,94065739;-0,00235361;-0,00471696
2022-01-05;14383,33218173;-0,00426506;-0,00896190
2022-01-06;14292,63133413;-0,00630597;-0,01521136
2022-01-07;14288,61568835;-0,00028096;-0,01548804
2022-01-10;14271,35308285;-0,00120814;-0,01667747
2022-01-11;14363,28455685;0,00644168;-0,01034322
2022-01-12;14387,96903108;0,00171858;-0,00864241
2022-01-13;14336,07857909;-0,00360652;-0,01221776
2022-01-14;14306,86528999;-0,00203775;-0,01423061
2022-01-18;14263,76897282;-0,00301228;-0,01720003
2022-01-19;14297,18905576;0,00234301;-0,01489732
2022-01-20;14282,19812868;-0,00104852;-0,01593022
2022-01-21;14208,23965505;-0,00517837;-0,02102610
2022-01-24;14166,99241918;-0,00290305;-0,02386811
2022-01-25;14161,92396678;-0,00035776;-0,02421733
2022-01-26;14135,54435697;-0,00186271;-0,02603494
2022-01-27;14080,48290109;-0,00389525;-0,02982877
2022-01-28;14097,95358245;0,00124077;-0,02862501
2022-01-31;14195,11020409;0,00689154;-0,02193074
2022-02-01;14217,47726124;0,00157569;-0,02038961
2022-02-02;14259,79568493;0,00297651;-0,01747379
2022-02-03;14180,99077287;-0,00552637;-0,02290360
2022-02-04;14187,44933080;0,00045544;-0,02245859
2022-02-07;14239,44130483;0,00366465;-0,01887625
2022-02-08;14277,63939957;0,00268256;-0,01624433
2022-02-09;14376,99434699;0,00695878;-0,00939859
2022-02-10;14285,19706072;-0,00638501;-0,01572359
2022-02-11;14340,42539181;0,00386612;-0,01191826
2022-02-14;14346,96837669;0,00045626;-0,01146743
2022-02-15;14349,97262486;0,00020940;-0,01126043
2022-02-16;14408,61910047;0,00408687;-0,00721958
2022-02-17;14433,39399374;0,00171945;-0,00551255
2022-02-18;14385,60477753;-0,00331102;-0,00880531
2022-02-22;14370,30338197;-0,00106366;-0,00985961
2022-02-23;14345,29685419;-0,00174015;-0,01158260
2022-02-24;14334,39529680;-0,00075994;-0,01233374
2022-02-25;14405,84449625;0,00498446;-0,00741076
2022-02-28;14477,07889735;0,00494483;-0,00250258
2022-03-01;14550,65617424;0,00508233;0,00000000
2022-03-02;14566,36463198;0,00107957;0,00000000
2022-03-03;14553,69043683;-0,00087010;-0,00087010
2022-03-04;14568,10202937;0,00099024;0,00000000
2022-03-07;14559,28591036;-0,00060517;-0,00060517
2022-03-08;14635,67093161;0,00524648;0,00000000
2022-03-09;14622,37931528;-0,00090817;-0,00090817
2022-03-10;14589,05085046;-0,00227928;-0,00318537
2022-03-11;14544,20562486;-0,00307390;-0,00624948
2022-03-14;14437,59631584;-0,00733002;-0,01353369
2022-03-15;14429,68740837;-0,00054780;-0,01407407
2022-03-16;14547,59106817;0,00817091;-0,00601816
2022-03-17;14600,23455074;0,00361871;-0,00242123
2022-03-18;14614,67024159;0,00098873;-0,00143490
2022-03-21;14648,59300043;0,00232114;0,00000000
2022-03-22;14656,31711062;0,00052729;0,00000000
2022-03-23;14682,45652667;0,00178349;0,00000000
2022-03-24;14762,95249066;0,00548246;0,00000000
2022-03-25;14753,80263579;-0,00061978;-0,00061978
2022-03-28;14716,87291851;-0,00250306;-0,00312130
2022-03-29;14791,80442811;0,00509154;0,00000000
2022-03-30;14794,79561107;0,00020222;0,00000000
2022-03-31;14764,57181530;-0,00204287;-0,00204287
2022-04-01;14710,78420461;-0,00364302;-0,00567844
2022-04-04;14781,72358749;0,00482227;-0,00088356
2022-04-05;14708,95995712;-0,00492254;-0,00580175
2022-04-06;14652,69503061;-0,00382521;-0,00960477
2022-04-07;14670,45750033;0,00121223;-0,00840418
2022-04-08;14724,12741851;0,00365837;-0,00477656
2022-04-11;14685,71379210;-0,00260889;-0,00737299
2022-04-12;14730,78562298;0,00306909;-0,00432652
2022-04-13;14770,36358351;0,00268675;-0,00165139
2022-04-14;14715,07188238;-0,00374342;-0,00538863
2022-04-19;14679,81526989;-0,00239595;-0,00777167
2022-04-20;14720,51613526;0,00277257;-0,00502065
2022-04-21;14676,26463293;-0,00300611;-0,00801167
2022-04-22;14552,21893480;-0,00845213;-0,01639608
2022-04-25;14437,93586405;-0,00785331;-0,02412063
2022-04-26;14403,84317950;-0,00236133;-0,02642500
2022-04-27;14389,78494395;-0,00097601;-0,02737521
2022-04-28;14488,91316555;0,00688879;-0,02067500
2022-04-29;14426,31927807;-0,00432012;-0,02490581
2022-05-03;14349,61598214;-0,00531690;-0,03009029
2022-05-04;14429,26562451;0,00555065;-0,02470666
2022-05-05;14367,34828743;-0,00429109;-0,02889174
2022-05-06;14356,88315791;-0,00072840;-0,02959909
2022-05-09;14163,24157548;-0,01348772;-0,04268758
2022-05-10;14123,24926859;-0,00282367;-0,04539071
2022-05-11;14153,75016668;0,00215962;-0,04332912
2022-05-12;14031,75747122;-0,00861911;-0,05157477
2022-05-13;14071,00097597;0,00279676;-0,04892225
2022-05-16;14100,06246585;0,00206535;-0,04695794
2022-05-17;14100,54097224;0,00003394;-0,04692560
2022-05-18;14019,12646210;-0,00577386;-0,05242851
2022-05-19;14052,65482300;0,00239162;-0,05016229
2022-05-20;14049,71850042;-0,00020895;-0,05036076
2022-05-23;14133,15805377;0,00593888;-0,04472097
2022-05-24;14132,56981943;-0,00004162;-0,04476073
2022-05-25;14132,18583165;-0,00002717;-0,04478668
2022-05-26;14184,78727713;0,00372210;-0,04123128
2022-05-27;14257,79219072;0,00514670;-0,03629678
2022-05-31;14191,67315411;-0,00463740;-0,04076585
2022-06-01;14226,65177642;0,00246473;-0,03840160
2022-06-06;14222,62311672;-0,00028318;-0,03867390
2022-06-07;14284,53906814;0,00435334;-0,03448892
2022-06-08;14266,74485667;-0,00124570;-0,03569166
2022-06-09;14140,34151451;-0,00886000;-0,04423543
2022-06-10;14068,50722588;-0,00508010;-0,04909080
2022-06-13;13729,02258047;-0,02413082;-0,07203702
2022-06-14;13696,09490893;-0,00239840;-0,07426265
2022-06-15;13846,02190044;0,01094670;-0,06412888
2022-06-16;13731,88110381;-0,00824358;-0,07184381
2022-06-17;13710,27728183;-0,00157326;-0,07330404
2022-06-21;13785,53220118;0,00548894;-0,06821746
2022-06-22;13804,35822765;0,00136564;-0,06694499
2022-06-23;13795,51255568;-0,00064079;-0,06754288
2022-06-24;13932,36161830;0,00991982;-0,05829307
2022-06-27;13923,89843499;-0,00060745;-0,05886510
2022-06-28;13831,16355979;-0,00666012;-0,06513318
2022-06-29;13817,89196894;-0,00095954;-0,06603022
2022-06-30;13711,89471962;-0,00767101;-0,07319472
2022-07-01;13733,57938698;0,00158145;-0,07172902
2022-07-05;13576,62199170;-0,01142873;-0,08233798
2022-07-06;13491,49797544;-0,00626990;-0,08809163
2022-07-07;13545,38952293;0,00399448;-0,08444903
2022-07-08;13558,38577442;0,00095946;-0,08357059
2022-07-11;13484,07201095;-0,00548102;-0,08859356
2022-07-12;13440,91480987;-0,00320061;-0,09151061
2022-07-13;13447,76926417;0,00050997;-0,09104731
2022-07-14;13332,70882113;-0,00855610;-0,09882440
2022-07-15;13384,02150088;0,00384863;-0,09535611
2022-07-18;13377,05668925;-0,00052038;-0,09582687
2022-07-19;13446,68465417;0,00520503;-0,09112062
2022-07-20;13426,18644846;-0,00152441;-0,09250612
2022-07-21;13559,19276510;0,00990649;-0,08351605
2022-07-22;13554,77674401;-0,00032568;-0,08381453
2022-07-25;13519,66474791;-0,00259038;-0,08618780
2022-07-26;13468,69496312;-0,00377005;-0,08963291
2022-07-27;13622,37889457;0,01141045;-0,07924521
2022-07-28;13757,69202403;0,00993315;-0,07009922
2022-07-29;13822,72263368;0,00472685;-0,06570371
2022-08-01;13860,51683086;0,00273421;-0,06314915
2022-08-02;13826,31401419;-0,00246764;-0,06546096
2022-08-03;13891,86306642;0,00474089;-0,06103042
2022-08-04;13967,67197022;0,00545707;-0,05590639
2022-08-05;13921,55481745;-0,00330171;-0,05902351
2022-08-08;13961,53759163;0,00287200;-0,05632102
2022-08-09;13943,84820870;-0,00126701;-0,05751667
2022-08-10;13985,85675549;0,00301269;-0,05467726
2022-08-11;13984,78361419;-0,00007673;-0,05474979
2022-08-12;14066,52011565;0,00584467;-0,04922511
2022-08-15;14038,84736544;-0,00196728;-0,05109555
2022-08-16;14032,91945697;-0,00042225;-0,05149623
2022-08-17;13989,64023863;-0,00308412;-0,05442153
2022-08-18;14004,16650534;0,00103836;-0,05343968
2022-08-19;13952,53834933;-0,00368663;-0,05692929
2022-08-22;13864,00904545;-0,00634503;-0,06291311
2022-08-23;13868,09993370;0,00029507;-0,06263660
2022-08-24;13896,84658060;0,00207286;-0,06069357
2022-08-25;13939,11346740;0,00304147;-0,05783670
2022-08-26;13817,58125377;-0,00871879;-0,06605122
2022-08-30;13726,01423279;-0,00662685;-0,07224036
2022-08-31;13681,22133159;-0,00326336;-0,07526797
2022-09-01;13622,09877554;-0,00432144;-0,07926415
2022-09-02;13680,34768969;0,00427606;-0,07532702
2022-09-06;13617,84989257;-0,00456844;-0,07955133
2022-09-07;13686,83784232;0,00506599;-0,07488835
2022-09-08;13691,68031906;0,00035381;-0,07456104
2022-09-09;13756,35461585;0,00472362;-0,07018961
2022-09-12;13807,93495365;0,00374956;-0,06670323
2022-09-13;13658,35360940;-0,01083300;-0,07681363
2022-09-14;13623,59014227;-0,00254522;-0,07916334
2022-09-15;13525,82465191;-0,00717619;-0,08577144
2022-09-16;13517,81849180;-0,00059192;-0,08631259
2022-09-20;13504,00631029;-0,00102178;-0,08724617
2022-09-21;13518,41472011;0,00106697;-0,08627229
2022-09-22;13466,14496463;-0,00386656;-0,08980527
2022-09-23;13398,19789860;-0,00504577;-0,09439791
2022-09-26;13382,95551307;-0,00113764;-0,09542816
2022-09-27;13367,02859494;-0,00119009;-0,09650468
2022-09-28;13469,69161683;0,00768032;-0,08956555
2022-09-29;13373,33102629;-0,00715388;-0,09607869
2022-09-30;13350,66945754;-0,00169453;-0,09761042
2022-10-03;13451,67413905;0,00756551;-0,09078337
2022-10-04;13652,45296163;0,01492594;-0,07721247
2022-10-05;13619,10745518;-0,00244246;-0,07946633
2022-10-06;13623,94079138;0,00035489;-0,07913964
2022-10-07;13450,29655149;-0,01274552;-0,09087649
2022-10-10;13292,70158360;-0,01171684;-0,10152854
2022-10-11;13238,02347983;-0,00411339;-0,10522431
2022-10-12;13279,75685319;0,00315254;-0,10240349
2022-10-13;13226,77953139;-0,00398933;-0,10598430
2022-10-14;13119,24161126;-0,00813032;-0,11325293
2022-10-17;13174,82941172;0,00423712;-0,10949568
2022-10-18;13227,95286207;0,00403219;-0,10590499
2022-10-19;13129,08953289;-0,00747382;-0,11258730
2022-10-20;13121,58102057;-0,00057190;-0,11309481
2022-10-21;13287,38449158;0,01263594;-0,10188793
2022-10-24;13301,92880429;0,00109460;-0,10090486
2022-10-25;13347,58787538;0,00343252;-0,09781870
2022-10-26;13374,76430245;0,00203606;-0,09598181
2022-10-27;13333,29899777;-0,00310026;-0,09878451
2022-10-28;13308,17988559;-0,00188394;-0,10048234
2022-10-31;13252,68327451;-0,00417011;-0,10423343
2022-11-01;13323,40888497;0,00533670;-0,09945299
2022-11-02;13226,52216856;-0,00727192;-0,10600170
2022-11-03;13179,96785762;-0,00351977;-0,10914837
2022-11-04;13377,05436111;0,01495349;-0,09582703
2022-11-07;13365,05094610;-0,00089731;-0,09663835
2022-11-08;13530,68786543;0,01239329;-0,08544273
2022-11-09;13474,88823312;-0,00412393;-0,08921430
2022-11-10;13784,51178875;0,02297782;-0,06828643
2022-11-11;13855,81024352;0,00517236;-0,06346728
2022-11-14;13879,76213241;0,00172865;-0,06184834
2022-11-15;13906,97238481;0,00196043;-0,06000916
2022-11-16;13850,60105391;-0,00405346;-0,06381937
2022-11-17;13797,27872907;-0,00384982;-0,06742350
2022-11-18;13755,04821678;-0,00306079;-0,07027792
2022-11-21;13712,49378828;-0,00309373;-0,07315423
2022-11-22;13749,57473069;0,00270417;-0,07064788
2022-11-23;13795,06839841;0,00330873;-0,06757290
2022-11-25;13795,14805288;0,00000577;-0,06756751
2022-11-28;13709,00169965;-0,00624468;-0,07339026
2022-11-29;13722,20537877;0,00096314;-0,07249781
2022-11-30;13877,55384909;0,01132096;-0,06199760
2022-12-01;14003,67730283;0,00908831;-0,05347274
2022-12-02;13963,34249246;-0,00288030;-0,05619903
2022-12-05;13802,68353642;-0,01150577;-0,06705818
2022-12-06;13768,64378749;-0,00246617;-0,06935897
2022-12-07;13820,48454491;0,00376513;-0,06585499
2022-12-08;13858,02925172;0,00271660;-0,06331729
2022-12-09;13869,00218420;0,00079181;-0,06257561
2022-12-12;13827,41883377;-0,00299829;-0,06538629
2022-12-13;14004,53811255;0,01280928;-0,05341456
2022-12-14;13969,89818485;-0,00247348;-0,05575592
2022-12-15;13762,61630653;-0,01483775;-0,06976638
2022-12-16;13795,13964444;0,00236317;-0,06756808
2022-12-19;13751,45977798;-0,00316632;-0,07052046
2022-12-20;13884,28889691;0,00965927;-0,06154237
2022-12-21;13928,51058369;0,00318502;-0,05855336
2022-12-22;13779,54783718;-0,01069481;-0,06862195
2022-12-23;13812,31621818;0,00237804;-0,06640709
2022-12-28;13802,79695308;-0,00068919;-0,06705051
2022-12-29;13897,91174289;0,00689098;-0,06062158
2022-12-30;13923,55582336;0,00184518;-0,05888826
2023-01-03;13985,66423884;0,00446067;-0,05469027
2023-01-04;14079,98576102;0,00674416;-0,04831495
2023-01-05;13957,38479527;-0,00870746;-0,05660172
2023-01-06;14155,76076240;0,01421298;-0,04319322
2023-01-09;14199,72671551;0,00310587;-0,04022150
2023-01-10;14218,35236332;0,00131169;-0,03896257
2023-01-11;14264,70538910;0,00326008;-0,03582951
2023-01-12;14384,40602234;0,00839138;-0,02773878
2023-01-13;14492,27007950;0,00749868;-0,02044810
2023-01-17;14443,34648320;-0,00337584;-0,02375492
2023-01-18;14378,53117767;-0,00448755;-0,02813587
2023-01-19;14468,83063203;0,00628016;-0,02203241
2023-01-20;14489,82874945;0,00145127;-0,02061312
2023-01-23;14572,70586553;0,00571968;-0,01501134
2023-01-24;14608,28465250;0,00244147;-0,01260652
2023-01-25;14632,04544758;0,00162653;-0,01100050
2023-01-26;14588,11356945;-0,00300244;-0,01396992
2023-01-27;14598,24223886;0,00069431;-0,01328531
2023-01-30;14541,06906027;-0,00391644;-0,01714972
2023-01-31;14603,37676945;0,00428495;-0,01293826
2023-02-01;14759,29191299;0,01067665;-0,00239974
2023-02-02;14662,36804503;-0,00656697;-0,00895096
2023-02-03;14464,59006675;-0,01348882;-0,02231903
2023-02-06;14450,45611677;-0,00097714;-0,02327437
2023-02-07;14488,02571964;0,00259989;-0,02073499
2023-02-08;14488,71802360;0,00004778;-0,02068819
2023-02-09;14408,29261454;-0,00555090;-0,02612425
2023-02-10;14406,01326861;-0,00015820;-0,02627832
2023-02-13;14400,94293329;-0,00035196;-0,02662103
2023-02-14;14398,11157622;-0,00019661;-0,02681240
2023-02-15;14353,52133280;-0,00309695;-0,02982632
2023-02-16;14331,99355379;-0,00149983;-0,03128141
2023-02-17;14311,27772256;-0,00144543;-0,03268162
2023-02-21;14208,96186294;-0,00714932;-0,03959729
2023-02-22;14166,12915449;-0,00301449;-0,04249241
2023-02-23;14180,45249443;0,00101110;-0,04152427
2023-02-24;14093,61459931;-0,00612377;-0,04739376
2023-02-27;14134,24751302;0,00288307;-0,04464733
2023-02-28;14153,42180266;0,00135658;-0,04335131
2023-03-01;14202,52076717;0,00346905;-0,04003265
2023-03-02;14227,45995163;0,00175597;-0,03834698
2023-03-03;14327,53918310;0,00703423;-0,03158249
2023-03-06;14328,98752410;0,00010109;-0,03148459
2023-03-07;14239,87797509;-0,00621883;-0,03750762
2023-03-08;14249,73127082;0,00069195;-0,03684163
2023-03-09;14256,05349505;0,00044367;-0,03641430
2023-03-10;14265,57042636;0,00066757;-0,03577104
2023-03-13;14316,21174832;0,00354990;-0,03234812
2023-03-14;14347,11163187;0,00215838;-0,03025956
2023-03-15;14351,01182289;0,00027185;-0,02999594
2023-03-16;14428,78309891;0,00541922;-0,02473927
2023-03-17;14527,76980454;0,00686036;-0,01804863
2023-03-20;14528,66112108;0,00006135;-0,01798839
2023-03-21;14501,13329780;-0,00189473;-0,01984903
2023-03-22;14558,80194815;0,00397684;-0,01595113
2023-03-23;14624,17172427;0,00449005;-0,01153270
2023-03-24;14562,69938953;-0,00420347;-0,01568769
2023-03-27;14529,10427904;-0,00230693;-0,01795843
2023-03-28;14547,70190267;0,00128003;-0,01670139
2023-03-29;14577,71414069;0,00206302;-0,01467283
2023-03-30;14646,89479614;0,00474564;-0,00999681
2023-03-31;14659,01556854;0,00082753;-0,00917755
2023-04-03;14697,32730566;0,00261353;-0,00658801
2023-04-04;14747,71930699;0,00342865;-0,00318195
2023-04-05;14723,35715276;-0,00165193;-0,00482862
2023-04-06;14709,22866263;-0,00095960;-0,00578358
2023-04-11;14705,32759309;-0,00026521;-0,00604726
2023-04-12;14717,26537152;0,00081180;-0,00524037
2023-04-13;14802,93532949;0,00582105;0,00000000
2023-04-14;14739,11004943;-0,00431166;-0,00431166
2023-04-17;14737,49359961;-0,00010967;-0,00442086
2023-04-18;14756,87485566;0,00131510;-0,00311158
2023-04-19;14723,96520105;-0,00223012;-0,00533476
2023-04-20;14730,67286355;0,00045556;-0,00488163
2023-04-21;14687,64971656;-0,00292065;-0,00778802
2023-04-24;14689,04677161;0,00009512;-0,00769365
2023-04-25;14676,05990132;-0,00088412;-0,00857096
2023-04-26;14650,00084546;-0,00177562;-0,01033136
2023-04-27;14685,24735176;0,00240590;-0,00795031
2023-04-28;14711,44933674;0,00178424;-0,00618026
2023-05-02;14746,41703317;0,00237690;-0,00381805
2023-05-03;14771,02270849;0,00166859;-0,00215583
2023-05-04;14766,46122749;-0,00030881;-0,00246398
2023-05-05;14754,60162479;-0,00080314;-0,00326514
2023-05-09;14780,75725631;0,00177271;-0,00149822
2023-05-10;14795,00025814;0,00096362;-0,00053605
2023-05-11;14770,50942406;-0,00165535;-0,00219051
2023-05-12;14764,70964854;-0,00039266;-0,00258230
2023-05-15;14785,11053961;0,00138173;-0,00120414
2023-05-16;14733,61688857;-0,00348280;-0,00468275
2023-05-17;14739,24368144;0,00038190;-0,00430264
2023-05-18;14747,57154811;0,00056501;-0,00374005
2023-05-19;14786,63837689;0,00264903;-0,00110093
2023-05-22;14796,01437821;0,00063409;-0,00046754
2023-05-23;14766,78921156;-0,00197521;-0,00244182
2023-05-24;14693,73949929;-0,00494689;-0,00737663
2023-05-25;14720,97133170;0,00185329;-0,00553701
2023-05-26;14809,13709519;0,00598913;0,00000000
2023-05-30;14827,78672613;0,00125933;0,00000000
2023-05-31;14797,35406879;-0,00205241;-0,00205241
2023-06-01;14850,76531453;0,00360951;0,00000000
2023-06-02;14791,15884510;-0,00401370;-0,00401370
2023-06-05;14845,15953491;0,00365088;-0,00037747
2023-06-06;14854,82261923;0,00065092;0,00000000
2023-06-07;14725,26900127;-0,00872132;-0,00872132
2023-06-08;14835,07237073;0,00745680;-0,00132955
2023-06-09;14819,71235912;-0,00103539;-0,00236356
2023-06-12;14867,49472521;0,00322424;0,00000000
2023-06-13;14826,74048335;-0,00274116;-0,00274116
2023-06-14;14845,80879040;0,00128608;-0,00145861
2023-06-15;14917,41083690;0,00482305;0,00000000
2023-06-16;14893,65858689;-0,00159225;-0,00159225
2023-06-20;14781,31004817;-0,00754338;-0,00912362
2023-06-21;14748,79255439;-0,00219991;-0,01130346
2023-06-22;14673,61216049;-0,00509739;-0,01634323
2023-06-23;14663,40683325;-0,00069549;-0,01702735
2023-06-26;14666,85467350;0,00023513;-0,01679622
2023-06-27;14662,73642536;-0,00028079;-0,01707229
2023-06-28;14680,50353237;0,00121172;-0,01588126
2023-06-29;14688,71813725;0,00055956;-0,01533059
2023-06-30;14776,27879877;0,00596108;-0,00946089
2023-07-03;14790,22140146;0,00094358;-0,00852624
2023-07-05;14747,20033443;-0,00290875;-0,01141019
2023-07-06;14687,84745221;-0,00402469;-0,01538896
2023-07-07;14720,53683630;0,00222561;-0,01319760
2023-07-10;14727,93065064;0,00050228;-0,01270195
2023-07-11;14755,04801754;0,00184122;-0,01088412
2023-07-12;14878,27063862;0,00835122;-0,00262379
2023-07-13;14898,02683583;0,00132786;-0,00129942
2023-07-14;14882,07145196;-0,00107097;-0,00236900
2023-07-17;14908,79694348;0,00179582;-0,00057744
2023-07-18;15010,29905245;0,00680820;0,00000000
2023-07-19;15060,70110926;0,00335783;0,00000000
2023-07-20;14997,29711975;-0,00420990;-0,00420990
2023-07-21;14976,59195486;-0,00138059;-0,00558468
2023-07-24;14959,34463978;-0,00115162;-0,00672986
2023-07-25;15008,63054359;0,00329466;-0,00345738
2023-07-26;15007,66328069;-0,00006445;-0,00352160
2023-07-27;14938,21301197;-0,00462765;-0,00813296
2023-07-28;15006,76739317;0,00458920;-0,00358109
2023-07-31;15023,86178540;0,00113911;-0,00244606
2023-08-01;14974,11386344;-0,00331126;-0,00574922
2023-08-02;14889,65755937;-0,00564015;-0,01135694
2023-08-03;14870,37586463;-0,00129497;-0,01263721
2023-08-04;14876,84415482;0,00043498;-0,01220773
2023-08-07;14855,68817377;-0,00142207;-0,01361244
2023-08-08;14803,27925827;-0,00352787;-0,01709229
2023-08-09;14763,68137221;-0,00267494;-0,01972151
2023-08-10;14778,05906565;0,00097386;-0,01876686
2023-08-11;14746,84024227;-0,00211251;-0,02083972
2023-08-14;14761,33573723;0,00098296;-0,01987725
2023-08-15;14708,78288254;-0,00356017;-0,02336666
2023-08-16;14654,07076323;-0,00371969;-0,02699943
2023-08-17;14613,31401469;-0,00278126;-0,02970560
2023-08-18;14600,58754673;-0,00087088;-0,03055061
2023-08-21;14645,17624532;0,00305390;-0,02759001
2023-08-22;14669,84647830;0,00168453;-0,02595195
2023-08-23;14771,85873714;0,00695387;-0,01917855
2023-08-24;14741,14235402;-0,00207939;-0,02121805
2023-08-25;14749,93074093;0,00059618;-0,02063452
2023-08-29;14900,87728030;0,01023371;-0,01061198
2023-08-30;14925,62206340;0,00166063;-0,00896897
2023-08-31;14938,26509920;0,00084707;-0,00812950
2023-09-01;14957,24120451;0,00127030;-0,00686953
2023-09-05;14932,31165867;-0,00166672;-0,00852480
2023-09-06;14889,77961061;-0,00284832;-0,01134884
2023-09-07;14875,57876191;-0,00095373;-0,01229175
2023-09-08;14889,67251951;0,00094744;-0,01135595
2023-09-11;14900,35761207;0,00071762;-0,01064648
2023-09-12;14866,00903675;-0,00230522;-0,01292716
2023-09-13;14859,68450449;-0,00042544;-0,01334709
2023-09-14;14903,95973141;0,00297955;-0,01040731
2023-09-15;14900,44063050;-0,00023612;-0,01064097
2023-09-18;14922,76460172;0,00149821;-0,00915870
2023-09-19;14906,55986280;-0,00108591;-0,01023467
2023-09-20;14902,29159950;-0,00028633;-0,01051807
2023-09-21;14825,78781629;-0,00513369;-0,01559777
2023-09-22;14847,75675916;0,00148181;-0,01413907
2023-09-25;14823,06944650;-0,00166270;-0,01577826
2023-09-26;14756,71067679;-0,00447672;-0,02018435
2023-09-27;14710,78363197;-0,00311228;-0,02323381
2023-09-28;14703,38413226;-0,00050300;-0,02372512
2023-09-29;14676,06166179;-0,00185824;-0,02553928
2023-10-02;14647,29291564;-0,00196025;-0,02744947
2023-10-03;14586,97424249;-0,00411808;-0,03145450
2023-10-04;14593,34506366;0,00043675;-0,03103149
2023-10-05;14589,87090281;-0,00023806;-0,03126217
2023-10-06;14643,66383189;0,00368701;-0,02769043
2023-10-09;14733,38214844;0,00612677;-0,02173331
2023-10-10;14765,31492648;0,00216738;-0,01961304
2023-10-11;14792,46682494;0,00183890;-0,01781021
2023-10-12;14805,70216570;0,00089474;-0,01693141
2023-10-13;14897,69723252;0,00621349;-0,01082313
2023-10-16;14903,31621013;0,00037717;-0,01045004
2023-10-17;14905,73044042;0,00016199;-0,01028974
2023-10-18;14933,58913392;0,00186899;-0,00843998
2023-10-19;14959,76323343;0,00175270;-0,00670207
2023-10-20;14905,96358647;-0,00359629;-0,01027426
2023-10-23;14881,87500942;-0,00161604;-0,01187369
2023-10-24;14904,66895647;0,00153166;-0,01036022
2023-10-25;14901,76978442;-0,00019451;-0,01055272
2023-10-26;14858,36291172;-0,00291287;-0,01343485
2023-10-27;14900,63237461;0,00284483;-0,01062824
2023-10-30;14896,57379468;-0,00027238;-0,01089772
2023-10-31;14898,72737601;0,00014457;-0,01075473
2023-11-01;14932,07294907;0,00223815;-0,00854065
2023-11-02;15015,35091243;0,00557712;-0,00301116
2023-11-03;15044,12877812;0,00191656;-0,00110037
2023-11-06;15016,29064124;-0,00185043;-0,00294876
2023-11-07;15035,47813597;0,00127778;-0,00167475
2023-11-08;15000,96091747;-0,00229572;-0,00396663
2023-11-09;15029,66674055;0,00191360;-0,00206062
2023-11-10;15025,37412941;-0,00028561;-0,00234564
2023-11-13;15051,78551430;0,00175779;-0,00059198
2023-11-14;15127,01566411;0,00499809;0,00000000
2023-11-15;15136,64977837;0,00063688;0,00000000
2023-11-16;15181,13281396;0,00293876;0,00000000
2023-11-17;15193,14777042;0,00079144;0,00000000
2023-11-20;15209,85840437;0,00109988;0,00000000
2023-11-21;15233,94596832;0,00158368;0,00000000
2023-11-22;15248,36295783;0,00094637;0,00000000
2023-11-24;15245,77416559;-0,00016978;-0,00016978
2023-11-27;15272,77909827;0,00177131;0,00000000
2023-11-28;15321,87672896;0,00321471;0,00000000
2023-11-29;15330,98960284;0,00059476;0,00000000
2023-11-30;15321,34386991;-0,00062917;-0,00062917
2023-12-01;15411,71684512;0,00589850;0,00000000
2023-12-04;15300,62170033;-0,00720849;-0,00720849
2023-12-05;15303,72106941;0,00020256;-0,00700738
2023-12-06;15313,45731865;0,00063620;-0,00637564
2023-12-07;15344,42309239;0,00202213;-0,00436640
2023-12-08;15315,80042120;-0,00186535;-0,00622360
2023-12-11;15292,57777891;-0,00151625;-0,00773042
2023-12-12;15308,25481704;0,00102514;-0,00671321
2023-12-13;15426,08696005;0,00769729;0,00000000
2023-12-14;15446,22165460;0,00130524;0,00000000
2023-12-15;15428,11515232;-0,00117223;-0,00117223
2023-12-18;15464,50506617;0,00235868;0,00000000
2023-12-19;15493,53784554;0,00187738;0,00000000
2023-12-20;15471,56630487;-0,00141811;-0,00141811
2023-12-21;15505,62853049;0,00220160;0,00000000
2023-12-22;15522,19218149;0,00106823;0,00000000
2023-12-27;15585,58838037;0,00408423;0,00000000
2023-12-28;15578,20065520;-0,00047401;-0,00047401
2023-12-29;15568,03815853;-0,00065235;-0,00112605
2024-01-02;15517,90535219;-0,00322024;-0,00434267
2024-01-03;15423,93293634;-0,00605574;-0,01037211
2024-01-04;15418,30378662;-0,00036496;-0,01073329
2024-01-05;15399,57953686;-0,00121442;-0,01193467
2024-01-08;15394,87148467;-0,00030573;-0,01223675
2024-01-09;15422,26839629;0,00177961;-0,01047891
2024-01-10;15429,79167287;0,00048782;-0,00999620
2024-01-11;15439,10087345;0,00060333;-0,00939891
2024-01-12;15521,42100309;0,00533193;-0,00411710
2024-01-16;15479,48596257;-0,00270175;-0,00680773
2024-01-17;15370,96969210;-0,00701033;-0,01377033
2024-01-18;15465,55388343;0,00615343;-0,00770163
2024-01-19;15541,27340772;0,00489601;-0,00284333
2024-01-22;15551,96710528;0,00068808;-0,00215720
2024-01-23;15583,49739026;0,00202741;-0,00013416
2024-01-24;15563,51012094;-0,00128259;-0,00141658
2024-01-25;15602,63343189;0,00251378;0,00000000
2024-01-26;15585,08403253;-0,00112477;-0,00112477
2024-01-29;15649,63914588;0,00414211;0,00000000
2024-01-30;15668,65157838;0,00121488;0,00000000
2024-01-31;15601,99788532;-0,00425395;-0,00425395
2024-02-01;15674,69185954;0,00465927;0,00000000
2024-02-02;15685,17151912;0,00066857;0,00000000
2024-02-05;15671,05447500;-0,00090002;-0,00090002
2024-02-06;15697,42627051;0,00168283;0,00000000
2024-02-07;15722,69710287;0,00160987;0,00000000
2024-02-08;15727,91561110;0,00033191;0,00000000
2024-02-09;15734,15298008;0,00039658;0,00000000
2024-02-12;15737,96609037;0,00024235;0,00000000
2024-02-13;15578,82863258;-0,01011169;-0,01011169
2024-02-14;15612,45517191;0,00215848;-0,00797504
2024-02-15;15674,28028098;0,00395999;-0,00404664
2024-02-16;15700,36697385;0,00166430;-0,00238907
2024-02-20;15679,72694002;-0,00131462;-0,00370055
2024-02-21;15670,60169401;-0,00058198;-0,00428037
2024-02-22;15775,78333722;0,00671204;0,00000000
2024-02-23;15813,72581113;0,00240511;0,00000000
2024-02-26;15797,20856404;-0,00104449;-0,00104449
2024-02-27;15786,04426671;-0,00070673;-0,00175048
2024-02-28;15795,89435140;0,00062397;-0,00112759
2024-02-29;15846,62388695;0,00321156;0,00000000
2024-03-01;16023,06148266;0,01113408;0,00000000
2024-03-04;16121,95273147;0,00617181;0,00000000
2024-03-05;16079,65001401;-0,00262392;-0,00262392
2024-03-06;16164,58556253;0,00528218;0,00000000
2024-03-07;16248,70570328;0,00520398;0,00000000
2024-03-08;16259,50335216;0,00066452;0,00000000
2024-03-11;16250,77286318;-0,00053695;-0,00053695
2024-03-12;16259,21804191;0,00051968;-0,00001755
2024-03-13;16286,92394653;0,00170401;0,00000000
2024-03-14;16257,37492835;-0,00181428;-0,00181428
2024-03-15;16189,76741657;-0,00415857;-0,00596531
2024-03-18;16237,70654006;0,00296108;-0,00302190
2024-03-19;16246,76273893;0,00055773;-0,00246586
2024-03-20;16355,68476314;0,00670423;0,00000000
2024-03-21;16420,55885137;0,00396646;0,00000000
2024-03-22;16369,76094166;-0,00309356;-0,00309356
2024-03-25;16361,57928411;-0,00049980;-0,00359181
2024-03-26;16386,80068048;0,00154150;-0,00205585
2024-03-27;16441,65618743;0,00334754;0,00000000
2024-03-28;16534,31396664;0,00563555;0,00000000
2024-04-02;16672,83020726;0,00837750;0,00000000
2024-04-03;16744,23337795;0,00428261;0,00000000
2024-04-04;16680,71826789;-0,00379325;-0,00379325
2024-04-05;16796,57313660;0,00694544;0,00000000
2024-04-08;16845,21085198;0,00289569;0,00000000
2024-04-09;16869,45468853;0,00143921;0,00000000
2024-04-10;16788,84588999;-0,00477839;-0,00477839
2024-04-11;16970,73484064;0,01083392;0,00000000
2024-04-12;16858,33255114;-0,00662330;-0,00662330
2024-04-15;16941,18418232;0,00491458;-0,00174127
2024-04-16;16898,75130346;-0,00250472;-0,00424163
2024-04-17;16799,55974109;-0,00586976;-0,01008649
2024-04-18;16813,09987368;0,00080598;-0,00928864
2024-04-19;16779,17264196;-0,00201790;-0,01128780
2024-04-22;16640,33226931;-0,00827457;-0,01946896
2024-04-23;16675,60548439;0,00211974;-0,01739049
2024-04-24;16677,94386316;0,00014023;-0,01725270
2024-04-25;16663,15202240;-0,00088691;-0,01812431
2024-04-26;16770,64961644;0,00645122;-0,01179002
2024-04-29;16752,61730565;-0,00107523;-0,01285257
2024-04-30;16558,10310150;-0,01161097;-0,02431431
2024-05-01;16571,98023535;0,00083809;-0,02349660
2024-05-02;16590,86362060;0,00113948;-0,02238390
2024-05-03;16670,12827998;0,00477761;-0,01771323
2024-05-07;16770,51931411;0,00602221;-0,01179769
2024-05-08;16767,89616458;-0,00015641;-0,01195226
2024-05-09;16870,24564912;0,00610390;-0,00592132
2024-05-10;16931,68670887;0,00364198;-0,00230091
2024-05-13;16868,28201003;-0,00374474;-0,00603703
2024-05-14;16927,24462591;0,00349547;-0,00256266
2024-05-15;17059,69894850;0,00782492;0,00000000
2024-05-16;17048,90038226;-0,00063299;-0,00063299
2024-05-17;17118,26373736;0,00406849;0,00000000
2024-05-20;17181,29625594;0,00368218;0,00000000
2024-05-21;17161,83785815;-0,00113253;-0,00113253
2024-05-22;17050,04116492;-0,00651426;-0,00763942
2024-05-23;16918,33248496;-0,00772483;-0,01530523
2024-05-24;16926,93260354;0,00050833;-0,01480468
2024-05-28;16983,34568595;0,00333274;-0,01152128
2024-05-29;16903,70111623;-0,00468957;-0,01615682
2024-05-30;16865,58453833;-0,00225492;-0,01837531
2024-05-31;16820,25937562;-0,00268744;-0,02101337
2024-06-03;16898,83774768;0,00467165;-0,01643988
2024-06-04;16831,21809665;-0,00400144;-0,02037554
2024-06-05;17011,19590103;0,01069309;-0,00990032
2024-06-06;17076,91505326;0,00386329;-0,00607528
2024-06-07;16883,94433500;-0,01130009;-0,01730672
2024-06-10;16928,73611487;0,00265292;-0,01469971
2024-06-11;16962,68260977;0,00200526;-0,01272393
2024-06-12;17061,12059285;0,00580321;-0,00699456
2024-06-13;17011,10648129;-0,00293147;-0,00990553
2024-06-14;17114,37297035;0,00607053;-0,00389512
2024-06-17;17121,46251971;0,00041425;-0,00348249
2024-06-18;17193,70663281;0,00421951;0,00000000
2024-06-20;17282,35949759;0,00515612;0,00000000
2024-06-21;17164,21342973;-0,00683622;-0,00683622
2024-06-24;17157,43059016;-0,00039517;-0,00722870
2024-06-25;17145,95643884;-0,00066876;-0,00789262
2024-06-26;17099,33887113;-0,00271887;-0,01059003
2024-06-27;17169,82925732;0,00412240;-0,00651128
2024-06-28;17204,22472190;0,00200325;-0,00452107
2024-07-01;17201,96494630;-0,00013135;-0,00465183
2024-07-02;17206,96100966;0,00029044;-0,00436274
2024-07-03;17311,00294158;0,00604650;0,00000000
2024-07-05;17409,21892403;0,00567362;0,00000000
2024-07-08;17351,73123134;-0,00330214;-0,00330214
2024-07-09;17374,83183916;0,00133131;-0,00197522
2024-07-10;17430,23070357;0,00318845;0,00000000
2024-07-11;17473,26086618;0,00246871;0,00000000
2024-07-12;17505,07748873;0,00182087;0,00000000
2024-07-15;17534,59037660;0,00168596;0,00000000
2024-07-16;17657,79015972;0,00702610;0,00000000
2024-07-17;17500,58819270;-0,00890270;-0,00890270
2024-07-18;17428,89499200;-0,00409662;-0,01296284
2024-07-19;17267,06237315;-0,00928531;-0,02212779
2024-07-22;17332,42531604;0,00378541;-0,01842614
2024-07-23;17395,10068296;0,00361608;-0,01487669
2024-07-24;17190,15486461;-0,01178181;-0,02648323
2024-07-25;17068,43772403;-0,00708063;-0,03337634
2024-07-26;17173,39474767;0,00614919;-0,02743239
2024-07-29;17163,93812554;-0,00055066;-0,02796794
2024-07-30;17186,27167294;0,00130119;-0,02670314
2024-07-31;17461,69436828;0,01602574;-0,01110534
2024-08-01;17331,79085463;-0,00743934;-0,01846207
2024-08-02;17076,97738793;-0,01470209;-0,03289272
2024-08-05;16873,23025494;-0,01193110;-0,04443138
2024-08-06;16918,79734493;0,00270056;-0,04185081
2024-08-07;16973,23963679;0,00321786;-0,03876762
2024-08-08;17082,73699537;0,00645118;-0,03256654
2024-08-09;17116,36797143;0,00196871;-0,03066194
2024-08-12;17224,91392923;0,00634165;-0,02451475
2024-08-13;17309,64881743;0,00491932;-0,01971602
2024-08-14;17329,56517140;0,00115059;-0,01858811
2024-08-15;17469,63928484;0,00808296;-0,01065540
2024-08-16;17574,07397998;0,00597807;-0,00474103
2024-08-19;17612,55867746;0,00218986;-0,00256156
2024-08-20;17613,52635783;0,00005494;-0,00250676
2024-08-21;17619,02067727;0,00031194;-0,00219560
2024-08-22;17508,61888125;-0,00626606;-0,00844790
2024-08-23;17578,55781526;0,00399454;-0,00448710
2024-08-27;17575,11687180;-0,00019575;-0,00468197
2024-08-28;17509,88615259;-0,00371154;-0,00837613
2024-08-29;17587,43221135;0,00442870;-0,00398453
2024-08-30;17554,83739114;-0,00185330;-0,00583044
2024-09-03;17446,79691847;-0,00615446;-0,01194902
2024-09-04;17366,14427401;-0,00462278;-0,01651656
2024-09-05;17361,31814979;-0,00027790;-0,01678987
2024-09-06;17207,30306042;-0,00887116;-0,02551209
2024-09-09;17332,67194908;0,00728580;-0,01841217
2024-09-10;17386,78709243;0,00312215;-0,01534751
2024-09-11;17408,73703601;0,00126245;-0,01410443
2024-09-12;17618,34410892;0,01204034;-0,00223392
2024-09-13;17722,29821214;0,00590033;0,00000000
2024-09-16;17678,29916015;-0,00248269;-0,00248269
2024-09-17;17705,54953981;0,00154146;-0,00094506
2024-09-18;17599,73422107;-0,00597639;-0,00691581
2024-09-19;17796,78726961;0,01119637;0,00000000
2024-09-20;17809,38300953;0,00070775;0,00000000
2024-09-23;17818,55904997;0,00051524;0,00000000
2024-09-24;17904,80117021;0,00484002;0,00000000
2024-09-25;17921,14396128;0,00091276;0,00000000
2024-09-26;17965,29298026;0,00246352;0,00000000
2024-09-27;17934,72349157;-0,00170159;-0,00170159
2024-09-30;17866,81759133;-0,00378628;-0,00548142
2024-10-01;17910,30978569;0,00243424;-0,00306052
2024-10-02;17937,03199414;0,00149200;-0,00157309
2024-10-03;17965,08358795;0,00156389;-0,00001166
2024-10-04;17987,69373567;0,00125856;0,00000000
2024-10-07;17965,97294952;-0,00120754;-0,00120754
2024-10-08;17959,94750736;-0,00033538;-0,00154251
2024-10-09;17975,45266254;0,00086332;-0,00068052
2024-10-10;18030,34364659;0,00305366;0,00000000
2024-10-11;18113,61737325;0,00461853;0,00000000
2024-10-14;18157,44196849;0,00241943;0,00000000
2024-10-15;18106,54620169;-0,00280303;-0,00280303
2024-10-16;18156,58850287;0,00276377;-0,00004700
2024-10-17;18219,97553837;0,00349113;0,00000000
2024-10-18;18294,88322646;0,00411129;0,00000000
2024-10-21;18301,80453997;0,00037832;0,00000000
2024-10-22;18370,50560729;0,00375379;0,00000000
2024-10-23;18240,22691297;-0,00709173;-0,00709173
2024-10-24;18296,79432697;0,00310125;-0,00401248
2024-10-25;18338,90980269;0,00230180;-0,00171992
2024-10-28;18334,17556655;-0,00025815;-0,00197763
2024-10-29;18439,18826279;0,00572770;0,00000000
2024-10-30;18434,04740550;-0,00027880;-0,00027880
2024-10-31;18226,06637521;-0,01128244;-0,01155809
2024-11-01;18221,13017481;-0,00027083;-0,01182580
2024-11-04;18215,23783689;-0,00032338;-0,01214535
2024-11-05;18256,85451172;0,00228472;-0,00988838
2024-11-06;18210,94205381;-0,00251481;-0,01237832
2024-11-07;18336,08823670;0,00687203;-0,00559135
2024-11-08;18315,01683439;-0,00114918;-0,00673410
2024-11-11;18209,43773093;-0,00576462;-0,01245990
2024-11-12;18174,98831548;-0,00189184;-0,01432818
2024-11-13;18128,64645310;-0,00254976;-0,01684140
2024-11-14;18110,97014692;-0,00097505;-0,01780003
2024-11-15;18035,76914764;-0,00415223;-0,02187836
2024-11-18;18143,74631177;0,00598683;-0,01602250
2024-11-19;18196,71174162;0,00291921;-0,01315006
2024-11-20;18217,15646223;0,00112354;-0,01204130
2024-11-21;18315,14846815;0,00537911;-0,00672697
2024-11-22;18410,94417807;0,00523041;-0,00153174
2024-11-25;18269,22047084;-0,00769780;-0,00921775
2024-11-26;18290,63694153;0,00117227;-0,00805628
2024-11-27;18248,25221748;-0,00231729;-0,01035491
2024-11-29;18326,27104868;0,00427541;-0,00612376
2024-12-02;18318,59469639;-0,00041887;-0,00654007
2024-12-03;18339,87555804;0,00116171;-0,00538596
2024-12-04;18404,91537955;0,00354636;-0,00185870
2024-12-05;18348,28565526;-0,00307688;-0,00492986
2024-12-06;18363,58862586;0,00083403;-0,00409994
2024-12-09;18392,91702167;0,00159710;-0,00250940
2024-12-10;18435,05259589;0,00229086;-0,00022429
2024-12-11;18541,21873062;0,00575893;0,00000000
2024-12-12;18445,92702497;-0,00513945;-0,00513945
2024-12-13;18386,10398474;-0,00324316;-0,00836594
2024-12-16;18414,89770215;0,00156606;-0,00681298
2024-12-17;18369,01325262;-0,00249170;-0,00928771
2024-12-18;18174,85678270;-0,01056978;-0,01975932
2024-12-19;18145,31408021;-0,00162547;-0,02135268
2024-12-20;18254,27383459;0,00600484;-0,01547605
2024-12-23;18256,12209567;0,00010125;-0,01537637
2024-12-24;18311,59653233;0,00303868;-0,01238442
2024-12-27;18274,54392744;-0,00202345;-0,01438281
2024-12-30;18213,77877155;-0,00332513;-0,01766011
2024-12-31;18238,92623337;0,00138068;-0,01630381
2025-01-02;18344,70492596;0,00579961;-0,01059875
2025-01-03;18329,79409750;-0,00081281;-0,01140295
2025-01-06;18368,59681831;0,00211692;-0,00931017
2025-01-07;18340,05976235;-0,00155358;-0,01084929
2025-01-08;18382,75327695;0,00232788;-0,00854666
2025-01-10;18386,84934385;0,00022282;-0,00832574
2025-01-13;18317,15705205;-0,00379033;-0,01208452
2025-01-14;18362,28574388;0,00246374;-0,00965055
2025-01-15;18470,45564279;0,00589087;-0,00381653
2025-01-16;18502,95981874;0,00175979;-0,00206345
2025-01-17;18542,41002938;0,00213210;0,00000000
2025-01-21;18622,58407755;0,00432382;0,00000000
2025-01-22;18716,80422649;0,00505946;0,00000000
2025-01-23;18710,71051226;-0,00032557;-0,00032557
2025-01-24;18708,37381356;-0,00012489;-0,00045042
2025-01-27;18515,49956271;-0,01030951;-0,01075529
2025-01-28;18630,86877640;0,00623095;-0,00459135
2025-01-29;18606,32893093;-0,00131716;-0,00590247
2025-01-30;18689,43495713;0,00446655;-0,00146228
2025-01-31;18718,55745534;0,00155823;0,00000000
2025-02-03;18678,87265597;-0,00212008;-0,00212008
2025-02-04;18788,18769387;0,00585234;0,00000000
2025-02-05;18860,47061785;0,00384725;0,00000000
2025-02-06;18947,58310662;0,00461879;0,00000000
2025-02-07;18908,06059751;-0,00208589;-0,00208589
2025-02-10;19078,93434390;0,00903708;0,00000000
2025-02-11;19049,89873059;-0,00152187;-0,00152187
2025-02-12;19016,03414391;-0,00177768;-0,00329684
2025-02-13;19138,43473235;0,00643670;0,00000000
2025-02-14;19057,76579737;-0,00421502;-0,00421502
2025-02-18;19188,02323187;0,00683487;0,00000000
2025-02-19;19204,00092812;0,00083269;0,00000000
2025-02-20;19139,80639978;-0,00334277;-0,00334277
2025-02-21;19024,46827409;-0,00602609;-0,00934871
2025-02-24;18938,51455689;-0,00451806;-0,01382453
2025-02-25;18735,72255344;-0,01070791;-0,02438442
2025-02-26;18848,68809734;0,00602942;-0,01850202
2025-02-27;18619,56572025;-0,01215588;-0,03043299
2025-02-28;18585,04669888;-0,00185391;-0,03223048
2025-03-03;18561,53435562;-0,00126512;-0,03345483
2025-03-04;18398,78499422;-0,00876810;-0,04192959
2025-03-05;18411,71339311;0,00070268;-0,04125638
2025-03-06;18379,24738096;-0,00176333;-0,04294696
2025-03-07;18285,77032609;-0,00508601;-0,04781455
2025-03-10;18130,81133066;-0,00847429;-0,05588365
2025-03-11;18079,22549858;-0,00284520;-0,05856985
2025-03-12;18167,32424266;0,00487293;-0,05398233
2025-03-13;18167,65474903;0,00001819;-0,05396512
2025-03-14;18317,79818644;0,00826433;-0,04614678
2025-03-17;18375,10619048;0,00312854;-0,04316261
2025-03-18;18393,44921326;0,00099825;-0,04220744
2025-03-19;18482,51142011;0,00484206;-0,03756975
2025-03-20;18468,47604509;-0,00075939;-0,03830061
2025-03-21;18424,01739910;-0,00240727;-0,04061568
2025-03-24;18525,93348294;0,00553170;-0,03530866
2025-03-25;18557,05818727;0,00168006;-0,03368791
2025-03-26;18501,37351227;-0,00300073;-0,03658755
2025-03-27;18501,02408218;-0,00001889;-0,03660575
2025-03-28;18401,59632471;-0,00537418;-0,04178320
2025-03-31;18437,21357405;0,00193555;-0,03992852
2025-04-01;18515,98241793;0,00427227;-0,03582683
2025-04-02;18536,51192272;0,00110875;-0,03475781
2025-04-03;18051,82953724;-0,02614744;-0,05999642
2025-04-04;17536,17019239;-0,02856549;-0,08684809
2025-04-07;17292,70435000;-0,01388364;-0,09952596
2025-04-08;17512,93967797;0,01273574;-0,08805776
2025-04-09;17609,25596212;0,00549972;-0,08304233
2025-04-10;17939,74440084;0,01876788;-0,06583298
2025-04-11;18036,52654392;0,00539485;-0,06079329
2025-04-14;18175,19750424;0,00768834;-0,05357235
2025-04-15;18218,93573669;0,00240648;-0,05129479
2025-04-16;18289,26051190;0,00385998;-0,04763280
2025-04-17;18174,22149334;-0,00628998;-0,05362317
2025-04-22;18202,49585076;0,00155574;-0,05215086
2025-04-23;18323,36844742;0,00664044;-0,04585672
2025-04-24;18500,97642896;0,00969298;-0,03660823
2025-04-25;18500,93731548;-0,00000211;-0,03661027
2025-04-28;18554,10285018;0,00287367;-0,03384181
2025-04-29;18547,14250288;-0,00037514;-0,03420425
2025-04-30;18530,47861850;-0,00089846;-0,03507198
2025-05-01;18616,56305236;0,00464556;-0,03058935
2025-05-02;18679,75478721;0,00339438;-0,02729880
2025-05-06;19141,67451711;0,02472836;-0,00324549
2025-05-07;19013,53580533;-0,00669423;-0,00991799
2025-05-08;18887,85083835;-0,00661029;-0,01646272
2025-05-09;18944,32104114;0,00298976;-0,01352218
2025-05-12;18847,59099441;-0,00510602;-0,01855915
2025-05-13;18948,20121872;0,00533809;-0,01332013
2025-05-14;18770,04742983;-0,00940215;-0,02259704
2025-05-15;18916,14466741;0,00778353;-0,01498939
2025-05-16;18836,97674011;-0,00418520;-0,01911186
2025-05-19;18929,89167263;0,00493258;-0,01427355
2025-05-20;19094,75537869;0,00870917;-0,00568869
2025-05-21;19108,58501271;0,00072426;-0,00496854
2025-05-22;18997,70118934;-0,00580283;-0,01074254
2025-05-23;19136,75224422;0,00731936;-0,00350181
2025-05-27;19074,76601969;-0,00323912;-0,00672958
2025-05-28;19052,03947079;-0,00119145;-0,00791301
2025-05-29;19105,36926847;0,00279916;-0,00513600
2025-05-30;19047,34065762;-0,00303729;-0,00815769
2025-06-02;19281,95310408;0,01231733;0,00000000
2025-06-03;19295,52931823;0,00070409;0,00000000
2025-06-04;19332,31726666;0,00190655;0,00000000
2025-06-05;19302,83282694;-0,00152514;-0,00152514
2025-06-06;19266,69603225;-0,00187210;-0,00339438
2025-06-09;19297,35723757;0,00159141;-0,00180837
2025-06-10;19321,07793043;0,00122922;-0,00058138
2025-06-11;19354,79657118;0,00174517;0,00000000
2025-06-12;19421,94353750;0,00346927;0,00000000
2025-06-13;19452,95781144;0,00159687;0,00000000
2025-06-16;19421,52559733;-0,00161581;-0,00161581
2025-06-17;19406,67193629;-0,00076480;-0,00237937
2025-06-18;19391,20907095;-0,00079678;-0,00317426
2025-06-20;19364,03581949;-0,00140132;-0,00457113
2025-06-23;19396,90029685;0,00169719;-0,00288170
2025-06-24;19371,93391931;-0,00128713;-0,00416512
2025-06-25;19401,62222187;0,00153254;-0,00263896
2025-06-26;19407,28907334;0,00029208;-0,00234765
2025-06-27;19346,13958279;-0,00315085;-0,00549110
2025-06-30;19427,05907288;0,00418272;-0,00133135
2025-07-01;19455,81979946;0,00148045;0,00000000
2025-07-02;19600,47214888;0,00743491;0,00000000
2025-07-03;19673,73536845;0,00373783;0,00000000
2025-07-07;19604,42739343;-0,00352287;-0,00352287
2025-07-08;19599,98247686;-0,00022673;-0,00374880
2025-07-09;19670,93369338;0,00361996;-0,00014241
2025-07-10;19692,31824949;0,00108711;0,00000000
2025-07-11;19714,90419276;0,00114694;0,00000000
2025-07-14;19710,74029292;-0,00021121;-0,00021121
2025-07-15;19760,29835621;0,00251427;0,00000000
2025-07-16;19750,54790599;-0,00049344;-0,00049344
2025-07-17;19864,04827512;0,00574669;0,00000000
2025-07-18;19873,76785988;0,00048931;0,00000000
2025-07-21;19968,84506592;0,00478406;0,00000000
2025-07-22;19937,48135997;-0,00157063;-0,00157063
2025-07-23;19927,53076066;-0,00049909;-0,00206894
2025-07-24;19962,51717057;0,00175568;-0,00031689
2025-07-25;19956,14422108;-0,00031925;-0,00063603
2025-07-28;19981,66343966;0,00127876;0,00000000
2025-07-29;20001,96760620;0,00101614;0,00000000
2025-07-30;19945,86622009;-0,00280479;-0,00280479
2025-07-31;19945,67940319;-0,00000937;-0,00281413
2025-08-01;19804,33014050;-0,00708671;-0,00988090
2025-08-04;20018,90151704;0,01083457;0,00000000
2025-08-05;19955,67267658;-0,00315846;-0,00315846
2025-08-06;20040,65153359;0,00425838;0,00000000
2025-08-07;20074,46976040;0,00168748;0,00000000
2025-08-08;20156,37200502;0,00407992;0,00000000
2025-08-11;20051,36732277;-0,00520950;-0,00520950
2025-08-12;20150,99101957;0,00496842;-0,00026696
2025-08-13;20170,82389087;0,00098421;0,00000000
2025-08-14;20128,65737483;-0,00209047;-0,00209047
2025-08-15;20081,36242089;-0,00234963;-0,00443519
2025-08-18;20096,25544302;0,00074163;-0,00369685
2025-08-19;19949,39613144;-0,00730779;-0,01097763
2025-08-20;19942,36290751;-0,00035255;-0,01132631
2025-08-21;19912,32984332;-0,00150599;-0,01281524
2025-08-22;20087,40711588;0,00879241;-0,00413552
2025-08-26;20109,54772856;0,00110221;-0,00303786
2025-08-27;20179,44800039;0,00347597;0,00000000
2025-08-28;20267,81509180;0,00437906;0,00000000
2025-08-29;20196,82814295;-0,00350245;-0,00350245
2025-09-02;20244,47265630;0,00235901;-0,00115170
2025-09-03;20348,02295302;0,00511499;0,00000000
2025-09-04;20388,02490469;0,00196589;0,00000000
2025-09-05;20440,34871382;0,00256640;0,00000000
2025-09-08;20583,32146776;0,00699463;0,00000000
2025-09-09;20581,50621688;-0,00008819;-0,00008819
2025-09-10;20743,94341059;0,00789239;0,00000000
2025-09-11;20787,58378242;0,00210376;0,00000000
2025-09-12;20796,48413222;0,00042816;0,00000000
2025-09-15;20928,33708905;0,00634016;0,00000000
2025-09-16;20893,38735362;-0,00166997;-0,00166997
2025-09-17;20818,12993835;-0,00360197;-0,00526593
2025-09-18;20977,84794162;0,00767206;0,00000000
2025-09-19;21127,66278693;0,00714157;0,00000000
2025-09-22;21349,59147549;0,01050418;0,00000000
2025-09-23;21318,65701694;-0,00144895;-0,00144895
2025-09-24;21214,17246796;-0,00490108;-0,00634293
2025-09-25;21229,74375578;0,00073400;-0,00561358
2025-09-26;21277,17455829;0,00223417;-0,00339196
2025-09-29;21434,75921171;0,00740628;0,00000000
2025-09-30;21513,08034983;0,00365393;0,00000000
2025-10-01;21617,20277439;0,00483996;0,00000000
2025-10-02;21638,47116038;0,00098386;0,00000000
2025-10-03;21682,04922934;0,00201392;0,00000000
2025-10-06;21823,90087854;0,00654235;0,00000000
2025-10-07;21825,47542438;0,00007215;0,00000000
2025-10-08;21997,35857397;0,00787535;0,00000000
2025-10-09;21898,69644196;-0,00448518;-0,00448518
2025-10-10;21769,61463201;-0,00589450;-0,01035324
2025-10-13;21999,19745091;0,01054602;0,00000000
2025-10-14;22007,19764049;0,00036366;0,00000000
2025-10-15;22146,80029634;0,00634350;0,00000000
2025-10-16;22284,43908619;0,00621484;0,00000000
2025-10-17;22145,05720842;-0,00625467;-0,00625467
2025-10-20;22456,60521288;0,01406851;0,00000000
2025-10-21;22074,73014881;-0,01700502;-0,01700502
2025-10-22;22023,78446830;-0,00230787;-0,01927365
2025-10-23;22109,76106002;0,00390381;-0,01544508
2025-10-24;23416,46168689;0,05910062;0,00000000
2025-10-27;22095,53002831;-0,05641039;-0,05641039
2025-10-28;22114,86203284;0,00087493;-0,05558481
2025-10-29;22139,13566933;0,00109762;-0,05454821
2025-10-30;22211,46066667;0,00326684;-0,05145957
2025-10-31;22176,18726447;-0,00158807;-0,05296592
2025-11-03;22202,58918767;0,00119055;-0,05183843
2025-11-04;21998,72039341;-0,00918221;-0,06054464
2025-11-05;22080,80072475;0,00373114;-0,05703940
2025-11-06;21956,82190736;-0,00561478;-0,06233392
2025-11-07;21937,13182274;-0,00089676;-0,06317478
2025-11-10;22245,82671336;0,01407180;-0,04999197
2025-11-11;22256,95857359;0,00050040;-0,04951658
2025-11-12;22391,07581196;0,00602586;-0,04378910
2025-11-13;22206,02356737;-0,00826455;-0,05169176
2025-11-14;22111,34119600;-0,00426381;-0,05573517
2025-11-17;21965,17112612;-0,00661064;-0,06197736
2025-11-18;21911,04263098;-0,00246429;-0,06428892
2025-11-19;21956,25560069;0,00206348;-0,06235810
2025-11-20;21857,44530844;-0,00450033;-0,06657779
2025-11-21;21817,29388483;-0,00183697;-0,06829246
2025-11-24;22038,75587354;0,01015075;-0,05883493
2025-11-25;22048,29349911;0,00043277;-0,05842762
2025-11-26;22173,10348421;0,00566075;-0,05309761
2025-11-28;22286,31160720;0,00510565;-0,04826306
2025-12-01;22317,89085865;0,00141698;-0,04691447
2025-12-02;22355,92797478;0,00170433;-0,04529009
2025-12-03;22331,01832786;-0,00111423;-0,04635386
2025-12-04;22365,24871613;0,00153286;-0,04489205
2025-12-05;22426,56535974;0,00274160;-0,04227352
2025-12-08;22449,62494617;0,00102823;-0,04128876
2025-12-09;22512,12129978;0,00278385;-0,03861986
2025-12-10;22552,00079777;0,00177147;-0,03691680
2025-12-11;22574,98647126;0,00101923;-0,03593520
2025-12-12;22403,97918685;-0,00757508;-0,04323807
2025-12-15;22353,15076160;-0,00226872;-0,04540869
2025-12-16;22312,99852138;-0,00179627;-0,04712339
2025-12-17;22201,88978376;-0,00497955;-0,05186829
2025-12-18;22343,43935211;0,00637556;-0,04582342
2025-12-19;22516,69159428;0,00775405;-0,03842468
2025-12-22;22692,38765274;0,00780293;-0,03092158
2025-12-23;22819,12336704;0,00558494;-0,02550933
2025-12-24;22807,04850809;-0,00052916;-0,02602499
2025-12-29;22581,62685423;-0,00988386;-0,03565162
2025-12-30;22589,22482502;0,00033647;-0,03532715
2025-12-31;22472,02276817;-0,00518841;-0,04033226
2026-01-02;22487,85392967;0,00070448;-0,03965619
2026-01-05;22709,88717654;0,00987347;-0,03017426
2026-01-06;22889,30265059;0,00790032;-0,02251233
2026-01-07;22849,10571227;-0,00175615;-0,02422894
2026-01-08;22768,05073109;-0,00354740;-0,02769039
2026-01-09;22951,68146073;0,00806528;-0,01984844
2026-01-12;23095,69531416;0,00627465;-0,01369833
2026-01-13;23078,24872894;-0,00075540;-0,01444338
2026-01-14;23024,53402446;-0,00232750;-0,01673727
2026-01-15;23086,68317908;0,00269926;-0,01408319
2026-01-16;23050,87029353;-0,00155124;-0,01561258
2026-01-20;23022,41761856;-0,00123434;-0,01682765
2026-01-21;23219,49451728;0,00856022;-0,00841148
2026-01-22;23427,34597685;0,00895159;0,00000000
2026-01-23;23493,62777694;0,00282925;0,00000000
2026-01-26;23631,60099320;0,00587279;0,00000000
2026-01-27;23905,27911314;0,01158102;0,00000000
2026-01-28;24226,74180251;0,01344735;0,00000000
2026-01-29;24092,71485352;-0,00553219;-0,00553219
2026-01-30;23212,56313687;-0,03653186;-0,04186195
2026-02-02;23059,78792725;-0,00658157;-0,04816801
2026-02-03;23209,74642512;0,00650303;-0,04197822
2026-02-04;22952,43403028;-0,01108639;-0,05259922
2026-02-05;22624,35267662;-0,01429397;-0,06614134
2026-02-06;23180,75605061;0,02459312;-0,04317484
2026-02-09;23510,19460268;0,01421173;-0,02957671
2026-02-10;23406,34710445;-0,00441713;-0,03386319
2026-02-11;23501,48025142;0,00406442;-0,02993640
2026-02-12;23012,08873098;-0,02082386;-0,05013687
2026-02-13;23187,08716474;0,00760463;-0,04291351
2026-02-17;22997,04914772;-0,00819586;-0,05075766
2026-02-18;23255,20410931;0,01122557;-0,04010187
2026-02-19;23236,05448120;-0,00082346;-0,04089231
2026-02-20;23408,37170061;0,00741594;-0,03377962
2026-02-23;23416,76372434;0,00035851;-0,03343322
2026-02-24;23441,93191579;0,00107479;-0,03239436
2026-02-25;23624,36892200;0,00778251;-0,02486397
2026-02-26;23551,79255596;-0,00307210;-0,02785968
2026-02-27;23505,96429092;-0,00194585;-0,02975132
2026-03-02;23636,57844898;0,00555664;-0,02436000
2026-03-03;23204,81412775;-0,01826679;-0,04218180
2026-03-04;23374,16748638;0,00729820;-0,03519146
2026-03-05;23280,01455641;-0,00402808;-0,03907778
2026-03-09;23276,22908194;-0,00016261;-0,03923403
2026-03-10;23404,74485186;0,00552133;-0,03392932
2026-03-11;23380,21118934;-0,00104823;-0,03494199
2026-03-12;23146,68747435;-0,00998809;-0,04458108
2026-03-13;23027,58145803;-0,00514570;-0,04949738
2026-03-16;23094,58181224;0,00290957;-0,04673183
2026-03-17;23111,68241351;0,00074046;-0,04602597
2026-03-18;22832,07209145;-0,01209822;-0,05756737
2026-03-19;22520,10012759;-0,01366376;-0,07044454
2026-03-20;22218,07833405;-0,01341121;-0,08291100
2026-03-23;22145,94402624;-0,00324665;-0,08588847
2026-03-24;22124,20167582;-0,00098178;-0,08678592
2026-03-25;22346,38592228;0,01004259;-0,07761489
2026-03-26;21950,23982683;-0,01772752;-0,09396649
2026-03-27;22024,55053169;0,00338542;-0,09089919
2026-03-30;21973,32864997;-0,00232567;-0,09301346
2026-03-31;22387,16681259;0,01883366;-0,07593159
2026-04-01;22631,39084751;0,01090911;-0,06585083
2026-04-02;22564,69653480;-0,00294698;-0,06860375
2026-04-07;22588,55548233;0,00105736;-0,06761893
2026-04-08;22879,03093768;0,01285941;-0,05562906
2026-04-09;22953,04962335;0,00323522;-0,05257381
2026-04-10;22976,52164249;0,00102261;-0,05160496
2026-04-13;23008,10489925;0,00137459;-0,05030131
2026-04-14;23259,18076284;0,01091250;-0,03993773
2026-04-15;23282,73613397;0,00101273;-0,03896544
2026-04-16;23368,61329707;0,00368845;-0,03542071
2026-04-17;23591,78786567;0,00955018;-0,02620880
2026-04-20;23516,69358786;-0,00318307;-0,02930845
2026-04-21;23353,50141137;-0,00693942;-0,03604448
2026-04-22;23509,89054008;0,00669660;-0,02958926
2026-04-23;23434,48093756;-0,00320757;-0,03270192
2026-04-24;23531,59455586;0,00414405;-0,02869339
2026-04-27;23479,66609278;-0,00220675;-0,03083682
2026-04-28;23309,52970107;-0,00724612;-0,03785949
2026-04-29;23283,45933462;-0,00111844;-0,03893559
2026-04-30;23389,87611321;0,00457049;-0,03454306
2026-05-01;23496,51196710;0,00455906;-0,03014148
2026-05-05;23645,14514577;0,00632576;-0,02400639
2026-05-06;24088,40565258;0,01874636;-0,00571006
2026-05-07;24082,17990637;-0,00025845;-0,00596704
2026-05-08;24415,87461279;0,01385650;0,00000000
2026-05-11;24563,96001490;0,00606513;0,00000000
2026-05-12;24393,52329078;-0,00693849;-0,00693849
2026-05-13;24488,35342660;0,00388751;-0,00307795
2026-05-14;24644,85469139;0,00639084;0,00000000
2026-05-15;24346,82145721;-0,01209312;-0,01209312
2026-05-18;24222,39810515;-0,00511046;-0,01714178
2026-05-19;24060,09191591;-0,00670067;-0,02372758
2026-05-20;24370,27900926;0,01289218;-0,01114130
2026-05-21;24449,50419414;0,00325089;-0,00792662
2026-05-22;24545,22336490;0,00391497;-0,00404268
2026-05-26;24816,65915067;0,01105860;0,00000000
2026-05-27;24714,29348745;-0,00412488;-0,00412488
2026-05-28;24910,65071526;0,00794509;0,00000000
2026-05-29;25193,88259920;0,01136991;0,00000000
2026-06-01;25376,65245705;0,00725453;0,00000000
2026-06-02;25446,94660153;0,00277003;0,00000000
2026-06-03;25338,58097258;-0,00425849;-0,00425849
2026-06-04;25351,02906443;0,00049127;-0,00376931
2026-06-05;24871,88421569;-0,01890041;-0,02259848
2026-06-08;24927,84724075;0,00225005;-0,02039928
2026-06-09;24679,98534701;-0,00994317;-0,03013962
2026-06-10;24352,04994874;-0,01328750;-0,04302664
2026-06-11;24650,50608763;0,01225589;-0,03129808
2026-06-12;24769,04571008;0,00480881;-0,02663977
2026-06-15;25109,12579235;0,01373004;-0,01327549
2026-06-16;25042,01425396;-0,00267279;-0,01591281
2026-06-17;24897,75298517;-0,00576077;-0,02158191
2026-06-18;25001,27424814;0,00415786;-0,01751379
2026-06-22;24964,99516732;-0,00145109;-0,01893946
2026-06-23;24673,55906669;-0,01167379;-0,03039215
2026-06-24;24511,07957868;-0,00658517;-0,03677718
2026-06-25;24556,24621944;0,00184270;-0,03500225
2026-06-26;24560,64796510;0,00017925;-0,03482927
2026-06-29;24552,36457780;-0,00033726;-0,03515479
2026-06-30;24680,74817359;0,00522897;-0,03010964
