Date;value;daily_return;drawdown
2014-01-02;10000,00000000;;0,00000000
2014-01-03;10000,00000000;0,00000000;0,00000000
2014-01-06;10000,00000000;0,00000000;0,00000000
2014-01-07;10000,00000000;0,00000000;0,00000000
2014-01-08;10000,00000000;0,00000000;0,00000000
2014-01-09;10000,00000000;0,00000000;0,00000000
2014-01-10;10000,00000000;0,00000000;0,00000000
2014-01-13;10000,00000000;0,00000000;0,00000000
2014-01-14;10000,00000000;0,00000000;0,00000000
2014-01-15;10000,00000000;0,00000000;0,00000000
2014-01-16;10000,00000000;0,00000000;0,00000000
2014-01-17;10000,00000000;0,00000000;0,00000000
2014-01-21;10000,00000000;0,00000000;0,00000000
2014-01-22;10000,00000000;0,00000000;0,00000000
2014-01-23;10000,00000000;0,00000000;0,00000000
2014-01-24;10000,00000000;0,00000000;0,00000000
2014-01-27;10000,00000000;0,00000000;0,00000000
2014-01-28;10000,00000000;0,00000000;0,00000000
2014-01-29;10000,00000000;0,00000000;0,00000000
2014-01-30;10000,00000000;0,00000000;0,00000000
2014-01-31;10000,00000000;0,00000000;0,00000000
2014-02-03;10000,00000000;0,00000000;0,00000000
2014-02-04;10000,00000000;0,00000000;0,00000000
2014-02-05;10000,00000000;0,00000000;0,00000000
2014-02-06;10000,00000000;0,00000000;0,00000000
2014-02-07;10000,00000000;0,00000000;0,00000000
2014-02-10;10000,00000000;0,00000000;0,00000000
2014-02-11;10000,00000000;0,00000000;0,00000000
2014-02-12;10000,00000000;0,00000000;0,00000000
2014-02-13;10000,00000000;0,00000000;0,00000000
2014-02-14;10000,00000000;0,00000000;0,00000000
2014-02-18;10000,00000000;0,00000000;0,00000000
2014-02-19;10000,00000000;0,00000000;0,00000000
2014-02-20;10000,00000000;0,00000000;0,00000000
2014-02-21;10000,00000000;0,00000000;0,00000000
2014-02-24;10000,00000000;0,00000000;0,00000000
2014-02-25;10000,00000000;0,00000000;0,00000000
2014-02-26;10000,00000000;0,00000000;0,00000000
2014-02-27;10000,00000000;0,00000000;0,00000000
2014-02-28;10000,00000000;0,00000000;0,00000000
2014-03-03;10000,00000000;0,00000000;0,00000000
2014-03-04;10000,00000000;0,00000000;0,00000000
2014-03-05;10000,00000000;0,00000000;0,00000000
2014-03-06;10000,00000000;0,00000000;0,00000000
2014-03-07;10000,00000000;0,00000000;0,00000000
2014-03-10;10000,00000000;0,00000000;0,00000000
2014-03-11;10000,00000000;0,00000000;0,00000000
2014-03-12;10000,00000000;0,00000000;0,00000000
2014-03-13;10000,00000000;0,00000000;0,00000000
2014-03-14;10000,00000000;0,00000000;0,00000000
2014-03-17;10000,00000000;0,00000000;0,00000000
2014-03-18;10000,00000000;0,00000000;0,00000000
2014-03-19;10000,00000000;0,00000000;0,00000000
2014-03-20;10000,00000000;0,00000000;0,00000000
2014-03-21;10000,00000000;0,00000000;0,00000000
2014-03-24;10000,00000000;0,00000000;0,00000000
2014-03-25;10000,00000000;0,00000000;0,00000000
2014-03-26;10000,00000000;0,00000000;0,00000000
2014-03-27;10000,00000000;0,00000000;0,00000000
2014-03-28;10000,00000000;0,00000000;0,00000000
2014-03-31;10000,00000000;0,00000000;0,00000000
2014-04-01;10000,00000000;0,00000000;0,00000000
2014-04-02;10000,00000000;0,00000000;0,00000000
2014-04-03;10000,00000000;0,00000000;0,00000000
2014-04-04;10000,00000000;0,00000000;0,00000000
2014-04-07;10000,00000000;0,00000000;0,00000000
2014-04-08;10000,00000000;0,00000000;0,00000000
2014-04-09;10000,00000000;0,00000000;0,00000000
2014-04-10;10000,00000000;0,00000000;0,00000000
2014-04-11;10000,00000000;0,00000000;0,00000000
2014-04-14;10000,00000000;0,00000000;0,00000000
2014-04-15;10000,00000000;0,00000000;0,00000000
2014-04-16;10000,00000000;0,00000000;0,00000000
2014-04-17;10000,00000000;0,00000000;0,00000000
2014-04-22;10000,00000000;0,00000000;0,00000000
2014-04-23;10000,00000000;0,00000000;0,00000000
2014-04-24;10000,00000000;0,00000000;0,00000000
2014-04-25;10000,00000000;0,00000000;0,00000000
2014-04-28;10000,00000000;0,00000000;0,00000000
2014-04-29;10000,00000000;0,00000000;0,00000000
2014-04-30;10000,00000000;0,00000000;0,00000000
2014-05-01;10000,00000000;0,00000000;0,00000000
2014-05-02;10000,00000000;0,00000000;0,00000000
2014-05-06;10000,00000000;0,00000000;0,00000000
2014-05-07;10000,00000000;0,00000000;0,00000000
2014-05-08;10000,00000000;0,00000000;0,00000000
2014-05-09;10000,00000000;0,00000000;0,00000000
2014-05-12;10000,00000000;0,00000000;0,00000000
2014-05-13;10000,00000000;0,00000000;0,00000000
2014-05-14;10000,00000000;0,00000000;0,00000000
2014-05-15;10000,00000000;0,00000000;0,00000000
2014-05-16;10000,00000000;0,00000000;0,00000000
2014-05-19;10000,00000000;0,00000000;0,00000000
2014-05-20;10000,00000000;0,00000000;0,00000000
2014-05-21;10000,00000000;0,00000000;0,00000000
2014-05-22;10000,00000000;0,00000000;0,00000000
2014-05-23;10000,00000000;0,00000000;0,00000000
2014-05-27;10000,00000000;0,00000000;0,00000000
2014-05-28;10000,00000000;0,00000000;0,00000000
2014-05-29;10000,00000000;0,00000000;0,00000000
2014-05-30;10000,00000000;0,00000000;0,00000000
2014-06-02;10000,00000000;0,00000000;0,00000000
2014-06-03;10000,00000000;0,00000000;0,00000000
2014-06-04;10000,00000000;0,00000000;0,00000000
2014-06-05;10000,00000000;0,00000000;0,00000000
2014-06-06;10000,00000000;0,00000000;0,00000000
2014-06-09;10000,00000000;0,00000000;0,00000000
2014-06-10;10000,00000000;0,00000000;0,00000000
2014-06-11;10000,00000000;0,00000000;0,00000000
2014-06-12;10000,00000000;0,00000000;0,00000000
2014-06-13;10000,00000000;0,00000000;0,00000000
2014-06-16;10000,00000000;0,00000000;0,00000000
2014-06-17;10000,00000000;0,00000000;0,00000000
2014-06-18;10000,00000000;0,00000000;0,00000000
2014-06-19;10000,00000000;0,00000000;0,00000000
2014-06-20;10000,00000000;0,00000000;0,00000000
2014-06-23;10000,00000000;0,00000000;0,00000000
2014-06-24;10000,00000000;0,00000000;0,00000000
2014-06-25;10000,00000000;0,00000000;0,00000000
2014-06-26;10000,00000000;0,00000000;0,00000000
2014-06-27;10000,00000000;0,00000000;0,00000000
2014-06-30;10000,00000000;0,00000000;0,00000000
2014-07-01;10000,00000000;0,00000000;0,00000000
2014-07-02;10000,00000000;0,00000000;0,00000000
2014-07-03;10000,00000000;0,00000000;0,00000000
2014-07-07;10000,00000000;0,00000000;0,00000000
2014-07-08;10000,00000000;0,00000000;0,00000000
2014-07-09;10000,00000000;0,00000000;0,00000000
2014-07-10;10000,00000000;0,00000000;0,00000000
2014-07-11;10000,00000000;0,00000000;0,00000000
2014-07-14;10000,00000000;0,00000000;0,00000000
2014-07-15;10000,00000000;0,00000000;0,00000000
2014-07-16;10000,00000000;0,00000000;0,00000000
2014-07-17;10000,00000000;0,00000000;0,00000000
2014-07-18;10000,00000000;0,00000000;0,00000000
2014-07-21;10000,00000000;0,00000000;0,00000000
2014-07-22;10000,00000000;0,00000000;0,00000000
2014-07-23;10000,00000000;0,00000000;0,00000000
2014-07-24;10000,00000000;0,00000000;0,00000000
2014-07-25;10000,00000000;0,00000000;0,00000000
2014-07-28;10000,00000000;0,00000000;0,00000000
2014-07-29;10000,00000000;0,00000000;0,00000000
2014-07-30;10000,00000000;0,00000000;0,00000000
2014-07-31;10000,00000000;0,00000000;0,00000000
2014-08-01;10000,00000000;0,00000000;0,00000000
2014-08-04;10000,00000000;0,00000000;0,00000000
2014-08-05;10000,00000000;0,00000000;0,00000000
2014-08-06;10000,00000000;0,00000000;0,00000000
2014-08-07;10000,00000000;0,00000000;0,00000000
2014-08-08;10000,00000000;0,00000000;0,00000000
2014-08-11;10000,00000000;0,00000000;0,00000000
2014-08-12;10000,00000000;0,00000000;0,00000000
2014-08-13;10000,00000000;0,00000000;0,00000000
2014-08-14;10000,00000000;0,00000000;0,00000000
2014-08-15;10000,00000000;0,00000000;0,00000000
2014-08-18;10000,00000000;0,00000000;0,00000000
2014-08-19;10000,00000000;0,00000000;0,00000000
2014-08-20;10000,00000000;0,00000000;0,00000000
2014-08-21;10000,00000000;0,00000000;0,00000000
2014-08-22;10000,00000000;0,00000000;0,00000000
2014-08-26;10000,00000000;0,00000000;0,00000000
2014-08-27;10000,00000000;0,00000000;0,00000000
2014-08-28;10000,00000000;0,00000000;0,00000000
2014-08-29;10000,00000000;0,00000000;0,00000000
2014-09-02;10000,00000000;0,00000000;0,00000000
2014-09-03;10000,00000000;0,00000000;0,00000000
2014-09-04;10000,00000000;0,00000000;0,00000000
2014-09-05;10000,00000000;0,00000000;0,00000000
2014-09-08;10000,00000000;0,00000000;0,00000000
2014-09-09;10000,00000000;0,00000000;0,00000000
2014-09-10;10000,00000000;0,00000000;0,00000000
2014-09-11;10000,00000000;0,00000000;0,00000000
2014-09-12;10000,00000000;0,00000000;0,00000000
2014-09-15;10000,00000000;0,00000000;0,00000000
2014-09-16;10000,00000000;0,00000000;0,00000000
2014-09-17;10000,00000000;0,00000000;0,00000000
2014-09-18;10000,00000000;0,00000000;0,00000000
2014-09-19;10000,00000000;0,00000000;0,00000000
2014-09-22;10000,00000000;0,00000000;0,00000000
2014-09-23;10000,00000000;0,00000000;0,00000000
2014-09-24;10000,00000000;0,00000000;0,00000000
2014-09-25;10000,00000000;0,00000000;0,00000000
2014-09-26;10000,00000000;0,00000000;0,00000000
2014-09-29;10000,00000000;0,00000000;0,00000000
2014-09-30;10000,00000000;0,00000000;0,00000000
2014-10-01;10000,00000000;0,00000000;0,00000000
2014-10-02;10000,00000000;0,00000000;0,00000000
2014-10-03;10000,00000000;0,00000000;0,00000000
2014-10-06;10000,00000000;0,00000000;0,00000000
2014-10-07;10000,00000000;0,00000000;0,00000000
2014-10-08;10000,00000000;0,00000000;0,00000000
2014-10-09;10000,00000000;0,00000000;0,00000000
2014-10-10;10000,00000000;0,00000000;0,00000000
2014-10-13;10000,00000000;0,00000000;0,00000000
2014-10-14;10000,00000000;0,00000000;0,00000000
2014-10-15;10000,00000000;0,00000000;0,00000000
2014-10-16;10000,00000000;0,00000000;0,00000000
2014-10-17;10000,00000000;0,00000000;0,00000000
2014-10-20;10000,00000000;0,00000000;0,00000000
2014-10-21;10000,00000000;0,00000000;0,00000000
2014-10-22;10000,00000000;0,00000000;0,00000000
2014-10-23;10000,00000000;0,00000000;0,00000000
2014-10-24;10000,00000000;0,00000000;0,00000000
2014-10-27;10000,00000000;0,00000000;0,00000000
2014-10-28;10000,00000000;0,00000000;0,00000000
2014-10-29;10000,00000000;0,00000000;0,00000000
2014-10-30;10000,00000000;0,00000000;0,00000000
2014-10-31;10000,00000000;0,00000000;0,00000000
2014-11-03;10000,00000000;0,00000000;0,00000000
2014-11-04;10000,00000000;0,00000000;0,00000000
2014-11-05;10000,00000000;0,00000000;0,00000000
2014-11-06;10000,00000000;0,00000000;0,00000000
2014-11-07;10000,00000000;0,00000000;0,00000000
2014-11-10;10000,00000000;0,00000000;0,00000000
2014-11-11;10000,00000000;0,00000000;0,00000000
2014-11-12;10000,00000000;0,00000000;0,00000000
2014-11-13;10000,00000000;0,00000000;0,00000000
2014-11-14;10000,00000000;0,00000000;0,00000000
2014-11-17;10000,00000000;0,00000000;0,00000000
2014-11-18;10000,00000000;0,00000000;0,00000000
2014-11-19;10000,00000000;0,00000000;0,00000000
2014-11-20;10000,00000000;0,00000000;0,00000000
2014-11-21;10000,00000000;0,00000000;0,00000000
2014-11-24;10000,00000000;0,00000000;0,00000000
2014-11-25;10000,00000000;0,00000000;0,00000000
2014-11-26;10000,00000000;0,00000000;0,00000000
2014-11-28;10000,00000000;0,00000000;0,00000000
2014-12-01;10000,00000000;0,00000000;0,00000000
2014-12-02;10000,00000000;0,00000000;0,00000000
2014-12-03;10000,00000000;0,00000000;0,00000000
2014-12-04;10000,00000000;0,00000000;0,00000000
2014-12-05;10000,00000000;0,00000000;0,00000000
2014-12-08;10000,00000000;0,00000000;0,00000000
2014-12-09;10000,00000000;0,00000000;0,00000000
2014-12-10;10000,00000000;0,00000000;0,00000000
2014-12-11;10000,00000000;0,00000000;0,00000000
2014-12-12;10000,00000000;0,00000000;0,00000000
2014-12-15;10000,00000000;0,00000000;0,00000000
2014-12-16;10000,00000000;0,00000000;0,00000000
2014-12-17;10000,00000000;0,00000000;0,00000000
2014-12-18;10000,00000000;0,00000000;0,00000000
2014-12-19;10000,00000000;0,00000000;0,00000000
2014-12-22;10000,00000000;0,00000000;0,00000000
2014-12-23;10000,00000000;0,00000000;0,00000000
2014-12-24;10000,00000000;0,00000000;0,00000000
2014-12-29;10000,00000000;0,00000000;0,00000000
2014-12-30;10000,00000000;0,00000000;0,00000000
2014-12-31;10000,00000000;0,00000000;0,00000000
2015-01-02;10000,00000000;0,00000000;0,00000000
2015-01-05;10000,00000000;0,00000000;0,00000000
2015-01-06;10000,00000000;0,00000000;0,00000000
2015-01-07;10000,00000000;0,00000000;0,00000000
2015-01-08;10000,00000000;0,00000000;0,00000000
2015-01-09;10000,00000000;0,00000000;0,00000000
2015-01-12;10000,00000000;0,00000000;0,00000000
2015-01-13;10000,00000000;0,00000000;0,00000000
2015-01-14;10000,00000000;0,00000000;0,00000000
2015-01-15;10000,00000000;0,00000000;0,00000000
2015-01-16;10000,00000000;0,00000000;0,00000000
2015-01-20;10000,00000000;0,00000000;0,00000000
2015-01-21;10000,00000000;0,00000000;0,00000000
2015-01-22;10000,00000000;0,00000000;0,00000000
2015-01-23;10000,00000000;0,00000000;0,00000000
2015-01-26;10000,00000000;0,00000000;0,00000000
2015-01-27;10000,00000000;0,00000000;0,00000000
2015-01-28;10000,00000000;0,00000000;0,00000000
2015-01-29;10000,00000000;0,00000000;0,00000000
2015-01-30;10000,00000000;0,00000000;0,00000000
2015-02-02;10000,00000000;0,00000000;0,00000000
2015-02-03;10000,00000000;0,00000000;0,00000000
2015-02-04;10000,00000000;0,00000000;0,00000000
2015-02-05;10000,00000000;0,00000000;0,00000000
2015-02-06;10000,00000000;0,00000000;0,00000000
2015-02-09;10000,00000000;0,00000000;0,00000000
2015-02-10;10000,00000000;0,00000000;0,00000000
2015-02-11;10000,00000000;0,00000000;0,00000000
2015-02-12;10000,00000000;0,00000000;0,00000000
2015-02-13;10000,00000000;0,00000000;0,00000000
2015-02-17;10000,00000000;0,00000000;0,00000000
2015-02-18;10000,00000000;0,00000000;0,00000000
2015-02-19;10000,00000000;0,00000000;0,00000000
2015-02-20;10000,00000000;0,00000000;0,00000000
2015-02-23;10000,00000000;0,00000000;0,00000000
2015-02-24;10000,00000000;0,00000000;0,00000000
2015-02-25;10000,00000000;0,00000000;0,00000000
2015-02-26;10000,00000000;0,00000000;0,00000000
2015-02-27;10000,00000000;0,00000000;0,00000000
2015-03-02;10000,00000000;0,00000000;0,00000000
2015-03-03;10000,00000000;0,00000000;0,00000000
2015-03-04;10000,00000000;0,00000000;0,00000000
2015-03-05;10000,00000000;0,00000000;0,00000000
2015-03-06;10000,00000000;0,00000000;0,00000000
2015-03-09;10000,00000000;0,00000000;0,00000000
2015-03-10;10000,00000000;0,00000000;0,00000000
2015-03-11;10000,00000000;0,00000000;0,00000000
2015-03-12;10000,00000000;0,00000000;0,00000000
2015-03-13;10000,00000000;0,00000000;0,00000000
2015-03-16;10000,00000000;0,00000000;0,00000000
2015-03-17;10000,00000000;0,00000000;0,00000000
2015-03-18;10000,00000000;0,00000000;0,00000000
2015-03-19;10000,00000000;0,00000000;0,00000000
2015-03-20;10000,00000000;0,00000000;0,00000000
2015-03-23;10000,00000000;0,00000000;0,00000000
2015-03-24;10000,00000000;0,00000000;0,00000000
2015-03-25;10000,00000000;0,00000000;0,00000000
2015-03-26;10000,00000000;0,00000000;0,00000000
2015-03-27;10000,00000000;0,00000000;0,00000000
2015-03-30;10000,00000000;0,00000000;0,00000000
2015-03-31;10000,00000000;0,00000000;0,00000000
2015-04-01;10000,00000000;0,00000000;0,00000000
2015-04-02;10000,00000000;0,00000000;0,00000000
2015-04-07;10000,00000000;0,00000000;0,00000000
2015-04-08;10000,00000000;0,00000000;0,00000000
2015-04-09;10000,00000000;0,00000000;0,00000000
2015-04-10;10000,00000000;0,00000000;0,00000000
2015-04-13;10000,00000000;0,00000000;0,00000000
2015-04-14;10000,00000000;0,00000000;0,00000000
2015-04-15;10000,00000000;0,00000000;0,00000000
2015-04-16;10000,00000000;0,00000000;0,00000000
2015-04-17;10000,00000000;0,00000000;0,00000000
2015-04-20;10000,00000000;0,00000000;0,00000000
2015-04-21;10000,00000000;0,00000000;0,00000000
2015-04-22;10000,00000000;0,00000000;0,00000000
2015-04-23;10000,00000000;0,00000000;0,00000000
2015-04-24;10000,00000000;0,00000000;0,00000000
2015-04-27;10000,00000000;0,00000000;0,00000000
2015-04-28;10000,00000000;0,00000000;0,00000000
2015-04-29;10000,00000000;0,00000000;0,00000000
2015-04-30;10000,00000000;0,00000000;0,00000000
2015-05-01;10000,00000000;0,00000000;0,00000000
2015-05-05;10000,00000000;0,00000000;0,00000000
2015-05-06;10000,00000000;0,00000000;0,00000000
2015-05-07;10000,00000000;0,00000000;0,00000000
2015-05-08;10000,00000000;0,00000000;0,00000000
2015-05-11;10000,00000000;0,00000000;0,00000000
2015-05-12;10000,00000000;0,00000000;0,00000000
2015-05-13;10000,00000000;0,00000000;0,00000000
2015-05-14;10000,00000000;0,00000000;0,00000000
2015-05-15;10000,00000000;0,00000000;0,00000000
2015-05-18;10000,00000000;0,00000000;0,00000000
2015-05-19;10000,00000000;0,00000000;0,00000000
2015-05-20;10000,00000000;0,00000000;0,00000000
2015-05-21;10000,00000000;0,00000000;0,00000000
2015-05-22;10000,00000000;0,00000000;0,00000000
2015-05-26;10000,00000000;0,00000000;0,00000000
2015-05-27;10000,00000000;0,00000000;0,00000000
2015-05-28;10000,00000000;0,00000000;0,00000000
2015-05-29;10000,00000000;0,00000000;0,00000000
2015-06-01;10000,00000000;0,00000000;0,00000000
2015-06-02;10000,00000000;0,00000000;0,00000000
2015-06-03;10000,00000000;0,00000000;0,00000000
2015-06-04;10000,00000000;0,00000000;0,00000000
2015-06-05;10000,00000000;0,00000000;0,00000000
2015-06-08;10000,00000000;0,00000000;0,00000000
2015-06-09;10000,00000000;0,00000000;0,00000000
2015-06-10;10000,00000000;0,00000000;0,00000000
2015-06-11;10000,00000000;0,00000000;0,00000000
2015-06-12;10000,00000000;0,00000000;0,00000000
2015-06-15;10000,00000000;0,00000000;0,00000000
2015-06-16;10000,00000000;0,00000000;0,00000000
2015-06-17;10000,00000000;0,00000000;0,00000000
2015-06-18;10000,00000000;0,00000000;0,00000000
2015-06-19;10000,00000000;0,00000000;0,00000000
2015-06-22;10000,00000000;0,00000000;0,00000000
2015-06-23;10000,00000000;0,00000000;0,00000000
2015-06-24;10000,00000000;0,00000000;0,00000000
2015-06-25;10000,00000000;0,00000000;0,00000000
2015-06-26;10000,00000000;0,00000000;0,00000000
2015-06-29;10000,00000000;0,00000000;0,00000000
2015-06-30;10000,00000000;0,00000000;0,00000000
2015-07-01;10000,00000000;0,00000000;0,00000000
2015-07-02;10000,00000000;0,00000000;0,00000000
2015-07-06;10000,00000000;0,00000000;0,00000000
2015-07-07;10000,00000000;0,00000000;0,00000000
2015-07-08;10000,00000000;0,00000000;0,00000000
2015-07-09;10000,00000000;0,00000000;0,00000000
2015-07-10;10000,00000000;0,00000000;0,00000000
2015-07-13;10000,00000000;0,00000000;0,00000000
2015-07-14;10000,00000000;0,00000000;0,00000000
2015-07-15;10000,00000000;0,00000000;0,00000000
2015-07-16;10000,00000000;0,00000000;0,00000000
2015-07-17;10000,00000000;0,00000000;0,00000000
2015-07-20;10000,00000000;0,00000000;0,00000000
2015-07-21;10000,00000000;0,00000000;0,00000000
2015-07-22;10000,00000000;0,00000000;0,00000000
2015-07-23;10000,00000000;0,00000000;0,00000000
2015-07-24;10000,00000000;0,00000000;0,00000000
2015-07-27;10000,00000000;0,00000000;0,00000000
2015-07-28;10000,00000000;0,00000000;0,00000000
2015-07-29;10000,00000000;0,00000000;0,00000000
2015-07-30;10000,00000000;0,00000000;0,00000000
2015-07-31;10000,00000000;0,00000000;0,00000000
2015-08-03;10000,00000000;0,00000000;0,00000000
2015-08-04;10000,00000000;0,00000000;0,00000000
2015-08-05;10000,00000000;0,00000000;0,00000000
2015-08-06;10000,00000000;0,00000000;0,00000000
2015-08-07;10000,00000000;0,00000000;0,00000000
2015-08-10;10000,00000000;0,00000000;0,00000000
2015-08-11;10000,00000000;0,00000000;0,00000000
2015-08-12;10000,00000000;0,00000000;0,00000000
2015-08-13;10000,00000000;0,00000000;0,00000000
2015-08-14;10000,00000000;0,00000000;0,00000000
2015-08-17;10000,00000000;0,00000000;0,00000000
2015-08-18;10000,00000000;0,00000000;0,00000000
2015-08-19;10000,00000000;0,00000000;0,00000000
2015-08-20;10000,00000000;0,00000000;0,00000000
2015-08-21;10000,00000000;0,00000000;0,00000000
2015-08-24;10000,00000000;0,00000000;0,00000000
2015-08-25;10000,00000000;0,00000000;0,00000000
2015-08-26;10000,00000000;0,00000000;0,00000000
2015-08-27;10000,00000000;0,00000000;0,00000000
2015-08-28;10000,00000000;0,00000000;0,00000000
2015-09-01;10000,00000000;0,00000000;0,00000000
2015-09-02;10000,00000000;0,00000000;0,00000000
2015-09-03;10000,00000000;0,00000000;0,00000000
2015-09-04;10000,00000000;0,00000000;0,00000000
2015-09-08;10000,00000000;0,00000000;0,00000000
2015-09-09;10000,00000000;0,00000000;0,00000000
2015-09-10;10000,00000000;0,00000000;0,00000000
2015-09-11;10000,00000000;0,00000000;0,00000000
2015-09-14;10000,00000000;0,00000000;0,00000000
2015-09-15;10000,00000000;0,00000000;0,00000000
2015-09-16;10000,00000000;0,00000000;0,00000000
2015-09-17;10000,00000000;0,00000000;0,00000000
2015-09-18;10000,00000000;0,00000000;0,00000000
2015-09-21;10000,00000000;0,00000000;0,00000000
2015-09-22;10000,00000000;0,00000000;0,00000000
2015-09-23;10000,00000000;0,00000000;0,00000000
2015-09-24;10000,00000000;0,00000000;0,00000000
2015-09-25;10000,00000000;0,00000000;0,00000000
2015-09-28;10000,00000000;0,00000000;0,00000000
2015-09-29;10000,00000000;0,00000000;0,00000000
2015-09-30;10000,00000000;0,00000000;0,00000000
2015-10-01;10000,00000000;0,00000000;0,00000000
2015-10-02;10000,00000000;0,00000000;0,00000000
2015-10-05;10000,00000000;0,00000000;0,00000000
2015-10-06;10000,00000000;0,00000000;0,00000000
2015-10-07;10000,00000000;0,00000000;0,00000000
2015-10-08;10000,00000000;0,00000000;0,00000000
2015-10-09;10000,00000000;0,00000000;0,00000000
2015-10-12;10000,00000000;0,00000000;0,00000000
2015-10-13;10000,00000000;0,00000000;0,00000000
2015-10-14;10000,00000000;0,00000000;0,00000000
2015-10-15;10000,00000000;0,00000000;0,00000000
2015-10-16;10000,00000000;0,00000000;0,00000000
2015-10-19;10000,00000000;0,00000000;0,00000000
2015-10-20;10000,00000000;0,00000000;0,00000000
2015-10-21;10000,00000000;0,00000000;0,00000000
2015-10-22;10000,00000000;0,00000000;0,00000000
2015-10-23;10000,00000000;0,00000000;0,00000000
2015-10-26;10000,00000000;0,00000000;0,00000000
2015-10-27;10000,00000000;0,00000000;0,00000000
2015-10-28;10000,00000000;0,00000000;0,00000000
2015-10-29;10000,00000000;0,00000000;0,00000000
2015-10-30;10000,00000000;0,00000000;0,00000000
2015-11-02;10000,00000000;0,00000000;0,00000000
2015-11-03;10000,00000000;0,00000000;0,00000000
2015-11-04;10000,00000000;0,00000000;0,00000000
2015-11-05;10000,00000000;0,00000000;0,00000000
2015-11-06;10000,00000000;0,00000000;0,00000000
2015-11-09;10000,00000000;0,00000000;0,00000000
2015-11-10;10000,00000000;0,00000000;0,00000000
2015-11-11;10000,00000000;0,00000000;0,00000000
2015-11-12;10000,00000000;0,00000000;0,00000000
2015-11-13;10000,00000000;0,00000000;0,00000000
2015-11-16;10000,00000000;0,00000000;0,00000000
2015-11-17;10000,00000000;0,00000000;0,00000000
2015-11-18;10000,00000000;0,00000000;0,00000000
2015-11-19;10000,00000000;0,00000000;0,00000000
2015-11-20;10000,00000000;0,00000000;0,00000000
2015-11-23;10000,00000000;0,00000000;0,00000000
2015-11-24;10000,00000000;0,00000000;0,00000000
2015-11-25;10000,00000000;0,00000000;0,00000000
2015-11-27;10000,00000000;0,00000000;0,00000000
2015-11-30;10000,00000000;0,00000000;0,00000000
2015-12-01;10000,00000000;0,00000000;0,00000000
2015-12-02;10000,00000000;0,00000000;0,00000000
2015-12-03;10000,00000000;0,00000000;0,00000000
2015-12-04;10000,00000000;0,00000000;0,00000000
2015-12-07;10000,00000000;0,00000000;0,00000000
2015-12-08;10000,00000000;0,00000000;0,00000000
2015-12-09;10000,00000000;0,00000000;0,00000000
2015-12-10;10000,00000000;0,00000000;0,00000000
2015-12-11;10000,00000000;0,00000000;0,00000000
2015-12-14;10000,00000000;0,00000000;0,00000000
2015-12-15;10000,00000000;0,00000000;0,00000000
2015-12-16;10000,00000000;0,00000000;0,00000000
2015-12-17;10000,00000000;0,00000000;0,00000000
2015-12-18;10000,00000000;0,00000000;0,00000000
2015-12-21;10000,00000000;0,00000000;0,00000000
2015-12-22;10000,00000000;0,00000000;0,00000000
2015-12-23;10000,00000000;0,00000000;0,00000000
2015-12-24;10000,00000000;0,00000000;0,00000000
2015-12-29;10000,00000000;0,00000000;0,00000000
2015-12-30;10000,00000000;0,00000000;0,00000000
2015-12-31;10000,00000000;0,00000000;0,00000000
2016-01-04;10000,00000000;0,00000000;0,00000000
2016-01-05;10000,00000000;0,00000000;0,00000000
2016-01-06;10000,00000000;0,00000000;0,00000000
2016-01-07;10000,00000000;0,00000000;0,00000000
2016-01-08;10000,00000000;0,00000000;0,00000000
2016-01-11;10000,00000000;0,00000000;0,00000000
2016-01-12;10000,00000000;0,00000000;0,00000000
2016-01-13;10000,00000000;0,00000000;0,00000000
2016-01-14;10000,00000000;0,00000000;0,00000000
2016-01-15;10000,00000000;0,00000000;0,00000000
2016-01-19;10000,00000000;0,00000000;0,00000000
2016-01-20;10000,00000000;0,00000000;0,00000000
2016-01-21;10000,00000000;0,00000000;0,00000000
2016-01-22;10000,00000000;0,00000000;0,00000000
2016-01-25;10000,00000000;0,00000000;0,00000000
2016-01-26;10000,00000000;0,00000000;0,00000000
2016-01-27;10000,00000000;0,00000000;0,00000000
2016-01-28;10000,00000000;0,00000000;0,00000000
2016-01-29;10000,00000000;0,00000000;0,00000000
2016-02-01;10000,00000000;0,00000000;0,00000000
2016-02-02;10000,00000000;0,00000000;0,00000000
2016-02-03;10000,00000000;0,00000000;0,00000000
2016-02-04;10000,00000000;0,00000000;0,00000000
2016-02-05;10000,00000000;0,00000000;0,00000000
2016-02-08;10000,00000000;0,00000000;0,00000000
2016-02-09;10000,00000000;0,00000000;0,00000000
2016-02-10;10000,00000000;0,00000000;0,00000000
2016-02-11;10000,00000000;0,00000000;0,00000000
2016-02-12;10000,00000000;0,00000000;0,00000000
2016-02-16;10000,00000000;0,00000000;0,00000000
2016-02-17;10000,00000000;0,00000000;0,00000000
2016-02-18;10000,00000000;0,00000000;0,00000000
2016-02-19;10000,00000000;0,00000000;0,00000000
2016-02-22;10000,00000000;0,00000000;0,00000000
2016-02-23;10000,00000000;0,00000000;0,00000000
2016-02-24;10000,00000000;0,00000000;0,00000000
2016-02-25;10000,00000000;0,00000000;0,00000000
2016-02-26;10000,00000000;0,00000000;0,00000000
2016-02-29;10000,00000000;0,00000000;0,00000000
2016-03-01;10000,00000000;0,00000000;0,00000000
2016-03-02;10000,00000000;0,00000000;0,00000000
2016-03-03;10000,00000000;0,00000000;0,00000000
2016-03-04;10000,00000000;0,00000000;0,00000000
2016-03-07;10000,00000000;0,00000000;0,00000000
2016-03-08;10000,00000000;0,00000000;0,00000000
2016-03-09;10000,00000000;0,00000000;0,00000000
2016-03-10;10000,00000000;0,00000000;0,00000000
2016-03-11;10000,00000000;0,00000000;0,00000000
2016-03-14;10000,00000000;0,00000000;0,00000000
2016-03-15;10000,00000000;0,00000000;0,00000000
2016-03-16;10000,00000000;0,00000000;0,00000000
2016-03-17;10000,00000000;0,00000000;0,00000000
2016-03-18;10000,00000000;0,00000000;0,00000000
2016-03-21;10000,00000000;0,00000000;0,00000000
2016-03-22;10000,00000000;0,00000000;0,00000000
2016-03-23;10000,00000000;0,00000000;0,00000000
2016-03-24;10000,00000000;0,00000000;0,00000000
2016-03-29;10000,00000000;0,00000000;0,00000000
2016-03-30;10000,00000000;0,00000000;0,00000000
2016-03-31;10000,00000000;0,00000000;0,00000000
2016-04-01;10000,00000000;0,00000000;0,00000000
2016-04-04;10000,00000000;0,00000000;0,00000000
2016-04-05;10000,00000000;0,00000000;0,00000000
2016-04-06;10000,00000000;0,00000000;0,00000000
2016-04-07;10000,00000000;0,00000000;0,00000000
2016-04-08;10000,00000000;0,00000000;0,00000000
2016-04-11;10000,00000000;0,00000000;0,00000000
2016-04-12;10000,00000000;0,00000000;0,00000000
2016-04-13;10000,00000000;0,00000000;0,00000000
2016-04-14;10000,00000000;0,00000000;0,00000000
2016-04-15;10000,00000000;0,00000000;0,00000000
2016-04-18;10000,00000000;0,00000000;0,00000000
2016-04-19;10000,00000000;0,00000000;0,00000000
2016-04-20;10000,00000000;0,00000000;0,00000000
2016-04-21;10000,00000000;0,00000000;0,00000000
2016-04-22;10000,00000000;0,00000000;0,00000000
2016-04-25;10000,00000000;0,00000000;0,00000000
2016-04-26;10000,00000000;0,00000000;0,00000000
2016-04-27;10000,00000000;0,00000000;0,00000000
2016-04-28;10000,00000000;0,00000000;0,00000000
2016-04-29;10000,00000000;0,00000000;0,00000000
2016-05-03;10000,00000000;0,00000000;0,00000000
2016-05-04;10000,00000000;0,00000000;0,00000000
2016-05-05;10000,00000000;0,00000000;0,00000000
2016-05-06;10000,00000000;0,00000000;0,00000000
2016-05-09;10000,00000000;0,00000000;0,00000000
2016-05-10;10000,00000000;0,00000000;0,00000000
2016-05-11;10000,00000000;0,00000000;0,00000000
2016-05-12;10000,00000000;0,00000000;0,00000000
2016-05-13;10000,00000000;0,00000000;0,00000000
2016-05-16;10000,00000000;0,00000000;0,00000000
2016-05-17;10000,00000000;0,00000000;0,00000000
2016-05-18;10000,00000000;0,00000000;0,00000000
2016-05-19;10000,00000000;0,00000000;0,00000000
2016-05-20;10000,00000000;0,00000000;0,00000000
2016-05-23;10000,00000000;0,00000000;0,00000000
2016-05-24;10000,00000000;0,00000000;0,00000000
2016-05-25;10000,00000000;0,00000000;0,00000000
2016-05-26;10000,00000000;0,00000000;0,00000000
2016-05-27;10000,00000000;0,00000000;0,00000000
2016-05-31;10000,00000000;0,00000000;0,00000000
2016-06-01;10000,00000000;0,00000000;0,00000000
2016-06-02;10000,00000000;0,00000000;0,00000000
2016-06-03;10000,00000000;0,00000000;0,00000000
2016-06-06;10000,00000000;0,00000000;0,00000000
2016-06-07;10000,00000000;0,00000000;0,00000000
2016-06-08;10000,00000000;0,00000000;0,00000000
2016-06-09;10000,00000000;0,00000000;0,00000000
2016-06-10;10000,00000000;0,00000000;0,00000000
2016-06-13;10000,00000000;0,00000000;0,00000000
2016-06-14;10000,00000000;0,00000000;0,00000000
2016-06-15;10000,00000000;0,00000000;0,00000000
2016-06-16;10000,00000000;0,00000000;0,00000000
2016-06-17;10000,00000000;0,00000000;0,00000000
2016-06-20;10000,00000000;0,00000000;0,00000000
2016-06-21;10000,00000000;0,00000000;0,00000000
2016-06-22;10000,00000000;0,00000000;0,00000000
2016-06-23;10000,00000000;0,00000000;0,00000000
2016-06-24;10000,00000000;0,00000000;0,00000000
2016-06-27;10000,00000000;0,00000000;0,00000000
2016-06-28;10000,00000000;0,00000000;0,00000000
2016-06-29;10000,00000000;0,00000000;0,00000000
2016-06-30;10000,00000000;0,00000000;0,00000000
2016-07-01;10000,00000000;0,00000000;0,00000000
2016-07-05;10000,00000000;0,00000000;0,00000000
2016-07-06;10000,00000000;0,00000000;0,00000000
2016-07-07;10000,00000000;0,00000000;0,00000000
2016-07-08;10000,00000000;0,00000000;0,00000000
2016-07-11;10000,00000000;0,00000000;0,00000000
2016-07-12;10000,00000000;0,00000000;0,00000000
2016-07-13;10000,00000000;0,00000000;0,00000000
2016-07-14;10000,00000000;0,00000000;0,00000000
2016-07-15;10000,00000000;0,00000000;0,00000000
2016-07-18;10000,00000000;0,00000000;0,00000000
2016-07-19;10000,00000000;0,00000000;0,00000000
2016-07-20;10000,00000000;0,00000000;0,00000000
2016-07-21;10000,00000000;0,00000000;0,00000000
2016-07-22;10000,00000000;0,00000000;0,00000000
2016-07-25;10000,00000000;0,00000000;0,00000000
2016-07-26;10000,00000000;0,00000000;0,00000000
2016-07-27;10000,00000000;0,00000000;0,00000000
2016-07-28;10000,00000000;0,00000000;0,00000000
2016-07-29;10000,00000000;0,00000000;0,00000000
2016-08-01;10000,00000000;0,00000000;0,00000000
2016-08-02;10000,00000000;0,00000000;0,00000000
2016-08-03;10000,00000000;0,00000000;0,00000000
2016-08-04;10000,00000000;0,00000000;0,00000000
2016-08-05;10000,00000000;0,00000000;0,00000000
2016-08-08;10000,00000000;0,00000000;0,00000000
2016-08-09;10000,00000000;0,00000000;0,00000000
2016-08-10;10000,00000000;0,00000000;0,00000000
2016-08-11;10000,00000000;0,00000000;0,00000000
2016-08-12;10000,00000000;0,00000000;0,00000000
2016-08-15;10000,00000000;0,00000000;0,00000000
2016-08-16;10000,00000000;0,00000000;0,00000000
2016-08-17;10000,00000000;0,00000000;0,00000000
2016-08-18;10000,00000000;0,00000000;0,00000000
2016-08-19;10000,00000000;0,00000000;0,00000000
2016-08-22;10000,00000000;0,00000000;0,00000000
2016-08-23;10000,00000000;0,00000000;0,00000000
2016-08-24;10000,00000000;0,00000000;0,00000000
2016-08-25;10000,00000000;0,00000000;0,00000000
2016-08-26;10000,00000000;0,00000000;0,00000000
2016-08-30;10000,00000000;0,00000000;0,00000000
2016-08-31;10000,00000000;0,00000000;0,00000000
2016-09-01;10000,00000000;0,00000000;0,00000000
2016-09-02;10000,00000000;0,00000000;0,00000000
2016-09-06;10000,00000000;0,00000000;0,00000000
2016-09-07;10000,00000000;0,00000000;0,00000000
2016-09-08;10000,00000000;0,00000000;0,00000000
2016-09-09;10000,00000000;0,00000000;0,00000000
2016-09-12;10000,00000000;0,00000000;0,00000000
2016-09-13;10000,00000000;0,00000000;0,00000000
2016-09-14;10000,00000000;0,00000000;0,00000000
2016-09-15;10000,00000000;0,00000000;0,00000000
2016-09-16;10000,00000000;0,00000000;0,00000000
2016-09-19;10000,00000000;0,00000000;0,00000000
2016-09-20;10000,00000000;0,00000000;0,00000000
2016-09-21;10000,00000000;0,00000000;0,00000000
2016-09-22;10000,00000000;0,00000000;0,00000000
2016-09-23;10000,00000000;0,00000000;0,00000000
2016-09-26;10000,00000000;0,00000000;0,00000000
2016-09-27;10000,00000000;0,00000000;0,00000000
2016-09-28;10000,00000000;0,00000000;0,00000000
2016-09-29;10000,00000000;0,00000000;0,00000000
2016-09-30;10000,00000000;0,00000000;0,00000000
2016-10-03;10000,00000000;0,00000000;0,00000000
2016-10-04;10000,00000000;0,00000000;0,00000000
2016-10-05;10000,00000000;0,00000000;0,00000000
2016-10-06;10000,00000000;0,00000000;0,00000000
2016-10-07;10000,00000000;0,00000000;0,00000000
2016-10-10;10000,00000000;0,00000000;0,00000000
2016-10-11;10000,00000000;0,00000000;0,00000000
2016-10-12;10000,00000000;0,00000000;0,00000000
2016-10-13;10000,00000000;0,00000000;0,00000000
2016-10-14;10000,00000000;0,00000000;0,00000000
2016-10-17;10000,00000000;0,00000000;0,00000000
2016-10-18;10000,00000000;0,00000000;0,00000000
2016-10-19;10000,00000000;0,00000000;0,00000000
2016-10-20;10000,00000000;0,00000000;0,00000000
2016-10-21;10000,00000000;0,00000000;0,00000000
2016-10-24;10000,00000000;0,00000000;0,00000000
2016-10-25;10000,00000000;0,00000000;0,00000000
2016-10-26;10000,00000000;0,00000000;0,00000000
2016-10-27;10000,00000000;0,00000000;0,00000000
2016-10-28;10000,00000000;0,00000000;0,00000000
2016-10-31;10000,00000000;0,00000000;0,00000000
2016-11-01;10000,00000000;0,00000000;0,00000000
2016-11-02;10000,00000000;0,00000000;0,00000000
2016-11-03;10000,00000000;0,00000000;0,00000000
2016-11-04;10000,00000000;0,00000000;0,00000000
2016-11-07;10000,00000000;0,00000000;0,00000000
2016-11-08;10000,00000000;0,00000000;0,00000000
2016-11-09;10000,00000000;0,00000000;0,00000000
2016-11-10;10000,00000000;0,00000000;0,00000000
2016-11-11;10000,00000000;0,00000000;0,00000000
2016-11-14;10000,00000000;0,00000000;0,00000000
2016-11-15;10000,00000000;0,00000000;0,00000000
2016-11-16;10000,00000000;0,00000000;0,00000000
2016-11-17;10000,00000000;0,00000000;0,00000000
2016-11-18;10000,00000000;0,00000000;0,00000000
2016-11-21;10000,00000000;0,00000000;0,00000000
2016-11-22;10000,00000000;0,00000000;0,00000000
2016-11-23;10000,00000000;0,00000000;0,00000000
2016-11-25;10000,00000000;0,00000000;0,00000000
2016-11-28;10000,00000000;0,00000000;0,00000000
2016-11-29;10000,00000000;0,00000000;0,00000000
2016-11-30;10000,00000000;0,00000000;0,00000000
2016-12-01;10000,00000000;0,00000000;0,00000000
2016-12-02;10000,00000000;0,00000000;0,00000000
2016-12-05;10000,00000000;0,00000000;0,00000000
2016-12-06;10000,00000000;0,00000000;0,00000000
2016-12-07;10000,00000000;0,00000000;0,00000000
2016-12-08;10000,00000000;0,00000000;0,00000000
2016-12-09;10000,00000000;0,00000000;0,00000000
2016-12-12;10000,00000000;0,00000000;0,00000000
2016-12-13;10000,00000000;0,00000000;0,00000000
2016-12-14;10000,00000000;0,00000000;0,00000000
2016-12-15;10000,00000000;0,00000000;0,00000000
2016-12-16;10000,00000000;0,00000000;0,00000000
2016-12-19;10000,00000000;0,00000000;0,00000000
2016-12-20;10000,00000000;0,00000000;0,00000000
2016-12-21;10000,00000000;0,00000000;0,00000000
2016-12-22;10000,00000000;0,00000000;0,00000000
2016-12-23;10000,00000000;0,00000000;0,00000000
2016-12-28;10000,00000000;0,00000000;0,00000000
2016-12-29;10000,00000000;0,00000000;0,00000000
2016-12-30;10000,00000000;0,00000000;0,00000000
2017-01-03;10000,00000000;0,00000000;0,00000000
2017-01-04;10000,00000000;0,00000000;0,00000000
2017-01-05;10000,00000000;0,00000000;0,00000000
2017-01-06;10000,00000000;0,00000000;0,00000000
2017-01-09;10000,00000000;0,00000000;0,00000000
2017-01-10;10000,00000000;0,00000000;0,00000000
2017-01-11;10000,00000000;0,00000000;0,00000000
2017-01-12;10000,00000000;0,00000000;0,00000000
2017-01-13;10000,00000000;0,00000000;0,00000000
2017-01-17;10000,00000000;0,00000000;0,00000000
2017-01-18;10000,00000000;0,00000000;0,00000000
2017-01-19;10000,00000000;0,00000000;0,00000000
2017-01-20;10000,00000000;0,00000000;0,00000000
2017-01-23;10000,00000000;0,00000000;0,00000000
2017-01-24;10000,00000000;0,00000000;0,00000000
2017-01-25;10000,00000000;0,00000000;0,00000000
2017-01-26;10000,00000000;0,00000000;0,00000000
2017-01-27;10000,00000000;0,00000000;0,00000000
2017-01-30;10000,00000000;0,00000000;0,00000000
2017-01-31;10000,00000000;0,00000000;0,00000000
2017-02-01;10000,00000000;0,00000000;0,00000000
2017-02-02;10000,00000000;0,00000000;0,00000000
2017-02-03;10000,00000000;0,00000000;0,00000000
2017-02-06;10000,00000000;0,00000000;0,00000000
2017-02-07;10000,00000000;0,00000000;0,00000000
2017-02-08;10000,00000000;0,00000000;0,00000000
2017-02-09;10000,00000000;0,00000000;0,00000000
2017-02-10;10000,00000000;0,00000000;0,00000000
2017-02-13;10000,00000000;0,00000000;0,00000000
2017-02-14;10000,00000000;0,00000000;0,00000000
2017-02-15;10000,00000000;0,00000000;0,00000000
2017-02-16;10000,00000000;0,00000000;0,00000000
2017-02-17;10000,00000000;0,00000000;0,00000000
2017-02-21;10000,00000000;0,00000000;0,00000000
2017-02-22;10000,00000000;0,00000000;0,00000000
2017-02-23;10000,00000000;0,00000000;0,00000000
2017-02-24;10000,00000000;0,00000000;0,00000000
2017-02-27;10000,00000000;0,00000000;0,00000000
2017-02-28;10000,00000000;0,00000000;0,00000000
2017-03-01;10000,00000000;0,00000000;0,00000000
2017-03-02;10000,00000000;0,00000000;0,00000000
2017-03-03;10000,00000000;0,00000000;0,00000000
2017-03-06;10000,00000000;0,00000000;0,00000000
2017-03-07;10000,00000000;0,00000000;0,00000000
2017-03-08;10000,00000000;0,00000000;0,00000000
2017-03-09;10000,00000000;0,00000000;0,00000000
2017-03-10;10000,00000000;0,00000000;0,00000000
2017-03-13;10000,00000000;0,00000000;0,00000000
2017-03-14;10000,00000000;0,00000000;0,00000000
2017-03-15;10000,00000000;0,00000000;0,00000000
2017-03-16;10000,00000000;0,00000000;0,00000000
2017-03-17;10000,00000000;0,00000000;0,00000000
2017-03-20;10000,00000000;0,00000000;0,00000000
2017-03-21;10000,00000000;0,00000000;0,00000000
2017-03-22;10000,00000000;0,00000000;0,00000000
2017-03-23;10000,00000000;0,00000000;0,00000000
2017-03-24;10000,00000000;0,00000000;0,00000000
2017-03-27;10000,00000000;0,00000000;0,00000000
2017-03-28;10000,00000000;0,00000000;0,00000000
2017-03-29;10000,00000000;0,00000000;0,00000000
2017-03-30;10000,00000000;0,00000000;0,00000000
2017-03-31;10000,00000000;0,00000000;0,00000000
2017-04-03;10000,00000000;0,00000000;0,00000000
2017-04-04;10000,00000000;0,00000000;0,00000000
2017-04-05;10000,00000000;0,00000000;0,00000000
2017-04-06;10000,00000000;0,00000000;0,00000000
2017-04-07;10000,00000000;0,00000000;0,00000000
2017-04-10;10000,00000000;0,00000000;0,00000000
2017-04-11;10000,00000000;0,00000000;0,00000000
2017-04-12;10000,00000000;0,00000000;0,00000000
2017-04-13;10000,00000000;0,00000000;0,00000000
2017-04-18;10000,00000000;0,00000000;0,00000000
2017-04-19;10000,00000000;0,00000000;0,00000000
2017-04-20;10000,00000000;0,00000000;0,00000000
2017-04-21;10000,00000000;0,00000000;0,00000000
2017-04-24;10000,00000000;0,00000000;0,00000000
2017-04-25;10000,00000000;0,00000000;0,00000000
2017-04-26;10000,00000000;0,00000000;0,00000000
2017-04-27;10000,00000000;0,00000000;0,00000000
2017-04-28;10000,00000000;0,00000000;0,00000000
2017-05-02;10000,00000000;0,00000000;0,00000000
2017-05-03;10000,00000000;0,00000000;0,00000000
2017-05-04;10000,00000000;0,00000000;0,00000000
2017-05-05;10000,00000000;0,00000000;0,00000000
2017-05-08;10000,00000000;0,00000000;0,00000000
2017-05-09;10000,00000000;0,00000000;0,00000000
2017-05-10;10000,00000000;0,00000000;0,00000000
2017-05-11;10000,00000000;0,00000000;0,00000000
2017-05-12;10000,00000000;0,00000000;0,00000000
2017-05-15;10000,00000000;0,00000000;0,00000000
2017-05-16;10000,00000000;0,00000000;0,00000000
2017-05-17;10000,00000000;0,00000000;0,00000000
2017-05-18;10000,00000000;0,00000000;0,00000000
2017-05-19;10000,00000000;0,00000000;0,00000000
2017-05-22;10000,00000000;0,00000000;0,00000000
2017-05-23;10000,00000000;0,00000000;0,00000000
2017-05-24;10000,00000000;0,00000000;0,00000000
2017-05-25;10000,00000000;0,00000000;0,00000000
2017-05-26;10000,00000000;0,00000000;0,00000000
2017-05-30;10000,00000000;0,00000000;0,00000000
2017-05-31;10000,00000000;0,00000000;0,00000000
2017-06-01;10000,00000000;0,00000000;0,00000000
2017-06-02;10000,00000000;0,00000000;0,00000000
2017-06-05;10000,00000000;0,00000000;0,00000000
2017-06-06;10000,00000000;0,00000000;0,00000000
2017-06-07;10000,00000000;0,00000000;0,00000000
2017-06-08;10000,00000000;0,00000000;0,00000000
2017-06-09;10000,00000000;0,00000000;0,00000000
2017-06-12;10000,00000000;0,00000000;0,00000000
2017-06-13;10000,00000000;0,00000000;0,00000000
2017-06-14;10000,00000000;0,00000000;0,00000000
2017-06-15;10000,00000000;0,00000000;0,00000000
2017-06-16;10000,00000000;0,00000000;0,00000000
2017-06-19;10000,00000000;0,00000000;0,00000000
2017-06-20;10000,00000000;0,00000000;0,00000000
2017-06-21;10000,00000000;0,00000000;0,00000000
2017-06-22;10000,00000000;0,00000000;0,00000000
2017-06-23;10000,00000000;0,00000000;0,00000000
2017-06-26;10000,00000000;0,00000000;0,00000000
2017-06-27;10000,00000000;0,00000000;0,00000000
2017-06-28;10000,00000000;0,00000000;0,00000000
2017-06-29;10000,00000000;0,00000000;0,00000000
2017-06-30;10000,00000000;0,00000000;0,00000000
2017-07-03;10000,00000000;0,00000000;0,00000000
2017-07-05;10000,00000000;0,00000000;0,00000000
2017-07-06;10000,00000000;0,00000000;0,00000000
2017-07-07;10000,00000000;0,00000000;0,00000000
2017-07-10;10000,00000000;0,00000000;0,00000000
2017-07-11;10000,00000000;0,00000000;0,00000000
2017-07-12;10000,00000000;0,00000000;0,00000000
2017-07-13;10000,00000000;0,00000000;0,00000000
2017-07-14;10000,00000000;0,00000000;0,00000000
2017-07-17;10000,00000000;0,00000000;0,00000000
2017-07-18;10000,00000000;0,00000000;0,00000000
2017-07-19;10000,00000000;0,00000000;0,00000000
2017-07-20;10000,00000000;0,00000000;0,00000000
2017-07-21;10000,00000000;0,00000000;0,00000000
2017-07-24;10000,00000000;0,00000000;0,00000000
2017-07-25;10000,00000000;0,00000000;0,00000000
2017-07-26;10000,00000000;0,00000000;0,00000000
2017-07-27;10000,00000000;0,00000000;0,00000000
2017-07-28;10000,00000000;0,00000000;0,00000000
2017-07-31;10000,00000000;0,00000000;0,00000000
2017-08-01;10000,00000000;0,00000000;0,00000000
2017-08-02;10000,00000000;0,00000000;0,00000000
2017-08-03;10000,00000000;0,00000000;0,00000000
2017-08-04;10000,00000000;0,00000000;0,00000000
2017-08-07;10000,00000000;0,00000000;0,00000000
2017-08-08;10000,00000000;0,00000000;0,00000000
2017-08-09;10000,00000000;0,00000000;0,00000000
2017-08-10;10000,00000000;0,00000000;0,00000000
2017-08-11;10000,00000000;0,00000000;0,00000000
2017-08-14;10000,00000000;0,00000000;0,00000000
2017-08-15;10000,00000000;0,00000000;0,00000000
2017-08-16;10000,00000000;0,00000000;0,00000000
2017-08-17;10000,00000000;0,00000000;0,00000000
2017-08-18;10000,00000000;0,00000000;0,00000000
2017-08-21;10000,00000000;0,00000000;0,00000000
2017-08-22;10000,00000000;0,00000000;0,00000000
2017-08-23;10000,00000000;0,00000000;0,00000000
2017-08-24;10000,00000000;0,00000000;0,00000000
2017-08-25;10000,00000000;0,00000000;0,00000000
2017-08-29;10000,00000000;0,00000000;0,00000000
2017-08-30;10000,00000000;0,00000000;0,00000000
2017-08-31;10000,00000000;0,00000000;0,00000000
2017-09-01;10000,00000000;0,00000000;0,00000000
2017-09-05;10000,00000000;0,00000000;0,00000000
2017-09-06;10000,00000000;0,00000000;0,00000000
2017-09-07;10000,00000000;0,00000000;0,00000000
2017-09-08;10000,00000000;0,00000000;0,00000000
2017-09-11;10000,00000000;0,00000000;0,00000000
2017-09-12;10000,00000000;0,00000000;0,00000000
2017-09-13;10000,00000000;0,00000000;0,00000000
2017-09-14;10000,00000000;0,00000000;0,00000000
2017-09-15;10000,00000000;0,00000000;0,00000000
2017-09-18;10000,00000000;0,00000000;0,00000000
2017-09-19;10000,00000000;0,00000000;0,00000000
2017-09-20;10000,00000000;0,00000000;0,00000000
2017-09-21;10000,00000000;0,00000000;0,00000000
2017-09-22;10000,00000000;0,00000000;0,00000000
2017-09-25;10000,00000000;0,00000000;0,00000000
2017-09-26;10000,00000000;0,00000000;0,00000000
2017-09-27;10000,00000000;0,00000000;0,00000000
2017-09-28;10000,00000000;0,00000000;0,00000000
2017-09-29;10000,00000000;0,00000000;0,00000000
2017-10-02;10000,00000000;0,00000000;0,00000000
2017-10-03;10000,00000000;0,00000000;0,00000000
2017-10-04;10000,00000000;0,00000000;0,00000000
2017-10-05;10000,00000000;0,00000000;0,00000000
2017-10-06;10000,00000000;0,00000000;0,00000000
2017-10-09;10000,00000000;0,00000000;0,00000000
2017-10-10;10000,00000000;0,00000000;0,00000000
2017-10-11;10000,00000000;0,00000000;0,00000000
2017-10-12;10000,00000000;0,00000000;0,00000000
2017-10-13;10000,00000000;0,00000000;0,00000000
2017-10-16;10000,00000000;0,00000000;0,00000000
2017-10-17;10000,00000000;0,00000000;0,00000000
2017-10-18;10000,00000000;0,00000000;0,00000000
2017-10-19;10000,00000000;0,00000000;0,00000000
2017-10-20;10000,00000000;0,00000000;0,00000000
2017-10-23;10000,00000000;0,00000000;0,00000000
2017-10-24;10000,00000000;0,00000000;0,00000000
2017-10-25;10000,00000000;0,00000000;0,00000000
2017-10-26;10000,00000000;0,00000000;0,00000000
2017-10-27;10000,00000000;0,00000000;0,00000000
2017-10-30;10000,00000000;0,00000000;0,00000000
2017-10-31;10000,00000000;0,00000000;0,00000000
2017-11-01;10000,00000000;0,00000000;0,00000000
2017-11-02;10000,00000000;0,00000000;0,00000000
2017-11-03;10000,00000000;0,00000000;0,00000000
2017-11-06;10000,00000000;0,00000000;0,00000000
2017-11-07;10000,00000000;0,00000000;0,00000000
2017-11-08;10000,00000000;0,00000000;0,00000000
2017-11-09;10000,00000000;0,00000000;0,00000000
2017-11-10;10000,00000000;0,00000000;0,00000000
2017-11-13;10000,00000000;0,00000000;0,00000000
2017-11-14;10000,00000000;0,00000000;0,00000000
2017-11-15;10000,00000000;0,00000000;0,00000000
2017-11-16;10000,00000000;0,00000000;0,00000000
2017-11-17;10000,00000000;0,00000000;0,00000000
2017-11-20;10000,00000000;0,00000000;0,00000000
2017-11-21;10000,00000000;0,00000000;0,00000000
2017-11-22;10000,00000000;0,00000000;0,00000000
2017-11-24;10000,00000000;0,00000000;0,00000000
2017-11-27;10000,00000000;0,00000000;0,00000000
2017-11-28;10000,00000000;0,00000000;0,00000000
2017-11-29;10000,00000000;0,00000000;0,00000000
2017-11-30;10000,00000000;0,00000000;0,00000000
2017-12-01;10000,00000000;0,00000000;0,00000000
2017-12-04;10000,00000000;0,00000000;0,00000000
2017-12-05;10000,00000000;0,00000000;0,00000000
2017-12-06;10000,00000000;0,00000000;0,00000000
2017-12-07;10000,00000000;0,00000000;0,00000000
2017-12-08;10000,00000000;0,00000000;0,00000000
2017-12-11;10000,00000000;0,00000000;0,00000000
2017-12-12;10000,00000000;0,00000000;0,00000000
2017-12-13;10000,00000000;0,00000000;0,00000000
2017-12-14;10000,00000000;0,00000000;0,00000000
2017-12-15;10000,00000000;0,00000000;0,00000000
2017-12-18;10000,00000000;0,00000000;0,00000000
2017-12-19;10000,00000000;0,00000000;0,00000000
2017-12-20;10000,00000000;0,00000000;0,00000000
2017-12-21;10000,00000000;0,00000000;0,00000000
2017-12-22;10000,00000000;0,00000000;0,00000000
2017-12-27;10000,00000000;0,00000000;0,00000000
2017-12-28;10000,00000000;0,00000000;0,00000000
2017-12-29;10000,00000000;0,00000000;0,00000000
2018-01-02;10000,00000000;0,00000000;0,00000000
2018-01-03;10000,00000000;0,00000000;0,00000000
2018-01-04;10000,00000000;0,00000000;0,00000000
2018-01-05;10000,00000000;0,00000000;0,00000000
2018-01-08;10000,00000000;0,00000000;0,00000000
2018-01-09;10000,00000000;0,00000000;0,00000000
2018-01-10;10000,00000000;0,00000000;0,00000000
2018-01-11;10000,00000000;0,00000000;0,00000000
2018-01-12;10000,00000000;0,00000000;0,00000000
2018-01-16;10000,00000000;0,00000000;0,00000000
2018-01-17;10000,00000000;0,00000000;0,00000000
2018-01-18;10000,00000000;0,00000000;0,00000000
2018-01-19;10000,00000000;0,00000000;0,00000000
2018-01-22;10000,00000000;0,00000000;0,00000000
2018-01-23;10000,00000000;0,00000000;0,00000000
2018-01-24;10000,00000000;0,00000000;0,00000000
2018-01-25;10000,00000000;0,00000000;0,00000000
2018-01-26;10000,00000000;0,00000000;0,00000000
2018-01-29;10000,00000000;0,00000000;0,00000000
2018-01-30;10000,00000000;0,00000000;0,00000000
2018-01-31;10000,00000000;0,00000000;0,00000000
2018-02-01;10000,00000000;0,00000000;0,00000000
2018-02-02;10000,00000000;0,00000000;0,00000000
2018-02-05;10000,00000000;0,00000000;0,00000000
2018-02-06;10000,00000000;0,00000000;0,00000000
2018-02-07;10000,00000000;0,00000000;0,00000000
2018-02-08;10000,00000000;0,00000000;0,00000000
2018-02-09;10000,00000000;0,00000000;0,00000000
2018-02-12;10000,00000000;0,00000000;0,00000000
2018-02-13;10000,00000000;0,00000000;0,00000000
2018-02-14;10000,00000000;0,00000000;0,00000000
2018-02-15;10000,00000000;0,00000000;0,00000000
2018-02-16;10000,00000000;0,00000000;0,00000000
2018-02-20;10000,00000000;0,00000000;0,00000000
2018-02-21;10000,00000000;0,00000000;0,00000000
2018-02-22;10000,00000000;0,00000000;0,00000000
2018-02-23;10000,00000000;0,00000000;0,00000000
2018-02-26;10000,00000000;0,00000000;0,00000000
2018-02-27;10000,00000000;0,00000000;0,00000000
2018-02-28;10000,00000000;0,00000000;0,00000000
2018-03-01;10000,00000000;0,00000000;0,00000000
2018-03-02;10000,00000000;0,00000000;0,00000000
2018-03-05;10000,00000000;0,00000000;0,00000000
2018-03-06;10000,00000000;0,00000000;0,00000000
2018-03-07;10000,00000000;0,00000000;0,00000000
2018-03-08;10000,00000000;0,00000000;0,00000000
2018-03-09;10000,00000000;0,00000000;0,00000000
2018-03-12;10000,00000000;0,00000000;0,00000000
2018-03-13;10000,00000000;0,00000000;0,00000000
2018-03-14;10000,00000000;0,00000000;0,00000000
2018-03-15;10000,00000000;0,00000000;0,00000000
2018-03-16;10000,00000000;0,00000000;0,00000000
2018-03-19;10000,00000000;0,00000000;0,00000000
2018-03-20;10000,00000000;0,00000000;0,00000000
2018-03-21;10000,00000000;0,00000000;0,00000000
2018-03-22;10000,00000000;0,00000000;0,00000000
2018-03-23;10000,00000000;0,00000000;0,00000000
2018-03-26;10000,00000000;0,00000000;0,00000000
2018-03-27;10000,00000000;0,00000000;0,00000000
2018-03-28;10000,00000000;0,00000000;0,00000000
2018-03-29;10000,00000000;0,00000000;0,00000000
2018-04-03;10000,00000000;0,00000000;0,00000000
2018-04-04;10000,00000000;0,00000000;0,00000000
2018-04-05;10000,00000000;0,00000000;0,00000000
2018-04-06;10000,00000000;0,00000000;0,00000000
2018-04-09;10000,00000000;0,00000000;0,00000000
2018-04-10;10000,00000000;0,00000000;0,00000000
2018-04-11;10000,00000000;0,00000000;0,00000000
2018-04-12;10000,00000000;0,00000000;0,00000000
2018-04-13;10000,00000000;0,00000000;0,00000000
2018-04-16;10000,00000000;0,00000000;0,00000000
2018-04-17;10000,00000000;0,00000000;0,00000000
2018-04-18;10000,00000000;0,00000000;0,00000000
2018-04-19;10000,00000000;0,00000000;0,00000000
2018-04-20;10000,00000000;0,00000000;0,00000000
2018-04-23;10000,00000000;0,00000000;0,00000000
2018-04-24;10000,00000000;0,00000000;0,00000000
2018-04-25;10000,00000000;0,00000000;0,00000000
2018-04-26;10000,00000000;0,00000000;0,00000000
2018-04-27;10000,00000000;0,00000000;0,00000000
2018-04-30;10000,00000000;0,00000000;0,00000000
2018-05-01;10000,00000000;0,00000000;0,00000000
2018-05-02;10000,00000000;0,00000000;0,00000000
2018-05-03;10000,00000000;0,00000000;0,00000000
2018-05-04;10000,00000000;0,00000000;0,00000000
2018-05-08;10000,00000000;0,00000000;0,00000000
2018-05-09;10000,00000000;0,00000000;0,00000000
2018-05-10;10000,00000000;0,00000000;0,00000000
2018-05-11;10000,00000000;0,00000000;0,00000000
2018-05-14;10000,00000000;0,00000000;0,00000000
2018-05-15;10000,00000000;0,00000000;0,00000000
2018-05-16;10000,00000000;0,00000000;0,00000000
2018-05-17;10000,00000000;0,00000000;0,00000000
2018-05-18;10000,00000000;0,00000000;0,00000000
2018-05-21;10000,00000000;0,00000000;0,00000000
2018-05-22;10000,00000000;0,00000000;0,00000000
2018-05-23;10000,00000000;0,00000000;0,00000000
2018-05-24;10000,00000000;0,00000000;0,00000000
2018-05-25;10000,00000000;0,00000000;0,00000000
2018-05-29;10000,00000000;0,00000000;0,00000000
2018-05-30;10000,00000000;0,00000000;0,00000000
2018-05-31;10000,00000000;0,00000000;0,00000000
2018-06-01;10000,00000000;0,00000000;0,00000000
2018-06-04;10000,00000000;0,00000000;0,00000000
2018-06-05;10000,00000000;0,00000000;0,00000000
2018-06-06;10000,00000000;0,00000000;0,00000000
2018-06-07;10000,00000000;0,00000000;0,00000000
2018-06-08;10000,00000000;0,00000000;0,00000000
2018-06-11;10000,00000000;0,00000000;0,00000000
2018-06-12;10000,00000000;0,00000000;0,00000000
2018-06-13;10000,00000000;0,00000000;0,00000000
2018-06-14;10000,00000000;0,00000000;0,00000000
2018-06-15;10000,00000000;0,00000000;0,00000000
2018-06-18;10000,00000000;0,00000000;0,00000000
2018-06-19;10000,00000000;0,00000000;0,00000000
2018-06-20;10000,00000000;0,00000000;0,00000000
2018-06-21;10000,00000000;0,00000000;0,00000000
2018-06-22;10000,00000000;0,00000000;0,00000000
2018-06-25;10000,00000000;0,00000000;0,00000000
2018-06-26;10000,00000000;0,00000000;0,00000000
2018-06-27;10000,00000000;0,00000000;0,00000000
2018-06-28;10000,00000000;0,00000000;0,00000000
2018-06-29;10000,00000000;0,00000000;0,00000000
2018-07-02;10000,00000000;0,00000000;0,00000000
2018-07-03;10000,00000000;0,00000000;0,00000000
2018-07-05;10000,00000000;0,00000000;0,00000000
2018-07-06;10000,00000000;0,00000000;0,00000000
2018-07-09;10000,00000000;0,00000000;0,00000000
2018-07-10;10000,00000000;0,00000000;0,00000000
2018-07-11;10000,00000000;0,00000000;0,00000000
2018-07-12;10000,00000000;0,00000000;0,00000000
2018-07-13;10000,00000000;0,00000000;0,00000000
2018-07-16;10000,00000000;0,00000000;0,00000000
2018-07-17;10000,00000000;0,00000000;0,00000000
2018-07-18;10000,00000000;0,00000000;0,00000000
2018-07-19;10000,00000000;0,00000000;0,00000000
2018-07-20;10000,00000000;0,00000000;0,00000000
2018-07-23;10000,00000000;0,00000000;0,00000000
2018-07-24;10000,00000000;0,00000000;0,00000000
2018-07-25;10000,00000000;0,00000000;0,00000000
2018-07-26;10000,00000000;0,00000000;0,00000000
2018-07-27;10000,00000000;0,00000000;0,00000000
2018-07-30;10000,00000000;0,00000000;0,00000000
2018-07-31;10000,00000000;0,00000000;0,00000000
2018-08-01;10000,00000000;0,00000000;0,00000000
2018-08-02;10000,00000000;0,00000000;0,00000000
2018-08-03;10000,00000000;0,00000000;0,00000000
2018-08-06;10000,00000000;0,00000000;0,00000000
2018-08-07;10000,00000000;0,00000000;0,00000000
2018-08-08;10000,00000000;0,00000000;0,00000000
2018-08-09;10000,00000000;0,00000000;0,00000000
2018-08-10;10000,00000000;0,00000000;0,00000000
2018-08-13;10000,00000000;0,00000000;0,00000000
2018-08-14;10000,00000000;0,00000000;0,00000000
2018-08-15;10000,00000000;0,00000000;0,00000000
2018-08-16;10000,00000000;0,00000000;0,00000000
2018-08-17;10000,00000000;0,00000000;0,00000000
2018-08-20;10000,00000000;0,00000000;0,00000000
2018-08-21;10000,00000000;0,00000000;0,00000000
2018-08-22;10000,00000000;0,00000000;0,00000000
2018-08-23;10000,00000000;0,00000000;0,00000000
2018-08-24;10000,00000000;0,00000000;0,00000000
2018-08-28;10000,00000000;0,00000000;0,00000000
2018-08-29;10000,00000000;0,00000000;0,00000000
2018-08-30;10000,00000000;0,00000000;0,00000000
2018-08-31;10000,00000000;0,00000000;0,00000000
2018-09-04;10000,00000000;0,00000000;0,00000000
2018-09-05;10000,00000000;0,00000000;0,00000000
2018-09-06;10000,00000000;0,00000000;0,00000000
2018-09-07;10000,00000000;0,00000000;0,00000000
2018-09-10;10000,00000000;0,00000000;0,00000000
2018-09-11;10000,00000000;0,00000000;0,00000000
2018-09-12;10000,00000000;0,00000000;0,00000000
2018-09-13;10000,00000000;0,00000000;0,00000000
2018-09-14;10000,00000000;0,00000000;0,00000000
2018-09-17;10000,00000000;0,00000000;0,00000000
2018-09-18;10000,00000000;0,00000000;0,00000000
2018-09-19;10000,00000000;0,00000000;0,00000000
2018-09-20;10000,00000000;0,00000000;0,00000000
2018-09-21;10000,00000000;0,00000000;0,00000000
2018-09-24;10000,00000000;0,00000000;0,00000000
2018-09-25;10000,00000000;0,00000000;0,00000000
2018-09-26;10000,00000000;0,00000000;0,00000000
2018-09-27;10000,00000000;0,00000000;0,00000000
2018-09-28;10000,00000000;0,00000000;0,00000000
2018-10-01;10000,00000000;0,00000000;0,00000000
2018-10-02;10000,00000000;0,00000000;0,00000000
2018-10-03;10000,00000000;0,00000000;0,00000000
2018-10-04;10000,00000000;0,00000000;0,00000000
2018-10-05;10000,00000000;0,00000000;0,00000000
2018-10-08;10000,00000000;0,00000000;0,00000000
2018-10-09;10000,00000000;0,00000000;0,00000000
2018-10-10;10000,00000000;0,00000000;0,00000000
2018-10-11;10000,00000000;0,00000000;0,00000000
2018-10-12;10000,00000000;0,00000000;0,00000000
2018-10-15;10000,00000000;0,00000000;0,00000000
2018-10-16;10000,00000000;0,00000000;0,00000000
2018-10-17;10000,00000000;0,00000000;0,00000000
2018-10-18;10000,00000000;0,00000000;0,00000000
2018-10-19;10000,00000000;0,00000000;0,00000000
2018-10-22;10000,00000000;0,00000000;0,00000000
2018-10-23;10000,00000000;0,00000000;0,00000000
2018-10-24;10000,00000000;0,00000000;0,00000000
2018-10-25;10000,00000000;0,00000000;0,00000000
2018-10-26;10000,00000000;0,00000000;0,00000000
2018-10-29;10000,00000000;0,00000000;0,00000000
2018-10-30;10000,00000000;0,00000000;0,00000000
2018-10-31;10000,00000000;0,00000000;0,00000000
2018-11-01;10000,00000000;0,00000000;0,00000000
2018-11-02;10000,00000000;0,00000000;0,00000000
2018-11-05;10000,00000000;0,00000000;0,00000000
2018-11-06;10000,00000000;0,00000000;0,00000000
2018-11-07;10000,00000000;0,00000000;0,00000000
2018-11-08;10000,00000000;0,00000000;0,00000000
2018-11-09;10000,00000000;0,00000000;0,00000000
2018-11-12;10000,00000000;0,00000000;0,00000000
2018-11-13;10000,00000000;0,00000000;0,00000000
2018-11-14;10000,00000000;0,00000000;0,00000000
2018-11-15;10000,00000000;0,00000000;0,00000000
2018-11-16;10000,00000000;0,00000000;0,00000000
2018-11-19;10000,00000000;0,00000000;0,00000000
2018-11-20;10000,00000000;0,00000000;0,00000000
2018-11-21;10000,00000000;0,00000000;0,00000000
2018-11-23;10000,00000000;0,00000000;0,00000000
2018-11-26;10000,00000000;0,00000000;0,00000000
2018-11-27;10000,00000000;0,00000000;0,00000000
2018-11-28;10000,00000000;0,00000000;0,00000000
2018-11-29;10000,00000000;0,00000000;0,00000000
2018-11-30;10000,00000000;0,00000000;0,00000000
2018-12-03;10000,00000000;0,00000000;0,00000000
2018-12-04;10000,00000000;0,00000000;0,00000000
2018-12-06;10000,00000000;0,00000000;0,00000000
2018-12-07;10000,00000000;0,00000000;0,00000000
2018-12-10;10000,00000000;0,00000000;0,00000000
2018-12-11;10000,00000000;0,00000000;0,00000000
2018-12-12;10000,00000000;0,00000000;0,00000000
2018-12-13;10000,00000000;0,00000000;0,00000000
2018-12-14;10000,00000000;0,00000000;0,00000000
2018-12-17;10000,00000000;0,00000000;0,00000000
2018-12-18;10000,00000000;0,00000000;0,00000000
2018-12-19;10000,00000000;0,00000000;0,00000000
2018-12-20;10000,00000000;0,00000000;0,00000000
2018-12-21;10000,00000000;0,00000000;0,00000000
2018-12-24;10000,00000000;0,00000000;0,00000000
2018-12-27;10000,00000000;0,00000000;0,00000000
2018-12-28;10000,00000000;0,00000000;0,00000000
2018-12-31;10000,00000000;0,00000000;0,00000000
2019-01-02;10000,00000000;0,00000000;0,00000000
2019-01-03;9984,45542371;-0,00155446;-0,00155446
2019-01-04;10005,97413259;0,00215522;0,00000000
2019-01-07;10039,33800406;0,00333440;0,00000000
2019-01-08;10044,33379998;0,00049762;0,00000000
2019-01-09;10105,16877077;0,00605665;0,00000000
2019-01-10;10074,69467898;-0,00301569;-0,00301569
2019-01-11;10075,97201952;0,00012679;-0,00288929
2019-01-14;10068,51872887;-0,00073971;-0,00362686
2019-01-15;10098,70950280;0,00299853;-0,00063920
2019-01-16;10117,02728857;0,00181387;0,00000000
2019-01-17;10111,08488288;-0,00058737;-0,00058737
2019-01-18;10104,26283079;-0,00067471;-0,00126168
2019-01-22;10081,01768477;-0,00230053;-0,00355931
2019-01-23;10061,05936888;-0,00197979;-0,00553205
2019-01-24;10062,30529875;0,00012384;-0,00540890
2019-01-25;10168,29382962;0,01053323;0,00000000
2019-01-28;10154,12974783;-0,00139297;-0,00139297
2019-01-29;10190,03642832;0,00353617;0,00000000
2019-01-30;10270,20347412;0,00786720;0,00000000
2019-01-31;10283,63833219;0,00130814;0,00000000
2019-02-01;10291,43339135;0,00075801;0,00000000
2019-02-04;10281,46089002;-0,00096901;-0,00096901
2019-02-05;10333,39189065;0,00505094;0,00000000
2019-02-06;10296,24818278;-0,00359453;-0,00359453
2019-02-07;10275,12782654;-0,00205127;-0,00563843
2019-02-08;10298,22362528;0,00224774;-0,00340336
2019-02-11;10289,70385322;-0,00082731;-0,00422785
2019-02-12;10330,37854999;0,00395295;-0,00029161
2019-02-13;10318,43925881;-0,00115575;-0,00144702
2019-02-14;10358,48321251;0,00388081;0,00000000
2019-02-15;10412,92817095;0,00525607;0,00000000
2019-02-19;10480,19599876;0,00646003;0,00000000
2019-02-20;10480,71694936;0,00004971;0,00000000
2019-02-21;10402,31471104;-0,00748062;-0,00748062
2019-02-22;10453,45861405;0,00491659;-0,00260081
2019-02-25;10460,45021340;0,00066883;-0,00193372
2019-02-26;10443,15937614;-0,00165297;-0,00358349
2019-02-27;10391,61239174;-0,00493596;-0,00850176
2019-02-28;10359,70368722;-0,00307062;-0,01154628
2019-03-01;10273,16614581;-0,00835328;-0,01980311
2019-03-04;10260,20018075;-0,00126212;-0,02104024
2019-03-05;10266,32924433;0,00059736;-0,02045544
2019-03-06;10246,65379479;-0,00191650;-0,02233274
2019-03-07;10222,84266443;-0,00232380;-0,02460464
2019-03-08;10286,56969434;0,00623379;-0,01852423
2019-03-11;10289,46731239;0,00028169;-0,01824776
2019-03-12;10346,57139212;0,00554976;-0,01279927
2019-03-13;10390,48903062;0,00424466;-0,00860895
2019-03-14;10313,48417016;-0,00741109;-0,01595623
2019-03-15;10358,17508464;0,00433325;-0,01169213
2019-03-18;10380,84223526;0,00218833;-0,00952938
2019-03-19;10404,63380169;0,00229187;-0,00725935
2019-03-20;10432,81474721;0,00270850;-0,00457051
2019-03-21;10464,80999012;0,00306679;-0,00151774
2019-03-22;10415,31704009;-0,00472946;-0,00624002
2019-03-25;10456,76111830;0,00397915;-0,00228571
2019-03-26;10438,07149146;-0,00178732;-0,00406894
2019-03-27;10389,53884704;-0,00464958;-0,00869961
2019-03-28;10330,15221334;-0,00571600;-0,01436588
2019-03-29;10364,95548706;0,00336910;-0,01104519
2019-04-01;10355,00841349;-0,00095968;-0,01199427
2019-04-02;10395,28643936;0,00388971;-0,00815121
2019-04-03;10392,21896838;-0,00029508;-0,00844389
2019-04-04;10407,94030168;0,00151280;-0,00694386
2019-04-05;10421,21263113;0,00127521;-0,00567750
2019-04-08;10451,59243686;0,00291519;-0,00277887
2019-04-09;10467,33522090;0,00150626;-0,00127680
2019-04-10;10488,27274274;0,00200027;0,00000000
2019-04-11;10417,74119593;-0,00672480;-0,00672480
2019-04-12;10418,33772196;0,00005726;-0,00666793
2019-04-15;10409,62322700;-0,00083646;-0,00749881
2019-04-16;10377,20802221;-0,00311397;-0,01058942
2019-04-17;10370,59039232;-0,00063771;-0,01122037
2019-04-18;10381,21199956;0,00102420;-0,01020766
2019-04-23;10395,22866710;0,00135020;-0,00887125
2019-04-24;10413,78952318;0,00178552;-0,00710157
2019-04-25;10418,82807569;0,00048383;-0,00662117
2019-04-26;10449,80450775;0,00297312;-0,00366774
2019-04-29;10432,28250963;-0,00167678;-0,00533837
2019-04-30;10436,90759152;0,00044334;-0,00489739
2019-05-01;10397,23923397;-0,00380078;-0,00867955
2019-05-02;10359,63058345;-0,00361718;-0,01226533
2019-05-03;10398,65532928;0,00376700;-0,00854453
2019-05-07;10385,56967830;-0,00125840;-0,00979218
2019-05-08;10373,71379735;-0,00114157;-0,01092257
2019-05-09;10360,89568984;-0,00123563;-0,01214471
2019-05-10;10374,33030253;0,00129667;-0,01086379
2019-05-13;10394,78668406;0,00197183;-0,00891339
2019-05-14;10418,40353372;0,00227199;-0,00666165
2019-05-15;10429,36244144;0,00105188;-0,00561678
2019-05-16;10425,01663073;-0,00041669;-0,00603113
2019-05-17;10370,79296997;-0,00520130;-0,01120106
2019-05-20;10339,52839737;-0,00301468;-0,01418197
2019-05-21;10341,08782930;0,00015082;-0,01403328
2019-05-22;10348,32527906;0,00069987;-0,01334323
2019-05-23;10354,64855454;0,00061104;-0,01274034
2019-05-24;10364,59383138;0,00096046;-0,01179211
2019-05-28;10338,89714426;-0,00247928;-0,01424215
2019-05-29;10319,50595292;-0,00187556;-0,01609100
2019-05-30;10373,45506457;0,00522788;-0,01094724
2019-05-31;10437,23725419;0,00614860;-0,00486596
2019-06-03;10505,60006345;0,00654990;0,00000000
2019-06-04;10552,71657909;0,00448490;0,00000000
2019-06-05;10587,38180150;0,00328496;0,00000000
2019-06-06;10621,39391797;0,00321251;0,00000000
2019-06-07;10689,28982589;0,00639237;0,00000000
2019-06-10;10663,01977944;-0,00245760;-0,00245760
2019-06-11;10643,23877755;-0,00185510;-0,00430815
2019-06-12;10664,86233790;0,00203167;-0,00228523
2019-06-13;10708,96856338;0,00413566;0,00000000
2019-06-14;10705,48366118;-0,00032542;-0,00032542
2019-06-17;10710,91424171;0,00050727;0,00000000
2019-06-18;10775,91666479;0,00606880;0,00000000
2019-06-19;10813,09804630;0,00345041;0,00000000
2019-06-20;10990,32485743;0,01639001;0,00000000
2019-06-21;11038,12212247;0,00434903;0,00000000
2019-06-24;11134,39395041;0,00872176;0,00000000
2019-06-25;11125,95218393;-0,00075817;-0,00075817
2019-06-26;11066,41627271;-0,00535108;-0,00610520
2019-06-27;11070,05148625;0,00032849;-0,00577871
2019-06-28;11084,11642475;0,00127054;-0,00451552
2019-07-01;10995,94580423;-0,00795468;-0,01243428
2019-07-02;11137,60425693;0,01288279;0,00000000
2019-07-03;11174,51204373;0,00331380;0,00000000
2019-07-05;11098,33559964;-0,00681698;-0,00681698
2019-07-08;11050,93334409;-0,00427111;-0,01105898
2019-07-09;11076,72354872;0,00233376;-0,00875103
2019-07-10;11183,97075417;0,00968221;0,00000000
2019-07-11;11135,66685980;-0,00431903;-0,00431903
2019-07-12;11181,97858963;0,00415886;-0,00017813
2019-07-15;11195,27071554;0,00118871;0,00000000
2019-07-16;11146,17562816;-0,00438534;-0,00438534
2019-07-17;11229,84767153;0,00750679;0,00000000
2019-07-18;11311,62399009;0,00728205;0,00000000
2019-07-19;11230,67598926;-0,00715618;-0,00715618
2019-07-22;11229,80284372;-0,00007775;-0,00723337
2019-07-23;11216,62276402;-0,00117367;-0,00839855
2019-07-24;11252,24177181;0,00317556;-0,00524966
2019-07-25;11206,92424393;-0,00402742;-0,00925594
2019-07-26;11234,32990480;0,00244542;-0,00683316
2019-07-29;11296,31517530;0,00551749;-0,00135337
2019-07-30;11313,81821161;0,00154945;0,00000000
2019-07-31;11209,88580651;-0,00918632;-0,00918632
2019-08-01;11358,71570204;0,01327666;0,00000000
2019-08-02;11277,63517740;-0,00713818;-0,00713818
2019-08-05;11257,85931131;-0,00175355;-0,00887921
2019-08-06;11304,20273430;0,00411654;-0,00479922
2019-08-07;11386,97090374;0,00732189;0,00000000
2019-08-08;11482,38715424;0,00837942;0,00000000
2019-08-09;11445,31511610;-0,00322860;-0,00322860
2019-08-12;11474,48234886;0,00254840;-0,00068843
2019-08-13;11488,94608009;0,00126051;0,00000000
2019-08-14;11451,38480300;-0,00326934;-0,00326934
2019-08-15;11468,31206794;0,00147818;-0,00179599
2019-08-16;11477,13036302;0,00076893;-0,00102844
2019-08-19;11458,74287219;-0,00160210;-0,00262889
2019-08-20;11478,98015079;0,00176610;-0,00086744
2019-08-21;11481,95274641;0,00025896;-0,00060870
2019-08-22;11448,14744306;-0,00294421;-0,00355112
2019-08-23;11488,75160406;0,00354679;-0,00001693
2019-08-27;11546,00809806;0,00498370;0,00000000
2019-08-28;11548,61708204;0,00022596;0,00000000
2019-08-29;11555,95267966;0,00063519;0,00000000
2019-08-30;11535,23175734;-0,00179310;-0,00179310
2019-09-03;11610,65526608;0,00653853;0,00000000
2019-09-04;11664,64748513;0,00465023;0,00000000
2019-09-05;11572,26246867;-0,00792009;-0,00792009
2019-09-06;11537,11572158;-0,00303715;-0,01093319
2019-09-09;11499,71894624;-0,00324143;-0,01413918
2019-09-10;11443,55389042;-0,00488404;-0,01895416
2019-09-11;11506,10404086;0,00546597;-0,01359179
2019-09-12;11531,06789805;0,00216962;-0,01145166
2019-09-13;11472,68538434;-0,00506306;-0,01645674
2019-09-16;11503,62169325;0,00269652;-0,01380460
2019-09-17;11509,11263907;0,00047732;-0,01333387
2019-09-18;11477,76078556;-0,00272409;-0,01602163
2019-09-19;11517,05658815;0,00342365;-0,01265284
2019-09-20;11555,70571028;0,00335582;-0,00933948
2019-09-23;11584,18125356;0,00246420;-0,00689830
2019-09-24;11594,37783216;0,00088022;-0,00602416
2019-09-25;11514,80193481;-0,00686332;-0,01284613
2019-09-26;11519,87624950;0,00044068;-0,01241111
2019-09-27;11495,61307160;-0,00210620;-0,01449117
2019-09-30;11430,55530165;-0,00565936;-0,02006852
2019-10-01;11440,87196341;0,00090255;-0,01918408
2019-10-02;11448,01297063;0,00062417;-0,01857189
2019-10-03;11479,47942423;0,00274864;-0,01587430
2019-10-04;11526,86995785;0,00412828;-0,01181155
2019-10-07;11478,35849842;-0,00420855;-0,01597039
2019-10-08;11503,22424355;0,00216632;-0,01383867
2019-10-09;11527,13240949;0,00207839;-0,01178905
2019-10-10;11480,52465180;-0,00404331;-0,01578469
2019-10-11;11446,14136057;-0,00299492;-0,01873234
2019-10-14;11467,78287357;0,00189073;-0,01687703
2019-10-15;11443,15235385;-0,00214780;-0,01898858
2019-10-16;11452,29225468;0,00079872;-0,01820503
2019-10-17;11458,81412671;0,00056948;-0,01764591
2019-10-18;11435,81252029;-0,00200733;-0,01961782
2019-10-21;11411,94738841;-0,00208688;-0,02166376
2019-10-22;11424,96022142;0,00114028;-0,02054818
2019-10-23;11447,74101598;0,00199395;-0,01859520
2019-10-24;11518,45337481;0,00617697;-0,01253309
2019-10-25;11547,89601577;0,00255613;-0,01000900
2019-10-28;11510,89353985;-0,00320426;-0,01318119
2019-10-29;11478,53047152;-0,00281152;-0,01595565
2019-10-30;11526,56812927;0,00418500;-0,01183742
2019-10-31;11575,11730451;0,00421194;-0,00767534
2019-11-01;11601,53369864;0,00228217;-0,00541069
2019-11-04;11619,80159576;0,00157461;-0,00384460
2019-11-05;11542,52473872;-0,00665045;-0,01046948
2019-11-06;11565,40784841;0,00198250;-0,00850773
2019-11-07;11519,70602428;-0,00395160;-0,01242570
2019-11-08;11495,95963303;-0,00206137;-0,01446146
2019-11-11;11466,38581975;-0,00257254;-0,01699680
2019-11-12;11501,28967518;0,00304402;-0,01400452
2019-11-13;11510,64025707;0,00081300;-0,01320290
2019-11-14;11523,02952719;0,00107633;-0,01214078
2019-11-15;11534,75493612;0,00101756;-0,01113557
2019-11-18;11544,05788196;0,00080651;-0,01033804
2019-11-19;11552,55784279;0,00073631;-0,00960935
2019-11-20;11545,62244588;-0,00060033;-0,01020391
2019-11-21;11504,75776680;-0,00353941;-0,01370721
2019-11-22;11514,00173194;0,00080349;-0,01291473
2019-11-25;11511,40054865;-0,00022591;-0,01313773
2019-11-26;11552,30845120;0,00355369;-0,00963073
2019-11-27;11533,20429886;-0,00165371;-0,01126851
2019-11-29;11541,36806910;0,00070785;-0,01056864
2019-12-02;11502,02295697;-0,00340905;-0,01394166
2019-12-03;11509,18762249;0,00062290;-0,01332744
2019-12-04;11511,58950092;0,00020869;-0,01312153
2019-12-05;11515,94848533;0,00037866;-0,01274783
2019-12-06;11505,99530862;-0,00086430;-0,01360111
2019-12-09;11491,75168600;-0,00123793;-0,01482221
2019-12-10;11496,77486655;0,00043711;-0,01439157
2019-12-11;11547,14611937;0,00438134;-0,01007329
2019-12-12;11563,17125345;0,00138780;-0,00869947
2019-12-13;11569,41561275;0,00054002;-0,00816414
2019-12-16;11608,22250725;0,00335427;-0,00483726
2019-12-17;11625,17276748;0,00146019;-0,00338413
2019-12-18;11635,61918458;0,00089860;-0,00248857
2019-12-19;11668,46074783;0,00282250;0,00000000
2019-12-20;11680,51952958;0,00103345;0,00000000
2019-12-23;11737,54134562;0,00488179;0,00000000
2019-12-24;11780,58628634;0,00366729;0,00000000
2019-12-27;11818,33891703;0,00320465;0,00000000
2019-12-30;11809,57384905;-0,00074165;-0,00074165
2019-12-31;11804,58026702;-0,00042284;-0,00116418
2020-01-02;11896,83272601;0,00781497;0,00000000
2020-01-03;11957,19955982;0,00507419;0,00000000
2020-01-06;11998,95914689;0,00349242;0,00000000
2020-01-07;12034,48715215;0,00296092;0,00000000
2020-01-08;12016,81336152;-0,00146860;-0,00146860
2020-01-09;12018,42199370;0,00013387;-0,00133493
2020-01-10;12054,88179115;0,00303366;0,00000000
2020-01-13;12042,59531026;-0,00101921;-0,00101921
2020-01-14;12032,26726898;-0,00085763;-0,00187596
2020-01-15;12071,30438780;0,00324437;0,00000000
2020-01-16;12079,32966243;0,00066482;0,00000000
2020-01-17;12120,20262931;0,00338371;0,00000000
2020-01-21;12119,33034815;-0,00007197;-0,00007197
2020-01-22;12110,51921575;-0,00072703;-0,00079895
2020-01-23;12119,45237497;0,00073764;-0,00006190
2020-01-24;12156,67552578;0,00307136;0,00000000
2020-01-27;12114,43747008;-0,00347447;-0,00347447
2020-01-28;12124,45838577;0,00082719;-0,00265016
2020-01-29;12157,65334365;0,00273785;0,00000000
2020-01-30;12136,70641358;-0,00172294;-0,00172294
2020-01-31;12103,93545651;-0,00270015;-0,00441844
2020-02-03;12122,46765560;0,00153109;-0,00289412
2020-02-04;12082,89453210;-0,00326444;-0,00614912
2020-02-05;12114,34163292;0,00260261;-0,00356251
2020-02-06;12178,27484763;0,00527748;0,00000000
2020-02-07;12179,59632449;0,00010851;0,00000000
2020-02-10;12204,33928695;0,00203151;0,00000000
2020-02-11;12190,28739330;-0,00115139;-0,00115139
2020-02-12;12197,20213801;0,00056723;-0,00058480
2020-02-13;12226,27552304;0,00238361;0,00000000
2020-02-14;12260,22403445;0,00277668;0,00000000
2020-02-18;12329,40653716;0,00564284;0,00000000
2020-02-19;12405,09543412;0,00613889;0,00000000
2020-02-20;12419,61607725;0,00117054;0,00000000
2020-02-21;12479,23864059;0,00480068;0,00000000
2020-02-24;12448,30165077;-0,00247908;-0,00247908
2020-02-25;12256,16263354;-0,01543496;-0,01787577
2020-02-26;12297,66655349;0,00338637;-0,01454993
2020-02-27;12191,47061035;-0,00863545;-0,02305974
2020-02-28;11914,83063695;-0,02269127;-0,04522776
2020-03-02;12042,04162429;0,01067669;-0,03503395
2020-03-03;12174,72125138;0,01101803;-0,02440192
2020-03-04;12257,58147623;0,00680592;-0,01776207
2020-03-05;12324,69822768;0,00547553;-0,01238380
2020-03-06;12209,59749893;-0,00933903;-0,02160718
2020-03-09;12018,63086174;-0,01564070;-0,03690993
2020-03-10;11950,07202853;-0,00570438;-0,04240376
2020-03-11;11884,64534830;-0,00547500;-0,04764660
2020-03-12;11409,12738310;-0,04001112;-0,08575133
2020-03-13;11374,79178119;-0,00300949;-0,08850274
2020-03-16;11182,89693308;-0,01687019;-0,10387987
2020-03-17;11349,18926611;0,01487024;-0,09055435
2020-03-18;11152,13211108;-0,01736310;-0,10634515
2020-03-19;11099,01362087;-0,00476308;-0,11060170
2020-03-20;11115,36464111;0,00147320;-0,10929144
2020-03-23;11274,00455121;0,01427213;-0,09657914
2020-03-24;11714,15258477;0,03904097;-0,06130871
2020-03-25;11708,32652119;-0,00049735;-0,06177557
2020-03-26;11856,21738567;0,01263126;-0,04992462
2020-03-27;11679,57325740;-0,01489886;-0,06407966
2020-03-30;11774,59128182;0,00813540;-0,05646557
2020-03-31;11626,07263380;-0,01261349;-0,06836683
2020-04-01;11525,23659442;-0,00867327;-0,07644714
2020-04-02;11608,67289946;0,00723944;-0,06976113
2020-04-03;11633,34639663;0,00212544;-0,06778396
2020-04-06;11901,61473493;0,02306029;-0,04628679
2020-04-07;11962,92939102;0,00515179;-0,04137346
2020-04-08;11919,90093508;-0,00359682;-0,04482146
2020-04-09;12068,46705537;0,01246370;-0,03291640
2020-04-14;12223,22457687;0,01282330;-0,02051520
2020-04-15;12148,21780271;-0,00613641;-0,02652572
2020-04-16;12169,52194505;0,00175368;-0,02481856
2020-04-17;12136,48200379;-0,00271497;-0,02746615
2020-04-20;12178,56804704;0,00346773;-0,02409366
2020-04-21;12036,18756777;-0,01169107;-0,03550305
2020-04-22;12186,22000215;0,01246511;-0,02348049
2020-04-23;12246,92271752;0,00498126;-0,01861619
2020-04-24;12230,34849203;-0,00135334;-0,01994434
2020-04-27;12267,97257098;0,00307629;-0,01692940
2020-04-28;12246,66411895;-0,00173692;-0,01863692
2020-04-29;12360,10998646;0,00926341;-0,00954615
2020-04-30;12216,85794983;-0,01158987;-0,02102538
2020-05-01;12165,71660390;-0,00418613;-0,02512349
2020-05-04;12171,35931415;0,00046382;-0,02467132
2020-05-05;12321,17130207;0,01230857;-0,01266642
2020-05-06;12289,55426658;-0,00256607;-0,01520000
2020-05-07;12436,52517190;0,01195901;-0,00342276
2020-05-11;12455,51774120;0,00152716;-0,00190083
2020-05-12;12484,05921901;0,00229147;0,00000000
2020-05-13;12390,35658237;-0,00750578;-0,00750578
2020-05-14;12379,25153057;-0,00089627;-0,00839532
2020-05-15;12480,03757270;0,00814153;-0,00032214
2020-05-18;12660,39660413;0,01445180;0,00000000
2020-05-19;12676,12846086;0,00124260;0,00000000
2020-05-20;12750,06877454;0,00583304;0,00000000
2020-05-21;12618,96992314;-0,01028221;-0,01028221
2020-05-22;12653,44903798;0,00273232;-0,00757798
2020-05-26;12680,01026820;0,00209913;-0,00549476
2020-05-27;12726,05679121;0,00363143;-0,00188328
2020-05-28;12814,57934107;0,00695601;0,00000000
2020-05-29;12765,32074143;-0,00384395;-0,00384395
2020-06-01;12817,12696541;0,00405836;0,00000000
2020-06-02;12811,93452401;-0,00040512;-0,00040512
2020-06-03;12815,05116370;0,00024326;-0,00016196
2020-06-04;12834,04535670;0,00148218;0,00000000
2020-06-05;12872,21991258;0,00297448;0,00000000
2020-06-08;12933,40817216;0,00475351;0,00000000
2020-06-09;12964,23291656;0,00238334;0,00000000
2020-06-10;13048,42963177;0,00649454;0,00000000
2020-06-11;12772,75105421;-0,02112734;-0,02112734
2020-06-12;12801,28040899;0,00223361;-0,01894092
2020-06-15;12786,83874906;-0,00112814;-0,02004769
2020-06-16;12954,84543734;0,01313903;-0,00717207
2020-06-17;12983,34879220;0,00220021;-0,00498764
2020-06-18;12994,17728667;0,00083403;-0,00415777
2020-06-19;13064,47098440;0,00540963;0,00000000
2020-06-22;13089,92876844;0,00194863;0,00000000
2020-06-23;13174,53336653;0,00646334;0,00000000
2020-06-24;13027,00395925;-0,01119807;-0,01119807
2020-06-25;13044,27394570;0,00132571;-0,00988721
2020-06-26;13030,46292127;-0,00105878;-0,01093553
2020-06-29;13087,48185174;0,00437582;-0,00660756
2020-06-30;13142,64842899;0,00421522;-0,00242019
2020-07-01;13128,32411662;-0,00108991;-0,00350747
2020-07-02;13196,34503893;0,00518123;0,00000000
2020-07-06;13285,48923288;0,00675522;0,00000000
2020-07-07;13263,33647167;-0,00166744;-0,00166744
2020-07-08;13272,10767858;0,00066131;-0,00100723
2020-07-09;13237,31189830;-0,00262172;-0,00362631
2020-07-10;13250,60327050;0,00100408;-0,00262587
2020-07-13;13324,46723615;0,00557439;0,00000000
2020-07-14;13309,36518312;-0,00113341;-0,00113341
2020-07-15;13378,00659913;0,00515738;0,00000000
2020-07-16;13295,30613849;-0,00618182;-0,00618182
2020-07-17;13372,82808308;0,00583078;-0,00038709
2020-07-20;13405,78741601;0,00246465;0,00000000
2020-07-21;13465,09958409;0,00442437;0,00000000
2020-07-22;13530,01709502;0,00482117;0,00000000
2020-07-23;13554,80027043;0,00183172;0,00000000
2020-07-24;13506,72293630;-0,00354689;-0,00354689
2020-07-27;13598,08994957;0,00676456;0,00000000
2020-07-28;13625,34914074;0,00200463;0,00000000
2020-07-29;13671,50674415;0,00338763;0,00000000
2020-07-30;13584,78359457;-0,00634335;-0,00634335
2020-07-31;13639,23841967;0,00400852;-0,00236026
2020-08-03;13740,12620921;0,00739688;0,00000000
2020-08-04;13892,23129805;0,01107014;0,00000000
2020-08-05;13974,00947747;0,00588661;0,00000000
2020-08-06;14070,42527470;0,00689965;0,00000000
2020-08-07;13967,97685682;-0,00728112;-0,00728112
2020-08-10;13934,09681877;-0,00242555;-0,00968901
2020-08-11;13593,24850279;-0,02446146;-0,03391346
2020-08-12;13626,13302498;0,00241918;-0,03157632
2020-08-13;13758,53121737;0,00971649;-0,02216664
2020-08-14;13716,18426741;-0,00307787;-0,02517628
2020-08-17;13874,77299308;0,01156216;-0,01390521
2020-08-18;13913,10317920;0,00276258;-0,01118105
2020-08-19;13731,36515475;-0,01306236;-0,02409736
2020-08-20;13767,92026800;0,00266216;-0,02149935
2020-08-21;13748,69737622;-0,00139621;-0,02286554
2020-08-24;13778,45384691;0,00216431;-0,02075072
2020-08-25;13785,90732491;0,00054095;-0,02022099
2020-08-26;13901,53673879;0,00838751;-0,01200309
2020-08-27;13836,56452011;-0,00467374;-0,01662073
2020-08-28;13928,23998083;0,00662559;-0,01010526
2020-09-01;13977,12098654;0,00350949;-0,00663123
2020-09-02;13976,21642773;-0,00006472;-0,00669552
2020-09-03;13787,33654681;-0,01351438;-0,02011942
2020-09-04;13720,24631630;-0,00486608;-0,02488759
2020-09-08;13685,76009484;-0,00251353;-0,02733856
2020-09-09;13837,47490345;0,01108560;-0,01655603
2020-09-10;13836,05512092;-0,00010260;-0,01665693
2020-09-11;13820,12255025;-0,00115153;-0,01778928
2020-09-14;13902,33111424;0,00594847;-0,01194663
2020-09-15;13928,52233216;0,00188394;-0,01008519
2020-09-16;13897,20696690;-0,00224829;-0,01231081
2020-09-17;13810,16175553;-0,00626350;-0,01849720
2020-09-18;13787,36116682;-0,00165100;-0,02011767
2020-09-21;13591,61180525;-0,01419774;-0,03402978
2020-09-22;13634,13595033;0,00312871;-0,03100754
2020-09-23;13484,42095160;-0,01098089;-0,04164795
2020-09-24;13467,72344153;-0,00123828;-0,04283466
2020-09-25;13499,12835180;0,00233186;-0,04060268
2020-09-28;13619,53800186;0,00891981;-0,03204504
2020-09-29;13669,84349884;0,00369363;-0,02846977
2020-09-30;13641,47064943;-0,00207558;-0,03048626
2020-10-01;13719,26041820;0,00570245;-0,02495766
2020-10-02;13654,04473032;-0,00475359;-0,02959261
2020-10-05;13742,76196314;0,00649751;-0,02328738
2020-10-06;13681,26190214;-0,00447509;-0,02765825
2020-10-07;13717,56645194;0,00265360;-0,02507805
2020-10-08;13773,24192430;0,00405870;-0,02112113
2020-10-09;13876,16841504;0,00747293;-0,01380604
2020-10-12;13929,27598276;0,00382725;-0,01003163
2020-10-13;13867,72596969;-0,00441875;-0,01440605
2020-10-14;13849,41460776;-0,00132043;-0,01570746
2020-10-15;13827,38779275;-0,00159045;-0,01727293
2020-10-16;13854,45843963;0,00195776;-0,01534899
2020-10-19;13797,81990253;-0,00408811;-0,01937435
2020-10-20;13805,85166168;0,00058210;-0,01880353
2020-10-21;13771,57963136;-0,00248243;-0,02123928
2020-10-22;13726,05175258;-0,00330593;-0,02447499
2020-10-23;13758,02650578;0,00232949;-0,02220251
2020-10-26;13673,17844578;-0,00616717;-0,02823275
2020-10-27;13667,50469624;-0,00041495;-0,02863599
2020-10-28;13460,50670824;-0,01514527;-0,04334756
2020-10-29;13475,24818486;0,00109517;-0,04229987
2020-10-30;13423,22533344;-0,00386062;-0,04599718
2020-11-02;13537,74055055;0,00853113;-0,03785847
2020-11-03;13647,79011476;0,00812909;-0,03003713
2020-11-04;13848,14059658;0,01468007;-0,01579801
2020-11-05;14025,40266976;0,01280042;-0,00319980
2020-11-06;14001,90094678;-0,00167565;-0,00487010
2020-11-09;13998,63423503;-0,00023330;-0,00510227
2020-11-10;13866,43248791;-0,00944390;-0,01449798
2020-11-11;13939,13709854;0,00524321;-0,00933079
2020-11-12;13960,78988940;0,00155338;-0,00779190
2020-11-13;13986,45838876;0,00183861;-0,00596762
2020-11-16;14085,67987067;0,00709411;0,00000000
2020-11-17;14030,23166873;-0,00393649;-0,00393649
2020-11-18;13991,51848739;-0,00275927;-0,00668490
2020-11-19;13959,81754617;-0,00226573;-0,00893548
2020-11-20;13962,78967182;0,00021291;-0,00872448
2020-11-23;13860,01791878;-0,00736040;-0,01602066
2020-11-24;13891,48520394;0,00227036;-0,01378667
2020-11-25;13874,14272185;-0,00124843;-0,01501789
2020-11-27;13905,65782340;0,00227150;-0,01278050
2020-11-30;13802,50387948;-0,00741813;-0,02010382
2020-12-01;13970,03390709;0,01213765;-0,00821018
2020-12-02;14034,81927195;0,00463745;-0,00361080
2020-12-03;14074,50471047;0,00282764;-0,00079337
2020-12-04;14090,74400504;0,00115381;0,00000000
2020-12-07;14221,63030944;0,00928881;0,00000000
2020-12-08;14250,23296951;0,00201121;0,00000000
2020-12-09;14101,77933374;-0,01041763;-0,01041763
2020-12-10;14093,11559963;-0,00061437;-0,01102560
2020-12-11;14100,34423429;0,00051292;-0,01051834
2020-12-14;14067,67216993;-0,00231711;-0,01281107
2020-12-15;14175,14419670;0,00763965;-0,00526930
2020-12-16;14235,85886945;0,00428318;-0,00100869
2020-12-17;14323,30116143;0,00614240;0,00000000
2020-12-18;14310,82831260;-0,00087081;-0,00087081
2020-12-21;14293,63706830;-0,00120128;-0,00207104
2020-12-22;14277,53924872;-0,00112622;-0,00319493
2020-12-23;14284,56486174;0,00049207;-0,00270443
2020-12-24;14304,21712229;0,00137577;-0,00133238
2020-12-29;14357,98586351;0,00375894;0,00000000
2020-12-30;14396,79198425;0,00270276;0,00000000
2020-12-31;14415,74315743;0,00131635;0,00000000
2021-01-04;14555,85149980;0,00971912;0,00000000
2021-01-05;14573,62331030;0,00122094;0,00000000
2021-01-06;14514,08428467;-0,00408540;-0,00408540
2021-01-07;14555,76784472;0,00287194;-0,00122519
2021-01-08;14424,37893402;-0,00902659;-0,01024072
2021-01-11;14404,72527244;-0,00136253;-0,01158930
2021-01-12;14400,02273685;-0,00032646;-0,01191197
2021-01-13;14398,47841037;-0,00010724;-0,01201794
2021-01-14;14383,20221844;-0,00106096;-0,01306615
2021-01-15;14306,63188352;-0,00532359;-0,01832018
2021-01-19;14365,06131834;0,00408408;-0,01431092
2021-01-20;14480,57642268;0,00804139;-0,00638461
2021-01-21;14493,76872756;0,00091103;-0,00547939
2021-01-22;14454,42321073;-0,00271465;-0,00817917
2021-01-25;14459,06481276;0,00032112;-0,00786067
2021-01-26;14453,77202210;-0,00036605;-0,00822385
2021-01-27;14369,97266406;-0,00579775;-0,01397392
2021-01-28;14380,32722344;0,00072057;-0,01326342
2021-01-29;14310,72290068;-0,00484025;-0,01803947
2021-02-01;14405,53852203;0,00662549;-0,01153349
2021-02-02;14406,63524813;0,00007613;-0,01145824
2021-02-03;14393,17899546;-0,00093403;-0,01238157
2021-02-04;14331,70888296;-0,00427078;-0,01659947
2021-02-05;14380,47933501;0,00340298;-0,01325298
2021-02-08;14448,63408669;0,00473939;-0,00857640
2021-02-09;14452,60409964;0,00027477;-0,00830399
2021-02-10;14461,74641940;0,00063257;-0,00767667
2021-02-11;14449,16812719;-0,00086976;-0,00853976
2021-02-12;14444,99925383;-0,00028852;-0,00882581
2021-02-16;14378,11346976;-0,00463038;-0,01341532
2021-02-17;14314,18288110;-0,00444638;-0,01780205
2021-02-18;14283,34494627;-0,00215436;-0,01991806
2021-02-19;14307,55436011;0,00169494;-0,01825688
2021-02-22;14317,42150592;0,00068965;-0,01757983
2021-02-23;14285,99579040;-0,00219493;-0,01973617
2021-02-24;14316,01689820;0,00210144;-0,01767621
2021-02-25;14187,11733482;-0,00900387;-0,02652093
2021-02-26;14076,20890507;-0,00781755;-0,03413114
2021-03-01;14142,64873535;0,00472001;-0,02957223
2021-03-02;14143,59394940;0,00006683;-0,02950737
2021-03-03;14056,80047257;-0,00613659;-0,03546289
2021-03-04;13964,11481226;-0,00659365;-0,04182272
2021-03-05;13968,01628350;0,00027939;-0,04155501
2021-03-08;13955,58523046;-0,00088997;-0,04240799
2021-03-09;14084,43226512;0,00923265;-0,03356688
2021-03-10;14104,58411355;0,00143079;-0,03218412
2021-03-11;14143,12539524;0,00273254;-0,02953953
2021-03-12;14134,55719708;-0,00060582;-0,03012745
2021-03-15;14172,23251408;0,00266548;-0,02754228
2021-03-16;14199,53426650;0,00192643;-0,02566891
2021-03-17;14221,51461801;0,00154796;-0,02416068
2021-03-18;14164,58527763;-0,00400304;-0,02806701
2021-03-19;14171,62720887;0,00049715;-0,02758381
2021-03-22;14195,62241643;0,00169319;-0,02593733
2021-03-23;14158,42029934;-0,00262068;-0,02849003
2021-03-24;14160,60548045;0,00015434;-0,02834009
2021-03-25;14125,34737446;-0,00248987;-0,03075940
2021-03-26;14185,29604222;0,00424405;-0,02664590
2021-03-29;14130,47302039;-0,00386478;-0,03040769
2021-03-30;14056,77136112;-0,00521580;-0,03546489
2021-03-31;14136,68278371;0,00568491;-0,02998160
2021-04-01;14222,62565958;0,00607942;-0,02408445
2021-04-06;14309,19797643;0,00608694;-0,01814410
2021-04-07;14309,96264928;0,00005344;-0,01809163
2021-04-08;14390,48960115;0,00562733;-0,01256611
2021-04-09;14377,09411760;-0,00093086;-0,01348527
2021-04-12;14345,10089992;-0,00222529;-0,01568055
2021-04-13;14392,59787690;0,00331102;-0,01242144
2021-04-14;14363,13625084;-0,00204700;-0,01444301
2021-04-15;14465,65630395;0,00713772;-0,00740838
2021-04-16;14490,89582040;0,00174479;-0,00567652
2021-04-19;14441,45823646;-0,00341163;-0,00906879
2021-04-20;14424,13357675;-0,00119965;-0,01025755
2021-04-21;14497,89222604;0,00511356;-0,00519645
2021-04-22;14481,84561197;-0,00110682;-0,00629752
2021-04-23;14479,41113014;-0,00016811;-0,00646457
2021-04-26;14503,58655407;0,00166964;-0,00480572
2021-04-27;14478,82206607;-0,00170747;-0,00650499
2021-04-28;14483,77032898;0,00034176;-0,00616545
2021-04-29;14459,47601559;-0,00167735;-0,00783246
2021-04-30;14438,98414439;-0,00141719;-0,00923855
2021-05-04;14404,29742556;-0,00240230;-0,01161865
2021-05-05;14441,39207010;0,00257525;-0,00907333
2021-05-06;14526,99289331;0,00592746;-0,00319964
2021-05-07;14591,80300347;0,00446136;0,00000000
2021-05-10;14557,08228399;-0,00237947;-0,00237947
2021-05-11;14510,75335723;-0,00318257;-0,00555446
2021-05-12;14418,23831040;-0,00637562;-0,01189467
2021-05-13;14461,35185304;0,00299021;-0,00894003
2021-05-14;14545,65995961;0,00582989;-0,00316226
2021-05-17;14584,60337004;0,00267732;-0,00049340
2021-05-18;14580,53365586;-0,00027904;-0,00077231
2021-05-19;14558,87609311;-0,00148538;-0,00225653
2021-05-20;14637,66756468;0,00541192;0,00000000
2021-05-21;14641,06478514;0,00023209;0,00000000
2021-05-24;14684,82245224;0,00298869;0,00000000
2021-05-25;14726,05762765;0,00280801;0,00000000
2021-05-26;14720,55493313;-0,00037367;-0,00037367
2021-05-27;14712,81679827;-0,00052567;-0,00089914
2021-05-28;14737,79692877;0,00169785;0,00000000
2021-06-01;14725,32336094;-0,00084637;-0,00084637
2021-06-02;14757,95067310;0,00221573;0,00000000
2021-06-03;14653,48727673;-0,00707845;-0,00707845
2021-06-04;14733,04923369;0,00542956;-0,00168732
2021-06-07;14752,14473652;0,00129610;-0,00039341
2021-06-08;14739,98410360;-0,00082433;-0,00121742
2021-06-09;14742,60917415;0,00017809;-0,00103954
2021-06-10;14768,03225942;0,00172446;0,00000000
2021-06-11;14731,46508163;-0,00247610;-0,00247610
2021-06-14;14720,73837433;-0,00072815;-0,00320245
2021-06-15;14700,63421545;-0,00136570;-0,00456378
2021-06-16;14618,79797052;-0,00556685;-0,01010523
2021-06-17;14504,60065261;-0,00781168;-0,01783796
2021-06-18;14457,47393676;-0,00324909;-0,02102909
2021-06-21;14527,20019083;0,00482285;-0,01630766
2021-06-22;14531,98686716;0,00032950;-0,01598354
2021-06-23;14521,32273387;-0,00073384;-0,01670565
2021-06-24;14545,20322485;0,00164451;-0,01508861
2021-06-25;14563,90095815;0,00128549;-0,01382251
2021-06-28;14577,41255282;0,00092775;-0,01290759
2021-06-29;14555,20001827;-0,00152376;-0,01441169
2021-06-30;14573,73332693;0,00127331;-0,01315672
2021-07-01;14599,65104334;0,00177839;-0,01140174
2021-07-02;14678,26402955;0,00538458;-0,00607855
2021-07-06;14715,73888209;0,00255308;-0,00354098
2021-07-07;14763,82503792;0,00326767;-0,00028489
2021-07-08;14723,32499527;-0,00274319;-0,00302730
2021-07-09;14776,58204802;0,00361719;0,00000000
2021-07-12;14773,93543171;-0,00017911;-0,00017911
2021-07-13;14800,12595342;0,00177275;0,00000000
2021-07-14;14875,67977551;0,00510494;0,00000000
2021-07-15;14853,02296404;-0,00152308;-0,00152308
2021-07-16;14768,91433779;-0,00566273;-0,00717718
2021-07-19;14719,91266156;-0,00331789;-0,01047126
2021-07-20;14775,30070026;0,00376280;-0,00674786
2021-07-21;14776,12563300;0,00005583;-0,00669241
2021-07-22;14801,45596283;0,00171427;-0,00498961
2021-07-23;14815,73341830;0,00096460;-0,00402982
2021-07-26;14796,75499726;-0,00128096;-0,00530562
2021-07-27;14766,29792733;-0,00205836;-0,00735307
2021-07-28;14804,60086474;0,00259394;-0,00477820
2021-07-29;14893,65374884;0,00601522;0,00000000
2021-07-30;14835,44007995;-0,00390862;-0,00390862
2021-08-02;14833,08497296;-0,00015875;-0,00406675
2021-08-03;14823,08245072;-0,00067434;-0,00473835
2021-08-04;14835,55931101;0,00084172;-0,00390062
2021-08-05;14832,56901648;-0,00020156;-0,00410139
2021-08-06;14738,75541152;-0,00632484;-0,01040029
2021-08-09;14659,89318936;-0,00535067;-0,01569531
2021-08-10;14660,62876541;0,00005018;-0,01564592
2021-08-11;14719,61552663;0,00402348;-0,01168539
2021-08-12;14742,68086710;0,00156698;-0,01013673
2021-08-13;14819,45286805;0,00520747;-0,00498205
2021-08-16;14827,68310957;0,00055537;-0,00442945
2021-08-17;14828,98028403;0,00008748;-0,00434235
2021-08-18;14812,37072847;-0,00112007;-0,00545756
2021-08-19;14791,05203222;-0,00143925;-0,00688896
2021-08-20;14839,74421334;0,00329200;-0,00361963
2021-08-23;14927,93517685;0,00594289;0,00000000
2021-08-24;14931,32954312;0,00022738;0,00000000
2021-08-25;14905,30599309;-0,00174288;-0,00174288
2021-08-26;14893,28726016;-0,00080634;-0,00254782
2021-08-27;14976,99833125;0,00562072;0,00000000
2021-08-31;14982,13198813;0,00034277;0,00000000
2021-09-01;14994,29271186;0,00081168;0,00000000
2021-09-02;14970,82577743;-0,00156506;-0,00156506
2021-09-03;15057,29334831;0,00577574;0,00000000
2021-09-07;14908,32763664;-0,00989326;-0,00989326
2021-09-08;14872,51082508;-0,00240247;-0,01227196
2021-09-09;14886,33539322;0,00092954;-0,01135383
2021-09-10;14824,08282952;-0,00418186;-0,01548821
2021-09-13;14841,01859674;0,00114245;-0,01436345
2021-09-14;14888,77115513;0,00321761;-0,01119206
2021-09-15;14855,89637929;-0,00220802;-0,01337538
2021-09-16;14690,45142144;-0,01113665;-0,02436307
2021-09-17;14637,77329897;-0,00358587;-0,02786158
2021-09-20;14627,59312215;-0,00069547;-0,02853768
2021-09-21;14692,17234643;0,00441489;-0,02424878
2021-09-22;14699,32429531;0,00048679;-0,02377380
2021-09-23;14653,70368577;-0,00310359;-0,02680360
2021-09-24;14650,74653376;-0,00020180;-0,02699999
2021-09-27;14641,16932234;-0,00065370;-0,02763604
2021-09-28;14482,21417571;-0,01085672;-0,03819273
2021-09-29;14469,40352573;-0,00088458;-0,03904353
2021-09-30;14562,97543323;0,00646688;-0,03282913
2021-10-01;14590,99086667;0,00192374;-0,03096855
2021-10-04;14553,32014865;-0,00258178;-0,03347037
2021-10-05;14581,56380211;0,00194070;-0,03159463
2021-10-06;14585,24824829;0,00025268;-0,03134993
2021-10-07;14614,53044452;0,00200766;-0,02940521
2021-10-08;14603,53125932;-0,00075262;-0,03013570
2021-10-11;14594,66262160;-0,00060729;-0,03072469
2021-10-12;14592,06954799;-0,00017767;-0,03089691
2021-10-13;14667,13683499;0,00514439;-0,02591146
2021-10-14;14739,15684525;0,00491030;-0,02112840
2021-10-15;14688,15041928;-0,00346061;-0,02451589
2021-10-18;14697,14666280;0,00061248;-0,02391842
2021-10-19;14727,55137222;0,00206875;-0,02189915
2021-10-20;14768,52821445;0,00278233;-0,01917776
2021-10-21;14767,36880461;-0,00007851;-0,01925476
2021-10-22;14797,42428245;0,00203526;-0,01725868
2021-10-25;14840,67709363;0,00292300;-0,01438613
2021-10-26;14820,38947127;-0,00136703;-0,01573350
2021-10-27;14829,54581501;0,00061782;-0,01512540
2021-10-28;14842,41005991;0,00086747;-0,01427104
2021-10-29;14826,36549828;-0,00108099;-0,01533661
2021-11-01;14860,11513637;0,00227633;-0,01309520
2021-11-02;14878,44313117;0,00123337;-0,01187798
2021-11-03;14842,84681041;-0,00239248;-0,01424204
2021-11-04;14949,48985989;0,00718481;-0,00715955
2021-11-05;15029,92951009;0,00538076;-0,00181731
2021-11-08;15046,29157489;0,00108863;-0,00073066
2021-11-09;15053,59731849;0,00048555;-0,00024546
2021-11-10;15086,78004170;0,00220431;0,00000000
2021-11-11;15125,02453317;0,00253497;0,00000000
2021-11-12;15155,04154954;0,00198459;0,00000000
2021-11-15;15147,62114515;-0,00048963;-0,00048963
2021-11-16;15136,01709156;-0,00076606;-0,00125532
2021-11-17;15157,40637605;0,00141314;0,00000000
2021-11-18;15155,25215216;-0,00014212;-0,00014212
2021-11-19;15136,56730006;-0,00123290;-0,00137484
2021-11-22;15027,94726947;-0,00717600;-0,00854098
2021-11-23;14968,75355813;-0,00393891;-0,01244625
2021-11-24;14986,63527408;0,00119460;-0,01126651
2021-11-26;14891,82474726;-0,00632634;-0,01752157
2021-11-29;14948,79599342;0,00382567;-0,01376293
2021-11-30;14886,63650569;-0,00415816;-0,01786387
2021-12-01;14908,12249733;0,00144331;-0,01644634
2021-12-02;14859,12890672;-0,00328637;-0,01967866
2021-12-03;14873,85707751;0,00099119;-0,01870698
2021-12-06;14890,54468599;0,00112194;-0,01760603
2021-12-07;15010,42763959;0,00805094;-0,00969683
2021-12-08;15015,72142622;0,00035267;-0,00934757
2021-12-09;14979,90300660;-0,00238539;-0,01171067
2021-12-10;15014,11338605;0,00228375;-0,00945366
2021-12-13;14998,66046706;-0,00102923;-0,01047316
2021-12-14;14908,10954048;-0,00603727;-0,01644720
2021-12-15;14966,13623621;0,00389229;-0,01261892
2021-12-16;14996,35233330;0,00201896;-0,01062544
2021-12-17;14966,70024099;-0,00197729;-0,01258171
2021-12-20;14893,97628770;-0,00485905;-0,01737963
2021-12-21;14953,74345381;0,00401284;-0,01343653
2021-12-22;15031,51819324;0,00520102;-0,00830539
2021-12-23;15059,97963504;0,00189345;-0,00642767
2021-12-29;15084,88162266;0,00165352;-0,00478477
2021-12-30;15108,80437938;0,00158588;-0,00320649
2021-12-31;15121,52640731;0,00084203;-0,00236716
2022-01-04;15085,93551748;-0,00235366;-0,00471524
2022-01-05;15021,59307620;-0,00426506;-0,00896019
2022-01-06;14926,86645272;-0,00630603;-0,01520972
2022-01-07;14922,67301173;-0,00028093;-0,01548638
2022-01-10;14904,67345066;-0,00120619;-0,01667389
2022-01-11;15000,71400247;0,00644365;-0,01033768
2022-01-12;15026,46530720;0,00171667;-0,00863875
2022-01-13;14972,24328322;-0,00360844;-0,01221601
2022-01-14;14941,73335776;-0,00203777;-0,01422889
2022-01-18;14896,78219022;-0,00300843;-0,01719451
2022-01-19;14931,62912729;0,00233923;-0,01489551
2022-01-20;14915,97283060;-0,00104853;-0,01592842
2022-01-21;14838,76110814;-0,00517645;-0,02102241
2022-01-24;14795,65506929;-0,00290496;-0,02386631
2022-01-25;14790,41961221;-0,00035385;-0,02421171
2022-01-26;14762,83936511;-0,00186474;-0,02603130
2022-01-27;14705,30477297;-0,00389726;-0,02982711
2022-01-28;14723,60777280;0,00124465;-0,02861958
2022-01-31;14825,01851672;0,00688763;-0,02192907
2022-02-01;14848,40705070;0,00157764;-0,02038603
2022-02-02;14894,44542951;0,00310056;-0,01734868
2022-02-03;14816,12138901;-0,00525861;-0,02251605
2022-02-04;14823,35029205;0,00048791;-0,02203913
2022-02-07;14886,57310095;0,00426508;-0,01786805
2022-02-08;14926,52283420;0,00268361;-0,01523239
2022-02-09;15031,07541868;0,00700448;-0,00833460
2022-02-10;14935,22709803;-0,00637668;-0,01465813
2022-02-11;15017,50407368;0,00550892;-0,00922996
2022-02-14;15029,47267772;0,00079698;-0,00844034
2022-02-15;15018,23276478;-0,00074786;-0,00918189
2022-02-16;15090,76131686;0,00482937;-0,00439686
2022-02-17;15135,65538858;0,00297494;-0,00143501
2022-02-18;15085,96329779;-0,00328311;-0,00471341
2022-02-22;15073,97259132;-0,00079483;-0,00550449
2022-02-23;15056,28236739;-0,00117356;-0,00667159
2022-02-24;15033,33045871;-0,00152441;-0,00818583
2022-02-25;15102,44810401;0,00459763;-0,00362584
2022-02-28;15187,36015706;0,00562240;0,00000000
2022-03-01;15286,82903043;0,00654945;0,00000000
2022-03-02;15282,17974727;-0,00030414;-0,00030414
2022-03-03;15280,07402222;-0,00013779;-0,00044188
2022-03-04;15326,00559294;0,00300598;0,00000000
2022-03-07;15349,79302224;0,00155210;0,00000000
2022-03-08;15480,92744447;0,00854307;0,00000000
2022-03-09;15406,75167263;-0,00479143;-0,00479143
2022-03-10;15379,68917662;-0,00175653;-0,00653955
2022-03-11;15321,96015309;-0,00375359;-0,01026859
2022-03-14;15182,49792257;-0,00910211;-0,01927724
2022-03-15;15137,06377539;-0,00299253;-0,02221208
2022-03-16;15268,83393454;0,00870513;-0,01370031
2022-03-17;15334,57292075;0,00430544;-0,00945386
2022-03-18;15330,31475240;-0,00027768;-0,00972892
2022-03-21;15380,95987366;0,00330359;-0,00645747
2022-03-22;15375,25456234;-0,00037093;-0,00682600
2022-03-23;15427,87137116;0,00342217;-0,00342719
2022-03-24;15523,68274646;0,00621028;0,00000000
2022-03-25;15508,50734478;-0,00097756;-0,00097756
2022-03-28;15434,45620339;-0,00477487;-0,00574777
2022-03-29;15513,22010022;0,00510312;-0,00067398
2022-03-30;15531,26780464;0,00116338;0,00000000
2022-03-31;15504,73706173;-0,00170821;-0,00170821
2022-04-01;15432,75291993;-0,00464272;-0,00634300
2022-04-04;15522,56510458;0,00581958;-0,00056033
2022-04-05;15427,87650057;-0,00610006;-0,00665698
2022-04-06;15362,16778464;-0,00425909;-0,01088772
2022-04-07;15386,02971917;0,00155329;-0,00935133
2022-04-08;15446,79294225;0,00394925;-0,00543902
2022-04-11;15402,59350694;-0,00286140;-0,00828485
2022-04-12;15458,77557189;0,00364757;-0,00466750
2022-04-13;15514,36458720;0,00359595;-0,00108833
2022-04-14;15440,76318691;-0,00474408;-0,00582725
2022-04-19;15394,98878152;-0,00296452;-0,00877449
2022-04-20;15445,32117429;0,00326940;-0,00553378
2022-04-21;15387,06714521;-0,00377163;-0,00928454
2022-04-22;15231,67188355;-0,01009908;-0,01928986
2022-04-25;15092,41335383;-0,00914269;-0,02825619
2022-04-26;15043,92158229;-0,00321299;-0,03137839
2022-04-27;15024,47069676;-0,00129294;-0,03263076
2022-04-28;15151,45886744;0,00845209;-0,02445447
2022-04-29;15069,15777259;-0,00543189;-0,02975353
2022-05-03;14973,43360764;-0,00635232;-0,03591685
2022-05-04;15084,00605335;0,00738458;-0,02879750
2022-05-05;14993,95959345;-0,00596966;-0,03459526
2022-05-06;14982,56833736;-0,00075972;-0,03532870
2022-05-09;14744,48617079;-0,01589061;-0,05065791
2022-05-10;14696,65680644;-0,00324388;-0,05373747
2022-05-11;14728,00731929;0,00213317;-0,05171893
2022-05-12;14575,71792186;-0,01034012;-0,06152427
2022-05-13;14618,40587363;0,00292870;-0,05877575
2022-05-16;14657,85749626;0,00269876;-0,05623561
2022-05-17;14661,27762675;0,00023333;-0,05601540
2022-05-18;14558,71827019;-0,00699525;-0,06261881
2022-05-19;14609,81069837;0,00350940;-0,05932916
2022-05-20;14607,89632177;-0,00013103;-0,05945242
2022-05-23;14710,82215476;0,00704590;-0,05282541
2022-05-24;14714,36107131;0,00024057;-0,05259756
2022-05-25;14709,72957964;-0,00031476;-0,05289576
2022-05-26;14771,30611439;0,00418611;-0,04893108
2022-05-27;14861,56225042;0,00611023;-0,04311983
2022-05-31;14775,73050811;-0,00577542;-0,04864621
2022-06-01;14819,68386737;0,00297470;-0,04581622
2022-06-06;14814,83954309;-0,00032688;-0,04612812
2022-06-07;14874,33506408;0,00401594;-0,04229743
2022-06-08;14862,14119676;-0,00081979;-0,04308255
2022-06-09;14744,59855710;-0,00790886;-0,05065068
2022-06-10;14694,01669278;-0,00343054;-0,05390745
2022-06-13;14356,64588557;-0,02295974;-0,07562949
2022-06-14;14317,09536797;-0,00275486;-0,07817600
2022-06-15;14466,10535051;0,01040784;-0,06858181
2022-06-16;14371,03438825;-0,00657198;-0,07470307
2022-06-17;14341,77816347;-0,00203578;-0,07658677
2022-06-21;14406,66650193;0,00452443;-0,07240885
2022-06-22;14429,65411361;0,00159562;-0,07092877
2022-06-23;14411,08524608;-0,00128685;-0,07212435
2022-06-24;14534,91655830;0,00859278;-0,06415131
2022-06-27;14529,47383357;-0,00037446;-0,06450175
2022-06-28;14448,29757403;-0,00558701;-0,06972839
2022-06-29;14433,40309374;-0,00103088;-0,07068739
2022-06-30;14328,13209391;-0,00729357;-0,07746539
2022-07-01;14349,45919071;0,00148848;-0,07609222
2022-07-05;14260,78380075;-0,00617970;-0,08180169
2022-07-06;14227,21474055;-0,00235394;-0,08396308
2022-07-07;14301,08306478;0,00519204;-0,07920697
2022-07-08;14313,41166637;0,00086207;-0,07841318
2022-07-11;14241,39600603;-0,00503134;-0,08305000
2022-07-12;14193,42461687;-0,00336845;-0,08613870
2022-07-13;14182,66941617;-0,00075776;-0,08683119
2022-07-14;14114,23074232;-0,00482551;-0,09123769
2022-07-15;14189,03603505;0,00529999;-0,08642126
2022-07-18;14170,93203360;-0,00127591;-0,08758691
2022-07-19;14264,11026937;0,00657531;-0,08158751
2022-07-20;14284,69529560;0,00144313;-0,08026212
2022-07-21;14397,39990259;0,00788989;-0,07300550
2022-07-22;14371,09909004;-0,00182678;-0,07469891
2022-07-25;14337,11216123;-0,00236495;-0,07688720
2022-07-26;14271,51160794;-0,00457558;-0,08111097
2022-07-27;14442,91115460;0,01200991;-0,07007520
2022-07-28;14564,05459781;0,00838774;-0,06227523
2022-07-29;14638,79689023;0,00513197;-0,05746285
2022-08-01;14660,06000944;0,00145252;-0,05609380
2022-08-02;14615,55114886;-0,00303606;-0,05895956
2022-08-03;14688,92461492;0,00502023;-0,05423531
2022-08-04;14789,48739689;0,00684616;-0,04776045
2022-08-05;14725,99413321;-0,00429313;-0,05184855
2022-08-08;14779,44893123;0,00362996;-0,04840679
2022-08-09;14764,78239412;-0,00099236;-0,04935112
2022-08-10;14806,73055970;0,00284110;-0,04665023
2022-08-11;14801,30602258;-0,00036636;-0,04699950
2022-08-12;14899,55912111;0,00663814;-0,04067335
2022-08-15;14853,66506334;-0,00308023;-0,04362830
2022-08-16;14844,52178426;-0,00061556;-0,04421700
2022-08-17;14790,55678397;-0,00363535;-0,04769160
2022-08-18;14801,83716339;0,00076267;-0,04696530
2022-08-19;14737,09190108;-0,00437414;-0,05113400
2022-08-22;14634,73340690;-0,00694564;-0,05772448
2022-08-23;14649,09685861;0,00098146;-0,05679967
2022-08-24;14682,58120102;0,00228576;-0,05464374
2022-08-25;14731,43183882;0,00332712;-0,05149843
2022-08-26;14587,29064234;-0,00978460;-0,06077914
2022-08-30;14479,76908460;-0,00737091;-0,06770205
2022-08-31;14422,35648111;-0,00396502;-0,07139864
2022-09-01;14347,85061116;-0,00516600;-0,07619579
2022-09-02;14421,51245056;0,00513400;-0,07145298
2022-09-06;14347,69194901;-0,00511878;-0,07620600
2022-09-07;14433,95910703;0,00601262;-0,07065159
2022-09-08;14430,70237940;-0,00022563;-0,07086127
2022-09-09;14506,06374777;0,00522229;-0,06600904
2022-09-12;14567,22318440;0,00421613;-0,06207121
2022-09-13;14391,94849865;-0,01203213;-0,07335649
2022-09-14;14350,56279430;-0,00287562;-0,07602116
2022-09-15;14223,20081717;-0,00887505;-0,08422152
2022-09-16;14221,52461237;-0,00011785;-0,08432944
2022-09-20;14201,40460102;-0,00141476;-0,08562490
2022-09-21;14221,70994791;0,00142981;-0,08431751
2022-09-22;14166,22381940;-0,00390151;-0,08789006
2022-09-23;14072,69595356;-0,00660217;-0,09391196
2022-09-26;14042,27260560;-0,00216187;-0,09587081
2022-09-27;14027,89235607;-0,00102407;-0,09679670
2022-09-28;14161,56384246;0,00952898;-0,08819009
2022-09-29;14059,98642023;-0,00717275;-0,09473028
2022-09-30;14036,45661648;-0,00167353;-0,09624528
2022-10-03;14172,82598944;0,00971537;-0,08746497
2022-10-04;14391,89904595;0,01545726;-0,07335968
2022-10-05;14385,90893866;-0,00041621;-0,07374536
2022-10-06;14430,69383483;0,00311311;-0,07086182
2022-10-07;14242,03600781;-0,01307337;-0,08300879
2022-10-10;14118,42933298;-0,00867900;-0,09096736
2022-10-11;14039,21205160;-0,00561091;-0,09606787
2022-10-12;14056,02874773;0,00119784;-0,09498510
2022-10-13;13981,41147141;-0,00530856;-0,09978943
2022-10-14;13960,80193471;-0,00147407;-0,10111640
2022-10-17;13993,06028891;0,00231064;-0,09903940
2022-10-18;14086,41084965;0,00667120;-0,09302891
2022-10-19;14050,23839858;-0,00256790;-0,09535792
2022-10-20;14048,53666846;-0,00012112;-0,09546749
2022-10-21;14147,14052558;0,00701880;-0,08911876
2022-10-24;14216,41975840;0,00489705;-0,08465813
2022-10-25;14262,01128145;0,00320696;-0,08172266
2022-10-26;14269,26788017;0,00050881;-0,08125544
2022-10-27;14201,85352277;-0,00472444;-0,08559599
2022-10-28;14226,99063497;0,00176999;-0,08397751
2022-10-31;14233,51398076;0,00045852;-0,08355749
2022-11-01;14275,48055315;0,00294843;-0,08085542
2022-11-02;14163,43333048;-0,00784893;-0,08806972
2022-11-03;14130,95720387;-0,00229296;-0,09016074
2022-11-04;14266,97322356;0,00962539;-0,08140318
2022-11-07;14255,81238650;-0,00078228;-0,08212178
2022-11-08;14416,07152745;0,01124167;-0,07180330
2022-11-09;14369,46970113;-0,00323263;-0,07480382
2022-11-10;14683,17489305;0,02183137;-0,05460552
2022-11-11;14756,33780603;0,00498277;-0,04989483
2022-11-14;14813,72453583;0,00388895;-0,04619992
2022-11-15;14821,12946351;0,00049987;-0,04572314
2022-11-16;14720,29615959;-0,00680335;-0,05221542
2022-11-17;14664,14632296;-0,00381445;-0,05583070
2022-11-18;14630,64609709;-0,00228450;-0,05798765
2022-11-21;14606,60123801;-0,00164346;-0,05953581
2022-11-22;14661,02840129;0,00372620;-0,05603145
2022-11-23;14683,00128566;0,00149873;-0,05461670
2022-11-25;14680,10746130;-0,00019709;-0,05480302
2022-11-28;14591,23457537;-0,00605397;-0,06052521
2022-11-29;14573,85435525;-0,00119114;-0,06164426
2022-11-30;14741,63614186;0,01151252;-0,05084142
2022-12-01;14840,31394438;0,00669382;-0,04448792
2022-12-02;14790,71268065;-0,00334233;-0,04768156
2022-12-05;14667,12258628;-0,00835593;-0,05563906
2022-12-06;14548,46913921;-0,00808976;-0,06327871
2022-12-07;14556,74432350;0,00056880;-0,06274591
2022-12-08;14621,65367834;0,00445906;-0,05856664
2022-12-09;14606,95081858;-0,00100555;-0,05951330
2022-12-12;14606,22409617;-0,00004975;-0,05956009
2022-12-13;14783,95004659;0,01216782;-0,04811698
2022-12-14;14737,71649491;-0,00312728;-0,05109379
2022-12-15;14490,16074902;-0,01679743;-0,06703297
2022-12-16;14460,79771965;-0,00202641;-0,06892355
2022-12-19;14400,86690289;-0,00414436;-0,07278227
2022-12-20;14481,50569941;0,00559958;-0,06759024
2022-12-21;14608,91848584;0,00879831;-0,05938661
2022-12-22;14443,31042545;-0,01133609;-0,07004949
2022-12-23;14473,40204960;0,00208343;-0,06811200
2022-12-28;14423,14226514;-0,00347256;-0,07134804
2022-12-29;14544,13129230;0,00838853;-0,06355801
2022-12-30;14544,21080061;0,00000547;-0,06355289
2023-01-03;14584,09666242;0,00274239;-0,06098479
2023-01-04;14682,05972756;0,00671712;-0,05467732
2023-01-05;14554,71453414;-0,00867352;-0,06287660
2023-01-06;14760,81384021;0,01416031;-0,04960664
2023-01-09;14806,57714439;0,00310032;-0,04666011
2023-01-10;14825,85642797;0,00130208;-0,04541879
2023-01-11;14874,20480083;0,00326108;-0,04230582
2023-01-12;14998,53638438;0,00835887;-0,03430058
2023-01-13;15110,50168520;0,00746508;-0,02709155
2023-01-17;15059,77160317;-0,00335727;-0,03035787
2023-01-18;14992,30234898;-0,00448010;-0,03470196
2023-01-19;15085,77182999;0,00623450;-0,02868381
2023-01-20;15107,83567834;0,00146256;-0,02726320
2023-01-23;15194,17533648;0,00571489;-0,02170412
2023-01-24;15231,12098292;0,00243157;-0,01932533
2023-01-25;15255,67123706;0,00161185;-0,01774463
2023-01-26;15210,27739144;-0,00297554;-0,02066737
2023-01-27;15220,88716020;0,00069754;-0,01998424
2023-01-30;15161,39909998;-0,00390832;-0,02381446
2023-01-31;15226,19346159;0,00427364;-0,01964259
2023-02-01;15388,20617733;0,01064040;-0,00921120
2023-02-02;15318,89197808;-0,00450437;-0,01367408
2023-02-03;15146,37732868;-0,01126156;-0,02478165
2023-02-06;15128,48289014;-0,00118143;-0,02593381
2023-02-07;15166,65055207;0,00252290;-0,02347634
2023-02-08;15163,53276763;-0,00020557;-0,02367708
2023-02-09;15090,74974998;-0,00479987;-0,02836330
2023-02-10;15086,08783515;-0,00030893;-0,02866347
2023-02-13;15087,63388562;0,00010248;-0,02856392
2023-02-14;15083,67698984;-0,00026226;-0,02881869
2023-02-15;15051,48400333;-0,00213429;-0,03089148
2023-02-16;15029,79261169;-0,00144115;-0,03228810
2023-02-17;15004,49427220;-0,00168321;-0,03391697
2023-02-21;14902,22479861;-0,00681592;-0,04050172
2023-02-22;14864,69129051;-0,00251865;-0,04291836
2023-02-23;14881,17840296;0,00110915;-0,04185681
2023-02-24;14799,93598491;-0,00545941;-0,04708771
2023-02-27;14838,11543755;0,00257970;-0,04462948
2023-02-28;14851,59560429;0,00090848;-0,04376154
2023-03-01;14894,84645418;0,00291220;-0,04097678
2023-03-02;14919,25427839;0,00163868;-0,03940525
2023-03-03;15041,13356539;0,00816926;-0,03155790
2023-03-06;15033,65780978;-0,00049702;-0,03203924
2023-03-07;14908,28766295;-0,00833930;-0,04011135
2023-03-08;14918,34567716;0,00067466;-0,03946375
2023-03-09;14939,93779811;0,00144735;-0,03807352
2023-03-10;14987,68886403;0,00319620;-0,03499901
2023-03-13;15081,86832787;0,00628379;-0,02893514
2023-03-14;15102,56335717;0,00137218;-0,02760267
2023-03-15;15118,51771907;0,00105640;-0,02657543
2023-03-16;15202,71910674;0,00556942;-0,02115402
2023-03-17;15358,96959938;0,01027780;-0,01109363
2023-03-20;15360,04296616;0,00006989;-0,01102452
2023-03-21;15295,83291340;-0,00418033;-0,01515877
2023-03-22;15386,68452628;0,00593963;-0,00930917
2023-03-23;15477,74050848;0,00591784;-0,00344642
2023-03-24;15390,60767734;-0,00562956;-0,00905658
2023-03-27;15338,69466162;-0,00337303;-0,01239906
2023-03-28;15373,08686028;0,00224219;-0,01018468
2023-03-29;15394,73916724;0,00140846;-0,00879057
2023-03-30;15482,88210509;0,00572552;-0,00311537
2023-03-31;15486,09735124;0,00020766;-0,00290836
2023-04-03;15539,44491076;0,00344487;0,00000000
2023-04-04;15572,77118634;0,00214462;0,00000000
2023-04-05;15543,01224604;-0,00191096;-0,00191096
2023-04-06;15535,77119796;-0,00046587;-0,00237594
2023-04-11;15543,27225279;0,00048282;-0,00189426
2023-04-12;15552,08024342;0,00056668;-0,00132866
2023-04-13;15639,19530033;0,00560151;0,00000000
2023-04-14;15592,17715764;-0,00300643;-0,00300643
2023-04-17;15598,25095648;0,00038954;-0,00261806
2023-04-18;15617,75945602;0,00125069;-0,00137065
2023-04-19;15579,22943744;-0,00246706;-0,00383433
2023-04-20;15580,58003699;0,00008669;-0,00374797
2023-04-21;15542,17255784;-0,00246509;-0,00620382
2023-04-24;15538,40379484;-0,00024249;-0,00644480
2023-04-25;15520,97668820;-0,00112155;-0,00755912
2023-04-26;15479,26185686;-0,00268764;-0,01022645
2023-04-27;15519,14371730;0,00257647;-0,00767633
2023-04-28;15552,57652890;0,00215429;-0,00553857
2023-05-02;15576,35673339;0,00152902;-0,00401802
2023-05-03;15599,91171349;0,00151223;-0,00251187
2023-05-04;15571,30603311;-0,00183371;-0,00434097
2023-05-05;15579,11026513;0,00050119;-0,00384195
2023-05-09;15605,89261118;0,00171912;-0,00212944
2023-05-10;15622,06386348;0,00103623;-0,00109542
2023-05-11;15609,90325314;-0,00077843;-0,00187299
2023-05-12;15607,52134950;-0,00015259;-0,00202529
2023-05-15;15627,95039384;0,00130892;-0,00071902
2023-05-16;15577,46744867;-0,00323030;-0,00394700
2023-05-17;15584,81178482;0,00047147;-0,00347739
2023-05-18;15620,45900992;0,00228731;-0,00119803
2023-05-19;15658,28115967;0,00242132;0,00000000
2023-05-22;15677,57628688;0,00123226;0,00000000
2023-05-23;15639,21719492;-0,00244675;-0,00244675
2023-05-24;15544,10696654;-0,00608152;-0,00851339
2023-05-25;15583,55798400;0,00253800;-0,00599699
2023-05-26;15693,60590606;0,00706180;0,00000000
2023-05-30;15701,46491039;0,00050078;0,00000000
2023-05-31;15651,92187822;-0,00315531;-0,00315531
2023-06-01;15708,43168906;0,00361041;0,00000000
2023-06-02;15645,38279149;-0,00401370;-0,00401370
2023-06-05;15702,50215371;0,00365088;-0,00037747
2023-06-06;15712,72330464;0,00065092;0,00000000
2023-06-07;15575,68764802;-0,00872132;-0,00872132
2023-06-08;15691,83243306;0,00745680;-0,00132955
2023-06-09;15675,58534185;-0,00103539;-0,00236356
2023-06-12;15726,12725209;0,00322424;0,00000000
2023-06-13;15683,01934953;-0,00274116;-0,00274116
2023-06-14;15703,18889717;0,00128608;-0,00145861
2023-06-15;15778,92613694;0,00482305;0,00000000
2023-06-16;15753,80213675;-0,00159225;-0,00159225
2023-06-20;15634,96519496;-0,00754338;-0,00912362
2023-06-21;15600,56973739;-0,00219991;-0,01130346
2023-06-22;15521,04748894;-0,00509739;-0,01634323
2023-06-23;15510,25278174;-0,00069549;-0,01702735
2023-06-26;15513,89974424;0,00023513;-0,01679622
2023-06-27;15509,54365375;-0,00028079;-0,01707230
2023-06-28;15528,33685080;0,00121172;-0,01588126
2023-06-29;15537,02586758;0,00055956;-0,01533059
2023-06-30;15629,64336996;0,00596108;-0,00946090
2023-07-03;15644,39119087;0,00094358;-0,00852624
2023-07-05;15591,45757221;-0,00338355;-0,01188095
2023-07-06;15521,36707592;-0,00449544;-0,01632298
2023-07-07;15572,47221987;0,00329257;-0,01308416
2023-07-10;15581,00872687;0,00054818;-0,01254315
2023-07-11;15617,83564226;0,00236358;-0,01020922
2023-07-12;15777,63678855;0,01023196;-0,00008171
2023-07-13;15798,76898369;0,00133938;0,00000000
2023-07-14;15774,46499615;-0,00153835;-0,00153835
2023-07-17;15803,69016427;0,00185269;0,00000000
2023-07-18;15936,20749742;0,00838521;0,00000000
2023-07-19;15990,23565372;0,00339028;0,00000000
2023-07-20;15910,58697283;-0,00498108;-0,00498108
2023-07-21;15881,49920015;-0,00182820;-0,00680018
2023-07-24;15854,03165329;-0,00172953;-0,00851795
2023-07-25;15917,90207010;0,00402865;-0,00452361
2023-07-26;15928,61412077;0,00067296;-0,00385370
2023-07-27;15819,21374683;-0,00686817;-0,01069540
2023-07-28;15908,25475256;0,00562866;-0,00512694
2023-07-31;15930,88665340;0,00142265;-0,00371158
2023-08-01;15856,12543173;-0,00469285;-0,00838701
2023-08-02;15774,94390823;-0,00511988;-0,01346395
2023-08-03;15756,23817892;-0,00118579;-0,01463377
2023-08-04;15757,78067300;0,00009790;-0,01453731
2023-08-07;15739,17086664;-0,00118099;-0,01570113
2023-08-08;15694,95967412;-0,00280899;-0,01846602
2023-08-09;15661,75242631;-0,00211579;-0,02054274
2023-08-10;15679,82854036;0,00115416;-0,01941229
2023-08-11;15646,96148797;-0,00209614;-0,02146774
2023-08-14;15667,24253842;0,00129617;-0,02019940
2023-08-15;15616,99910708;-0,00320691;-0,02334153
2023-08-16;15568,92699635;-0,00307819;-0,02634787
2023-08-17;15529,37755048;-0,00254028;-0,02882122
2023-08-18;15515,61824374;-0,00088602;-0,02968170
2023-08-21;15558,75833109;0,00278043;-0,02698380
2023-08-22;15581,75457951;0,00147803;-0,02554566
2023-08-23;15672,61883319;0,00583145;-0,01986317
2023-08-24;15641,13971429;-0,00200854;-0,02183182
2023-08-25;15652,72443274;0,00074066;-0,02110733
2023-08-29;15791,89621811;0,00889122;-0,01240378
2023-08-30;15813,26656412;0,00135325;-0,01106732
2023-08-31;15830,64452964;0,00109895;-0,00998054
2023-09-01;15850,55153373;0,00125750;-0,00873559
2023-09-05;15823,26051214;-0,00172177;-0,01044232
2023-09-06;15778,18694954;-0,00284856;-0,01326114
2023-09-07;15761,05927812;-0,00108553;-0,01433227
2023-09-08;15775,56684662;0,00092047;-0,01342499
2023-09-11;15786,89278967;0,00071794;-0,01271669
2023-09-12;15749,22774075;-0,00238584;-0,01507219
2023-09-13;15742,09647984;-0,00045280;-0,01551817
2023-09-14;15787,72288107;0,00289837;-0,01266478
2023-09-15;15783,20514838;-0,00028615;-0,01294731
2023-09-18;15806,46389333;0,00147364;-0,01149275
2023-09-19;15788,87658288;-0,00111267;-0,01259263
2023-09-20;15783,94418750;-0,00031240;-0,01290109
2023-09-21;15700,78287998;-0,00526873;-0,01810185
2023-09-22;15723,64861727;0,00145634;-0,01667186
2023-09-25;15697,05130668;-0,00169155;-0,01833521
2023-09-26;15626,30947184;-0,00450670;-0,02275928
2023-09-27;15576,33394837;-0,00319817;-0,02588465
2023-09-28;15567,20478580;-0,00058609;-0,02645557
2023-09-29;15537,78438957;-0,00188990;-0,02829547
2023-10-02;15506,66370257;-0,00200290;-0,03024170
2023-10-03;15430,05330690;-0,00494048;-0,03503278
2023-10-04;15436,98082307;0,00044896;-0,03459954
2023-10-05;15428,46986867;-0,00055134;-0,03513180
2023-10-06;15505,46837453;0,00499068;-0,03031646
2023-10-09;15672,47659270;0,01077092;-0,01987207
2023-10-10;15697,84864719;0,00161889;-0,01828535
2023-10-11;15756,56938636;0,00374069;-0,01461306
2023-10-12;15758,37198508;0,00011440;-0,01450033
2023-10-13;15979,77950522;0,01405015;-0,00065391
2023-10-16;15968,72968127;-0,00069149;-0,00134494
2023-10-17;15976,44282417;0,00048302;-0,00086258
2023-10-18;16064,05309528;0,00548372;0,00000000
2023-10-19;16141,70449493;0,00483386;0,00000000
2023-10-20;16095,53870124;-0,00286003;-0,00286003
2023-10-23;16057,25637541;-0,00237844;-0,00523167
2023-10-24;16080,60504057;0,00145409;-0,00378519
2023-10-25;16095,57685447;0,00093105;-0,00285767
2023-10-26;16055,66353424;-0,00247977;-0,00533035
2023-10-27;16150,03267892;0,00587762;0,00000000
2023-10-30;16122,25642882;-0,00171989;-0,00171989
2023-10-31;16102,69662407;-0,00121322;-0,00293102
2023-11-01;16124,98022610;0,00138384;-0,00155123
2023-11-02;16218,30314878;0,00578748;0,00000000
2023-11-03;16252,65218883;0,00211792;0,00000000
2023-11-06;16215,17055848;-0,00230619;-0,00230619
2023-11-07;16231,89020648;0,00103111;-0,00127745
2023-11-08;16185,45170877;-0,00286094;-0,00413474
2023-11-09;16219,23481777;0,00208725;-0,00205612
2023-11-10;16205,05701086;-0,00087414;-0,00292846
2023-11-13;16238,79131147;0,00208171;-0,00085284
2023-11-14;16328,18546313;0,00550498;0,00000000
2023-11-15;16335,90326461;0,00047267;0,00000000
2023-11-16;16393,93994462;0,00355271;0,00000000
2023-11-17;16406,63889119;0,00077461;0,00000000
2023-11-20;16423,22290441;0,00101081;0,00000000
2023-11-21;16458,61476486;0,00215499;0,00000000
2023-11-22;16469,83695693;0,00068184;0,00000000
2023-11-24;16471,83015409;0,00012102;0,00000000
2023-11-27;16507,54709901;0,00216837;0,00000000
2023-11-28;16572,72505462;0,00394837;0,00000000
2023-11-29;16584,19137074;0,00069188;0,00000000
2023-11-30;16569,12628132;-0,00090840;-0,00090840
2023-12-01;16683,09707521;0,00687850;0,00000000
2023-12-04;16547,11703831;-0,00815077;-0,00815077
2023-12-05;16549,31802554;0,00013301;-0,00801884
2023-12-06;16561,40143758;0,00073015;-0,00729455
2023-12-07;16597,84049183;0,00220024;-0,00511036
2023-12-08;16560,14841163;-0,00227090;-0,00736965
2023-12-11;16529,90465059;-0,00182630;-0,00918249
2023-12-12;16547,76945040;0,00108076;-0,00811166
2023-12-13;16691,31470487;0,00867460;0,00000000
2023-12-14;16716,46978317;0,00150708;0,00000000
2023-12-15;16692,14210766;-0,00145531;-0,00145531
2023-12-18;16735,58479195;0,00260258;0,00000000
2023-12-19;16771,60207320;0,00215214;0,00000000
2023-12-20;16743,44852249;-0,00167864;-0,00167864
2023-12-21;16785,62054327;0,00251872;0,00000000
2023-12-22;16806,44501321;0,00124061;0,00000000
2023-12-27;16883,86517599;0,00460658;0,00000000
2023-12-28;16872,85025923;-0,00065239;-0,00065239
2023-12-29;16860,36806363;-0,00073978;-0,00139169
2024-01-02;16800,88865241;-0,00352776;-0,00491455
2024-01-03;16680,69851144;-0,00715380;-0,01203318
2024-01-04;16670,99751774;-0,00058157;-0,01260776
2024-01-05;16634,19163931;-0,00220778;-0,01478770
2024-01-08;16648,43270732;0,00085613;-0,01394423
2024-01-09;16699,79346114;0,00308502;-0,01090223
2024-01-10;16718,14542896;0,00109893;-0,00981527
2024-01-11;16712,30702417;-0,00034923;-0,01016107
2024-01-12;16798,30952209;0,00514606;-0,00506730
2024-01-16;16780,98000908;-0,00103162;-0,00609370
2024-01-17;16652,91802310;-0,00763138;-0,01367857
2024-01-18;16750,62977230;0,00586755;-0,00789129
2024-01-19;16847,72811173;0,00579670;-0,00214033
2024-01-22;16892,95658513;0,00268454;0,00000000
2024-01-23;16920,57458374;0,00163488;0,00000000
2024-01-24;16931,45113124;0,00064280;0,00000000
2024-01-25;16971,54521037;0,00236802;0,00000000
2024-01-26;16962,36854112;-0,00054071;-0,00054071
2024-01-29;17023,74168438;0,00361819;0,00000000
2024-01-30;17064,43960154;0,00239066;0,00000000
2024-01-31;16962,23363178;-0,00598941;-0,00598941
2024-02-01;17008,63280601;0,00273544;-0,00327036
2024-02-02;17018,39790552;0,00057413;-0,00269811
2024-02-05;17000,83303258;-0,00103211;-0,00372743
2024-02-06;17033,22644051;0,00190540;-0,00182913
2024-02-07;17061,13938203;0,00163873;-0,00019340
2024-02-08;17067,07189058;0,00034772;0,00000000
2024-02-09;17072,30790105;0,00030679;0,00000000
2024-02-12;17077,56181745;0,00030774;0,00000000
2024-02-13;16891,62645613;-0,01088770;-0,01088770
2024-02-14;16929,72902533;0,00225571;-0,00865655
2024-02-15;17003,72657525;0,00437086;-0,00432352
2024-02-16;17036,05815646;0,00190144;-0,00243030
2024-02-20;17014,16141479;-0,00128532;-0,00371250
2024-02-21;17004,30724501;-0,00057917;-0,00428952
2024-02-22;17123,79302174;0,00702679;0,00000000
2024-02-23;17169,34907029;0,00266039;0,00000000
2024-02-26;17149,62189660;-0,00114898;-0,00114898
2024-02-27;17136,49759308;-0,00076528;-0,00191338
2024-02-28;17148,98614122;0,00072877;-0,00118600
2024-02-29;17207,91731915;0,00343642;0,00000000
2024-03-01;17414,92393208;0,01202973;0,00000000
2024-03-04;17531,29961062;0,00668253;0,00000000
2024-03-05;17501,50287541;-0,00169963;-0,00169963
2024-03-06;17594,94819029;0,00533927;0,00000000
2024-03-07;17680,69780281;0,00487354;0,00000000
2024-03-08;17705,37163782;0,00139552;0,00000000
2024-03-11;17697,09085247;-0,00046770;-0,00046770
2024-03-12;17690,08620519;-0,00039581;-0,00086332
2024-03-13;17731,59875098;0,00234666;0,00000000
2024-03-14;17695,87674878;-0,00201460;-0,00201460
2024-03-15;17628,02234322;-0,00383448;-0,00584135
2024-03-18;17680,46326981;0,00297486;-0,00288386
2024-03-19;17686,61510088;0,00034795;-0,00253692
2024-03-20;17805,81272952;0,00673943;0,00000000
2024-03-21;17881,23986955;0,00423610;0,00000000
2024-03-22;17820,90879534;-0,00337399;-0,00337399
2024-03-25;17816,28356868;-0,00025954;-0,00363265
2024-03-26;17849,18571694;0,00184675;-0,00179261
2024-03-27;17908,61945307;0,00332977;0,00000000
2024-03-28;18019,60577558;0,00619737;0,00000000
2024-04-02;18187,58181246;0,00932185;0,00000000
2024-04-03;18269,61727609;0,00451052;0,00000000
2024-04-04;18206,77438501;-0,00343975;-0,00343975
2024-04-05;18333,83838279;0,00697894;0,00000000
2024-04-08;18391,92528183;0,00316829;0,00000000
2024-04-09;18416,24208832;0,00132215;0,00000000
2024-04-10;18330,75001938;-0,00464221;-0,00464221
2024-04-11;18528,70001718;0,01079879;0,00000000
2024-04-12;18409,18539488;-0,00645024;-0,00645024
2024-04-15;18521,62323660;0,00610770;-0,00038194
2024-04-16;18470,41920070;-0,00276455;-0,00314543
2024-04-17;18364,60310908;-0,00572895;-0,00885636
2024-04-18;18388,48442572;0,00130040;-0,00756748
2024-04-19;18364,03298322;-0,00132971;-0,00888713
2024-04-22;18193,34910143;-0,00929447;-0,01809900
2024-04-23;18223,58101756;0,00166170;-0,01646737
2024-04-24;18222,84014201;-0,00004065;-0,01650736
2024-04-25;18206,08772554;-0,00091931;-0,01741149
2024-04-26;18324,20937122;0,00648803;-0,01103643
2024-04-29;18299,22826974;-0,00136328;-0,01238467
2024-04-30;18086,93090473;-0,01160144;-0,02384242
2024-05-01;18110,73115062;0,00131588;-0,02255792
2024-05-02;18134,19162927;0,00129539;-0,02129175
2024-05-03;18231,40810211;0,00536095;-0,01604494
2024-05-07;18360,47883540;0,00707958;-0,00907895
2024-05-08;18359,50143922;-0,00005323;-0,00913170
2024-05-09;18476,60438485;0,00637833;-0,00281162
2024-05-10;18547,11214893;0,00381606;0,00000000
2024-05-13;18473,35843467;-0,00397656;-0,00397656
2024-05-14;18535,29440392;0,00335272;-0,00063717
2024-05-15;18685,28338433;0,00809207;0,00000000
2024-05-16;18679,28057432;-0,00032126;-0,00032126
2024-05-17;18748,23512474;0,00369150;0,00000000
2024-05-20;18821,63840543;0,00391521;0,00000000
2024-05-21;18795,11547966;-0,00140917;-0,00140917
2024-05-22;18668,94723184;-0,00671282;-0,00811253
2024-05-23;18525,55973772;-0,00768053;-0,01573076
2024-05-24;18529,11148753;0,00019172;-0,01554205
2024-05-28;18587,11627171;0,00313047;-0,01246024
2024-05-29;18494,81834004;-0,00496569;-0,01736406
2024-05-30;18452,88979288;-0,00226704;-0,01959174
2024-05-31;18397,01918729;-0,00302774;-0,02256016
2024-06-03;18490,87315077;0,00510159;-0,01757367
2024-06-04;18412,49494960;-0,00423875;-0,02173793
2024-06-05;18609,12532567;0,01067918;-0,01129089
2024-06-06;18683,80331094;0,00401298;-0,00732323
2024-06-07;18447,29341895;-0,01265855;-0,01988908
2024-06-10;18503,30919770;0,00303653;-0,01691294
2024-06-11;18543,98611979;0,00219836;-0,01475176
2024-06-12;18648,48116207;0,00563498;-0,00919990
2024-06-13;18590,24019163;-0,00312309;-0,01229427
2024-06-14;18709,16245949;0,00639703;-0,00597588
2024-06-17;18712,24398223;0,00016471;-0,00581216
2024-06-18;18789,34523598;0,00412036;-0,00171575
2024-06-20;18891,11428926;0,00541632;0,00000000
2024-06-21;18754,03951062;-0,00725605;-0,00725605
2024-06-24;18748,63500284;-0,00028818;-0,00754213
2024-06-25;18733,72962345;-0,00079501;-0,00833115
2024-06-26;18676,21441017;-0,00307014;-0,01137571
2024-06-27;18760,53854769;0,00451506;-0,00691202
2024-06-28;18793,83404345;0,00177476;-0,00514952
2024-07-01;18796,65859357;0,00015029;-0,00500001
2024-07-02;18802,44513343;0,00030785;-0,00469370
2024-07-03;18899,22191918;0,00514703;0,00000000
2024-07-05;18986,59451001;0,00462308;0,00000000
2024-07-08;18940,52241934;-0,00242656;-0,00242656
2024-07-09;18962,24763176;0,00114702;-0,00128232
2024-07-10;19016,63639918;0,00286827;0,00000000
2024-07-11;19040,95842696;0,00127899;0,00000000
2024-07-12;19074,46926309;0,00175993;0,00000000
2024-07-15;19101,44469739;0,00141422;0,00000000
2024-07-16;19207,12500072;0,00553258;0,00000000
2024-07-17;19048,79053509;-0,00824353;-0,00824353
2024-07-18;18982,85309005;-0,00346150;-0,01167650
2024-07-19;18834,68789055;-0,00780521;-0,01939057
2024-07-22;18903,09641249;0,00363205;-0,01582895
2024-07-23;18961,82184473;0,00310666;-0,01277147
2024-07-24;18755,21922607;-0,01089572;-0,02352803
2024-07-25;18645,10998091;-0,00587086;-0,02926076
2024-07-26;18743,13111397;0,00525720;-0,02415738
2024-07-29;18734,14624373;-0,00047937;-0,02462517
2024-07-30;18744,18959553;0,00053610;-0,02410227
2024-07-31;19009,36909303;0,01414729;-0,01029597
2024-08-01;18877,67416374;-0,00692790;-0,01715253
2024-08-02;18559,30540771;-0,01686483;-0,03372809
2024-08-05;18298,16721093;-0,01407047;-0,04732399
2024-08-06;18364,78952956;0,00364093;-0,04385536
2024-08-07;18412,47592985;0,00259662;-0,04137262
2024-08-08;18567,38256595;0,00841313;-0,03330756
2024-08-09;18609,35983903;0,00226081;-0,03112205
2024-08-12;18736,74689928;0,00684532;-0,02448977
2024-08-13;18863,24780442;0,00675149;-0,01790363
2024-08-14;18893,51857813;0,00160475;-0,01632761
2024-08-15;19081,29892971;0,00993888;-0,00655101
2024-08-16;19196,51135408;0,00603798;-0,00055259
2024-08-19;19257,53618618;0,00317895;0,00000000
2024-08-20;19254,07284293;-0,00017984;-0,00017984
2024-08-21;19266,64488858;0,00065296;0,00000000
2024-08-22;19119,88864528;-0,00761711;-0,00761711
2024-08-23;19213,01601202;0,00487071;-0,00278351
2024-08-27;19200,68606505;-0,00064175;-0,00342347
2024-08-28;19113,86740136;-0,00452164;-0,00792964
2024-08-29;19192,22460795;0,00409950;-0,00386265
2024-08-30;19169,97861525;-0,00115911;-0,00501729
2024-09-03;19001,08511411;-0,00881031;-0,01378339
2024-09-04;18906,13802231;-0,00499693;-0,01871145
2024-09-05;18896,81687072;-0,00049302;-0,01919525
2024-09-06;18697,66147927;-0,01053910;-0,02953204
2024-09-09;18855,30470220;0,00843117;-0,02134986
2024-09-10;18930,21123983;0,00397270;-0,01746197
2024-09-11;18988,54211404;0,00308136;-0,01443442
2024-09-12;19231,88071944;0,01281502;-0,00180437
2024-09-13;19353,06001616;0,00630096;0,00000000
2024-09-16;19298,98149874;-0,00279431;-0,00279431
2024-09-17;19329,58935833;0,00158598;-0,00121276
2024-09-18;19201,45948942;-0,00662869;-0,00783341
2024-09-19;19452,22216542;0,01305956;0,00000000
2024-09-20;19457,94505875;0,00029420;0,00000000
2024-09-23;19467,78244310;0,00050557;0,00000000
2024-09-24;19569,35548442;0,00521749;0,00000000
2024-09-25;19591,30628661;0,00112169;0,00000000
2024-09-26;19653,99852915;0,00320000;0,00000000
2024-09-27;19611,61402284;-0,00215653;-0,00215653
2024-09-30;19539,12089944;-0,00369644;-0,00584500
2024-10-01;19560,76279112;0,00110762;-0,00474386
2024-10-02;19591,42037087;0,00156730;-0,00318399
2024-10-03;19649,40256040;0,00295957;-0,00023384
2024-10-04;19678,08722418;0,00145982;0,00000000
2024-10-07;19692,17131936;0,00071572;0,00000000
2024-10-08;19665,58314834;-0,00135019;-0,00135019
2024-10-09;19711,30936725;0,00232519;0,00000000
2024-10-10;19771,42621478;0,00304987;0,00000000
2024-10-11;19861,58648668;0,00456013;0,00000000
2024-10-14;19926,50098261;0,00326834;0,00000000
2024-10-15;19861,80663793;-0,00324665;-0,00324665
2024-10-16;19922,93103201;0,00307748;-0,00017916
2024-10-17;20003,90817828;0,00406452;0,00000000
2024-10-18;20058,16545358;0,00271233;0,00000000
2024-10-21;20045,23139166;-0,00064483;-0,00064483
2024-10-22;20108,97414616;0,00317995;0,00000000
2024-10-23;19981,27801632;-0,00635021;-0,00635021
2024-10-24;20025,46266667;0,00221130;-0,00415295
2024-10-25;20078,49095951;0,00264804;-0,00151590
2024-10-28;20071,87229390;-0,00032964;-0,00184504
2024-10-29;20143,26652394;0,00355693;0,00000000
2024-10-30;20147,54596645;0,00021245;0,00000000
2024-10-31;19943,50535897;-0,01012732;-0,01012732
2024-11-01;19936,70257301;-0,00034110;-0,01046497
2024-11-04;19927,87069319;-0,00044300;-0,01090333
2024-11-05;19998,00516737;0,00351942;-0,00742228
2024-11-06;19947,92203398;-0,00250441;-0,00990810
2024-11-07;20143,64501755;0,00981170;-0,00019362
2024-11-08;20111,92533524;-0,00157467;-0,00176799
2024-11-11;19952,31588814;-0,00793606;-0,00969002
2024-11-12;19902,41346992;-0,00250108;-0,01216687
2024-11-13;19831,83354754;-0,00354630;-0,01567002
2024-11-14;19803,50855581;-0,00142826;-0,01707590
2024-11-15;19676,75891678;-0,00640036;-0,02336697
2024-11-18;19837,73562933;0,00818106;-0,01537708
2024-11-19;19921,35874923;0,00421536;-0,01122654
2024-11-20;19951,06506375;0,00149118;-0,00975210
2024-11-21;20101,46476413;0,00753843;-0,00228719
2024-11-22;20242,53838925;0,00701808;0,00000000
2024-11-25;20033,79824630;-0,01031195;-0,01031195
2024-11-26;20068,62045966;0,00173817;-0,00859171
2024-11-27;19997,78727121;-0,00352955;-0,01209093
2024-11-29;20118,66572174;0,00604459;-0,00611942
2024-12-02;20113,49997300;-0,00025676;-0,00637462
2024-12-03;20136,53153703;0,00114508;-0,00523684
2024-12-04;20210,77310043;0,00368691;-0,00156923
2024-12-05;20145,10186969;-0,00324932;-0,00481345
2024-12-06;20161,12027379;0,00079515;-0,00402213
2024-12-09;20189,76752911;0,00142092;-0,00260693
2024-12-10;20236,41493098;0,00231045;-0,00030250
2024-12-11;20362,47861015;0,00622955;0,00000000
2024-12-12;20253,55290910;-0,00534933;-0,00534933
2024-12-13;20182,31371535;-0,00351737;-0,00884789
2024-12-16;20212,37768305;0,00148962;-0,00737145
2024-12-17;20154,49283315;-0,00286383;-0,01021417
2024-12-18;19933,31659689;-0,01097404;-0,02107612
2024-12-19;19883,96656303;-0,00247576;-0,02349970
2024-12-20;20010,48543385;0,00636286;-0,01728636
2024-12-23;20013,45018510;0,00014816;-0,01714076
2024-12-24;20080,91850469;0,00337115;-0,01382740
2024-12-27;20033,05830228;-0,00238337;-0,01617781
2024-12-30;19959,51246280;-0,00367122;-0,01978964
2024-12-31;19991,01781092;0,00157846;-0,01824242
2025-01-02;20122,00328081;0,00655222;-0,01180973
2025-01-03;20098,80520725;-0,00115287;-0,01294898
2025-01-06;20166,20590375;0,00335347;-0,00963894
2025-01-07;20111,95156496;-0,00269036;-0,01230337
2025-01-08;20177,39545629;0,00325398;-0,00908942
2025-01-10;20175,15190580;-0,00011119;-0,00919960
2025-01-13;20093,32093936;-0,00405603;-0,01321832
2025-01-14;20157,66412500;0,00320222;-0,01005843
2025-01-15;20319,25120214;0,00801616;-0,00212290
2025-01-16;20371,13822554;0,00255359;0,00000000
2025-01-17;20458,72744295;0,00429967;0,00000000
2025-01-21;20532,45208003;0,00360358;0,00000000
2025-01-22;20665,19050554;0,00646481;0,00000000
2025-01-23;20652,77021170;-0,00060102;-0,00060102
2025-01-24;20629,09792269;-0,00114620;-0,00174654
2025-01-27;20360,43546192;-0,01302347;-0,01474727
2025-01-28;20518,89504753;0,00778272;-0,00707932
2025-01-29;20502,36763673;-0,00080547;-0,00787909
2025-01-30;20597,91678863;0,00466040;-0,00325541
2025-01-31;20665,25561608;0,00326921;0,00000000
2025-02-03;20563,61435923;-0,00491846;-0,00491846
2025-02-04;20656,68455331;0,00452596;-0,00041476
2025-02-05;20703,89441266;0,00228545;0,00000000
2025-02-06;20822,35214187;0,00572152;0,00000000
2025-02-07;20791,81699349;-0,00146646;-0,00146646
2025-02-10;20958,48460527;0,00801602;0,00000000
2025-02-11;20921,44622747;-0,00176723;-0,00176723
2025-02-12;20878,57566889;-0,00204912;-0,00381272
2025-02-13;20988,84594209;0,00528150;0,00000000
2025-02-14;20887,81451514;-0,00481358;-0,00481358
2025-02-18;21013,71804524;0,00602761;0,00000000
2025-02-19;21034,46998497;0,00098754;0,00000000
2025-02-20;20953,31007160;-0,00385842;-0,00385842
2025-02-21;20882,73105255;-0,00336839;-0,00721382
2025-02-24;20798,90911349;-0,00401394;-0,01119880
2025-02-25;20575,02609587;-0,01076417;-0,02184243
2025-02-26;20698,01462782;0,00597756;-0,01599543
2025-02-27;20516,72658062;-0,00875872;-0,02461405
2025-02-28;20436,29331730;-0,00392038;-0,02843792
2025-03-03;20477,63220494;0,00202282;-0,02647263
2025-03-04;20476,19509526;-0,00007018;-0,02654095
2025-03-05;20518,52691991;0,00206737;-0,02452846
2025-03-06;20424,41489705;-0,00458669;-0,02900264
2025-03-07;20399,77343542;-0,00120647;-0,03017412
2025-03-10;20200,61172632;-0,00976294;-0,03964247
2025-03-11;20280,13232380;0,00393654;-0,03586198
2025-03-12;20377,50887594;0,00480157;-0,03123260
2025-03-13;20524,76703930;0,00722650;-0,02423179
2025-03-14;20630,75165327;0,00516374;-0,01919318
2025-03-17;20722,12297998;0,00442889;-0,01484929
2025-03-18;20826,85485307;0,00505411;-0,00987023
2025-03-19;20924,08797238;0,00466864;-0,00524767
2025-03-20;20898,89579761;-0,00120398;-0,00644533
2025-03-21;20800,42290519;-0,00471187;-0,01112684
2025-03-24;20823,02176323;0,00108646;-0,01005246
2025-03-25;20891,02987768;0,00326601;-0,00681929
2025-03-26;20830,12753178;-0,00291524;-0,00971465
2025-03-27;20950,53659969;0,00578052;-0,00399028
2025-03-28;20955,51391030;0,00023757;-0,00375365
2025-03-31;21114,37273985;0,00758077;0,00000000
2025-04-01;21143,52249692;0,00138056;0,00000000
2025-04-02;21171,90215987;0,00134224;0,00000000
2025-04-03;20864,24284170;-0,01453149;-0,01453149
2025-04-04;20420,59288325;-0,02126365;-0,03548615
2025-04-07;20178,21219889;-0,01186942;-0,04693437
2025-04-08;20271,75958820;0,00463606;-0,04251590
2025-04-09;20712,78332236;0,02175557;-0,02168529
2025-04-10;20981,04538684;0,01295152;-0,00901463
2025-04-11;21194,35328097;0,01016670;0,00000000
2025-04-14;21207,56616996;0,00062342;0,00000000
2025-04-15;21275,69918660;0,00321267;0,00000000
2025-04-16;21532,36838313;0,01206396;0,00000000
2025-04-17;21444,01613279;-0,00410323;-0,00410323
2025-04-22;21590,86139293;0,00684784;0,00000000
2025-04-23;21461,34539186;-0,00599865;-0,00599865
2025-04-24;21691,44716299;0,01072168;0,00000000
2025-04-25;21615,24349921;-0,00351307;-0,00351307
2025-04-28;21753,22138366;0,00638336;0,00000000
2025-04-29;21676,75467227;-0,00351519;-0,00351519
2025-04-30;21612,44318093;-0,00296684;-0,00647160
2025-05-01;21487,24495654;-0,00579288;-0,01222699
2025-05-02;21560,99757400;0,00343239;-0,00883657
2025-05-06;21855,69552933;0,01366810;0,00000000
2025-05-07;21759,87170895;-0,00438439;-0,00438439
2025-05-08;21715,02967210;-0,00206077;-0,00643612
2025-05-09;21750,20941415;0,00162006;-0,00482648
2025-05-12;21788,07560981;0,00174096;-0,00309393
2025-05-13;21895,72313649;0,00494066;0,00000000
2025-05-14;21767,32036274;-0,00586429;-0,00586429
2025-05-15;21880,28540899;0,00518966;-0,00070506
2025-05-16;21844,50501671;-0,00163528;-0,00233918
2025-05-19;21895,55852210;0,00233713;-0,00000752
2025-05-20;22019,52121184;0,00566154;0,00000000
2025-05-21;21997,51888537;-0,00099922;-0,00099922
2025-05-22;21882,31839828;-0,00523698;-0,00623096
2025-05-23;21937,61752846;0,00252711;-0,00371959
2025-05-27;21958,40321398;0,00094749;-0,00277563
2025-05-28;21943,96450951;-0,00065755;-0,00343135
2025-05-29;21980,16666330;0,00164975;-0,00178726
2025-05-30;21936,27633531;-0,00199682;-0,00378050
2025-06-02;22098,25083861;0,00738387;0,00000000
2025-06-03;22080,38289752;-0,00080857;-0,00080857
2025-06-04;22159,30976989;0,00357452;0,00000000
2025-06-05;22093,46757715;-0,00297131;-0,00297131
2025-06-06;21987,05257779;-0,00481658;-0,00777358
2025-06-09;22050,71548942;0,00289547;-0,00490062
2025-06-10;22086,44128966;0,00162017;-0,00328839
2025-06-11;22155,74360736;0,00313778;-0,00016093
2025-06-12;22309,10636774;0,00692203;0,00000000
2025-06-13;22408,05708587;0,00443544;0,00000000
2025-06-16;22302,34543141;-0,00471757;-0,00471757
2025-06-17;22280,57806569;-0,00097601;-0,00568898
2025-06-18;22234,02529311;-0,00208939;-0,00776648
2025-06-20;22194,67297013;-0,00176991;-0,00952265
2025-06-23;22261,41821603;0,00300726;-0,00654402
2025-06-24;22161,02226046;-0,00450986;-0,01102438
2025-06-25;22217,93409073;0,00256810;-0,00848458
2025-06-26;22225,71189135;0,00035007;-0,00813748
2025-06-27;22053,71167351;-0,00773879;-0,01581330
2025-06-30;22219,89053950;0,00753519;-0,00839727
2025-07-01;22295,39544745;0,00339808;-0,00502773
2025-07-02;22414,68099618;0,00535023;0,00000000
2025-07-03;22424,19473234;0,00042444;0,00000000
2025-07-07;22386,55925763;-0,00167834;-0,00167834
2025-07-08;22335,09646200;-0,00229883;-0,00397331
2025-07-09;22395,67404943;0,00271222;-0,00127187
2025-07-10;22428,39150337;0,00146088;0,00000000
2025-07-11;22491,31594108;0,00280557;0,00000000
2025-07-14;22475,59193573;-0,00069911;-0,00069911
2025-07-15;22483,20732776;0,00033883;-0,00036052
2025-07-16;22487,89703169;0,00020859;-0,00015201
2025-07-17;22553,59256146;0,00292137;0,00000000
2025-07-18;22572,90231632;0,00085617;0,00000000
2025-07-21;22702,02344659;0,00572018;0,00000000
2025-07-22;22729,79629800;0,00122336;0,00000000
2025-07-23;22665,79274818;-0,00281584;-0,00281584
2025-07-24;22664,31391758;-0,00006525;-0,00288090
2025-07-25;22619,89007956;-0,00196008;-0,00483534
2025-07-28;22602,56934099;-0,00076573;-0,00559736
2025-07-29;22628,72751156;0,00115731;-0,00444653
2025-07-30;22518,28379863;-0,00488069;-0,00930552
2025-07-31;22555,31183715;0,00164435;-0,00767646
2025-08-01;22556,91228172;0,00007096;-0,00760605
2025-08-04;22774,83060131;0,00966082;0,00000000
2025-08-05;22711,46000093;-0,00278248;-0,00278248
2025-08-06;22795,66143592;0,00370744;0,00000000
2025-08-07;22837,44680405;0,00183304;0,00000000
2025-08-08;22920,06809173;0,00361780;0,00000000
2025-08-11;22801,49364816;-0,00517339;-0,00517339
2025-08-12;22904,11679045;0,00450072;-0,00069595
2025-08-13;22926,18415154;0,00096347;0,00000000
2025-08-14;22878,48185601;-0,00208069;-0,00208069
2025-08-15;22829,99462718;-0,00211934;-0,00419562
2025-08-18;22843,31349894;0,00058339;-0,00361467
2025-08-19;22688,11422020;-0,00679408;-0,01038419
2025-08-20;22688,69497077;0,00002560;-0,01035886
2025-08-21;22653,67818796;-0,00154336;-0,01188623
2025-08-22;22837,06745683;0,00809534;-0,00388711
2025-08-26;22865,46240608;0,00124337;-0,00264858
2025-08-27;22935,80239143;0,00307625;0,00000000
2025-08-28;23032,33543420;0,00420884;0,00000000
2025-08-29;22966,87237444;-0,00284222;-0,00284222
2025-09-02;23031,74052549;0,00282442;-0,00002583
2025-09-03;23141,23547480;0,00475409;0,00000000
2025-09-04;23175,85684033;0,00149609;0,00000000
2025-09-05;23241,16772004;0,00281806;0,00000000
2025-09-08;23392,10526990;0,00649440;0,00000000
2025-09-09;23389,79128533;-0,00009892;-0,00009892
2025-09-10;23557,25979579;0,00715990;0,00000000
2025-09-11;23597,33886569;0,00170135;0,00000000
2025-09-12;23607,98526868;0,00045117;0,00000000
2025-09-15;23749,11298717;0,00597797;0,00000000
2025-09-16;23717,85009366;-0,00131638;-0,00131638
2025-09-17;23636,22533142;-0,00344149;-0,00475334
2025-09-18;23790,05634319;0,00650827;0,00000000
2025-09-19;23949,42915393;0,00669914;0,00000000
2025-09-22;24187,13441466;0,00992530;0,00000000
2025-09-23;24156,89553340;-0,00125021;-0,00125021
2025-09-24;24044,10176049;-0,00466922;-0,00591358
2025-09-25;24062,14854415;0,00075057;-0,00516745
2025-09-26;24116,30419458;0,00225066;-0,00292843
2025-09-29;24286,55161598;0,00705943;0,00000000
2025-09-30;24374,65493529;0,00362766;0,00000000
2025-10-01;24480,17472377;0,00432908;0,00000000
2025-10-02;24535,97720746;0,00227950;0,00000000
2025-10-03;24553,65744677;0,00072058;0,00000000
2025-10-06;24773,52189507;0,00895445;0,00000000
2025-10-07;24734,90676877;-0,00155873;-0,00155873
2025-10-08;25033,59516219;0,01207558;0,00000000
2025-10-09;24911,55636885;-0,00487500;-0,00487500
2025-10-10;24514,14857852;-0,01595275;-0,02074998
2025-10-13;24916,10587870;0,01639695;-0,00469326
2025-10-14;24848,15711948;-0,00272710;-0,00740757
2025-10-15;25064,26598660;0,00869718;0,00000000
2025-10-16;25223,86686145;0,00636767;0,00000000
2025-10-17;25075,17359928;-0,00589494;-0,00589494
2025-10-20;25493,52171000;0,01668376;0,00000000
2025-10-21;25064,22750403;-0,01683934;-0,01683934
2025-10-22;24945,19680972;-0,00474903;-0,02150840
2025-10-23;25117,61941849;0,00691206;-0,01474501
2025-10-24;26689,79243654;0,06259244;0,00000000
2025-10-27;25307,95986223;-0,05177382;-0,05177382
2025-10-28;25391,44661087;0,00329883;-0,04864578
2025-10-29;25462,53699554;0,00279978;-0,04598220
2025-10-30;25465,74901274;0,00012615;-0,04586186
2025-10-31;25430,53425357;-0,00138283;-0,04718127
2025-11-03;25485,41801163;0,00215818;-0,04512491
2025-11-04;25150,44476401;-0,01314372;-0,05767552
2025-11-05;25262,85786105;0,00446963;-0,05346368
2025-11-06;25035,50975628;-0,00899930;-0,06198185
2025-11-07;24988,68296002;-0,00187042;-0,06373633
2025-11-10;25458,58698600;0,01880467;-0,04613020
2025-11-11;25448,81874464;-0,00038369;-0,04649619
2025-11-12;25627,87506147;0,00703594;-0,03978740
2025-11-13;25311,01045472;-0,01236406;-0,05165952
2025-11-14;25212,53257869;-0,00389071;-0,05534924
2025-11-17;24980,01545911;-0,00922228;-0,06406108
2025-11-18;24852,09100078;-0,00512107;-0,06885409
2025-11-19;24931,96118940;0,00321382;-0,06586156
2025-11-20;24717,66096505;-0,00859540;-0,07389085
2025-11-21;24669,74109484;-0,00193869;-0,07568629
2025-11-24;25021,37428634;0,01425362;-0,06251147
2025-11-25;25041,17940374;0,00079153;-0,06176942
2025-11-26;25238,25522328;0,00787007;-0,05438548
2025-11-28;25403,60384055;0,00655151;-0,04819028
2025-12-01;25442,73632854;0,00154043;-0,04672408
2025-12-02;25384,15052286;-0,00230265;-0,04891915
2025-12-03;25357,52258181;-0,00104900;-0,04991683
2025-12-04;25381,09222271;0,00092949;-0,04903374
2025-12-05;25391,65587636;0,00041620;-0,04863794
2025-12-08;25371,54322989;-0,00079210;-0,04939151
2025-12-09;25460,11251662;0,00349089;-0,04607304
2025-12-10;25523,06760070;0,00247269;-0,04371427
2025-12-11;25661,42071916;0,00542071;-0,03853053
2025-12-12;25653,90519133;-0,00029287;-0,03881211
2025-12-15;25646,60596910;-0,00028453;-0,03908560
2025-12-16;25619,21580681;-0,00106798;-0,04011184
2025-12-17;25669,54508716;0,00196451;-0,03822613
2025-12-18;25721,98080968;0,00204272;-0,03626149
2025-12-19;25814,63738105;0,00360223;-0,03278988
2025-12-22;26170,46339112;0,01378389;-0,01945796
2025-12-23;26389,34104818;0,00836354;-0,01125716
2025-12-24;26333,58487191;-0,00211283;-0,01334621
2025-12-29;25829,86549330;-0,01912840;-0,03221932
2025-12-30;25852,45957069;0,00087473;-0,03137278
2025-12-31;25719,52927112;-0,00514188;-0,03635334
2026-01-02;25779,72670071;0,00234053;-0,03409789
2026-01-05;26204,68282757;0,01648412;-0,01817585
2026-01-06;26418,44521374;0,00815741;-0,01016670
2026-01-07;26287,64155036;-0,00495122;-0,01506759
2026-01-08;26323,17183444;0,00135160;-0,01373636
2026-01-09;26502,16444462;0,00679981;-0,00702995
2026-01-12;26799,60738517;0,01122335;0,00000000
2026-01-13;26774,99221590;-0,00091849;-0,00091849
2026-01-14;26875,00943623;0,00373547;0,00000000
2026-01-15;26839,03414888;-0,00133861;-0,00133861
2026-01-16;26756,54489192;-0,00307348;-0,00440798
2026-01-20;27212,80486606;0,01705228;0,00000000
2026-01-21;27492,67298009;0,01028443;0,00000000
2026-01-22;27839,08378773;0,01260011;0,00000000
2026-01-23;28042,10872914;0,00729280;0,00000000
2026-01-26;28303,58806874;0,00932452;0,00000000
2026-01-27;28762,57882926;0,01621670;0,00000000
2026-01-28;29455,26877610;0,02408303;0,00000000
2026-01-29;29437,22780520;-0,00061249;-0,00061249
2026-01-30;27532,45073950;-0,06470640;-0,06527926
2026-02-02;26939,49176453;-0,02153673;-0,08541009
2026-02-03;27287,07925302;0,01290253;-0,07360957
2026-02-04;27198,87456286;-0,00323247;-0,07660410
2026-02-05;26949,74684073;-0,00915949;-0,08506193
2026-02-06;27302,94108395;0,01310566;-0,07307106
2026-02-09;27566,58739227;0,00965633;-0,06412032
2026-02-10;27487,40194422;-0,00287252;-0,06680865
2026-02-11;27576,35771878;0,00323624;-0,06378862
2026-02-12;27208,58456926;-0,01333654;-0,07627444
2026-02-13;27394,59451430;0,00683644;-0,06995945
2026-02-17;27175,63017212;-0,00799298;-0,07739324
2026-02-18;27398,12873544;0,00818743;-0,06983946
2026-02-19;27412,73948686;0,00053328;-0,06934343
2026-02-20;27577,81729528;0,00602194;-0,06373907
2026-02-23;27715,98836507;0,00501023;-0,05904819
2026-02-24;27648,51199740;-0,00243456;-0,06133900
2026-02-25;27715,06000826;0,00240693;-0,05907971
2026-02-26;27737,75094566;0,00081872;-0,05830936
2026-02-27;27804,20127683;0,00239566;-0,05605338
2026-03-02;27915,69940766;0,00401012;-0,05226805
2026-03-03;27383,17385491;-0,01907620;-0,07034717
2026-03-04;27638,07346441;0,00930862;-0,06169339
2026-03-05;27515,09789769;-0,00444950;-0,06586838
2026-03-09;27410,49017517;-0,00380183;-0,06941979
2026-03-10;27605,11955434;0,00710054;-0,06281217
2026-03-11;27559,10765483;-0,00166679;-0,06437426
2026-03-12;27264,79486503;-0,01067933;-0,07436612
2026-03-13;27131,88150604;-0,00487491;-0,07887849
2026-03-16;27234,84598134;0,00379496;-0,07538287
2026-03-17;27274,95416231;0,00147268;-0,07402121
2026-03-18;26941,09745068;-0,01224041;-0,08535557
2026-03-19;26552,08981184;-0,01443919;-0,09856230
2026-03-20;26183,78563510;-0,01387101;-0,11106614
2026-03-23;26138,30157911;-0,00173711;-0,11261032
2026-03-24;26111,41642278;-0,00102857;-0,11352306
2026-03-25;26378,70191894;0,01023635;-0,10444878
2026-03-26;25873,26738652;-0,01916071;-0,12160817
2026-03-27;25861,96189084;-0,00043696;-0,12199199
2026-03-30;25810,40653405;-0,00199348;-0,12374228
2026-03-31;26321,32743000;0,01979515;-0,10639663
2026-04-01;26683,49545168;0,01375949;-0,09410110
2026-04-02;26659,78808440;-0,00088847;-0,09490596
2026-04-07;26794,92545908;0,00506896;-0,09031808
2026-04-08;27279,51821597;0,01808524;-0,07386626
2026-04-09;27372,58194374;0,00341149;-0,07070677
2026-04-10;27419,25820347;0,00170522;-0,06912212
2026-04-13;27636,35887622;0,00791782;-0,06175160
2026-04-14;28013,25895488;0,01363783;-0,04895592
2026-04-15;28159,62860825;0,00522501;-0,04398670
2026-04-16;28326,55298058;0,00592779;-0,03831966
2026-04-17;28659,33350202;0,01174801;-0,02702183
2026-04-20;28604,63241874;-0,00190867;-0,02887892
2026-04-21;28430,88591175;-0,00607407;-0,03477758
2026-04-22;28801,21440165;0,01302557;-0,02220500
2026-04-23;28568,72318961;-0,00807227;-0,03009803
2026-04-24;28949,08820526;0,01331404;-0,01718472
2026-04-27;28920,44603802;-0,00098940;-0,01815712
2026-04-28;28574,11267247;-0,01197538;-0,02991506
2026-04-29;28615,81601291;0,00145948;-0,02849924
2026-04-30;28750,27825659;0,00469888;-0,02393428
2026-05-01;28973,36619952;0,00775951;-0,01636049
2026-05-05;29025,09835181;0,00178551;-0,01460419
2026-05-06;29551,47477545;0,01813522;0,00000000
2026-05-07;29558,06709404;0,00022308;0,00000000
2026-05-08;29835,10247728;0,00937258;0,00000000
2026-05-11;29964,35724388;0,00433231;0,00000000
2026-05-12;29810,19460570;-0,00514487;-0,00514487
2026-05-13;29867,77233966;0,00193148;-0,00322333
2026-05-14;29971,70036297;0,00347960;0,00000000
2026-05-15;29616,05058897;-0,01186619;-0,01186619
2026-05-18;29518,95560063;-0,00327846;-0,01510574
2026-05-19;29296,87837762;-0,00752321;-0,02251531
2026-05-20;29622,66406945;0,01112015;-0,01164553
2026-05-21;29679,80545562;0,00192898;-0,00973902
2026-05-22;29731,39693354;0,00173827;-0,00801768
2026-05-26;29945,35506871;0,00719637;-0,00087901
2026-05-27;29799,63273554;-0,00486628;-0,00574100
2026-05-28;30010,31917896;0,00707010;0,00000000
2026-05-29;30284,69107202;0,00914258;0,00000000
2026-06-01;30346,79001170;0,00205051;0,00000000
2026-06-02;30463,94560100;0,00386056;0,00000000
2026-06-03;30283,77044493;-0,00591437;-0,00591437
2026-06-04;30295,19673239;0,00037731;-0,00553930
2026-06-05;29487,02873755;-0,02667644;-0,03206797
2026-06-08;29591,13075884;0,00353043;-0,02865075
2026-06-09;29196,79685997;-0,01332608;-0,04159503
2026-06-10;28651,99314577;-0,01865971;-0,05947859
2026-06-11;29152,64850386;0,01747367;-0,04304423
2026-06-12;29330,63008263;0,00610516;-0,03720186
2026-06-15;29889,17809998;0,01904316;-0,01886714
2026-06-16;29766,32518163;-0,00411028;-0,02289987
2026-06-17;29526,45662663;-0,00805839;-0,03077372
2026-06-18;29699,65240924;0,00586578;-0,02508845
2026-06-22;29644,69656581;-0,00185039;-0,02689241
2026-06-23;29159,21688245;-0,01637661;-0,04282862
2026-06-24;28882,79891557;-0,00947961;-0,05190223
2026-06-25;28967,03952030;0,00291664;-0,04913697
2026-06-26;28965,92694319;-0,00003841;-0,04917349
2026-06-29;28961,64795325;-0,00014772;-0,04931396
2026-06-30;29173,76153111;0,00732395;-0,04235118
