Date;value;daily_return;drawdown
2014-01-02;10000,00000000;;0,00000000
2014-01-03;10000,00000000;0,00000000;0,00000000
2014-01-06;10000,00000000;0,00000000;0,00000000
2014-01-07;10000,00000000;0,00000000;0,00000000
2014-01-08;10000,00000000;0,00000000;0,00000000
2014-01-09;10000,00000000;0,00000000;0,00000000
2014-01-10;10000,00000000;0,00000000;0,00000000
2014-01-13;10000,00000000;0,00000000;0,00000000
2014-01-14;10000,00000000;0,00000000;0,00000000
2014-01-15;10000,00000000;0,00000000;0,00000000
2014-01-16;10000,00000000;0,00000000;0,00000000
2014-01-17;10000,00000000;0,00000000;0,00000000
2014-01-21;10000,00000000;0,00000000;0,00000000
2014-01-22;10000,00000000;0,00000000;0,00000000
2014-01-23;10000,00000000;0,00000000;0,00000000
2014-01-24;10000,00000000;0,00000000;0,00000000
2014-01-27;10000,00000000;0,00000000;0,00000000
2014-01-28;10000,00000000;0,00000000;0,00000000
2014-01-29;10000,00000000;0,00000000;0,00000000
2014-01-30;10000,00000000;0,00000000;0,00000000
2014-01-31;10000,00000000;0,00000000;0,00000000
2014-02-03;10000,00000000;0,00000000;0,00000000
2014-02-04;10000,00000000;0,00000000;0,00000000
2014-02-05;10000,00000000;0,00000000;0,00000000
2014-02-06;10000,00000000;0,00000000;0,00000000
2014-02-07;10000,00000000;0,00000000;0,00000000
2014-02-10;10000,00000000;0,00000000;0,00000000
2014-02-11;10000,00000000;0,00000000;0,00000000
2014-02-12;10000,00000000;0,00000000;0,00000000
2014-02-13;10000,00000000;0,00000000;0,00000000
2014-02-14;10000,00000000;0,00000000;0,00000000
2014-02-18;10000,00000000;0,00000000;0,00000000
2014-02-19;10000,00000000;0,00000000;0,00000000
2014-02-20;10000,00000000;0,00000000;0,00000000
2014-02-21;10000,00000000;0,00000000;0,00000000
2014-02-24;10000,00000000;0,00000000;0,00000000
2014-02-25;10000,00000000;0,00000000;0,00000000
2014-02-26;10000,00000000;0,00000000;0,00000000
2014-02-27;10000,00000000;0,00000000;0,00000000
2014-02-28;10000,00000000;0,00000000;0,00000000
2014-03-03;10000,00000000;0,00000000;0,00000000
2014-03-04;10000,00000000;0,00000000;0,00000000
2014-03-05;10000,00000000;0,00000000;0,00000000
2014-03-06;10000,00000000;0,00000000;0,00000000
2014-03-07;10000,00000000;0,00000000;0,00000000
2014-03-10;10000,00000000;0,00000000;0,00000000
2014-03-11;10000,00000000;0,00000000;0,00000000
2014-03-12;10000,00000000;0,00000000;0,00000000
2014-03-13;10000,00000000;0,00000000;0,00000000
2014-03-14;10000,00000000;0,00000000;0,00000000
2014-03-17;10000,00000000;0,00000000;0,00000000
2014-03-18;10000,00000000;0,00000000;0,00000000
2014-03-19;10000,00000000;0,00000000;0,00000000
2014-03-20;10000,00000000;0,00000000;0,00000000
2014-03-21;10000,00000000;0,00000000;0,00000000
2014-03-24;10000,00000000;0,00000000;0,00000000
2014-03-25;10000,00000000;0,00000000;0,00000000
2014-03-26;10000,00000000;0,00000000;0,00000000
2014-03-27;10000,00000000;0,00000000;0,00000000
2014-03-28;10000,00000000;0,00000000;0,00000000
2014-03-31;10000,00000000;0,00000000;0,00000000
2014-04-01;10000,00000000;0,00000000;0,00000000
2014-04-02;10000,00000000;0,00000000;0,00000000
2014-04-03;10000,00000000;0,00000000;0,00000000
2014-04-04;10000,00000000;0,00000000;0,00000000
2014-04-07;10000,00000000;0,00000000;0,00000000
2014-04-08;10000,00000000;0,00000000;0,00000000
2014-04-09;10000,00000000;0,00000000;0,00000000
2014-04-10;10000,00000000;0,00000000;0,00000000
2014-04-11;10000,00000000;0,00000000;0,00000000
2014-04-14;10000,00000000;0,00000000;0,00000000
2014-04-15;10000,00000000;0,00000000;0,00000000
2014-04-16;10000,00000000;0,00000000;0,00000000
2014-04-17;10000,00000000;0,00000000;0,00000000
2014-04-22;10000,00000000;0,00000000;0,00000000
2014-04-23;10000,00000000;0,00000000;0,00000000
2014-04-24;10000,00000000;0,00000000;0,00000000
2014-04-25;10000,00000000;0,00000000;0,00000000
2014-04-28;10000,00000000;0,00000000;0,00000000
2014-04-29;10000,00000000;0,00000000;0,00000000
2014-04-30;10000,00000000;0,00000000;0,00000000
2014-05-01;10000,00000000;0,00000000;0,00000000
2014-05-02;10000,00000000;0,00000000;0,00000000
2014-05-06;10000,00000000;0,00000000;0,00000000
2014-05-07;10000,00000000;0,00000000;0,00000000
2014-05-08;10000,00000000;0,00000000;0,00000000
2014-05-09;10000,00000000;0,00000000;0,00000000
2014-05-12;10000,00000000;0,00000000;0,00000000
2014-05-13;10000,00000000;0,00000000;0,00000000
2014-05-14;10000,00000000;0,00000000;0,00000000
2014-05-15;10000,00000000;0,00000000;0,00000000
2014-05-16;10000,00000000;0,00000000;0,00000000
2014-05-19;10000,00000000;0,00000000;0,00000000
2014-05-20;10000,00000000;0,00000000;0,00000000
2014-05-21;10000,00000000;0,00000000;0,00000000
2014-05-22;10000,00000000;0,00000000;0,00000000
2014-05-23;10000,00000000;0,00000000;0,00000000
2014-05-27;10000,00000000;0,00000000;0,00000000
2014-05-28;10000,00000000;0,00000000;0,00000000
2014-05-29;10000,00000000;0,00000000;0,00000000
2014-05-30;10000,00000000;0,00000000;0,00000000
2014-06-02;10000,00000000;0,00000000;0,00000000
2014-06-03;10000,00000000;0,00000000;0,00000000
2014-06-04;10000,00000000;0,00000000;0,00000000
2014-06-05;10000,00000000;0,00000000;0,00000000
2014-06-06;10000,00000000;0,00000000;0,00000000
2014-06-09;10000,00000000;0,00000000;0,00000000
2014-06-10;10000,00000000;0,00000000;0,00000000
2014-06-11;10000,00000000;0,00000000;0,00000000
2014-06-12;10000,00000000;0,00000000;0,00000000
2014-06-13;10000,00000000;0,00000000;0,00000000
2014-06-16;10000,00000000;0,00000000;0,00000000
2014-06-17;10000,00000000;0,00000000;0,00000000
2014-06-18;10000,00000000;0,00000000;0,00000000
2014-06-19;10000,00000000;0,00000000;0,00000000
2014-06-20;10000,00000000;0,00000000;0,00000000
2014-06-23;10000,00000000;0,00000000;0,00000000
2014-06-24;10000,00000000;0,00000000;0,00000000
2014-06-25;10000,00000000;0,00000000;0,00000000
2014-06-26;10000,00000000;0,00000000;0,00000000
2014-06-27;10000,00000000;0,00000000;0,00000000
2014-06-30;10000,00000000;0,00000000;0,00000000
2014-07-01;10000,00000000;0,00000000;0,00000000
2014-07-02;10000,00000000;0,00000000;0,00000000
2014-07-03;10000,00000000;0,00000000;0,00000000
2014-07-07;10000,00000000;0,00000000;0,00000000
2014-07-08;10000,00000000;0,00000000;0,00000000
2014-07-09;10000,00000000;0,00000000;0,00000000
2014-07-10;10000,00000000;0,00000000;0,00000000
2014-07-11;10000,00000000;0,00000000;0,00000000
2014-07-14;10000,00000000;0,00000000;0,00000000
2014-07-15;10000,00000000;0,00000000;0,00000000
2014-07-16;10000,00000000;0,00000000;0,00000000
2014-07-17;10000,00000000;0,00000000;0,00000000
2014-07-18;10000,00000000;0,00000000;0,00000000
2014-07-21;10000,00000000;0,00000000;0,00000000
2014-07-22;10000,00000000;0,00000000;0,00000000
2014-07-23;10000,00000000;0,00000000;0,00000000
2014-07-24;10000,00000000;0,00000000;0,00000000
2014-07-25;10000,00000000;0,00000000;0,00000000
2014-07-28;10000,00000000;0,00000000;0,00000000
2014-07-29;10000,00000000;0,00000000;0,00000000
2014-07-30;10000,00000000;0,00000000;0,00000000
2014-07-31;10000,00000000;0,00000000;0,00000000
2014-08-01;10000,00000000;0,00000000;0,00000000
2014-08-04;10000,00000000;0,00000000;0,00000000
2014-08-05;10000,00000000;0,00000000;0,00000000
2014-08-06;10000,00000000;0,00000000;0,00000000
2014-08-07;10000,00000000;0,00000000;0,00000000
2014-08-08;10000,00000000;0,00000000;0,00000000
2014-08-11;10000,00000000;0,00000000;0,00000000
2014-08-12;10000,00000000;0,00000000;0,00000000
2014-08-13;10000,00000000;0,00000000;0,00000000
2014-08-14;10000,00000000;0,00000000;0,00000000
2014-08-15;10000,00000000;0,00000000;0,00000000
2014-08-18;10000,00000000;0,00000000;0,00000000
2014-08-19;10000,00000000;0,00000000;0,00000000
2014-08-20;10000,00000000;0,00000000;0,00000000
2014-08-21;10000,00000000;0,00000000;0,00000000
2014-08-22;10000,00000000;0,00000000;0,00000000
2014-08-26;10000,00000000;0,00000000;0,00000000
2014-08-27;10000,00000000;0,00000000;0,00000000
2014-08-28;10000,00000000;0,00000000;0,00000000
2014-08-29;10000,00000000;0,00000000;0,00000000
2014-09-02;10000,00000000;0,00000000;0,00000000
2014-09-03;10000,00000000;0,00000000;0,00000000
2014-09-04;10000,00000000;0,00000000;0,00000000
2014-09-05;10000,00000000;0,00000000;0,00000000
2014-09-08;10000,00000000;0,00000000;0,00000000
2014-09-09;10000,00000000;0,00000000;0,00000000
2014-09-10;10000,00000000;0,00000000;0,00000000
2014-09-11;10000,00000000;0,00000000;0,00000000
2014-09-12;10000,00000000;0,00000000;0,00000000
2014-09-15;10000,00000000;0,00000000;0,00000000
2014-09-16;10000,00000000;0,00000000;0,00000000
2014-09-17;10000,00000000;0,00000000;0,00000000
2014-09-18;10000,00000000;0,00000000;0,00000000
2014-09-19;10000,00000000;0,00000000;0,00000000
2014-09-22;10000,00000000;0,00000000;0,00000000
2014-09-23;10000,00000000;0,00000000;0,00000000
2014-09-24;10000,00000000;0,00000000;0,00000000
2014-09-25;10000,00000000;0,00000000;0,00000000
2014-09-26;10000,00000000;0,00000000;0,00000000
2014-09-29;10000,00000000;0,00000000;0,00000000
2014-09-30;10000,00000000;0,00000000;0,00000000
2014-10-01;10000,00000000;0,00000000;0,00000000
2014-10-02;10000,00000000;0,00000000;0,00000000
2014-10-03;10000,00000000;0,00000000;0,00000000
2014-10-06;10000,00000000;0,00000000;0,00000000
2014-10-07;10000,00000000;0,00000000;0,00000000
2014-10-08;10000,00000000;0,00000000;0,00000000
2014-10-09;10000,00000000;0,00000000;0,00000000
2014-10-10;10000,00000000;0,00000000;0,00000000
2014-10-13;10000,00000000;0,00000000;0,00000000
2014-10-14;10000,00000000;0,00000000;0,00000000
2014-10-15;10000,00000000;0,00000000;0,00000000
2014-10-16;10000,00000000;0,00000000;0,00000000
2014-10-17;10000,00000000;0,00000000;0,00000000
2014-10-20;10000,00000000;0,00000000;0,00000000
2014-10-21;10000,00000000;0,00000000;0,00000000
2014-10-22;10000,00000000;0,00000000;0,00000000
2014-10-23;10000,00000000;0,00000000;0,00000000
2014-10-24;10000,00000000;0,00000000;0,00000000
2014-10-27;10000,00000000;0,00000000;0,00000000
2014-10-28;10000,00000000;0,00000000;0,00000000
2014-10-29;10000,00000000;0,00000000;0,00000000
2014-10-30;10000,00000000;0,00000000;0,00000000
2014-10-31;10000,00000000;0,00000000;0,00000000
2014-11-03;10000,00000000;0,00000000;0,00000000
2014-11-04;10000,00000000;0,00000000;0,00000000
2014-11-05;10000,00000000;0,00000000;0,00000000
2014-11-06;10000,00000000;0,00000000;0,00000000
2014-11-07;10000,00000000;0,00000000;0,00000000
2014-11-10;10000,00000000;0,00000000;0,00000000
2014-11-11;10000,00000000;0,00000000;0,00000000
2014-11-12;10000,00000000;0,00000000;0,00000000
2014-11-13;10000,00000000;0,00000000;0,00000000
2014-11-14;10000,00000000;0,00000000;0,00000000
2014-11-17;10000,00000000;0,00000000;0,00000000
2014-11-18;10000,00000000;0,00000000;0,00000000
2014-11-19;10000,00000000;0,00000000;0,00000000
2014-11-20;10000,00000000;0,00000000;0,00000000
2014-11-21;10000,00000000;0,00000000;0,00000000
2014-11-24;10000,00000000;0,00000000;0,00000000
2014-11-25;10000,00000000;0,00000000;0,00000000
2014-11-26;10000,00000000;0,00000000;0,00000000
2014-11-28;10000,00000000;0,00000000;0,00000000
2014-12-01;10000,00000000;0,00000000;0,00000000
2014-12-02;10000,00000000;0,00000000;0,00000000
2014-12-03;10000,00000000;0,00000000;0,00000000
2014-12-04;10000,00000000;0,00000000;0,00000000
2014-12-05;10000,00000000;0,00000000;0,00000000
2014-12-08;10000,00000000;0,00000000;0,00000000
2014-12-09;10000,00000000;0,00000000;0,00000000
2014-12-10;10000,00000000;0,00000000;0,00000000
2014-12-11;10000,00000000;0,00000000;0,00000000
2014-12-12;10000,00000000;0,00000000;0,00000000
2014-12-15;10000,00000000;0,00000000;0,00000000
2014-12-16;10000,00000000;0,00000000;0,00000000
2014-12-17;10000,00000000;0,00000000;0,00000000
2014-12-18;10000,00000000;0,00000000;0,00000000
2014-12-19;10000,00000000;0,00000000;0,00000000
2014-12-22;10000,00000000;0,00000000;0,00000000
2014-12-23;10000,00000000;0,00000000;0,00000000
2014-12-24;10000,00000000;0,00000000;0,00000000
2014-12-29;10000,00000000;0,00000000;0,00000000
2014-12-30;10000,00000000;0,00000000;0,00000000
2014-12-31;10000,00000000;0,00000000;0,00000000
2015-01-02;10000,00000000;0,00000000;0,00000000
2015-01-05;10000,00000000;0,00000000;0,00000000
2015-01-06;10000,00000000;0,00000000;0,00000000
2015-01-07;10000,00000000;0,00000000;0,00000000
2015-01-08;10000,00000000;0,00000000;0,00000000
2015-01-09;10000,00000000;0,00000000;0,00000000
2015-01-12;10000,00000000;0,00000000;0,00000000
2015-01-13;10000,00000000;0,00000000;0,00000000
2015-01-14;10000,00000000;0,00000000;0,00000000
2015-01-15;10000,00000000;0,00000000;0,00000000
2015-01-16;10000,00000000;0,00000000;0,00000000
2015-01-20;10000,00000000;0,00000000;0,00000000
2015-01-21;10000,00000000;0,00000000;0,00000000
2015-01-22;10000,00000000;0,00000000;0,00000000
2015-01-23;10000,00000000;0,00000000;0,00000000
2015-01-26;10000,00000000;0,00000000;0,00000000
2015-01-27;10000,00000000;0,00000000;0,00000000
2015-01-28;10000,00000000;0,00000000;0,00000000
2015-01-29;10000,00000000;0,00000000;0,00000000
2015-01-30;10000,00000000;0,00000000;0,00000000
2015-02-02;10000,00000000;0,00000000;0,00000000
2015-02-03;10000,00000000;0,00000000;0,00000000
2015-02-04;10000,00000000;0,00000000;0,00000000
2015-02-05;10000,00000000;0,00000000;0,00000000
2015-02-06;10000,00000000;0,00000000;0,00000000
2015-02-09;10000,00000000;0,00000000;0,00000000
2015-02-10;10000,00000000;0,00000000;0,00000000
2015-02-11;10000,00000000;0,00000000;0,00000000
2015-02-12;10000,00000000;0,00000000;0,00000000
2015-02-13;10000,00000000;0,00000000;0,00000000
2015-02-17;10000,00000000;0,00000000;0,00000000
2015-02-18;10000,00000000;0,00000000;0,00000000
2015-02-19;10000,00000000;0,00000000;0,00000000
2015-02-20;10000,00000000;0,00000000;0,00000000
2015-02-23;10000,00000000;0,00000000;0,00000000
2015-02-24;10000,00000000;0,00000000;0,00000000
2015-02-25;10000,00000000;0,00000000;0,00000000
2015-02-26;10000,00000000;0,00000000;0,00000000
2015-02-27;10000,00000000;0,00000000;0,00000000
2015-03-02;10000,00000000;0,00000000;0,00000000
2015-03-03;10000,00000000;0,00000000;0,00000000
2015-03-04;10000,00000000;0,00000000;0,00000000
2015-03-05;10000,00000000;0,00000000;0,00000000
2015-03-06;10000,00000000;0,00000000;0,00000000
2015-03-09;10000,00000000;0,00000000;0,00000000
2015-03-10;10000,00000000;0,00000000;0,00000000
2015-03-11;10000,00000000;0,00000000;0,00000000
2015-03-12;10000,00000000;0,00000000;0,00000000
2015-03-13;10000,00000000;0,00000000;0,00000000
2015-03-16;10000,00000000;0,00000000;0,00000000
2015-03-17;10000,00000000;0,00000000;0,00000000
2015-03-18;10000,00000000;0,00000000;0,00000000
2015-03-19;10000,00000000;0,00000000;0,00000000
2015-03-20;10000,00000000;0,00000000;0,00000000
2015-03-23;10000,00000000;0,00000000;0,00000000
2015-03-24;10000,00000000;0,00000000;0,00000000
2015-03-25;10000,00000000;0,00000000;0,00000000
2015-03-26;10000,00000000;0,00000000;0,00000000
2015-03-27;10000,00000000;0,00000000;0,00000000
2015-03-30;10000,00000000;0,00000000;0,00000000
2015-03-31;10000,00000000;0,00000000;0,00000000
2015-04-01;10000,00000000;0,00000000;0,00000000
2015-04-02;10000,00000000;0,00000000;0,00000000
2015-04-07;10000,00000000;0,00000000;0,00000000
2015-04-08;10000,00000000;0,00000000;0,00000000
2015-04-09;10000,00000000;0,00000000;0,00000000
2015-04-10;10000,00000000;0,00000000;0,00000000
2015-04-13;10000,00000000;0,00000000;0,00000000
2015-04-14;10000,00000000;0,00000000;0,00000000
2015-04-15;10000,00000000;0,00000000;0,00000000
2015-04-16;10000,00000000;0,00000000;0,00000000
2015-04-17;10000,00000000;0,00000000;0,00000000
2015-04-20;10000,00000000;0,00000000;0,00000000
2015-04-21;10000,00000000;0,00000000;0,00000000
2015-04-22;10000,00000000;0,00000000;0,00000000
2015-04-23;10000,00000000;0,00000000;0,00000000
2015-04-24;10000,00000000;0,00000000;0,00000000
2015-04-27;10000,00000000;0,00000000;0,00000000
2015-04-28;10000,00000000;0,00000000;0,00000000
2015-04-29;10000,00000000;0,00000000;0,00000000
2015-04-30;10000,00000000;0,00000000;0,00000000
2015-05-01;10000,00000000;0,00000000;0,00000000
2015-05-05;10000,00000000;0,00000000;0,00000000
2015-05-06;10000,00000000;0,00000000;0,00000000
2015-05-07;10000,00000000;0,00000000;0,00000000
2015-05-08;10000,00000000;0,00000000;0,00000000
2015-05-11;10000,00000000;0,00000000;0,00000000
2015-05-12;10000,00000000;0,00000000;0,00000000
2015-05-13;10000,00000000;0,00000000;0,00000000
2015-05-14;10000,00000000;0,00000000;0,00000000
2015-05-15;10000,00000000;0,00000000;0,00000000
2015-05-18;10000,00000000;0,00000000;0,00000000
2015-05-19;10000,00000000;0,00000000;0,00000000
2015-05-20;10000,00000000;0,00000000;0,00000000
2015-05-21;10000,00000000;0,00000000;0,00000000
2015-05-22;10000,00000000;0,00000000;0,00000000
2015-05-26;10000,00000000;0,00000000;0,00000000
2015-05-27;10000,00000000;0,00000000;0,00000000
2015-05-28;10000,00000000;0,00000000;0,00000000
2015-05-29;10000,00000000;0,00000000;0,00000000
2015-06-01;10000,00000000;0,00000000;0,00000000
2015-06-02;10000,00000000;0,00000000;0,00000000
2015-06-03;10000,00000000;0,00000000;0,00000000
2015-06-04;10000,00000000;0,00000000;0,00000000
2015-06-05;10000,00000000;0,00000000;0,00000000
2015-06-08;10000,00000000;0,00000000;0,00000000
2015-06-09;10000,00000000;0,00000000;0,00000000
2015-06-10;10000,00000000;0,00000000;0,00000000
2015-06-11;10000,00000000;0,00000000;0,00000000
2015-06-12;10000,00000000;0,00000000;0,00000000
2015-06-15;10000,00000000;0,00000000;0,00000000
2015-06-16;10000,00000000;0,00000000;0,00000000
2015-06-17;10000,00000000;0,00000000;0,00000000
2015-06-18;10000,00000000;0,00000000;0,00000000
2015-06-19;10000,00000000;0,00000000;0,00000000
2015-06-22;10000,00000000;0,00000000;0,00000000
2015-06-23;10000,00000000;0,00000000;0,00000000
2015-06-24;10000,00000000;0,00000000;0,00000000
2015-06-25;10000,00000000;0,00000000;0,00000000
2015-06-26;10000,00000000;0,00000000;0,00000000
2015-06-29;10000,00000000;0,00000000;0,00000000
2015-06-30;10000,00000000;0,00000000;0,00000000
2015-07-01;10000,00000000;0,00000000;0,00000000
2015-07-02;10000,00000000;0,00000000;0,00000000
2015-07-06;10000,00000000;0,00000000;0,00000000
2015-07-07;10000,00000000;0,00000000;0,00000000
2015-07-08;10000,00000000;0,00000000;0,00000000
2015-07-09;10000,00000000;0,00000000;0,00000000
2015-07-10;10000,00000000;0,00000000;0,00000000
2015-07-13;10000,00000000;0,00000000;0,00000000
2015-07-14;10000,00000000;0,00000000;0,00000000
2015-07-15;10000,00000000;0,00000000;0,00000000
2015-07-16;10000,00000000;0,00000000;0,00000000
2015-07-17;10000,00000000;0,00000000;0,00000000
2015-07-20;10000,00000000;0,00000000;0,00000000
2015-07-21;10000,00000000;0,00000000;0,00000000
2015-07-22;10000,00000000;0,00000000;0,00000000
2015-07-23;10000,00000000;0,00000000;0,00000000
2015-07-24;10000,00000000;0,00000000;0,00000000
2015-07-27;10000,00000000;0,00000000;0,00000000
2015-07-28;10000,00000000;0,00000000;0,00000000
2015-07-29;10000,00000000;0,00000000;0,00000000
2015-07-30;10000,00000000;0,00000000;0,00000000
2015-07-31;10000,00000000;0,00000000;0,00000000
2015-08-03;10000,00000000;0,00000000;0,00000000
2015-08-04;10000,00000000;0,00000000;0,00000000
2015-08-05;10000,00000000;0,00000000;0,00000000
2015-08-06;10000,00000000;0,00000000;0,00000000
2015-08-07;10000,00000000;0,00000000;0,00000000
2015-08-10;10000,00000000;0,00000000;0,00000000
2015-08-11;10000,00000000;0,00000000;0,00000000
2015-08-12;10000,00000000;0,00000000;0,00000000
2015-08-13;10000,00000000;0,00000000;0,00000000
2015-08-14;10000,00000000;0,00000000;0,00000000
2015-08-17;10000,00000000;0,00000000;0,00000000
2015-08-18;10000,00000000;0,00000000;0,00000000
2015-08-19;10000,00000000;0,00000000;0,00000000
2015-08-20;10000,00000000;0,00000000;0,00000000
2015-08-21;10000,00000000;0,00000000;0,00000000
2015-08-24;10000,00000000;0,00000000;0,00000000
2015-08-25;10000,00000000;0,00000000;0,00000000
2015-08-26;10000,00000000;0,00000000;0,00000000
2015-08-27;10000,00000000;0,00000000;0,00000000
2015-08-28;10000,00000000;0,00000000;0,00000000
2015-09-01;10000,00000000;0,00000000;0,00000000
2015-09-02;10000,00000000;0,00000000;0,00000000
2015-09-03;10000,00000000;0,00000000;0,00000000
2015-09-04;10000,00000000;0,00000000;0,00000000
2015-09-08;10000,00000000;0,00000000;0,00000000
2015-09-09;10000,00000000;0,00000000;0,00000000
2015-09-10;10000,00000000;0,00000000;0,00000000
2015-09-11;10000,00000000;0,00000000;0,00000000
2015-09-14;10000,00000000;0,00000000;0,00000000
2015-09-15;10000,00000000;0,00000000;0,00000000
2015-09-16;10000,00000000;0,00000000;0,00000000
2015-09-17;10000,00000000;0,00000000;0,00000000
2015-09-18;10000,00000000;0,00000000;0,00000000
2015-09-21;10000,00000000;0,00000000;0,00000000
2015-09-22;10000,00000000;0,00000000;0,00000000
2015-09-23;10000,00000000;0,00000000;0,00000000
2015-09-24;10000,00000000;0,00000000;0,00000000
2015-09-25;10000,00000000;0,00000000;0,00000000
2015-09-28;10000,00000000;0,00000000;0,00000000
2015-09-29;10000,00000000;0,00000000;0,00000000
2015-09-30;10000,00000000;0,00000000;0,00000000
2015-10-01;10000,00000000;0,00000000;0,00000000
2015-10-02;10000,00000000;0,00000000;0,00000000
2015-10-05;10000,00000000;0,00000000;0,00000000
2015-10-06;10000,00000000;0,00000000;0,00000000
2015-10-07;10000,00000000;0,00000000;0,00000000
2015-10-08;10000,00000000;0,00000000;0,00000000
2015-10-09;10000,00000000;0,00000000;0,00000000
2015-10-12;10000,00000000;0,00000000;0,00000000
2015-10-13;10000,00000000;0,00000000;0,00000000
2015-10-14;10000,00000000;0,00000000;0,00000000
2015-10-15;10000,00000000;0,00000000;0,00000000
2015-10-16;10000,00000000;0,00000000;0,00000000
2015-10-19;10000,00000000;0,00000000;0,00000000
2015-10-20;10000,00000000;0,00000000;0,00000000
2015-10-21;10000,00000000;0,00000000;0,00000000
2015-10-22;10000,00000000;0,00000000;0,00000000
2015-10-23;10000,00000000;0,00000000;0,00000000
2015-10-26;10000,00000000;0,00000000;0,00000000
2015-10-27;10000,00000000;0,00000000;0,00000000
2015-10-28;10000,00000000;0,00000000;0,00000000
2015-10-29;10000,00000000;0,00000000;0,00000000
2015-10-30;10000,00000000;0,00000000;0,00000000
2015-11-02;10000,00000000;0,00000000;0,00000000
2015-11-03;10000,00000000;0,00000000;0,00000000
2015-11-04;10000,00000000;0,00000000;0,00000000
2015-11-05;10000,00000000;0,00000000;0,00000000
2015-11-06;10000,00000000;0,00000000;0,00000000
2015-11-09;10000,00000000;0,00000000;0,00000000
2015-11-10;10000,00000000;0,00000000;0,00000000
2015-11-11;10000,00000000;0,00000000;0,00000000
2015-11-12;10000,00000000;0,00000000;0,00000000
2015-11-13;10000,00000000;0,00000000;0,00000000
2015-11-16;10000,00000000;0,00000000;0,00000000
2015-11-17;10000,00000000;0,00000000;0,00000000
2015-11-18;10000,00000000;0,00000000;0,00000000
2015-11-19;10000,00000000;0,00000000;0,00000000
2015-11-20;10000,00000000;0,00000000;0,00000000
2015-11-23;10000,00000000;0,00000000;0,00000000
2015-11-24;10000,00000000;0,00000000;0,00000000
2015-11-25;10000,00000000;0,00000000;0,00000000
2015-11-27;10000,00000000;0,00000000;0,00000000
2015-11-30;10000,00000000;0,00000000;0,00000000
2015-12-01;10000,00000000;0,00000000;0,00000000
2015-12-02;10000,00000000;0,00000000;0,00000000
2015-12-03;10000,00000000;0,00000000;0,00000000
2015-12-04;10000,00000000;0,00000000;0,00000000
2015-12-07;10000,00000000;0,00000000;0,00000000
2015-12-08;10000,00000000;0,00000000;0,00000000
2015-12-09;10000,00000000;0,00000000;0,00000000
2015-12-10;10000,00000000;0,00000000;0,00000000
2015-12-11;10000,00000000;0,00000000;0,00000000
2015-12-14;10000,00000000;0,00000000;0,00000000
2015-12-15;10000,00000000;0,00000000;0,00000000
2015-12-16;10000,00000000;0,00000000;0,00000000
2015-12-17;10000,00000000;0,00000000;0,00000000
2015-12-18;10000,00000000;0,00000000;0,00000000
2015-12-21;10000,00000000;0,00000000;0,00000000
2015-12-22;10000,00000000;0,00000000;0,00000000
2015-12-23;10000,00000000;0,00000000;0,00000000
2015-12-24;10000,00000000;0,00000000;0,00000000
2015-12-29;10000,00000000;0,00000000;0,00000000
2015-12-30;10000,00000000;0,00000000;0,00000000
2015-12-31;10000,00000000;0,00000000;0,00000000
2016-01-04;10000,00000000;0,00000000;0,00000000
2016-01-05;10000,00000000;0,00000000;0,00000000
2016-01-06;10000,00000000;0,00000000;0,00000000
2016-01-07;10000,00000000;0,00000000;0,00000000
2016-01-08;10000,00000000;0,00000000;0,00000000
2016-01-11;10000,00000000;0,00000000;0,00000000
2016-01-12;10000,00000000;0,00000000;0,00000000
2016-01-13;10000,00000000;0,00000000;0,00000000
2016-01-14;10000,00000000;0,00000000;0,00000000
2016-01-15;10000,00000000;0,00000000;0,00000000
2016-01-19;10000,00000000;0,00000000;0,00000000
2016-01-20;10000,00000000;0,00000000;0,00000000
2016-01-21;10000,00000000;0,00000000;0,00000000
2016-01-22;10000,00000000;0,00000000;0,00000000
2016-01-25;10000,00000000;0,00000000;0,00000000
2016-01-26;10000,00000000;0,00000000;0,00000000
2016-01-27;10000,00000000;0,00000000;0,00000000
2016-01-28;10000,00000000;0,00000000;0,00000000
2016-01-29;10000,00000000;0,00000000;0,00000000
2016-02-01;10000,00000000;0,00000000;0,00000000
2016-02-02;10000,00000000;0,00000000;0,00000000
2016-02-03;10000,00000000;0,00000000;0,00000000
2016-02-04;10000,00000000;0,00000000;0,00000000
2016-02-05;10000,00000000;0,00000000;0,00000000
2016-02-08;10000,00000000;0,00000000;0,00000000
2016-02-09;10000,00000000;0,00000000;0,00000000
2016-02-10;10000,00000000;0,00000000;0,00000000
2016-02-11;10000,00000000;0,00000000;0,00000000
2016-02-12;10000,00000000;0,00000000;0,00000000
2016-02-16;10000,00000000;0,00000000;0,00000000
2016-02-17;10000,00000000;0,00000000;0,00000000
2016-02-18;10000,00000000;0,00000000;0,00000000
2016-02-19;10000,00000000;0,00000000;0,00000000
2016-02-22;10000,00000000;0,00000000;0,00000000
2016-02-23;10000,00000000;0,00000000;0,00000000
2016-02-24;10000,00000000;0,00000000;0,00000000
2016-02-25;10000,00000000;0,00000000;0,00000000
2016-02-26;10000,00000000;0,00000000;0,00000000
2016-02-29;10000,00000000;0,00000000;0,00000000
2016-03-01;10000,00000000;0,00000000;0,00000000
2016-03-02;10000,00000000;0,00000000;0,00000000
2016-03-03;10000,00000000;0,00000000;0,00000000
2016-03-04;10000,00000000;0,00000000;0,00000000
2016-03-07;10000,00000000;0,00000000;0,00000000
2016-03-08;10000,00000000;0,00000000;0,00000000
2016-03-09;10000,00000000;0,00000000;0,00000000
2016-03-10;10000,00000000;0,00000000;0,00000000
2016-03-11;10000,00000000;0,00000000;0,00000000
2016-03-14;10000,00000000;0,00000000;0,00000000
2016-03-15;10000,00000000;0,00000000;0,00000000
2016-03-16;10000,00000000;0,00000000;0,00000000
2016-03-17;10000,00000000;0,00000000;0,00000000
2016-03-18;10000,00000000;0,00000000;0,00000000
2016-03-21;10000,00000000;0,00000000;0,00000000
2016-03-22;10000,00000000;0,00000000;0,00000000
2016-03-23;10000,00000000;0,00000000;0,00000000
2016-03-24;10000,00000000;0,00000000;0,00000000
2016-03-29;10000,00000000;0,00000000;0,00000000
2016-03-30;10000,00000000;0,00000000;0,00000000
2016-03-31;10000,00000000;0,00000000;0,00000000
2016-04-01;10000,00000000;0,00000000;0,00000000
2016-04-04;10000,00000000;0,00000000;0,00000000
2016-04-05;10000,00000000;0,00000000;0,00000000
2016-04-06;10000,00000000;0,00000000;0,00000000
2016-04-07;10000,00000000;0,00000000;0,00000000
2016-04-08;10000,00000000;0,00000000;0,00000000
2016-04-11;10000,00000000;0,00000000;0,00000000
2016-04-12;10000,00000000;0,00000000;0,00000000
2016-04-13;10000,00000000;0,00000000;0,00000000
2016-04-14;10000,00000000;0,00000000;0,00000000
2016-04-15;10000,00000000;0,00000000;0,00000000
2016-04-18;10000,00000000;0,00000000;0,00000000
2016-04-19;10000,00000000;0,00000000;0,00000000
2016-04-20;10000,00000000;0,00000000;0,00000000
2016-04-21;10000,00000000;0,00000000;0,00000000
2016-04-22;10000,00000000;0,00000000;0,00000000
2016-04-25;10000,00000000;0,00000000;0,00000000
2016-04-26;10000,00000000;0,00000000;0,00000000
2016-04-27;10000,00000000;0,00000000;0,00000000
2016-04-28;10000,00000000;0,00000000;0,00000000
2016-04-29;10000,00000000;0,00000000;0,00000000
2016-05-03;10000,00000000;0,00000000;0,00000000
2016-05-04;10000,00000000;0,00000000;0,00000000
2016-05-05;10000,00000000;0,00000000;0,00000000
2016-05-06;10000,00000000;0,00000000;0,00000000
2016-05-09;10000,00000000;0,00000000;0,00000000
2016-05-10;10000,00000000;0,00000000;0,00000000
2016-05-11;10000,00000000;0,00000000;0,00000000
2016-05-12;10000,00000000;0,00000000;0,00000000
2016-05-13;10000,00000000;0,00000000;0,00000000
2016-05-16;10000,00000000;0,00000000;0,00000000
2016-05-17;10000,00000000;0,00000000;0,00000000
2016-05-18;10000,00000000;0,00000000;0,00000000
2016-05-19;10000,00000000;0,00000000;0,00000000
2016-05-20;10000,00000000;0,00000000;0,00000000
2016-05-23;10000,00000000;0,00000000;0,00000000
2016-05-24;10000,00000000;0,00000000;0,00000000
2016-05-25;10000,00000000;0,00000000;0,00000000
2016-05-26;10000,00000000;0,00000000;0,00000000
2016-05-27;10000,00000000;0,00000000;0,00000000
2016-05-31;10000,00000000;0,00000000;0,00000000
2016-06-01;10000,00000000;0,00000000;0,00000000
2016-06-02;10000,00000000;0,00000000;0,00000000
2016-06-03;10000,00000000;0,00000000;0,00000000
2016-06-06;10000,00000000;0,00000000;0,00000000
2016-06-07;10000,00000000;0,00000000;0,00000000
2016-06-08;10000,00000000;0,00000000;0,00000000
2016-06-09;10000,00000000;0,00000000;0,00000000
2016-06-10;10000,00000000;0,00000000;0,00000000
2016-06-13;10000,00000000;0,00000000;0,00000000
2016-06-14;10000,00000000;0,00000000;0,00000000
2016-06-15;10000,00000000;0,00000000;0,00000000
2016-06-16;10000,00000000;0,00000000;0,00000000
2016-06-17;10000,00000000;0,00000000;0,00000000
2016-06-20;10000,00000000;0,00000000;0,00000000
2016-06-21;10000,00000000;0,00000000;0,00000000
2016-06-22;10000,00000000;0,00000000;0,00000000
2016-06-23;10000,00000000;0,00000000;0,00000000
2016-06-24;10000,00000000;0,00000000;0,00000000
2016-06-27;10000,00000000;0,00000000;0,00000000
2016-06-28;10000,00000000;0,00000000;0,00000000
2016-06-29;10000,00000000;0,00000000;0,00000000
2016-06-30;10000,00000000;0,00000000;0,00000000
2016-07-01;10000,00000000;0,00000000;0,00000000
2016-07-05;10000,00000000;0,00000000;0,00000000
2016-07-06;10000,00000000;0,00000000;0,00000000
2016-07-07;10000,00000000;0,00000000;0,00000000
2016-07-08;10000,00000000;0,00000000;0,00000000
2016-07-11;10000,00000000;0,00000000;0,00000000
2016-07-12;10000,00000000;0,00000000;0,00000000
2016-07-13;10000,00000000;0,00000000;0,00000000
2016-07-14;10000,00000000;0,00000000;0,00000000
2016-07-15;10000,00000000;0,00000000;0,00000000
2016-07-18;10000,00000000;0,00000000;0,00000000
2016-07-19;10000,00000000;0,00000000;0,00000000
2016-07-20;10000,00000000;0,00000000;0,00000000
2016-07-21;10000,00000000;0,00000000;0,00000000
2016-07-22;10000,00000000;0,00000000;0,00000000
2016-07-25;10000,00000000;0,00000000;0,00000000
2016-07-26;10000,00000000;0,00000000;0,00000000
2016-07-27;10000,00000000;0,00000000;0,00000000
2016-07-28;10000,00000000;0,00000000;0,00000000
2016-07-29;10000,00000000;0,00000000;0,00000000
2016-08-01;10000,00000000;0,00000000;0,00000000
2016-08-02;10000,00000000;0,00000000;0,00000000
2016-08-03;10000,00000000;0,00000000;0,00000000
2016-08-04;10000,00000000;0,00000000;0,00000000
2016-08-05;10000,00000000;0,00000000;0,00000000
2016-08-08;10000,00000000;0,00000000;0,00000000
2016-08-09;10000,00000000;0,00000000;0,00000000
2016-08-10;10000,00000000;0,00000000;0,00000000
2016-08-11;10000,00000000;0,00000000;0,00000000
2016-08-12;10000,00000000;0,00000000;0,00000000
2016-08-15;10000,00000000;0,00000000;0,00000000
2016-08-16;10000,00000000;0,00000000;0,00000000
2016-08-17;10000,00000000;0,00000000;0,00000000
2016-08-18;10000,00000000;0,00000000;0,00000000
2016-08-19;10000,00000000;0,00000000;0,00000000
2016-08-22;10000,00000000;0,00000000;0,00000000
2016-08-23;10000,00000000;0,00000000;0,00000000
2016-08-24;10000,00000000;0,00000000;0,00000000
2016-08-25;10000,00000000;0,00000000;0,00000000
2016-08-26;10000,00000000;0,00000000;0,00000000
2016-08-30;10000,00000000;0,00000000;0,00000000
2016-08-31;10000,00000000;0,00000000;0,00000000
2016-09-01;10000,00000000;0,00000000;0,00000000
2016-09-02;10000,00000000;0,00000000;0,00000000
2016-09-06;10000,00000000;0,00000000;0,00000000
2016-09-07;10000,00000000;0,00000000;0,00000000
2016-09-08;10000,00000000;0,00000000;0,00000000
2016-09-09;10000,00000000;0,00000000;0,00000000
2016-09-12;10000,00000000;0,00000000;0,00000000
2016-09-13;10000,00000000;0,00000000;0,00000000
2016-09-14;10000,00000000;0,00000000;0,00000000
2016-09-15;10000,00000000;0,00000000;0,00000000
2016-09-16;10000,00000000;0,00000000;0,00000000
2016-09-19;10000,00000000;0,00000000;0,00000000
2016-09-20;10000,00000000;0,00000000;0,00000000
2016-09-21;10000,00000000;0,00000000;0,00000000
2016-09-22;10000,00000000;0,00000000;0,00000000
2016-09-23;10000,00000000;0,00000000;0,00000000
2016-09-26;10000,00000000;0,00000000;0,00000000
2016-09-27;10000,00000000;0,00000000;0,00000000
2016-09-28;10000,00000000;0,00000000;0,00000000
2016-09-29;10000,00000000;0,00000000;0,00000000
2016-09-30;10000,00000000;0,00000000;0,00000000
2016-10-03;10000,00000000;0,00000000;0,00000000
2016-10-04;10000,00000000;0,00000000;0,00000000
2016-10-05;10000,00000000;0,00000000;0,00000000
2016-10-06;10000,00000000;0,00000000;0,00000000
2016-10-07;10000,00000000;0,00000000;0,00000000
2016-10-10;10000,00000000;0,00000000;0,00000000
2016-10-11;10000,00000000;0,00000000;0,00000000
2016-10-12;10000,00000000;0,00000000;0,00000000
2016-10-13;10000,00000000;0,00000000;0,00000000
2016-10-14;10000,00000000;0,00000000;0,00000000
2016-10-17;10000,00000000;0,00000000;0,00000000
2016-10-18;10000,00000000;0,00000000;0,00000000
2016-10-19;10000,00000000;0,00000000;0,00000000
2016-10-20;10000,00000000;0,00000000;0,00000000
2016-10-21;10000,00000000;0,00000000;0,00000000
2016-10-24;10000,00000000;0,00000000;0,00000000
2016-10-25;10000,00000000;0,00000000;0,00000000
2016-10-26;10000,00000000;0,00000000;0,00000000
2016-10-27;10000,00000000;0,00000000;0,00000000
2016-10-28;10000,00000000;0,00000000;0,00000000
2016-10-31;10000,00000000;0,00000000;0,00000000
2016-11-01;10000,00000000;0,00000000;0,00000000
2016-11-02;10000,00000000;0,00000000;0,00000000
2016-11-03;10000,00000000;0,00000000;0,00000000
2016-11-04;10000,00000000;0,00000000;0,00000000
2016-11-07;10000,00000000;0,00000000;0,00000000
2016-11-08;10000,00000000;0,00000000;0,00000000
2016-11-09;10000,00000000;0,00000000;0,00000000
2016-11-10;10000,00000000;0,00000000;0,00000000
2016-11-11;10000,00000000;0,00000000;0,00000000
2016-11-14;10000,00000000;0,00000000;0,00000000
2016-11-15;10000,00000000;0,00000000;0,00000000
2016-11-16;10000,00000000;0,00000000;0,00000000
2016-11-17;10000,00000000;0,00000000;0,00000000
2016-11-18;10000,00000000;0,00000000;0,00000000
2016-11-21;10000,00000000;0,00000000;0,00000000
2016-11-22;10000,00000000;0,00000000;0,00000000
2016-11-23;10000,00000000;0,00000000;0,00000000
2016-11-25;10000,00000000;0,00000000;0,00000000
2016-11-28;10000,00000000;0,00000000;0,00000000
2016-11-29;10000,00000000;0,00000000;0,00000000
2016-11-30;10000,00000000;0,00000000;0,00000000
2016-12-01;10000,00000000;0,00000000;0,00000000
2016-12-02;10000,00000000;0,00000000;0,00000000
2016-12-05;10000,00000000;0,00000000;0,00000000
2016-12-06;10000,00000000;0,00000000;0,00000000
2016-12-07;10000,00000000;0,00000000;0,00000000
2016-12-08;10000,00000000;0,00000000;0,00000000
2016-12-09;10000,00000000;0,00000000;0,00000000
2016-12-12;10000,00000000;0,00000000;0,00000000
2016-12-13;10000,00000000;0,00000000;0,00000000
2016-12-14;10000,00000000;0,00000000;0,00000000
2016-12-15;10000,00000000;0,00000000;0,00000000
2016-12-16;10000,00000000;0,00000000;0,00000000
2016-12-19;10000,00000000;0,00000000;0,00000000
2016-12-20;10000,00000000;0,00000000;0,00000000
2016-12-21;10000,00000000;0,00000000;0,00000000
2016-12-22;10000,00000000;0,00000000;0,00000000
2016-12-23;10000,00000000;0,00000000;0,00000000
2016-12-28;10000,00000000;0,00000000;0,00000000
2016-12-29;10000,00000000;0,00000000;0,00000000
2016-12-30;10000,00000000;0,00000000;0,00000000
2017-01-03;10000,00000000;0,00000000;0,00000000
2017-01-04;10000,00000000;0,00000000;0,00000000
2017-01-05;10000,00000000;0,00000000;0,00000000
2017-01-06;10000,00000000;0,00000000;0,00000000
2017-01-09;10000,00000000;0,00000000;0,00000000
2017-01-10;10000,00000000;0,00000000;0,00000000
2017-01-11;10000,00000000;0,00000000;0,00000000
2017-01-12;10000,00000000;0,00000000;0,00000000
2017-01-13;10000,00000000;0,00000000;0,00000000
2017-01-17;10000,00000000;0,00000000;0,00000000
2017-01-18;10000,00000000;0,00000000;0,00000000
2017-01-19;10000,00000000;0,00000000;0,00000000
2017-01-20;10000,00000000;0,00000000;0,00000000
2017-01-23;10000,00000000;0,00000000;0,00000000
2017-01-24;10000,00000000;0,00000000;0,00000000
2017-01-25;10000,00000000;0,00000000;0,00000000
2017-01-26;10000,00000000;0,00000000;0,00000000
2017-01-27;10000,00000000;0,00000000;0,00000000
2017-01-30;10000,00000000;0,00000000;0,00000000
2017-01-31;10000,00000000;0,00000000;0,00000000
2017-02-01;10000,00000000;0,00000000;0,00000000
2017-02-02;10000,00000000;0,00000000;0,00000000
2017-02-03;10000,00000000;0,00000000;0,00000000
2017-02-06;10000,00000000;0,00000000;0,00000000
2017-02-07;10000,00000000;0,00000000;0,00000000
2017-02-08;10000,00000000;0,00000000;0,00000000
2017-02-09;10000,00000000;0,00000000;0,00000000
2017-02-10;10000,00000000;0,00000000;0,00000000
2017-02-13;10000,00000000;0,00000000;0,00000000
2017-02-14;10000,00000000;0,00000000;0,00000000
2017-02-15;10000,00000000;0,00000000;0,00000000
2017-02-16;10000,00000000;0,00000000;0,00000000
2017-02-17;10000,00000000;0,00000000;0,00000000
2017-02-21;10000,00000000;0,00000000;0,00000000
2017-02-22;10000,00000000;0,00000000;0,00000000
2017-02-23;10000,00000000;0,00000000;0,00000000
2017-02-24;10000,00000000;0,00000000;0,00000000
2017-02-27;10000,00000000;0,00000000;0,00000000
2017-02-28;10000,00000000;0,00000000;0,00000000
2017-03-01;10000,00000000;0,00000000;0,00000000
2017-03-02;10000,00000000;0,00000000;0,00000000
2017-03-03;10000,00000000;0,00000000;0,00000000
2017-03-06;10000,00000000;0,00000000;0,00000000
2017-03-07;10000,00000000;0,00000000;0,00000000
2017-03-08;10000,00000000;0,00000000;0,00000000
2017-03-09;10000,00000000;0,00000000;0,00000000
2017-03-10;10000,00000000;0,00000000;0,00000000
2017-03-13;10000,00000000;0,00000000;0,00000000
2017-03-14;10000,00000000;0,00000000;0,00000000
2017-03-15;10000,00000000;0,00000000;0,00000000
2017-03-16;10000,00000000;0,00000000;0,00000000
2017-03-17;10000,00000000;0,00000000;0,00000000
2017-03-20;10000,00000000;0,00000000;0,00000000
2017-03-21;10000,00000000;0,00000000;0,00000000
2017-03-22;10000,00000000;0,00000000;0,00000000
2017-03-23;10000,00000000;0,00000000;0,00000000
2017-03-24;10000,00000000;0,00000000;0,00000000
2017-03-27;10000,00000000;0,00000000;0,00000000
2017-03-28;10000,00000000;0,00000000;0,00000000
2017-03-29;10000,00000000;0,00000000;0,00000000
2017-03-30;10000,00000000;0,00000000;0,00000000
2017-03-31;10000,00000000;0,00000000;0,00000000
2017-04-03;10000,00000000;0,00000000;0,00000000
2017-04-04;10000,00000000;0,00000000;0,00000000
2017-04-05;10000,00000000;0,00000000;0,00000000
2017-04-06;10000,00000000;0,00000000;0,00000000
2017-04-07;10000,00000000;0,00000000;0,00000000
2017-04-10;10000,00000000;0,00000000;0,00000000
2017-04-11;10000,00000000;0,00000000;0,00000000
2017-04-12;10000,00000000;0,00000000;0,00000000
2017-04-13;10000,00000000;0,00000000;0,00000000
2017-04-18;10000,00000000;0,00000000;0,00000000
2017-04-19;10000,00000000;0,00000000;0,00000000
2017-04-20;10000,00000000;0,00000000;0,00000000
2017-04-21;10000,00000000;0,00000000;0,00000000
2017-04-24;10000,00000000;0,00000000;0,00000000
2017-04-25;10000,00000000;0,00000000;0,00000000
2017-04-26;10000,00000000;0,00000000;0,00000000
2017-04-27;10000,00000000;0,00000000;0,00000000
2017-04-28;10000,00000000;0,00000000;0,00000000
2017-05-02;10000,00000000;0,00000000;0,00000000
2017-05-03;10000,00000000;0,00000000;0,00000000
2017-05-04;10000,00000000;0,00000000;0,00000000
2017-05-05;10000,00000000;0,00000000;0,00000000
2017-05-08;10000,00000000;0,00000000;0,00000000
2017-05-09;10000,00000000;0,00000000;0,00000000
2017-05-10;10000,00000000;0,00000000;0,00000000
2017-05-11;10000,00000000;0,00000000;0,00000000
2017-05-12;10000,00000000;0,00000000;0,00000000
2017-05-15;10000,00000000;0,00000000;0,00000000
2017-05-16;10000,00000000;0,00000000;0,00000000
2017-05-17;10000,00000000;0,00000000;0,00000000
2017-05-18;10000,00000000;0,00000000;0,00000000
2017-05-19;10000,00000000;0,00000000;0,00000000
2017-05-22;10000,00000000;0,00000000;0,00000000
2017-05-23;10000,00000000;0,00000000;0,00000000
2017-05-24;10000,00000000;0,00000000;0,00000000
2017-05-25;10000,00000000;0,00000000;0,00000000
2017-05-26;10000,00000000;0,00000000;0,00000000
2017-05-30;10000,00000000;0,00000000;0,00000000
2017-05-31;10000,00000000;0,00000000;0,00000000
2017-06-01;10000,00000000;0,00000000;0,00000000
2017-06-02;10000,00000000;0,00000000;0,00000000
2017-06-05;10000,00000000;0,00000000;0,00000000
2017-06-06;10000,00000000;0,00000000;0,00000000
2017-06-07;10000,00000000;0,00000000;0,00000000
2017-06-08;10000,00000000;0,00000000;0,00000000
2017-06-09;10000,00000000;0,00000000;0,00000000
2017-06-12;10000,00000000;0,00000000;0,00000000
2017-06-13;10000,00000000;0,00000000;0,00000000
2017-06-14;10000,00000000;0,00000000;0,00000000
2017-06-15;10000,00000000;0,00000000;0,00000000
2017-06-16;10000,00000000;0,00000000;0,00000000
2017-06-19;10000,00000000;0,00000000;0,00000000
2017-06-20;10000,00000000;0,00000000;0,00000000
2017-06-21;10000,00000000;0,00000000;0,00000000
2017-06-22;10000,00000000;0,00000000;0,00000000
2017-06-23;10000,00000000;0,00000000;0,00000000
2017-06-26;10000,00000000;0,00000000;0,00000000
2017-06-27;10000,00000000;0,00000000;0,00000000
2017-06-28;10000,00000000;0,00000000;0,00000000
2017-06-29;10000,00000000;0,00000000;0,00000000
2017-06-30;10000,00000000;0,00000000;0,00000000
2017-07-03;10000,00000000;0,00000000;0,00000000
2017-07-05;10000,00000000;0,00000000;0,00000000
2017-07-06;10000,00000000;0,00000000;0,00000000
2017-07-07;10000,00000000;0,00000000;0,00000000
2017-07-10;10000,00000000;0,00000000;0,00000000
2017-07-11;10000,00000000;0,00000000;0,00000000
2017-07-12;10000,00000000;0,00000000;0,00000000
2017-07-13;10000,00000000;0,00000000;0,00000000
2017-07-14;10000,00000000;0,00000000;0,00000000
2017-07-17;10000,00000000;0,00000000;0,00000000
2017-07-18;10000,00000000;0,00000000;0,00000000
2017-07-19;10000,00000000;0,00000000;0,00000000
2017-07-20;10000,00000000;0,00000000;0,00000000
2017-07-21;10000,00000000;0,00000000;0,00000000
2017-07-24;10000,00000000;0,00000000;0,00000000
2017-07-25;10000,00000000;0,00000000;0,00000000
2017-07-26;10000,00000000;0,00000000;0,00000000
2017-07-27;10000,00000000;0,00000000;0,00000000
2017-07-28;10000,00000000;0,00000000;0,00000000
2017-07-31;10000,00000000;0,00000000;0,00000000
2017-08-01;10000,00000000;0,00000000;0,00000000
2017-08-02;10000,00000000;0,00000000;0,00000000
2017-08-03;10000,00000000;0,00000000;0,00000000
2017-08-04;10000,00000000;0,00000000;0,00000000
2017-08-07;10000,00000000;0,00000000;0,00000000
2017-08-08;10000,00000000;0,00000000;0,00000000
2017-08-09;10000,00000000;0,00000000;0,00000000
2017-08-10;10000,00000000;0,00000000;0,00000000
2017-08-11;10000,00000000;0,00000000;0,00000000
2017-08-14;10000,00000000;0,00000000;0,00000000
2017-08-15;10000,00000000;0,00000000;0,00000000
2017-08-16;10000,00000000;0,00000000;0,00000000
2017-08-17;10000,00000000;0,00000000;0,00000000
2017-08-18;10000,00000000;0,00000000;0,00000000
2017-08-21;10000,00000000;0,00000000;0,00000000
2017-08-22;10000,00000000;0,00000000;0,00000000
2017-08-23;10000,00000000;0,00000000;0,00000000
2017-08-24;10000,00000000;0,00000000;0,00000000
2017-08-25;10000,00000000;0,00000000;0,00000000
2017-08-29;10000,00000000;0,00000000;0,00000000
2017-08-30;10000,00000000;0,00000000;0,00000000
2017-08-31;10000,00000000;0,00000000;0,00000000
2017-09-01;10000,00000000;0,00000000;0,00000000
2017-09-05;10000,00000000;0,00000000;0,00000000
2017-09-06;10000,00000000;0,00000000;0,00000000
2017-09-07;10000,00000000;0,00000000;0,00000000
2017-09-08;10000,00000000;0,00000000;0,00000000
2017-09-11;10000,00000000;0,00000000;0,00000000
2017-09-12;10000,00000000;0,00000000;0,00000000
2017-09-13;10000,00000000;0,00000000;0,00000000
2017-09-14;10000,00000000;0,00000000;0,00000000
2017-09-15;10000,00000000;0,00000000;0,00000000
2017-09-18;10000,00000000;0,00000000;0,00000000
2017-09-19;10000,00000000;0,00000000;0,00000000
2017-09-20;10000,00000000;0,00000000;0,00000000
2017-09-21;10000,00000000;0,00000000;0,00000000
2017-09-22;10000,00000000;0,00000000;0,00000000
2017-09-25;10000,00000000;0,00000000;0,00000000
2017-09-26;10000,00000000;0,00000000;0,00000000
2017-09-27;10000,00000000;0,00000000;0,00000000
2017-09-28;10000,00000000;0,00000000;0,00000000
2017-09-29;10000,00000000;0,00000000;0,00000000
2017-10-02;10000,00000000;0,00000000;0,00000000
2017-10-03;10000,00000000;0,00000000;0,00000000
2017-10-04;10000,00000000;0,00000000;0,00000000
2017-10-05;10000,00000000;0,00000000;0,00000000
2017-10-06;10000,00000000;0,00000000;0,00000000
2017-10-09;10000,00000000;0,00000000;0,00000000
2017-10-10;10000,00000000;0,00000000;0,00000000
2017-10-11;10000,00000000;0,00000000;0,00000000
2017-10-12;10000,00000000;0,00000000;0,00000000
2017-10-13;10000,00000000;0,00000000;0,00000000
2017-10-16;10000,00000000;0,00000000;0,00000000
2017-10-17;10000,00000000;0,00000000;0,00000000
2017-10-18;10000,00000000;0,00000000;0,00000000
2017-10-19;10000,00000000;0,00000000;0,00000000
2017-10-20;10000,00000000;0,00000000;0,00000000
2017-10-23;10000,00000000;0,00000000;0,00000000
2017-10-24;10000,00000000;0,00000000;0,00000000
2017-10-25;10000,00000000;0,00000000;0,00000000
2017-10-26;10000,00000000;0,00000000;0,00000000
2017-10-27;10000,00000000;0,00000000;0,00000000
2017-10-30;10000,00000000;0,00000000;0,00000000
2017-10-31;10000,00000000;0,00000000;0,00000000
2017-11-01;10000,00000000;0,00000000;0,00000000
2017-11-02;10000,00000000;0,00000000;0,00000000
2017-11-03;10000,00000000;0,00000000;0,00000000
2017-11-06;10000,00000000;0,00000000;0,00000000
2017-11-07;10000,00000000;0,00000000;0,00000000
2017-11-08;10000,00000000;0,00000000;0,00000000
2017-11-09;10000,00000000;0,00000000;0,00000000
2017-11-10;10000,00000000;0,00000000;0,00000000
2017-11-13;10000,00000000;0,00000000;0,00000000
2017-11-14;10000,00000000;0,00000000;0,00000000
2017-11-15;10000,00000000;0,00000000;0,00000000
2017-11-16;10000,00000000;0,00000000;0,00000000
2017-11-17;10000,00000000;0,00000000;0,00000000
2017-11-20;10000,00000000;0,00000000;0,00000000
2017-11-21;10000,00000000;0,00000000;0,00000000
2017-11-22;10000,00000000;0,00000000;0,00000000
2017-11-24;10000,00000000;0,00000000;0,00000000
2017-11-27;10000,00000000;0,00000000;0,00000000
2017-11-28;10000,00000000;0,00000000;0,00000000
2017-11-29;10000,00000000;0,00000000;0,00000000
2017-11-30;10000,00000000;0,00000000;0,00000000
2017-12-01;10000,00000000;0,00000000;0,00000000
2017-12-04;10000,00000000;0,00000000;0,00000000
2017-12-05;10000,00000000;0,00000000;0,00000000
2017-12-06;10000,00000000;0,00000000;0,00000000
2017-12-07;10000,00000000;0,00000000;0,00000000
2017-12-08;10000,00000000;0,00000000;0,00000000
2017-12-11;10000,00000000;0,00000000;0,00000000
2017-12-12;10000,00000000;0,00000000;0,00000000
2017-12-13;10000,00000000;0,00000000;0,00000000
2017-12-14;10000,00000000;0,00000000;0,00000000
2017-12-15;10000,00000000;0,00000000;0,00000000
2017-12-18;10000,00000000;0,00000000;0,00000000
2017-12-19;10000,00000000;0,00000000;0,00000000
2017-12-20;10000,00000000;0,00000000;0,00000000
2017-12-21;10000,00000000;0,00000000;0,00000000
2017-12-22;10000,00000000;0,00000000;0,00000000
2017-12-27;10000,00000000;0,00000000;0,00000000
2017-12-28;10000,00000000;0,00000000;0,00000000
2017-12-29;10000,00000000;0,00000000;0,00000000
2018-01-02;10000,00000000;0,00000000;0,00000000
2018-01-03;10000,00000000;0,00000000;0,00000000
2018-01-04;10000,00000000;0,00000000;0,00000000
2018-01-05;10000,00000000;0,00000000;0,00000000
2018-01-08;10000,00000000;0,00000000;0,00000000
2018-01-09;10000,00000000;0,00000000;0,00000000
2018-01-10;10000,00000000;0,00000000;0,00000000
2018-01-11;10000,00000000;0,00000000;0,00000000
2018-01-12;10000,00000000;0,00000000;0,00000000
2018-01-16;10000,00000000;0,00000000;0,00000000
2018-01-17;10000,00000000;0,00000000;0,00000000
2018-01-18;10000,00000000;0,00000000;0,00000000
2018-01-19;10000,00000000;0,00000000;0,00000000
2018-01-22;10000,00000000;0,00000000;0,00000000
2018-01-23;10000,00000000;0,00000000;0,00000000
2018-01-24;10000,00000000;0,00000000;0,00000000
2018-01-25;10000,00000000;0,00000000;0,00000000
2018-01-26;10000,00000000;0,00000000;0,00000000
2018-01-29;10000,00000000;0,00000000;0,00000000
2018-01-30;10000,00000000;0,00000000;0,00000000
2018-01-31;10000,00000000;0,00000000;0,00000000
2018-02-01;10000,00000000;0,00000000;0,00000000
2018-02-02;10000,00000000;0,00000000;0,00000000
2018-02-05;10000,00000000;0,00000000;0,00000000
2018-02-06;10000,00000000;0,00000000;0,00000000
2018-02-07;10000,00000000;0,00000000;0,00000000
2018-02-08;10000,00000000;0,00000000;0,00000000
2018-02-09;10000,00000000;0,00000000;0,00000000
2018-02-12;10000,00000000;0,00000000;0,00000000
2018-02-13;10000,00000000;0,00000000;0,00000000
2018-02-14;10000,00000000;0,00000000;0,00000000
2018-02-15;10000,00000000;0,00000000;0,00000000
2018-02-16;10000,00000000;0,00000000;0,00000000
2018-02-20;10000,00000000;0,00000000;0,00000000
2018-02-21;10000,00000000;0,00000000;0,00000000
2018-02-22;10000,00000000;0,00000000;0,00000000
2018-02-23;10000,00000000;0,00000000;0,00000000
2018-02-26;10000,00000000;0,00000000;0,00000000
2018-02-27;10000,00000000;0,00000000;0,00000000
2018-02-28;10000,00000000;0,00000000;0,00000000
2018-03-01;10000,00000000;0,00000000;0,00000000
2018-03-02;10000,00000000;0,00000000;0,00000000
2018-03-05;10000,00000000;0,00000000;0,00000000
2018-03-06;10000,00000000;0,00000000;0,00000000
2018-03-07;10000,00000000;0,00000000;0,00000000
2018-03-08;10000,00000000;0,00000000;0,00000000
2018-03-09;10000,00000000;0,00000000;0,00000000
2018-03-12;10000,00000000;0,00000000;0,00000000
2018-03-13;10000,00000000;0,00000000;0,00000000
2018-03-14;10000,00000000;0,00000000;0,00000000
2018-03-15;10000,00000000;0,00000000;0,00000000
2018-03-16;10000,00000000;0,00000000;0,00000000
2018-03-19;10000,00000000;0,00000000;0,00000000
2018-03-20;10000,00000000;0,00000000;0,00000000
2018-03-21;10000,00000000;0,00000000;0,00000000
2018-03-22;10000,00000000;0,00000000;0,00000000
2018-03-23;10000,00000000;0,00000000;0,00000000
2018-03-26;10000,00000000;0,00000000;0,00000000
2018-03-27;10000,00000000;0,00000000;0,00000000
2018-03-28;10000,00000000;0,00000000;0,00000000
2018-03-29;10000,00000000;0,00000000;0,00000000
2018-04-03;10000,00000000;0,00000000;0,00000000
2018-04-04;10000,00000000;0,00000000;0,00000000
2018-04-05;10000,00000000;0,00000000;0,00000000
2018-04-06;10000,00000000;0,00000000;0,00000000
2018-04-09;10000,00000000;0,00000000;0,00000000
2018-04-10;10000,00000000;0,00000000;0,00000000
2018-04-11;10000,00000000;0,00000000;0,00000000
2018-04-12;10000,00000000;0,00000000;0,00000000
2018-04-13;10000,00000000;0,00000000;0,00000000
2018-04-16;10000,00000000;0,00000000;0,00000000
2018-04-17;10000,00000000;0,00000000;0,00000000
2018-04-18;10000,00000000;0,00000000;0,00000000
2018-04-19;10000,00000000;0,00000000;0,00000000
2018-04-20;10000,00000000;0,00000000;0,00000000
2018-04-23;10000,00000000;0,00000000;0,00000000
2018-04-24;10000,00000000;0,00000000;0,00000000
2018-04-25;10000,00000000;0,00000000;0,00000000
2018-04-26;10000,00000000;0,00000000;0,00000000
2018-04-27;10000,00000000;0,00000000;0,00000000
2018-04-30;10000,00000000;0,00000000;0,00000000
2018-05-01;10000,00000000;0,00000000;0,00000000
2018-05-02;10000,00000000;0,00000000;0,00000000
2018-05-03;10000,00000000;0,00000000;0,00000000
2018-05-04;10000,00000000;0,00000000;0,00000000
2018-05-08;10000,00000000;0,00000000;0,00000000
2018-05-09;10000,00000000;0,00000000;0,00000000
2018-05-10;10000,00000000;0,00000000;0,00000000
2018-05-11;10000,00000000;0,00000000;0,00000000
2018-05-14;10000,00000000;0,00000000;0,00000000
2018-05-15;10000,00000000;0,00000000;0,00000000
2018-05-16;10000,00000000;0,00000000;0,00000000
2018-05-17;10000,00000000;0,00000000;0,00000000
2018-05-18;10000,00000000;0,00000000;0,00000000
2018-05-21;10000,00000000;0,00000000;0,00000000
2018-05-22;10000,00000000;0,00000000;0,00000000
2018-05-23;10000,00000000;0,00000000;0,00000000
2018-05-24;10000,00000000;0,00000000;0,00000000
2018-05-25;10000,00000000;0,00000000;0,00000000
2018-05-29;10000,00000000;0,00000000;0,00000000
2018-05-30;10000,00000000;0,00000000;0,00000000
2018-05-31;10000,00000000;0,00000000;0,00000000
2018-06-01;10000,00000000;0,00000000;0,00000000
2018-06-04;10000,00000000;0,00000000;0,00000000
2018-06-05;10000,00000000;0,00000000;0,00000000
2018-06-06;10000,00000000;0,00000000;0,00000000
2018-06-07;10000,00000000;0,00000000;0,00000000
2018-06-08;10000,00000000;0,00000000;0,00000000
2018-06-11;10000,00000000;0,00000000;0,00000000
2018-06-12;10000,00000000;0,00000000;0,00000000
2018-06-13;10000,00000000;0,00000000;0,00000000
2018-06-14;10000,00000000;0,00000000;0,00000000
2018-06-15;10000,00000000;0,00000000;0,00000000
2018-06-18;10000,00000000;0,00000000;0,00000000
2018-06-19;10000,00000000;0,00000000;0,00000000
2018-06-20;10000,00000000;0,00000000;0,00000000
2018-06-21;10000,00000000;0,00000000;0,00000000
2018-06-22;10000,00000000;0,00000000;0,00000000
2018-06-25;10000,00000000;0,00000000;0,00000000
2018-06-26;10000,00000000;0,00000000;0,00000000
2018-06-27;10000,00000000;0,00000000;0,00000000
2018-06-28;10000,00000000;0,00000000;0,00000000
2018-06-29;10000,00000000;0,00000000;0,00000000
2018-07-02;10000,00000000;0,00000000;0,00000000
2018-07-03;10000,00000000;0,00000000;0,00000000
2018-07-05;10000,00000000;0,00000000;0,00000000
2018-07-06;10000,00000000;0,00000000;0,00000000
2018-07-09;10000,00000000;0,00000000;0,00000000
2018-07-10;10000,00000000;0,00000000;0,00000000
2018-07-11;10000,00000000;0,00000000;0,00000000
2018-07-12;10000,00000000;0,00000000;0,00000000
2018-07-13;10000,00000000;0,00000000;0,00000000
2018-07-16;10000,00000000;0,00000000;0,00000000
2018-07-17;10000,00000000;0,00000000;0,00000000
2018-07-18;10000,00000000;0,00000000;0,00000000
2018-07-19;10000,00000000;0,00000000;0,00000000
2018-07-20;10000,00000000;0,00000000;0,00000000
2018-07-23;10000,00000000;0,00000000;0,00000000
2018-07-24;10000,00000000;0,00000000;0,00000000
2018-07-25;10000,00000000;0,00000000;0,00000000
2018-07-26;10000,00000000;0,00000000;0,00000000
2018-07-27;10000,00000000;0,00000000;0,00000000
2018-07-30;10000,00000000;0,00000000;0,00000000
2018-07-31;10000,00000000;0,00000000;0,00000000
2018-08-01;10000,00000000;0,00000000;0,00000000
2018-08-02;10000,00000000;0,00000000;0,00000000
2018-08-03;10000,00000000;0,00000000;0,00000000
2018-08-06;10000,00000000;0,00000000;0,00000000
2018-08-07;10000,00000000;0,00000000;0,00000000
2018-08-08;10000,00000000;0,00000000;0,00000000
2018-08-09;10000,00000000;0,00000000;0,00000000
2018-08-10;10000,00000000;0,00000000;0,00000000
2018-08-13;10000,00000000;0,00000000;0,00000000
2018-08-14;10000,00000000;0,00000000;0,00000000
2018-08-15;10000,00000000;0,00000000;0,00000000
2018-08-16;10000,00000000;0,00000000;0,00000000
2018-08-17;10000,00000000;0,00000000;0,00000000
2018-08-20;10000,00000000;0,00000000;0,00000000
2018-08-21;10000,00000000;0,00000000;0,00000000
2018-08-22;10000,00000000;0,00000000;0,00000000
2018-08-23;10000,00000000;0,00000000;0,00000000
2018-08-24;10000,00000000;0,00000000;0,00000000
2018-08-28;10000,00000000;0,00000000;0,00000000
2018-08-29;10000,00000000;0,00000000;0,00000000
2018-08-30;10000,00000000;0,00000000;0,00000000
2018-08-31;10000,00000000;0,00000000;0,00000000
2018-09-04;10000,00000000;0,00000000;0,00000000
2018-09-05;10000,00000000;0,00000000;0,00000000
2018-09-06;10000,00000000;0,00000000;0,00000000
2018-09-07;10000,00000000;0,00000000;0,00000000
2018-09-10;10000,00000000;0,00000000;0,00000000
2018-09-11;10000,00000000;0,00000000;0,00000000
2018-09-12;10000,00000000;0,00000000;0,00000000
2018-09-13;10000,00000000;0,00000000;0,00000000
2018-09-14;10000,00000000;0,00000000;0,00000000
2018-09-17;10000,00000000;0,00000000;0,00000000
2018-09-18;10000,00000000;0,00000000;0,00000000
2018-09-19;10000,00000000;0,00000000;0,00000000
2018-09-20;10000,00000000;0,00000000;0,00000000
2018-09-21;10000,00000000;0,00000000;0,00000000
2018-09-24;10000,00000000;0,00000000;0,00000000
2018-09-25;10000,00000000;0,00000000;0,00000000
2018-09-26;10000,00000000;0,00000000;0,00000000
2018-09-27;10000,00000000;0,00000000;0,00000000
2018-09-28;10000,00000000;0,00000000;0,00000000
2018-10-01;10000,00000000;0,00000000;0,00000000
2018-10-02;10000,00000000;0,00000000;0,00000000
2018-10-03;10000,00000000;0,00000000;0,00000000
2018-10-04;10000,00000000;0,00000000;0,00000000
2018-10-05;10000,00000000;0,00000000;0,00000000
2018-10-08;10000,00000000;0,00000000;0,00000000
2018-10-09;10000,00000000;0,00000000;0,00000000
2018-10-10;10000,00000000;0,00000000;0,00000000
2018-10-11;10000,00000000;0,00000000;0,00000000
2018-10-12;10000,00000000;0,00000000;0,00000000
2018-10-15;10000,00000000;0,00000000;0,00000000
2018-10-16;10000,00000000;0,00000000;0,00000000
2018-10-17;10000,00000000;0,00000000;0,00000000
2018-10-18;10000,00000000;0,00000000;0,00000000
2018-10-19;10000,00000000;0,00000000;0,00000000
2018-10-22;10000,00000000;0,00000000;0,00000000
2018-10-23;10000,00000000;0,00000000;0,00000000
2018-10-24;10000,00000000;0,00000000;0,00000000
2018-10-25;10000,00000000;0,00000000;0,00000000
2018-10-26;10000,00000000;0,00000000;0,00000000
2018-10-29;10000,00000000;0,00000000;0,00000000
2018-10-30;10000,00000000;0,00000000;0,00000000
2018-10-31;10000,00000000;0,00000000;0,00000000
2018-11-01;10000,00000000;0,00000000;0,00000000
2018-11-02;10000,00000000;0,00000000;0,00000000
2018-11-05;10000,00000000;0,00000000;0,00000000
2018-11-06;10000,00000000;0,00000000;0,00000000
2018-11-07;10000,00000000;0,00000000;0,00000000
2018-11-08;10000,00000000;0,00000000;0,00000000
2018-11-09;10000,00000000;0,00000000;0,00000000
2018-11-12;10000,00000000;0,00000000;0,00000000
2018-11-13;10000,00000000;0,00000000;0,00000000
2018-11-14;10000,00000000;0,00000000;0,00000000
2018-11-15;10000,00000000;0,00000000;0,00000000
2018-11-16;10000,00000000;0,00000000;0,00000000
2018-11-19;10000,00000000;0,00000000;0,00000000
2018-11-20;10000,00000000;0,00000000;0,00000000
2018-11-21;10000,00000000;0,00000000;0,00000000
2018-11-23;10000,00000000;0,00000000;0,00000000
2018-11-26;10000,00000000;0,00000000;0,00000000
2018-11-27;10000,00000000;0,00000000;0,00000000
2018-11-28;10000,00000000;0,00000000;0,00000000
2018-11-29;10000,00000000;0,00000000;0,00000000
2018-11-30;10000,00000000;0,00000000;0,00000000
2018-12-03;10000,00000000;0,00000000;0,00000000
2018-12-04;10000,00000000;0,00000000;0,00000000
2018-12-06;10000,00000000;0,00000000;0,00000000
2018-12-07;10000,00000000;0,00000000;0,00000000
2018-12-10;10000,00000000;0,00000000;0,00000000
2018-12-11;10000,00000000;0,00000000;0,00000000
2018-12-12;10000,00000000;0,00000000;0,00000000
2018-12-13;10000,00000000;0,00000000;0,00000000
2018-12-14;10000,00000000;0,00000000;0,00000000
2018-12-17;10000,00000000;0,00000000;0,00000000
2018-12-18;10000,00000000;0,00000000;0,00000000
2018-12-19;10000,00000000;0,00000000;0,00000000
2018-12-20;10000,00000000;0,00000000;0,00000000
2018-12-21;10000,00000000;0,00000000;0,00000000
2018-12-24;10000,00000000;0,00000000;0,00000000
2018-12-27;10000,00000000;0,00000000;0,00000000
2018-12-28;10000,00000000;0,00000000;0,00000000
2018-12-31;10000,00000000;0,00000000;0,00000000
2019-01-02;10000,00000000;0,00000000;0,00000000
2019-01-03;9707,39583333;-0,02926042;-0,02926042
2019-01-04;9968,32068381;0,02687898;-0,00316793
2019-01-07;10037,09012752;0,00689880;0,00000000
2019-01-08;10103,79799219;0,00664614;0,00000000
2019-01-09;10204,22643176;0,00993967;0,00000000
2019-01-10;10221,39742342;0,00168273;0,00000000
2019-01-11;10196,94275197;-0,00239250;-0,00239250
2019-01-14;10121,77113391;-0,00737198;-0,00974684
2019-01-15;10254,15975845;0,01307959;0,00000000
2019-01-16;10255,63672167;0,00014404;0,00000000
2019-01-17;10270,11360603;0,00141160;0,00000000
2019-01-18;10416,04225460;0,01420906;0,00000000
2019-01-22;10281,49791513;-0,01291703;-0,01291703
2019-01-23;10255,82951395;-0,00249656;-0,01538135
2019-01-24;10313,91918951;0,00566406;-0,00980440
2019-01-25;10394,18702535;0,00778248;-0,00209823
2019-01-28;10290,25682505;-0,00999888;-0,01207613
2019-01-29;10245,36739259;-0,00436232;-0,01638577
2019-01-30;10452,81824949;0,02024826;0,00000000
2019-01-31;10469,98847334;0,00164264;0,00000000
2019-02-01;10526,42372968;0,00539019;0,00000000
2019-02-04;10616,87209889;0,00859251;0,00000000
2019-02-05;10730,19471718;0,01067382;0,00000000
2019-02-06;10741,10452248;0,00101674;0,00000000
2019-02-07;10606,16368285;-0,01256303;-0,01256303
2019-02-08;10633,27874331;0,00255654;-0,01003861
2019-02-11;10677,62541963;0,00417056;-0,00590992
2019-02-12;10779,38725874;0,00953038;0,00000000
2019-02-13;10810,16173547;0,00285494;0,00000000
2019-02-14;10831,59110959;0,00198234;0,00000000
2019-02-15;10895,54988051;0,00590484;0,00000000
2019-02-19;10855,94587742;-0,00363488;-0,00363488
2019-02-20;10871,63957297;0,00144563;-0,00219450
2019-02-21;10865,24558663;-0,00058813;-0,00278135
2019-02-22;10958,18279279;0,00855362;0,00000000
2019-02-25;11000,92817017;0,00390077;0,00000000
2019-02-26;10956,67438966;-0,00402273;-0,00402273
2019-02-27;10920,95501456;-0,00326006;-0,00726967
2019-02-28;10913,55149444;-0,00067792;-0,00794266
2019-03-01;10973,94237016;0,00553357;-0,00245305
2019-03-04;10965,63743426;-0,00075679;-0,00320798
2019-03-05;10959,14776081;-0,00059182;-0,00379790
2019-03-06;10918,22868162;-0,00373378;-0,00751750
2019-03-07;10842,22484149;-0,00696119;-0,01442636
2019-03-08;10833,06073729;-0,00084522;-0,01525939
2019-03-11;10975,96750952;0,01319173;-0,00226896
2019-03-12;11039,15027204;0,00575646;0,00000000
2019-03-13;11061,48353566;0,00202310;0,00000000
2019-03-14;11056,31734741;-0,00046704;-0,00046704
2019-03-15;11144,62659528;0,00798722;0,00000000
2019-03-18;11189,49353841;0,00402588;0,00000000
2019-03-19;11218,67364735;0,00260781;0,00000000
2019-03-20;11185,18345060;-0,00298522;-0,00298522
2019-03-21;11400,83379698;0,01928000;0,00000000
2019-03-22;11168,55344989;-0,02037398;-0,02037398
2019-03-25;11138,44237521;-0,00269606;-0,02301511
2019-03-26;11180,32248040;0,00375996;-0,01934168
2019-03-27;11125,52266712;-0,00490145;-0,02414833
2019-03-28;11203,20368895;0,00698224;-0,01733471
2019-03-29;11295,78249649;0,00826360;-0,00921435
2019-04-01;11385,74052397;0,00796386;-0,00132387
2019-04-02;11437,54674902;0,00455010;0,00000000
2019-04-03;11480,80408449;0,00378205;0,00000000
2019-04-04;11468,59841466;-0,00106314;-0,00106314
2019-04-05;11530,48779209;0,00539642;0,00000000
2019-04-08;11545,58599553;0,00130942;0,00000000
2019-04-09;11507,38566623;-0,00330865;-0,00330865
2019-04-10;11533,78369613;0,00229401;-0,00102223
2019-04-11;11535,97307701;0,00018982;-0,00083261
2019-04-12;11585,41485932;0,00428588;0,00000000
2019-04-15;11586,55252534;0,00009820;0,00000000
2019-04-16;11645,64673600;0,00510024;0,00000000
2019-04-17;11671,74133257;0,00224072;0,00000000
2019-04-18;11695,53830494;0,00203885;0,00000000
2019-04-23;11825,79005487;0,01113688;0,00000000
2019-04-24;11823,82882430;-0,00016584;-0,00016584
2019-04-25;11822,68544529;-0,00009670;-0,00026253
2019-04-26;11801,57349755;-0,00178572;-0,00204778
2019-04-29;11819,87076856;0,00155041;-0,00050054
2019-04-30;11787,06139054;-0,00277578;-0,00327493
2019-05-01;11777,02923297;-0,00085112;-0,00412326
2019-05-02;11712,06153805;-0,00551648;-0,00961699
2019-05-03;11767,75741810;0,00475543;-0,00490729
2019-05-07;11554,07255629;-0,01815850;-0,02297669
2019-05-08;11558,48144158;0,00038159;-0,02260387
2019-05-09;11448,53311211;-0,00951235;-0,03190120
2019-05-10;11467,38469241;0,00164664;-0,03030710
2019-05-13;11239,37665493;-0,01988318;-0,04958767
2019-05-14;11379,22148617;0,01244240;-0,03776226
2019-05-15;11469,46105662;0,00793021;-0,03013152
2019-05-16;11593,47757428;0,01081276;-0,01964456
2019-05-17;11555,35963842;-0,00328788;-0,02286785
2019-05-20;11415,44944320;-0,01210782;-0,03469879
2019-05-21;11498,58322875;0,00728257;-0,02766892
2019-05-22;11500,40544973;0,00015847;-0,02751483
2019-05-23;11340,69458588;-0,01388741;-0,04102013
2019-05-24;11354,75069869;0,00123944;-0,03983153
2019-05-28;11343,37638005;-0,00100172;-0,04079336
2019-05-29;11259,97980194;-0,00735201;-0,04784545
2019-05-30;11315,69867892;0,00494840;-0,04313381
2019-05-31;11193,97223444;-0,01075731;-0,05342711
2019-06-03;11096,13525613;-0,00874015;-0,06170030
2019-06-04;11300,39031289;0,01840777;-0,04442830
2019-06-05;11395,63621799;0,00842855;-0,03637422
2019-06-06;11484,04282812;0,00775794;-0,02889847
2019-06-07;11635,04977372;0,01314928;-0,01612918
2019-06-10;11741,40249498;0,00914072;-0,00713589
2019-06-11;11728,62471855;-0,00108827;-0,00821639
2019-06-12;11675,87841338;-0,00449723;-0,01267667
2019-06-13;11710,79366700;0,00299037;-0,00972420
2019-06-14;11670,59547892;-0,00343258;-0,01312340
2019-06-17;11699,95998633;0,00251611;-0,01064031
2019-06-18;11855,33039145;0,01327957;0,00000000
2019-06-19;11849,82767334;-0,00046416;-0,00046416
2019-06-20;11954,94612270;0,00887088;0,00000000
2019-06-21;11934,72836681;-0,00169116;-0,00169116
2019-06-24;11937,05991905;0,00019536;-0,00149613
2019-06-25;11810,86447413;-0,01057174;-0,01205205
2019-06-26;11871,81063158;0,00516018;-0,00695407
2019-06-27;11890,42788181;0,00156819;-0,00539678
2019-06-28;11900,63167624;0,00085815;-0,00454326
2019-07-01;12046,36024073;0,01224545;0,00000000
2019-07-02;12087,23587749;0,00339319;0,00000000
2019-07-03;12171,71420632;0,00698905;0,00000000
2019-07-05;12160,12033390;-0,00095253;-0,00095253
2019-07-08;12108,28424429;-0,00426279;-0,00521126
2019-07-09;12138,45262725;0,00249155;-0,00273269
2019-07-10;12190,17578677;0,00426110;0,00000000
2019-07-11;12207,87085692;0,00145158;0,00000000
2019-07-12;12255,64029517;0,00391300;0,00000000
2019-07-15;12301,79076402;0,00376565;0,00000000
2019-07-16;12276,29774925;-0,00207230;-0,00207230
2019-07-17;12232,41601304;-0,00357451;-0,00563940
2019-07-18;12238,75906039;0,00051854;-0,00512378
2019-07-19;12230,93955525;-0,00063891;-0,00575942
2019-07-22;12289,69124166;0,00480353;-0,00098356
2019-07-23;12358,93499124;0,00563430;0,00000000
2019-07-24;12405,95663607;0,00380467;0,00000000
2019-07-25;12381,89470310;-0,00193955;-0,00193955
2019-07-26;12437,95178122;0,00452734;0,00000000
2019-07-29;12489,94441765;0,00418016;0,00000000
2019-07-30;12454,25695547;-0,00285730;-0,00285730
2019-07-31;12337,35691927;-0,00938635;-0,01221683
2019-08-01;12335,54631153;-0,00014676;-0,01236179
2019-08-02;12124,97420743;-0,01707035;-0,02922112
2019-08-05;11784,27489707;-0,02809897;-0,05649901
2019-08-06;11853,45496427;0,00587054;-0,05096015
2019-08-07;11906,35118295;0,00446251;-0,04672505
2019-08-08;12137,36339267;0,01940244;-0,02822919
2019-08-09;12059,58663162;-0,00640804;-0,03445634
2019-08-12;11976,91242759;-0,00685548;-0,04107560
2019-08-13;12159,11102158;0,01521248;-0,02648798
2019-08-14;11887,10072070;-0,02237090;-0,04826632
2019-08-15;11840,04102772;-0,00395889;-0,05203413
2019-08-16;11996,17528574;0,01318697;-0,03953333
2019-08-19;12139,83922022;0,01197581;-0,02803097
2019-08-20;12089,66237671;-0,00413324;-0,03204834
2019-08-21;12185,43993435;0,00792227;-0,02437997
2019-08-22;12115,10926134;-0,00577170;-0,03001095
2019-08-23;11870,68547687;-0,02017512;-0,04958060
2019-08-27;11934,16395152;0,00534750;-0,04449823
2019-08-28;11966,61817410;0,00271944;-0,04189981
2019-08-29;12128,65295251;0,01354057;-0,02892659
2019-08-30;12126,87351993;-0,00014671;-0,02906906
2019-09-03;12073,81123427;-0,00437559;-0,03331746
2019-09-04;12187,63747503;0,00942753;-0,02420403
2019-09-05;12325,40776737;0,01130410;-0,01317353
2019-09-06;12334,99824446;0,00077811;-0,01240567
2019-09-09;12276,99738612;-0,00470214;-0,01704948
2019-09-10;12223,57052882;-0,00435179;-0,02132707
2019-09-11;12333,46145250;0,00899008;-0,01252872
2019-09-12;12393,13117782;0,00483804;-0,00775129
2019-09-13;12319,35157143;-0,00595327;-0,01365842
2019-09-16;12287,45139558;-0,00258944;-0,01621248
2019-09-17;12299,11702658;0,00094939;-0,01527848
2019-09-18;12296,51723802;-0,00021138;-0,01548663
2019-09-19;12338,95909106;0,00345153;-0,01208855
2019-09-20;12251,04317235;-0,00712507;-0,01912749
2019-09-23;12263,98833175;0,00105666;-0,01809104
2019-09-24;12197,22473344;-0,00544387;-0,02343643
2019-09-25;12269,91758636;0,00595979;-0,01761632
2019-09-26;12284,41042983;0,00118117;-0,01645596
2019-09-27;12233,91087055;-0,00411087;-0,02049917
2019-09-30;12295,20597604;0,00501026;-0,01559162
2019-10-01;12230,24729611;-0,00528325;-0,02079250
2019-10-02;11997,19330948;-0,01905554;-0,03945183
2019-10-03;12041,86150227;0,00372322;-0,03587549
2019-10-04;12222,33295560;0,01498701;-0,02142615
2019-10-07;12223,75437872;0,00011630;-0,02131235
2019-10-08;12083,35008189;-0,01148618;-0,03255373
2019-10-09;12184,65873439;0,00838415;-0,02444252
2019-10-10;12228,11205733;0,00356623;-0,02096345
2019-10-11;12272,24522255;0,00360916;-0,01742996
2019-10-14;12272,23799934;-0,00000059;-0,01743054
2019-10-15;12333,37288292;0,00498156;-0,01253581
2019-10-16;12255,44413630;-0,00631853;-0,01877513
2019-10-17;12243,38003305;-0,00098439;-0,01974103
2019-10-18;12171,96381610;-0,00583305;-0,02545893
2019-10-21;12222,74784413;0,00417221;-0,02139294
2019-10-22;12155,42793198;-0,00550776;-0,02678286
2019-10-23;12174,21464383;0,00154554;-0,02527872
2019-10-24;12299,05227962;0,01025427;-0,01528367
2019-10-25;12385,22439328;0,00700640;-0,00838435
2019-10-28;12476,23967765;0,00734870;-0,00109726
2019-10-29;12413,46820469;-0,00503128;-0,00612302
2019-10-30;12450,52304651;0,00298505;-0,00315625
2019-10-31;12420,95075792;-0,00237518;-0,00552394
2019-11-01;12532,91422964;0,00901408;0,00000000
2019-11-04;12605,50309572;0,00579186;0,00000000
2019-11-05;12603,78014803;-0,00013668;-0,00013668
2019-11-06;12601,02243540;-0,00021880;-0,00035545
2019-11-07;12689,48305938;0,00702011;0,00000000
2019-11-08;12720,03129057;0,00240737;0,00000000
2019-11-11;12699,46385085;-0,00161693;-0,00161693
2019-11-12;12746,92166238;0,00373699;0,00000000
2019-11-13;12744,69313726;-0,00017483;-0,00017483
2019-11-14;12726,18597498;-0,00145215;-0,00162672
2019-11-15;12801,76930430;0,00593920;0,00000000
2019-11-18;12802,87165020;0,00008611;0,00000000
2019-11-19;12827,01256097;0,00188559;0,00000000
2019-11-20;12786,18401413;-0,00318301;-0,00318301
2019-11-21;12737,32959961;-0,00382088;-0,00699173
2019-11-22;12758,80579876;0,00168608;-0,00531743
2019-11-25;12862,46485775;0,00812451;0,00000000
2019-11-26;12897,55287400;0,00272794;0,00000000
2019-11-27;12930,60682393;0,00256281;0,00000000
2019-11-29;12890,55081058;-0,00309777;-0,00309777
2019-12-02;12754,00246180;-0,01059290;-0,01365786
2019-12-03;12634,07594223;-0,00940305;-0,02293248
2019-12-04;12675,06597369;0,00324440;-0,01976248
2019-12-05;12681,51290356;0,00050863;-0,01926390
2019-12-06;12811,39732125;0,01024203;-0,00921917
2019-12-09;12755,67933431;-0,00434910;-0,01352817
2019-12-10;12746,66454263;-0,00070673;-0,01422534
2019-12-11;12792,31997433;0,00358176;-0,01069454
2019-12-12;12907,00401884;0,00896507;-0,00182534
2019-12-13;12893,27424822;-0,00106375;-0,00288715
2019-12-16;13004,28843365;0,00861024;0,00000000
2019-12-17;13045,27553774;0,00315181;0,00000000
2019-12-18;13065,24418532;0,00153072;0,00000000
2019-12-19;13136,26818554;0,00543610;0,00000000
2019-12-20;13189,64819959;0,00406356;0,00000000
2019-12-23;13257,37910882;0,00513516;0,00000000
2019-12-24;13249,89122890;-0,00056481;-0,00056481
2019-12-27;13273,27229325;0,00176462;0,00000000
2019-12-30;13196,25146568;-0,00580270;-0,00580270
2019-12-31;13190,71381529;-0,00041964;-0,00621990
2020-01-02;13367,03213429;0,01336685;0,00000000
2020-01-03;13301,37329927;-0,00491200;-0,00491200
2020-01-06;13286,07693067;-0,00114998;-0,00605633
2020-01-07;13313,08582577;0,00203287;-0,00403577
2020-01-08;13396,70338690;0,00628085;0,00000000
2020-01-09;13508,34560969;0,00833356;0,00000000
2020-01-10;13500,66064094;-0,00056891;-0,00056891
2020-01-13;13611,18658208;0,00818671;0,00000000
2020-01-14;13586,56879741;-0,00180864;-0,00180864
2020-01-15;13597,03321198;0,00077020;-0,00103983
2020-01-16;13686,23115614;0,00656010;0,00000000
2020-01-17;13767,14204456;0,00591185;0,00000000
2020-01-21;13755,96430997;-0,00081191;-0,00081191
2020-01-22;13752,08892341;-0,00028172;-0,00109341
2020-01-23;13759,15036732;0,00051348;-0,00058049
2020-01-24;13757,99814309;-0,00008374;-0,00066418
2020-01-27;13496,87607558;-0,01897966;-0,01963123
2020-01-28;13693,50852916;0,01456874;-0,00534850
2020-01-29;13719,68066472;0,00191128;-0,00344744
2020-01-30;13703,45553293;-0,00118262;-0,00462598
2020-01-31;13454,51776488;-0,01816606;-0,02270800
2020-02-03;13623,57846079;0,01256535;-0,01042799
2020-02-04;13864,05034346;0,01765115;0,00000000
2020-02-05;13953,38952260;0,00644395;0,00000000
2020-02-06;14062,38594112;0,00781147;0,00000000
2020-02-07;13991,20440522;-0,00506184;-0,00506184
2020-02-10;14079,88510663;0,00633832;0,00000000
2020-02-11;14088,60872927;0,00061958;0,00000000
2020-02-12;14164,73268191;0,00540323;0,00000000
2020-02-13;14111,01330926;-0,00379247;-0,00379247
2020-02-14;14151,73708082;0,00288596;-0,00091746
2020-02-18;14096,56140916;-0,00389886;-0,00481275
2020-02-19;14252,66721790;0,01107403;0,00000000
2020-02-20;14163,14989994;-0,00628074;-0,00628074
2020-02-21;13952,39340524;-0,01488062;-0,02106790
2020-02-24;13518,34726437;-0,03110908;-0,05152158
2020-02-25;13201,93959537;-0,02340580;-0,07372147
2020-02-26;13250,42571574;0,00367265;-0,07031958
2020-02-27;12749,92368107;-0,03777252;-0,10543595
2020-02-28;12666,06870910;-0,00657690;-0,11131941
2020-03-02;13140,96145133;0,03749330;-0,07799984
2020-03-03;12906,62275529;-0,01783269;-0,09444158
2020-03-04;13223,05408625;0,02451697;-0,07224003
2020-03-05;12983,96047551;-0,01808157;-0,08901539
2020-03-06;12655,25295609;-0,02531643;-0,11207827
2020-03-09;11925,46500762;-0,05766680;-0,16328187
2020-03-10;12300,37378262;0,03143767;-0,13697741
2020-03-11;12017,68283689;-0,02298231;-0,15681166
2020-03-12;11128,84876323;-0,07396052;-0,21917431
2020-03-13;11784,55322729;0,05891934;-0,17316857
2020-03-16;10962,89825764;-0,06972305;-0,23081778
2020-03-17;11385,35939883;0,03853553;-0,20117693
2020-03-18;11094,00131359;-0,02559059;-0,22161928
2020-03-19;11164,67201118;0,00637017;-0,21666086
2020-03-20;10893,74480711;-0,02426647;-0,23566974
2020-03-23;10741,23806088;-0,01399948;-0,24636997
2020-03-24;11487,68702053;0,06949375;-0,19399739
2020-03-25;11592,74506688;0,00914527;-0,18662627
2020-03-26;11958,44180635;0,03154531;-0,16096815
2020-03-27;11514,69811361;-0,03710715;-0,19210223
2020-03-30;11832,65716626;0,02761332;-0,16979349
2020-03-31;11761,16197877;-0,00604219;-0,17480975
2020-04-01;11307,44563389;-0,03857751;-0,20664354
2020-04-02;11435,11054799;0,01129034;-0,19768627
2020-04-03;11371,25105067;-0,00558451;-0,20216680
2020-04-06;11993,66873563;0,05473608;-0,15849654
2020-04-07;12090,57705255;0,00807996;-0,15169723
2020-04-08;12207,97962151;0,00971025;-0,14346000
2020-04-09;12297,77211436;0,00735523;-0,13715995
2020-04-14;12562,68039240;0,02154116;-0,11857337
2020-04-15;12355,83601021;-0,01646499;-0,13308605
2020-04-16;12480,96886648;0,01012743;-0,12430644
2020-04-17;12623,50971232;0,01142066;-0,11430545
2020-04-20;12561,62004227;-0,00490273;-0,11864777
2020-04-21;12179,58178792;-0,03041314;-0,14545245
2020-04-22;12479,60204019;0,02463305;-0,12440234
2020-04-23;12482,77597623;0,00025433;-0,12417965
2020-04-24;12575,78698888;0,00745115;-0,11765378
2020-04-27;12710,16401662;0,01068538;-0,10822558
2020-04-28;12652,30844353;-0,00455191;-0,11228486
2020-04-29;12993,61468475;0,02697581;-0,08833803
2020-04-30;12859,12419529;-0,01035051;-0,09777419
2020-05-01;12596,76894983;-0,02040226;-0,11618164
2020-05-04;12663,98161592;0,00533571;-0,11146585
2020-05-05;12861,41568712;0,01559021;-0,09761342
2020-05-06;12913,97182152;0,00408634;-0,09392596
2020-05-07;13066,84040161;0,01183746;-0,08320034
2020-05-11;13251,24401701;0,01411233;-0,07026216
2020-05-12;13139,32307802;-0,00844607;-0,07811479
2020-05-13;12933,60051886;-0,01565701;-0,09254876
2020-05-14;12960,37049610;0,00206980;-0,09067052
2020-05-15;13055,21786992;0,00731826;-0,08401581
2020-05-18;13377,73661854;0,02470420;-0,06138715
2020-05-19;13342,18516715;-0,00265751;-0,06388152
2020-05-20;13524,56530898;0,01366944;-0,05108531
2020-05-21;13380,28277028;-0,01066818;-0,06120850
2020-05-22;13410,50567883;0,00225876;-0,05908800
2020-05-26;13473,78114666;0,00471835;-0,05464844
2020-05-27;13543,26553009;0,00515701;-0,04977326
2020-05-28;13599,44414469;0,00414808;-0,04583164
2020-05-29;13609,06928452;0,00070776;-0,04515632
2020-06-01;13628,65842931;0,00143942;-0,04378190
2020-06-02;13696,74046437;0,00499551;-0,03900510
2020-06-03;13829,69414309;0,00970696;-0,02967677
2020-06-04;13767,04300529;-0,00453019;-0,03407251
2020-06-05;14026,36896524;0,01883672;-0,01587761
2020-06-08;14073,27210812;0,00334393;-0,01258677
2020-06-09;14079,19110604;0,00042058;-0,01217148
2020-06-10;14179,05350072;0,00709291;-0,00516491
2020-06-11;13627,87805503;-0,03887251;-0,04383665
2020-06-12;13700,40395800;0,00532188;-0,03874806
2020-06-15;13734,62889821;0,00249810;-0,03634676
2020-06-16;14031,09345470;0,02158519;-0,01554613
2020-06-17;14061,24923235;0,00214921;-0,01343033
2020-06-18;14109,82349120;0,00345448;-0,01002225
2020-06-19;14112,32797554;0,00017750;-0,00984652
2020-06-22;14179,69215166;0,00477343;-0,00512010
2020-06-23;14276,79671414;0,00684814;0,00000000
2020-06-24;14005,28375985;-0,01901778;-0,01901778
2020-06-25;14084,69220528;0,00566989;-0,01345572
2020-06-26;13961,98769831;-0,00871191;-0,02205040
2020-06-29;14079,63033009;0,00842592;-0,01381027
2020-06-30;14202,91523854;0,00875626;-0,00517493
2020-07-01;14213,75749310;0,00076338;-0,00441550
2020-07-02;14323,59922004;0,00772785;0,00000000
2020-07-06;14509,37397402;0,01296984;0,00000000
2020-07-07;14381,41734231;-0,00881889;-0,00881889
2020-07-08;14455,13144832;0,00512565;-0,00373845
2020-07-09;14440,90331472;-0,00098430;-0,00471906
2020-07-10;14476,75448422;0,00248261;-0,00224817
2020-07-13;14440,15989952;-0,00252782;-0,00477030
2020-07-14;14460,92411730;0,00143795;-0,00333921
2020-07-15;14570,02007369;0,00754419;0,00000000
2020-07-16;14447,92635755;-0,00837979;-0,00837979
2020-07-17;14531,81067869;0,00580598;-0,00262247
2020-07-20;14699,38021871;0,01153122;0,00000000
2020-07-21;14643,00371754;-0,00383530;-0,00383530
2020-07-22;14689,63570422;0,00318459;-0,00066292
2020-07-23;14508,21447631;-0,01235029;-0,01300502
2020-07-24;14326,75409842;-0,01250742;-0,02534978
2020-07-27;14421,66739530;0,00662490;-0,01889283
2020-07-28;14331,42138157;-0,00625767;-0,02503227
2020-07-29;14433,27954578;0,00710733;-0,01810285
2020-07-30;14402,54925754;-0,00212913;-0,02019343
2020-07-31;14555,92999243;0,01064955;-0,00975893
2020-08-03;14842,67969714;0,01969985;0,00000000
2020-08-04;14867,66235806;0,00168316;0,00000000
2020-08-05;14916,80346804;0,00330523;0,00000000
2020-08-06;15002,50820153;0,00574552;0,00000000
2020-08-07;14942,45216827;-0,00400307;-0,00400307
2020-08-10;14907,94442778;-0,00230938;-0,00630320
2020-08-11;14831,09445415;-0,00515497;-0,01142567
2020-08-12;15038,62914643;0,01399321;0,00000000
2020-08-13;15023,43246496;-0,00101051;-0,00101051
2020-08-14;14992,98680473;-0,00202654;-0,00303501
2020-08-17;15069,87013713;0,00512795;0,00000000
2020-08-18;15050,47960804;-0,00128671;-0,00128671
2020-08-19;15074,57385823;0,00160090;0,00000000
2020-08-20;15144,76903175;0,00465653;0,00000000
2020-08-21;15266,79703346;0,00805744;0,00000000
2020-08-24;15398,68943676;0,00863917;0,00000000
2020-08-25;15427,91906053;0,00189819;0,00000000
2020-08-26;15606,01668638;0,01154385;0,00000000
2020-08-27;15631,29481669;0,00161977;0,00000000
2020-08-28;15649,72381792;0,00117898;0,00000000
2020-09-01;15815,53316242;0,01059503;0,00000000
2020-09-02;15981,42911809;0,01048943;0,00000000
2020-09-03;15435,20354495;-0,03417877;-0,03417877
2020-09-04;15224,28708977;-0,01366464;-0,04737637
2020-09-08;14942,59260239;-0,01850297;-0,06500273
2020-09-09;15253,44090756;0,02080284;-0,04555213
2020-09-10;15160,73516254;-0,00607769;-0,05135298
2020-09-11;15085,43624716;-0,00496671;-0,05606463
2020-09-14;15253,05458645;0,01111127;-0,04557631
2020-09-15;15367,07839648;0,00747547;-0,03844154
2020-09-16;15208,91876380;-0,01029211;-0,04833800
2020-09-17;15086,44469220;-0,00805278;-0,05600153
2020-09-18;14944,04018785;-0,00943924;-0,06491215
2020-09-21;14890,19482981;-0,00360313;-0,06828140
2020-09-22;15074,16768559;0,01235530;-0,05676973
2020-09-23;14875,85464628;-0,01315582;-0,06917870
2020-09-24;14845,35424781;-0,00205033;-0,07108719
2020-09-25;15044,73493347;0,01343051;-0,05861142
2020-09-28;15246,63053952;0,01341969;-0,04597828
2020-09-29;15219,93523625;-0,00175090;-0,04764867
2020-09-30;15282,87766037;0,00413553;-0,04371020
2020-10-01;15384,99301626;0,00668168;-0,03732057
2020-10-02;15382,06788155;-0,00019013;-0,03750361
2020-10-05;15384,68493922;0,00017014;-0,03733985
2020-10-06;15385,10117178;0,00002705;-0,03731381
2020-10-07;15385,42026099;0,00002074;-0,03729384
2020-10-08;15386,35615511;0,00006083;-0,03723528
2020-10-09;15387,91210213;0,00010113;-0,03713792
2020-10-12;15392,72088253;0,00031250;-0,03683702
2020-10-13;15390,74068654;-0,00012864;-0,03696093
2020-10-14;15389,80574051;-0,00006075;-0,03701943
2020-10-15;15388,83905084;-0,00006281;-0,03707992
2020-10-16;15390,96608661;0,00013822;-0,03694682
2020-10-19;15388,56128101;-0,00015625;-0,03709730
2020-10-20;15386,95268046;-0,00010453;-0,03719795
2020-10-21;15385,73077821;-0,00007941;-0,03727441
2020-10-22;15387,06321517;0,00008660;-0,03719104
2020-10-23;15387,52226859;0,00002983;-0,03716231
2020-10-26;15384,55814756;-0,00019263;-0,03734778
2020-10-27;15382,99312581;-0,00010173;-0,03744571
2020-10-28;15377,69460504;-0,00034444;-0,03777725
2020-10-29;15381,05462998;0,00021850;-0,03756701
2020-10-30;15378,34744733;-0,00017601;-0,03773640
2020-11-02;15379,66189801;0,00008547;-0,03765416
2020-11-03;15381,97128849;0,00015016;-0,03750965
2020-11-04;15385,54065524;0,00023205;-0,03728631
2020-11-05;15390,63684448;0,00033123;-0,03696742
2020-11-06;15388,93961261;-0,00011028;-0,03707362
2020-11-09;15392,05778265;0,00020262;-0,03687851
2020-11-10;15387,25671919;-0,00031192;-0,03717893
2020-11-11;15390,20884103;0,00019185;-0,03699421
2020-11-12;15389,38990357;-0,00005321;-0,03704545
2020-11-13;15391,74892164;0,00015329;-0,03689784
2020-11-16;15393,65289042;0,00012370;-0,03677870
2020-11-17;15392,72677181;-0,00006016;-0,03683665
2020-11-18;15391,66108134;-0,00006923;-0,03690334
2020-11-19;15392,05913832;0,00002586;-0,03687843
2020-11-20;15391,07241867;-0,00006411;-0,03694017
2020-11-23;15390,87855943;-0,00001260;-0,03695230
2020-11-24;15393,05561041;0,00014145;-0,03681608
2020-11-25;15391,41291806;-0,00010672;-0,03691886
2020-11-27;15394,36064712;0,00019152;-0,03673442
2020-11-30;15392,36520182;-0,00012962;-0,03685928
2020-12-01;15393,27249324;0,00005894;-0,03680250
2020-12-02;15395,20124573;0,00012530;-0,03668182
2020-12-03;15394,59925713;-0,00003910;-0,03671949
2020-12-04;15397,96019765;0,00021832;-0,03650918
2020-12-07;15395,79150661;-0,00014084;-0,03664488
2020-12-08;15396,14014060;0,00002264;-0,03662307
2020-12-09;15393,75945440;-0,00015463;-0,03677203
2020-12-10;15394,23167721;0,00003068;-0,03674249
2020-12-11;15395,44582194;0,00007887;-0,03666651
2020-12-14;15394,29722463;-0,00007461;-0,03673838
2020-12-15;15395,56361499;0,00008226;-0,03665914
2020-12-16;15398,43366427;0,00018642;-0,03647956
2020-12-17;15399,28630038;0,00005537;-0,03642621
2020-12-18;15399,17580938;-0,00000718;-0,03643312
2020-12-21;15399,21295069;0,00000241;-0,03643079
2020-12-22;15400,98405434;0,00011501;-0,03631997
2020-12-23;15397,73974965;-0,00021066;-0,03652298
2020-12-24;15399,67056804;0,00012540;-0,03640216
2020-12-29;15401,98251629;0,00015013;-0,03625750
2020-12-30;15399,71456675;-0,00014725;-0,03639941
2020-12-31;15401,01509755;0,00008445;-0,03631803
2021-01-04;15398,91185305;-0,00013657;-0,03644964
2021-01-05;15398,04048623;-0,00005659;-0,03650416
2021-01-06;15399,09782777;0,00006867;-0,03643800
2021-01-07;15403,18822662;0,00026563;-0,03618205
2021-01-08;15402,66165297;-0,00003419;-0,03621500
2021-01-11;15403,44106040;0,00005060;-0,03616623
2021-01-12;15400,24565179;-0,00020745;-0,03636618
2021-01-13;15401,20342050;0,00006219;-0,03630625
2021-01-14;15401,71927610;0,00003349;-0,03627397
2021-01-15;15399,94853605;-0,00011497;-0,03638477
2021-01-19;15401,71232058;0,00011453;-0,03627440
2021-01-20;15405,04401964;0,00021632;-0,03606593
2021-01-21;15406,52873493;0,00009638;-0,03597303
2021-01-22;15404,31620916;-0,00014361;-0,03611147
2021-01-25;15406,65632225;0,00015191;-0,03596504
2021-01-26;15405,27391112;-0,00008973;-0,03605154
2021-01-27;15401,43274072;-0,00024934;-0,03629190
2021-01-28;15403,76483200;0,00015142;-0,03614597
2021-01-29;15399,21131165;-0,00029561;-0,03643090
2021-02-01;15403,22175143;0,00026043;-0,03617995
2021-02-02;15403,38899948;0,00001086;-0,03616949
2021-02-03;15403,30638793;-0,00000536;-0,03617466
2021-02-04;15405,32834586;0,00013127;-0,03604814
2021-02-05;15405,65879204;0,00002145;-0,03602746
2021-02-08;15406,14620017;0,00003164;-0,03599696
2021-02-09;15405,94793246;-0,00001287;-0,03600937
2021-02-10;15403,97554146;-0,00012803;-0,03613279
2021-02-11;15406,13793901;0,00014038;-0,03599748
2021-02-12;15404,62817267;-0,00009800;-0,03609195
2021-02-16;15406,26185633;0,00010605;-0,03598973
2021-02-17;15405,88184322;-0,00002467;-0,03601350
2021-02-18;15403,29812678;-0,00016771;-0,03617517
2021-02-19;15405,27877893;0,00012859;-0,03605124
2021-02-22;15402,62071210;-0,00017254;-0,03621756
2021-02-23;15401,68720162;-0,00006061;-0,03627597
2021-02-24;15400,82383832;-0,00005606;-0,03633000
2021-02-25;15402,11678166;0,00008395;-0,03624909
2021-02-26;15401,48067276;-0,00004130;-0,03628890
2021-03-01;15401,35255222;-0,00000832;-0,03629691
2021-03-02;15399,81495497;-0,00009984;-0,03639313
2021-03-03;15396,85032329;-0,00019251;-0,03657863
2021-03-04;15388,67310158;-0,00053110;-0,03709030
2021-03-05;15380,91522457;-0,00050413;-0,03757573
2021-03-08;15402,05146005;0,00137419;-0,03625318
2021-03-09;15401,70200613;-0,00002269;-0,03627505
2021-03-10;15404,00840200;0,00014975;-0,03613073
2021-03-11;15410,54891693;0,00042460;-0,03572147
2021-03-12;15408,20184903;-0,00015230;-0,03586834
2021-03-15;15412,67485920;0,00029030;-0,03558845
2021-03-16;15417,63710486;0,00032196;-0,03527795
2021-03-17;15416,41974278;-0,00007896;-0,03535412
2021-03-18;15415,33070899;-0,00007064;-0,03542226
2021-03-19;15411,13726196;-0,00027203;-0,03568466
2021-03-22;15415,68016291;0,00029478;-0,03540040
2021-03-23;15418,93581099;0,00021119;-0,03519668
2021-03-24;15417,77688642;-0,00007516;-0,03526920
2021-03-25;15410,71791725;-0,00045785;-0,03571090
2021-03-26;15416,16939839;0,00035375;-0,03536979
2021-03-29;15418,12634034;0,00012694;-0,03524733
2021-03-30;15424,31740135;0,00040154;-0,03485994
2021-03-31;15421,76066110;-0,00016576;-0,03501993
2021-04-01;15426,20445252;0,00028815;-0,03474187
2021-04-06;15433,71101849;0,00048661;-0,03427216
2021-04-07;15437,21869530;0,00022727;-0,03405268
2021-04-08;15444,40339106;0,00046541;-0,03360311
2021-04-09;15445,01353265;0,00003951;-0,03356493
2021-04-12;15445,92293035;0,00005888;-0,03350803
2021-04-13;15448,52120947;0,00016822;-0,03334545
2021-04-14;15448,39129551;-0,00000841;-0,03335358
2021-04-15;15453,75719588;0,00034734;-0,03301782
2021-04-16;15454,60163660;0,00005464;-0,03296498
2021-04-19;15442,93490936;-0,00075490;-0,03369500
2021-04-20;15435,14007200;-0,00050475;-0,03418274
2021-04-21;15441,37594189;0,00040400;-0,03379255
2021-04-22;15451,74352957;0,00067142;-0,03314382
2021-04-23;15452,39309935;0,00004204;-0,03310317
2021-04-26;15451,83401534;-0,00003618;-0,03313816
2021-04-27;15449,98969116;-0,00011936;-0,03325356
2021-04-28;15450,14513391;0,00001006;-0,03324383
2021-04-29;15448,26138155;-0,00012192;-0,03336171
2021-04-30;15453,17258308;0,00031791;-0,03305440
2021-05-04;15440,27167326;-0,00083484;-0,03386164
2021-05-05;15448,69055160;0,00054525;-0,03333485
2021-05-06;15449,08029347;0,00002523;-0,03331046
2021-05-07;15453,39298281;0,00027916;-0,03304061
2021-05-10;15445,72805941;-0,00049600;-0,03352022
2021-05-11;15430,20334167;-0,00100511;-0,03449164
2021-05-12;15424,56743252;-0,00036525;-0,03484430
2021-05-13;15427,03579769;0,00016003;-0,03468985
2021-05-14;15434,96054900;0,00051369;-0,03419397
2021-05-17;15433,12640568;-0,00011883;-0,03430874
2021-05-18;15433,32127662;0,00001263;-0,03429655
2021-05-19;15420,67001384;-0,00081974;-0,03508817
2021-05-20;15433,40158153;0,00082562;-0,03429152
2021-05-21;15436,56912552;0,00020524;-0,03409332
2021-05-24;15441,32633284;0,00030818;-0,03379565
2021-05-25;15441,19641889;-0,00000841;-0,03380378
2021-05-26;15442,04085960;0,00005469;-0,03375094
2021-05-27;15442,02551167;-0,00000099;-0,03375190
2021-05-28;15444,81866172;0,00018088;-0,03357713
2021-06-01;15443,98956894;-0,00005368;-0,03362900
2021-06-02;15444,76905267;0,00005047;-0,03358023
2021-06-03;15445,22375152;0,00002944;-0,03355178
2021-06-04;15447,09510350;0,00012116;-0,03343468
2021-06-07;15446,40537751;-0,00004465;-0,03347784
2021-06-08;15447,57460311;0,00007570;-0,03340468
2021-06-09;15451,01732295;0,00022286;-0,03318926
2021-06-10;15449,84809734;-0,00007567;-0,03326242
2021-06-11;15452,88867492;0,00019680;-0,03307216
2021-06-14;15453,74551602;0,00005545;-0,03301855
2021-06-15;15455,88909630;0,00013871;-0,03288442
2021-06-16;15456,65617965;0,00004963;-0,03283642
2021-06-17;15459,52668706;0,00018571;-0,03265681
2021-06-18;15455,94165289;-0,00023190;-0,03288113
2021-06-21;15456,73353701;0,00005123;-0,03283158
2021-06-22;15460,76086964;0,00026056;-0,03257958
2021-06-23;15458,81216030;-0,00012604;-0,03270152
2021-06-24;15466,26981239;0,00048242;-0,03223487
2021-06-25;15468,47834964;0,00014280;-0,03209668
2021-06-28;15468,03605118;-0,00002859;-0,03212435
2021-06-29;15472,84286755;0,00031076;-0,03182358
2021-06-30;15471,67364194;-0,00007557;-0,03189674
2021-07-01;15475,94840210;0,00027630;-0,03162926
2021-07-02;15540,65403981;0,00418105;-0,02758045
2021-07-06;15573,13150536;0,00208984;-0,02554825
2021-07-07;15621,12546794;0,00308184;-0,02254515
2021-07-08;15588,03504494;-0,00211831;-0,02461570
2021-07-09;15634,78773754;0,00299927;-0,02169026
2021-07-12;15630,74493155;-0,00025858;-0,02194323
2021-07-13;15654,76284772;0,00153658;-0,02044037
2021-07-14;15721,78451163;0,00428123;-0,01624665
2021-07-15;15710,72222238;-0,00070363;-0,01693884
2021-07-16;15636,47902225;-0,00472564;-0,02158443
2021-07-19;15600,25940095;-0,00231635;-0,02385079
2021-07-20;15644,20602122;0,00281704;-0,02110093
2021-07-21;15627,79779459;-0,00104884;-0,02212764
2021-07-22;15639,96216627;0,00077838;-0,02136648
2021-07-23;15641,50418677;0,00009859;-0,02127000
2021-07-26;15619,03974751;-0,00143621;-0,02267565
2021-07-27;15596,33766793;-0,00145349;-0,02409618
2021-07-28;15646,32141292;0,00320484;-0,02096857
2021-07-29;15738,39617100;0,00588475;-0,01520721
2021-07-30;15672,50287299;-0,00418679;-0,01933033
2021-08-02;15681,29059133;0,00056071;-0,01878046
2021-08-03;15660,14897348;-0,00134821;-0,02010334
2021-08-04;15671,36081583;0,00071595;-0,01940179
2021-08-05;15644,26714616;-0,00172887;-0,02109711
2021-08-06;15467,60456604;-0,01129248;-0,03215135
2021-08-09;15331,65903377;-0,00878905;-0,04065782
2021-08-10;15342,87161654;0,00073134;-0,03995622
2021-08-11;15446,59174696;0,00676015;-0,03346618
2021-08-12;15461,94795927;0,00099415;-0,03250530
2021-08-13;15579,15121928;0,00758011;-0,02517158
2021-08-16;15598,54471018;0,00124484;-0,02395808
2021-08-17;15604,12621765;0,00035782;-0,02360883
2021-08-18;15609,87350518;0,00036832;-0,02324921
2021-08-19;15567,19403081;-0,00273413;-0,02591978
2021-08-20;15597,43226642;0,00194243;-0,02402769
2021-08-23;15707,46296561;0,00705441;-0,01714278
2021-08-24;15710,83670954;0,00021479;-0,01693168
2021-08-25;15662,20346905;-0,00309552;-0,01997479
2021-08-26;15663,59123895;0,00008861;-0,01988795
2021-08-27;15782,80808184;0,00761108;-0,01242824
2021-08-31;15770,58027644;-0,00077475;-0,01319337
2021-09-01;15783,58909125;0,00082488;-0,01237937
2021-09-02;15763,28601261;-0,00128634;-0,01364979
2021-09-03;15838,25009748;0,00475561;-0,00895909
2021-09-07;15691,16031785;-0,00928700;-0,01816288
2021-09-08;15660,58622928;-0,00194849;-0,02007598
2021-09-09;15678,54123942;0,00114651;-0,01895249
2021-09-10;15634,06057499;-0,00283704;-0,02173576
2021-09-13;15647,38616111;0,00085234;-0,02090195
2021-09-14;15697,39952256;0,00319628;-0,01777248
2021-09-15;15642,92147665;-0,00347051;-0,02118131
2021-09-16;15479,07865227;-0,01047393;-0,03143339
2021-09-17;15457,62321744;-0,00138609;-0,03277591
2021-09-20;15475,90138219;0,00118247;-0,03163220
2021-09-21;15547,38935360;0,00461931;-0,02715901
2021-09-22;15529,43434346;-0,00115486;-0,02828250
2021-09-23;15459,68214540;-0,00449161;-0,03264708
2021-09-24;15455,09548740;-0,00029669;-0,03293408
2021-09-27;15465,07464813;0,00064569;-0,03230966
2021-09-28;15362,37156603;-0,00664097;-0,03873606
2021-09-29;15361,24256669;-0,00007349;-0,03880670
2021-09-30;15462,11149279;0,00656646;-0,03249507
2021-10-01;15448,33226061;-0,00089116;-0,03335727
2021-10-04;15446,30315855;-0,00013135;-0,03348424
2021-10-05;15453,61387051;0,00047330;-0,03302679
2021-10-06;15450,13166658;-0,00022533;-0,03324468
2021-10-07;15467,33298726;0,00111334;-0,03216835
2021-10-08;15459,37985739;-0,00051419;-0,03266599
2021-10-11;15454,69031794;-0,00030335;-0,03295943
2021-10-12;15467,69803655;0,00084167;-0,03214550
2021-10-13;15590,94484561;0,00796801;-0,02443363
2021-10-14;15657,07286448;0,00424144;-0,02029582
2021-10-15;15542,74741941;-0,00730184;-0,02744947
2021-10-18;15535,70739320;-0,00045295;-0,02788998
2021-10-19;15564,83998505;0,00187520;-0,02606708
2021-10-20;15643,38135773;0,00504608;-0,02115254
2021-10-21;15632,52251488;-0,00069415;-0,02183200
2021-10-22;15692,22919530;0,00381939;-0,01809600
2021-10-25;15758,57258542;0,00422779;-0,01394472
2021-10-26;15713,19721400;-0,00287941;-0,01678397
2021-10-27;15732,25226246;0,00121268;-0,01559165
2021-10-28;15729,25790460;-0,00019033;-0,01577902
2021-10-29;15684,55246822;-0,00284218;-0,01857635
2021-11-01;15744,41764673;0,00381682;-0,01483043
2021-11-02;15770,24582740;0,00164047;-0,01321429
2021-11-03;15757,84861788;-0,00078611;-0,01399002
2021-11-04;15820,60939451;0,00398283;-0,01006291
2021-11-05;15843,85416236;0,00146927;-0,00860843
2021-11-08;15829,13191178;-0,00092921;-0,00952964
2021-11-09;15817,76846389;-0,00071788;-0,01024068
2021-11-10;15828,09947183;0,00065313;-0,00959424
2021-11-11;15839,20520879;0,00070165;-0,00889932
2021-11-12;15850,05276712;0,00068485;-0,00822056
2021-11-15;15850,56931752;0,00003259;-0,00818824
2021-11-16;15858,05939483;0,00047254;-0,00771957
2021-11-17;15834,81462698;-0,00146580;-0,00917405
2021-11-18;15832,49005364;-0,00014680;-0,00931951
2021-11-19;15838,68865840;0,00039151;-0,00893165
2021-11-22;15854,18517030;0,00097840;-0,00796199
2021-11-23;15821,38431667;-0,00206891;-0,01001442
2021-11-24;15840,23830959;0,00119168;-0,00883468
2021-11-26;15762,49757145;-0,00490780;-0,01369912
2021-11-29;15800,46392904;0,00240865;-0,01132347
2021-11-30;15774,37823057;-0,00165095;-0,01295572
2021-12-01;15805,11288261;0,00194839;-0,01103257
2021-12-02;15783,99756728;-0,00133598;-0,01235381
2021-12-03;15655,36590570;-0,00814950;-0,02040263
2021-12-06;15771,31735305;0,00740650;-0,01314725
2021-12-07;16187,09398039;0,02636283;0,00000000
2021-12-08;16217,26447493;0,00186386;0,00000000
2021-12-09;16145,94204583;-0,00439793;-0,00439793
2021-12-10;16273,23695125;0,00788402;0,00000000
2021-12-13;16137,09400036;-0,00836606;-0,00836606
2021-12-14;15929,20455549;-0,01288271;-0,02114099
2021-12-15;16155,10018673;0,01418122;-0,00725957
2021-12-16;15975,63442719;-0,01110892;-0,01828785
2021-12-17;15889,28564569;-0,00540503;-0,02359403
2021-12-20;15700,42871686;-0,01188580;-0,03519940
2021-12-21;15962,88287747;0,01671637;-0,01907144
2021-12-22;16115,81282257;0,00958035;-0,00967381
2021-12-23;16187,67835106;0,00445932;-0,00525763
2021-12-29;16353,74705637;0,01025896;0,00000000
2021-12-30;16306,42159149;-0,00289386;-0,00289386
2021-12-31;16238,94430790;-0,00413808;-0,00701997
2022-01-04;16236,55685044;-0,00014702;-0,00716595
2022-01-05;15968,97112939;-0,01648045;-0,02352830
2022-01-06;15837,29084491;-0,00824601;-0,03158030
2022-01-07;15737,83088643;-0,00628011;-0,03766208
2022-01-10;15660,43146324;-0,00491805;-0,04239491
2022-01-11;15819,05880490;0,01012918;-0,03269515
2022-01-12;15882,24835995;0,00399452;-0,02883123
2022-01-13;15661,91952010;-0,01387265;-0,04230392
2022-01-14;15655,40031376;-0,00041625;-0,04270255
2022-01-18;15451,15584444;-0,01304626;-0,05519171
2022-01-19;15301,90754098;-0,00965936;-0,06431795
2022-01-20;15237,69047479;-0,00419667;-0,06824470
2022-01-21;14998,11569304;-0,01572251;-0,08289424
2022-01-24;14852,26941509;-0,00972431;-0,09181245
2022-01-25;14707,97794231;-0,00971511;-0,10063560
2022-01-26;14845,20300252;0,00932997;-0,09224455
2022-01-27;14806,48680835;-0,00260799;-0,09461197
2022-01-28;15061,80139820;0,01724343;-0,07899998
2022-01-31;15361,87310079;0,01992270;-0,06065117
2022-02-01;15417,07923677;0,00359371;-0,05727543
2022-02-02;15494,35346032;0,00501225;-0,05255026
2022-02-03;15213,96217203;-0,01809635;-0,06969564
2022-02-04;15228,63092136;0,00096416;-0,06879868
2022-02-07;15207,88049230;-0,00136259;-0,07006752
2022-02-08;15306,24197850;0,00646780;-0,06405291
2022-02-09;15558,61443521;0,01648821;-0,04862082
2022-02-10;15313,57737982;-0,01574929;-0,06360436
2022-02-11;15024,47901423;-0,01887856;-0,08128217
2022-02-14;14955,11390199;-0,00461681;-0,08552371
2022-02-15;15212,17941388;0,01718914;-0,06980465
2022-02-16;15169,10200002;-0,00283177;-0,07243875
2022-02-17;14900,28630888;-0,01772127;-0,08887631
2022-02-18;14767,34989555;-0,00892174;-0,09700512
2022-02-22;14656,48806649;-0,00750723;-0,10378410
2022-02-23;14443,01067249;-0,01456539;-0,11683783
2022-02-24;14621,79852323;0,01237885;-0,10590530
2022-02-25;14905,91861020;0,01943127;-0,08853191
2022-02-28;14908,67899966;0,00018519;-0,08836312
2022-03-01;14697,97798615;-0,01413278;-0,10124708
2022-03-02;14911,41647540;0,01452162;-0,08819573
2022-03-03;14781,16360638;-0,00873511;-0,09616044
2022-03-04;14598,18998402;-0,01237884;-0,10734892
2022-03-07;14311,72994741;-0,01962298;-0,12486540
2022-03-08;14193,64717605;-0,00825077;-0,13208593
2022-03-09;14600,41123518;0,02865818;-0,10721309
2022-03-10;14427,07284059;-0,01187216;-0,11781240
2022-03-11;14349,58904995;-0,00537072;-0,12255039
2022-03-14;14189,67256911;-0,01114432;-0,13232897
2022-03-15;14454,16686692;0,01863992;-0,11615565
2022-03-16;14787,23500597;0,02304305;-0,09578918
2022-03-17;14885,02883886;0,00661340;-0,08980928
2022-03-18;15084,63708851;0,01341000;-0,07760362
2022-03-21;15084,87924292;0,00001605;-0,07758881
2022-03-22;15216,89133049;0,00875129;-0,06951653
2022-03-23;15104,96626553;-0,00735532;-0,07636053
2022-03-24;15300,16051458;0,01292252;-0,06442478
2022-03-25;15315,63655531;0,00101150;-0,06347845
2022-03-28;15454,97761337;0,00909796;-0,05495801
2022-03-29;15707,06737084;0,01631123;-0,03954321
2022-03-30;15595,20661662;-0,00712168;-0,04638328
2022-03-31;15451,64482332;-0,00920551;-0,05516181
2022-04-01;15388,49986260;-0,00408662;-0,05902300
2022-04-04;15571,90383599;0,01191825;-0,04780820
2022-04-05;15394,05773615;-0,01142096;-0,05868315
2022-04-06;15116,87341712;-0,01800593;-0,07563243
2022-04-07;15120,19291243;0,00021959;-0,07542945
2022-04-08;15089,22725180;-0,00204797;-0,07732294
2022-04-11;14822,18840065;-0,01769732;-0,09365185
2022-04-12;14805,97626894;-0,00109377;-0,09464319
2022-04-13;14889,87147516;0,00566631;-0,08951316
2022-04-14;14713,22097785;-0,01186380;-0,10031500
2022-04-19;14894,71207524;0,01233524;-0,08921717
2022-04-20;14908,42106110;0,00092039;-0,08837889
2022-04-21;14780,91956565;-0,00855231;-0,09617536
2022-04-22;14507,27732302;-0,01851321;-0,11290805
2022-04-25;14541,09267251;0,00233092;-0,11084031
2022-04-26;14290,64935833;-0,01722314;-0,12615443
2022-04-27;14418,24553106;0,00892865;-0,11835217
2022-04-28;14738,71901733;0,02222694;-0,09875584
2022-04-29;14417,50761812;-0,02179371;-0,11839730
2022-05-03;14516,54528604;0,00686926;-0,11234133
2022-05-04;14712,25425887;0,01348179;-0,10037411
2022-05-05;14423,76123723;-0,01960903;-0,11801490
2022-05-06;14339,24106169;-0,00585979;-0,12318314
2022-05-09;13919,83640429;-0,02924873;-0,14882893
2022-05-10;13994,44616291;0,00535996;-0,14426669
2022-05-11;13838,78109251;-0,01112335;-0,15378530
2022-05-12;13710,84170728;-0,00924499;-0,16160855
2022-05-13;14032,86984973;0,02348712;-0,14191715
2022-05-16;13946,85155111;-0,00612977;-0,14717700
2022-05-17;14132,47189419;0,01330912;-0,13582668
2022-05-18;13758,37144788;-0,02647098;-0,15870220
2022-05-19;13596,38444330;-0,01177370;-0,16860739
2022-05-20;13592,96525922;-0,00025148;-0,16881647
2022-05-23;13807,03949287;0,01574890;-0,15572624
2022-05-24;13653,49165694;-0,01112098;-0,16511539
2022-05-25;13780,60504438;0,00930995;-0,15734266
2022-05-26;14021,14423173;0,01745491;-0,14263415
2022-05-27;14317,12349318;0,02110949;-0,12453559
2022-05-31;14267,83028000;-0,00344296;-0,12754978
2022-06-01;14256,62796626;-0,00078514;-0,12823478
2022-06-06;14266,08793720;0,00066355;-0,12765632
2022-06-07;14295,30090188;0,00204772;-0,12587000
2022-06-08;14303,46997554;0,00057145;-0,12537048
2022-06-09;14201,55210140;-0,00712540;-0,13160256
2022-06-10;14137,93338977;-0,00447970;-0,13549272
2022-06-13;13861,06102304;-0,01958365;-0,15242293
2022-06-14;13830,83714221;-0,00218049;-0,15427106
2022-06-15;13944,89321837;0,00824651;-0,14729675
2022-06-16;13825,94415447;-0,00852994;-0,15457026
2022-06-17;13808,84809696;-0,00123652;-0,15561565
2022-06-21;13875,91944212;0,00485713;-0,15151437
2022-06-22;13895,15508044;0,00138626;-0,15033814
2022-06-23;13872,99730788;-0,00159464;-0,15169305
2022-06-24;13989,61665839;0,00840621;-0,14456200
2022-06-27;14000,04034834;0,00074510;-0,14392461
2022-06-28;13950,60026258;-0,00353142;-0,14694778
2022-06-29;13925,51662215;-0,00179803;-0,14848159
2022-06-30;13829,76443779;-0,00687602;-0,15433666
2022-07-01;13858,82953278;0,00210163;-0,15255938
2022-07-05;13743,47841747;-0,00832329;-0,15961288
2022-07-06;13706,84617042;-0,00266543;-0,16185287
2022-07-07;13768,93863033;0,00453003;-0,15805604
2022-07-08;13784,98689556;0,00116554;-0,15707472
2022-07-11;13722,42954798;-0,00453808;-0,16089998
2022-07-12;13688,76800816;-0,00245303;-0,16295831
2022-07-13;13668,26255685;-0,00149798;-0,16421218
2022-07-14;13576,17892973;-0,00673704;-0,16984292
2022-07-15;13650,83674196;0,00549918;-0,16527774
2022-07-18;13644,81189144;-0,00044135;-0,16564615
2022-07-19;13708,70156365;0,00468234;-0,16173942
2022-07-20;13721,20499790;0,00091208;-0,16097485
2022-07-21;13827,86567885;0,00777342;-0,15445276
2022-07-22;13816,44260849;-0,00082609;-0,15515126
2022-07-25;13787,06570372;-0,00212623;-0,15694760
2022-07-26;13730,19320376;-0,00412506;-0,16042524
2022-07-27;13864,46189836;0,00977908;-0,15221497
2022-07-28;13983,24096899;0,00856716;-0,14495186
2022-07-29;14050,55858109;0,00481416;-0,14083552
2022-08-01;14076,50506112;0,00184665;-0,13924894
2022-08-02;14033,46916202;-0,00305729;-0,14188051
2022-08-03;14115,36534623;0,00583578;-0,13687271
2022-08-04;14214,63866412;0,00703300;-0,13080234
2022-08-05;14153,10792275;-0,00432869;-0,13456483
2022-08-08;14214,75148115;0,00435548;-0,13079544
2022-08-09;14191,53852438;-0,00163302;-0,13221487
2022-08-10;14238,31235446;0,00329590;-0,12935474
2022-08-11;14244,11159735;0,00040730;-0,12900013
2022-08-12;14347,64306100;0,00726837;-0,12266938
2022-08-15;14313,20882956;-0,00239999;-0,12477497
2022-08-16;14307,75440716;-0,00038108;-0,12510849
2022-08-17;14250,94951749;-0,00397022;-0,12858200
2022-08-18;14270,35364381;0,00136160;-0,12739548
2022-08-19;14211,66150082;-0,00411287;-0,13098439
2022-08-22;14098,45788119;-0,00796554;-0,13790657
2022-08-23;14099,74397785;0,00009122;-0,13782793
2022-08-24;14140,75102611;0,00290835;-0,13532043
2022-08-25;14190,71370487;0,00353324;-0,13226531
2022-08-26;14043,43118078;-0,01037880;-0,14127135
2022-08-30;13922,04576315;-0,00864357;-0,14869383
2022-08-31;13864,18920539;-0,00415575;-0,15223165
2022-09-01;13780,69809136;-0,00602207;-0,15733697
2022-09-02;13873,75751125;0,00675288;-0,15164656
2022-09-06;13780,86231116;-0,00669575;-0,15732693
2022-09-07;13875,93446857;0,00689885;-0,15151345
2022-09-08;13887,53421383;0,00083596;-0,15080415
2022-09-09;13977,73948951;0,00649541;-0,14528827
2022-09-12;14048,70781426;0,00507724;-0,14094869
2022-09-13;13845,39444097;-0,01447203;-0,15338091
2022-09-14;13790,27658678;-0,00398095;-0,15675126
2022-09-15;13659,05740501;-0,00951534;-0,16477506
2022-09-16;13644,31966412;-0,00107897;-0,16567624
2022-09-20;13624,49731463;-0,00145279;-0,16688834
2022-09-21;13652,08154100;0,00202461;-0,16520162
2022-09-22;13572,29384142;-0,00584436;-0,17008048
2022-09-23;13482,64428082;-0,00660534;-0,17556238
2022-09-26;13470,65977902;-0,00088888;-0,17629521
2022-09-27;13442,55521207;-0,00208635;-0,17801375
2022-09-28;13587,48709161;0,01078157;-0,16915145
2022-09-29;13443,28989335;-0,01061250;-0,17796883
2022-09-30;13415,04711728;-0,00210088;-0,17969582
2022-10-03;13545,41455430;0,00971800;-0,17172410
2022-10-04;13733,78370376;0,01390649;-0,16020569
2022-10-05;13713,83136219;-0,00145279;-0,16142574
2022-10-06;13734,76378715;0,00152637;-0,16014576
2022-10-07;13573,52683044;-0,01173933;-0,17000509
2022-10-10;13444,45159688;-0,00950934;-0,17789779
2022-10-11;13386,05134476;-0,00434382;-0,18146885
2022-10-12;13414,56824778;0,00213034;-0,17972510
2022-10-13;13356,30419456;-0,00434334;-0,18328783
2022-10-14;13294,11764039;-0,00465597;-0,18709042
2022-10-17;13333,67843314;0,00297581;-0,18467135
2022-10-18;13397,23674895;0,00476675;-0,18078489
2022-10-19;13331,78988687;-0,00488510;-0,18478684
2022-10-20;13327,85955276;-0,00029481;-0,18502717
2022-10-21;13451,11315422;0,00924782;-0,17749045
2022-10-24;13484,60235198;0,00248970;-0,17544265
2022-10-25;13524,84172601;0,00298410;-0,17298209
2022-10-26;13543,78973948;0,00140098;-0,17182345
2022-10-27;13497,17849985;-0,00344152;-0,17467364
2022-10-28;13490,69353339;-0,00048047;-0,17507019
2022-10-31;13465,28156054;-0,00188367;-0,17662408
2022-11-01;13519,26388046;0,00400900;-0,17332316
2022-11-02;13428,24308441;-0,00673267;-0,17888891
2022-11-03;13393,32157446;-0,00260060;-0,18102429
2022-11-04;13576,49795562;0,01367670;-0,16982341
2022-11-07;13558,95268450;-0,00129233;-0,17089627
2022-11-08;13724,74733461;0,01222769;-0,16075825
2022-11-09;13678,43333708;-0,00337449;-0,16359026
2022-11-10;13971,00615648;0,02138935;-0,14570000
2022-11-11;14038,61534886;0,00483925;-0,14156583
2022-11-14;14073,63547322;0,00249456;-0,13942441
2022-11-15;14093,10316097;0,00138327;-0,13823400
2022-11-16;14030,27506547;-0,00445807;-0,14207582
2022-11-17;13974,70088964;-0,00396102;-0,14547407
2022-11-18;13932,89426712;-0,00299159;-0,14803047
2022-11-21;13897,14985732;-0,00256547;-0,15021617
2022-11-22;13932,54481086;0,00254692;-0,14805183
2022-11-23;13971,06396765;0,00276469;-0,14569646
2022-11-25;13972,54440468;0,00010596;-0,14560594
2022-11-28;13891,13940247;-0,00582607;-0,15058369
2022-11-29;13901,51725747;0,00074708;-0,14994911
2022-11-30;14046,58388649;0,01043531;-0,14107857
2022-12-01;14169,61120823;0,00875852;-0,13355568
2022-12-02;14135,87987897;-0,00238054;-0,13561829
2022-12-05;14029,52584923;-0,00752369;-0,14212163
2022-12-06;13975,10359657;-0,00387912;-0,14544945
2022-12-07;13999,91815216;0,00177563;-0,14393208
2022-12-08;14036,67314174;0,00262537;-0,14168459
2022-12-09;14036,64832868;-0,00000177;-0,14168611
2022-12-12;14013,28930223;-0,00166415;-0,14311446
2022-12-13;14150,36740659;0,00978201;-0,13473240
2022-12-14;14121,44611335;-0,00204385;-0,13650088
2022-12-15;13953,14419512;-0,01191818;-0,14679222
2022-12-16;13957,68949865;0,00032575;-0,14651429
2022-12-19;13920,77763405;-0,00264455;-0,14877137
2022-12-20;14004,39321870;0,00600653;-0,14365844
2022-12-21;14068,99028550;0,00461263;-0,13970846
2022-12-22;13952,94603548;-0,00824823;-0,14680434
2022-12-23;13977,56661895;0,00176454;-0,14529884
2022-12-28;13961,81094487;-0,00112721;-0,14626227
2022-12-29;14040,63377266;0,00564560;-0,14144240
2022-12-30;14050,65990694;0,00071408;-0,14082932
2023-01-03;14094,07872237;0,00309016;-0,13817435
2023-01-04;14160,19129060;0,00469080;-0,13413169
2023-01-05;14075,75960178;-0,00596261;-0,13929453
2023-01-06;14225,82822262;0,01066149;-0,13011812
2023-01-09;14281,15883120;0,00388945;-0,12673476
2023-01-10;14274,33022883;-0,00047815;-0,12715232
2023-01-11;14359,31533270;0,00595370;-0,12195564
2023-01-12;14443,66242225;0,00587403;-0,11679798
2023-01-13;14501,40244529;0,00399760;-0,11326729
2023-01-17;14488,34400158;-0,00090050;-0,11406579
2023-01-18;14404,08590772;-0,00581558;-0,11921801
2023-01-19;14382,92202315;-0,00146930;-0,12051214
2023-01-20;14460,60023173;0,00540073;-0,11576227
2023-01-23;14585,48489317;0,00863620;-0,10812581
2023-01-24;14608,81651372;0,00159965;-0,10669913
2023-01-25;14590,50686899;-0,00125333;-0,10781873
2023-01-26;14619,09852254;0,00195961;-0,10607040
2023-01-27;14649,92858498;0,00210889;-0,10418520
2023-01-30;14585,66366178;-0,00438671;-0,10811488
2023-01-31;14647,83217547;0,00426230;-0,10431340
2023-02-01;14772,28381574;0,00849625;-0,09670342
2023-02-02;14893,24121145;0,00818813;-0,08930711
2023-02-03;14822,30123671;-0,00476323;-0,09364495
2023-02-06;14757,24068330;-0,00438937;-0,09762328
2023-02-07;14837,00194059;0,00540489;-0,09274603
2023-02-08;14793,68683441;-0,00291940;-0,09539467
2023-02-09;14737,17240539;-0,00382017;-0,09885041
2023-02-10;14707,76478804;-0,00199547;-0,10064863
2023-02-13;14770,87308116;0,00429081;-0,09678968
2023-02-14;14761,34638959;-0,00064496;-0,09737222
2023-02-15;14806,92165980;0,00308747;-0,09458538
2023-02-16;14751,50674437;-0,00374250;-0,09797390
2023-02-17;14669,90979176;-0,00553143;-0,10296339
2023-02-21;14504,83684362;-0,01125249;-0,11305728
2023-02-22;14484,73169222;-0,00138610;-0,11428667
2023-02-23;14534,22956760;0,00341724;-0,11125998
2023-02-24;14442,69294929;-0,00629800;-0,11685726
2023-02-27;14481,99538071;0,00272127;-0,11445399
2023-02-28;14456,55318381;-0,00175682;-0,11600974
2023-03-01;14467,69257891;0,00077054;-0,11532858
2023-03-02;14500,59702574;0,00227434;-0,11331654
2023-03-03;14644,19565308;0,00990295;-0,10453576
2023-03-06;14646,51018070;0,00015805;-0,10439423
2023-03-07;14519,79586930;-0,00865150;-0,11214257
2023-03-08;14530,65914518;0,00074817;-0,11147830
2023-03-09;14539,89992651;0,00063595;-0,11091324
2023-03-10;14548,52032416;0,00059288;-0,11038612
2023-03-13;14612,66702448;0,00440916;-0,10646368
2023-03-14;14655,69903023;0,00294484;-0,10383235
2023-03-15;14653,84038354;-0,00012682;-0,10394600
2023-03-16;14762,09027914;0,00738713;-0,09732673
2023-03-17;14901,85166000;0,00946759;-0,08878060
2023-03-20;14901,31985432;-0,00003569;-0,08881311
2023-03-21;14865,18876662;-0,00242469;-0,09102246
2023-03-22;14949,52668118;0,00567352;-0,08586536
2023-03-23;15036,50378479;0,00581805;-0,08054688
2023-03-24;14943,29566196;-0,00619879;-0,08624637
2023-03-27;14899,03570220;-0,00296186;-0,08895279
2023-03-28;14924,13968666;0,00168494;-0,08741773
2023-03-29;14966,38845040;0,00283090;-0,08483430
2023-03-30;15064,83938530;0,00657814;-0,07881421
2023-03-31;15082,80272149;0,00119240;-0,07771579
2023-04-03;15138,23543416;0,00367523;-0,07432618
2023-04-04;15174,05931318;0,00236645;-0,07213562
2023-04-05;15142,71375570;-0,00206573;-0,07405234
2023-04-06;15135,79489789;-0,00045691;-0,07447542
2023-04-11;15135,59815239;-0,00001300;-0,07448745
2023-04-12;15143,11135758;0,00049639;-0,07402803
2023-04-13;15235,26810443;0,00608572;-0,06839282
2023-04-14;15181,82097239;-0,00350812;-0,07166101
2023-04-17;15186,88741416;0,00033372;-0,07135121
2023-04-18;15207,16875961;0,00133545;-0,07011105
2023-04-19;15170,42850088;-0,00241598;-0,07235764
2023-04-20;15171,50717205;0,00007110;-0,07229168
2023-04-21;15131,24081206;-0,00265408;-0,07475389
2023-04-24;15127,59037169;-0,00024125;-0,07497711
2023-04-25;15103,50395843;-0,00159222;-0,07644995
2023-04-26;15073,94572743;-0,00195704;-0,07825738
2023-04-27;15119,90590521;0,00304898;-0,07544700
2023-04-28;15154,46908867;0,00228594;-0,07333353
2023-05-02;15177,51588804;0,00152079;-0,07192426
2023-05-03;15197,47885359;0,00131530;-0,07070356
2023-05-04;15175,80745475;-0,00142599;-0,07202873
2023-05-05;15187,19992116;0,00075070;-0,07133210
2023-05-09;15209,90998529;0,00149534;-0,06994342
2023-05-10;15230,05511373;0,00132447;-0,06871159
2023-05-11;15212,96532680;-0,00112211;-0,06975660
2023-05-12;15209,19257629;-0,00024800;-0,06998729
2023-05-15;15232,53329266;0,00153465;-0,06856005
2023-05-16;15183,40957310;-0,00322492;-0,07156387
2023-05-17;15195,66850593;0,00080739;-0,07081426
2023-05-18;15230,50849061;0,00229276;-0,06868387
2023-05-19;15267,53295395;0,00243094;-0,06641989
2023-05-22;15284,00065955;0,00107861;-0,06541292
2023-05-23;15243,34505100;-0,00266001;-0,06789893
2023-05-24;15154,85821737;-0,00580495;-0,07330973
2023-05-25;15205,83644021;0,00336382;-0,07019251
2023-05-26;15318,30959874;0,00739671;-0,06331500
2023-05-30;15331,92643644;0,00088893;-0,06248235
2023-05-31;15286,37545409;-0,00297099;-0,06526771
2023-06-01;15345,36478180;0,00385895;-0,06166063
2023-06-02;15395,72550596;0,00328182;-0,05858116
2023-06-05;15421,44248325;0,00167040;-0,05700862
2023-06-06;15426,65729507;0,00033815;-0,05668975
2023-06-07;15307,62515654;-0,00771600;-0,06396833
2023-06-08;15375,26180168;0,00441849;-0,05983248
2023-06-09;15384,09697896;0,00057464;-0,05929223
2023-06-12;15497,15751050;0,00734918;-0,05237879
2023-06-13;15509,32020244;0,00078483;-0,05163507
2023-06-14;15545,72281450;0,00234714;-0,04940912
2023-06-15;15615,47139834;0,00448667;-0,04514413
2023-06-16;15578,52282795;-0,00236615;-0,04740346
2023-06-20;15481,86114484;-0,00620480;-0,05331414
2023-06-21;15422,47500397;-0,00383585;-0,05694548
2023-06-22;15403,17551140;-0,00125139;-0,05812561
2023-06-23;15349,44591701;-0,00348822;-0,06141107
2023-06-26;15328,19662902;-0,00138437;-0,06271042
2023-06-27;15389,09554621;0,00397300;-0,05898657
2023-06-28;15439,97209756;0,00330601;-0,05587557
2023-06-29;15460,70383501;0,00134273;-0,05460787
2023-06-30;15563,27749569;0,00663448;-0,04833568
2023-07-03;15578,37131139;0,00096984;-0,04741273
2023-07-05;15518,54891744;-0,00384009;-0,05107075
2023-07-06;15433,01050452;-0,00551201;-0,05630126
2023-07-07;15434,18544055;0,00007613;-0,05622941
2023-07-10;15445,45799508;0,00073036;-0,05554012
2023-07-11;15469,21996331;0,00153844;-0,05408712
2023-07-12;15603,59656255;0,00868671;-0,04587025
2023-07-13;15647,68746621;0,00282569;-0,04317418
2023-07-14;15639,10103661;-0,00054873;-0,04369922
2023-07-17;15696,15041295;0,00364787;-0,04021076
2023-07-18;15809,17101799;0,00720053;-0,03329977
2023-07-19;15886,24779319;0,00487545;-0,02858668
2023-07-20;15784,32196800;-0,00641598;-0,03481924
2023-07-21;15769,43867402;-0,00094292;-0,03572933
2023-07-24;15767,88184504;-0,00009872;-0,03582452
2023-07-25;15830,38540730;0,00396398;-0,03200255
2023-07-26;15776,94703861;-0,00337568;-0,03527021
2023-07-27;15753,57213546;-0,00148159;-0,03669954
2023-07-28;15837,38567786;0,00532029;-0,03157450
2023-07-31;15854,86544728;0,00110370;-0,03050565
2023-08-01;15833,92779216;-0,00132058;-0,03178594
2023-08-02;15685,27533230;-0,00938822;-0,04087575
2023-08-03;15647,37285391;-0,00241644;-0,04319342
2023-08-04;15617,31919233;-0,00192068;-0,04503114
2023-08-07;15598,96502970;-0,00117524;-0,04615346
2023-08-08;15539,73684375;-0,00379693;-0,04977515
2023-08-09;15487,69991357;-0,00334864;-0,05295711
2023-08-10;15517,10148606;0,00189838;-0,05115926
2023-08-11;15452,72689142;-0,00414862;-0,05509564
2023-08-14;15515,79290553;0,00408122;-0,05123928
2023-08-15;15431,75235790;-0,00541645;-0,05637819
2023-08-16;15360,77063880;-0,00459972;-0,06071859
2023-08-17;15286,49765535;-0,00483524;-0,06526024
2023-08-18;15263,49586078;-0,00150471;-0,06666675
2023-08-21;15346,86147825;0,00546176;-0,06156911
2023-08-22;15374,68851056;0,00181321;-0,05986754
2023-08-23;15503,97231190;0,00840887;-0,05196208
2023-08-24;15421,19394788;-0,00533917;-0,05702382
2023-08-25;15455,20729305;0,00220562;-0,05494397
2023-08-29;15670,42674912;0,01392537;-0,04178372
2023-08-30;15701,12844361;0,00195921;-0,03990637
2023-08-31;15736,67622989;0,00226403;-0,03773269
2023-09-01;15770,89362336;0,00217437;-0,03564036
2023-09-05;15750,72541257;-0,00127882;-0,03687361
2023-09-06;15677,44683735;-0,00465239;-0,04135445
2023-09-07;15626,30493715;-0,00326213;-0,04448168
2023-09-08;15651,69043181;0,00162454;-0,04292940
2023-09-11;15672,25477605;0,00131387;-0,04167193
2023-09-12;15600,51162412;-0,00457772;-0,04605889
2023-09-13;15597,50796194;-0,00019254;-0,04624256
2023-09-14;15678,99352786;0,00522427;-0,04125987
2023-09-15;15629,02140169;-0,00318720;-0,04431557
2023-09-18;15657,94091640;0,00185037;-0,04254720
2023-09-19;15631,10490888;-0,00171389;-0,04418817
2023-09-20;15601,56858105;-0,00188959;-0,04599426
2023-09-21;15465,52094082;-0,00872013;-0,05431331
2023-09-22;15496,43265074;0,00199875;-0,05242312
2023-09-25;15470,30935917;-0,00168576;-0,05402051
2023-09-26;15354,13575860;-0,00750946;-0,06112430
2023-09-27;15305,57795024;-0,00316252;-0,06409351
2023-09-28;15312,03615626;0,00042195;-0,06369861
2023-09-29;15294,06180549;-0,00117387;-0,06479770
2023-10-02;15280,99808727;-0,00085417;-0,06559652
2023-10-03;15167,95483075;-0,00739764;-0,07250890
2023-10-04;15194,63502846;0,00175898;-0,07087746
2023-10-05;15194,56097595;-0,00000487;-0,07088199
2023-10-06;15292,13747977;0,00642180;-0,06491537
2023-10-09;15386,20848576;0,00615159;-0,05916311
2023-10-10;15449,89671298;0,00413931;-0,05526870
2023-10-11;15481,31384059;0,00203348;-0,05334760
2023-10-12;15515,76277183;0,00222519;-0,05124112
2023-10-13;15540,63149713;0,00160280;-0,04972044
2023-10-16;15578,20891230;0,00241801;-0,04742266
2023-10-17;15571,35215837;-0,00044015;-0,04784193
2023-10-18;15552,48830405;-0,00121145;-0,04899542
2023-10-19;15544,16175651;-0,00053538;-0,04950458
2023-10-20;15420,93978031;-0,00792722;-0,05703936
2023-10-23;15393,09817760;-0,00180544;-0,05874182
2023-10-24;15441,30443997;0,00313168;-0,05579410
2023-10-25;15404,68412406;-0,00237158;-0,05803336
2023-10-26;15300,84619900;-0,00674067;-0,06438285
2023-10-27;15335,09576894;0,00223841;-0,06228856
2023-10-30;15362,98283303;0,00181851;-0,06058332
2023-10-31;15395,43654449;0,00211246;-0,05859883
2023-11-01;15488,58973677;0,00605070;-0,05290270
2023-11-02;15656,18380602;0,01082049;-0,04265464
2023-11-03;15710,26433539;0,00345426;-0,03934772
2023-11-06;15710,32700559;0,00000399;-0,03934389
2023-11-07;15788,26085163;0,00496068;-0,03457839
2023-11-08;15784,06706932;-0,00026563;-0,03483483
2023-11-09;15805,15168095;0,00133582;-0,03354555
2023-11-10;15901,34742487;0,00608635;-0,02766336
2023-11-13;15908,63582419;0,00045835;-0,02721769
2023-11-14;16044,38061628;0,00853277;-0,01891716
2023-11-15;16077,73592127;0,00207894;-0,01687755
2023-11-16;16107,89345830;0,00187573;-0,01503347
2023-11-17;16124,98343581;0,00106097;-0,01398845
2023-11-20;16195,23118796;0,00435645;-0,00969294
2023-11-21;16164,74877502;-0,00188218;-0,01155688
2023-11-22;16219,92864700;0,00341359;-0,00818274
2023-11-24;16180,83675718;-0,00241011;-0,01057313
2023-11-27;16192,79858715;0,00073926;-0,00984169
2023-11-28;16216,82728953;0,00148391;-0,00837238
2023-11-29;16224,64259741;0,00048193;-0,00789449
2023-11-30;16228,72552396;0,00025165;-0,00764482
2023-12-01;16309,18209496;0,00495766;-0,00272506
2023-12-04;16153,00930696;-0,00957576;-0,01227473
2023-12-05;16165,96678885;0,00080217;-0,01148240
2023-12-06;16172,99756022;0,00043491;-0,01105248
2023-12-07;16226,42450743;0,00330347;-0,00778553
2023-12-08;16202,13802924;-0,00149672;-0,00927060
2023-12-11;16182,48718520;-0,00121285;-0,01047221
2023-12-12;16212,05617464;0,00182722;-0,00866412
2023-12-13;16377,35407713;0,01019599;0,00000000
2023-12-14;16400,62330547;0,00142082;0,00000000
2023-12-15;16386,55967791;-0,00085751;-0,00085751
2023-12-18;16440,64832734;0,00330079;0,00000000
2023-12-19;16480,36648964;0,00241585;0,00000000
2023-12-20;16444,97590857;-0,00214744;-0,00214744
2023-12-21;16495,70124257;0,00308455;0,00000000
2023-12-22;16516,79671271;0,00127885;0,00000000
2023-12-27;16604,61433135;0,00531687;0,00000000
2023-12-28;16601,47560321;-0,00018903;-0,00018903
2023-12-29;16586,01403763;-0,00093134;-0,00112019
2024-01-02;16495,46504577;-0,00545936;-0,00657343
2024-01-03;16385,05658640;-0,00669326;-0,01322269
2024-01-04;16368,44824157;-0,00101363;-0,01422292
2024-01-05;16345,84948326;-0,00138063;-0,01558391
2024-01-08;16380,92769218;0,00214600;-0,01347135
2024-01-09;16415,14282863;0,00208872;-0,01141077
2024-01-10;16437,15447675;0,00134094;-0,01008514
2024-01-11;16449,78762790;0,00076857;-0,00932432
2024-01-12;16533,93621983;0,00511548;-0,00425653
2024-01-16;16503,52399568;-0,00183938;-0,00608809
2024-01-17;16388,10673713;-0,00699349;-0,01303900
2024-01-18;16508,60478359;0,00735277;-0,00578210
2024-01-19;16620,16876900;0,00675793;0,00000000
2024-01-22;16645,39463377;0,00151779;0,00000000
2024-01-23;16680,67613020;0,00211960;0,00000000
2024-01-24;16679,60472858;-0,00006423;-0,00006423
2024-01-25;16723,66965733;0,00264184;0,00000000
2024-01-26;16691,17380036;-0,00194311;-0,00194311
2024-01-29;16766,01232694;0,00448372;0,00000000
2024-01-30;16776,68843951;0,00063677;0,00000000
2024-01-31;16672,41980406;-0,00621509;-0,00621509
2024-02-01;16754,33204867;0,00491304;-0,00133259
2024-02-02;16797,60060607;0,00258253;0,00000000
2024-02-05;16793,51013711;-0,00024352;-0,00024352
2024-02-06;16809,48422842;0,00095121;0,00000000
2024-02-07;16856,54909536;0,00279990;0,00000000
2024-02-08;16868,79322782;0,00072637;0,00000000
2024-02-09;16898,30130038;0,00174927;0,00000000
2024-02-12;16898,72925175;0,00002533;0,00000000
2024-02-13;16713,48711845;-0,01096190;-0,01096190
2024-02-14;16767,67571436;0,00324221;-0,00775523
2024-02-15;16827,12021990;0,00354518;-0,00423754
2024-02-16;16841,40532577;0,00084893;-0,00339220
2024-02-20;16793,12536276;-0,00286674;-0,00624922
2024-02-21;16775,63633464;-0,00104144;-0,00728415
2024-02-22;16939,74517600;0,00978257;0,00000000
2024-02-23;16972,13368593;0,00191198;0,00000000
2024-02-26;16957,24298018;-0,00087736;-0,00087736
2024-02-27;16946,91722799;-0,00060893;-0,00148576
2024-02-28;16949,53447488;0,00015444;-0,00133155
2024-02-29;17015,57228780;0,00389614;0,00000000
2024-03-01;17213,12450562;0,01161008;0,00000000
2024-03-04;17300,35197616;0,00506750;0,00000000
2024-03-05;17227,55160325;-0,00420803;-0,00420803
2024-03-06;17317,14331285;0,00520049;0,00000000
2024-03-07;17413,83493891;0,00558358;0,00000000
2024-03-08;17403,49768201;-0,00059362;-0,00059362
2024-03-11;17388,48905294;-0,00086239;-0,00145550
2024-03-12;17428,20326178;0,00228394;0,00000000
2024-03-13;17442,75819551;0,00083514;0,00000000
2024-03-14;17415,86512479;-0,00154179;-0,00154179
2024-03-15;17334,07415775;-0,00469635;-0,00623090
2024-03-18;17391,04738851;0,00328678;-0,00296460
2024-03-19;17405,42827944;0,00082691;-0,00214014
2024-03-20;17517,58574363;0,00644382;0,00000000
2024-03-21;17597,16603196;0,00454288;0,00000000
2024-03-22;17552,23792849;-0,00255314;-0,00255314
2024-03-25;17533,73288959;-0,00105428;-0,00360474
2024-03-26;17554,88647106;0,00120645;-0,00240263
2024-03-27;17608,54741149;0,00305675;0,00000000
2024-03-28;17693,61756121;0,00483118;0,00000000
2024-04-02;17804,56783293;0,00627064;0,00000000
2024-04-03;17873,46328832;0,00386954;0,00000000
2024-04-04;17801,87304326;-0,00400539;-0,00400539
2024-04-05;17910,41797233;0,00609739;0,00000000
2024-04-08;17954,67465681;0,00247100;0,00000000
2024-04-09;17974,36243708;0,00109653;0,00000000
2024-04-10;17893,03759949;-0,00452449;-0,00452449
2024-04-11;18078,40486506;0,01035974;0,00000000
2024-04-12;17964,98587708;-0,00627373;-0,00627373
2024-04-15;18016,26000866;0,00285411;-0,00343752
2024-04-16;17963,62022471;-0,00292179;-0,00634927
2024-04-17;17854,13840000;-0,00609464;-0,01240521
2024-04-18;17858,63149804;0,00025166;-0,01215668
2024-04-19;17802,88892133;-0,00312132;-0,01524006
2024-04-22;17692,75026132;-0,00618656;-0,02133234
2024-04-23;17747,06362636;0,00306981;-0,01832801
2024-04-24;17754,12091801;0,00039766;-0,01793764
2024-04-25;17723,38148092;-0,00173140;-0,01963798
2024-04-26;17849,39118870;0,00710980;-0,01266780
2024-04-29;17834,28652159;-0,00084623;-0,01350331
2024-04-30;17633,39371528;-0,01126442;-0,02461562
2024-05-01;17627,12617705;-0,00035544;-0,02496231
2024-05-02;17655,21443770;0,00159347;-0,02340862
2024-05-03;17758,04859165;0,00582458;-0,01772038
2024-05-07;17877,88182697;0,00674811;-0,01109185
2024-05-08;17876,22879579;-0,00009246;-0,01118329
2024-05-09;17995,60299038;0,00667782;-0,00458015
2024-05-10;18068,40534472;0,00404556;-0,00055312
2024-05-13;17997,01257297;-0,00395125;-0,00450218
2024-05-14;18069,25284853;0,00401401;-0,00050624
2024-05-15;18232,35726189;0,00902663;0,00000000
2024-05-16;18218,84622488;-0,00074105;-0,00074105
2024-05-17;18298,70650007;0,00438339;0,00000000
2024-05-20;18377,01777599;0,00427961;0,00000000
2024-05-21;18355,31503414;-0,00118097;-0,00118097
2024-05-22;18226,75416438;-0,00700401;-0,00817671
2024-05-23;18071,19039415;-0,00853491;-0,01664184
2024-05-24;18084,92754435;0,00076017;-0,01589432
2024-05-28;18152,13676364;0,00371631;-0,01223708
2024-05-29;18057,29963798;-0,00522457;-0,01739772
2024-05-30;18003,69612225;-0,00296852;-0,02031459
2024-05-31;17952,06762253;-0,00286766;-0,02312400
2024-06-03;18044,47073009;0,00514721;-0,01809581
2024-06-04;17979,52714271;-0,00359909;-0,02162977
2024-06-05;18158,15114023;0,00993486;-0,01190980
2024-06-06;18217,64457718;0,00327640;-0,00867242
2024-06-07;18003,33882697;-0,01176364;-0,02033404
2024-06-10;18059,07576032;0,00309592;-0,01730107
2024-06-11;18114,74940918;0,00308286;-0,01427154
2024-06-12;18217,71522166;0,00568409;-0,00866857
2024-06-13;18175,91379116;-0,00229455;-0,01094323
2024-06-14;18282,61190914;0,00587030;-0,00513717
2024-06-17;18296,19549046;0,00074298;-0,00439801
2024-06-18;18357,18194526;0,00333329;-0,00107938
2024-06-20;18431,90545720;0,00407053;0,00000000
2024-06-21;18312,54697507;-0,00647565;-0,00647565
2024-06-24;18284,58730123;-0,00152680;-0,00799256
2024-06-25;18289,30480421;0,00025800;-0,00773662
2024-06-26;18235,00100620;-0,00296916;-0,01068280
2024-06-27;18311,42401300;0,00419101;-0,00653657
2024-06-28;18333,05874153;0,00118149;-0,00536281
2024-07-01;18350,23433601;0,00093686;-0,00443096
2024-07-02;18359,99173189;0,00053173;-0,00390159
2024-07-03;18479,46172750;0,00650708;0,00000000
2024-07-05;18589,64114846;0,00596226;0,00000000
2024-07-08;18523,76225499;-0,00354385;-0,00354385
2024-07-09;18542,09630901;0,00098976;-0,00255760
2024-07-10;18609,17574857;0,00361768;0,00000000
2024-07-11;18659,70294794;0,00271518;0,00000000
2024-07-12;18691,84720970;0,00172266;0,00000000
2024-07-15;18724,37427341;0,00174017;0,00000000
2024-07-16;18862,31906430;0,00736712;0,00000000
2024-07-17;18695,31241292;-0,00885398;-0,00885398
2024-07-18;18628,69373080;-0,00356339;-0,01238582
2024-07-19;18447,65500770;-0,00971827;-0,02198373
2024-07-22;18520,45745327;0,00394643;-0,01812405
2024-07-23;18567,94434929;0,00256402;-0,01560650
2024-07-24;18370,64461880;-0,01062583;-0,02606649
2024-07-25;18231,14939527;-0,00759338;-0,03346193
2024-07-26;18347,78742663;0,00639773;-0,02727828
2024-07-29;18332,32194576;-0,00084291;-0,02809819
2024-07-30;18349,87931282;0,00095773;-0,02716738
2024-07-31;18635,44756431;0,01556240;-0,01202776
2024-08-01;18495,28839546;-0,00752111;-0,01945841
2024-08-02;18290,60668505;-0,01106669;-0,03030976
2024-08-05;18072,11881148;-0,01194536;-0,04189306
2024-08-06;18084,99631153;0,00071256;-0,04121035
2024-08-07;18100,05927782;0,00083290;-0,04041177
2024-08-08;18272,18916557;0,00950991;-0,03128618
2024-08-09;18309,96109523;0,00206718;-0,02928367
2024-08-12;18456,99591761;0,00803032;-0,02148851
2024-08-13;18541,45120798;0,00457579;-0,01701105
2024-08-14;18529,82024922;-0,00062729;-0,01762767
2024-08-15;18667,15280192;0,00741143;-0,01034689
2024-08-16;18826,16324888;0,00851819;-0,00191683
2024-08-19;18866,96373132;0,00216722;0,00000000
2024-08-20;18877,47095774;0,00055691;0,00000000
2024-08-21;18884,65947593;0,00038080;0,00000000
2024-08-22;18735,15701789;-0,00791661;-0,00791661
2024-08-23;18848,13579327;0,00603031;-0,00193404
2024-08-27;18862,53530382;0,00076398;-0,00117154
2024-08-28;18775,57525101;-0,00461020;-0,00577634
2024-08-29;18835,72514704;0,00320362;-0,00259122
2024-08-30;18803,00595880;-0,00173708;-0,00432380
2024-09-03;18662,32802175;-0,00748167;-0,01177312
2024-09-04;18608,73995282;-0,00287146;-0,01461078
2024-09-05;18638,03634744;0,00157434;-0,01305944
2024-09-06;18478,97736290;-0,00853411;-0,02148210
2024-09-09;18595,98013277;0,00633167;-0,01528645
2024-09-10;18666,11184490;0,00377134;-0,01157276
2024-09-11;18713,67914806;0,00254832;-0,00905393
2024-09-12;18931,79440851;0,01165539;0,00000000
2024-09-13;19047,90477231;0,00613309;0,00000000
2024-09-16;19012,69443177;-0,00184852;-0,00184852
2024-09-17;19008,13482775;-0,00023982;-0,00208789
2024-09-18;18896,60202830;-0,00586764;-0,00794327
2024-09-19;19123,73594348;0,01201983;0,00000000
2024-09-20;19180,63907677;0,00297552;0,00000000
2024-09-23;19193,49906012;0,00067047;0,00000000
2024-09-24;19318,55330680;0,00651545;0,00000000
2024-09-25;19328,27714547;0,00050334;0,00000000
2024-09-26;19394,50023225;0,00342623;0,00000000
2024-09-27;19329,19514812;-0,00336720;-0,00336720
2024-09-30;19255,76131051;-0,00379912;-0,00715352
2024-10-01;19297,96189749;0,00219158;-0,00497761
2024-10-02;19325,82552338;0,00144386;-0,00354094
2024-10-03;19363,51668096;0,00195030;-0,00159754
2024-10-04;19384,65649744;0,00109173;-0,00050755
2024-10-07;19371,95381443;-0,00065530;-0,00116252
2024-10-08;19348,55407022;-0,00120792;-0,00236903
2024-10-09;19367,39607438;0,00097382;-0,00139752
2024-10-10;19433,17939663;0,00339660;0,00000000
2024-10-11;19530,83581296;0,00502524;0,00000000
2024-10-14;19579,74458904;0,00250418;0,00000000
2024-10-15;19529,71929070;-0,00255495;-0,00255495
2024-10-16;19589,38861575;0,00305531;0,00000000
2024-10-17;19666,06807267;0,00391434;0,00000000
2024-10-18;19746,18166239;0,00407370;0,00000000
2024-10-21;19746,11061622;-0,00000360;-0,00000360
2024-10-22;19826,03509807;0,00404761;0,00000000
2024-10-23;19682,52244922;-0,00723860;-0,00723860
2024-10-24;19743,89946245;0,00311835;-0,00414282
2024-10-25;19792,28123288;0,00245047;-0,00170250
2024-10-28;19786,43363038;-0,00029545;-0,00199745
2024-10-29;19892,72709045;0,00537204;0,00000000
2024-10-30;19898,79260651;0,00030491;0,00000000
2024-10-31;19674,83391307;-0,01125489;-0,01125489
2024-11-01;19663,47106004;-0,00057753;-0,01182592
2024-11-04;19653,43015736;-0,00051064;-0,01233052
2024-11-05;19712,64664605;0,00301304;-0,00935464
2024-11-06;19643,59552258;-0,00350288;-0,01282475
2024-11-07;19827,13694077;0,00934358;-0,00360101
2024-11-08;19797,98197266;-0,00147046;-0,00506617
2024-11-11;19644,40225076;-0,00775734;-0,01278421
2024-11-12;19593,27903820;-0,00260243;-0,01535337
2024-11-13;19526,03861395;-0,00343181;-0,01873249
2024-11-14;19500,73378956;-0,00129595;-0,02000417
2024-11-15;19392,77641491;-0,00553607;-0,02542949
2024-11-18;19554,54561884;0,00834172;-0,01729989
2024-11-19;19630,78775726;0,00389895;-0,01346840
2024-11-20;19660,79246860;0,00152845;-0,01196053
2024-11-21;19809,04412166;0,00754047;-0,00451025
2024-11-22;19955,75982402;0,00740650;0,00000000
2024-11-25;19744,74544219;-0,01057411;-0,01057411
2024-11-26;19775,65466501;0,00156544;-0,00902522
2024-11-27;19712,98254412;-0,00316916;-0,01216577
2024-11-29;19828,78463133;0,00587441;-0,00636283
2024-12-02;19817,17180353;-0,00058566;-0,00694476
2024-12-03;19839,64462273;0,00113401;-0,00581863
2024-12-04;19901,96347864;0,00314113;-0,00269578
2024-12-05;19833,08760005;-0,00346076;-0,00614721
2024-12-06;19846,90573353;0,00069672;-0,00545477
2024-12-09;19890,91330915;0,00221735;-0,00324951
2024-12-10;19963,28188833;0,00363827;0,00000000
2024-12-11;20087,83682375;0,00623920;0,00000000
2024-12-12;19969,05246836;-0,00591325;-0,00591325
2024-12-13;19882,44540982;-0,00433706;-0,01022467
2024-12-16;19905,65378400;0,00116728;-0,00906932
2024-12-17;19849,42451607;-0,00282479;-0,01186849
2024-12-18;19635,36131322;-0,01078435;-0,02252485
2024-12-19;19585,04946631;-0,00256231;-0,02502944
2024-12-20;19710,96816134;0,00642933;-0,01876104
2024-12-23;19700,45259770;-0,00053349;-0,01928452
2024-12-24;19762,72658041;0,00316104;-0,01618443
2024-12-27;19726,11832354;-0,00185239;-0,01800684
2024-12-30;19659,64945577;-0,00336959;-0,02131575
2024-12-31;19704,90941747;0,00230218;-0,01906265
2025-01-02;19853,65458817;0,00754864;-0,01165791
2025-01-03;19818,74949751;-0,00175812;-0,01339554
2025-01-06;19867,81431005;0,00247568;-0,01095302
2025-01-07;19840,14662242;-0,00139259;-0,01233036
2025-01-08;19904,89229206;0,00326337;-0,00910723
2025-01-10;19927,60294115;0,00114096;-0,00797666
2025-01-13;19829,08028611;-0,00494403;-0,01288125
2025-01-14;19895,02749498;0,00332578;-0,00959831
2025-01-15;20043,08438243;0,00744190;-0,00222784
2025-01-16;20098,09811225;0,00274477;0,00000000
2025-01-17;20147,24131475;0,00244517;0,00000000
2025-01-21;20259,37534208;0,00556573;0,00000000
2025-01-22;20383,45044264;0,00612433;0,00000000
2025-01-23;20372,69685394;-0,00052756;-0,00052756
2025-01-24;20376,70299167;0,00019664;-0,00033103
2025-01-27;20125,80301789;-0,01231308;-0,01264003
2025-01-28;20278,91915115;0,00760795;-0,00512824
2025-01-29;20249,22597060;-0,00146424;-0,00658497
2025-01-30;20371,66566816;0,00604664;-0,00057815
2025-01-31;20421,29518704;0,00243620;0,00000000
2025-02-03;20369,86130113;-0,00251864;-0,00251864
2025-02-04;20487,08482941;0,00575475;0,00000000
2025-02-05;20563,43785582;0,00372689;0,00000000
2025-02-06;20616,52107682;0,00258144;0,00000000
2025-02-07;20595,72397608;-0,00100876;-0,00100876
2025-02-10;20787,46435603;0,00930972;0,00000000
2025-02-11;20752,27252868;-0,00169294;-0,00169294
2025-02-12;20733,06158662;-0,00092573;-0,00261710
2025-02-13;20861,10486418;0,00617580;0,00000000
2025-02-14;20740,76406135;-0,00576867;-0,00576867
2025-02-18;20904,11569597;0,00787587;0,00000000
2025-02-19;20919,77331819;0,00074902;0,00000000
2025-02-20;20876,11070139;-0,00208715;-0,00208715
2025-02-21;20792,98529744;-0,00398184;-0,00606068
2025-02-24;20755,13747120;-0,00182022;-0,00786987
2025-02-25;20555,96268488;-0,00959641;-0,01739075
2025-02-26;20642,24265898;0,00419732;-0,01326643
2025-02-27;20416,70015003;-0,01092626;-0,02404774
2025-02-28;20365,98008060;-0,00248424;-0,02647224
2025-03-03;20406,27816882;0,00197870;-0,02454592
2025-03-04;20339,01039322;-0,00329643;-0,02776143
2025-03-05;20367,07875054;0,00138003;-0,02641972
2025-03-06;20303,78639988;-0,00310758;-0,02944520
2025-03-07;20252,08005137;-0,00254664;-0,03191685
2025-03-10;20081,52730082;-0,00842149;-0,04006956
2025-03-11;20104,91885521;0,00116483;-0,03895140
2025-03-12;20194,09262380;0,00443542;-0,03468875
2025-03-13;20277,33066018;0,00412190;-0,03070983
2025-03-14;20396,01968290;0,00585329;-0,02503630
2025-03-17;20470,05691775;0,00362998;-0,02149719
2025-03-18;20536,41489702;0,00324171;-0,01832517
2025-03-19;20626,05273364;0,00436482;-0,01404033
2025-03-20;20607,33601733;-0,00090743;-0,01493502
2025-03-21;20535,30913387;-0,00349521;-0,01837803
2025-03-24;20588,29960162;0,00258046;-0,01584500
2025-03-25;20638,67976221;0,00244703;-0,01343674
2025-03-26;20583,89704605;-0,00265437;-0,01605545
2025-03-27;20651,42112888;0,00328043;-0,01282768
2025-03-28;20615,77819871;-0,00172593;-0,01453147
2025-03-31;20718,15882993;0,00496613;-0,00963751
2025-04-01;20766,58078291;0,00233717;-0,00732286
2025-04-02;20791,37345851;0,00119387;-0,00613773
2025-04-03;20456,91064795;-0,01608661;-0,02212561
2025-04-04;20018,73378683;-0,02141950;-0,04307119
2025-04-07;19785,93723666;-0,01162893;-0,05419925
2025-04-08;19909,67956735;0,00625405;-0,04828416
2025-04-09;20235,28558001;0,01635416;-0,03271965
2025-04-10;20512,00589323;0,01367514;-0,01949196
2025-04-11;20685,90698224;0,00847801;-0,01117920
2025-04-14;20729,90504433;0,00212696;-0,00907602
2025-04-15;20789,05646818;0,00285343;-0,00624848
2025-04-16;20990,28687030;0,00967963;0,00000000
2025-04-17;20899,91035061;-0,00430564;-0,00430564
2025-04-22;21010,70968210;0,00530143;0,00000000
2025-04-23;20948,74161697;-0,00294936;-0,00294936
2025-04-24;21153,08295116;0,00975435;0,00000000
2025-04-25;21099,05692095;-0,00255405;-0,00255405
2025-04-28;21209,95071099;0,00525586;0,00000000
2025-04-29;21154,04119317;-0,00263600;-0,00263600
2025-04-30;21104,41805805;-0,00234580;-0,00497562
2025-05-01;21037,58566051;-0,00316675;-0,00812661
2025-05-02;21110,62859073;0,00347202;-0,00468281
2025-05-06;21417,65769912;0,01454382;0,00000000
2025-05-07;21315,88343066;-0,00475189;-0,00475189
2025-05-08;21268,78514068;-0,00220954;-0,00695093
2025-05-09;21305,65529406;0,00173353;-0,00522944
2025-05-12;21335,72523148;0,00141136;-0,00382546
2025-05-13;21442,17567608;0,00498931;0,00000000
2025-05-14;21307,66064756;-0,00627339;-0,00627339
2025-05-15;21424,32056728;0,00547502;-0,00083271
2025-05-16;21388,04322601;-0,00169328;-0,00252458
2025-05-19;21440,66195657;0,00246019;-0,00007060
2025-05-20;21570,22943605;0,00604307;0,00000000
2025-05-21;21552,06146171;-0,00084227;-0,00084227
2025-05-22;21432,06450935;-0,00556777;-0,00640535
2025-05-23;21491,34700699;0,00276607;-0,00365700
2025-05-27;21508,26327711;0,00078712;-0,00287276
2025-05-28;21494,74857102;-0,00062835;-0,00349931
2025-05-29;21531,70235156;0,00171920;-0,00178612
2025-05-30;21487,58752526;-0,00204883;-0,00383129
2025-06-02;21652,28484912;0,00766477;0,00000000
2025-06-03;21765,75522959;0,00524057;0,00000000
2025-06-04;21775,75835439;0,00045958;0,00000000
2025-06-05;21774,60366921;-0,00005303;-0,00005303
2025-06-06;21829,76604314;0,00253334;0,00000000
2025-06-09;21839,91129474;0,00046474;0,00000000
2025-06-10;21881,47437680;0,00190308;0,00000000
2025-06-11;21900,51298776;0,00087008;0,00000000
2025-06-12;21890,41141782;-0,00046125;-0,00046125
2025-06-13;21822,84431559;-0,00308661;-0,00354643
2025-06-16;21901,26432104;0,00359348;0,00000000
2025-06-17;21874,09144216;-0,00124070;-0,00124070
2025-06-18;21901,45611410;0,00125101;0,00000000
2025-06-20;21846,49159957;-0,00250963;-0,00250963
2025-06-23;21857,52947838;0,00050525;-0,00200565
2025-06-24;21958,39370109;0,00461462;0,00000000
2025-06-25;21978,44758971;0,00091327;0,00000000
2025-06-26;21986,25844926;0,00035539;0,00000000
2025-06-27;22070,02091562;0,00380976;0,00000000
2025-06-30;22105,99445544;0,00162997;0,00000000
2025-07-01;22083,94008626;-0,00099766;-0,00099766
2025-07-02;22243,09664691;0,00720689;0,00000000
2025-07-03;22328,85365179;0,00385544;0,00000000
2025-07-07;22250,97402436;-0,00348785;-0,00348785
2025-07-08;22256,64140484;0,00025470;-0,00323403
2025-07-09;22329,93984433;0,00329333;0,00000000
2025-07-10;22361,57456293;0,00141670;0,00000000
2025-07-11;22379,66536804;0,00080901;0,00000000
2025-07-14;22385,18098249;0,00024646;0,00000000
2025-07-15;22442,04409568;0,00254021;0,00000000
2025-07-16;22409,06317318;-0,00146960;-0,00146960
2025-07-17;22548,32456230;0,00621451;0,00000000
2025-07-18;22556,95460650;0,00038274;0,00000000
2025-07-21;22648,49878834;0,00405836;0,00000000
2025-07-22;22605,37168612;-0,00190419;-0,00190419
2025-07-23;22607,30347956;0,00008546;-0,00181890
2025-07-24;22659,11641486;0,00229187;0,00000000
2025-07-25;22667,82675829;0,00038441;0,00000000
2025-07-28;22697,87392647;0,00132554;0,00000000
2025-07-29;22719,30656037;0,00094426;0,00000000
2025-07-30;22676,64066931;-0,00187796;-0,00187796
2025-07-31;22679,92586336;0,00014487;-0,00173336
2025-08-01;22491,45567548;-0,00831000;-0,01002895
2025-08-04;22690,02602178;0,00882870;-0,00128880
2025-08-05;22640,93662731;-0,00216348;-0,00344949
2025-08-06;22707,66595250;0,00294729;-0,00051237
2025-08-07;22743,35088931;0,00157149;0,00000000
2025-08-08;22809,78620298;0,00292109;0,00000000
2025-08-11;22708,54784863;-0,00443837;-0,00443837
2025-08-12;22773,69145691;0,00286868;-0,00158242
2025-08-13;22796,93159210;0,00102048;-0,00056356
2025-08-14;22754,15777767;-0,00187630;-0,00243880
2025-08-15;22724,99151344;-0,00128180;-0,00371747
2025-08-18;22736,65557852;0,00051327;-0,00320611
2025-08-19;22621,85348307;-0,00504921;-0,00823913
2025-08-20;22635,77784097;0,00061553;-0,00762867
2025-08-21;22614,17396890;-0,00095441;-0,00857580
2025-08-22;22784,65980071;0,00753889;-0,00110156
2025-08-26;22800,47391505;0,00069407;-0,00040826
2025-08-27;22870,06345590;0,00305211;0,00000000
2025-08-28;22948,51349406;0,00343025;0,00000000
2025-08-29;22916,22660414;-0,00140693;-0,00140693
2025-09-02;23009,88969835;0,00408720;0,00000000
2025-09-03;23118,24394859;0,00470903;0,00000000
2025-09-04;23154,32930035;0,00156090;0,00000000
2025-09-05;23211,84842034;0,00248416;0,00000000
2025-09-08;23364,23833577;0,00656518;0,00000000
2025-09-09;23354,26711459;-0,00042677;-0,00042677
2025-09-10;23489,53508072;0,00579200;0,00000000
2025-09-11;23535,10694722;0,00194009;0,00000000
2025-09-12;23548,89403302;0,00058581;0,00000000
2025-09-15;23678,41336006;0,00550002;0,00000000
2025-09-16;23645,07093618;-0,00140814;-0,00140814
2025-09-17;23564,89934027;-0,00339063;-0,00479399
2025-09-18;23705,44445284;0,00596417;0,00000000
2025-09-19;23853,13475874;0,00623023;0,00000000
2025-09-22;24071,00973858;0,00913402;0,00000000
2025-09-23;24068,21661540;-0,00011604;-0,00011604
2025-09-24;23963,35437512;-0,00435688;-0,00447241
2025-09-25;23989,99476720;0,00111171;-0,00336567
2025-09-26;24035,30582374;0,00188875;-0,00148327
2025-09-29;24211,45693660;0,00732885;0,00000000
2025-09-30;24284,29646017;0,00300847;0,00000000
2025-10-01;24377,36519828;0,00383247;0,00000000
2025-10-02;24443,05584185;0,00269474;0,00000000
2025-10-03;24439,86377720;-0,00013059;-0,00013059
2025-10-06;24496,73749430;0,00232709;0,00000000
2025-10-07;24447,77644821;-0,00199868;-0,00199868
2025-10-08;24581,55225034;0,00547190;0,00000000
2025-10-09;24595,17571765;0,00055422;0,00000000
2025-10-10;24267,57684919;-0,01331964;-0,01331964
2025-10-13;24417,74186100;0,00618789;-0,00721417
2025-10-14;24351,87883696;-0,00269734;-0,00989206
2025-10-15;24420,71119206;0,00282657;-0,00709344
2025-10-16;24414,65179224;-0,00024813;-0,00733981
2025-10-17;24372,95966635;-0,00170767;-0,00903494
2025-10-20;24527,56979081;0,00634351;-0,00274875
2025-10-21;24546,38152184;0,00076696;-0,00198389
2025-10-22;24468,95302160;-0,00315438;-0,00513201
2025-10-23;24580,19007870;0,00454605;-0,00060929
2025-10-24;26851,30636380;0,09239621;0,00000000
2025-10-27;24869,34513642;-0,07381247;-0,07381247
2025-10-28;24975,39418433;0,00426425;-0,06986298
2025-10-29;25050,22807075;0,00299630;-0,06707600
2025-10-30;24978,87412779;-0,00284843;-0,06973338
2025-10-31;24968,35296141;-0,00042120;-0,07012521
2025-11-03;24992,35057005;0,00096112;-0,06923148
2025-11-04;24693,64863956;-0,01195173;-0,08035578
2025-11-05;24769,52803472;0,00307283;-0,07752987
2025-11-06;24478,01908962;-0,01176885;-0,08838629
2025-11-07;24358,13903350;-0,00489746;-0,09285088
2025-11-10;24810,95473467;0,01858991;-0,07598705
2025-11-11;24792,61470984;-0,00073919;-0,07667007
2025-11-12;24938,49892849;0,00588418;-0,07123703
2025-11-13;24579,42523146;-0,01439837;-0,08460971
2025-11-14;24555,34877683;-0,00097954;-0,08550636
2025-11-17;24327,18100522;-0,00929198;-0,09400382
2025-11-18;24108,05394354;-0,00900750;-0,10216458
2025-11-19;24205,19136129;0,00402925;-0,09854697
2025-11-20;23968,10571049;-0,00979483;-0,10737655
2025-11-21;23890,64521890;-0,00323182;-0,11026134
2025-11-24;24250,22718970;0,01505116;-0,09686974
2025-11-25;24273,55247327;0,00096186;-0,09600106
2025-11-26;24488,81216970;0,00886808;-0,08798433
2025-11-28;24620,14106350;0,00536281;-0,08309336
2025-12-01;24637,65196710;0,00071124;-0,08244122
2025-12-02;24743,28837829;0,00428760;-0,07850709
2025-12-03;24715,83133812;-0,00110968;-0,07952965
2025-12-04;24757,26545976;0,00167642;-0,07798656
2025-12-05;24855,15784375;0,00395409;-0,07434083
2025-12-08;24906,55158437;0,00206773;-0,07242682
2025-12-09;24950,96010907;0,00178301;-0,07077295
2025-12-10;24971,51868096;0,00082396;-0,07000731
2025-12-11;24912,31332970;-0,00237092;-0,07221224
2025-12-12;24630,49960795;-0,01131223;-0,08270759
2025-12-15;24551,35720743;-0,00321319;-0,08565502
2025-12-16;24497,02183556;-0,00221313;-0,08767858
2025-12-17;24273,99250937;-0,00910434;-0,09598467
2025-12-18;24480,39448118;0,00850301;-0,08829782
2025-12-19;24708,52921243;0,00931908;-0,07980160
2025-12-22;24753,43907196;0,00181759;-0,07812906
2025-12-23;24813,40495112;0,00242253;-0,07589580
2025-12-24;24831,80547626;0,00074156;-0,07521053
2025-12-29;24806,82778335;-0,00100588;-0,07614075
2025-12-30;24806,29239955;-0,00002158;-0,07616069
2025-12-31;24701,93657544;-0,00420683;-0,08004712
2026-01-02;24682,77123887;-0,00077586;-0,08076088
2026-01-05;24770,64953011;0,00356031;-0,07748810
2026-01-06;24839,87576373;0,00279469;-0,07490997
2026-01-07;24884,28054615;0,00178764;-0,07325624
2026-01-08;24823,52555488;-0,00244150;-0,07551889
2026-01-09;24947,68682772;0,00500176;-0,07089486
2026-01-12;24951,10467034;0,00013700;-0,07076757
2026-01-13;24957,49829298;0,00025625;-0,07052946
2026-01-14;24860,82121791;-0,00387367;-0,07412992
2026-01-15;24990,84752882;0,00523017;-0,06928746
2026-01-16;24977,87034171;-0,00051928;-0,06977076
2026-01-20;24733,68871169;-0,00977592;-0,07886460
2026-01-21;24783,84696018;0,00202793;-0,07699660
2026-01-22;24860,76524798;0,00310357;-0,07413200
2026-01-23;24804,15521484;-0,00227708;-0,07624028
2026-01-26;24802,04902937;-0,00008491;-0,07631872
2026-01-27;24858,12717485;0,00226103;-0,07423025
2026-01-28;24854,56651988;-0,00014324;-0,07436286
2026-01-29;24725,84022123;-0,00517918;-0,07915690
2026-01-30;24729,41235900;0,00014447;-0,07902386
2026-02-02;24852,09467423;0,00496099;-0,07445491
2026-02-03;24716,69348127;-0,00544828;-0,07949754
2026-02-04;24627,10957190;-0,00362443;-0,08283384
2026-02-05;24549,16965856;-0,00316480;-0,08573649
2026-02-06;24742,02913832;0,00785605;-0,07855399
2026-02-09;24865,39107939;0,00498593;-0,07395973
2026-02-10;24873,93869248;0,00034376;-0,07364140
2026-02-11;24874,86639999;0,00003730;-0,07360685
2026-02-12;24711,03936045;-0,00658605;-0,07970811
2026-02-13;24713,06903010;0,00008214;-0,07963253
2026-02-17;24754,08002492;0,00165949;-0,07810519
2026-02-18;24868,44821204;0,00462018;-0,07384587
2026-02-19;24870,95389452;0,00010076;-0,07375256
2026-02-20;24900,34892877;0,00118190;-0,07265782
2026-02-23;24785,77591330;-0,00460126;-0,07692477
2026-02-24;24841,44324458;0,00224594;-0,07485160
2026-02-25;24982,28194809;0,00566951;-0,06960646
2026-02-26;24930,14627318;-0,00208691;-0,07154811
2026-02-27;24903,47864286;-0,00106969;-0,07254126
2026-03-02;24898,50904125;-0,00019955;-0,07272634
2026-03-03;24712,30914140;-0,00747836;-0,07966083
2026-03-04;24872,16274493;0,00646858;-0,07370754
2026-03-05;24813,79693462;-0,00234663;-0,07588120
2026-03-09;24613,24110525;-0,00808243;-0,08335033
2026-03-10;24747,75816377;0,00546523;-0,07834063
2026-03-11;24700,19928213;-0,00192175;-0,08011182
2026-03-12;24597,06225962;-0,00417555;-0,08395287
2026-03-13;24580,32794719;-0,00068034;-0,08457609
2026-03-16;24641,23410975;0,00247784;-0,08230781
2026-03-17;24684,76460670;0,00176657;-0,08068664
2026-03-18;24589,82489214;-0,00384609;-0,08422240
2026-03-19;24434,30933467;-0,00632439;-0,09001413
2026-03-20;24325,43978650;-0,00445560;-0,09406867
2026-03-23;24371,57533883;0,00189660;-0,09235048
2026-03-24;24367,27654391;-0,00017639;-0,09251058
2026-03-25;24451,29505831;0,00344801;-0,08938155
2026-03-26;24261,33080276;-0,00776909;-0,09645622
2026-03-27;24103,42212889;-0,00650866;-0,10233708
2026-03-30;24119,03108153;0,00064758;-0,10175577
2026-03-31;24279,27609283;0,00664392;-0,09578790
2026-04-01;24507,84751831;0,00941426;-0,08727541
2026-04-02;24550,82634751;0,00175368;-0,08567479
2026-04-07;24539,83806597;-0,00044757;-0,08608402
2026-04-08;24833,07457006;0,01194941;-0,07516326
2026-04-09;24872,28644144;0,00157902;-0,07370293
2026-04-10;24911,92906032;0,00159385;-0,07222655
2026-04-13;24966,31310094;0,00218305;-0,07020118
2026-04-14;25119,11261876;0,00612023;-0,06451059
2026-04-15;25208,43150591;0,00355581;-0,06118417
2026-04-16;25312,39848042;0,00412429;-0,05731222
2026-04-17;25489,54405718;0,00699837;-0,05071494
2026-04-20;25454,99532491;-0,00135541;-0,05200161
2026-04-21;25441,39460636;-0,00053430;-0,05250813
2026-04-22;25536,29671158;0,00373022;-0,04897377
2026-04-23;25514,51353842;-0,00085303;-0,04978502
2026-04-24;25590,02898216;0,00295971;-0,04697266
2026-04-27;25576,29480902;-0,00053670;-0,04748415
2026-04-28;25496,56314108;-0,00311740;-0,05045353
2026-04-29;25527,01390337;0,00119431;-0,04931948
2026-04-30;25560,52420169;0,00131274;-0,04807148
2026-05-01;25692,18412262;0,00515091;-0,04316819
2026-05-05;25796,94301235;0,00407746;-0,03926674
2026-05-06;26023,82942278;0,00879509;-0,03081701
2026-05-07;26023,00896729;-0,00003153;-0,03084756
2026-05-08;26141,02232844;0,00453496;-0,02645249
2026-05-11;26218,84398771;0,00297699;-0,02355425
2026-05-12;26145,90891477;-0,00278178;-0,02627051
2026-05-13;26278,60101213;0,00507506;-0,02132877
2026-05-14;26474,24145825;0,00744486;-0,01404270
2026-05-15;26397,32197339;-0,00290545;-0,01690735
2026-05-18;26259,17544472;-0,00523335;-0,02205222
2026-05-19;26193,97721436;-0,00248287;-0,02448034
2026-05-20;26352,75758242;0,00606171;-0,01856702
2026-05-21;26402,37223220;0,00188271;-0,01671927
2026-05-22;26536,82391015;0,00509241;-0,01171200
2026-05-26;26683,56502749;0,00552972;-0,00624705
2026-05-27;26669,39917581;-0,00053088;-0,00677461
2026-05-28;26761,01704106;0,00343532;-0,00336257
2026-05-29;26866,83140057;0,00395405;0,00000000
2026-06-01;26974,40650882;0,00400401;0,00000000
2026-06-02;27064,02398370;0,00332231;0,00000000
2026-06-03;26996,84375972;-0,00248227;-0,00248227
2026-06-04;26945,86603247;-0,00188828;-0,00436587
2026-06-05;26594,40763190;-0,01304313;-0,01735205
2026-06-08;26644,87416337;0,00189764;-0,01548734
2026-06-09;26398,79669445;-0,00923545;-0,02457976
2026-06-10;26290,06515096;-0,00411881;-0,02859733
2026-06-11;26458,63909314;0,00641208;-0,02236862
2026-06-12;26657,15511094;0,00750288;-0,01503357
2026-06-15;26937,92996495;0,01053281;-0,00465910
2026-06-16;26821,54456771;-0,00432050;-0,00895947
2026-06-17;26823,71012825;0,00008074;-0,00887946
2026-06-18;27015,22856472;0,00713989;-0,00180296
2026-06-22;27015,98535733;0,00002801;-0,00177500
2026-06-23;26747,72975833;-0,00992951;-0,01168689
2026-06-24;26788,28791516;0,00151632;-0,01018829
2026-06-25;26757,70216454;-0,00114176;-0,01131841
2026-06-26;26672,29496228;-0,00319187;-0,01447416
2026-06-29;26769,52977442;0,00364554;-0,01088139
2026-06-30;26969,95307937;0,00748699;-0,00347587
