Date;value;daily_return;drawdown
2014-01-02;10000,00000000;;0,00000000
2014-01-03;10000,00000000;0,00000000;0,00000000
2014-01-06;10000,00000000;0,00000000;0,00000000
2014-01-07;10000,00000000;0,00000000;0,00000000
2014-01-08;10000,00000000;0,00000000;0,00000000
2014-01-09;10000,00000000;0,00000000;0,00000000
2014-01-10;10000,00000000;0,00000000;0,00000000
2014-01-13;10000,00000000;0,00000000;0,00000000
2014-01-14;10000,00000000;0,00000000;0,00000000
2014-01-15;10000,00000000;0,00000000;0,00000000
2014-01-16;10000,00000000;0,00000000;0,00000000
2014-01-17;10000,00000000;0,00000000;0,00000000
2014-01-21;10000,00000000;0,00000000;0,00000000
2014-01-22;10000,00000000;0,00000000;0,00000000
2014-01-23;10000,00000000;0,00000000;0,00000000
2014-01-24;10000,00000000;0,00000000;0,00000000
2014-01-27;10000,00000000;0,00000000;0,00000000
2014-01-28;10000,00000000;0,00000000;0,00000000
2014-01-29;10000,00000000;0,00000000;0,00000000
2014-01-30;10000,00000000;0,00000000;0,00000000
2014-01-31;10000,00000000;0,00000000;0,00000000
2014-02-03;10000,00000000;0,00000000;0,00000000
2014-02-04;10000,00000000;0,00000000;0,00000000
2014-02-05;10000,00000000;0,00000000;0,00000000
2014-02-06;10000,00000000;0,00000000;0,00000000
2014-02-07;10000,00000000;0,00000000;0,00000000
2014-02-10;10000,00000000;0,00000000;0,00000000
2014-02-11;10000,00000000;0,00000000;0,00000000
2014-02-12;10000,00000000;0,00000000;0,00000000
2014-02-13;10000,00000000;0,00000000;0,00000000
2014-02-14;10000,00000000;0,00000000;0,00000000
2014-02-18;10000,00000000;0,00000000;0,00000000
2014-02-19;10000,00000000;0,00000000;0,00000000
2014-02-20;10000,00000000;0,00000000;0,00000000
2014-02-21;10000,00000000;0,00000000;0,00000000
2014-02-24;10000,00000000;0,00000000;0,00000000
2014-02-25;10000,00000000;0,00000000;0,00000000
2014-02-26;10000,00000000;0,00000000;0,00000000
2014-02-27;10000,00000000;0,00000000;0,00000000
2014-02-28;10000,00000000;0,00000000;0,00000000
2014-03-03;10000,00000000;0,00000000;0,00000000
2014-03-04;10000,00000000;0,00000000;0,00000000
2014-03-05;10000,00000000;0,00000000;0,00000000
2014-03-06;10000,00000000;0,00000000;0,00000000
2014-03-07;10000,00000000;0,00000000;0,00000000
2014-03-10;10000,00000000;0,00000000;0,00000000
2014-03-11;10000,00000000;0,00000000;0,00000000
2014-03-12;10000,00000000;0,00000000;0,00000000
2014-03-13;10000,00000000;0,00000000;0,00000000
2014-03-14;10000,00000000;0,00000000;0,00000000
2014-03-17;10000,00000000;0,00000000;0,00000000
2014-03-18;10000,00000000;0,00000000;0,00000000
2014-03-19;10000,00000000;0,00000000;0,00000000
2014-03-20;10000,00000000;0,00000000;0,00000000
2014-03-21;10000,00000000;0,00000000;0,00000000
2014-03-24;10000,00000000;0,00000000;0,00000000
2014-03-25;10000,00000000;0,00000000;0,00000000
2014-03-26;10000,00000000;0,00000000;0,00000000
2014-03-27;10000,00000000;0,00000000;0,00000000
2014-03-28;10000,00000000;0,00000000;0,00000000
2014-03-31;10000,00000000;0,00000000;0,00000000
2014-04-01;10000,00000000;0,00000000;0,00000000
2014-04-02;10000,00000000;0,00000000;0,00000000
2014-04-03;10000,00000000;0,00000000;0,00000000
2014-04-04;10000,00000000;0,00000000;0,00000000
2014-04-07;10000,00000000;0,00000000;0,00000000
2014-04-08;10000,00000000;0,00000000;0,00000000
2014-04-09;10000,00000000;0,00000000;0,00000000
2014-04-10;10000,00000000;0,00000000;0,00000000
2014-04-11;10000,00000000;0,00000000;0,00000000
2014-04-14;10000,00000000;0,00000000;0,00000000
2014-04-15;10000,00000000;0,00000000;0,00000000
2014-04-16;10000,00000000;0,00000000;0,00000000
2014-04-17;10000,00000000;0,00000000;0,00000000
2014-04-22;10000,00000000;0,00000000;0,00000000
2014-04-23;10000,00000000;0,00000000;0,00000000
2014-04-24;10000,00000000;0,00000000;0,00000000
2014-04-25;10000,00000000;0,00000000;0,00000000
2014-04-28;10000,00000000;0,00000000;0,00000000
2014-04-29;10000,00000000;0,00000000;0,00000000
2014-04-30;10000,00000000;0,00000000;0,00000000
2014-05-01;10000,00000000;0,00000000;0,00000000
2014-05-02;10000,00000000;0,00000000;0,00000000
2014-05-06;10000,00000000;0,00000000;0,00000000
2014-05-07;10000,00000000;0,00000000;0,00000000
2014-05-08;10000,00000000;0,00000000;0,00000000
2014-05-09;10000,00000000;0,00000000;0,00000000
2014-05-12;10000,00000000;0,00000000;0,00000000
2014-05-13;10000,00000000;0,00000000;0,00000000
2014-05-14;10000,00000000;0,00000000;0,00000000
2014-05-15;10000,00000000;0,00000000;0,00000000
2014-05-16;10000,00000000;0,00000000;0,00000000
2014-05-19;10000,00000000;0,00000000;0,00000000
2014-05-20;10000,00000000;0,00000000;0,00000000
2014-05-21;10000,00000000;0,00000000;0,00000000
2014-05-22;10000,00000000;0,00000000;0,00000000
2014-05-23;10000,00000000;0,00000000;0,00000000
2014-05-27;10000,00000000;0,00000000;0,00000000
2014-05-28;10000,00000000;0,00000000;0,00000000
2014-05-29;10000,00000000;0,00000000;0,00000000
2014-05-30;10000,00000000;0,00000000;0,00000000
2014-06-02;10000,00000000;0,00000000;0,00000000
2014-06-03;10000,00000000;0,00000000;0,00000000
2014-06-04;10000,00000000;0,00000000;0,00000000
2014-06-05;10000,00000000;0,00000000;0,00000000
2014-06-06;10000,00000000;0,00000000;0,00000000
2014-06-09;10000,00000000;0,00000000;0,00000000
2014-06-10;10000,00000000;0,00000000;0,00000000
2014-06-11;10000,00000000;0,00000000;0,00000000
2014-06-12;10000,00000000;0,00000000;0,00000000
2014-06-13;10000,00000000;0,00000000;0,00000000
2014-06-16;10000,00000000;0,00000000;0,00000000
2014-06-17;10000,00000000;0,00000000;0,00000000
2014-06-18;10000,00000000;0,00000000;0,00000000
2014-06-19;10000,00000000;0,00000000;0,00000000
2014-06-20;10000,00000000;0,00000000;0,00000000
2014-06-23;10000,00000000;0,00000000;0,00000000
2014-06-24;10000,00000000;0,00000000;0,00000000
2014-06-25;10000,00000000;0,00000000;0,00000000
2014-06-26;10000,00000000;0,00000000;0,00000000
2014-06-27;10000,00000000;0,00000000;0,00000000
2014-06-30;10000,00000000;0,00000000;0,00000000
2014-07-01;10000,00000000;0,00000000;0,00000000
2014-07-02;10000,00000000;0,00000000;0,00000000
2014-07-03;10000,00000000;0,00000000;0,00000000
2014-07-07;10000,00000000;0,00000000;0,00000000
2014-07-08;10000,00000000;0,00000000;0,00000000
2014-07-09;10000,00000000;0,00000000;0,00000000
2014-07-10;10000,00000000;0,00000000;0,00000000
2014-07-11;10000,00000000;0,00000000;0,00000000
2014-07-14;10000,00000000;0,00000000;0,00000000
2014-07-15;10000,00000000;0,00000000;0,00000000
2014-07-16;10000,00000000;0,00000000;0,00000000
2014-07-17;10000,00000000;0,00000000;0,00000000
2014-07-18;10000,00000000;0,00000000;0,00000000
2014-07-21;10000,00000000;0,00000000;0,00000000
2014-07-22;10000,00000000;0,00000000;0,00000000
2014-07-23;10000,00000000;0,00000000;0,00000000
2014-07-24;10000,00000000;0,00000000;0,00000000
2014-07-25;10000,00000000;0,00000000;0,00000000
2014-07-28;10000,00000000;0,00000000;0,00000000
2014-07-29;10000,00000000;0,00000000;0,00000000
2014-07-30;10000,00000000;0,00000000;0,00000000
2014-07-31;10000,00000000;0,00000000;0,00000000
2014-08-01;10000,00000000;0,00000000;0,00000000
2014-08-04;10000,00000000;0,00000000;0,00000000
2014-08-05;10000,00000000;0,00000000;0,00000000
2014-08-06;10000,00000000;0,00000000;0,00000000
2014-08-07;10000,00000000;0,00000000;0,00000000
2014-08-08;10000,00000000;0,00000000;0,00000000
2014-08-11;10000,00000000;0,00000000;0,00000000
2014-08-12;10000,00000000;0,00000000;0,00000000
2014-08-13;10000,00000000;0,00000000;0,00000000
2014-08-14;10000,00000000;0,00000000;0,00000000
2014-08-15;10000,00000000;0,00000000;0,00000000
2014-08-18;10000,00000000;0,00000000;0,00000000
2014-08-19;10000,00000000;0,00000000;0,00000000
2014-08-20;10000,00000000;0,00000000;0,00000000
2014-08-21;10000,00000000;0,00000000;0,00000000
2014-08-22;10000,00000000;0,00000000;0,00000000
2014-08-26;10000,00000000;0,00000000;0,00000000
2014-08-27;10000,00000000;0,00000000;0,00000000
2014-08-28;10000,00000000;0,00000000;0,00000000
2014-08-29;10000,00000000;0,00000000;0,00000000
2014-09-02;10000,00000000;0,00000000;0,00000000
2014-09-03;10000,00000000;0,00000000;0,00000000
2014-09-04;10000,00000000;0,00000000;0,00000000
2014-09-05;10000,00000000;0,00000000;0,00000000
2014-09-08;10000,00000000;0,00000000;0,00000000
2014-09-09;10000,00000000;0,00000000;0,00000000
2014-09-10;10000,00000000;0,00000000;0,00000000
2014-09-11;10000,00000000;0,00000000;0,00000000
2014-09-12;10000,00000000;0,00000000;0,00000000
2014-09-15;10000,00000000;0,00000000;0,00000000
2014-09-16;10000,00000000;0,00000000;0,00000000
2014-09-17;10000,00000000;0,00000000;0,00000000
2014-09-18;10000,00000000;0,00000000;0,00000000
2014-09-19;10000,00000000;0,00000000;0,00000000
2014-09-22;10000,00000000;0,00000000;0,00000000
2014-09-23;10000,00000000;0,00000000;0,00000000
2014-09-24;10000,00000000;0,00000000;0,00000000
2014-09-25;10000,00000000;0,00000000;0,00000000
2014-09-26;10000,00000000;0,00000000;0,00000000
2014-09-29;10000,00000000;0,00000000;0,00000000
2014-09-30;10000,00000000;0,00000000;0,00000000
2014-10-01;10000,00000000;0,00000000;0,00000000
2014-10-02;10000,00000000;0,00000000;0,00000000
2014-10-03;10000,00000000;0,00000000;0,00000000
2014-10-06;10000,00000000;0,00000000;0,00000000
2014-10-07;10000,00000000;0,00000000;0,00000000
2014-10-08;10000,00000000;0,00000000;0,00000000
2014-10-09;10000,00000000;0,00000000;0,00000000
2014-10-10;10000,00000000;0,00000000;0,00000000
2014-10-13;10000,00000000;0,00000000;0,00000000
2014-10-14;10000,00000000;0,00000000;0,00000000
2014-10-15;10000,00000000;0,00000000;0,00000000
2014-10-16;10000,00000000;0,00000000;0,00000000
2014-10-17;10000,00000000;0,00000000;0,00000000
2014-10-20;10000,00000000;0,00000000;0,00000000
2014-10-21;10000,00000000;0,00000000;0,00000000
2014-10-22;10000,00000000;0,00000000;0,00000000
2014-10-23;10000,00000000;0,00000000;0,00000000
2014-10-24;10000,00000000;0,00000000;0,00000000
2014-10-27;10000,00000000;0,00000000;0,00000000
2014-10-28;10000,00000000;0,00000000;0,00000000
2014-10-29;10000,00000000;0,00000000;0,00000000
2014-10-30;10000,00000000;0,00000000;0,00000000
2014-10-31;10000,00000000;0,00000000;0,00000000
2014-11-03;10000,00000000;0,00000000;0,00000000
2014-11-04;10000,00000000;0,00000000;0,00000000
2014-11-05;10000,00000000;0,00000000;0,00000000
2014-11-06;10000,00000000;0,00000000;0,00000000
2014-11-07;10000,00000000;0,00000000;0,00000000
2014-11-10;10000,00000000;0,00000000;0,00000000
2014-11-11;10000,00000000;0,00000000;0,00000000
2014-11-12;10000,00000000;0,00000000;0,00000000
2014-11-13;10000,00000000;0,00000000;0,00000000
2014-11-14;10000,00000000;0,00000000;0,00000000
2014-11-17;10000,00000000;0,00000000;0,00000000
2014-11-18;10000,00000000;0,00000000;0,00000000
2014-11-19;10000,00000000;0,00000000;0,00000000
2014-11-20;10000,00000000;0,00000000;0,00000000
2014-11-21;10000,00000000;0,00000000;0,00000000
2014-11-24;10000,00000000;0,00000000;0,00000000
2014-11-25;10000,00000000;0,00000000;0,00000000
2014-11-26;10000,00000000;0,00000000;0,00000000
2014-11-28;10000,00000000;0,00000000;0,00000000
2014-12-01;10000,00000000;0,00000000;0,00000000
2014-12-02;10000,00000000;0,00000000;0,00000000
2014-12-03;10000,00000000;0,00000000;0,00000000
2014-12-04;10000,00000000;0,00000000;0,00000000
2014-12-05;10000,00000000;0,00000000;0,00000000
2014-12-08;10000,00000000;0,00000000;0,00000000
2014-12-09;10000,00000000;0,00000000;0,00000000
2014-12-10;10000,00000000;0,00000000;0,00000000
2014-12-11;10000,00000000;0,00000000;0,00000000
2014-12-12;10000,00000000;0,00000000;0,00000000
2014-12-15;10000,00000000;0,00000000;0,00000000
2014-12-16;10000,00000000;0,00000000;0,00000000
2014-12-17;10000,00000000;0,00000000;0,00000000
2014-12-18;10000,00000000;0,00000000;0,00000000
2014-12-19;10000,00000000;0,00000000;0,00000000
2014-12-22;10000,00000000;0,00000000;0,00000000
2014-12-23;10000,00000000;0,00000000;0,00000000
2014-12-24;10000,00000000;0,00000000;0,00000000
2014-12-29;10000,00000000;0,00000000;0,00000000
2014-12-30;10000,00000000;0,00000000;0,00000000
2014-12-31;10000,00000000;0,00000000;0,00000000
2015-01-02;10000,00000000;0,00000000;0,00000000
2015-01-05;10000,00000000;0,00000000;0,00000000
2015-01-06;10000,00000000;0,00000000;0,00000000
2015-01-07;10000,00000000;0,00000000;0,00000000
2015-01-08;10000,00000000;0,00000000;0,00000000
2015-01-09;10000,00000000;0,00000000;0,00000000
2015-01-12;10000,00000000;0,00000000;0,00000000
2015-01-13;10000,00000000;0,00000000;0,00000000
2015-01-14;10000,00000000;0,00000000;0,00000000
2015-01-15;10000,00000000;0,00000000;0,00000000
2015-01-16;10000,00000000;0,00000000;0,00000000
2015-01-20;10000,00000000;0,00000000;0,00000000
2015-01-21;10000,00000000;0,00000000;0,00000000
2015-01-22;10000,00000000;0,00000000;0,00000000
2015-01-23;10000,00000000;0,00000000;0,00000000
2015-01-26;10000,00000000;0,00000000;0,00000000
2015-01-27;10000,00000000;0,00000000;0,00000000
2015-01-28;10000,00000000;0,00000000;0,00000000
2015-01-29;10000,00000000;0,00000000;0,00000000
2015-01-30;10000,00000000;0,00000000;0,00000000
2015-02-02;10000,00000000;0,00000000;0,00000000
2015-02-03;10000,00000000;0,00000000;0,00000000
2015-02-04;10000,00000000;0,00000000;0,00000000
2015-02-05;10000,00000000;0,00000000;0,00000000
2015-02-06;10000,00000000;0,00000000;0,00000000
2015-02-09;10000,00000000;0,00000000;0,00000000
2015-02-10;10000,00000000;0,00000000;0,00000000
2015-02-11;10000,00000000;0,00000000;0,00000000
2015-02-12;10000,00000000;0,00000000;0,00000000
2015-02-13;10000,00000000;0,00000000;0,00000000
2015-02-17;10000,00000000;0,00000000;0,00000000
2015-02-18;10000,00000000;0,00000000;0,00000000
2015-02-19;10000,00000000;0,00000000;0,00000000
2015-02-20;10000,00000000;0,00000000;0,00000000
2015-02-23;10000,00000000;0,00000000;0,00000000
2015-02-24;10000,00000000;0,00000000;0,00000000
2015-02-25;10000,00000000;0,00000000;0,00000000
2015-02-26;10000,00000000;0,00000000;0,00000000
2015-02-27;10000,00000000;0,00000000;0,00000000
2015-03-02;10000,00000000;0,00000000;0,00000000
2015-03-03;10000,00000000;0,00000000;0,00000000
2015-03-04;10000,00000000;0,00000000;0,00000000
2015-03-05;10000,00000000;0,00000000;0,00000000
2015-03-06;10000,00000000;0,00000000;0,00000000
2015-03-09;10000,00000000;0,00000000;0,00000000
2015-03-10;10000,00000000;0,00000000;0,00000000
2015-03-11;10000,00000000;0,00000000;0,00000000
2015-03-12;10000,00000000;0,00000000;0,00000000
2015-03-13;10000,00000000;0,00000000;0,00000000
2015-03-16;10000,00000000;0,00000000;0,00000000
2015-03-17;10000,00000000;0,00000000;0,00000000
2015-03-18;10000,00000000;0,00000000;0,00000000
2015-03-19;10000,00000000;0,00000000;0,00000000
2015-03-20;10000,00000000;0,00000000;0,00000000
2015-03-23;10000,00000000;0,00000000;0,00000000
2015-03-24;10000,00000000;0,00000000;0,00000000
2015-03-25;10000,00000000;0,00000000;0,00000000
2015-03-26;10000,00000000;0,00000000;0,00000000
2015-03-27;10000,00000000;0,00000000;0,00000000
2015-03-30;10000,00000000;0,00000000;0,00000000
2015-03-31;10000,00000000;0,00000000;0,00000000
2015-04-01;10000,00000000;0,00000000;0,00000000
2015-04-02;10000,00000000;0,00000000;0,00000000
2015-04-07;10000,00000000;0,00000000;0,00000000
2015-04-08;10000,00000000;0,00000000;0,00000000
2015-04-09;10000,00000000;0,00000000;0,00000000
2015-04-10;10000,00000000;0,00000000;0,00000000
2015-04-13;10000,00000000;0,00000000;0,00000000
2015-04-14;10000,00000000;0,00000000;0,00000000
2015-04-15;10000,00000000;0,00000000;0,00000000
2015-04-16;10000,00000000;0,00000000;0,00000000
2015-04-17;10000,00000000;0,00000000;0,00000000
2015-04-20;10000,00000000;0,00000000;0,00000000
2015-04-21;10000,00000000;0,00000000;0,00000000
2015-04-22;10000,00000000;0,00000000;0,00000000
2015-04-23;10000,00000000;0,00000000;0,00000000
2015-04-24;10000,00000000;0,00000000;0,00000000
2015-04-27;10000,00000000;0,00000000;0,00000000
2015-04-28;10000,00000000;0,00000000;0,00000000
2015-04-29;10000,00000000;0,00000000;0,00000000
2015-04-30;10000,00000000;0,00000000;0,00000000
2015-05-01;10000,00000000;0,00000000;0,00000000
2015-05-05;10000,00000000;0,00000000;0,00000000
2015-05-06;10000,00000000;0,00000000;0,00000000
2015-05-07;10000,00000000;0,00000000;0,00000000
2015-05-08;10000,00000000;0,00000000;0,00000000
2015-05-11;10000,00000000;0,00000000;0,00000000
2015-05-12;10000,00000000;0,00000000;0,00000000
2015-05-13;10000,00000000;0,00000000;0,00000000
2015-05-14;10000,00000000;0,00000000;0,00000000
2015-05-15;10000,00000000;0,00000000;0,00000000
2015-05-18;10000,00000000;0,00000000;0,00000000
2015-05-19;10000,00000000;0,00000000;0,00000000
2015-05-20;10000,00000000;0,00000000;0,00000000
2015-05-21;10000,00000000;0,00000000;0,00000000
2015-05-22;10000,00000000;0,00000000;0,00000000
2015-05-26;10000,00000000;0,00000000;0,00000000
2015-05-27;10000,00000000;0,00000000;0,00000000
2015-05-28;10000,00000000;0,00000000;0,00000000
2015-05-29;10000,00000000;0,00000000;0,00000000
2015-06-01;10000,00000000;0,00000000;0,00000000
2015-06-02;10000,00000000;0,00000000;0,00000000
2015-06-03;10000,00000000;0,00000000;0,00000000
2015-06-04;10000,00000000;0,00000000;0,00000000
2015-06-05;10000,00000000;0,00000000;0,00000000
2015-06-08;10000,00000000;0,00000000;0,00000000
2015-06-09;10000,00000000;0,00000000;0,00000000
2015-06-10;10000,00000000;0,00000000;0,00000000
2015-06-11;10000,00000000;0,00000000;0,00000000
2015-06-12;10000,00000000;0,00000000;0,00000000
2015-06-15;10000,00000000;0,00000000;0,00000000
2015-06-16;10000,00000000;0,00000000;0,00000000
2015-06-17;10000,00000000;0,00000000;0,00000000
2015-06-18;10000,00000000;0,00000000;0,00000000
2015-06-19;10000,00000000;0,00000000;0,00000000
2015-06-22;10000,00000000;0,00000000;0,00000000
2015-06-23;10000,00000000;0,00000000;0,00000000
2015-06-24;10000,00000000;0,00000000;0,00000000
2015-06-25;10000,00000000;0,00000000;0,00000000
2015-06-26;10000,00000000;0,00000000;0,00000000
2015-06-29;10000,00000000;0,00000000;0,00000000
2015-06-30;10000,00000000;0,00000000;0,00000000
2015-07-01;10000,00000000;0,00000000;0,00000000
2015-07-02;10000,00000000;0,00000000;0,00000000
2015-07-06;10000,00000000;0,00000000;0,00000000
2015-07-07;10000,00000000;0,00000000;0,00000000
2015-07-08;10000,00000000;0,00000000;0,00000000
2015-07-09;10000,00000000;0,00000000;0,00000000
2015-07-10;10000,00000000;0,00000000;0,00000000
2015-07-13;10000,00000000;0,00000000;0,00000000
2015-07-14;10000,00000000;0,00000000;0,00000000
2015-07-15;10000,00000000;0,00000000;0,00000000
2015-07-16;10000,00000000;0,00000000;0,00000000
2015-07-17;10000,00000000;0,00000000;0,00000000
2015-07-20;10000,00000000;0,00000000;0,00000000
2015-07-21;10000,00000000;0,00000000;0,00000000
2015-07-22;10000,00000000;0,00000000;0,00000000
2015-07-23;10000,00000000;0,00000000;0,00000000
2015-07-24;10000,00000000;0,00000000;0,00000000
2015-07-27;10000,00000000;0,00000000;0,00000000
2015-07-28;10000,00000000;0,00000000;0,00000000
2015-07-29;10000,00000000;0,00000000;0,00000000
2015-07-30;10000,00000000;0,00000000;0,00000000
2015-07-31;10000,00000000;0,00000000;0,00000000
2015-08-03;10000,00000000;0,00000000;0,00000000
2015-08-04;10000,00000000;0,00000000;0,00000000
2015-08-05;10000,00000000;0,00000000;0,00000000
2015-08-06;10000,00000000;0,00000000;0,00000000
2015-08-07;10000,00000000;0,00000000;0,00000000
2015-08-10;10000,00000000;0,00000000;0,00000000
2015-08-11;10000,00000000;0,00000000;0,00000000
2015-08-12;10000,00000000;0,00000000;0,00000000
2015-08-13;10000,00000000;0,00000000;0,00000000
2015-08-14;10000,00000000;0,00000000;0,00000000
2015-08-17;10000,00000000;0,00000000;0,00000000
2015-08-18;10000,00000000;0,00000000;0,00000000
2015-08-19;10000,00000000;0,00000000;0,00000000
2015-08-20;10000,00000000;0,00000000;0,00000000
2015-08-21;10000,00000000;0,00000000;0,00000000
2015-08-24;10000,00000000;0,00000000;0,00000000
2015-08-25;10000,00000000;0,00000000;0,00000000
2015-08-26;10000,00000000;0,00000000;0,00000000
2015-08-27;10000,00000000;0,00000000;0,00000000
2015-08-28;10000,00000000;0,00000000;0,00000000
2015-09-01;10000,00000000;0,00000000;0,00000000
2015-09-02;10000,00000000;0,00000000;0,00000000
2015-09-03;10000,00000000;0,00000000;0,00000000
2015-09-04;10000,00000000;0,00000000;0,00000000
2015-09-08;10000,00000000;0,00000000;0,00000000
2015-09-09;10000,00000000;0,00000000;0,00000000
2015-09-10;10000,00000000;0,00000000;0,00000000
2015-09-11;10000,00000000;0,00000000;0,00000000
2015-09-14;10000,00000000;0,00000000;0,00000000
2015-09-15;10000,00000000;0,00000000;0,00000000
2015-09-16;10000,00000000;0,00000000;0,00000000
2015-09-17;10000,00000000;0,00000000;0,00000000
2015-09-18;10000,00000000;0,00000000;0,00000000
2015-09-21;10000,00000000;0,00000000;0,00000000
2015-09-22;10000,00000000;0,00000000;0,00000000
2015-09-23;10000,00000000;0,00000000;0,00000000
2015-09-24;10000,00000000;0,00000000;0,00000000
2015-09-25;10000,00000000;0,00000000;0,00000000
2015-09-28;10000,00000000;0,00000000;0,00000000
2015-09-29;10000,00000000;0,00000000;0,00000000
2015-09-30;10000,00000000;0,00000000;0,00000000
2015-10-01;10000,00000000;0,00000000;0,00000000
2015-10-02;10000,00000000;0,00000000;0,00000000
2015-10-05;10000,00000000;0,00000000;0,00000000
2015-10-06;10000,00000000;0,00000000;0,00000000
2015-10-07;10000,00000000;0,00000000;0,00000000
2015-10-08;10000,00000000;0,00000000;0,00000000
2015-10-09;10000,00000000;0,00000000;0,00000000
2015-10-12;10000,00000000;0,00000000;0,00000000
2015-10-13;10000,00000000;0,00000000;0,00000000
2015-10-14;10000,00000000;0,00000000;0,00000000
2015-10-15;10000,00000000;0,00000000;0,00000000
2015-10-16;10000,00000000;0,00000000;0,00000000
2015-10-19;10000,00000000;0,00000000;0,00000000
2015-10-20;10000,00000000;0,00000000;0,00000000
2015-10-21;10000,00000000;0,00000000;0,00000000
2015-10-22;10000,00000000;0,00000000;0,00000000
2015-10-23;10000,00000000;0,00000000;0,00000000
2015-10-26;10000,00000000;0,00000000;0,00000000
2015-10-27;10000,00000000;0,00000000;0,00000000
2015-10-28;10000,00000000;0,00000000;0,00000000
2015-10-29;10000,00000000;0,00000000;0,00000000
2015-10-30;10000,00000000;0,00000000;0,00000000
2015-11-02;10000,00000000;0,00000000;0,00000000
2015-11-03;10000,00000000;0,00000000;0,00000000
2015-11-04;10000,00000000;0,00000000;0,00000000
2015-11-05;10000,00000000;0,00000000;0,00000000
2015-11-06;10000,00000000;0,00000000;0,00000000
2015-11-09;10000,00000000;0,00000000;0,00000000
2015-11-10;10000,00000000;0,00000000;0,00000000
2015-11-11;10000,00000000;0,00000000;0,00000000
2015-11-12;10000,00000000;0,00000000;0,00000000
2015-11-13;10000,00000000;0,00000000;0,00000000
2015-11-16;10000,00000000;0,00000000;0,00000000
2015-11-17;10000,00000000;0,00000000;0,00000000
2015-11-18;10000,00000000;0,00000000;0,00000000
2015-11-19;10000,00000000;0,00000000;0,00000000
2015-11-20;10000,00000000;0,00000000;0,00000000
2015-11-23;10000,00000000;0,00000000;0,00000000
2015-11-24;10000,00000000;0,00000000;0,00000000
2015-11-25;10000,00000000;0,00000000;0,00000000
2015-11-27;10000,00000000;0,00000000;0,00000000
2015-11-30;10000,00000000;0,00000000;0,00000000
2015-12-01;10000,00000000;0,00000000;0,00000000
2015-12-02;10000,00000000;0,00000000;0,00000000
2015-12-03;10000,00000000;0,00000000;0,00000000
2015-12-04;10000,00000000;0,00000000;0,00000000
2015-12-07;10000,00000000;0,00000000;0,00000000
2015-12-08;10000,00000000;0,00000000;0,00000000
2015-12-09;10000,00000000;0,00000000;0,00000000
2015-12-10;10000,00000000;0,00000000;0,00000000
2015-12-11;10000,00000000;0,00000000;0,00000000
2015-12-14;10000,00000000;0,00000000;0,00000000
2015-12-15;10000,00000000;0,00000000;0,00000000
2015-12-16;10000,00000000;0,00000000;0,00000000
2015-12-17;10000,00000000;0,00000000;0,00000000
2015-12-18;10000,00000000;0,00000000;0,00000000
2015-12-21;10000,00000000;0,00000000;0,00000000
2015-12-22;10000,00000000;0,00000000;0,00000000
2015-12-23;10000,00000000;0,00000000;0,00000000
2015-12-24;10000,00000000;0,00000000;0,00000000
2015-12-29;10000,00000000;0,00000000;0,00000000
2015-12-30;10000,00000000;0,00000000;0,00000000
2015-12-31;10000,00000000;0,00000000;0,00000000
2016-01-04;10000,00000000;0,00000000;0,00000000
2016-01-05;10030,13980141;0,00301398;0,00000000
2016-01-06;9941,49838541;-0,00883751;-0,00883751
2016-01-07;9737,41867019;-0,02052806;-0,02918415
2016-01-08;9638,36433784;-0,01017255;-0,03905982
2016-01-11;9623,74374174;-0,00151692;-0,04051749
2016-01-12;9744,33301755;0,01253039;-0,02849480
2016-01-13;9625,28048842;-0,01221762;-0,04036427
2016-01-14;9658,67477440;0,00346944;-0,03703488
2016-01-15;9473,33726635;-0,01918871;-0,05551294
2016-01-19;9566,14780965;0,00979703;-0,04625977
2016-01-20;9349,33125266;-0,02266498;-0,06787628
2016-01-21;9468,81923732;0,01278038;-0,05596338
2016-01-22;9643,74383258;0,01847375;-0,03852349
2016-01-25;9596,95062879;-0,00485218;-0,04318875
2016-01-26;9631,01265517;0,00354926;-0,03979278
2016-01-27;9582,92536946;-0,00499296;-0,04458706
2016-01-28;9563,39268055;-0,00203828;-0,04653446
2016-01-29;9844,44726000;0,02938859;-0,01851345
2016-02-01;9833,44372597;-0,00111774;-0,01961050
2016-02-02;9657,63494834;-0,01787866;-0,03713855
2016-02-03;9645,75458907;-0,00123015;-0,03832302
2016-02-04;9655,25968993;0,00098542;-0,03737536
2016-02-05;9384,42023985;-0,02805098;-0,06437792
2016-02-08;9248,99492238;-0,01443087;-0,07787976
2016-02-09;9206,23417020;-0,00462329;-0,08214299
2016-02-10;9220,48775426;0,00154825;-0,08072191
2016-02-11;9201,48060296;-0,00206140;-0,08261691
2016-02-12;9329,77302757;0,01394258;-0,06982622
2016-02-16;9496,07873796;0,01782527;-0,05324563
2016-02-17;9690,89873411;0,02051584;-0,03382217
2016-02-18;9652,88341471;-0,00392279;-0,03761228
2016-02-19;9660,01122355;0,00073841;-0,03690164
2016-02-22;9788,30568177;0,01328098;-0,02411074
2016-02-23;9633,87931384;-0,01577662;-0,03950698
2016-02-24;9707,52859338;0,00764482;-0,03216418
2016-02-25;9828,69422596;0,01248161;-0,02008402
2016-02-26;9802,55824902;-0,00265915;-0,02268977
2016-02-29;9733,65948629;-0,00702865;-0,02955894
2016-03-01;10023,50812127;0,02977797;-0,00066118
2016-03-02;10099,44391687;0,00757577;0,00000000
2016-03-03;10268,18968228;0,01670842;0,00000000
2016-03-04;10268,18968228;0,00000000;0,00000000
2016-03-07;10318,81300959;0,00493011;0,00000000
2016-03-08;10268,18968228;-0,00490593;-0,00490593
2016-03-09;10192,25388669;-0,00739525;-0,01226489
2016-03-10;10352,56296731;0,01572852;0,00000000
2016-03-11;10175,37971247;-0,01711492;-0,01711492
2016-03-14;10031,94561071;-0,01409619;-0,03096985
2016-03-15;10048,81978493;0,00168204;-0,02933990
2016-03-16;10259,75219285;0,02099076;-0,00896500
2016-03-17;10234,44052920;-0,00246708;-0,01140997
2016-03-18;10209,12886555;-0,00247318;-0,01385494
2016-03-21;10133,19306995;-0,00743803;-0,02118991
2016-03-22;10166,94222304;0,00333055;-0,01792993
2016-03-23;9922,26066203;-0,02406639;-0,04156481
2016-03-24;9913,82317259;-0,00085036;-0,04237982
2016-03-29;10107,88060166;0,01957443;-0,02363496
2016-03-30;9981,32147876;-0,01252084;-0,03585986
2016-03-31;10023,50812127;0,00422656;-0,03178487
2016-04-01;9964,44730454;-0,00589223;-0,03748981
2016-04-04;9923,62970567;-0,00409632;-0,04143257
2016-04-05;9996,19413365;0,00731229;-0,03442325
2016-04-06;9964,44730454;-0,00317589;-0,03748981
2016-04-07;10041,54668488;0,00773745;-0,03004244
2016-04-08;10032,47634764;-0,00090328;-0,03091859
2016-04-11;10105,04077561;0,00723295;-0,02390927
2016-04-12;10109,57616049;0,00044882;-0,02347117
2016-04-13;10050,61745463;-0,00583197;-0,02916626
2016-04-14;9973,51764178;-0,00767115;-0,03661367
2016-04-15;10009,79985577;0,00363786;-0,03310901
2016-04-18;9991,65874877;-0,00181233;-0,03486134
2016-04-19;10077,82933138;0,00862425;-0,02653774
2016-04-20;10050,61745463;-0,00270017;-0,02916626
2016-04-21;10073,29394650;0,00225623;-0,02697583
2016-04-22;10009,79985577;-0,00630321;-0,03310901
2016-04-25;10018,87062552;0,00090619;-0,03223282
2016-04-26;10046,08206975;0,00271602;-0,02960435
2016-04-27;10059,68822439;0,00135437;-0,02829007
2016-04-28;10154,92871172;0,00946754;-0,01909037
2016-04-29;10268,31073856;0,01116522;-0,00813830
2016-05-03;10241,09929433;-0,00265004;-0,01076677
2016-05-04;10213,88741758;-0,00265712;-0,01339529
2016-05-05;10204,81708034;-0,00088804;-0,01427143
2016-05-06;10250,16963157;0,00444423;-0,00989063
2016-05-09;10127,71726749;-0,01194637;-0,02171884
2016-05-10;10150,39375936;0,00223905;-0,01952842
2016-05-11;10200,28169546;0,00491488;-0,01470952
2016-05-12;10154,92871172;-0,00444625;-0,01909037
2016-05-13;10177,60520359;0,00223305;-0,01689995
2016-05-16;10186,67597335;0,00089125;-0,01602376
2016-05-17;10204,81708034;0,00178087;-0,01427143
2016-05-18;10100,50539074;-0,01022181;-0,02434736
2016-05-19;10091,43505350;-0,00089801;-0,02522350
2016-05-20;10077,82933138;-0,00134824;-0,02653774
2016-05-23;10073,29394650;-0,00045004;-0,02697583
2016-05-24;9978,05302666;-0,00945479;-0,03617558
2016-05-25;9964,44730454;-0,00136356;-0,03748981
2016-05-26;9941,77081267;-0,00227574;-0,03968024
2016-05-27;9905,48859868;-0,00364947;-0,04318490
2016-05-31;9923,62970567;0,00183142;-0,04143257
2016-06-01;9910,02355104;-0,00137109;-0,04274685
2016-06-02;9907,35561007;-0,00026922;-0,04300455
2016-06-03;9912,41335306;0,00051050;-0,04251600
2016-06-06;9916,56316399;0,00041865;-0,04211516
2016-06-07;9916,78412169;0,00002228;-0,04209381
2016-06-08;9919,37211670;0,00026097;-0,04184383
2016-06-09;9915,84708864;-0,00035537;-0,04218432
2016-06-10;9915,29645097;-0,00005553;-0,04223751
2016-06-13;9914,93431827;-0,00003652;-0,04227249
2016-06-14;9914,48644326;-0,00004517;-0,04231576
2016-06-15;9915,56132236;0,00010842;-0,04221193
2016-06-16;9915,95927977;0,00004013;-0,04217349
2016-06-17;9914,15466175;-0,00018199;-0,04234780
2016-06-20;9915,42684449;0,00012832;-0,04222492
2016-06-21;9913,43145309;-0,00020124;-0,04241766
2016-06-22;9913,17420991;-0,00002595;-0,04244251
2016-06-23;9913,93213243;0,00007646;-0,04236930
2016-06-24;9919,75632044;0,00058748;-0,04180671
2016-06-27;9918,52115145;-0,00012452;-0,04192603
2016-06-28;9919,54771301;0,00010350;-0,04182687
2016-06-29;9923,08203344;0,00035630;-0,04148547
2016-06-30;9928,33493825;0,00052936;-0,04097807
2016-07-01;9936,68333731;0,00084087;-0,04017166
2016-07-05;9937,98509486;0,00013101;-0,04004592
2016-07-06;9940,26326920;0,00022924;-0,03982586
2016-07-07;9940,44134341;0,00001791;-0,03980866
2016-07-08;9944,25682639;0,00038383;-0,03944010
2016-07-11;9944,79982990;0,00005460;-0,03938765
2016-07-12;9941,66910932;-0,00031481;-0,03969006
2016-07-13;9943,36546917;0,00017063;-0,03952620
2016-07-14;9942,34352569;-0,00010278;-0,03962492
2016-07-15;9942,39045389;0,00000472;-0,03962038
2016-07-18;9943,03362185;0,00006469;-0,03955826
2016-07-19;9943,95374342;0,00009254;-0,03946938
2016-07-20;9943,95258442;-0,00000012;-0,03946949
2016-07-21;9944,96749490;0,00010206;-0,03937146
2016-07-22;9945,56851742;0,00006043;-0,03931340
2016-07-25;9943,80347116;-0,00017747;-0,03948389
2016-07-26;9944,81863418;0,00010209;-0,03938583
2016-07-27;9948,58353701;0,00037858;-0,03902217
2016-07-28;9947,65689513;-0,00009314;-0,03911167
2016-07-29;9949,34679127;0,00016988;-0,03894844
2016-08-01;9950,74271998;0,00014030;-0,03881360
2016-08-02;9950,77300667;0,00000304;-0,03881068
2016-08-03;9948,22290507;-0,00025627;-0,03905700
2016-08-04;9951,46046846;0,00032544;-0,03874427
2016-08-05;9951,72077377;0,00002616;-0,03871913
2016-08-08;9951,88999809;0,00001700;-0,03870278
2016-08-09;9953,90191516;0,00020216;-0,03850844
2016-08-10;9953,88049311;-0,00000215;-0,03851051
2016-08-11;9954,53012328;0,00006526;-0,03844776
2016-08-12;9954,25009919;-0,00002813;-0,03847481
2016-08-15;9956,51477416;0,00022751;-0,03825605
2016-08-16;9954,66181571;-0,00018611;-0,03843504
2016-08-17;9953,55923372;-0,00011076;-0,03854154
2016-08-18;9955,87449447;0,00023261;-0,03831790
2016-08-19;9953,08521168;-0,00028016;-0,03858733
2016-08-22;9951,95116046;-0,00011394;-0,03869687
2016-08-23;9952,71679467;0,00007693;-0,03862292
2016-08-24;9951,88617154;-0,00008346;-0,03870315
2016-08-25;9949,85756880;-0,00020384;-0,03889910
2016-08-26;9950,08965577;0,00002333;-0,03887668
2016-08-30;9951,43213764;0,00013492;-0,03874701
2016-08-31;9950,04566977;-0,00013932;-0,03888093
2016-09-01;9949,13679602;-0,00009134;-0,03896872
2016-09-02;9954,62835907;0,00055196;-0,03843827
2016-09-06;9956,90604911;0,00022881;-0,03821826
2016-09-07;9955,50688577;-0,00014052;-0,03835341
2016-09-08;9954,02510575;-0,00014884;-0,03849654
2016-09-09;9951,33716430;-0,00027004;-0,03875618
2016-09-12;9946,97119095;-0,00043873;-0,03917791
2016-09-13;9947,63615689;0,00006685;-0,03911368
2016-09-14;9948,75050214;0,00011202;-0,03900604
2016-09-15;9950,32898151;0,00015866;-0,03885357
2016-09-16;9949,85978652;-0,00004715;-0,03889889
2016-09-19;9951,17365007;0,00013205;-0,03877198
2016-09-20;9952,15601046;0,00009872;-0,03867708
2016-09-21;9956,00804565;0,00038706;-0,03830500
2016-09-22;9959,97650979;0,00039860;-0,03792167
2016-09-23;9960,07504724;0,00000989;-0,03791215
2016-09-26;9957,56075538;-0,00025244;-0,03815502
2016-09-27;9955,71140817;-0,00018572;-0,03833365
2016-09-28;9955,64083267;-0,00000709;-0,03834047
2016-09-29;9955,50135494;-0,00001401;-0,03835394
2016-09-30;9957,54666986;0,00020545;-0,03815638
2016-10-03;9956,23609606;-0,00013162;-0,03828297
2016-10-04;9954,19663289;-0,00020484;-0,03847997
2016-10-05;9954,22972786;0,00000332;-0,03847678
2016-10-06;9953,57544053;-0,00006573;-0,03853998
2016-10-07;9955,38699235;0,00018200;-0,03836499
2016-10-10;9957,96722800;0,00025918;-0,03811575
2016-10-11;9953,94391314;-0,00040403;-0,03850438
2016-10-12;9956,32801442;0,00023951;-0,03827409
2016-10-13;9952,89304114;-0,00034500;-0,03860589
2016-10-14;9953,73812888;0,00008491;-0,03852426
2016-10-17;9953,15427953;-0,00005866;-0,03858066
2016-10-18;9954,30901516;0,00011602;-0,03846912
2016-10-19;9958,18578161;0,00038946;-0,03809464
2016-10-20;9955,00341836;-0,00031957;-0,03840204
2016-10-21;9955,82321321;0,00008235;-0,03832285
2016-10-24;9957,32336892;0,00015068;-0,03817795
2016-10-25;9958,10414880;0,00007841;-0,03810253
2016-10-26;9957,88866976;-0,00002164;-0,03812334
2016-10-27;9956,29799729;-0,00015974;-0,03827699
2016-10-28;9959,25170519;0,00029667;-0,03799168
2016-10-31;9960,57143273;0,00013251;-0,03786420
2016-11-01;9957,10861167;-0,00034765;-0,03819869
2016-11-02;9958,22883644;0,00011251;-0,03809048
2016-11-03;9954,00496309;-0,00042416;-0,03849849
2016-11-04;9955,04833110;0,00010482;-0,03839770
2016-11-07;9955,25536188;0,00002080;-0,03837770
2016-11-08;9958,02251318;0,00027796;-0,03811041
2016-11-09;9953,26852561;-0,00047740;-0,03856962
2016-11-10;9948,99684752;-0,00042917;-0,03898224
2016-11-11;9940,94106699;-0,00080971;-0,03976039
2016-11-14;9943,61050571;0,00026853;-0,03950253
2016-11-15;9949,40481682;0,00058272;-0,03894283
2016-11-16;9949,71756952;0,00003143;-0,03891262
2016-11-17;9952,32682807;0,00026224;-0,03866058
2016-11-18;9949,86077380;-0,00024779;-0,03889879
2016-11-21;9948,50917446;-0,00013584;-0,03902935
2016-11-22;9949,41863715;0,00009142;-0,03894150
2016-11-23;9946,00073556;-0,00034353;-0,03927165
2016-11-25;9948,41605841;0,00024284;-0,03903834
2016-11-28;9947,89659508;-0,00005222;-0,03908852
2016-11-29;9946,73982105;-0,00011628;-0,03920026
2016-11-30;9943,80167382;-0,00029539;-0,03948407
2016-12-01;9944,15012688;0,00003504;-0,03945041
2016-12-02;9942,08815489;-0,00020736;-0,03964958
2016-12-05;9942,98081420;0,00008979;-0,03956336
2016-12-06;9945,51877034;0,00025525;-0,03931821
2016-12-07;9950,03085278;0,00045368;-0,03888236
2016-12-08;9951,86041260;0,00018387;-0,03870564
2016-12-09;9951,70790846;-0,00001532;-0,03872037
2016-12-12;9948,76764713;-0,00029545;-0,03900438
2016-12-13;9952,76452497;0,00040175;-0,03861831
2016-12-14;9950,14732318;-0,00026296;-0,03887111
2016-12-15;9951,40002903;0,00012590;-0,03875011
2016-12-16;9948,03005008;-0,00033864;-0,03907563
2016-12-19;9952,56684506;0,00045605;-0,03863740
2016-12-20;9951,03176269;-0,00015424;-0,03878568
2016-12-21;9952,78859276;0,00017655;-0,03861598
2016-12-22;9950,22593285;-0,00025748;-0,03886352
2016-12-23;9951,32329137;0,00011028;-0,03875752
2016-12-28;9954,06920348;0,00027593;-0,03849228
2016-12-29;9957,34301758;0,00032889;-0,03817605
2016-12-30;9951,24392325;-0,00061252;-0,03876519
2017-01-03;9957,96101185;0,00067500;-0,03811635
2017-01-04;9959,81905072;0,00018659;-0,03793688
2017-01-05;9959,22730434;-0,00005941;-0,03799404
2017-01-06;9962,61318455;0,00033997;-0,03766698
2017-01-09;9965,28827679;0,00026851;-0,03740858
2017-01-10;9964,17606787;-0,00011161;-0,03751601
2017-01-11;9967,20861218;0,00030434;-0,03722309
2017-01-12;9966,46905063;-0,00007420;-0,03729452
2017-01-13;9968,74973677;0,00022884;-0,03707422
2017-01-17;9967,72159316;-0,00010314;-0,03717354
2017-01-18;9965,03429696;-0,00026960;-0,03743311
2017-01-19;9964,49696509;-0,00005392;-0,03748502
2017-01-20;9967,85724581;0,00033723;-0,03716043
2017-01-23;9964,90588810;-0,00029609;-0,03744552
2017-01-24;9965,27062048;0,00003660;-0,03741029
2017-01-25;9967,93920961;0,00026779;-0,03715252
2017-01-26;9968,30600405;0,00003680;-0,03711709
2017-01-27;9965,11658853;-0,00031996;-0,03742517
2017-01-30;9967,88188779;0,00027750;-0,03715805
2017-01-31;9966,67024838;-0,00012155;-0,03727509
2017-02-01;9967,43395797;0,00007663;-0,03720132
2017-02-02;9969,49878881;0,00020716;-0,03700187
2017-02-03;9970,02442015;0,00005272;-0,03695110
2017-02-06;9976,35082071;0,00063454;-0,03634000
2017-02-07;9976,12979043;-0,00002216;-0,03636135
2017-02-08;9976,73934706;0,00006110;-0,03630247
2017-02-09;9976,89622957;0,00001572;-0,03628732
2017-02-10;9976,26331300;-0,00006344;-0,03634845
2017-02-13;9976,51170125;0,00002490;-0,03632446
2017-02-14;9979,32090756;0,00028158;-0,03605311
2017-02-15;9979,29101561;-0,00000300;-0,03605599
2017-02-16;9980,09539909;0,00008061;-0,03597830
2017-02-17;9982,66293313;0,00025727;-0,03573029
2017-02-21;9981,68796823;-0,00009767;-0,03582446
2017-02-22;9982,15926292;0,00004722;-0,03577894
2017-02-23;9982,59767154;0,00004392;-0,03573659
2017-02-24;9983,98674990;0,00013915;-0,03560241
2017-02-27;9983,86269745;-0,00001243;-0,03561440
2017-02-28;9987,92191809;0,00040658;-0,03522230
2017-03-01;9988,62550435;0,00007044;-0,03515433
2017-03-02;9988,09490026;-0,00005312;-0,03520559
2017-03-03;9990,38647380;0,00022943;-0,03498423
2017-03-06;9992,31397902;0,00019294;-0,03479805
2017-03-07;9988,29172061;-0,00040254;-0,03518658
2017-03-08;9988,67975497;0,00003885;-0,03514909
2017-03-09;9988,51606230;-0,00001639;-0,03516491
2017-03-10;9991,53301192;0,00030204;-0,03487349
2017-03-13;9989,04111102;-0,00024940;-0,03511419
2017-03-14;9988,95823413;-0,00000830;-0,03512219
2017-03-15;9991,70034760;0,00027451;-0,03485732
2017-03-16;9993,52223286;0,00018234;-0,03468134
2017-03-17;9993,54869185;0,00000265;-0,03467878
2017-03-20;9991,60076362;-0,00019492;-0,03486694
2017-03-21;9990,98927913;-0,00006120;-0,03492601
2017-03-22;9991,05819297;0,00000690;-0,03491935
2017-03-23;9988,92017393;-0,00021399;-0,03512587
2017-03-24;9991,26503334;0,00023475;-0,03489937
2017-03-27;9990,27465008;-0,00009912;-0,03499504
2017-03-28;9991,88049467;0,00016074;-0,03483992
2017-03-29;9992,84690896;0,00009672;-0,03474657
2017-03-30;9992,86289846;0,00000160;-0,03474503
2017-03-31;9990,08010332;-0,00027848;-0,03501383
2017-04-03;9990,59630290;0,00005167;-0,03496397
2017-04-04;9991,05332180;0,00004574;-0,03491982
2017-04-05;9990,84228564;-0,00002112;-0,03494021
2017-04-06;9990,53564181;-0,00003069;-0,03496983
2017-04-07;9990,94805920;0,00004128;-0,03492999
2017-04-10;9990,83297405;-0,00001152;-0,03494111
2017-04-11;9991,62513867;0,00007929;-0,03486459
2017-04-12;9989,31379436;-0,00023133;-0,03508785
2017-04-13;9990,85826254;0,00015461;-0,03493866
2017-04-18;9991,79808388;0,00009407;-0,03484788
2017-04-19;9991,53914163;-0,00002592;-0,03487289
2017-04-20;9992,30676378;0,00007683;-0,03479875
2017-04-21;9992,43649995;0,00001298;-0,03478621
2017-04-24;9992,61368831;0,00001773;-0,03476910
2017-04-25;9993,25027404;0,00006371;-0,03470761
2017-04-26;9995,51279568;0,00022640;-0,03448906
2017-04-27;9992,81288618;-0,00027011;-0,03474986
2017-04-28;9997,04878137;0,00042389;-0,03434069
2017-05-02;9995,51672534;-0,00015325;-0,03448868
2017-05-03;9995,36457088;-0,00001522;-0,03450338
2017-05-04;9997,68326676;0,00023198;-0,03427941
2017-05-05;9995,85564185;-0,00018280;-0,03445594
2017-05-08;9998,45194138;0,00025974;-0,03420516
2017-05-09;9998,66989182;0,00002180;-0,03418410
2017-05-10;10001,05463030;0,00023851;-0,03395375
2017-05-11;10001,03476925;-0,00000199;-0,03395567
2017-05-12;9999,44265525;-0,00015919;-0,03410946
2017-05-15;10002,26434070;0,00028218;-0,03383690
2017-05-16;10002,89522454;0,00006307;-0,03377596
2017-05-17;10001,55679486;-0,00013380;-0,03390524
2017-05-18;10001,28862889;-0,00002681;-0,03393115
2017-05-19;10000,27798894;-0,00010105;-0,03402877
2017-05-22;10003,58423268;0,00033062;-0,03370940
2017-05-23;10003,94686905;0,00003625;-0,03367438
2017-05-24;10002,57642456;-0,00013699;-0,03380675
2017-05-25;10005,61132077;0,00030341;-0,03351360
2017-05-26;10008,74497672;0,00031319;-0,03321091
2017-05-30;10004,27232650;-0,00044687;-0,03364294
2017-05-31;10003,86299643;-0,00004092;-0,03368248
2017-06-01;10008,03435466;0,00041697;-0,03327955
2017-06-02;10009,48891378;0,00014534;-0,03313905
2017-06-05;10011,44003607;0,00019493;-0,03295058
2017-06-06;10011,07672226;-0,00003629;-0,03298567
2017-06-07;10013,89143833;0,00028116;-0,03271379
2017-06-08;10011,08683703;-0,00028007;-0,03298469
2017-06-09;10011,56170416;0,00004743;-0,03293883
2017-06-12;10008,21483136;-0,00033430;-0,03326211
2017-06-13;10011,40648440;0,00031890;-0,03295382
2017-06-14;10007,41675378;-0,00039852;-0,03333920
2017-06-15;10005,28489334;-0,00021303;-0,03354513
2017-06-16;10009,23151809;0,00039445;-0,03316391
2017-06-19;10009,60202039;0,00003702;-0,03312812
2017-06-20;10008,94940925;-0,00006520;-0,03319116
2017-06-21;10011,13048048;0,00021791;-0,03298048
2017-06-22;10014,29830210;0,00031643;-0,03267449
2017-06-23;10012,84599997;-0,00014502;-0,03281477
2017-06-26;10008,74524707;-0,00040955;-0,03321088
2017-06-27;10006,83880663;-0,00019048;-0,03339503
2017-06-28;10011,26331345;0,00044215;-0,03296765
2017-06-29;10004,59941828;-0,00066564;-0,03361134
2017-06-30;10005,80338347;0,00012034;-0,03349505
2017-07-03;10004,59661410;-0,00012061;-0,03361161
2017-07-05;10003,10654837;-0,00014894;-0,03375555
2017-07-06;10003,83661734;0,00007298;-0,03368503
2017-07-07;10005,35055316;0,00015134;-0,03353879
2017-07-10;10006,30310442;0,00009520;-0,03344678
2017-07-11;10006,43502401;0,00001318;-0,03343403
2017-07-12;10006,23799980;-0,00001969;-0,03345307
2017-07-13;10006,17206709;-0,00000659;-0,03345943
2017-07-14;10010,40142626;0,00042268;-0,03305090
2017-07-17;10008,85554951;-0,00015443;-0,03320022
2017-07-18;10009,29348211;0,00004375;-0,03315792
2017-07-19;10010,07731108;0,00007831;-0,03308221
2017-07-20;10010,99147792;0,00009132;-0,03299391
2017-07-21;10010,76676222;-0,00002245;-0,03301561
2017-07-24;10010,31660288;-0,00004497;-0,03305910
2017-07-25;10010,61721615;0,00003003;-0,03303006
2017-07-26;10012,97218909;0,00023525;-0,03280258
2017-07-27;10014,75958511;0,00017851;-0,03262993
2017-07-28;10011,81259638;-0,00029426;-0,03291459
2017-07-31;10011,13537670;-0,00006764;-0,03298001
2017-08-01;10014,23650166;0,00030977;-0,03268045
2017-08-02;10016,41524731;0,00021756;-0,03247000
2017-08-03;10016,99412100;0,00005779;-0,03241408
2017-08-04;10018,01690932;0,00010211;-0,03231529
2017-08-07;10018,68308299;0,00006650;-0,03225094
2017-08-08;10019,15251416;0,00004686;-0,03220560
2017-08-09;10018,10614721;-0,00010444;-0,03230667
2017-08-10;10015,97642756;-0,00021259;-0,03251239
2017-08-11;10018,13562418;0,00021558;-0,03230382
2017-08-14;10018,33925090;0,00002033;-0,03228415
2017-08-15;10021,38957119;0,00030447;-0,03198951
2017-08-16;10019,81188742;-0,00015743;-0,03214190
2017-08-17;10019,67681962;-0,00001348;-0,03215495
2017-08-18;10016,99577125;-0,00026758;-0,03241392
2017-08-21;10018,54458878;0,00015462;-0,03226432
2017-08-22;10023,06375838;0,00045108;-0,03182779
2017-08-23;10023,28946812;0,00002252;-0,03180599
2017-08-24;10022,94316531;-0,00003455;-0,03183944
2017-08-25;10020,50728077;-0,00024303;-0,03207473
2017-08-29;10022,46346481;0,00019522;-0,03188578
2017-08-30;10023,50510735;0,00010393;-0,03178516
2017-08-31;10027,09946985;0,00035859;-0,03143796
2017-09-01;10027,37726281;0,00002770;-0,03141113
2017-09-05;10021,47363165;-0,00058875;-0,03198139
2017-09-06;10025,54174971;0,00040594;-0,03158843
2017-09-07;10025,94103410;0,00003983;-0,03154986
2017-09-08;10022,57878083;-0,00033536;-0,03187464
2017-09-11;10024,48691717;0,00019038;-0,03169032
2017-09-12;10028,63234492;0,00041353;-0,03128990
2017-09-13;10028,87848330;0,00002454;-0,03126612
2017-09-14;10025,18434822;-0,00036835;-0,03162295
2017-09-15;10024,18878206;-0,00009931;-0,03171912
2017-09-18;10025,10765147;0,00009167;-0,03163036
2017-09-19;10029,81198801;0,00046926;-0,03117595
2017-09-20;10029,32904083;-0,00004815;-0,03122260
2017-09-21;10028,70655578;-0,00006207;-0,03128273
2017-09-22;10028,92906355;0,00002219;-0,03126123
2017-09-25;10027,94682366;-0,00009794;-0,03135611
2017-09-26;10028,52833964;0,00005799;-0,03129994
2017-09-27;10029,67647796;0,00011449;-0,03118904
2017-09-28;10027,59366256;-0,00020767;-0,03139023
2017-09-29;10033,12562266;0,00055167;-0,03085587
2017-10-02;10034,90550702;0,00017740;-0,03068394
2017-10-03;10035,51581990;0,00006082;-0,03062499
2017-10-04;10033,34655908;-0,00021616;-0,03083453
2017-10-05;10037,52901430;0,00041686;-0,03043053
2017-10-06;10036,12281407;-0,00014009;-0,03056636
2017-10-09;10035,86111923;-0,00002608;-0,03059164
2017-10-10;10035,48413856;-0,00003756;-0,03062805
2017-10-11;10036,05143297;0,00005653;-0,03057325
2017-10-12;10040,38264784;0,00043157;-0,03015488
2017-10-13;10040,08903586;-0,00002924;-0,03018324
2017-10-16;10038,48355771;-0,00015991;-0,03033832
2017-10-17;10041,18572263;0,00026918;-0,03007731
2017-10-18;10041,52770140;0,00003406;-0,03004428
2017-10-19;10040,98890334;-0,00005366;-0,03009632
2017-10-20;10043,98030001;0,00029792;-0,02980737
2017-10-23;10041,68632399;-0,00022839;-0,03002895
2017-10-24;10046,46123168;0,00047551;-0,02956773
2017-10-25;10044,29601846;-0,00021552;-0,02977687
2017-10-26;10045,71798471;0,00014157;-0,02963952
2017-10-27;10048,73336633;0,00030017;-0,02934825
2017-10-30;10046,10104652;-0,00026196;-0,02960252
2017-10-31;10048,40507666;0,00022935;-0,02937996
2017-11-01;10049,84202759;0,00014300;-0,02924116
2017-11-02;10049,10175693;-0,00007366;-0,02931267
2017-11-03;10049,77906207;0,00006740;-0,02924724
2017-11-06;10051,89239426;0,00021029;-0,02904310
2017-11-07;10051,79512304;-0,00000968;-0,02905250
2017-11-08;10052,62207495;0,00008227;-0,02897262
2017-11-09;10049,19391856;-0,00034102;-0,02930376
2017-11-10;10050,54758373;0,00013470;-0,02917301
2017-11-13;10051,18176844;0,00006310;-0,02911175
2017-11-14;10050,77202289;-0,00004077;-0,02915133
2017-11-15;10049,57357147;-0,00011924;-0,02926709
2017-11-16;10053,22451216;0,00036329;-0,02891443
2017-11-17;10050,26086611;-0,00029480;-0,02920070
2017-11-20;10052,63692531;0,00023642;-0,02897119
2017-11-21;10056,40734728;0,00037507;-0,02860699
2017-11-22;10055,87376262;-0,00005306;-0,02865853
2017-11-24;10054,29577230;-0,00015692;-0,02881095
2017-11-27;10054,07136201;-0,00002232;-0,02883263
2017-11-28;10059,76713804;0,00056651;-0,02828245
2017-11-29;10054,49333916;-0,00052425;-0,02879187
2017-11-30;10055,16316014;0,00006662;-0,02872717
2017-12-01;10054,51841765;-0,00006412;-0,02878945
2017-12-04;10055,46822376;0,00009447;-0,02869770
2017-12-05;10056,43847026;0,00009649;-0,02860398
2017-12-06;10055,78980763;-0,00006450;-0,02866664
2017-12-07;10057,28945886;0,00014913;-0,02852178
2017-12-08;10059,41150777;0,00021100;-0,02831680
2017-12-11;10059,59165232;0,00001791;-0,02829940
2017-12-12;10061,20090800;0,00015997;-0,02814395
2017-12-13;10060,02800566;-0,00011658;-0,02825725
2017-12-14;10060,26087099;0,00002315;-0,02823476
2017-12-15;10063,20897364;0,00029304;-0,02794999
2017-12-18;10065,32380961;0,00021016;-0,02774570
2017-12-19;10065,14893718;-0,00001737;-0,02776260
2017-12-20;10064,44899480;-0,00006954;-0,02783021
2017-12-21;10064,98614075;0,00005337;-0,02777832
2017-12-22;10066,85150601;0,00018533;-0,02759814
2017-12-27;10067,49374571;0,00006380;-0,02753610
2017-12-28;10067,31641132;-0,00001761;-0,02755323
2017-12-29;10064,78280489;-0,00025167;-0,02779796
2018-01-02;10066,21455840;0,00014225;-0,02765966
2018-01-03;10070,58386345;0,00043406;-0,02723761
2018-01-04;10074,17643340;0,00035674;-0,02689059
2018-01-05;10075,52568593;0,00013393;-0,02676026
2018-01-08;10077,27788311;0,00017391;-0,02659101
2018-01-09;10077,28225840;0,00000043;-0,02659059
2018-01-10;10076,79030395;-0,00004882;-0,02663811
2018-01-11;10076,93973824;0,00001483;-0,02662367
2018-01-12;10082,88763484;0,00059025;-0,02604914
2018-01-16;10080,20466723;-0,00026609;-0,02630830
2018-01-17;10082,05241082;0,00018330;-0,02612982
2018-01-18;10081,41370795;-0,00006335;-0,02619151
2018-01-19;10084,19697321;0,00027608;-0,02592266
2018-01-22;10086,23309523;0,00020191;-0,02572598
2018-01-23;10088,62339356;0,00023699;-0,02549509
2018-01-24;10088,70974286;0,00000856;-0,02548675
2018-01-25;10086,50913345;-0,00021813;-0,02569932
2018-01-26;10092,68642409;0,00061243;-0,02510263
2018-01-29;10089,12579906;-0,00035279;-0,02544657
2018-01-30;10086,29388244;-0,00028069;-0,02572011
2018-01-31;10088,34422576;0,00020328;-0,02552206
2018-02-01;10088,23887471;-0,00001044;-0,02553224
2018-02-02;10082,90261172;-0,00052896;-0,02604769
2018-02-05;10076,34640750;-0,00065023;-0,02668098
2018-02-06;10073,45994862;-0,00028646;-0,02695980
2018-02-07;10076,46376967;0,00029819;-0,02666965
2018-02-08;10067,03987803;-0,00093524;-0,02757994
2018-02-09;10070,05940153;0,00029994;-0,02728827
2018-02-12;10075,59130069;0,00054934;-0,02675392
2018-02-13;10076,17675502;0,00005811;-0,02669737
2018-02-14;10082,35968176;0,00061362;-0,02610013
2018-02-15;10086,31215395;0,00039202;-0,02571835
2018-02-16;10088,52883230;0,00021977;-0,02550423
2018-02-20;10086,03774482;-0,00024692;-0,02574485
2018-02-21;10083,96570378;-0,00020544;-0,02594500
2018-02-22;10086,07239950;0,00020892;-0,02574151
2018-02-23;10089,85547319;0,00037508;-0,02537608
2018-02-26;10092,05780508;0,00021827;-0,02516335
2018-02-27;10091,28120603;-0,00007695;-0,02523836
2018-02-28;10091,52221934;0,00002388;-0,02521508
2018-03-01;10088,39088414;-0,00031029;-0,02551755
2018-03-02;10088,97707896;0,00005811;-0,02546093
2018-03-05;10090,96115540;0,00019666;-0,02526928
2018-03-06;10093,74121439;0,00027550;-0,02500074
2018-03-07;10092,97359146;-0,00007605;-0,02507489
2018-03-08;10093,68360250;0,00007035;-0,02500631
2018-03-09;10099,07381907;0,00053402;-0,02448564
2018-03-12;10101,06664472;0,00019733;-0,02429315
2018-03-13;10098,61029243;-0,00024318;-0,02453042
2018-03-14;10097,93164494;-0,00006720;-0,02459597
2018-03-15;10095,95404284;-0,00019584;-0,02478699
2018-03-16;10097,56653816;0,00015972;-0,02463124
2018-03-19;10092,71036634;-0,00048092;-0,02510032
2018-03-20;10091,38902062;-0,00013092;-0,02522795
2018-03-21;10095,65584770;0,00042282;-0,02481580
2018-03-22;10090,59476480;-0,00050131;-0,02530467
2018-03-23;10089,02595007;-0,00015547;-0,02545621
2018-03-26;10091,24307307;0,00021976;-0,02524205
2018-03-27;10091,71658228;0,00004692;-0,02519631
2018-03-28;10087,67627407;-0,00040036;-0,02558658
2018-03-29;10093,94073183;0,00062100;-0,02498147
2018-04-03;10089,94435288;-0,00039592;-0,02536750
2018-04-04;10093,71607229;0,00037381;-0,02500317
2018-04-05;10098,10285376;0,00043461;-0,02457943
2018-04-06;10094,13333895;-0,00039310;-0,02496286
2018-04-09;10096,47558946;0,00023204;-0,02473662
2018-04-10;10099,42495284;0,00029212;-0,02445172
2018-04-11;10101,61547302;0,00021690;-0,02424013
2018-04-12;10101,02096554;-0,00005885;-0,02429756
2018-04-13;10101,59537221;0,00005687;-0,02424207
2018-04-16;10104,69209394;0,00030656;-0,02394295
2018-04-17;10108,56370338;0,00038315;-0,02356897
2018-04-18;10108,44918979;-0,00001133;-0,02358003
2018-04-19;10108,59252809;0,00001418;-0,02356619
2018-04-20;10105,98414408;-0,00025804;-0,02381814
2018-04-23;10105,35221855;-0,00006253;-0,02387918
2018-04-24;10104,89449488;-0,00004530;-0,02392340
2018-04-25;10103,02539570;-0,00018497;-0,02410394
2018-04-26;10106,82907035;0,00037649;-0,02373653
2018-04-27;10110,47817719;0,00036105;-0,02338404
2018-04-30;10107,86733527;-0,00025823;-0,02363624
2018-05-01;10108,47577013;0,00006019;-0,02357747
2018-05-02;10110,26700387;0,00017720;-0,02340444
2018-05-03;10109,88624721;-0,00003766;-0,02344122
2018-05-04;10116,87885188;0,00069166;-0,02276577
2018-05-08;10119,63642553;0,00027257;-0,02249941
2018-05-09;10120,51234781;0,00008656;-0,02241480
2018-05-10;10125,43209267;0,00048612;-0,02193958
2018-05-11;10125,06367582;-0,00003639;-0,02197517
2018-05-14;10124,51707316;-0,00005399;-0,02202796
2018-05-15;10122,05611502;-0,00024307;-0,02226568
2018-05-16;10123,71126345;0,00016352;-0,02210580
2018-05-17;10123,56289142;-0,00001466;-0,02212013
2018-05-18;10124,07921407;0,00005100;-0,02207026
2018-05-21;10126,51545617;0,00024064;-0,02183493
2018-05-22;10126,58545730;0,00000691;-0,02182817
2018-05-23;10127,76284490;0,00011627;-0,02171444
2018-05-24;10130,86429156;0,00030623;-0,02141486
2018-05-25;10132,00451879;0,00011255;-0,02130472
2018-05-29;10130,28035966;-0,00017017;-0,02147126
2018-05-30;10130,77298531;0,00004863;-0,02142368
2018-05-31;10132,41618168;0,00016220;-0,02126495
2018-06-01;10134,40857439;0,00019664;-0,02107250
2018-06-04;10137,19912440;0,00027535;-0,02080295
2018-06-05;10137,71206114;0,00005060;-0,02075340
2018-06-06;10137,57650594;-0,00001337;-0,02076650
2018-06-07;10138,00116518;0,00004189;-0,02072548
2018-06-08;10140,21543258;0,00021841;-0,02051159
2018-06-11;10142,62039950;0,00023717;-0,02027928
2018-06-12;10142,28438093;-0,00003313;-0,02031174
2018-06-13;10141,70743516;-0,00005689;-0,02036747
2018-06-14;10146,08352521;0,00043149;-0,01994477
2018-06-15;10142,29934028;-0,00037297;-0,02031030
2018-06-18;10141,10836997;-0,00011743;-0,02042534
2018-06-19;10142,05991631;0,00009383;-0,02033342
2018-06-20;10140,89072429;-0,00011528;-0,02044636
2018-06-21;10139,42606304;-0,00014443;-0,02058784
2018-06-22;10141,15510266;0,00017053;-0,02042082
2018-06-25;10138,25222464;-0,00028625;-0,02070123
2018-06-26;10137,24699293;-0,00009915;-0,02079833
2018-06-27;10138,16572541;0,00009063;-0,02070958
2018-06-28;10138,38111233;0,00002125;-0,02068878
2018-06-29;10141,81530040;0,00033873;-0,02035705
2018-07-02;10138,59293055;-0,00031773;-0,02066832
2018-07-03;10141,65727550;0,00030225;-0,02037232
2018-07-05;10143,43021510;0,00017482;-0,02020106
2018-07-06;10147,22311333;0,00037393;-0,01983469
2018-07-09;10149,87190299;0,00026104;-0,01957883
2018-07-10;10151,02205404;0,00011332;-0,01946773
2018-07-11;10147,94189205;-0,00030343;-0,01976526
2018-07-12;10150,97251357;0,00029864;-0,01947252
2018-07-13;10151,75571677;0,00007716;-0,01939686
2018-07-16;10152,30171466;0,00005378;-0,01934412
2018-07-17;10152,06116613;-0,00002369;-0,01936736
2018-07-18;10154,48896532;0,00023914;-0,01913285
2018-07-19;10154,92816730;0,00004325;-0,01909042
2018-07-20;10156,32311417;0,00013737;-0,01895568
2018-07-23;10154,66332647;-0,00016342;-0,01911600
2018-07-24;10158,13209107;0,00034159;-0,01878094
2018-07-25;10159,11532906;0,00009679;-0,01868597
2018-07-26;10158,15533905;-0,00009450;-0,01877870
2018-07-27;10158,56821805;0,00004065;-0,01873881
2018-07-30;10154,70088807;-0,00038070;-0,01911238
2018-07-31;10157,87615463;0,00031269;-0,01880566
2018-08-01;10157,94586252;0,00000686;-0,01879893
2018-08-02;10160,15794441;0,00021777;-0,01858526
2018-08-03;10160,90796000;0,00007382;-0,01851281
2018-08-06;10163,04775765;0,00021059;-0,01830612
2018-08-07;10164,97559575;0,00018969;-0,01811990
2018-08-08;10164,52848416;-0,00004399;-0,01816309
2018-08-09;10165,75882611;0,00012104;-0,01804424
2018-08-10;10166,87199622;0,00010950;-0,01793671
2018-08-13;10167,71573846;0,00008299;-0,01785521
2018-08-14;10166,25976590;-0,00014320;-0,01799585
2018-08-15;10166,94216045;0,00006712;-0,01792994
2018-08-16;10168,16582702;0,00012036;-0,01781174
2018-08-17;10169,27268898;0,00010886;-0,01770482
2018-08-20;10169,47926632;0,00002031;-0,01768487
2018-08-21;10170,34960625;0,00008558;-0,01760080
2018-08-22;10170,47661517;0,00001249;-0,01758853
2018-08-23;10174,09416242;0,00035569;-0,01723909
2018-08-24;10175,14921571;0,00010370;-0,01713718
2018-08-28;10177,89457321;0,00026981;-0,01687200
2018-08-29;10176,91995377;-0,00009576;-0,01696614
2018-08-30;10180,69865104;0,00037130;-0,01660114
2018-08-31;10179,38233723;-0,00012930;-0,01672829
2018-09-04;10180,58547243;0,00011819;-0,01661207
2018-09-05;10177,50237627;-0,00030284;-0,01690988
2018-09-06;10178,54962780;0,00010290;-0,01680872
2018-09-07;10180,46597556;0,00018827;-0,01662361
2018-09-10;10180,38070106;-0,00000838;-0,01663185
2018-09-11;10182,22155201;0,00018082;-0,01645403
2018-09-12;10182,13063236;-0,00000893;-0,01646282
2018-09-13;10182,76635549;0,00006244;-0,01640141
2018-09-14;10184,29759788;0,00015038;-0,01625350
2018-09-17;10185,04099819;0,00007299;-0,01618169
2018-09-18;10185,83376316;0,00007784;-0,01610511
2018-09-19;10185,81116583;-0,00000222;-0,01610730
2018-09-20;10188,91851766;0,00030507;-0,01580714
2018-09-21;10190,05873142;0,00011191;-0,01569701
2018-09-24;10190,71763229;0,00006466;-0,01563336
2018-09-25;10190,73224016;0,00000143;-0,01563195
2018-09-26;10190,38477817;-0,00003410;-0,01566551
2018-09-27;10193,40250281;0,00029613;-0,01537402
2018-09-28;10193,80297024;0,00003929;-0,01533533
2018-10-01;10195,12045145;0,00012924;-0,01520807
2018-10-02;10196,25274292;0,00011106;-0,01509870
2018-10-03;10196,53897191;0,00002807;-0,01507105
2018-10-04;10196,10145169;-0,00004291;-0,01511331
2018-10-05;10195,24811256;-0,00008369;-0,01519574
2018-10-08;10193,97213629;-0,00012515;-0,01531899
2018-10-09;10193,17208496;-0,00007848;-0,01539627
2018-10-10;10189,80106797;-0,00033071;-0,01572189
2018-10-11;10187,70687153;-0,00020552;-0,01592418
2018-10-12;10190,21333356;0,00024603;-0,01568207
2018-10-15;10190,51064456;0,00002918;-0,01565335
2018-10-16;10194,20391639;0,00036242;-0,01529660
2018-10-17;10194,28227153;0,00000769;-0,01528903
2018-10-18;10192,74599338;-0,00015070;-0,01543743
2018-10-19;10194,03143164;0,00012611;-0,01531326
2018-10-22;10196,58311806;0,00025031;-0,01506679
2018-10-23;10194,72064859;-0,00018266;-0,01524669
2018-10-24;10192,72407846;-0,00019584;-0,01543955
2018-10-25;10196,67712428;0,00038783;-0,01505771
2018-10-26;10194,87919021;-0,00017633;-0,01523138
2018-10-29;10194,59202302;-0,00002817;-0,01525911
2018-10-30;10195,68093564;0,00010681;-0,01515393
2018-10-31;10199,70785699;0,00039496;-0,01476495
2018-11-01;10201,72778389;0,00019804;-0,01456984
2018-11-02;10200,43846685;-0,00012638;-0,01469438
2018-11-05;10201,15869452;0,00007061;-0,01462481
2018-11-06;10201,55278392;0,00003863;-0,01458674
2018-11-07;10205,77682625;0,00041406;-0,01417872
2018-11-08;10207,49434903;0,00016829;-0,01401282
2018-11-09;10208,24333284;0,00007338;-0,01394047
2018-11-12;10204,08993521;-0,00040687;-0,01434167
2018-11-13;10204,51232603;0,00004139;-0,01430087
2018-11-14;10201,66661187;-0,00027887;-0,01457575
2018-11-15;10208,16099361;0,00063660;-0,01394843
2018-11-16;10209,47578934;0,00012880;-0,01382143
2018-11-19;10204,80235290;-0,00045775;-0,01427285
2018-11-20;10203,97337878;-0,00008123;-0,01435293
2018-11-21;10207,83536666;0,00037848;-0,01397988
2018-11-23;10206,26892092;-0,00015346;-0,01413119
2018-11-26;10209,61457166;0,00032780;-0,01380802
2018-11-27;10210,31372680;0,00006848;-0,01374049
2018-11-28;10214,29704097;0,00039013;-0,01335572
2018-11-29;10215,74418092;0,00014168;-0,01321593
2018-11-30;10217,53823528;0,00017562;-0,01304264
2018-12-03;10220,60710376;0,00030035;-0,01274620
2018-12-04;10218,46447764;-0,00020964;-0,01295317
2018-12-06;10215,83413811;-0,00025741;-0,01320724
2018-12-07;10215,65382186;-0,00001765;-0,01322466
2018-12-10;10217,05903997;0,00013756;-0,01308893
2018-12-11;10217,97842965;0,00008999;-0,01300012
2018-12-12;10220,87262290;0,00028325;-0,01272055
2018-12-13;10221,59770513;0,00007094;-0,01265052
2018-12-14;10220,29530899;-0,00012742;-0,01277632
2018-12-17;10218,88481698;-0,00013801;-0,01291257
2018-12-18;10218,07154835;-0,00007958;-0,01299112
2018-12-19;10215,92588869;-0,00020999;-0,01319838
2018-12-20;10214,57843197;-0,00013190;-0,01332854
2018-12-21;10214,23591988;-0,00003353;-0,01336162
2018-12-24;10211,58744654;-0,00025929;-0,01361745
2018-12-27;10218,71706299;0,00069819;-0,01292877
2018-12-28;10221,26415333;0,00024926;-0,01268274
2018-12-31;10223,17819134;0,00018726;-0,01249785
2019-01-02;10222,91064414;-0,00002617;-0,01252369
2019-01-03;10226,26308373;0,00032793;-0,01219987
2019-01-04;10227,37814555;0,00010904;-0,01209216
2019-01-07;10227,37814555;0,00000000;-0,01209216
2019-01-08;10227,37814555;0,00000000;-0,01209216
2019-01-09;10227,37814555;0,00000000;-0,01209216
2019-01-10;10228,49942520;0,00010964;-0,01198385
2019-01-11;10230,73473036;0,00021854;-0,01176793
2019-01-14;10229,61655963;-0,00010930;-0,01187594
2019-01-15;10231,84875588;0,00021821;-0,01166032
2019-01-16;10232,96899922;0,00010949;-0,01155211
2019-01-17;10235,20430438;0,00021844;-0,01133619
2019-01-18;10235,20430438;0,00000000;-0,01133619
2019-01-22;10236,31936621;0,00010894;-0,01122849
2019-01-23;10236,31936621;0,00000000;-0,01122849
2019-01-24;10239,67698732;0,00032801;-0,01090416
2019-01-25;10238,55778028;-0,00010930;-0,01101227
2019-01-28;10239,67698732;0,00010931;-0,01090416
2019-01-29;10239,67698732;0,00000000;-0,01090416
2019-01-30;10241,91229248;0,00021830;-0,01068824
2019-01-31;10241,91229248;0,00000000;-0,01068824
2019-02-01;10242,92061511;0,00009845;-0,01059084
2019-02-04;10243,99259882;0,00010466;-0,01048729
2019-02-05;10243,99259882;0,00000000;-0,01048729
2019-02-06;10246,14352716;0,00020997;-0,01027953
2019-02-07;10246,14352716;0,00000000;-0,01027953
2019-02-08;10248,29246667;0,00020973;-0,01007195
2019-02-11;10247,22247180;-0,00010441;-0,01017531
2019-02-12;10249,36743363;0,00020932;-0,00996811
2019-02-13;10249,36743363;0,00000000;-0,00996811
2019-02-14;10251,51637313;0,00020967;-0,00976054
2019-02-15;10251,51637313;0,00000000;-0,00976054
2019-02-19;10253,66531264;0,00020962;-0,00955296
2019-02-20;10253,66531264;0,00000000;-0,00955296
2019-02-21;10254,74127402;0,00010493;-0,00944903
2019-02-22;10256,88921910;0,00020946;-0,00924155
2019-02-25;10255,81325772;-0,00010490;-0,00934548
2019-02-26;10256,88921910;0,00010491;-0,00924155
2019-02-27;10257,96518048;0,00010490;-0,00913762
2019-02-28;10260,11511440;0,00020959;-0,00892995
2019-03-01;10261,19306462;0,00010506;-0,00882582
2019-03-04;10260,19342823;-0,00009742;-0,00892238
2019-03-05;10261,37159471;0,00011483;-0,00880858
2019-03-06;10261,81203029;0,00004292;-0,00876604
2019-03-07;10262,77398008;0,00009374;-0,00867312
2019-03-08;10263,63255843;0,00008366;-0,00859018
2019-03-11;10265,67768698;0,00019926;-0,00839263
2019-03-12;10267,97476136;0,00022376;-0,00817075
2019-03-13;10269,11273708;0,00011083;-0,00806083
2019-03-14;10268,79328719;-0,00003111;-0,00809169
2019-03-15;10271,21493751;0,00023583;-0,00785777
2019-03-18;10273,15185921;0,00018858;-0,00767067
2019-03-19;10273,75676560;0,00005888;-0,00761224
2019-03-20;10273,09611826;-0,00006430;-0,00767606
2019-03-21;10279,97874672;0,00066997;-0,00701123
2019-03-22;10275,85836766;-0,00040082;-0,00740924
2019-03-25;10275,43348179;-0,00004135;-0,00745028
2019-03-26;10277,18142727;0,00017011;-0,00728144
2019-03-27;10277,31077627;0,00001259;-0,00726894
2019-03-28;10281,23989102;0,00038231;-0,00688941
2019-03-29;10282,86449557;0,00015802;-0,00673248
2019-04-01;10285,83240565;0,00028863;-0,00644580
2019-04-02;10285,74694609;-0,00000831;-0,00645406
2019-04-03;10287,27316046;0,00014838;-0,00630663
2019-04-04;10290,62005076;0,00032534;-0,00598334
2019-04-05;10291,78265146;0,00011298;-0,00587104
2019-04-08;10291,84615753;0,00000617;-0,00586491
2019-04-09;10292,38337209;0,00005220;-0,00581301
2019-04-10;10292,46949781;0,00000837;-0,00580469
2019-04-11;10295,93838515;0,00033703;-0,00546962
2019-04-12;10296,60333026;0,00006458;-0,00540539
2019-04-15;10297,76927786;0,00011324;-0,00529277
2019-04-16;10298,82907813;0,00010292;-0,00519039
2019-04-17;10301,22085242;0,00023224;-0,00495936
2019-04-18;10302,68386319;0,00014202;-0,00481804
2019-04-23;10304,83425665;0,00020872;-0,00461033
2019-04-24;10306,95476690;0,00020578;-0,00440550
2019-04-25;10309,15118856;0,00021310;-0,00419334
2019-04-26;10307,84782611;-0,00012643;-0,00431923
2019-04-29;10309,38529874;0,00014916;-0,00417072
2019-04-30;10309,52237221;0,00001330;-0,00415748
2019-05-01;10309,93629985;0,00004015;-0,00411750
2019-05-02;10310,51115904;0,00005576;-0,00406197
2019-05-03;10312,59780215;0,00020238;-0,00386041
2019-05-07;10311,83657079;-0,00007382;-0,00393394
2019-05-08;10311,71881603;-0,00001142;-0,00394532
2019-05-09;10312,14978821;0,00004179;-0,00390369
2019-05-10;10314,69766528;0,00024708;-0,00365758
2019-05-13;10309,82732589;-0,00047217;-0,00412803
2019-05-14;10312,48655291;0,00025793;-0,00387116
2019-05-15;10314,66373825;0,00021112;-0,00366085
2019-05-16;10316,68293275;0,00019576;-0,00346581
2019-05-17;10317,00433476;0,00003115;-0,00343477
2019-05-20;10316,40374306;-0,00005821;-0,00349278
2019-05-21;10317,59433549;0,00011541;-0,00337778
2019-05-22;10319,31486935;0,00016676;-0,00321158
2019-05-23;10319,83891283;0,00005078;-0,00316096
2019-05-24;10319,86507700;0,00000254;-0,00315843
2019-05-28;10320,70570750;0,00008146;-0,00307723
2019-05-29;10320,14311917;-0,00005451;-0,00313158
2019-05-30;10324,08013253;0,00038149;-0,00275128
2019-05-31;10322,48393683;-0,00015461;-0,00290547
2019-06-03;10320,39074724;-0,00020278;-0,00310766
2019-06-04;10325,28744982;0,00047447;-0,00263466
2019-06-05;10326,40561721;0,00010829;-0,00252665
2019-06-06;10330,67795129;0,00041373;-0,00211397
2019-06-07;10331,24796960;0,00005518;-0,00205891
2019-06-10;10334,21887585;0,00028757;-0,00177194
2019-06-11;10333,10904952;-0,00010739;-0,00187914
2019-06-12;10333,76033839;0,00006303;-0,00181623
2019-06-13;10337,34229362;0,00034663;-0,00147023
2019-06-14;10337,65867918;0,00003061;-0,00143967
2019-06-17;10337,71875281;0,00000581;-0,00143387
2019-06-18;10339,35760443;0,00015853;-0,00127556
2019-06-19;10341,93057852;0,00024885;-0,00102703
2019-06-20;10344,60765443;0,00025886;-0,00076844
2019-06-21;10344,26751561;-0,00003288;-0,00080129
2019-06-24;10345,70417607;0,00013888;-0,00066252
2019-06-25;10344,07042420;-0,00015792;-0,00082033
2019-06-26;10347,07551153;0,00029051;-0,00053006
2019-06-27;10347,30617201;0,00002229;-0,00050778
2019-06-28;10348,39953004;0,00010567;-0,00040216
2019-07-01;10349,06229510;0,00006405;-0,00033815
2019-07-02;10354,93267331;0,00056724;0,00000000
2019-07-03;10360,35187322;0,00052334;0,00000000
2019-07-05;10356,92826539;-0,00033045;-0,00033045
2019-07-08;10355,05996552;-0,00018039;-0,00051078
2019-07-09;10357,23871232;0,00021040;-0,00030049
2019-07-10;10361,93763158;0,00045368;0,00000000
2019-07-11;10362,75014232;0,00007841;0,00000000
2019-07-12;10365,60166191;0,00027517;0,00000000
2019-07-15;10366,64788459;0,00010093;0,00000000
2019-07-16;10366,44819725;-0,00001926;-0,00001926
2019-07-17;10368,25947008;0,00017472;0,00000000
2019-07-18;10373,51701829;0,00050708;0,00000000
2019-07-19;10371,27823436;-0,00021582;-0,00021582
2019-07-22;10371,57443963;0,00002856;-0,00018726
2019-07-23;10371,04682359;-0,00005087;-0,00023813
2019-07-24;10374,56992569;0,00033971;0,00000000
2019-07-25;10375,22560352;0,00006320;0,00000000
2019-07-26;10375,87551859;0,00006264;0,00000000
2019-07-29;10380,91132147;0,00048534;0,00000000
2019-07-30;10381,20270086;0,00002807;0,00000000
2019-07-31;10378,04145968;-0,00030452;-0,00030452
2019-08-01;10385,46283372;0,00071510;0,00000000
2019-08-02;10380,40299988;-0,00048720;-0,00048720
2019-08-05;10375,98770309;-0,00042535;-0,00091235
2019-08-06;10379,06177611;0,00029627;-0,00061635
2019-08-07;10384,79610650;0,00055249;-0,00006420
2019-08-08;10391,43521116;0,00063931;0,00000000
2019-08-09;10388,42939416;-0,00028926;-0,00028926
2019-08-12;10391,18914170;0,00026566;-0,00002368
2019-08-13;10394,11027742;0,00028112;0,00000000
2019-08-14;10389,43972574;-0,00044935;-0,00044935
2019-08-15;10393,88329557;0,00042770;-0,00002184
2019-08-16;10394,34843375;0,00004475;0,00000000
2019-08-19;10394,83673059;0,00004698;0,00000000
2019-08-20;10396,26634669;0,00013753;0,00000000
2019-08-21;10396,02343286;-0,00002337;-0,00002337
2019-08-22;10397,18738099;0,00011196;0,00000000
2019-08-23;10395,95044856;-0,00011897;-0,00011897
2019-08-27;10400,59876634;0,00044713;0,00000000
2019-08-28;10399,99025483;-0,00005851;-0,00005851
2019-08-29;10403,75916274;0,00036240;0,00000000
2019-08-30;10404,03870329;0,00002687;0,00000000
2019-09-03;10408,68828857;0,00044690;0,00000000
2019-09-04;10410,41276810;0,00016568;0,00000000
2019-09-05;10408,83808567;-0,00015126;-0,00015126
2019-09-06;10408,73510157;-0,00000989;-0,00016115
2019-09-09;10406,89252653;-0,00017702;-0,00033815
2019-09-10;10406,44661204;-0,00004285;-0,00038098
2019-09-11;10408,70681156;0,00021719;-0,00016387
2019-09-12;10412,33903863;0,00034896;0,00000000
2019-09-13;10409,49325722;-0,00027331;-0,00027331
2019-09-16;10410,37751831;0,00008495;-0,00018838
2019-09-17;10411,64424620;0,00012168;-0,00006673
2019-09-18;10412,58429072;0,00009029;0,00000000
2019-09-19;10414,52293749;0,00018618;0,00000000
2019-09-20;10416,46206198;0,00018619;0,00000000
2019-09-23;10419,74599772;0,00031526;0,00000000
2019-09-24;10419,69834994;-0,00000457;-0,00000457
2019-09-25;10417,08501581;-0,00025081;-0,00025538
2019-09-26;10419,57415824;0,00023895;-0,00001649
2019-09-27;10418,56633657;-0,00009672;-0,00011321
2019-09-30;10417,49652251;-0,00010268;-0,00021589
2019-10-01;10417,13904680;-0,00003431;-0,00025019
2019-10-02;10414,66461092;-0,00023754;-0,00048767
2019-10-03;10418,88888228;0,00040561;-0,00008226
2019-10-04;10422,26802532;0,00032433;0,00000000
2019-10-07;10422,18750958;-0,00000773;-0,00000773
2019-10-08;10421,72579238;-0,00004430;-0,00005203
2019-10-09;10423,22185300;0,00014355;0,00000000
2019-10-10;10424,31805652;0,00010517;0,00000000
2019-10-11;10424,28743030;-0,00000294;-0,00000294
2019-10-14;10423,87538258;-0,00003953;-0,00004247
2019-10-15;10424,56629925;0,00006628;0,00000000
2019-10-16;10425,07591261;0,00004889;0,00000000
2019-10-17;10426,28335624;0,00011582;0,00000000
2019-10-18;10425,01299570;-0,00012184;-0,00012184
2019-10-21;10425,57631288;0,00005404;-0,00006781
2019-10-22;10425,67904030;0,00000985;-0,00005796
2019-10-23;10426,61006392;0,00008930;0,00000000
2019-10-24;10432,05243187;0,00052197;0,00000000
2019-10-25;10433,59935701;0,00014829;0,00000000
2019-10-28;10432,11550154;-0,00014222;-0,00014222
2019-10-29;10432,87168454;0,00007249;-0,00006974
2019-10-30;10435,61590772;0,00026304;0,00000000
2019-10-31;10437,70293893;0,00019999;0,00000000
2019-11-01;10439,46313196;0,00016864;0,00000000
2019-11-04;10441,50664098;0,00019575;0,00000000
2019-11-05;10437,54469848;-0,00037944;-0,00037944
2019-11-06;10439,47267528;0,00018472;-0,00019480
2019-11-07;10440,32062973;0,00008123;-0,00011359
2019-11-08;10439,58998716;-0,00006998;-0,00018356
2019-11-11;10438,43897488;-0,00011025;-0,00029380
2019-11-12;10441,00163601;0,00024550;-0,00004837
2019-11-13;10441,35878427;0,00003421;-0,00001416
2019-11-14;10442,84416884;0,00014226;0,00000000
2019-11-15;10442,48850492;-0,00003406;-0,00003406
2019-11-18;10445,05535195;0,00024581;0,00000000
2019-11-19;10444,36502180;-0,00006609;-0,00006609
2019-11-20;10445,02387820;0,00006308;-0,00000301
2019-11-21;10443,31870233;-0,00016325;-0,00016627
2019-11-22;10444,80669233;0,00014248;-0,00002381
2019-11-25;10445,16504669;0,00003431;0,00000000
2019-11-26;10447,88775071;0,00026067;0,00000000
2019-11-27;10449,52801284;0,00015699;0,00000000
2019-11-29;10449,67663771;0,00001422;0,00000000
2019-12-02;10448,43513751;-0,00011881;-0,00011881
2019-12-03;10447,04398667;-0,00013314;-0,00025194
2019-12-04;10448,38151837;0,00012803;-0,00012394
2019-12-05;10450,67627725;0,00021963;0,00000000
2019-12-06;10450,89406569;0,00002084;0,00000000
2019-12-09;10451,27452600;0,00003640;0,00000000
2019-12-10;10451,37284684;0,00000941;0,00000000
2019-12-11;10453,22862280;0,00017756;0,00000000
2019-12-12;10456,42877210;0,00030614;0,00000000
2019-12-13;10454,22509396;-0,00021075;-0,00021075
2019-12-16;10458,21788140;0,00038193;0,00000000
2019-12-17;10458,00767389;-0,00002010;-0,00002010
2019-12-18;10460,68239851;0,00025576;0,00000000
2019-12-19;10463,17294139;0,00023809;0,00000000
2019-12-20;10464,32700915;0,00011030;0,00000000
2019-12-23;10466,63066332;0,00022014;0,00000000
2019-12-24;10469,14486888;0,00024021;0,00000000
2019-12-27;10470,41019693;0,00012086;0,00000000
2019-12-30;10470,86464452;0,00004340;0,00000000
2019-12-31;10470,58541724;-0,00002667;-0,00002667
2020-01-02;10477,67124545;0,00067674;0,00000000
2020-01-03;10479,58084054;0,00018225;0,00000000
2020-01-06;10479,76291300;0,00001737;0,00000000
2020-01-07;10481,08542290;0,00012620;0,00000000
2020-01-08;10482,89192484;0,00017236;0,00000000
2020-01-09;10484,36751048;0,00014076;0,00000000
2020-01-10;10485,59131955;0,00011673;0,00000000
2020-01-13;10485,47463668;-0,00001113;-0,00001113
2020-01-14;10485,10161517;-0,00003558;-0,00004670
2020-01-15;10487,52697410;0,00023131;0,00000000
2020-01-16;10490,16451369;0,00025149;0,00000000
2020-01-17;10490,68549808;0,00004966;0,00000000
2020-01-21;10491,71136209;0,00009779;0,00000000
2020-01-22;10491,32954485;-0,00003639;-0,00003639
2020-01-23;10492,66772324;0,00012755;0,00000000
2020-01-24;10493,99565067;0,00012656;0,00000000
2020-01-27;10492,89657655;-0,00010473;-0,00010473
2020-01-28;10493,80828782;0,00008689;-0,00001785
2020-01-29;10496,08985869;0,00021742;0,00000000
2020-01-30;10495,14717852;-0,00008981;-0,00008981
2020-01-31;10493,39894246;-0,00016658;-0,00025637
2020-02-03;10495,44912966;0,00019538;-0,00006104
2020-02-04;10495,92188993;0,00004504;-0,00001600
2020-02-05;10499,66602592;0,00035672;0,00000000
2020-02-06;10503,22571999;0,00033903;0,00000000
2020-02-07;10502,88764536;-0,00003219;-0,00003219
2020-02-10;10502,80357999;-0,00000800;-0,00004019
2020-02-11;10503,78300821;0,00009325;0,00000000
2020-02-12;10505,42348644;0,00015618;0,00000000
2020-02-13;10506,81661484;0,00013261;0,00000000
2020-02-14;10507,95292981;0,00010815;0,00000000
2020-02-18;10510,43260456;0,00023598;0,00000000
2020-02-19;10513,57091006;0,00029859;0,00000000
2020-02-20;10513,44425151;-0,00001205;-0,00001205
2020-02-21;10515,91952407;0,00023544;0,00000000
2020-02-24;10511,09480196;-0,00045880;-0,00045880
2020-02-25;10503,97842792;-0,00067703;-0,00113553
2020-02-26;10507,61085671;0,00034581;-0,00079010
2020-02-27;10503,79866923;-0,00036280;-0,00115262
2020-02-28;10494,28311131;-0,00090592;-0,00205749
2020-03-02;10503,51621401;0,00087982;-0,00117948
2020-03-03;10508,78987020;0,00050208;-0,00067799
2020-03-04;10516,59952334;0,00074315;0,00000000
2020-03-05;10519,96265035;0,00031979;0,00000000
2020-03-06;10515,52009189;-0,00042230;-0,00042230
2020-03-09;10512,04483869;-0,00033049;-0,00075265
2020-03-10;10509,03807105;-0,00028603;-0,00103846
2020-03-11;10508,51019976;-0,00005023;-0,00108864
2020-03-12;10493,06226249;-0,00147004;-0,00255708
2020-03-13;10496,36644053;0,00031489;-0,00224299
2020-03-16;10489,43430917;-0,00066043;-0,00290194
2020-03-17;10495,54761093;0,00058281;-0,00232083
2020-03-18;10491,17445927;-0,00041667;-0,00273653
2020-03-19;10487,70011393;-0,00033117;-0,00306679
2020-03-20;10490,61816101;0,00027824;-0,00278941
2020-03-23;10492,37995179;0,00016794;-0,00262194
2020-03-24;10507,42655454;0,00143405;-0,00119165
2020-03-25;10507,66581938;0,00002277;-0,00116890
2020-03-26;10513,04348846;0,00051179;-0,00065772
2020-03-27;10504,28171008;-0,00083342;-0,00149059
2020-03-30;10508,04221232;0,00035800;-0,00113313
2020-03-31;10504,71710568;-0,00031643;-0,00144920
2020-04-01;10499,41073628;-0,00050514;-0,00195361
2020-04-02;10504,37551740;0,00047286;-0,00148167
2020-04-03;10500,83185450;-0,00033735;-0,00181852
2020-04-06;10511,64374066;0,00102962;-0,00079077
2020-04-07;10508,17557583;-0,00032994;-0,00112045
2020-04-08;10509,72502019;0,00014745;-0,00097316
2020-04-09;10510,97133997;0,00011859;-0,00085469
2020-04-14;10521,76262328;0,00102667;0,00000000
2020-04-15;10518,39790801;-0,00031979;-0,00031979
2020-04-16;10517,56523999;-0,00007916;-0,00039892
2020-04-17;10518,03588664;0,00004475;-0,00035419
2020-04-20;10516,88362198;-0,00010955;-0,00046371
2020-04-21;10512,41532559;-0,00042487;-0,00088838
2020-04-22;10517,95106898;0,00052659;-0,00036225
2020-04-23;10519,99389927;0,00019422;-0,00016810
2020-04-24;10519,97422252;-0,00000187;-0,00016997
2020-04-27;10520,07350397;0,00000944;-0,00016054
2020-04-28;10518,18379147;-0,00017963;-0,00034014
2020-04-29;10521,21123793;0,00028783;-0,00005240
2020-04-30;10520,29796322;-0,00008680;-0,00013920
2020-05-01;10517,11554363;-0,00030250;-0,00044166
2020-05-04;10518,21398593;0,00010444;-0,00033727
2020-05-05;10519,27291848;0,00010068;-0,00023662
2020-05-06;10519,53365749;0,00002479;-0,00021184
2020-05-07;10521,38140702;0,00017565;-0,00003623
2020-05-11;10522,12348090;0,00007053;0,00000000
2020-05-12;10521,45616595;-0,00006342;-0,00006342
2020-05-13;10521,38798377;-0,00000648;-0,00006990
2020-05-14;10524,51188181;0,00029691;0,00000000
2020-05-15;10523,31801365;-0,00011344;-0,00011344
2020-05-18;10523,80016187;0,00004582;-0,00006762
2020-05-19;10524,57511395;0,00007364;0,00000000
2020-05-20;10526,22757719;0,00015701;0,00000000
2020-05-21;10524,62003543;-0,00015272;-0,00015272
2020-05-22;10524,47260994;-0,00001401;-0,00016672
2020-05-26;10523,86019800;-0,00005819;-0,00022490
2020-05-27;10523,22651278;-0,00006021;-0,00028510
2020-05-28;10523,41486825;0,00001790;-0,00026721
2020-05-29;10524,99366770;0,00015003;-0,00011722
2020-06-01;10526,93195046;0,00018416;0,00000000
2020-06-02;10526,63487198;-0,00002822;-0,00002822
2020-06-03;10526,20666941;-0,00004068;-0,00006890
2020-06-04;10526,88970952;0,00006489;-0,00000401
2020-06-05;10524,97489648;-0,00018190;-0,00018591
2020-06-08;10527,69917870;0,00025884;0,00000000
2020-06-09;10528,64931695;0,00009025;0,00000000
2020-06-10;10532,01581984;0,00031975;0,00000000
2020-06-11;10523,48760435;-0,00080974;-0,00080974
2020-06-12;10526,43369789;0,00027995;-0,00053001
2020-06-15;10526,05712321;-0,00003577;-0,00056577
2020-06-16;10529,76990116;0,00035272;-0,00021325
2020-06-17;10530,41978661;0,00006172;-0,00015154
2020-06-18;10529,46240444;-0,00009092;-0,00024244
2020-06-19;10531,29094266;0,00017366;-0,00006883
2020-06-22;10532,08839319;0,00007572;0,00000000
2020-06-23;10534,15582372;0,00019630;0,00000000
2020-06-24;10530,84655169;-0,00031415;-0,00031415
2020-06-25;10532,33059232;0,00014092;-0,00017327
2020-06-26;10531,00779046;-0,00012559;-0,00029884
2020-06-29;10532,26472291;0,00011936;-0,00017952
2020-06-30;10533,60013308;0,00012679;-0,00005275
2020-07-01;10533,17465590;-0,00004039;-0,00009314
2020-07-02;10535,94126804;0,00026266;0,00000000
2020-07-06;10537,35012248;0,00013372;0,00000000
2020-07-07;10536,75676774;-0,00005631;-0,00005631
2020-07-08;10537,58458034;0,00007856;0,00000000
2020-07-09;10536,92197207;-0,00006288;-0,00006288
2020-07-10;10538,21056934;0,00012229;0,00000000
2020-07-13;10539,16821562;0,00009087;0,00000000
2020-07-14;10539,32537950;0,00001491;0,00000000
2020-07-15;10540,97781210;0,00015679;0,00000000
2020-07-16;10537,47734884;-0,00033208;-0,00033208
2020-07-17;10540,57907045;0,00029435;-0,00003783
2020-07-20;10542,15567356;0,00014957;0,00000000
2020-07-21;10543,43879614;0,00012171;0,00000000
2020-07-22;10544,33452426;0,00008496;0,00000000
2020-07-23;10545,45229500;0,00010601;0,00000000
2020-07-24;10543,20331872;-0,00021327;-0,00021327
2020-07-27;10546,13408471;0,00027798;0,00000000
2020-07-28;10547,74698356;0,00015294;0,00000000
2020-07-29;10549,34423863;0,00015143;0,00000000
2020-07-30;10546,34770640;-0,00028405;-0,00028405
2020-07-31;10549,67372002;0,00031537;0,00000000
2020-08-03;10551,39278828;0,00016295;0,00000000
2020-08-04;10555,25734487;0,00036626;0,00000000
2020-08-05;10555,71446198;0,00004331;0,00000000
2020-08-06;10557,66508303;0,00018479;0,00000000
2020-08-07;10556,80171696;-0,00008178;-0,00008178
2020-08-10;10556,10615981;-0,00006589;-0,00014766
2020-08-11;10548,76525604;-0,00069542;-0,00084297
2020-08-12;10549,95555375;0,00011284;-0,00073023
2020-08-13;10553,35796165;0,00032250;-0,00040796
2020-08-14;10551,40612328;-0,00018495;-0,00059284
2020-08-17;10554,41472801;0,00028514;-0,00030787
2020-08-18;10556,15804726;0,00016517;-0,00014274
2020-08-19;10553,03566353;-0,00029579;-0,00043849
2020-08-20;10553,89107324;0,00008106;-0,00035747
2020-08-21;10553,91421047;0,00000219;-0,00035527
2020-08-24;10554,82046509;0,00008587;-0,00026944
2020-08-25;10553,91848217;-0,00008546;-0,00035487
2020-08-26;10556,47642986;0,00024237;-0,00011259
2020-08-27;10555,40887331;-0,00010113;-0,00021370
2020-08-28;10558,20183450;0,00026460;0,00000000
2020-09-01;10559,55661612;0,00012832;0,00000000
2020-09-02;10558,95935183;-0,00005656;-0,00005656
2020-09-03;10555,25571719;-0,00035076;-0,00040730
2020-09-04;10556,19109531;0,00008862;-0,00031872
2020-09-08;10554,59374442;-0,00015132;-0,00046999
2020-09-09;10555,15581884;0,00005325;-0,00041676
2020-09-10;10554,19321319;-0,00009120;-0,00050792
2020-09-11;10552,89933252;-0,00012259;-0,00063045
2020-09-14;10556,34943274;0,00032693;-0,00030372
2020-09-15;10554,20953807;-0,00020271;-0,00050637
2020-09-16;10556,21472945;0,00018999;-0,00031648
2020-09-17;10555,53860681;-0,00006405;-0,00038051
2020-09-18;10552,85531256;-0,00025421;-0,00063462
2020-09-21;10551,54882999;-0,00012380;-0,00075834
2020-09-22;10551,74633915;0,00001872;-0,00073964
2020-09-23;10549,25792519;-0,00023583;-0,00097530
2020-09-24;10550,83534949;0,00014953;-0,00082591
2020-09-25;10550,19946017;-0,00006027;-0,00088613
2020-09-28;10552,57546931;0,00022521;-0,00066112
2020-09-29;10553,13177580;0,00005272;-0,00060844
2020-09-30;10551,77934237;-0,00012815;-0,00073652
2020-10-01;10552,68483665;0,00008581;-0,00065076
2020-10-02;10551,85846142;-0,00007831;-0,00072902
2020-10-05;10552,94870441;0,00010332;-0,00062578
2020-10-06;10552,67316581;-0,00002611;-0,00065187
2020-10-07;10552,05856091;-0,00005824;-0,00071007
2020-10-08;10552,56814369;0,00004829;-0,00066181
2020-10-09;10554,32421250;0,00016641;-0,00049551
2020-10-12;10556,12865775;0,00017097;-0,00032463
2020-10-13;10553,58451781;-0,00024101;-0,00056556
2020-10-14;10553,64590652;0,00000582;-0,00055975
2020-10-15;10553,77238930;0,00001198;-0,00054777
2020-10-16;10554,54311348;0,00007303;-0,00047478
2020-10-19;10554,03586131;-0,00004806;-0,00052282
2020-10-20;10553,35847823;-0,00006418;-0,00058697
2020-10-21;10553,89256689;0,00005061;-0,00053639
2020-10-22;10554,10400236;0,00002003;-0,00051637
2020-10-23;10554,03099562;-0,00000692;-0,00052328
2020-10-26;10553,31524789;-0,00006782;-0,00059106
2020-10-27;10552,52758865;-0,00007464;-0,00066566
2020-10-28;10550,02455444;-0,00023720;-0,00090270
2020-10-29;10551,37742309;0,00012823;-0,00077458
2020-10-30;10550,98761970;-0,00003694;-0,00081149
2020-11-02;10551,75916889;0,00007313;-0,00073843
2020-11-03;10553,35927072;0,00015164;-0,00058689
2020-11-04;10554,83501129;0,00013984;-0,00044714
2020-11-05;10559,29104069;0,00042218;-0,00002515
2020-11-06;10558,12198094;-0,00011071;-0,00013586
2020-11-09;10556,85509755;-0,00011999;-0,00025584
2020-11-10;10554,28216787;-0,00024372;-0,00049950
2020-11-11;10555,23979550;0,00009073;-0,00040881
2020-11-12;10555,53959952;0,00002840;-0,00038042
2020-11-13;10557,39178167;0,00017547;-0,00020501
2020-11-16;10558,47249877;0,00010237;-0,00010267
2020-11-17;10557,70051343;-0,00007312;-0,00017577
2020-11-18;10556,84187976;-0,00008133;-0,00025709
2020-11-19;10556,67866937;-0,00001546;-0,00027254
2020-11-20;10556,62194273;-0,00000537;-0,00027792
2020-11-23;10554,72964169;-0,00017925;-0,00045712
2020-11-24;10554,62112088;-0,00001028;-0,00046740
2020-11-25;10553,36294244;-0,00011921;-0,00058655
2020-11-27;10554,37810342;0,00009619;-0,00049041
2020-11-30;10552,27631609;-0,00019914;-0,00068945
2020-12-01;10554,15602564;0,00017813;-0,00051144
2020-12-02;10556,10467703;0,00018463;-0,00032690
2020-12-03;10556,44147473;0,00003191;-0,00029501
2020-12-04;10557,94826508;0,00014274;-0,00015231
2020-12-07;10557,35565829;-0,00005613;-0,00020843
2020-12-08;10557,69880459;0,00003250;-0,00017594
2020-12-09;10555,83939101;-0,00017612;-0,00035202
2020-12-10;10555,81493795;-0,00000232;-0,00035434
2020-12-11;10556,97245733;0,00010966;-0,00024472
2020-12-14;10555,51506375;-0,00013805;-0,00038274
2020-12-15;10556,72548829;0,00011467;-0,00026811
2020-12-16;10558,68550476;0,00018567;-0,00008250
2020-12-17;10559,72224969;0,00009819;0,00000000
2020-12-18;10559,61634364;-0,00001003;-0,00001003
2020-12-21;10559,41226998;-0,00001933;-0,00002935
2020-12-22;10559,44984558;0,00000356;-0,00002580
2020-12-23;10558,19732396;-0,00011862;-0,00014441
2020-12-24;10559,49912469;0,00012330;-0,00002113
2020-12-29;10560,47591550;0,00009250;0,00000000
2020-12-30;10559,66667455;-0,00007663;-0,00007663
2020-12-31;10560,91658923;0,00011837;0,00000000
2021-01-04;10562,34912076;0,00013564;0,00000000
2021-01-05;10561,55631699;-0,00007506;-0,00007506
2021-01-06;10561,80755244;0,00002379;-0,00005127
2021-01-07;10562,73826565;0,00008812;0,00000000
2021-01-08;10559,33774084;-0,00032194;-0,00032194
2021-01-11;10560,11457683;0,00007357;-0,00024839
2021-01-12;10558,75320792;-0,00012892;-0,00037728
2021-01-13;10558,76695008;0,00000130;-0,00037597
2021-01-14;10559,58962317;0,00007791;-0,00029809
2021-01-15;10558,12398072;-0,00013880;-0,00043685
2021-01-19;10559,22250289;0,00010405;-0,00033285
2021-01-20;10561,46161160;0,00021205;-0,00012086
2021-01-21;10561,70678424;0,00002321;-0,00009765
2021-01-22;10559,86230408;-0,00017464;-0,00027227
2021-01-25;10561,03204852;0,00011077;-0,00016153
2021-01-26;10559,84416794;-0,00011248;-0,00027399
2021-01-27;10558,08973282;-0,00016614;-0,00044009
2021-01-28;10559,43174857;0,00012711;-0,00031304
2021-01-29;10557,89586287;-0,00014545;-0,00045844
2021-02-01;10559,78414114;0,00017885;-0,00027967
2021-02-02;10559,06091496;-0,00006849;-0,00034814
2021-02-03;10558,78279055;-0,00002634;-0,00037447
2021-02-04;10559,03934324;0,00002430;-0,00035019
2021-02-05;10559,92633973;0,00008400;-0,00026621
2021-02-08;10561,28749936;0,00012890;-0,00013735
2021-02-09;10561,31599894;0,00000270;-0,00013465
2021-02-10;10560,27351173;-0,00009871;-0,00023334
2021-02-11;10561,36849802;0,00010369;-0,00012968
2021-02-12;10560,22292801;-0,00010847;-0,00023813
2021-02-16;10560,15910479;-0,00000604;-0,00024418
2021-02-17;10558,90147304;-0,00011909;-0,00036324
2021-02-18;10557,03308130;-0,00017695;-0,00054012
2021-02-19;10558,63579191;0,00015181;-0,00038839
2021-02-22;10557,32020439;-0,00012460;-0,00051294
2021-02-23;10556,60047728;-0,00006817;-0,00058108
2021-02-24;10556,24042372;-0,00003411;-0,00061517
2021-02-25;10554,76295224;-0,00013996;-0,00075504
2021-02-26;10552,76428951;-0,00018936;-0,00094426
2021-03-01;10553,29638923;0,00005042;-0,00089389
2021-03-02;10553,13578373;-0,00001522;-0,00090909
2021-03-03;10552,50465059;-0,00005981;-0,00096884
2021-03-04;10550,61187399;-0,00017937;-0,00114803
2021-03-05;10550,68574642;0,00000700;-0,00114104
2021-03-08;10549,59221399;-0,00010365;-0,00124457
2021-03-09;10552,01215990;0,00022939;-0,00101547
2021-03-10;10552,35635709;0,00003262;-0,00098288
2021-03-11;10554,40682619;0,00019431;-0,00078876
2021-03-12;10553,06013306;-0,00012760;-0,00091625
2021-03-15;10553,86843994;0,00007659;-0,00083973
2021-03-16;10554,48729807;0,00005864;-0,00078114
2021-03-17;10555,91344926;0,00013512;-0,00064612
2021-03-18;10553,60216159;-0,00021896;-0,00086494
2021-03-19;10553,60924969;0,00000067;-0,00086427
2021-03-22;10554,27049127;0,00006266;-0,00080166
2021-03-23;10554,75596705;0,00004600;-0,00075570
2021-03-24;10553,56716229;-0,00011263;-0,00086825
2021-03-25;10552,83761449;-0,00006913;-0,00093732
2021-03-26;10554,16367542;0,00012566;-0,00081178
2021-03-29;10553,24680358;-0,00008687;-0,00089858
2021-03-30;10553,15617464;-0,00000859;-0,00090716
2021-03-31;10553,47834453;0,00003053;-0,00087666
2021-04-01;10556,26639860;0,00026418;-0,00061271
2021-04-06;10558,14168012;0,00017765;-0,00043517
2021-04-07;10558,27127004;0,00001227;-0,00042290
2021-04-08;10559,88629352;0,00015296;-0,00027000
2021-04-09;10559,79547136;-0,00000860;-0,00027860
2021-04-12;10559,21968179;-0,00005453;-0,00033311
2021-04-13;10560,17475391;0,00009045;-0,00024269
2021-04-14;10559,57057348;-0,00005721;-0,00029989
2021-04-15;10561,55412664;0,00018784;-0,00011211
2021-04-16;10562,00552339;0,00004274;-0,00006937
2021-04-19;10560,88570965;-0,00010602;-0,00017539
2021-04-20;10560,35004431;-0,00005072;-0,00022610
2021-04-21;10561,83853425;0,00014095;-0,00008518
2021-04-22;10561,62524651;-0,00002019;-0,00010537
2021-04-23;10561,72524517;0,00000947;-0,00009591
2021-04-26;10562,22152320;0,00004699;-0,00004892
2021-04-27;10561,68931927;-0,00005039;-0,00009931
2021-04-28;10561,74171210;0,00000496;-0,00009435
2021-04-29;10561,27624109;-0,00004407;-0,00013841
2021-04-30;10560,85882858;-0,00003952;-0,00017793
2021-05-04;10559,86436376;-0,00009417;-0,00027208
2021-05-05;10560,61143137;0,00007075;-0,00020135
2021-05-06;10562,18207699;0,00014873;-0,00005266
2021-05-07;10563,50733092;0,00012547;0,00000000
2021-05-10;10562,53582345;-0,00009197;-0,00009197
2021-05-11;10561,39348160;-0,00010815;-0,00020011
2021-05-12;10559,49287763;-0,00017996;-0,00038003
2021-05-13;10560,39472780;0,00008541;-0,00029466
2021-05-14;10562,19253326;0,00017024;-0,00012447
2021-05-17;10562,72085472;0,00005002;-0,00007445
2021-05-18;10562,58829018;-0,00001255;-0,00008700
2021-05-19;10562,03035525;-0,00005282;-0,00013982
2021-05-20;10563,80892823;0,00016839;0,00000000
2021-05-21;10563,84065124;0,00000300;0,00000000
2021-05-24;10564,88765897;0,00009911;0,00000000
2021-05-25;10565,59975691;0,00006740;0,00000000
2021-05-26;10565,52131873;-0,00000742;-0,00000742
2021-05-27;10565,29695504;-0,00002124;-0,00002866
2021-05-28;10565,81553580;0,00004908;0,00000000
2021-06-01;10565,58706131;-0,00002162;-0,00002162
2021-06-02;10608,68590469;0,00407917;0,00000000
2021-06-03;10472,97672297;-0,01279227;-0,01279227
2021-06-04;10577,71011716;0,01000035;-0,00291985
2021-06-07;10603,45591949;0,00243397;-0,00049299
2021-06-08;10588,05240461;-0,00145269;-0,00194496
2021-06-09;10592,28469373;0,00039972;-0,00154602
2021-06-10;10625,74795138;0,00315921;0,00000000
2021-06-11;10579,42140823;-0,00435984;-0,00435984
2021-06-14;10567,79079295;-0,00109936;-0,00545441
2021-06-15;10541,53597590;-0,00248442;-0,00792528
2021-06-16;10434,87632043;-0,01011804;-0,01796312
2021-06-17;10290,54884321;-0,01383126;-0,03154593
2021-06-18;10227,15471421;-0,00616042;-0,03751202
2021-06-21;10319,25488886;0,00900545;-0,02884438
2021-06-22;10327,52274986;0,00080121;-0,02806628
2021-06-23;10313,20373838;-0,00138649;-0,02941386
2021-06-24;10345,80429765;0,00316105;-0,02634578
2021-06-25;10370,22350435;0,00236030;-0,02404767
2021-06-28;10389,61683531;0,00187010;-0,02222254
2021-06-29;10363,05150960;-0,00255691;-0,02472263
2021-06-30;10386,52641026;0,00226525;-0,02251338
2021-07-01;10420,43466724;0,00326464;-0,01932224
2021-07-02;10456,96172935;0,00350533;-0,01588464
2021-07-06;10456,33224594;-0,00006020;-0,01594389
2021-07-07;10486,18873988;0,00285535;-0,01313406
2021-07-08;10438,39639886;-0,00455765;-0,01763185
2021-07-09;10478,48104768;0,00384012;-0,01385944
2021-07-12;10482,67798321;0,00040053;-0,01346446
2021-07-13;10502,44869801;0,00188604;-0,01160382
2021-07-14;10504,59917276;0,00020476;-0,01140144
2021-07-15;10475,54476499;-0,00276587;-0,01413578
2021-07-16;10457,86757038;-0,00168747;-0,01579939
2021-07-19;10393,46888303;-0,00615792;-0,02186002
2021-07-20;10469,51230345;0,00731646;-0,01470350
2021-07-21;10500,47226781;0,00295715;-0,01178982
2021-07-22;10510,43294742;0,00094859;-0,01085241
2021-07-23;10557,65204177;0,00449259;-0,00640858
2021-07-26;10547,85719757;-0,00092775;-0,00733038
2021-07-27;10495,29267843;-0,00498343;-0,01227728
2021-07-28;10507,78735543;0,00119050;-0,01110139
2021-07-29;10518,92894683;0,00106032;-0,01005285
2021-07-30;10514,25226976;-0,00044460;-0,01049297
2021-08-02;10522,21201690;0,00075704;-0,00974387
2021-08-03;10522,78055992;0,00005403;-0,00969037
2021-08-04;10544,76641362;0,00208936;-0,00762126
2021-08-05;10586,22092720;0,00393129;-0,00371993
2021-08-06;10606,29589568;0,00189633;-0,00183065
2021-08-09;10598,54662715;-0,00073063;-0,00255994
2021-08-10;10584,43728930;-0,00133125;-0,00388779
2021-08-11;10588,16327271;0,00035202;-0,00353713
2021-08-12;10638,40556771;0,00474514;0,00000000
2021-08-13;10676,39654625;0,00357112;0,00000000
2021-08-16;10661,63392664;-0,00138273;-0,00138273
2021-08-17;10663,08954560;0,00013653;-0,00124639
2021-08-18;10600,40859233;-0,00587831;-0,00711738
2021-08-19;10600,45275937;0,00000417;-0,00711324
2021-08-20;10710,43095791;0,01037486;0,00000000
2021-08-23;10800,38508489;0,00839874;0,00000000
2021-08-24;10807,41353422;0,00065076;0,00000000
2021-08-25;10812,52830220;0,00047326;0,00000000
2021-08-26;10769,54421078;-0,00397540;-0,00397540
2021-08-27;10825,60430477;0,00520543;0,00000000
2021-08-31;10866,25244120;0,00375481;0,00000000
2021-09-01;10884,90717480;0,00171676;0,00000000
2021-09-02;10888,10867607;0,00029412;0,00000000
2021-09-03;10869,96683555;-0,00166621;-0,00166621
2021-09-07;10892,37734442;0,00206169;0,00000000
2021-09-08;10871,03400264;-0,00195948;-0,00195948
2021-09-09;10841,15332413;-0,00274865;-0,00470274
2021-09-10;10813,40697981;-0,00255935;-0,00725006
2021-09-13;10793,13080511;-0,00187510;-0,00911156
2021-09-14;10788,86213675;-0,00039550;-0,00950345
2021-09-15;10774,98896459;-0,00128588;-0,01077711
2021-09-16;10799,53380765;0,00227795;-0,00852372
2021-09-17;10779,25763295;-0,00187750;-0,01038522
2021-09-20;10700,28726834;-0,00732614;-0,01763528
2021-09-21;10751,51128863;0,00478716;-0,01293254
2021-09-22;10781,39196713;0,00277921;-0,01018927
2021-09-23;10816,60848108;0,00326642;-0,00695614
2021-09-24;10817,67564817;0,00009866;-0,00685816
2021-09-27;10804,86964310;-0,00118380;-0,00803385
2021-09-28;10751,51128863;-0,00493836;-0,01293254
2021-09-29;10811,27264563;0,00555841;-0,00744601
2021-09-30;10753,64562281;-0,00533027;-0,01273659
2021-10-01;10685,34692908;-0,00635121;-0,01900691
2021-10-04;10510,11842717;-0,01639895;-0,03509417
2021-10-05;10655,46606721;0,01382931;-0,02175019
2021-10-06;10629,66813904;-0,00242110;-0,02411863
2021-10-07;10797,74753739;0,01581229;-0,00868771
2021-10-08;10755,39642276;-0,00392222;-0,01257585
2021-10-11;10752,42558211;-0,00027622;-0,01284860
2021-10-12;10680,60928407;-0,00667908;-0,01944186
2021-10-13;10680,30160961;-0,00002881;-0,01947011
2021-10-14;10871,27783430;0,01788116;-0,00193709
2021-10-15;10922,88975141;0,00474755;0,00000000
2021-10-18;10988,56531953;0,00601266;0,00000000
2021-10-19;11038,98604767;0,00458847;0,00000000
2021-10-20;11048,88809231;0,00089701;0,00000000
2021-10-21;11056,54352176;0,00069287;0,00000000
2021-10-22;11072,17064393;0,00141338;0,00000000
2021-10-25;11109,93357010;0,00341062;0,00000000
2021-10-26;11154,49238682;0,00401072;0,00000000
2021-10-27;11147,49423422;-0,00062738;-0,00062738
2021-10-28;11181,64360926;0,00306341;0,00000000
2021-10-29;11246,71620041;0,00581959;0,00000000
2021-11-01;11285,81424385;0,00347640;0,00000000
2021-11-02;11379,12438191;0,00826791;0,00000000
2021-11-03;11378,84326395;-0,00002470;-0,00002470
2021-11-04;11578,40932458;0,01753834;0,00000000
2021-11-05;11650,14534992;0,00619567;0,00000000
2021-11-08;11643,12287544;-0,00060278;-0,00060278
2021-11-09;11601,86406914;-0,00354362;-0,00414426
2021-11-10;11549,02700615;-0,00455419;-0,00867958
2021-11-11;11592,44459554;0,00375942;-0,00495279
2021-11-12;11669,29283638;0,00662917;0,00000000
2021-11-15;11665,78808826;-0,00030034;-0,00030034
2021-11-16;11729,42361010;0,00545488;0,00000000
2021-11-17;11667,12431938;-0,00531137;-0,00531137
2021-11-18;11707,02512806;0,00341994;-0,00190960
2021-11-19;11753,40321365;0,00396156;0,00000000
2021-11-22;11734,27354440;-0,00162759;-0,00162759
2021-11-23;11655,78935838;-0,00668846;-0,00830516
2021-11-24;11727,79113191;0,00617734;-0,00217912
2021-11-26;11451,37323365;-0,02356948;-0,02569724
2021-11-29;11642,02078125;0,01664844;-0,00947661
2021-11-30;11549,79208328;-0,00792205;-0,01732359
2021-12-01;11551,16587705;0,00011895;-0,01720670
2021-12-02;11472,48069017;-0,00681188;-0,02390138
2021-12-03;11403,52193428;-0,00601080;-0,02976851
2021-12-06;11498,53317691;0,00833175;-0,02168479
2021-12-07;11832,78269420;0,02906888;0,00000000
2021-12-08;11844,28035313;0,00097168;0,00000000
2021-12-09;11816,73785010;-0,00232538;-0,00232538
2021-12-10;11862,69056478;0,00388878;0,00000000
2021-12-13;11776,71013101;-0,00724797;-0,00724797
2021-12-14;11606,87960762;-0,01442088;-0,02156433
2021-12-15;11743,59397463;0,01177874;-0,01003959
2021-12-16;11681,37834117;-0,00529784;-0,01528424
2021-12-17;11608,96857434;-0,00619873;-0,02138823
2021-12-20;11435,60976279;-0,01493318;-0,03600202
2021-12-21;11629,21631858;0,01693015;-0,01968139
2021-12-22;11749,34100628;0,01032956;-0,00955513
2021-12-23;11808,60649813;0,00504415;-0,00455917
2021-12-29;11921,12468331;0,00952849;0,00000000
2021-12-30;11899,63434358;-0,00180271;-0,00180271
2021-12-31;11842,24939632;-0,00482241;-0,00661643
2022-01-04;11846,31133228;0,00034300;-0,00627570
2022-01-05;11685,42895394;-0,01358080;-0,01977127
2022-01-06;11546,04941587;-0,01192764;-0,03146308
2022-01-07;11471,18527200;-0,00648396;-0,03774303
2022-01-10;11371,65588094;-0,00867647;-0,04609203
2022-01-11;11507,17274417;0,01191707;-0,03472424
2022-01-12;11560,78627421;0,00465914;-0,03022688
2022-01-13;11427,07123977;-0,01156626;-0,04144353
2022-01-14;11371,67101979;-0,00484816;-0,04609076
2022-01-18;11246,28718282;-0,01102598;-0,05660854
2022-01-19;11131,55959217;-0,01020137;-0,06623243
2022-01-20;11119,31148092;-0,00110031;-0,06725986
2022-01-21;10919,68943848;-0,01795273;-0,08400510
2022-01-24;10706,01029048;-0,01956824;-0,10192951
2022-01-25;10643,97849913;-0,00579411;-0,10713303
2022-01-26;10788,75060703;0,01360132;-0,09498886
2022-01-27;10774,53734346;-0,00131742;-0,09618114
2022-01-28;10877,06092452;0,00951536;-0,08758098
2022-01-31;11125,16812997;0,02281013;-0,06676858
2022-02-01;11181,77758943;0,00508841;-0,06201991
2022-02-02;11235,85711438;0,00483640;-0,05748347
2022-02-03;11037,13414664;-0,01768650;-0,07415328
2022-02-04;11035,10134207;-0,00018418;-0,07432380
2022-02-07;11044,05223687;0,00081113;-0,07357296
2022-02-08;11103,63631704;0,00539513;-0,06857477
2022-02-09;11306,70867223;0,01828882;-0,05154010
2022-02-10;11137,67853481;-0,01494954;-0,06571915
2022-02-11;10932,20303423;-0,01844868;-0,08295540
2022-02-14;10845,79722413;-0,00790379;-0,09020352
2022-02-15;11036,85535059;0,01761587;-0,07417667
2022-02-16;10987,30279437;-0,00448974;-0,07833337
2022-02-17;10803,65069572;-0,01671494;-0,09373897
2022-02-18;10686,00794580;-0,01088917;-0,10360740
2022-02-22;10591,80938510;-0,00881513;-0,11150922
2022-02-23;10446,29138009;-0,01373873;-0,12371595
2022-02-24;10506,18850012;0,00573382;-0,11869150
2022-02-25;10799,14277413;0,02788397;-0,09411712
2022-02-28;10812,00848952;0,00119136;-0,09303788
2022-03-01;10645,63009657;-0,01538830;-0,10699448
2022-03-02;10658,46181695;0,00120535;-0,10591810
2022-03-03;10644,73168858;-0,00128819;-0,10706985
2022-03-04;10671,92476825;0,00255460;-0,10478876
2022-03-07;10677,16980866;0,00049148;-0,10434878
2022-03-08;10783,16880392;0,00992763;-0,09545709
2022-03-09;10750,09909255;-0,00306679;-0,09823113
2022-03-10;10710,78634109;-0,00365697;-0,10152887
2022-03-11;10659,26756074;-0,00480999;-0,10585051
2022-03-14;10517,74073059;-0,01327735;-0,11772245
2022-03-15;10493,71418696;-0,00228438;-0,11973791
2022-03-16;10643,96523920;0,01431820;-0,10713414
2022-03-17;10715,28611534;0,00670059;-0,10115141
2022-03-18;10727,50639800;0,00114045;-0,10012632
2022-03-21;10776,23790074;0,00454267;-0,09603849
2022-03-22;10780,40649167;0,00038683;-0,09568881
2022-03-23;10823,37094267;0,00398542;-0,09208475
2022-03-24;10922,20649694;0,00913168;-0,08379396
2022-03-25;10912,06913249;-0,00092814;-0,08464432
2022-03-28;10855,92914712;-0,00514476;-0,08935361
2022-03-29;10951,89562648;0,00884001;-0,08130349
2022-03-30;10961,46900127;0,00087413;-0,08050043
2022-03-31;10926,40376248;-0,00319895;-0,08344187
2022-04-01;10851,68111851;-0,00683872;-0,08970996
2022-04-04;10940,01633738;0,00814023;-0,08229998
2022-04-05;10852,99882235;-0,00795406;-0,08959942
2022-04-06;10767,98594816;-0,00783312;-0,09673070
2022-04-07;10785,53191622;0,00162946;-0,09525886
2022-04-08;10844,66061074;0,00548222;-0,09029887
2022-04-11;10779,78881165;-0,00598191;-0,09574062
2022-04-12;10825,82292992;0,00427041;-0,09187906
2022-04-13;10869,07915125;0,00399565;-0,08825053
2022-04-14;10801,05221498;-0,00625876;-0,09395695
2022-04-19;10779,92795082;-0,00195576;-0,09572895
2022-04-20;10823,35130677;0,00402817;-0,09208639
2022-04-21;10769,20409802;-0,00500281;-0,09662852
2022-04-22;10618,16199255;-0,01402537;-0,10929864
2022-04-25;10497,95611036;-0,01132078;-0,11938207
2022-04-26;10447,36138203;-0,00481948;-0,12362620
2022-04-27;10444,28556538;-0,00029441;-0,12388421
2022-04-28;10570,42343418;0,01207721;-0,11330317
2022-04-29;10483,26565926;-0,00824544;-0,12061438
2022-05-03;10410,69988338;-0,00692206;-0,12670154
2022-05-04;10500,20411958;0,00859733;-0,11919350
2022-05-05;10422,46986141;-0,00740312;-0,12571421
2022-05-06;10403,44117990;-0,00182574;-0,12731043
2022-05-09;10164,49266512;-0,02296822;-0,14735455
2022-05-10;10126,83073067;-0,00370524;-0,15051381
2022-05-11;10151,77369109;0,00246306;-0,14842148
2022-05-12;10013,32499143;-0,01363788;-0,16003521
2022-05-13;10084,74853314;0,00713285;-0,15404387
2022-05-16;10106,21059777;0,00212817;-0,15224353
2022-05-17;10119,23658054;0,00128891;-0,15115085
2022-05-18;10004,84269143;-0,01130460;-0,16074675
2022-05-19;10019,04067423;0,00141911;-0,15955575
2022-05-20;10014,29696349;-0,00047347;-0,15995368
2022-05-23;10119,80039123;0,01053528;-0,15110355
2022-05-24;10103,92769977;-0,00156848;-0,15243503
2022-05-25;10116,58112387;0,00125233;-0,15137360
2022-05-26;10193,40626520;0,00759398;-0,14492915
2022-05-27;10294,92182333;0,00995894;-0,13641354
2022-05-31;10224,65252147;-0,00682563;-0,14230806
2022-06-01;10260,17130509;0,00347384;-0,13932858
2022-06-06;10261,63995706;0,00014314;-0,13920538
2022-06-07;10260,51678689;-0,00010945;-0,13929960
2022-06-08;10261,66368914;0,00011178;-0,13920339
2022-06-09;10261,45634921;-0,00002021;-0,13922078
2022-06-10;10257,08545705;-0,00042595;-0,13958744
2022-06-13;10256,23423848;-0,00008299;-0,13965884
2022-06-14;10255,37379952;-0,00008389;-0,13973102
2022-06-15;10257,14937756;0,00017314;-0,13958207
2022-06-16;10256,66410741;-0,00004731;-0,13962278
2022-06-17;10256,04113475;-0,00006074;-0,13967504
2022-06-21;10259,60328029;0,00034732;-0,13937623
2022-06-22;10260,58805855;0,00009599;-0,13929362
2022-06-23;10260,92086437;0,00003244;-0,13926570
2022-06-24;10260,54987177;-0,00003616;-0,13929682
2022-06-27;10260,70017109;0,00001465;-0,13928422
2022-06-28;10262,18789009;0,00014499;-0,13915942
2022-06-29;10263,00292124;0,00007942;-0,13909105
2022-06-30;10263,26647677;0,00002568;-0,13906894
2022-07-01;10262,91174294;-0,00003456;-0,13909870
2022-07-05;10262,91174294;0,00000000;-0,13909870
2022-07-06;10262,91174294;0,00000000;-0,13909870
2022-07-07;10262,91174294;0,00000000;-0,13909870
2022-07-08;10261,79084881;-0,00010922;-0,13919273
2022-07-11;10262,91174294;0,00010923;-0,13909870
2022-07-12;10261,79084881;-0,00010922;-0,13919273
2022-07-13;10261,79084881;0,00000000;-0,13919273
2022-07-14;10262,91174294;0,00010923;-0,13909870
2022-07-15;10261,79084881;-0,00010922;-0,13919273
2022-07-18;10261,79084881;0,00000000;-0,13919273
2022-07-19;10261,79084881;0,00000000;-0,13919273
2022-07-20;10261,79084881;0,00000000;-0,13919273
2022-07-21;10265,15759241;0,00032809;-0,13891031
2022-07-22;10266,28153245;0,00010949;-0,13881603
2022-07-25;10265,15759241;-0,00010948;-0,13891031
2022-07-26;10265,15759241;0,00000000;-0,13891031
2022-07-27;10265,15759241;0,00000000;-0,13891031
2022-07-28;10266,28153245;0,00010949;-0,13881603
2022-07-29;10267,40141128;0,00010908;-0,13872209
2022-08-01;10268,18420963;0,00007624;-0,13865642
2022-08-02;10269,29733781;0,00010841;-0,13856305
2022-08-03;10268,18420963;-0,00010839;-0,13865642
2022-08-04;10270,41247343;0,00021701;-0,13846950
2022-08-05;10272,63070002;0,00021598;-0,13828343
2022-08-08;10273,74081703;0,00010807;-0,13819031
2022-08-09;10272,63070002;-0,00010805;-0,13828343
2022-08-10;10273,74081703;0,00010807;-0,13819031
2022-08-11;10273,74081703;0,00000000;-0,13819031
2022-08-12;10275,96707339;0,00021669;-0,13800356
2022-08-15;10274,85394521;-0,00010832;-0,13809693
2022-08-16;10275,96707339;0,00010834;-0,13800356
2022-08-17;10275,96707339;0,00000000;-0,13800356
2022-08-18;10280,40954889;0,00043232;-0,13763090
2022-08-19;10280,40954889;0,00000000;-0,13763090
2022-08-22;10281,51765846;0,00010779;-0,13753795
2022-08-23;10279,29742443;-0,00021594;-0,13772419
2022-08-24;10282,62978292;0,00032418;-0,13744466
2022-08-25;10283,74090365;0,00010806;-0,13735145
2022-08-26;10283,74090365;0,00000000;-0,13735145
2022-08-30;10284,85102067;0,00010795;-0,13725833
2022-08-31;10287,07526959;0,00021626;-0,13707175
2022-09-01;10289,19011276;0,00020558;-0,13689435
2022-09-02;10291,75751017;0,00024952;-0,13667898
2022-09-06;10290,54130183;-0,00011817;-0,13678100
2022-09-07;10292,01760138;0,00014346;-0,13665716
2022-09-08;10295,25664471;0,00031471;-0,13638546
2022-09-09;10296,01987750;0,00007413;-0,13632143
2022-09-12;10295,36785460;-0,00006333;-0,13637613
2022-09-13;10296,37606862;0,00009793;-0,13629155
2022-09-14;10295,39565578;-0,00009522;-0,13637380
2022-09-15;10298,81932100;0,00033254;-0,13608660
2022-09-16;10297,95060076;-0,00008435;-0,13615948
2022-09-20;10296,85801259;-0,00010610;-0,13625113
2022-09-21;10299,73933235;0,00027983;-0,13600943
2022-09-22;10302,59981971;0,00027772;-0,13576948
2022-09-23;10303,10243643;0,00004879;-0,13572732
2022-09-26;10302,30403008;-0,00007749;-0,13579429
2022-09-27;10304,64900773;0,00022762;-0,13559758
2022-09-28;10306,32790224;0,00016293;-0,13545675
2022-09-29;10305,87186179;-0,00004425;-0,13549500
2022-09-30;10305,75396404;-0,00001144;-0,13550489
2022-10-03;10302,11503114;-0,00035310;-0,13581014
2022-10-04;10305,49378306;0,00032797;-0,13552672
2022-10-05;10305,49378306;0,00000000;-0,13552672
2022-10-06;10307,74899086;0,00021884;-0,13533754
2022-10-07;10307,74899086;0,00000000;-0,13533754
2022-10-10;10308,87456487;0,00010920;-0,13524312
2022-10-11;10308,87456487;0,00000000;-0,13524312
2022-10-12;10308,87456487;0,00000000;-0,13524312
2022-10-13;10312,25433174;0,00032785;-0,13495961
2022-10-14;10312,25433174;0,00000000;-0,13495961
2022-10-17;10312,25433174;0,00000000;-0,13495961
2022-10-18;10312,25433174;0,00000000;-0,13495961
2022-10-19;10312,25433174;0,00000000;-0,13495961
2022-10-20;10316,76373239;0,00043729;-0,13458134
2022-10-21;10317,88829146;0,00010900;-0,13448701
2022-10-24;10316,76373239;-0,00010899;-0,13458134
2022-10-25;10316,76373239;0,00000000;-0,13458134
2022-10-26;10319,01589536;0,00021830;-0,13439242
2022-10-27;10322,39667717;0,00032763;-0,13410882
2022-10-28;10321,27008821;-0,00010914;-0,13420333
2022-10-31;10321,27008821;0,00000000;-0,13420333
2022-11-01;10322,17338927;0,00008752;-0,13412755
2022-11-02;10325,56330559;0,00032841;-0,13384319
2022-11-03;10328,94916212;0,00032791;-0,13355917
2022-11-04;10331,21147454;0,00021903;-0,13336940
2022-11-07;10330,08184075;-0,00010934;-0,13346416
2022-11-08;10331,21147454;0,00010935;-0,13336940
2022-11-09;10336,85659865;0,00054641;-0,13289586
2022-11-10;10337,98724739;0,00010938;-0,13280101
2022-11-11;10336,85659865;-0,00010937;-0,13289586
2022-11-14;10336,85659865;0,00000000;-0,13289586
2022-11-15;10339,11485129;0,00021847;-0,13270642
2022-11-16;10340,24651497;0,00010945;-0,13261150
2022-11-17;10343,63744623;0,00032794;-0,13232705
2022-11-18;10343,63744623;0,00000000;-0,13232705
2022-11-21;10344,76200530;0,00010872;-0,13223271
2022-11-22;10347,02431771;0,00021869;-0,13204294
2022-11-23;10349,28054046;0,00021806;-0,13185368
2022-11-25;10349,28054046;0,00000000;-0,13185368
2022-11-28;10350,41017425;0,00010915;-0,13175892
2022-11-29;10353,80212045;0,00032771;-0,13147439
2022-11-30;10353,80212045;0,00000000;-0,13147439
2022-12-01;10356,06544782;0,00021860;-0,13128453
2022-12-02;10357,19609655;0,00010918;-0,13118968
2022-12-05;10358,32877518;0,00010936;-0,13109467
2022-12-06;10361,72985589;0,00032834;-0,13080937
2022-12-07;10361,72985589;0,00000000;-0,13080937
2022-12-08;10368,52288281;0,00065559;-0,13023954
2022-12-09;10367,39223407;-0,00010905;-0,13033438
2022-12-12;10368,52288281;0,00010906;-0,13023954
2022-12-13;10368,52288281;0,00000000;-0,13023954
2022-12-14;10371,91990374;0,00032763;-0,12995458
2022-12-15;10374,18627593;0,00021851;-0,12976447
2022-12-16;10374,18627593;0,00000000;-0,12976447
2022-12-19;10375,43770312;0,00012063;-0,12965949
2022-12-20;10376,57241164;0,00010936;-0,12956431
2022-12-21;10377,70813510;0,00010945;-0,12946904
2022-12-22;10384,52450575;0,00065683;-0,12889725
2022-12-23;10384,52450575;0,00000000;-0,12889725
2022-12-28;10387,93269108;0,00032820;-0,12861135
2022-12-29;10392,47862975;0,00043762;-0,12823002
2022-12-30;10391,34392124;-0,00010919;-0,12832520
2023-01-03;10392,47862975;0,00010920;-0,12823002
2023-01-04;10391,35388492;-0,00010823;-0,12832437
2023-01-05;10394,72811943;0,00032472;-0,12804132
2023-01-06;10393,60538666;-0,00010801;-0,12813550
2023-01-09;10395,85487633;0,00021643;-0,12794680
2023-01-10;10394,72811943;-0,00010839;-0,12804132
2023-01-11;10394,72811943;0,00000000;-0,12804132
2023-01-12;10402,61038759;0,00075829;-0,12738012
2023-01-13;10403,74116863;0,00010870;-0,12728527
2023-01-17;10403,74116863;0,00000000;-0,12728527
2023-01-18;10404,86289537;0,00010782;-0,12719117
2023-01-19;10409,36891695;0,00043307;-0,12681318
2023-01-20;10410,49366178;0,00010805;-0,12671883
2023-01-23;10410,49366178;0,00000000;-0,12671883
2023-01-24;10411,62142472;0,00010833;-0,12662423
2023-01-25;10412,74516353;0,00010793;-0,12652997
2023-01-26;10418,37693598;0,00054085;-0,12605755
2023-01-27;10419,49966875;0,00010776;-0,12596337
2023-01-30;10419,49966875;0,00000000;-0,12596337
2023-01-31;10420,62944375;0,00010843;-0,12586860
2023-02-01;10421,30650393;0,00006497;-0,12581180
2023-02-02;10426,61427750;0,00050932;-0,12536656
2023-02-03;10428,64265814;0,00019454;-0,12519641
2023-02-06;10429,38043449;0,00007075;-0,12513452
2023-02-07;10430,47768532;0,00010521;-0,12504248
2023-02-08;10430,38570905;-0,00000882;-0,12505020
2023-02-09;10433,34018182;0,00028326;-0,12480236
2023-02-10;10434,23632064;0,00008589;-0,12472719
2023-02-13;10436,65100096;0,00023142;-0,12452463
2023-02-14;10436,31545666;-0,00003215;-0,12455278
2023-02-15;10439,13569471;0,00027023;-0,12431621
2023-02-16;10444,77922996;0,00054061;-0,12384280
2023-02-17;10445,29507567;0,00004939;-0,12379953
2023-02-21;10444,12690134;-0,00011184;-0,12389752
2023-02-22;10447,35817472;0,00030939;-0,12362647
2023-02-23;10450,70295766;0,00032016;-0,12334589
2023-02-24;10451,44967589;0,00007145;-0,12328325
2023-02-27;10452,82990201;0,00013206;-0,12316747
2023-02-28;10453,62132157;0,00007571;-0,12310108
2023-03-01;10454,56539761;0,00009031;-0,12302189
2023-03-02;10458,29583482;0,00035682;-0,12270896
2023-03-03;10461,80587237;0,00033562;-0,12241452
2023-03-06;10463,47726342;0,00015976;-0,12227432
2023-03-07;10463,41022753;-0,00000641;-0,12227994
2023-03-08;10465,53832040;0,00020338;-0,12210143
2023-03-09;10467,36106442;0,00017417;-0,12194853
2023-03-10;10467,47171134;0,00001057;-0,12193925
2023-03-13;10467,73922277;0,00002556;-0,12191681
2023-03-14;10469,89126139;0,00020559;-0,12173628
2023-03-15;10474,33365771;0,00042430;-0,12136364
2023-03-16;10480,00362952;0,00054132;-0,12088801
2023-03-17;10481,52169582;0,00014485;-0,12076067
2023-03-20;10482,47580287;0,00009103;-0,12068063
2023-03-21;10484,05784981;0,00015092;-0,12054792
2023-03-22;10486,34213603;0,00021788;-0,12035631
2023-03-23;10490,37173942;0,00038427;-0,12001829
2023-03-24;10491,93773625;0,00014928;-0,11988692
2023-03-27;10491,42640031;-0,00004874;-0,11992982
2023-03-28;10493,24512269;0,00017335;-0,11977725
2023-03-29;10494,17021794;0,00008816;-0,11969965
2023-03-30;10497,03872178;0,00027334;-0,11945903
2023-03-31;10495,41708543;-0,00015449;-0,11959506
2023-04-03;10498,22790732;0,00026781;-0,11935927
2023-04-04;10500,24565303;0,00019220;-0,11919002
2023-04-05;10505,46104045;0,00049669;-0,11875252
2023-04-06;10506,38715105;0,00008816;-0,11867484
2023-04-11;10508,19899591;0,00017245;-0,11852285
2023-04-12;10510,57755615;0,00022635;-0,11832333
2023-04-13;10517,72938663;0,00068044;-0,11772340
2023-04-14;10516,45426726;-0,00012124;-0,11783036
2023-04-17;10518,63293113;0,00020717;-0,11764760
2023-04-18;10520,08051131;0,00013762;-0,11752617
2023-04-19;10520,82046349;0,00007034;-0,11746410
2023-04-20;10528,81545294;0,00075992;-0,11679345
2023-04-21;10526,95600895;-0,00017661;-0,11694942
2023-04-24;10528,11669222;0,00011026;-0,11685206
2023-04-25;10526,48042844;-0,00015542;-0,11698932
2023-04-26;10528,96213296;0,00023576;-0,11678114
2023-04-27;10533,15493550;0,00039822;-0,11642943
2023-04-28;10533,58789867;0,00004110;-0,11639311
2023-05-02;10532,15881004;-0,00013567;-0,11651299
2023-05-03;10533,48306288;0,00012573;-0,11640190
2023-05-04;10537,18041613;0,00035101;-0,11609175
2023-05-05;10539,42196111;0,00021273;-0,11590372
2023-05-09;10541,87772422;0,00023301;-0,11569772
2023-05-10;10543,40988162;0,00014534;-0,11556920
2023-05-11;10549,59667368;0,00058679;-0,11505022
2023-05-12;10551,70420296;0,00019977;-0,11487343
2023-05-15;10553,28340871;0,00014966;-0,11474096
2023-05-16;10551,44977278;-0,00017375;-0,11489477
2023-05-17;10554,03617008;0,00024512;-0,11467781
2023-05-18;10559,75282001;0,00054166;-0,11419827
2023-05-19;10560,29327078;0,00005118;-0,11415294
2023-05-22;10561,41679458;0,00010639;-0,11405869
2023-05-23;10560,88513069;-0,00005034;-0,11410329
2023-05-24;10560,15290041;-0,00006933;-0,11416471
2023-05-25;10567,89388100;0,00073304;-0,11351536
2023-05-26;10571,55795737;0,00034672;-0,11320800
2023-05-30;10573,26028184;0,00016103;-0,11306520
2023-05-31;10575,28891310;0,00019186;-0,11289503
2023-06-01;10582,00372361;0,00063495;-0,11233176
2023-06-02;10582,53395207;0,00005011;-0,11228729
2023-06-05;10582,64057472;0,00001008;-0,11227834
2023-06-06;10584,96827196;0,00021995;-0,11208308
2023-06-07;10584,80126870;-0,00001578;-0,11209709
2023-06-08;10591,67047635;0,00064897;-0,11152087
2023-06-09;10592,84416514;0,00011081;-0,11142242
2023-06-12;10594,83124198;0,00018759;-0,11125573
2023-06-13;10596,92682164;0,00019779;-0,11107994
2023-06-14;10599,68150044;0,00025995;-0,11084887
2023-06-15;10605,15551208;0,00051643;-0,11038968
2023-06-16;10605,85885265;0,00006632;-0,11033068
2023-06-20;10607,24773209;0,00013095;-0,11021418
2023-06-21;10606,53890890;-0,00006682;-0,11027364
2023-06-22;10610,84587043;0,00040607;-0,10991235
2023-06-23;10611,65347099;0,00007611;-0,10984460
2023-06-26;10612,60078255;0,00008927;-0,10976514
2023-06-27;10615,42562442;0,00026618;-0,10952818
2023-06-28;10616,47565024;0,00009892;-0,10944010
2023-06-29;10619,92665526;0,00032506;-0,10915061
2023-06-30;10624,38441581;0,00041975;-0,10877667
2023-07-03;10626,94792905;0,00024129;-0,10856163
2023-07-05;10627,13140240;0,00001726;-0,10854624
2023-07-06;10629,06499876;0,00018195;-0,10838404
2023-07-07;10630,40806171;0,00012636;-0,10827138
2023-07-10;10632,81751537;0,00022666;-0,10806926
2023-07-11;10634,37018797;0,00014603;-0,10793902
2023-07-12;10638,89662260;0,00042564;-0,10755932
2023-07-13;10643,91945984;0,00047212;-0,10713798
2023-07-14;10644,89628996;0,00009177;-0,10705604
2023-07-17;10646,74804618;0,00017396;-0,10690071
2023-07-18;10648,60397997;0,00017432;-0,10674502
2023-07-19;10652,26925464;0,00034420;-0,10643756
2023-07-20;10656,54388339;0,00040129;-0,10607898
2023-07-21;10656,25585355;-0,00002703;-0,10610315
2023-07-24;10657,27705843;0,00009583;-0,10601748
2023-07-25;10659,30987941;0,00019074;-0,10584696
2023-07-26;10659,88311042;0,00005378;-0,10579887
2023-07-27;10665,00701961;0,00048067;-0,10536906
2023-07-28;10667,39930584;0,00022431;-0,10516838
2023-07-31;10668,81059492;0,00013230;-0,10505000
2023-08-01;10671,01881923;0,00020698;-0,10486476
2023-08-02;10670,01500506;-0,00009407;-0,10494896
2023-08-03;10673,99525917;0,00037303;-0,10461508
2023-08-04;10676,19830491;0,00020639;-0,10443028
2023-08-07;10675,73946052;-0,00004298;-0,10446877
2023-08-08;10676,92369806;0,00011093;-0,10436943
2023-08-09;10677,25126611;0,00003068;-0,10434195
2023-08-10;10683,39126297;0,00057505;-0,10382690
2023-08-11;10683,59816020;0,00001937;-0,10380954
2023-08-14;10685,35745935;0,00016467;-0,10366197
2023-08-15;10685,16265831;-0,00001823;-0,10367831
2023-08-16;10686,21705868;0,00009868;-0,10358986
2023-08-17;10689,65262558;0,00032150;-0,10330167
2023-08-18;10690,38715171;0,00006871;-0,10324005
2023-08-21;10692,64183747;0,00021091;-0,10305092
2023-08-22;10694,34624897;0,00015940;-0,10290794
2023-08-23;10698,84438029;0,00042061;-0,10253062
2023-08-24;10701,34904096;0,00023411;-0,10232052
2023-08-25;10703,94091201;0,00024220;-0,10210310
2023-08-29;10708,60335439;0,00043558;-0,10171199
2023-08-30;10711,36388432;0,00025779;-0,10148042
2023-08-31;10718,61683473;0,00067713;-0,10087201
2023-09-01;10720,85178888;0,00020851;-0,10068453
2023-09-05;10722,57214550;0,00016047;-0,10054022
2023-09-06;10721,45665846;-0,00010403;-0,10063380
2023-09-07;10726,63603172;0,00048308;-0,10019933
2023-09-08;10728,17057181;0,00014306;-0,10007060
2023-09-11;10728,44145767;0,00002525;-0,10004788
2023-09-12;10730,94440265;0,00023330;-0,09983792
2023-09-13;10731,94256685;0,00009302;-0,09975419
2023-09-14;10736,61288050;0,00043518;-0,09936242
2023-09-15;10738,58478833;0,00018366;-0,09919701
2023-09-18;10740,22235489;0,00015249;-0,09905964
2023-09-19;10740,90103542;0,00006319;-0,09900271
2023-09-20;10741,88472513;0,00009158;-0,09892019
2023-09-21;10745,45386135;0,00033226;-0,09862080
2023-09-22;10747,14461481;0,00015735;-0,09847897
2023-09-25;10747,67867043;0,00004969;-0,09843417
2023-09-26;10747,06064597;-0,00005750;-0,09848601
2023-09-27;10749,40600655;0,00021823;-0,09828927
2023-09-28;10752,70389987;0,00030680;-0,09801263
2023-09-29;10753,28607506;0,00005414;-0,09796379
2023-10-02;10754,27367128;0,00009184;-0,09788095
2023-10-03;10754,86938329;0,00005539;-0,09783098
2023-10-04;10756,21354724;0,00012498;-0,09771822
2023-10-05;10763,02118720;0,00063290;-0,09714717
2023-10-06;10764,48747500;0,00013623;-0,09702417
2023-10-09;10767,80565253;0,00030825;-0,09674582
2023-10-10;10768,79115878;0,00009152;-0,09666316
2023-10-11;10771,70222215;0,00027032;-0,09641896
2023-10-12;10776,74685656;0,00046832;-0,09599579
2023-10-13;10780,92868018;0,00038804;-0,09564500
2023-10-16;10782,35995116;0,00013276;-0,09552494
2023-10-17;10783,53865736;0,00010932;-0,09542607
2023-10-18;10785,12069665;0,00014671;-0,09529336
2023-10-19;10790,14948618;0,00046627;-0,09487152
2023-10-20;10790,78340319;0,00005875;-0,09481834
2023-10-23;10791,30860676;0,00004867;-0,09477429
2023-10-24;10793,13381077;0,00016914;-0,09462118
2023-10-25;10794,06851849;0,00008660;-0,09454277
2023-10-26;10797,32154383;0,00030137;-0,09426989
2023-10-27;10801,69137360;0,00040471;-0,09390333
2023-10-30;10802,88074522;0,00011011;-0,09380356
2023-10-31;10803,08842479;0,00001922;-0,09378614
2023-11-01;10807,38709041;0,00039791;-0,09342555
2023-11-02;10813,24184068;0,00054174;-0,09293442
2023-11-03;10815,15583398;0,00017700;-0,09277387
2023-11-06;10815,68209680;0,00004866;-0,09272972
2023-11-07;10818,67309583;0,00027654;-0,09247882
2023-11-08;10819,04833628;0,00003468;-0,09244735
2023-11-09;10825,48965861;0,00059537;-0,09190702
2023-11-10;10826,82244722;0,00012312;-0,09179522
2023-11-13;10828,59247436;0,00016349;-0,09164674
2023-11-14;10831,77791995;0,00029417;-0,09137953
2023-11-15;10834,42628884;0,00024450;-0,09115737
2023-11-16;10839,99153246;0,00051366;-0,09069053
2023-11-17;10842,62896407;0,00024331;-0,09046929
2023-11-20;10843,20121811;0,00005278;-0,09042129
2023-11-21;10847,01807979;0,00035201;-0,09010111
2023-11-22;10852,12959047;0,00047124;-0,08967234
2023-11-24;10853,02101320;0,00008214;-0,08959756
2023-11-27;10854,76822354;0,00016099;-0,08945099
2023-11-28;10858,13832080;0,00031047;-0,08916830
2023-11-29;10859,49400594;0,00012485;-0,08905457
2023-11-30;10863,87576737;0,00040350;-0,08868701
2023-12-01;10868,27294095;0,00040475;-0,08831816
2023-12-04;10865,58037477;-0,00024775;-0,08854402
2023-12-05;10868,09346338;0,00023129;-0,08833321
2023-12-06;10869,43375920;0,00012332;-0,08822078
2023-12-07;10874,93983590;0,00050657;-0,08775890
2023-12-08;10876,77424648;0,00016868;-0,08760503
2023-12-11;10878,69082702;0,00017621;-0,08744425
2023-12-12;10879,17729147;0,00004472;-0,08740345
2023-12-13;10883,21639702;0,00037127;-0,08706463
2023-12-14;10888,27306712;0,00046463;-0,08664045
2023-12-15;10891,47009767;0,00029362;-0,08637227
2023-12-18;10893,69629214;0,00020440;-0,08618553
2023-12-19;10894,37194010;0,00006202;-0,08612885
2023-12-20;10896,18941387;0,00016683;-0,08597639
2023-12-21;10903,98074393;0,00071505;-0,08532282
2023-12-22;10905,50387396;0,00013969;-0,08519505
2023-12-27;10909,36225433;0,00035380;-0,08487139
2023-12-28;10916,28803601;0,00063485;-0,08429042
2023-12-29;10916,03593595;-0,00002309;-0,08431157
2024-01-02;10915,76917854;-0,00002444;-0,08433395
2024-01-03;10917,37514155;0,00014712;-0,08419923
2024-01-04;10920,62606220;0,00029777;-0,08392653
2024-01-05;10921,39290824;0,00007022;-0,08386220
2024-01-08;10922,97725252;0,00014507;-0,08372930
2024-01-09;10924,73126156;0,00016058;-0,08358217
2024-01-10;10927,37973502;0,00024243;-0,08336000
2024-01-11;10933,38124599;0,00054922;-0,08285656
2024-01-12;10937,18552547;0,00034795;-0,08253744
2024-01-16;10937,77586461;0,00005398;-0,08248792
2024-01-17;10938,08487188;0,00002825;-0,08246200
2024-01-18;10944,72156536;0,00060675;-0,08190529
2024-01-19;10947,67872059;0,00027019;-0,08165723
2024-01-22;10949,24649445;0,00014321;-0,08152571
2024-01-23;10951,00195486;0,00016033;-0,08137846
2024-01-24;10952,08259985;0,00009868;-0,08128781
2024-01-25;10958,64415056;0,00059911;-0,08073739
2024-01-26;10959,32672958;0,00006229;-0,08068014
2024-01-29;10961,74867042;0,00022099;-0,08047697
2024-01-30;10963,17145054;0,00012979;-0,08035762
2024-01-31;10962,65879018;-0,00004676;-0,08040063
2024-02-01;10969,39766669;0,00061471;-0,07983534
2024-02-02;10972,40087678;0,00027378;-0,07958341
2024-02-05;10972,30277105;-0,00000894;-0,07959164
2024-02-06;10974,96683350;0,00024280;-0,07936817
2024-02-07;10976,85662136;0,00017219;-0,07920965
2024-02-08;10981,71906995;0,00044297;-0,07880176
2024-02-09;10983,29062873;0,00014311;-0,07866993
2024-02-12;10985,69762963;0,00021915;-0,07846802
2024-02-13;10982,54827883;-0,00028668;-0,07873220
2024-02-14;10985,75249852;0,00029176;-0,07846342
2024-02-15;10992,67198034;0,00062986;-0,07788298
2024-02-16;10995,33986649;0,00024270;-0,07765918
2024-02-20;10995,74896902;0,00003721;-0,07762487
2024-02-21;10996,65995301;0,00008285;-0,07754845
2024-02-22;11005,13705193;0,00077088;-0,07683735
2024-02-23;11006,90154945;0,00016033;-0,07668934
2024-02-26;11006,62766370;-0,00002488;-0,07671231
2024-02-27;11008,77828891;0,00019539;-0,07653191
2024-02-28;11010,02988366;0,00011369;-0,07642692
2024-02-29;11015,78453231;0,00052267;-0,07594419
2024-03-01;11022,07853744;0,00057136;-0,07541622
2024-03-04;11024,81993355;0,00024872;-0,07518626
2024-03-05;11023,78485722;-0,00009389;-0,07527308
2024-03-06;11027,64264059;0,00034995;-0,07494948
2024-03-07;11033,89792280;0,00056724;-0,07442475
2024-03-08;11035,04762007;0,00010420;-0,07432831
2024-03-11;11035,99252006;0,00008563;-0,07424905
2024-03-12;11039,99482192;0,00036266;-0,07391332
2024-03-13;11040,35805874;0,00003290;-0,07388285
2024-03-14;11044,56634196;0,00038117;-0,07352984
2024-03-15;11045,60931115;0,00009443;-0,07344235
2024-03-18;11047,72966695;0,00019196;-0,07326448
2024-03-19;11050,28203841;0,00023103;-0,07305038
2024-03-20;11053,34542783;0,00027722;-0,07279340
2024-03-21;11058,22068858;0,00044107;-0,07238445
2024-03-22;11058,58370169;0,00003283;-0,07235399
2024-03-25;11060,68054374;0,00018961;-0,07217810
2024-03-26;11062,25836474;0,00014265;-0,07204575
2024-03-27;11070,21497555;0,00071926;-0,07137831
2024-03-28;11071,74630841;0,00013833;-0,07124985
2024-04-02;11079,12140948;0,00066612;-0,07063119
2024-04-03;11080,32307701;0,00010846;-0,07053039
2024-04-04;11083,90188530;0,00032299;-0,07023019
2024-04-05;11088,11516804;0,00038013;-0,06987676
2024-04-08;11090,09185950;0,00017827;-0,06971094
2024-04-09;11091,59624700;0,00013565;-0,06958475
2024-04-10;11092,60202936;0,00009068;-0,06950038
2024-04-11;11099,26476741;0,00060065;-0,06894147
2024-04-12;11098,55430406;-0,00006401;-0,06900107
2024-04-15;11102,02238327;0,00031248;-0,06871015
2024-04-16;11102,29720135;0,00002475;-0,06868710
2024-04-17;11101,66822422;-0,00005665;-0,06873986
2024-04-18;11107,73126249;0,00054614;-0,06823127
2024-04-19;11108,11589924;0,00003463;-0,06819900
2024-04-22;11108,40383276;0,00002592;-0,06817485
2024-04-23;11110,39539784;0,00017928;-0,06800779
2024-04-24;11110,47846615;0,00000748;-0,06800082
2024-04-25;11115,88797238;0,00048688;-0,06754704
2024-04-26;11117,98352360;0,00018852;-0,06737126
2024-04-29;11120,03840781;0,00018483;-0,06719888
2024-04-30;11117,84158293;-0,00019756;-0,06738316
2024-05-01;11119,97750499;0,00019212;-0,06720399
2024-05-02;11126,35102120;0,00057316;-0,06666935
2024-05-03;11128,62786543;0,00020464;-0,06647836
2024-05-07;11130,55660883;0,00017331;-0,06631657
2024-05-08;11132,90927747;0,00021137;-0,06611921
2024-05-09;11139,98697177;0,00063575;-0,06552550
2024-05-10;11140,69147989;0,00006324;-0,06546641
2024-05-13;11142,54525670;0,00016640;-0,06531090
2024-05-14;11144,70165102;0,00019353;-0,06513002
2024-05-15;11147,74258606;0,00027286;-0,06487493
2024-05-16;11152,15752401;0,00039604;-0,06450458
2024-05-17;11154,39974230;0,00020106;-0,06431649
2024-05-20;11157,62709762;0,00028933;-0,06404577
2024-05-21;11158,79308179;0,00010450;-0,06394796
2024-05-22;11159,99729411;0,00010792;-0,06384694
2024-05-23;11165,42015911;0,00048592;-0,06339205
2024-05-24;11167,07377390;0,00014810;-0,06325334
2024-05-28;11166,75716088;-0,00002835;-0,06327990
2024-05-29;11168,24571483;0,00013330;-0,06315503
2024-05-30;11169,78469401;0,00013780;-0,06302593
2024-05-31;11171,86754817;0,00018647;-0,06285121
2024-06-03;11174,41793857;0,00022829;-0,06263727
2024-06-04;11176,24202418;0,00016324;-0,06248426
2024-06-05;11179,18357674;0,00026320;-0,06223751
2024-06-06;11180,80282725;0,00014485;-0,06210168
2024-06-07;11183,12640464;0,00020782;-0,06190677
2024-06-10;11186,26103750;0,00028030;-0,06164382
2024-06-11;11188,47250343;0,00019769;-0,06145831
2024-06-12;11192,00450868;0,00031568;-0,06116203
2024-06-13;11192,99074127;0,00008812;-0,06107930
2024-06-14;11200,03456624;0,00062931;-0,06048843
2024-06-17;11201,54058938;0,00013447;-0,06036210
2024-06-18;11204,28633652;0,00024512;-0,06013177
2024-06-20;11207,05122915;0,00024677;-0,05989984
2024-06-21;11209,46364140;0,00021526;-0,05969747
2024-06-24;11211,06238071;0,00014262;-0,05956337
2024-06-25;11211,49714807;0,00003878;-0,05952689
2024-06-26;11212,02402508;0,00004699;-0,05948270
2024-06-27;11215,24360902;0,00028715;-0,05921262
2024-06-28;11218,76446586;0,00031393;-0,05891728
2024-07-01;11223,16283795;0,00039205;-0,05854832
2024-07-02;11224,53814522;0,00012254;-0,05843295
2024-07-03;11229,97697070;0,00048455;-0,05797672
2024-07-05;11235,18743719;0,00046398;-0,05753964
2024-07-08;11236,70455925;0,00013503;-0,05741238
2024-07-09;11236,98365625;0,00002484;-0,05738897
2024-07-10;11240,48028911;0,00031117;-0,05709565
2024-07-11;11242,13712711;0,00014740;-0,05695667
2024-07-12;11247,49210266;0,00047633;-0,05650747
2024-07-15;11250,37389493;0,00025622;-0,05626573
2024-07-16;11252,32835649;0,00017372;-0,05610178
2024-07-17;11253,09431766;0,00006807;-0,05603753
2024-07-18;11253,29232859;0,00001760;-0,05602092
2024-07-19;11254,11905656;0,00007347;-0,05595157
2024-07-22;11257,79298042;0,00032645;-0,05564338
2024-07-23;11258,50795399;0,00006351;-0,05558341
2024-07-24;11258,75201501;0,00002168;-0,05556293
2024-07-25;11256,65138017;-0,00018658;-0,05573915
2024-07-26;11264,44300310;0,00069218;-0,05508555
2024-07-29;11264,19350721;-0,00002215;-0,05510648
2024-07-30;11265,42851834;0,00010964;-0,05500288
2024-07-31;11272,39901683;0,00061875;-0,05441816
2024-08-01;11272,65213347;0,00002245;-0,05439693
2024-08-02;11275,22836907;0,00022854;-0,05418082
2024-08-05;11271,73601805;-0,00030974;-0,05447378
2024-08-06;11274,55675370;0,00025025;-0,05423716
2024-08-07;11277,14781340;0,00022981;-0,05401981
2024-08-08;11281,04451979;0,00034554;-0,05369293
2024-08-09;11284,03660998;0,00026523;-0,05344194
2024-08-12;11289,77765958;0,00050878;-0,05296036
2024-08-13;11292,52356379;0,00024322;-0,05273002
2024-08-14;11293,70336558;0,00010448;-0,05263105
2024-08-15;11297,22329059;0,00031167;-0,05233578
2024-08-16;11305,43882374;0,00072722;-0,05164663
2024-08-19;11306,20339873;0,00006763;-0,05158249
2024-08-20;11308,69402880;0,00022029;-0,05137356
2024-08-21;11311,26874647;0,00022768;-0,05115758
2024-08-22;11308,94082582;-0,00020581;-0,05135286
2024-08-23;11315,45387438;0,00057592;-0,05080652
2024-08-27;11319,15193752;0,00032682;-0,05049630
2024-08-28;11319,00005371;-0,00001342;-0,05050905
2024-08-29;11319,84487569;0,00007464;-0,05043818
2024-08-30;11325,51355090;0,00050077;-0,04996266
2024-09-03;11327,41545149;0,00016793;-0,04980312
2024-09-04;11327,72726369;0,00002753;-0,04977697
2024-09-05;11329,25183109;0,00013459;-0,04964908
2024-09-06;11332,71355019;0,00030556;-0,04935869
2024-09-09;11334,61746074;0,00016800;-0,04919898
2024-09-10;11339,36921999;0,00041923;-0,04880038
2024-09-11;11340,32925347;0,00008466;-0,04871985
2024-09-12;11344,81243326;0,00039533;-0,04834378
2024-09-13;11352,57625849;0,00068435;-0,04769252
2024-09-16;11354,40952928;0,00016149;-0,04753873
2024-09-17;11355,62635737;0,00010717;-0,04743666
2024-09-18;11356,32162154;0,00006123;-0,04737834
2024-09-19;11362,29649021;0,00052613;-0,04687714
2024-09-20;11367,78600939;0,00048313;-0,04641665
2024-09-23;11369,17106915;0,00012184;-0,04630046
2024-09-24;11372,17691484;0,00026439;-0,04604832
2024-09-25;11374,78785919;0,00022959;-0,04582930
2024-09-26;11375,83653059;0,00009219;-0,04574133
2024-09-27;11378,50149259;0,00023427;-0,04551779
2024-09-30;11378,67508897;0,00001526;-0,04550322
2024-10-01;11381,59088041;0,00025625;-0,04525863
2024-10-02;11383,26062526;0,00014671;-0,04511857
2024-10-03;11386,28379024;0,00026558;-0,04486497
2024-10-04;11389,12292999;0,00024935;-0,04462681
2024-10-07;11391,36689076;0,00019703;-0,04443857
2024-10-08;11391,22433996;-0,00001251;-0,04445053
2024-10-09;11392,85690206;0,00014332;-0,04431359
2024-10-10;11394,95431709;0,00018410;-0,04413764
2024-10-11;11402,35640943;0,00064959;-0,04351672
2024-10-14;11401,96563205;-0,00003427;-0,04354950
2024-10-15;11404,68142234;0,00023819;-0,04332169
2024-10-16;11405,52478866;0,00007395;-0,04325094
2024-10-17;11409,03406082;0,00030768;-0,04295657
2024-10-18;11413,75231939;0,00041355;-0,04256078
2024-10-21;11416,20180537;0,00021461;-0,04235531
2024-10-22;11418,46066007;0,00019786;-0,04216582
2024-10-23;11416,40028932;-0,00018044;-0,04233866
2024-10-24;11418,44388050;0,00017900;-0,04216723
2024-10-25;11424,02199467;0,00048852;-0,04169931
2024-10-28;11423,93809614;-0,00000734;-0,04170635
2024-10-29;11427,87624482;0,00034473;-0,04137600
2024-10-30;11429,00962825;0,00009918;-0,04128093
2024-10-31;11428,11693361;-0,00007811;-0,04135581
2024-11-01;11432,80450525;0,00041018;-0,04096259
2024-11-04;11435,07708411;0,00019878;-0,04077196
2024-11-05;11435,96647362;0,00007778;-0,04069735
2024-11-06;11438,15525287;0,00019139;-0,04051375
2024-11-07;11441,79820110;0,00031849;-0,04020816
2024-11-08;11447,60322995;0,00050735;-0,03972121
2024-11-11;11444,58116741;-0,00026399;-0,03997471
2024-11-12;11445,23797845;0,00005739;-0,03991961
2024-11-13;11446,87374404;0,00014292;-0,03978240
2024-11-14;11446,53761877;-0,00002936;-0,03981059
2024-11-15;11448,54131988;0,00017505;-0,03964251
2024-11-18;11451,74683365;0,00027999;-0,03937362
2024-11-19;11456,38488815;0,00040501;-0,03898456
2024-11-20;11457,92591710;0,00013451;-0,03885529
2024-11-21;11461,15864880;0,00028214;-0,03858411
2024-11-22;11466,66658248;0,00048057;-0,03812208
2024-11-25;11465,42343358;-0,00010841;-0,03822636
2024-11-26;11465,85916687;0,00003800;-0,03818981
2024-11-27;11468,51775119;0,00023187;-0,03796680
2024-11-29;11472,48987529;0,00034635;-0,03763360
2024-12-02;11475,60965237;0,00027194;-0,03737190
2024-12-03;11478,36132742;0,00023978;-0,03714107
2024-12-04;11480,56626301;0,00019209;-0,03695611
2024-12-05;11480,97060328;0,00003522;-0,03692219
2024-12-06;11486,10464529;0,00044718;-0,03649153
2024-12-09;11487,61545253;0,00013153;-0,03636479
2024-12-10;11490,58627574;0,00025861;-0,03611559
2024-12-11;11493,45660097;0,00024980;-0,03587481
2024-12-12;11494,57596210;0,00009739;-0,03578091
2024-12-13;11497,39625887;0,00024536;-0,03554433
2024-12-16;11499,00776407;0,00014016;-0,03540915
2024-12-17;11499,45929972;0,00003927;-0,03537128
2024-12-18;11496,65068870;-0,00024424;-0,03560687
2024-12-19;11497,51192352;0,00007491;-0,03553463
2024-12-20;11504,08644338;0,00057182;-0,03498313
2024-12-23;11504,16916744;0,00000719;-0,03497619
2024-12-24;11507,54703650;0,00029362;-0,03469284
2024-12-27;11514,29915413;0,00058676;-0,03412644
2024-12-30;11513,31576741;-0,00008541;-0,03420893
2024-12-31;11516,17776571;0,00024858;-0,03396885
2025-01-02;11520,34032541;0,00036145;-0,03361968
2025-01-03;11521,39194235;0,00009128;-0,03353146
2025-01-06;11523,46029300;0,00017952;-0,03335796
2025-01-07;11525,22869044;0,00015346;-0,03320962
2025-01-08;11528,49725371;0,00028360;-0,03293544
2025-01-10;11532,11032869;0,00031340;-0,03263235
2025-01-13;11532,08412387;-0,00000227;-0,03263455
2025-01-14;11535,39505783;0,00028711;-0,03235681
2025-01-15;11538,76656222;0,00029227;-0,03207400
2025-01-16;11539,34031828;0,00004972;-0,03202587
2025-01-17;11546,44104504;0,00061535;-0,03143023
2025-01-21;11547,81874875;0,00011932;-0,03131466
2025-01-22;11552,15147621;0,00037520;-0,03095121
2025-01-23;11552,03638571;-0,00000996;-0,03096086
2025-01-24;11556,78657892;0,00041120;-0,03056239
2025-01-27;11554,18729580;-0,00022491;-0,03078043
2025-01-28;11556,44650261;0,00019553;-0,03059092
2025-01-29;11557,24671865;0,00006924;-0,03052379
2025-01-30;11559,93764339;0,00023283;-0,03029807
2025-01-31;11564,23569323;0,00037181;-0,02993753
2025-02-03;11566,47449802;0,00019360;-0,02974973
2025-02-04;11567,83135530;0,00011731;-0,02963591
2025-02-05;11569,96740279;0,00018465;-0,02945672
2025-02-06;11573,17971353;0,00027764;-0,02918726
2025-02-07;11575,33964612;0,00018663;-0,02900608
2025-02-10;11578,75927511;0,00029542;-0,02871922
2025-02-11;11579,61026303;0,00007350;-0,02864784
2025-02-12;11580,57517036;0,00008333;-0,02856689
2025-02-13;11584,54608440;0,00034289;-0,02823380
2025-02-14;11587,00551476;0,00021230;-0,02802749
2025-02-18;11591,28456485;0,00036930;-0,02766854
2025-02-19;11592,70612998;0,00012264;-0,02754929
2025-02-20;11594,60705148;0,00016398;-0,02738983
2025-02-21;11597,20749689;0,00022428;-0,02717170
2025-02-24;11597,82388217;0,00005315;-0,02711999
2025-02-25;11595,48085174;-0,00020202;-0,02731654
2025-02-26;11599,06525763;0,00030912;-0,02701586
2025-02-27;11597,61593174;-0,00012495;-0,02713744
2025-02-28;11599,58264357;0,00016958;-0,02697246
2025-03-03;11602,14942151;0,00022128;-0,02675715
2025-03-04;11601,04005106;-0,00009562;-0,02685020
2025-03-05;11602,72976441;0,00014565;-0,02670846
2025-03-06;11603,00905543;0,00002407;-0,02668503
2025-03-07;11607,45538995;0,00038321;-0,02631206
2025-03-10;11606,30015304;-0,00009953;-0,02640896
2025-03-11;11607,46696973;0,00010053;-0,02631108
2025-03-12;11609,89070876;0,00020881;-0,02610777
2025-03-13;11612,73101698;0,00024465;-0,02586951
2025-03-14;11617,03718311;0,00037081;-0,02550829
2025-03-17;11620,37118030;0,00028699;-0,02522862
2025-03-18;11620,71504919;0,00002959;-0,02519977
2025-03-19;11623,11620572;0,00020663;-0,02499835
2025-03-20;11625,32044752;0,00018964;-0,02481345
2025-03-21;11628,39921799;0,00026483;-0,02455519
2025-03-24;11629,41969175;0,00008776;-0,02446959
2025-03-25;11631,19321591;0,00015250;-0,02432081
2025-03-26;11631,52444380;0,00002848;-0,02429303
2025-03-27;11634,37763123;0,00024530;-0,02405369
2025-03-28;11637,15697873;0,00023889;-0,02382055
2025-03-31;11638,03823283;0,00007573;-0,02374662
2025-04-01;11641,40083469;0,00028893;-0,02346455
2025-04-02;11643,00297740;0,00013762;-0,02333016
2025-04-03;11639,44791551;-0,00030534;-0,02362837
2025-04-04;11637,54096635;-0,00016384;-0,02378834
2025-04-07;11636,37077822;-0,00010055;-0,02388650
2025-04-08;11640,14979733;0,00032476;-0,02356949
2025-04-09;11644,66873886;0,00038822;-0,02319042
2025-04-10;11648,35718536;0,00031675;-0,02288102
2025-04-11;11655,28676617;0,00059490;-0,02229973
2025-04-14;11656,07825745;0,00006791;-0,02223334
2025-04-15;11659,21847066;0,00026941;-0,02196992
2025-04-16;11661,86466590;0,00022696;-0,02174795
2025-04-17;11665,78052971;0,00033578;-0,02141947
2025-04-22;11668,00008249;0,00019026;-0,02123328
2025-04-23;11670,60177620;0,00022298;-0,02101504
2025-04-24;11673,19099836;0,00022186;-0,02079784
2025-04-25;11677,93211642;0,00040615;-0,02040014
2025-04-28;11680,21184217;0,00019522;-0,02020890
2025-04-29;11679,78868768;-0,00003623;-0,02024440
2025-04-30;11680,63821668;0,00007273;-0,02017314
2025-05-01;11683,22169621;0,00022118;-0,01995642
2025-05-02;11687,89492025;0,00039999;-0,01956441
2025-05-06;11694,20796336;0,00054014;-0,01903484
2025-05-07;11693,11056066;-0,00009384;-0,01912690
2025-05-08;11694,88040270;0,00015136;-0,01897843
2025-05-09;11699,11157223;0,00036180;-0,01862350
2025-05-12;11699,37406505;0,00002244;-0,01860148
2025-05-13;11703,23465759;0,00032998;-0,01827764
2025-05-14;11701,68313273;-0,00013257;-0,01840779
2025-05-15;11704,32300254;0,00022560;-0,01818634
2025-05-16;11708,79386502;0,00038198;-0,01781131
2025-05-19;11709,51248670;0,00006137;-0,01775103
2025-05-20;11713,51678168;0,00034197;-0,01741513
2025-05-21;11714,50411705;0,00008429;-0,01733230
2025-05-22;11715,77547601;0,00010853;-0,01722566
2025-05-23;11721,65067431;0,00050148;-0,01673282
2025-05-27;11721,75183560;0,00000863;-0,01672433
2025-05-28;11722,77688701;0,00008745;-0,01663835
2025-05-29;11724,51769503;0,00014850;-0,01649232
2025-05-30;11727,71736888;0,00027290;-0,01622392
2025-06-02;11731,88996288;0,00035579;-0,01587390
2025-06-03;11734,75521113;0,00024423;-0,01563355
2025-06-04;11735,21799064;0,00003944;-0,01559473
2025-06-05;11736,12151670;0,00007699;-0,01551894
2025-06-06;11739,55715578;0,00029274;-0,01523074
2025-06-09;11742,47577026;0,00024861;-0,01498591
2025-06-10;11744,09269497;0,00013770;-0,01485028
2025-06-11;11744,52846632;0,00003711;-0,01481372
2025-06-12;11746,59969906;0,00017636;-0,01463998
2025-06-13;11751,92167377;0,00045307;-0,01419354
2025-06-16;11751,66673900;-0,00002169;-0,01421493
2025-06-17;11753,96533818;0,00019560;-0,01402211
2025-06-18;11756,34364267;0,00020234;-0,01382261
2025-06-20;11758,45715901;0,00017978;-0,01364532
2025-06-23;11761,40798906;0,00025095;-0,01339779
2025-06-24;11761,26598297;-0,00001207;-0,01340970
2025-06-25;11762,92561115;0,00014111;-0,01327048
2025-06-26;11764,27519760;0,00011473;-0,01315727
2025-06-27;11768,70598953;0,00037663;-0,01278560
2025-06-30;11771,01454851;0,00019616;-0,01259194
2025-07-01;11773,35259137;0,00019863;-0,01239582
2025-07-02;11775,61807766;0,00019242;-0,01220578
2025-07-03;11782,16079610;0,00055562;-0,01165694
2025-07-07;11783,07661789;0,00007773;-0,01158012
2025-07-08;11782,79778321;-0,00002366;-0,01160351
2025-07-09;11784,53106815;0,00014710;-0,01145811
2025-07-10;11787,39365479;0,00024291;-0,01121799
2025-07-11;11790,34489007;0,00025037;-0,01097042
2025-07-14;11791,58572944;0,00010524;-0,01086634
2025-07-15;11792,98333014;0,00011853;-0,01074910
2025-07-16;11795,35889397;0,00020144;-0,01054983
2025-07-17;11796,06492629;0,00005986;-0,01049060
2025-07-18;11801,27362578;0,00044156;-0,01005367
2025-07-21;11804,71788769;0,00029186;-0,00976475
2025-07-22;11806,07991796;0,00011538;-0,00965050
2025-07-23;11806,99483647;0,00007750;-0,00957375
2025-07-24;11807,13380684;0,00001177;-0,00956209
2025-07-25;11810,75749712;0,00030691;-0,00925812
2025-07-28;11811,94733413;0,00010074;-0,00915831
2025-07-29;11813,41960972;0,00012464;-0,00903481
2025-07-30;11814,00916150;0,00004991;-0,00898535
2025-07-31;11815,56944460;0,00013207;-0,00885447
2025-08-01;11820,12442357;0,00038551;-0,00847238
2025-08-04;11822,51618288;0,00020235;-0,00827174
2025-08-05;11822,27994788;-0,00001998;-0,00829156
2025-08-06;11826,43139559;0,00035115;-0,00794332
2025-08-07;11826,68596464;0,00002153;-0,00792196
2025-08-08;11830,84807753;0,00035193;-0,00757283
2025-08-11;11831,48183102;0,00005357;-0,00751966
2025-08-12;11833,02655540;0,00013056;-0,00739009
2025-08-13;11834,46155002;0,00012127;-0,00726971
2025-08-14;11835,46165480;0,00008451;-0,00718582
2025-08-15;11840,45538075;0,00042193;-0,00676692
2025-08-18;11840,50390449;0,00000410;-0,00676285
2025-08-19;11842,46008343;0,00016521;-0,00659876
2025-08-20;11845,20669718;0,00023193;-0,00636836
2025-08-21;11845,08589063;-0,00001020;-0,00637849
2025-08-22;11849,93316918;0,00040922;-0,00597188
2025-08-26;11852,58760036;0,00022400;-0,00574921
2025-08-27;11854,26933035;0,00014189;-0,00560814
2025-08-28;11856,00821045;0,00014669;-0,00546228
2025-08-29;11861,09090296;0,00042870;-0,00503592
2025-09-02;11864,70590356;0,00030478;-0,00473267
2025-09-03;11866,66441705;0,00016507;-0,00456838
2025-09-04;11869,39619690;0,00023021;-0,00433923
2025-09-05;11873,65583952;0,00035888;-0,00398191
2025-09-08;11875,89953380;0,00018896;-0,00379370
2025-09-09;11877,09009009;0,00010025;-0,00369383
2025-09-10;11879,08670256;0,00016811;-0,00352634
2025-09-11;11880,62248196;0,00012928;-0,00339752
2025-09-12;11884,57080882;0,00033233;-0,00306631
2025-09-15;11886,64589961;0,00017460;-0,00289224
2025-09-16;11887,75615647;0,00009340;-0,00279911
2025-09-17;11888,51984150;0,00006424;-0,00273505
2025-09-18;11890,51989937;0,00016823;-0,00256727
2025-09-19;11896,54582681;0,00050678;-0,00206179
2025-09-22;11899,16318614;0,00022001;-0,00184223
2025-09-23;11899,25084651;0,00000737;-0,00183488
2025-09-24;11901,15637147;0,00016014;-0,00167504
2025-09-25;11901,36351409;0,00001741;-0,00165766
2025-09-26;11905,49650237;0,00034727;-0,00131097
2025-09-29;11907,93284194;0,00020464;-0,00110659
2025-09-30;11908,38675363;0,00003812;-0,00106852
2025-10-01;11911,59515285;0,00026942;-0,00079938
2025-10-02;11913,06322361;0,00012325;-0,00067623
2025-10-03;11915,92802554;0,00024048;-0,00043592
2025-10-06;11919,33940629;0,00028629;-0,00014976
2025-10-07;11919,32940854;-0,00000084;-0,00015060
2025-10-08;11922,96931962;0,00030538;0,00000000
2025-10-09;11922,42476650;-0,00004567;-0,00004567
2025-10-10;11926,65714012;0,00035499;0,00000000
2025-10-13;11929,32614249;0,00022378;0,00000000
2025-10-14;11929,37778903;0,00000433;0,00000000
2025-10-15;11931,50647410;0,00017844;0,00000000
2025-10-16;11933,58611201;0,00017430;0,00000000
2025-10-17;11935,26620104;0,00014079;0,00000000
2025-10-20;11939,80907027;0,00038063;0,00000000
2025-10-21;11937,59217518;-0,00018567;-0,00018567
2025-10-22;11939,83251823;0,00018767;0,00000000
2025-10-23;11941,68940911;0,00015552;0,00000000
2025-10-24;11956,51286450;0,00124132;0,00000000
2025-10-27;11945,62214655;-0,00091086;-0,00091086
2025-10-28;11947,09728850;0,00012349;-0,00078749
2025-10-29;11951,15187370;0,00033938;-0,00044837
2025-10-30;11951,57500034;0,00003540;-0,00041299
2025-10-31;11953,91895427;0,00019612;-0,00021695
2025-11-03;11955,75276005;0,00015341;-0,00006357
2025-11-04;11956,26404959;0,00004277;-0,00002081
2025-11-05;11957,89385166;0,00013631;0,00000000
2025-11-06;11958,63905272;0,00006232;0,00000000
2025-11-07;11962,38085922;0,00031290;0,00000000
2025-11-10;11966,30218230;0,00032780;0,00000000
2025-11-11;11965,09465911;-0,00010091;-0,00010091
2025-11-12;11966,98490820;0,00015798;0,00000000
2025-11-13;11967,48557128;0,00004184;0,00000000
2025-11-14;11972,27877326;0,00040052;0,00000000
2025-11-17;11971,66724308;-0,00005108;-0,00005108
2025-11-18;11973,99274297;0,00019425;0,00000000
2025-11-19;11974,19206832;0,00001665;0,00000000
2025-11-20;11976,45793908;0,00018923;0,00000000
2025-11-21;11978,81062850;0,00019644;0,00000000
2025-11-24;11979,75941285;0,00007921;0,00000000
2025-11-25;11982,39118770;0,00021969;0,00000000
2025-11-26;11984,24641939;0,00015483;0,00000000
2025-11-28;11988,60338445;0,00036356;0,00000000
2025-12-01;11990,16048374;0,00012988;0,00000000
2025-12-02;11994,09478954;0,00032813;0,00000000
2025-12-03;11995,29600323;0,00010015;0,00000000
2025-12-04;11996,68580885;0,00011586;0,00000000
2025-12-05;11999,42906063;0,00022867;0,00000000
2025-12-08;12000,74637166;0,00010978;0,00000000
2025-12-09;12003,55502611;0,00023404;0,00000000
2025-12-10;12003,66416267;0,00000909;0,00000000
2025-12-11;12005,12139087;0,00012140;0,00000000
2025-12-12;12010,02446246;0,00040841;0,00000000
2025-12-15;12009,93548007;-0,00000741;-0,00000741
2025-12-16;12011,09711693;0,00009672;0,00000000
2025-12-17;12012,23710507;0,00009491;0,00000000
2025-12-18;12014,53988903;0,00019170;0,00000000
2025-12-19;12018,87330832;0,00036068;0,00000000
2025-12-22;12019,49313867;0,00005157;0,00000000
2025-12-23;12019,91534446;0,00003513;0,00000000
2025-12-24;12023,76846569;0,00032056;0,00000000
2025-12-29;12026,85417899;0,00025663;0,00000000
2025-12-30;12028,21519171;0,00011316;0,00000000
2025-12-31;12029,19149709;0,00008117;0,00000000
2026-01-02;12034,48166196;0,00043978;0,00000000
2026-01-05;12035,08817698;0,00005040;0,00000000
2026-01-06;12036,79461011;0,00014179;0,00000000
2026-01-07;12039,30460184;0,00020853;0,00000000
2026-01-08;12039,19996442;-0,00000869;-0,00000869
2026-01-09;12042,23424513;0,00025203;0,00000000
2026-01-12;12043,91762806;0,00013979;0,00000000
2026-01-13;12045,19367390;0,00010595;0,00000000
2026-01-14;12046,45236191;0,00010450;0,00000000
2026-01-15;12046,58128060;0,00001070;0,00000000
2026-01-16;12051,71424265;0,00042609;0,00000000
2026-01-20;12051,84660527;0,00001098;0,00000000
2026-01-21;12053,60813876;0,00014616;0,00000000
2026-01-22;12055,44351965;0,00015227;0,00000000
2026-01-23;12059,55649058;0,00034117;0,00000000
2026-01-26;12059,89422529;0,00002801;0,00000000
2026-01-27;12061,87004750;0,00016383;0,00000000
2026-01-28;12064,02692622;0,00017882;0,00000000
2026-01-29;12066,39911407;0,00019663;0,00000000
2026-01-30;12066,69121595;0,00002421;0,00000000
2026-02-02;12068,02008483;0,00011013;0,00000000
2026-02-03;12068,65078875;0,00005226;0,00000000
2026-02-04;12070,95954511;0,00019130;0,00000000
2026-02-05;12070,31656510;-0,00005327;-0,00005327
2026-02-06;12075,25434646;0,00040908;0,00000000
2026-02-09;12075,95164855;0,00005775;0,00000000
2026-02-10;12077,07907730;0,00009336;0,00000000
2026-02-11;12079,91539493;0,00023485;0,00000000
2026-02-12;12078,93558257;-0,00008111;-0,00008111
2026-02-13;12084,61123967;0,00046988;0,00000000
2026-02-17;12085,46279738;0,00007047;0,00000000
2026-02-18;12087,36447686;0,00015735;0,00000000
2026-02-19;12087,38559964;0,00000175;0,00000000
2026-02-20;12091,72091228;0,00035866;0,00000000
2026-02-23;12091,91550035;0,00001609;0,00000000
2026-02-24;12094,46130531;0,00021054;0,00000000
2026-02-25;12096,05653385;0,00013190;0,00000000
2026-02-26;12097,35245105;0,00010714;0,00000000
2026-02-27;12100,07200987;0,00022481;0,00000000
2026-03-02;12102,04378367;0,00016296;0,00000000
2026-03-03;12102,34783858;0,00002512;0,00000000
2026-03-04;12104,10649558;0,00014532;0,00000000
2026-03-05;12105,18676737;0,00008925;0,00000000
2026-03-09;12109,01506032;0,00031625;0,00000000
2026-03-10;12110,68579296;0,00013797;0,00000000
2026-03-11;12110,60160082;-0,00000695;-0,00000695
2026-03-12;12112,69763488;0,00017307;0,00000000
2026-03-13;12116,39480541;0,00030523;0,00000000
2026-03-16;12116,56141971;0,00001375;0,00000000
2026-03-17;12117,93655989;0,00011349;0,00000000
2026-03-18;12119,93296236;0,00016475;0,00000000
2026-03-19;12119,17691028;-0,00006238;-0,00006238
2026-03-20;12122,44408600;0,00026959;0,00000000
2026-03-23;12123,62657009;0,00009755;0,00000000
2026-03-24;12124,90108940;0,00010513;0,00000000
2026-03-25;12124,09965083;-0,00006610;-0,00006610
2026-03-26;12125,80833160;0,00014093;0,00000000
2026-03-27;12129,84003545;0,00033249;0,00000000
2026-03-30;12131,07344385;0,00010168;0,00000000
2026-03-31;12132,01375242;0,00007751;0,00000000
2026-04-01;12135,82736446;0,00031434;0,00000000
2026-04-02;12138,38137084;0,00021045;0,00000000
2026-04-07;12142,43993794;0,00033436;0,00000000
2026-04-08;12142,98043849;0,00004451;0,00000000
2026-04-09;12144,43289415;0,00011961;0,00000000
2026-04-10;12148,44960808;0,00033075;0,00000000
2026-04-13;12148,57913802;0,00001066;0,00000000
2026-04-14;12150,35843864;0,00014646;0,00000000
2026-04-15;12151,76844482;0,00011605;0,00000000
2026-04-16;12153,26208325;0,00012292;0,00000000
2026-04-17;12157,63514696;0,00035983;0,00000000
2026-04-20;12158,84619709;0,00009961;0,00000000
2026-04-21;12159,89902364;0,00008659;0,00000000
2026-04-22;12160,24251184;0,00002825;0,00000000
2026-04-23;12162,70077075;0,00020216;0,00000000
2026-04-24;12165,62629790;0,00024053;0,00000000
2026-04-27;12166,87611419;0,00010273;0,00000000
2026-04-28;12167,84827151;0,00007990;0,00000000
2026-04-29;12167,83330946;-0,00000123;-0,00000123
2026-04-30;12169,34314140;0,00012408;0,00000000
2026-05-01;12173,54283985;0,00034510;0,00000000
2026-05-05;12177,60258222;0,00033349;0,00000000
2026-05-06;12176,72838182;-0,00007179;-0,00007179
2026-05-07;12179,39067222;0,00021864;0,00000000
2026-05-08;12182,27953525;0,00023719;0,00000000
2026-05-11;12185,05653364;0,00022795;0,00000000
2026-05-12;12186,25110423;0,00009804;0,00000000
2026-05-13;12186,34520135;0,00000772;0,00000000
2026-05-14;12189,15408535;0,00023049;0,00000000
2026-05-15;12191,53905043;0,00019566;0,00000000
2026-05-18;12191,41568795;-0,00001012;-0,00001012
2026-05-19;12193,89306086;0,00020321;0,00000000
2026-05-20;12196,83629269;0,00024137;0,00000000
2026-05-21;12196,89446865;0,00000477;0,00000000
2026-05-22;12199,64329779;0,00022537;0,00000000
2026-05-26;12202,50305033;0,00023441;0,00000000
2026-05-27;12203,72597354;0,00010022;0,00000000
2026-05-28;12205,23457488;0,00012362;0,00000000
2026-05-29;12209,45039871;0,00034541;0,00000000
2026-06-01;12210,72967674;0,00010478;0,00000000
2026-06-02;12209,52083833;-0,00009900;-0,00009900
2026-06-03;12212,03519237;0,00020593;0,00000000
2026-06-04;12211,99443260;-0,00000334;-0,00000334
2026-06-05;12216,58347413;0,00037578;0,00000000
2026-06-08;12218,03785279;0,00011905;0,00000000
2026-06-09;12217,68561138;-0,00002883;-0,00002883
2026-06-10;12218,60598599;0,00007533;0,00000000
2026-06-11;12220,36761979;0,00014418;0,00000000
2026-06-12;12224,55009266;0,00034225;0,00000000
2026-06-15;12225,05217144;0,00004107;0,00000000
2026-06-16;12226,21752305;0,00009532;0,00000000
2026-06-17;12227,39611960;0,00009640;0,00000000
2026-06-18;12232,94968460;0,00045419;0,00000000
2026-06-22;12232,92607823;-0,00000193;-0,00000193
2026-06-23;12233,79600315;0,00007111;0,00000000
2026-06-24;12234,95699152;0,00009490;0,00000000
2026-06-25;12236,34894727;0,00011377;0,00000000
2026-06-26;12240,28313657;0,00032152;0,00000000
2026-06-29;12241,68902520;0,00011486;0,00000000
2026-06-30;12241,93371480;0,00001999;0,00000000
