Date;value;daily_return;drawdown
2014-01-02;10000,00000000;;0,00000000
2014-01-03;10000,00000000;0,00000000;0,00000000
2014-01-06;10000,00000000;0,00000000;0,00000000
2014-01-07;10000,00000000;0,00000000;0,00000000
2014-01-08;10000,00000000;0,00000000;0,00000000
2014-01-09;10000,00000000;0,00000000;0,00000000
2014-01-10;10000,00000000;0,00000000;0,00000000
2014-01-13;10000,00000000;0,00000000;0,00000000
2014-01-14;10000,00000000;0,00000000;0,00000000
2014-01-15;10000,00000000;0,00000000;0,00000000
2014-01-16;10000,00000000;0,00000000;0,00000000
2014-01-17;10000,00000000;0,00000000;0,00000000
2014-01-21;10000,00000000;0,00000000;0,00000000
2014-01-22;10000,00000000;0,00000000;0,00000000
2014-01-23;10000,00000000;0,00000000;0,00000000
2014-01-24;10000,00000000;0,00000000;0,00000000
2014-01-27;10000,00000000;0,00000000;0,00000000
2014-01-28;10000,00000000;0,00000000;0,00000000
2014-01-29;10000,00000000;0,00000000;0,00000000
2014-01-30;10000,00000000;0,00000000;0,00000000
2014-01-31;10000,00000000;0,00000000;0,00000000
2014-02-03;10000,00000000;0,00000000;0,00000000
2014-02-04;10000,00000000;0,00000000;0,00000000
2014-02-05;10000,00000000;0,00000000;0,00000000
2014-02-06;10000,00000000;0,00000000;0,00000000
2014-02-07;10000,00000000;0,00000000;0,00000000
2014-02-10;10000,00000000;0,00000000;0,00000000
2014-02-11;10000,00000000;0,00000000;0,00000000
2014-02-12;10000,00000000;0,00000000;0,00000000
2014-02-13;10000,00000000;0,00000000;0,00000000
2014-02-14;10000,00000000;0,00000000;0,00000000
2014-02-18;10000,00000000;0,00000000;0,00000000
2014-02-19;10000,00000000;0,00000000;0,00000000
2014-02-20;10000,00000000;0,00000000;0,00000000
2014-02-21;10000,00000000;0,00000000;0,00000000
2014-02-24;10000,00000000;0,00000000;0,00000000
2014-02-25;10000,00000000;0,00000000;0,00000000
2014-02-26;10000,00000000;0,00000000;0,00000000
2014-02-27;10000,00000000;0,00000000;0,00000000
2014-02-28;10000,00000000;0,00000000;0,00000000
2014-03-03;10000,00000000;0,00000000;0,00000000
2014-03-04;10000,00000000;0,00000000;0,00000000
2014-03-05;10000,00000000;0,00000000;0,00000000
2014-03-06;10000,00000000;0,00000000;0,00000000
2014-03-07;10000,00000000;0,00000000;0,00000000
2014-03-10;10000,00000000;0,00000000;0,00000000
2014-03-11;10000,00000000;0,00000000;0,00000000
2014-03-12;10000,00000000;0,00000000;0,00000000
2014-03-13;10000,00000000;0,00000000;0,00000000
2014-03-14;10000,00000000;0,00000000;0,00000000
2014-03-17;10000,00000000;0,00000000;0,00000000
2014-03-18;10000,00000000;0,00000000;0,00000000
2014-03-19;10000,00000000;0,00000000;0,00000000
2014-03-20;10000,00000000;0,00000000;0,00000000
2014-03-21;10000,00000000;0,00000000;0,00000000
2014-03-24;10000,00000000;0,00000000;0,00000000
2014-03-25;10000,00000000;0,00000000;0,00000000
2014-03-26;10000,00000000;0,00000000;0,00000000
2014-03-27;10000,00000000;0,00000000;0,00000000
2014-03-28;10000,00000000;0,00000000;0,00000000
2014-03-31;10000,00000000;0,00000000;0,00000000
2014-04-01;10000,00000000;0,00000000;0,00000000
2014-04-02;10000,00000000;0,00000000;0,00000000
2014-04-03;10000,00000000;0,00000000;0,00000000
2014-04-04;10000,00000000;0,00000000;0,00000000
2014-04-07;10000,00000000;0,00000000;0,00000000
2014-04-08;10000,00000000;0,00000000;0,00000000
2014-04-09;10000,00000000;0,00000000;0,00000000
2014-04-10;10000,00000000;0,00000000;0,00000000
2014-04-11;10000,00000000;0,00000000;0,00000000
2014-04-14;10000,00000000;0,00000000;0,00000000
2014-04-15;10000,00000000;0,00000000;0,00000000
2014-04-16;10000,00000000;0,00000000;0,00000000
2014-04-17;10000,00000000;0,00000000;0,00000000
2014-04-22;10000,00000000;0,00000000;0,00000000
2014-04-23;10000,00000000;0,00000000;0,00000000
2014-04-24;10000,00000000;0,00000000;0,00000000
2014-04-25;10000,00000000;0,00000000;0,00000000
2014-04-28;10000,00000000;0,00000000;0,00000000
2014-04-29;10000,00000000;0,00000000;0,00000000
2014-04-30;10000,00000000;0,00000000;0,00000000
2014-05-01;10000,00000000;0,00000000;0,00000000
2014-05-02;10000,00000000;0,00000000;0,00000000
2014-05-06;10000,00000000;0,00000000;0,00000000
2014-05-07;10000,00000000;0,00000000;0,00000000
2014-05-08;10000,00000000;0,00000000;0,00000000
2014-05-09;10000,00000000;0,00000000;0,00000000
2014-05-12;10000,00000000;0,00000000;0,00000000
2014-05-13;10000,00000000;0,00000000;0,00000000
2014-05-14;10000,00000000;0,00000000;0,00000000
2014-05-15;10000,00000000;0,00000000;0,00000000
2014-05-16;10000,00000000;0,00000000;0,00000000
2014-05-19;10000,00000000;0,00000000;0,00000000
2014-05-20;10000,00000000;0,00000000;0,00000000
2014-05-21;10000,00000000;0,00000000;0,00000000
2014-05-22;10000,00000000;0,00000000;0,00000000
2014-05-23;10000,00000000;0,00000000;0,00000000
2014-05-27;10000,00000000;0,00000000;0,00000000
2014-05-28;10000,00000000;0,00000000;0,00000000
2014-05-29;10000,00000000;0,00000000;0,00000000
2014-05-30;10000,00000000;0,00000000;0,00000000
2014-06-02;10000,00000000;0,00000000;0,00000000
2014-06-03;10000,00000000;0,00000000;0,00000000
2014-06-04;10000,00000000;0,00000000;0,00000000
2014-06-05;10000,00000000;0,00000000;0,00000000
2014-06-06;10000,00000000;0,00000000;0,00000000
2014-06-09;10000,00000000;0,00000000;0,00000000
2014-06-10;10000,00000000;0,00000000;0,00000000
2014-06-11;10000,00000000;0,00000000;0,00000000
2014-06-12;10000,00000000;0,00000000;0,00000000
2014-06-13;10000,00000000;0,00000000;0,00000000
2014-06-16;10000,00000000;0,00000000;0,00000000
2014-06-17;10000,00000000;0,00000000;0,00000000
2014-06-18;10000,00000000;0,00000000;0,00000000
2014-06-19;10000,00000000;0,00000000;0,00000000
2014-06-20;10000,00000000;0,00000000;0,00000000
2014-06-23;10000,00000000;0,00000000;0,00000000
2014-06-24;10000,00000000;0,00000000;0,00000000
2014-06-25;10000,00000000;0,00000000;0,00000000
2014-06-26;10000,00000000;0,00000000;0,00000000
2014-06-27;10000,00000000;0,00000000;0,00000000
2014-06-30;10000,00000000;0,00000000;0,00000000
2014-07-01;10000,00000000;0,00000000;0,00000000
2014-07-02;10000,00000000;0,00000000;0,00000000
2014-07-03;10000,00000000;0,00000000;0,00000000
2014-07-07;10000,00000000;0,00000000;0,00000000
2014-07-08;10000,00000000;0,00000000;0,00000000
2014-07-09;10000,00000000;0,00000000;0,00000000
2014-07-10;10000,00000000;0,00000000;0,00000000
2014-07-11;10000,00000000;0,00000000;0,00000000
2014-07-14;10000,00000000;0,00000000;0,00000000
2014-07-15;10000,00000000;0,00000000;0,00000000
2014-07-16;10000,00000000;0,00000000;0,00000000
2014-07-17;10000,00000000;0,00000000;0,00000000
2014-07-18;10000,00000000;0,00000000;0,00000000
2014-07-21;10000,00000000;0,00000000;0,00000000
2014-07-22;10000,00000000;0,00000000;0,00000000
2014-07-23;10000,00000000;0,00000000;0,00000000
2014-07-24;10000,00000000;0,00000000;0,00000000
2014-07-25;10000,00000000;0,00000000;0,00000000
2014-07-28;10000,00000000;0,00000000;0,00000000
2014-07-29;10000,00000000;0,00000000;0,00000000
2014-07-30;10000,00000000;0,00000000;0,00000000
2014-07-31;10000,00000000;0,00000000;0,00000000
2014-08-01;10000,00000000;0,00000000;0,00000000
2014-08-04;10000,00000000;0,00000000;0,00000000
2014-08-05;10000,00000000;0,00000000;0,00000000
2014-08-06;10000,00000000;0,00000000;0,00000000
2014-08-07;10000,00000000;0,00000000;0,00000000
2014-08-08;10000,00000000;0,00000000;0,00000000
2014-08-11;10000,00000000;0,00000000;0,00000000
2014-08-12;10000,00000000;0,00000000;0,00000000
2014-08-13;10000,00000000;0,00000000;0,00000000
2014-08-14;10000,00000000;0,00000000;0,00000000
2014-08-15;10000,00000000;0,00000000;0,00000000
2014-08-18;10000,00000000;0,00000000;0,00000000
2014-08-19;10000,00000000;0,00000000;0,00000000
2014-08-20;10000,00000000;0,00000000;0,00000000
2014-08-21;10000,00000000;0,00000000;0,00000000
2014-08-22;10000,00000000;0,00000000;0,00000000
2014-08-26;10000,00000000;0,00000000;0,00000000
2014-08-27;10000,00000000;0,00000000;0,00000000
2014-08-28;10000,00000000;0,00000000;0,00000000
2014-08-29;10000,00000000;0,00000000;0,00000000
2014-09-02;10000,00000000;0,00000000;0,00000000
2014-09-03;10000,00000000;0,00000000;0,00000000
2014-09-04;10000,00000000;0,00000000;0,00000000
2014-09-05;10000,00000000;0,00000000;0,00000000
2014-09-08;10000,00000000;0,00000000;0,00000000
2014-09-09;10000,00000000;0,00000000;0,00000000
2014-09-10;10000,00000000;0,00000000;0,00000000
2014-09-11;10000,00000000;0,00000000;0,00000000
2014-09-12;10000,00000000;0,00000000;0,00000000
2014-09-15;10000,00000000;0,00000000;0,00000000
2014-09-16;10000,00000000;0,00000000;0,00000000
2014-09-17;10000,00000000;0,00000000;0,00000000
2014-09-18;10000,00000000;0,00000000;0,00000000
2014-09-19;10000,00000000;0,00000000;0,00000000
2014-09-22;10000,00000000;0,00000000;0,00000000
2014-09-23;10000,00000000;0,00000000;0,00000000
2014-09-24;10000,00000000;0,00000000;0,00000000
2014-09-25;10000,00000000;0,00000000;0,00000000
2014-09-26;10000,00000000;0,00000000;0,00000000
2014-09-29;10000,00000000;0,00000000;0,00000000
2014-09-30;10000,00000000;0,00000000;0,00000000
2014-10-01;10000,00000000;0,00000000;0,00000000
2014-10-02;10000,00000000;0,00000000;0,00000000
2014-10-03;10000,00000000;0,00000000;0,00000000
2014-10-06;10000,00000000;0,00000000;0,00000000
2014-10-07;10000,00000000;0,00000000;0,00000000
2014-10-08;10000,00000000;0,00000000;0,00000000
2014-10-09;10000,00000000;0,00000000;0,00000000
2014-10-10;10000,00000000;0,00000000;0,00000000
2014-10-13;10000,00000000;0,00000000;0,00000000
2014-10-14;10000,00000000;0,00000000;0,00000000
2014-10-15;10000,00000000;0,00000000;0,00000000
2014-10-16;10000,00000000;0,00000000;0,00000000
2014-10-17;10000,00000000;0,00000000;0,00000000
2014-10-20;10000,00000000;0,00000000;0,00000000
2014-10-21;10000,00000000;0,00000000;0,00000000
2014-10-22;10000,00000000;0,00000000;0,00000000
2014-10-23;10000,00000000;0,00000000;0,00000000
2014-10-24;10000,00000000;0,00000000;0,00000000
2014-10-27;10000,00000000;0,00000000;0,00000000
2014-10-28;10000,00000000;0,00000000;0,00000000
2014-10-29;10000,00000000;0,00000000;0,00000000
2014-10-30;10000,00000000;0,00000000;0,00000000
2014-10-31;10000,00000000;0,00000000;0,00000000
2014-11-03;10000,00000000;0,00000000;0,00000000
2014-11-04;10000,00000000;0,00000000;0,00000000
2014-11-05;10000,00000000;0,00000000;0,00000000
2014-11-06;10000,00000000;0,00000000;0,00000000
2014-11-07;10000,00000000;0,00000000;0,00000000
2014-11-10;10000,00000000;0,00000000;0,00000000
2014-11-11;10000,00000000;0,00000000;0,00000000
2014-11-12;10000,00000000;0,00000000;0,00000000
2014-11-13;10000,00000000;0,00000000;0,00000000
2014-11-14;10000,00000000;0,00000000;0,00000000
2014-11-17;10000,00000000;0,00000000;0,00000000
2014-11-18;10000,00000000;0,00000000;0,00000000
2014-11-19;10000,00000000;0,00000000;0,00000000
2014-11-20;10000,00000000;0,00000000;0,00000000
2014-11-21;10000,00000000;0,00000000;0,00000000
2014-11-24;10000,00000000;0,00000000;0,00000000
2014-11-25;10000,00000000;0,00000000;0,00000000
2014-11-26;10000,00000000;0,00000000;0,00000000
2014-11-28;10000,00000000;0,00000000;0,00000000
2014-12-01;10000,00000000;0,00000000;0,00000000
2014-12-02;10000,00000000;0,00000000;0,00000000
2014-12-03;10000,00000000;0,00000000;0,00000000
2014-12-04;10000,00000000;0,00000000;0,00000000
2014-12-05;10000,00000000;0,00000000;0,00000000
2014-12-08;10000,00000000;0,00000000;0,00000000
2014-12-09;10000,00000000;0,00000000;0,00000000
2014-12-10;10000,00000000;0,00000000;0,00000000
2014-12-11;10000,00000000;0,00000000;0,00000000
2014-12-12;10000,00000000;0,00000000;0,00000000
2014-12-15;10000,00000000;0,00000000;0,00000000
2014-12-16;10000,00000000;0,00000000;0,00000000
2014-12-17;10000,00000000;0,00000000;0,00000000
2014-12-18;10000,00000000;0,00000000;0,00000000
2014-12-19;10000,00000000;0,00000000;0,00000000
2014-12-22;10000,00000000;0,00000000;0,00000000
2014-12-23;10000,00000000;0,00000000;0,00000000
2014-12-24;10000,00000000;0,00000000;0,00000000
2014-12-29;10000,00000000;0,00000000;0,00000000
2014-12-30;10000,00000000;0,00000000;0,00000000
2014-12-31;10000,00000000;0,00000000;0,00000000
2015-01-02;10000,00000000;0,00000000;0,00000000
2015-01-05;10000,00000000;0,00000000;0,00000000
2015-01-06;10000,00000000;0,00000000;0,00000000
2015-01-07;10000,00000000;0,00000000;0,00000000
2015-01-08;10000,00000000;0,00000000;0,00000000
2015-01-09;10000,00000000;0,00000000;0,00000000
2015-01-12;10000,00000000;0,00000000;0,00000000
2015-01-13;10000,00000000;0,00000000;0,00000000
2015-01-14;10000,00000000;0,00000000;0,00000000
2015-01-15;10000,00000000;0,00000000;0,00000000
2015-01-16;10000,00000000;0,00000000;0,00000000
2015-01-20;10000,00000000;0,00000000;0,00000000
2015-01-21;10000,00000000;0,00000000;0,00000000
2015-01-22;10000,00000000;0,00000000;0,00000000
2015-01-23;10000,00000000;0,00000000;0,00000000
2015-01-26;10000,00000000;0,00000000;0,00000000
2015-01-27;10000,00000000;0,00000000;0,00000000
2015-01-28;10000,00000000;0,00000000;0,00000000
2015-01-29;10000,00000000;0,00000000;0,00000000
2015-01-30;10000,00000000;0,00000000;0,00000000
2015-02-02;10000,00000000;0,00000000;0,00000000
2015-02-03;10000,00000000;0,00000000;0,00000000
2015-02-04;10000,00000000;0,00000000;0,00000000
2015-02-05;10000,00000000;0,00000000;0,00000000
2015-02-06;10000,00000000;0,00000000;0,00000000
2015-02-09;10000,00000000;0,00000000;0,00000000
2015-02-10;10000,00000000;0,00000000;0,00000000
2015-02-11;10000,00000000;0,00000000;0,00000000
2015-02-12;10000,00000000;0,00000000;0,00000000
2015-02-13;10000,00000000;0,00000000;0,00000000
2015-02-17;10000,00000000;0,00000000;0,00000000
2015-02-18;10000,00000000;0,00000000;0,00000000
2015-02-19;10000,00000000;0,00000000;0,00000000
2015-02-20;10000,00000000;0,00000000;0,00000000
2015-02-23;10000,00000000;0,00000000;0,00000000
2015-02-24;10000,00000000;0,00000000;0,00000000
2015-02-25;10000,00000000;0,00000000;0,00000000
2015-02-26;10000,00000000;0,00000000;0,00000000
2015-02-27;10000,00000000;0,00000000;0,00000000
2015-03-02;10000,00000000;0,00000000;0,00000000
2015-03-03;10000,00000000;0,00000000;0,00000000
2015-03-04;10000,00000000;0,00000000;0,00000000
2015-03-05;10000,00000000;0,00000000;0,00000000
2015-03-06;10000,00000000;0,00000000;0,00000000
2015-03-09;10000,00000000;0,00000000;0,00000000
2015-03-10;10000,00000000;0,00000000;0,00000000
2015-03-11;10000,00000000;0,00000000;0,00000000
2015-03-12;10000,00000000;0,00000000;0,00000000
2015-03-13;10000,00000000;0,00000000;0,00000000
2015-03-16;10000,00000000;0,00000000;0,00000000
2015-03-17;10000,00000000;0,00000000;0,00000000
2015-03-18;10000,00000000;0,00000000;0,00000000
2015-03-19;10000,00000000;0,00000000;0,00000000
2015-03-20;10000,00000000;0,00000000;0,00000000
2015-03-23;10000,00000000;0,00000000;0,00000000
2015-03-24;10000,00000000;0,00000000;0,00000000
2015-03-25;10000,00000000;0,00000000;0,00000000
2015-03-26;10000,00000000;0,00000000;0,00000000
2015-03-27;10000,00000000;0,00000000;0,00000000
2015-03-30;10000,00000000;0,00000000;0,00000000
2015-03-31;10000,00000000;0,00000000;0,00000000
2015-04-01;10000,00000000;0,00000000;0,00000000
2015-04-02;10000,00000000;0,00000000;0,00000000
2015-04-07;10000,00000000;0,00000000;0,00000000
2015-04-08;10000,00000000;0,00000000;0,00000000
2015-04-09;10000,00000000;0,00000000;0,00000000
2015-04-10;10000,00000000;0,00000000;0,00000000
2015-04-13;10000,00000000;0,00000000;0,00000000
2015-04-14;10000,00000000;0,00000000;0,00000000
2015-04-15;10000,00000000;0,00000000;0,00000000
2015-04-16;10000,00000000;0,00000000;0,00000000
2015-04-17;10000,00000000;0,00000000;0,00000000
2015-04-20;10000,00000000;0,00000000;0,00000000
2015-04-21;10000,00000000;0,00000000;0,00000000
2015-04-22;10000,00000000;0,00000000;0,00000000
2015-04-23;10000,00000000;0,00000000;0,00000000
2015-04-24;10000,00000000;0,00000000;0,00000000
2015-04-27;10000,00000000;0,00000000;0,00000000
2015-04-28;10000,00000000;0,00000000;0,00000000
2015-04-29;10000,00000000;0,00000000;0,00000000
2015-04-30;10000,00000000;0,00000000;0,00000000
2015-05-01;10000,00000000;0,00000000;0,00000000
2015-05-05;10000,00000000;0,00000000;0,00000000
2015-05-06;10000,00000000;0,00000000;0,00000000
2015-05-07;10000,00000000;0,00000000;0,00000000
2015-05-08;10000,00000000;0,00000000;0,00000000
2015-05-11;10000,00000000;0,00000000;0,00000000
2015-05-12;10000,00000000;0,00000000;0,00000000
2015-05-13;10000,00000000;0,00000000;0,00000000
2015-05-14;10000,00000000;0,00000000;0,00000000
2015-05-15;10000,00000000;0,00000000;0,00000000
2015-05-18;10000,00000000;0,00000000;0,00000000
2015-05-19;10000,00000000;0,00000000;0,00000000
2015-05-20;10000,00000000;0,00000000;0,00000000
2015-05-21;10000,00000000;0,00000000;0,00000000
2015-05-22;10000,00000000;0,00000000;0,00000000
2015-05-26;10000,00000000;0,00000000;0,00000000
2015-05-27;10000,00000000;0,00000000;0,00000000
2015-05-28;10000,00000000;0,00000000;0,00000000
2015-05-29;10000,00000000;0,00000000;0,00000000
2015-06-01;10000,00000000;0,00000000;0,00000000
2015-06-02;10000,00000000;0,00000000;0,00000000
2015-06-03;10000,00000000;0,00000000;0,00000000
2015-06-04;10000,00000000;0,00000000;0,00000000
2015-06-05;10000,00000000;0,00000000;0,00000000
2015-06-08;10000,00000000;0,00000000;0,00000000
2015-06-09;10000,00000000;0,00000000;0,00000000
2015-06-10;10000,00000000;0,00000000;0,00000000
2015-06-11;10000,00000000;0,00000000;0,00000000
2015-06-12;10000,00000000;0,00000000;0,00000000
2015-06-15;10000,00000000;0,00000000;0,00000000
2015-06-16;10000,00000000;0,00000000;0,00000000
2015-06-17;10000,00000000;0,00000000;0,00000000
2015-06-18;10000,00000000;0,00000000;0,00000000
2015-06-19;10000,00000000;0,00000000;0,00000000
2015-06-22;10000,00000000;0,00000000;0,00000000
2015-06-23;10000,00000000;0,00000000;0,00000000
2015-06-24;10000,00000000;0,00000000;0,00000000
2015-06-25;10000,00000000;0,00000000;0,00000000
2015-06-26;10000,00000000;0,00000000;0,00000000
2015-06-29;10000,00000000;0,00000000;0,00000000
2015-06-30;10000,00000000;0,00000000;0,00000000
2015-07-01;10000,00000000;0,00000000;0,00000000
2015-07-02;10000,00000000;0,00000000;0,00000000
2015-07-06;10000,00000000;0,00000000;0,00000000
2015-07-07;10000,00000000;0,00000000;0,00000000
2015-07-08;10000,00000000;0,00000000;0,00000000
2015-07-09;10000,00000000;0,00000000;0,00000000
2015-07-10;10000,00000000;0,00000000;0,00000000
2015-07-13;10000,00000000;0,00000000;0,00000000
2015-07-14;10000,00000000;0,00000000;0,00000000
2015-07-15;10000,00000000;0,00000000;0,00000000
2015-07-16;10000,00000000;0,00000000;0,00000000
2015-07-17;10000,00000000;0,00000000;0,00000000
2015-07-20;10000,00000000;0,00000000;0,00000000
2015-07-21;10000,00000000;0,00000000;0,00000000
2015-07-22;10000,00000000;0,00000000;0,00000000
2015-07-23;10000,00000000;0,00000000;0,00000000
2015-07-24;10000,00000000;0,00000000;0,00000000
2015-07-27;10000,00000000;0,00000000;0,00000000
2015-07-28;10000,00000000;0,00000000;0,00000000
2015-07-29;10000,00000000;0,00000000;0,00000000
2015-07-30;10000,00000000;0,00000000;0,00000000
2015-07-31;10000,00000000;0,00000000;0,00000000
2015-08-03;10000,00000000;0,00000000;0,00000000
2015-08-04;10000,00000000;0,00000000;0,00000000
2015-08-05;10000,00000000;0,00000000;0,00000000
2015-08-06;10000,00000000;0,00000000;0,00000000
2015-08-07;10000,00000000;0,00000000;0,00000000
2015-08-10;10000,00000000;0,00000000;0,00000000
2015-08-11;10000,00000000;0,00000000;0,00000000
2015-08-12;10000,00000000;0,00000000;0,00000000
2015-08-13;10000,00000000;0,00000000;0,00000000
2015-08-14;10000,00000000;0,00000000;0,00000000
2015-08-17;10000,00000000;0,00000000;0,00000000
2015-08-18;10000,00000000;0,00000000;0,00000000
2015-08-19;10000,00000000;0,00000000;0,00000000
2015-08-20;10000,00000000;0,00000000;0,00000000
2015-08-21;10000,00000000;0,00000000;0,00000000
2015-08-24;10000,00000000;0,00000000;0,00000000
2015-08-25;10000,00000000;0,00000000;0,00000000
2015-08-26;10000,00000000;0,00000000;0,00000000
2015-08-27;10000,00000000;0,00000000;0,00000000
2015-08-28;10000,00000000;0,00000000;0,00000000
2015-09-01;10000,00000000;0,00000000;0,00000000
2015-09-02;10000,00000000;0,00000000;0,00000000
2015-09-03;10000,00000000;0,00000000;0,00000000
2015-09-04;10000,00000000;0,00000000;0,00000000
2015-09-08;10000,00000000;0,00000000;0,00000000
2015-09-09;10000,00000000;0,00000000;0,00000000
2015-09-10;10000,00000000;0,00000000;0,00000000
2015-09-11;10000,00000000;0,00000000;0,00000000
2015-09-14;10000,00000000;0,00000000;0,00000000
2015-09-15;10000,00000000;0,00000000;0,00000000
2015-09-16;10000,00000000;0,00000000;0,00000000
2015-09-17;10000,00000000;0,00000000;0,00000000
2015-09-18;10000,00000000;0,00000000;0,00000000
2015-09-21;10000,00000000;0,00000000;0,00000000
2015-09-22;10000,00000000;0,00000000;0,00000000
2015-09-23;10000,00000000;0,00000000;0,00000000
2015-09-24;10000,00000000;0,00000000;0,00000000
2015-09-25;10000,00000000;0,00000000;0,00000000
2015-09-28;10000,00000000;0,00000000;0,00000000
2015-09-29;10000,00000000;0,00000000;0,00000000
2015-09-30;10000,00000000;0,00000000;0,00000000
2015-10-01;10000,00000000;0,00000000;0,00000000
2015-10-02;10000,00000000;0,00000000;0,00000000
2015-10-05;10000,00000000;0,00000000;0,00000000
2015-10-06;10000,00000000;0,00000000;0,00000000
2015-10-07;10000,00000000;0,00000000;0,00000000
2015-10-08;10000,00000000;0,00000000;0,00000000
2015-10-09;10000,00000000;0,00000000;0,00000000
2015-10-12;10000,00000000;0,00000000;0,00000000
2015-10-13;10000,00000000;0,00000000;0,00000000
2015-10-14;10000,00000000;0,00000000;0,00000000
2015-10-15;10000,00000000;0,00000000;0,00000000
2015-10-16;10000,00000000;0,00000000;0,00000000
2015-10-19;10000,00000000;0,00000000;0,00000000
2015-10-20;10000,00000000;0,00000000;0,00000000
2015-10-21;10000,00000000;0,00000000;0,00000000
2015-10-22;10000,00000000;0,00000000;0,00000000
2015-10-23;10000,00000000;0,00000000;0,00000000
2015-10-26;10000,00000000;0,00000000;0,00000000
2015-10-27;10000,00000000;0,00000000;0,00000000
2015-10-28;10000,00000000;0,00000000;0,00000000
2015-10-29;10000,00000000;0,00000000;0,00000000
2015-10-30;10000,00000000;0,00000000;0,00000000
2015-11-02;10000,00000000;0,00000000;0,00000000
2015-11-03;10000,00000000;0,00000000;0,00000000
2015-11-04;10000,00000000;0,00000000;0,00000000
2015-11-05;10000,00000000;0,00000000;0,00000000
2015-11-06;10000,00000000;0,00000000;0,00000000
2015-11-09;10000,00000000;0,00000000;0,00000000
2015-11-10;10000,00000000;0,00000000;0,00000000
2015-11-11;10000,00000000;0,00000000;0,00000000
2015-11-12;10000,00000000;0,00000000;0,00000000
2015-11-13;10000,00000000;0,00000000;0,00000000
2015-11-16;10000,00000000;0,00000000;0,00000000
2015-11-17;10000,00000000;0,00000000;0,00000000
2015-11-18;10000,00000000;0,00000000;0,00000000
2015-11-19;10000,00000000;0,00000000;0,00000000
2015-11-20;10000,00000000;0,00000000;0,00000000
2015-11-23;10000,00000000;0,00000000;0,00000000
2015-11-24;10000,00000000;0,00000000;0,00000000
2015-11-25;10000,00000000;0,00000000;0,00000000
2015-11-27;10000,00000000;0,00000000;0,00000000
2015-11-30;10000,00000000;0,00000000;0,00000000
2015-12-01;10000,00000000;0,00000000;0,00000000
2015-12-02;10000,00000000;0,00000000;0,00000000
2015-12-03;10000,00000000;0,00000000;0,00000000
2015-12-04;10000,00000000;0,00000000;0,00000000
2015-12-07;10000,00000000;0,00000000;0,00000000
2015-12-08;10000,00000000;0,00000000;0,00000000
2015-12-09;10000,00000000;0,00000000;0,00000000
2015-12-10;10000,00000000;0,00000000;0,00000000
2015-12-11;10000,00000000;0,00000000;0,00000000
2015-12-14;10000,00000000;0,00000000;0,00000000
2015-12-15;10000,00000000;0,00000000;0,00000000
2015-12-16;10000,00000000;0,00000000;0,00000000
2015-12-17;10000,00000000;0,00000000;0,00000000
2015-12-18;10000,00000000;0,00000000;0,00000000
2015-12-21;10000,00000000;0,00000000;0,00000000
2015-12-22;10000,00000000;0,00000000;0,00000000
2015-12-23;10000,00000000;0,00000000;0,00000000
2015-12-24;10000,00000000;0,00000000;0,00000000
2015-12-29;10000,00000000;0,00000000;0,00000000
2015-12-30;10000,00000000;0,00000000;0,00000000
2015-12-31;10000,00000000;0,00000000;0,00000000
2016-01-04;10000,00000000;0,00000000;0,00000000
2016-01-05;10036,75129267;0,00367513;0,00000000
2016-01-06;10035,88030457;-0,00008678;-0,00008678
2016-01-07;9979,02506456;-0,00566520;-0,00575149
2016-01-08;9901,68398884;-0,00775036;-0,01345727
2016-01-11;9851,47652923;-0,00507060;-0,01845963
2016-01-12;9910,35119147;0,00597623;-0,01259373
2016-01-13;9891,00459985;-0,00195216;-0,01452130
2016-01-14;9828,12860262;-0,00635689;-0,02078588
2016-01-15;9773,59744219;-0,00554848;-0,02621903
2016-01-19;9846,28432730;0,00743707;-0,01897695
2016-01-20;9719,24744566;-0,01290201;-0,03163413
2016-01-21;9807,91658493;0,00912305;-0,02279968
2016-01-22;9870,77342949;0,00640879;-0,01653701
2016-01-25;9890,55729963;0,00200429;-0,01456587
2016-01-26;9923,79444587;0,00336049;-0,01125432
2016-01-27;9942,70690309;0,00190577;-0,00937000
2016-01-28;9868,09903823;-0,00750378;-0,01680347
2016-01-29;10031,91958346;0,01660102;-0,00048140
2016-02-01;10044,52941838;0,00125697;0,00000000
2016-02-02;10002,54058661;-0,00418027;-0,00418027
2016-02-03;10032,37121067;0,00298230;-0,00121043
2016-02-04;10122,37004967;0,00897084;0,00000000
2016-02-05;10160,29410569;0,00374656;0,00000000
2016-02-08;10204,20282650;0,00432160;0,00000000
2016-02-09;10173,82144553;-0,00297734;-0,00297734
2016-02-10;10223,12032233;0,00484566;0,00000000
2016-02-11;10443,31222681;0,02153862;0,00000000
2016-02-12;10435,77861362;-0,00072138;-0,00072138
2016-02-16;10303,45306572;-0,01267999;-0,01339222
2016-02-17;10395,09851702;0,00889463;-0,00461671
2016-02-18;10547,31962289;0,01464355;0,00000000
2016-02-19;10497,28867379;-0,00474348;-0,00474348
2016-02-22;10444,54619478;-0,00502439;-0,00974403
2016-02-23;10511,04805398;0,00636714;-0,00343894
2016-02-24;10520,29403251;0,00087964;-0,00256232
2016-02-25;10594,25221349;0,00703005;0,00000000
2016-02-26;10558,00652915;-0,00342126;-0,00342126
2016-02-29;10632,42356928;0,00704840;0,00000000
2016-03-01;10625,58298639;-0,00064337;-0,00064337
2016-03-02;10673,87512805;0,00454489;0,00000000
2016-03-03;10767,64487284;0,00878498;0,00000000
2016-03-04;10785,30879478;0,00164046;0,00000000
2016-03-07;10803,13680234;0,00165299;0,00000000
2016-03-08;10755,05020775;-0,00445117;-0,00445117
2016-03-09;10725,29114898;-0,00276698;-0,00720584
2016-03-10;10804,18716993;0,00735607;0,00000000
2016-03-11;10738,85150367;-0,00604725;-0,00604725
2016-03-14;10663,61872972;-0,00700566;-0,01301055
2016-03-15;10683,73543916;0,00188648;-0,01114862
2016-03-16;10833,16826490;0,01398695;0,00000000
2016-03-17;10804,34631889;-0,00266053;-0,00266053
2016-03-18;10797,79174055;-0,00060666;-0,00326558
2016-03-21;10763,67855961;-0,00315927;-0,00641453
2016-03-22;10804,82842203;0,00382303;-0,00261603
2016-03-23;10655,52613618;-0,01381811;-0,01639798
2016-03-24;10631,04511430;-0,00229750;-0,01865781
2016-03-29;10758,61289625;0,01199955;-0,00688214
2016-03-30;10706,35561164;-0,00485725;-0,01170596
2016-03-31;10725,00786984;0,00174217;-0,00998419
2016-04-01;10710,45913444;-0,00135652;-0,01132717
2016-04-04;10678,49973751;-0,00298394;-0,01427731
2016-04-05;10698,19385450;0,00184428;-0,01245937
2016-04-06;10706,90333127;0,00081411;-0,01165540
2016-04-07;10721,00504911;0,00131707;-0,01035369
2016-04-08;10727,85834060;0,00063924;-0,00972106
2016-04-11;10750,43236026;0,00210424;-0,00763728
2016-04-12;10768,96003077;0,00172343;-0,00592700
2016-04-13;10774,93326764;0,00055467;-0,00537562
2016-04-14;10751,56342990;-0,00216891;-0,00753287
2016-04-15;10756,43951657;0,00045352;-0,00708276
2016-04-18;10751,78505539;-0,00043271;-0,00751241
2016-04-19;10791,52092523;0,00369575;-0,00384443
2016-04-20;10786,29578019;-0,00048419;-0,00432676
2016-04-21;10794,74073733;0,00078293;-0,00354721
2016-04-22;10721,62488251;-0,00677328;-0,01029647
2016-04-25;10710,06747283;-0,00107795;-0,01136332
2016-04-26;10714,89824104;0,00045105;-0,01091740
2016-04-27;10719,82929242;0,00046021;-0,01046222
2016-04-28;10750,85183862;0,00289394;-0,00759856
2016-04-29;10768,08674170;0,00160312;-0,00600762
2016-05-03;10755,28117047;-0,00118922;-0,00718969
2016-05-04;10732,23306993;-0,00214296;-0,00931724
2016-05-05;10727,59864015;-0,00043182;-0,00974504
2016-05-06;10762,87479763;0,00328836;-0,00648873
2016-05-09;10708,08337735;-0,00509078;-0,01154647
2016-05-10;10746,49013533;0,00358671;-0,00800118
2016-05-11;10760,73780654;0,00132580;-0,00668599
2016-05-12;10720,70680578;-0,00372010;-0,01038122
2016-05-13;10742,90551714;0,00207064;-0,00833207
2016-05-16;10762,15064928;0,00179143;-0,00655557
2016-05-17;10749,48414197;-0,00117695;-0,00772481
2016-05-18;10682,38636631;-0,00624195;-0,01391854
2016-05-19;10651,52691349;-0,00288882;-0,01676715
2016-05-20;10686,84423688;0,00331571;-0,01350704
2016-05-23;10684,74886002;-0,00019607;-0,01370046
2016-05-24;10659,56089680;-0,00235738;-0,01602554
2016-05-25;10666,64530258;0,00066461;-0,01537158
2016-05-26;10663,86213604;-0,00026092;-0,01562850
2016-05-27;10659,62328853;-0,00039750;-0,01601978
2016-05-31;10678,89133763;0,00180757;-0,01424116
2016-06-01;10679,70909250;0,00007658;-0,01416568
2016-06-02;10665,12736495;-0,00136537;-0,01551170
2016-06-03;10757,47420533;0,00865877;-0,00698725
2016-06-06;10796,99343185;0,00367365;-0,00333927
2016-06-07;10799,66807247;0,00024772;-0,00309237
2016-06-08;10868,66682730;0,00638897;0,00000000
2016-06-09;10887,42126783;0,00172555;0,00000000
2016-06-10;10883,83206764;-0,00032966;-0,00032966
2016-06-13;10888,47741171;0,00042681;0,00000000
2016-06-14;10881,79618863;-0,00061360;-0,00061360
2016-06-15;10911,81349788;0,00275849;0,00000000
2016-06-16;10866,69110412;-0,00413519;-0,00413519
2016-06-17;10890,65721987;0,00220547;-0,00193884
2016-06-20;10868,32957585;-0,00205016;-0,00398503
2016-06-21;10803,66109118;-0,00595018;-0,00991150
2016-06-22;10797,89258879;-0,00053394;-0,01044014
2016-06-23;10801,46193485;0,00033056;-0,01011304
2016-06-24;11014,09188317;0,01968529;0,00000000
2016-06-27;11002,09624537;-0,00108912;-0,00108912
2016-06-28;11003,04920552;0,00008662;-0,00100260
2016-06-29;11070,35766515;0,00611726;0,00000000
2016-06-30;11170,46275502;0,00904262;0,00000000
2016-07-01;11271,21406337;0,00901944;0,00000000
2016-07-05;11295,68931533;0,00217148;0,00000000
2016-07-06;11336,03709610;0,00357196;0,00000000
2016-07-07;11339,07869957;0,00026831;0,00000000
2016-07-08;11406,08485512;0,00590931;0,00000000
2016-07-11;11414,67127022;0,00075279;0,00000000
2016-07-12;11355,82917353;-0,00515495;-0,00515495
2016-07-13;11387,37427366;0,00277788;-0,00239140
2016-07-14;11368,40671478;-0,00166567;-0,00405308
2016-07-15;11368,41762972;0,00000096;-0,00405212
2016-07-18;11379,68849967;0,00099142;-0,00306472
2016-07-19;11396,57109879;0,00148357;-0,00158569
2016-07-20;11394,04426415;-0,00022172;-0,00180706
2016-07-21;11414,22862823;0,00177148;-0,00003878
2016-07-22;11423,50534840;0,00081273;0,00000000
2016-07-25;11391,11721040;-0,00283522;-0,00283522
2016-07-26;11409,47483424;0,00161157;-0,00122821
2016-07-27;11478,24096167;0,00602711;0,00000000
2016-07-28;11460,88623298;-0,00151197;-0,00151197
2016-07-29;11492,37144602;0,00274719;0,00000000
2016-08-01;11516,81776601;0,00212718;0,00000000
2016-08-02;11492,63469383;-0,00209981;-0,00209981
2016-08-03;11476,57292806;-0,00139757;-0,00349444
2016-08-04;11538,10511030;0,00536155;0,00000000
2016-08-05;11516,04328459;-0,00191208;-0,00191208
2016-08-08;11517,97142222;0,00016743;-0,00174497
2016-08-09;11560,59080993;0,00370025;0,00000000
2016-08-10;11567,19598999;0,00057135;0,00000000
2016-08-11;11568,57924819;0,00011958;0,00000000
2016-08-12;11558,79428455;-0,00084582;-0,00084582
2016-08-15;11606,03543469;0,00408703;0,00000000
2016-08-16;11580,31654827;-0,00221599;-0,00221599
2016-08-17;11560,15547007;-0,00174098;-0,00395311
2016-08-18;11571,92320399;0,00101796;-0,00293918
2016-08-19;11545,65711537;-0,00226981;-0,00520232
2016-08-22;11522,58824107;-0,00199806;-0,00718998
2016-08-23;11535,42193194;0,00111379;-0,00608421
2016-08-24;11467,50916835;-0,00588732;-0,01193571
2016-08-25;11465,64770158;-0,00016233;-0,01209610
2016-08-26;11467,55911820;0,00016671;-0,01193141
2016-08-30;11444,04693213;-0,00205032;-0,01395726
2016-08-31;11414,03027620;-0,00262291;-0,01654356
2016-09-01;11403,24192177;-0,00094518;-0,01747311
2016-09-02;11465,99497372;0,00550309;-0,01206618
2016-09-06;11509,73615498;0,00381486;-0,00829734
2016-09-07;11519,34931804;0,00083522;-0,00746905
2016-09-08;11495,58272356;-0,00206319;-0,00951683
2016-09-09;11422,22711625;-0,00638120;-0,01583730
2016-09-12;11407,13376963;-0,00132140;-0,01713778
2016-09-13;11384,20938003;-0,00200965;-0,01911299
2016-09-14;11402,59863977;0,00161533;-0,01752853
2016-09-15;11419,67859719;0,00149790;-0,01605689
2016-09-16;11412,72803812;-0,00060865;-0,01665576
2016-09-19;11438,21382188;0,00223310;-0,01445986
2016-09-20;11457,05604244;0,00164730;-0,01283637
2016-09-21;11524,60541111;0,00589587;-0,00701618
2016-09-22;11556,34607860;0,00275417;-0,00428134
2016-09-23;11563,98205503;0,00066076;-0,00362341
2016-09-26;11521,22614142;-0,00369733;-0,00730734
2016-09-27;11516,57008741;-0,00040413;-0,00770852
2016-09-28;11513,16837887;-0,00029538;-0,00800162
2016-09-29;11513,80289085;0,00005511;-0,00794695
2016-09-30;11509,04568436;-0,00041317;-0,00835684
2016-10-03;11524,19840544;0,00131659;-0,00705125
2016-10-04;11322,54529016;-0,01749823;-0,02442610
2016-10-05;11315,83396095;-0,00059274;-0,02500436
2016-10-06;11261,20528002;-0,00482763;-0,02971128
2016-10-07;11287,69893916;0,00235265;-0,02742853
2016-10-10;11334,61712626;0,00415658;-0,02338596
2016-10-11;11291,97102384;-0,00376247;-0,02706044
2016-10-12;11299,60923505;0,00067643;-0,02640231
2016-10-13;11292,93113230;-0,00059100;-0,02697771
2016-10-14;11278,67098390;-0,00126275;-0,02820640
2016-10-17;11281,97681627;0,00029310;-0,02792156
2016-10-18;11321,54826050;0,00350749;-0,02451200
2016-10-19;11373,03501088;0,00454768;-0,02007580
2016-10-20;11341,03263594;-0,00281388;-0,02283319
2016-10-21;11358,53913173;0,00154364;-0,02132479
2016-10-24;11366,83077426;0,00072999;-0,02061037
2016-10-25;11408,79969266;0,00369223;-0,01699424
2016-10-26;11358,57905904;-0,00440192;-0,02132135
2016-10-27;11371,67856720;0,00115327;-0,02019267
2016-10-28;11404,35217725;0,00287324;-0,01737745
2016-10-31;11405,73557640;0,00012130;-0,01725825
2016-11-01;11412,87958745;0,00062635;-0,01664271
2016-11-02;11432,84825116;0,00174966;-0,01492217
2016-11-03;11429,88191792;-0,00025946;-0,01517775
2016-11-04;11420,38435768;-0,00083094;-0,01599608
2016-11-07;11371,22505598;-0,00430452;-0,02023175
2016-11-08;11362,55902813;-0,00076210;-0,02097843
2016-11-09;11350,86744426;-0,00102896;-0,02198580
2016-11-10;11231,80617551;-0,01048918;-0,03224437
2016-11-11;11084,92231645;-0,01307749;-0,04490018
2016-11-14;11030,76228008;-0,00488592;-0,04956672
2016-11-15;11114,37069000;0,00757957;-0,04236285
2016-11-16;11104,15803010;-0,00091887;-0,04324279
2016-11-17;11093,45950832;-0,00096347;-0,04416460
2016-11-18;11049,04701443;-0,00400348;-0,04799127
2016-11-21;11076,02299413;0,00244148;-0,04566697
2016-11-22;11084,17042824;0,00073559;-0,04496497
2016-11-23;10954,74142191;-0,01167692;-0,05611684
2016-11-25;10937,89861782;-0,00153749;-0,05756805
2016-11-28;11004,06358637;0,00604915;-0,05186714
2016-11-29;10967,81478849;-0,00329413;-0,05499041
2016-11-30;10876,59843157;-0,00831673;-0,06284980
2016-12-01;10818,23266374;-0,00536618;-0,06787871
2016-12-02;10827,33038738;0,00084096;-0,06709484
2016-12-05;10827,53362500;0,00001877;-0,06707732
2016-12-06;10833,90695003;0,00058862;-0,06652819
2016-12-07;10897,98000960;0,00591412;-0,06100752
2016-12-08;10918,01261171;0,00183819;-0,05928147
2016-12-09;10895,25504182;-0,00208441;-0,06124231
2016-12-12;10889,27568536;-0,00054880;-0,06175750
2016-12-13;10908,85066244;0,00179764;-0,06007088
2016-12-14;10844,79565122;-0,00587184;-0,06558999
2016-12-15;10834,75733713;-0,00092563;-0,06645491
2016-12-16;10827,00905120;-0,00071513;-0,06712252
2016-12-19;10870,60079209;0,00402620;-0,06336657
2016-12-20;10862,15936472;-0,00077654;-0,06409390
2016-12-21;10860,32241172;-0,00016911;-0,06425218
2016-12-22;10846,10593773;-0,00130903;-0,06547710
2016-12-23;10867,88760160;0,00200825;-0,06360034
2016-12-28;10896,69944435;0,00265110;-0,06111785
2016-12-29;10940,88101359;0,00405458;-0,05731108
2016-12-30;10903,48285086;-0,00341820;-0,06053338
2017-01-03;10952,66547282;0,00451073;-0,05629571
2017-01-04;10990,54867244;0,00345881;-0,05303161
2017-01-05;11032,74677189;0,00383949;-0,04939574
2017-01-06;11047,33361621;0,00132214;-0,04813890
2017-01-09;11104,68083202;0,00519105;-0,04319775
2017-01-10;11127,85224282;0,00208663;-0,04120125
2017-01-11;11145,84429896;0,00161685;-0,03965102
2017-01-12;11137,45570659;-0,00075262;-0,04037380
2017-01-13;11182,52238035;0,00404641;-0,03649076
2017-01-17;11179,15547717;-0,00030109;-0,03678086
2017-01-18;11156,61799451;-0,00201603;-0,03872274
2017-01-19;11146,23259131;-0,00093087;-0,03961756
2017-01-20;11170,93049359;0,00221581;-0,03748954
2017-01-23;11160,79397427;-0,00090740;-0,03836292
2017-01-24;11160,60584412;-0,00001686;-0,03837913
2017-01-25;11159,88033802;-0,00006501;-0,03844165
2017-01-26;11118,47627844;-0,00371008;-0,04200910
2017-01-27;11136,27768709;0,00160107;-0,04047530
2017-01-30;11119,41988001;-0,00151377;-0,04192780
2017-01-31;11150,88432638;0,00282968;-0,03921676
2017-02-01;11147,79933639;-0,00027666;-0,03948257
2017-02-02;11194,33223302;0,00417418;-0,03547320
2017-02-03;11246,68024965;0,00467630;-0,03096279
2017-02-06;11310,88297311;0,00570859;-0,02543095
2017-02-07;11302,05375294;-0,00078060;-0,02619169
2017-02-08;11323,71263996;0,00191637;-0,02432552
2017-02-09;11314,02726970;-0,00085532;-0,02516003
2017-02-10;11344,30468634;0,00267610;-0,02255126
2017-02-13;11336,18726568;-0,00071555;-0,02325068
2017-02-14;11350,89072223;0,00129704;-0,02198380
2017-02-15;11395,08371605;0,00389335;-0,01817604
2017-02-16;11418,67515561;0,00207032;-0,01614335
2017-02-17;11421,31143754;0,00023087;-0,01591620
2017-02-21;11442,21247567;0,00183000;-0,01411532
2017-02-22;11452,17020250;0,00087026;-0,01325735
2017-02-23;11478,56652670;0,00230492;-0,01098298
2017-02-24;11512,68428075;0,00297230;-0,00804333
2017-02-27;11502,77983344;-0,00086031;-0,00889672
2017-02-28;11501,79241840;-0,00008584;-0,00898179
2017-03-01;11580,50760075;0,00684373;-0,00219953
2017-03-02;11499,41727132;-0,00700231;-0,00918644
2017-03-03;11497,82196781;-0,00013873;-0,00932390
2017-03-06;11456,17790338;-0,00362191;-0,01291203
2017-03-07;11417,46196296;-0,00337948;-0,01624788
2017-03-08;11386,76313921;-0,00268876;-0,01889295
2017-03-09;11355,06278784;-0,00278397;-0,02162432
2017-03-10;11381,47805634;0,00232630;-0,01934833
2017-03-13;11374,19306152;-0,00064007;-0,01997602
2017-03-14;11348,97865997;-0,00221681;-0,02214854
2017-03-15;11455,66185260;0,00940025;-0,01295650
2017-03-16;11483,21942288;0,00240559;-0,01058208
2017-03-17;11488,31220690;0,00044350;-0,01014328
2017-03-20;11515,32767925;0,00235156;-0,00781557
2017-03-21;11516,29264297;0,00008380;-0,00773242
2017-03-22;11536,15429687;0,00172466;-0,00602110
2017-03-23;11521,71698488;-0,00125148;-0,00726505
2017-03-24;11535,53252434;0,00119909;-0,00607468
2017-03-27;11549,77464893;0,00123463;-0,00484755
2017-03-28;11561,08570050;0,00097933;-0,00387296
2017-03-29;11593,84621171;0,00283369;-0,00105025
2017-03-30;11546,39756637;-0,00409257;-0,00513852
2017-03-31;11552,79948678;0,00055445;-0,00458692
2017-04-03;11574,95100597;0,00191742;-0,00267830
2017-04-04;11590,93342057;0,00138078;-0,00130122
2017-04-05;11590,82594048;-0,00000927;-0,00131048
2017-04-06;11566,80487282;-0,00207242;-0,00338019
2017-04-07;11585,65503811;0,00162968;-0,00175602
2017-04-10;11583,59178235;-0,00017809;-0,00193379
2017-04-11;11617,31180169;0,00291102;0,00000000
2017-04-12;11649,01904597;0,00272931;0,00000000
2017-04-13;11661,05151019;0,00103292;0,00000000
2017-04-18;11642,15914319;-0,00162013;-0,00162013
2017-04-19;11601,03620677;-0,00353224;-0,00514665
2017-04-20;11622,32520019;0,00183509;-0,00332100
2017-04-21;11639,47221940;0,00147535;-0,00185054
2017-04-24;11652,85450785;0,00114973;-0,00070294
2017-04-25;11617,63271540;-0,00302259;-0,00372340
2017-04-26;11643,13594877;0,00219522;-0,00153636
2017-04-27;11616,19958791;-0,00231350;-0,00384630
2017-04-28;11628,73421526;0,00107906;-0,00277139
2017-05-02;11610,45870696;-0,00157158;-0,00433861
2017-05-03;11542,52814379;-0,00585081;-0,01016404
2017-05-04;11507,53054411;-0,00303206;-0,01316528
2017-05-05;11515,54635722;0,00069657;-0,01247788
2017-05-08;11518,04258917;0,00021677;-0,01226381
2017-05-09;11496,79624993;-0,00184461;-0,01408580
2017-05-10;11506,21606238;0,00081934;-0,01327800
2017-05-11;11516,80019311;0,00091986;-0,01237035
2017-05-12;11540,21011474;0,00203268;-0,01036282
2017-05-15;11568,75265895;0,00247331;-0,00791514
2017-05-16;11594,98520822;0,00226753;-0,00566555
2017-05-17;11614,94779946;0,00172166;-0,00395365
2017-05-18;11573,09333474;-0,00360350;-0,00754290
2017-05-19;11614,70534063;0,00359558;-0,00397444
2017-05-22;11652,34522030;0,00324071;-0,00074661
2017-05-23;11633,84048409;-0,00158807;-0,00233350
2017-05-24;11665,03989807;0,00268178;0,00000000
2017-05-25;11679,41565068;0,00123238;0,00000000
2017-05-26;11736,20894251;0,00486268;0,00000000
2017-05-30;11711,25173956;-0,00212651;-0,00212651
2017-05-31;11725,22184906;0,00119288;-0,00093617
2017-06-01;11741,11790142;0,00135571;0,00000000
2017-06-02;11811,92645774;0,00603082;0,00000000
2017-06-05;11818,18209265;0,00052960;0,00000000
2017-06-06;11890,26451818;0,00609928;0,00000000
2017-06-07;11852,78565726;-0,00315206;-0,00315206
2017-06-08;11810,32851620;-0,00358204;-0,00672281
2017-06-09;11754,58612940;-0,00471980;-0,01141088
2017-06-12;11728,25750503;-0,00223986;-0,01362518
2017-06-13;11749,03800808;0,00177183;-0,01187749
2017-06-14;11700,26131367;-0,00415155;-0,01597973
2017-06-15;11656,73331278;-0,00372026;-0,01964054
2017-06-16;11654,87832458;-0,00015913;-0,01979655
2017-06-19;11649,47437586;-0,00046366;-0,02025103
2017-06-20;11630,65332700;-0,00161561;-0,02183393
2017-06-21;11643,32694274;0,00108967;-0,02076805
2017-06-22;11674,98372737;0,00271888;-0,01810564
2017-06-23;11700,70931484;0,00220348;-0,01594205
2017-06-26;11632,01647049;-0,00587083;-0,02171929
2017-06-27;11632,25933387;0,00002088;-0,02169886
2017-06-28;11639,64149374;0,00063463;-0,02107800
2017-06-29;11559,79233439;-0,00686010;-0,02779351
2017-06-30;11542,39631745;-0,00150487;-0,02925656
2017-07-03;11437,81400892;-0,00906071;-0,03805218
2017-07-05;11469,61161420;0,00278004;-0,03537793
2017-07-06;11438,75962193;-0,00268989;-0,03797265
2017-07-07;11422,07235468;-0,00145884;-0,03937609
2017-07-10;11445,49678135;0,00205080;-0,03740604
2017-07-11;11454,81762467;0,00081437;-0,03662214
2017-07-12;11501,90946208;0,00411109;-0,03266160
2017-07-13;11493,58196086;-0,00072401;-0,03336196
2017-07-14;11528,84317649;0,00306790;-0,03039641
2017-07-17;11556,45791171;0,00239527;-0,02807394
2017-07-18;11595,88046093;0,00341130;-0,02475841
2017-07-19;11602,23137782;0,00054769;-0,02422428
2017-07-20;11625,17678647;0,00197767;-0,02229452
2017-07-21;11660,38650495;0,00302875;-0,01933330
2017-07-24;11659,55559386;-0,00007126;-0,01940318
2017-07-25;11647,10416541;-0,00106792;-0,02045037
2017-07-26;11683,15849079;0,00309556;-0,01741812
2017-07-27;11674,04958971;-0,00077966;-0,01818420
2017-07-28;11695,12277437;0,00180513;-0,01641189
2017-07-31;11687,06980754;-0,00068857;-0,01708917
2017-08-01;11693,18140843;0,00052294;-0,01657517
2017-08-02;11678,44013194;-0,00126067;-0,01781494
2017-08-03;11708,08438265;0,00253837;-0,01532179
2017-08-04;11707,30602348;-0,00006648;-0,01538725
2017-08-07;11717,88248367;0,00090341;-0,01449775
2017-08-08;11740,05101666;0,00189185;-0,01263332
2017-08-09;11754,63054677;0,00124186;-0,01140714
2017-08-10;11743,40144745;-0,00095529;-0,01235154
2017-08-11;11753,38510816;0,00085015;-0,01151189
2017-08-14;11778,37743967;0,00212639;-0,00940997
2017-08-15;11775,03595245;-0,00028370;-0,00969100
2017-08-16;11821,49706906;0,00394573;-0,00578351
2017-08-17;11792,93541789;-0,00241608;-0,00818561
2017-08-18;11771,00666279;-0,00185948;-0,01002987
2017-08-21;11766,65688656;-0,00036953;-0,01039570
2017-08-22;11807,18697416;0,00344449;-0,00698702
2017-08-23;11829,59300904;0,00189766;-0,00510262
2017-08-24;11806,96560173;-0,00191278;-0,00700564
2017-08-25;11817,56785772;0,00089797;-0,00611396
2017-08-29;11857,94177838;0,00341643;-0,00271842
2017-08-30;11881,87615983;0,00201843;-0,00070548
2017-08-31;11965,48551198;0,00703671;0,00000000
2017-09-01;11965,04978800;-0,00003642;-0,00003642
2017-09-05;12008,66677782;0,00364537;0,00000000
2017-09-06;11974,17726660;-0,00287205;-0,00287205
2017-09-07;12048,85452530;0,00623653;0,00000000
2017-09-08;12021,82837617;-0,00224305;-0,00224305
2017-09-11;11956,77618164;-0,00541117;-0,00764208
2017-09-12;11975,64615236;0,00157818;-0,00607596
2017-09-13;11933,19337424;-0,00354493;-0,00959935
2017-09-14;11931,44679299;-0,00014636;-0,00974431
2017-09-15;11882,62440990;-0,00409191;-0,01379634
2017-09-18;11831,27212142;-0,00432163;-0,01805835
2017-09-19;11854,79596591;0,00198828;-0,01610598
2017-09-20;11794,24086068;-0,00510807;-0,02113177
2017-09-21;11736,41763354;-0,00490267;-0,02593084
2017-09-22;11771,56060858;0,00299435;-0,02301413
2017-09-25;11821,79154491;0,00426714;-0,01884519
2017-09-26;11759,26870039;-0,00528878;-0,02403430
2017-09-27;11711,97336679;-0,00402196;-0,02795960
2017-09-28;11728,42629888;0,00140480;-0,02659408
2017-09-29;11725,00567102;-0,00029165;-0,02687798
2017-10-02;11696,94699173;-0,00239306;-0,02920672
2017-10-03;11712,76731925;0,00135252;-0,02789371
2017-10-04;11726,89947789;0,00120656;-0,02672080
2017-10-05;11731,80410281;0,00041824;-0,02631374
2017-10-06;11769,66523760;0,00322722;-0,02317144
2017-10-09;11822,99660026;0,00453126;-0,01874518
2017-10-10;11837,50748812;0,00122734;-0,01754084
2017-10-11;11868,36181545;0,00260649;-0,01498007
2017-10-12;11871,57956429;0,00027112;-0,01471301
2017-10-13;11924,34422419;0,00444462;-0,01033379
2017-10-16;11885,06049295;-0,00329441;-0,01359416
2017-10-17;11848,60983183;-0,00306693;-0,01661940
2017-10-18;11828,21134847;-0,00172159;-0,01831238
2017-10-19;11860,98875933;0,00277112;-0,01559200
2017-10-20;11829,49217116;-0,00265548;-0,01820608
2017-10-23;11841,48781703;0,00101405;-0,01721049
2017-10-24;11820,77402616;-0,00174926;-0,01892964
2017-10-25;11793,82262568;-0,00228000;-0,02116649
2017-10-26;11760,55194150;-0,00282103;-0,02392780
2017-10-27;11838,93629930;0,00666502;-0,01742226
2017-10-30;11845,03069252;0,00051478;-0,01691645
2017-10-31;11822,68752066;-0,00188629;-0,01877083
2017-11-01;11850,65593822;0,00236566;-0,01644958
2017-11-02;11883,10844673;0,00273846;-0,01375617
2017-11-03;11874,55387158;-0,00071989;-0,01446616
2017-11-06;11909,43832852;0,00293775;-0,01157091
2017-11-07;11890,10631234;-0,00162325;-0,01317538
2017-11-08;11922,88700562;0,00275697;-0,01045473
2017-11-09;11912,97740861;-0,00083114;-0,01127718
2017-11-10;11867,20228153;-0,00384246;-0,01507631
2017-11-13;11885,84840789;0,00157123;-0,01352876
2017-11-14;11888,84417328;0,00025204;-0,01328013
2017-11-15;11856,25116381;-0,00274148;-0,01598520
2017-11-16;11887,77475847;0,00265882;-0,01336889
2017-11-17;11921,60080844;0,00284545;-0,01056148
2017-11-20;11873,45893808;-0,00403821;-0,01455703
2017-11-21;11910,42433032;0,00311328;-0,01148908
2017-11-22;11942,74785536;0,00271389;-0,00880637
2017-11-24;11939,14923707;-0,00030132;-0,00910504
2017-11-27;11956,09888510;0,00141967;-0,00769830
2017-11-28;11978,77101807;0,00189628;-0,00581661
2017-11-29;11892,70439111;-0,00718493;-0,01295975
2017-11-30;11869,98045660;-0,00191075;-0,01484573
2017-12-01;11864,01903331;-0,00050223;-0,01534050
2017-12-04;11847,34343373;-0,00140556;-0,01672450
2017-12-05;11791,94874927;-0,00467571;-0,02132201
2017-12-06;11787,64499527;-0,00036497;-0,02167920
2017-12-07;11708,71145352;-0,00669629;-0,02823032
2017-12-08;11727,45839593;0,00160111;-0,02667441
2017-12-11;11721,22167219;-0,00053181;-0,02719203
2017-12-12;11742,10942790;0,00178205;-0,02545844
2017-12-13;11793,80219653;0,00440234;-0,02116818
2017-12-14;11768,94464275;-0,00210768;-0,02323124
2017-12-15;11812,50996140;0,00370172;-0,01961552
2017-12-18;11857,81766173;0,00383557;-0,01585519
2017-12-19;11856,93293994;-0,00007461;-0,01592862
2017-12-20;11860,89358552;0,00033404;-0,01559990
2017-12-21;11886,68676133;0,00217464;-0,01345919
2017-12-22;11920,83029148;0,00287242;-0,01062543
2017-12-27;11984,62850546;0,00535183;-0,00533047
2017-12-28;12013,86222006;0,00243927;-0,00290420
2017-12-29;12044,09392550;0,00251640;-0,00039511
2018-01-02;12136,65952797;0,00768556;0,00000000
2018-01-03;12161,68865334;0,00206227;0,00000000
2018-01-04;12198,32266138;0,00301225;0,00000000
2018-01-05;12212,84940131;0,00119088;0,00000000
2018-01-08;12221,49085231;0,00070757;0,00000000
2018-01-09;12216,31673518;-0,00042336;-0,00042336
2018-01-10;12212,98824505;-0,00027246;-0,00069571
2018-01-11;12229,74772425;0,00137227;0,00000000
2018-01-12;12278,45359409;0,00398257;0,00000000
2018-01-16;12271,10739103;-0,00059830;-0,00059830
2018-01-17;12260,87735719;-0,00083367;-0,00143147
2018-01-18;12251,55545030;-0,00076030;-0,00219068
2018-01-19;12275,07616878;0,00191981;-0,00027507
2018-01-22;12289,81608825;0,00120080;0,00000000
2018-01-23;12324,45502585;0,00281851;0,00000000
2018-01-24;12327,70540473;0,00026373;0,00000000
2018-01-25;12291,91254846;-0,00290345;-0,00290345
2018-01-26;12343,81204646;0,00422225;0,00000000
2018-01-29;12318,04736997;-0,00208725;-0,00208725
2018-01-30;12267,49749462;-0,00410372;-0,00618241
2018-01-31;12287,51352495;0,00163163;-0,00456087
2018-02-01;12295,53323080;0,00065267;-0,00391118
2018-02-02;12161,92156986;-0,01086668;-0,01473536
2018-02-05;12094,79141295;-0,00551970;-0,02017372
2018-02-06;11978,94876929;-0,00957790;-0,02955840
2018-02-07;12005,02869240;0,00217715;-0,02744560
2018-02-08;11882,34720932;-0,01021917;-0,03738431
2018-02-09;11883,94967441;0,00013486;-0,03725449
2018-02-12;11983,96039175;0,00841561;-0,02915239
2018-02-13;12009,83625320;0,00215921;-0,02705613
2018-02-14;12156,42821388;0,01220599;-0,01518039
2018-02-15;12200,82615473;0,00365222;-0,01158361
2018-02-16;12213,89162718;0,00107087;-0,01052515
2018-02-20;12131,92862717;-0,00671064;-0,01716515
2018-02-21;12104,36311234;-0,00227215;-0,01939830
2018-02-22;12139,21219631;0,00287905;-0,01657509
2018-02-23;12155,21527952;0,00131830;-0,01527865
2018-02-26;12227,30357774;0,00593065;-0,00943861
2018-02-27;12152,74606241;-0,00609763;-0,01547869
2018-02-28;12144,20252999;-0,00070301;-0,01617082
2018-03-01;12072,02973876;-0,00594298;-0,02201770
2018-03-02;12088,94007442;0,00140079;-0,02064775
2018-03-05;12105,12984987;0,00133922;-0,01933618
2018-03-06;12190,11804270;0,00702084;-0,01245110
2018-03-07;12147,61317935;-0,00348683;-0,01589451
2018-03-08;12160,95662121;0,00109844;-0,01481353
2018-03-09;12204,21797336;0,00355740;-0,01130883
2018-03-12;12215,54633020;0,00092823;-0,01039109
2018-03-13;12197,44528228;-0,00148180;-0,01185750
2018-03-14;12185,66323132;-0,00096594;-0,01281199
2018-03-15;12144,85214253;-0,00334911;-0,01611819
2018-03-16;12128,16117537;-0,00137432;-0,01747036
2018-03-19;12081,50818427;-0,00384667;-0,02124983
2018-03-20;12055,90922125;-0,00211885;-0,02332366
2018-03-21;12163,63777236;0,00893575;-0,01459632
2018-03-22;12072,52413458;-0,00749066;-0,02197764
2018-03-23;12108,26744436;0,00296072;-0,01908200
2018-03-26;12169,22907333;0,00503471;-0,01414336
2018-03-27;12120,59787578;-0,00399624;-0,01808308
2018-03-28;11993,41364430;-0,01049323;-0,02838656
2018-03-29;12043,29881242;0,00415938;-0,02434525
2018-04-03;12036,53692686;-0,00056146;-0,02489305
2018-04-04;12064,14564034;0,00229374;-0,02265641
2018-04-05;12078,09313569;0,00115611;-0,02152649
2018-04-06;12056,82123900;-0,00176120;-0,02324977
2018-04-09;12083,38442744;0,00220317;-0,02109783
2018-04-10;12145,73498077;0,00516002;-0,01604667
2018-04-11;12180,37093734;0,00285170;-0,01324073
2018-04-12;12117,67767743;-0,00514707;-0,01831965
2018-04-13;12157,88371467;0,00331797;-0,01506247
2018-04-16;12177,51948493;0,00161506;-0,01347173
2018-04-17;12227,29039142;0,00408711;-0,00943968
2018-04-18;12238,30959997;0,00090120;-0,00854699
2018-04-19;12211,60193335;-0,00218230;-0,01071064
2018-04-20;12139,78013321;-0,00588144;-0,01652908
2018-04-23;12095,18203789;-0,00367372;-0,02014208
2018-04-24;12103,37987699;0,00067778;-0,01947795
2018-04-25;12031,70345711;-0,00592202;-0,02528462
2018-04-26;12049,86072946;0,00150912;-0,02381366
2018-04-27;12103,10828777;0,00441894;-0,01949995
2018-04-30;12051,08982045;-0,00429794;-0,02371409
2018-05-01;12016,27346991;-0,00288906;-0,02653464
2018-05-02;12025,81931802;0,00079441;-0,02576131
2018-05-03;12041,90133263;0,00133729;-0,02445847
2018-05-04;12113,61977658;0,00595574;-0,01864839
2018-05-08;12134,91529440;0,00175798;-0,01692320
2018-05-09;12138,29008364;0,00027811;-0,01664980
2018-05-10;12224,45406008;0,00709853;-0,00966946
2018-05-11;12212,85451961;-0,00094888;-0,01060916
2018-05-14;12191,90518921;-0,00171535;-0,01230632
2018-05-15;12061,17788738;-0,01072247;-0,02289683
2018-05-16;12065,27726079;0,00033988;-0,02256473
2018-05-17;12060,19782065;-0,00042100;-0,02297623
2018-05-18;12060,77728930;0,00004805;-0,02292928
2018-05-21;12094,66476135;0,00280973;-0,02018398
2018-05-22;12092,13167341;-0,00020944;-0,02038919
2018-05-23;12096,92689803;0,00039656;-0,02000072
2018-05-24;12144,94471733;0,00396942;-0,01611069
2018-05-25;12135,77212462;-0,00075526;-0,01685378
2018-05-29;12114,23290653;-0,00177485;-0,01859872
2018-05-30;12136,70501450;0,00185502;-0,01677821
2018-05-31;12120,63360909;-0,00132420;-0,01808019
2018-06-01;12119,41903368;-0,00010021;-0,01817858
2018-06-04;12133,70682433;0,00117892;-0,01702110
2018-06-05;12159,44740954;0,00212141;-0,01493579
2018-06-06;12170,86609447;0,00093908;-0,01401074
2018-06-07;12163,08653202;-0,00063920;-0,01464098
2018-06-08;12172,37340041;0,00076353;-0,01388863
2018-06-11;12193,37807259;0,00172560;-0,01218699
2018-06-12;12173,72102967;-0,00161211;-0,01377946
2018-06-13;12195,01105132;0,00174885;-0,01205470
2018-06-14;12222,16768051;0,00222686;-0,00985468
2018-06-15;12093,54008427;-0,01052412;-0,02027510
2018-06-18;12080,14016744;-0,00110802;-0,02136065
2018-06-19;12054,29703446;-0,00213931;-0,02345426
2018-06-20;12033,38380431;-0,00173492;-0,02514849
2018-06-21;11990,28841504;-0,00358132;-0,02863975
2018-06-22;12010,43704658;0,00168041;-0,02700746
2018-06-25;11932,23176184;-0,00651144;-0,03334305
2018-06-26;11905,74209868;-0,00222001;-0,03548903
2018-06-27;11863,96031490;-0,00350938;-0,03887387
2018-06-28;11855,10107428;-0,00074674;-0,03959158
2018-06-29;11891,32656829;0,00305569;-0,03665687
2018-07-02;11821,60015228;-0,00586364;-0,04230556
2018-07-03;11876,89314348;0,00467728;-0,03782615
2018-07-05;11914,55248701;0,00317081;-0,03477528
2018-07-06;11927,70575181;0,00110397;-0,03370971
2018-07-09;11972,28016016;0,00373705;-0,03009863
2018-07-10;11965,78699146;-0,00054235;-0,03062466
2018-07-11;11872,66662606;-0,00778222;-0,03816855
2018-07-12;11929,82335069;0,00481414;-0,03353816
2018-07-13;11906,94365927;-0,00191786;-0,03539169
2018-07-16;11904,63394829;-0,00019398;-0,03557881
2018-07-17;11846,66696913;-0,00486928;-0,04027484
2018-07-18;11863,80991593;0,00144707;-0,03888605
2018-07-19;11840,57495994;-0,00195847;-0,04076837
2018-07-20;11876,37875925;0,00302382;-0,03786782
2018-07-23;11845,15216227;-0,00262930;-0,04039756
2018-07-24;11862,20917639;0,00144000;-0,03901573
2018-07-25;11914,87252631;0,00443959;-0,03474936
2018-07-26;11854,64117402;-0,00505514;-0,03962883
2018-07-27;11833,92839665;-0,00174723;-0,04130682
2018-07-30;11795,02513109;-0,00328743;-0,04445846
2018-07-31;11816,29209815;0,00180305;-0,04273558
2018-08-01;11779,33715268;-0,00312746;-0,04572938
2018-08-02;11775,14046466;-0,00035628;-0,04606936
2018-08-03;11806,99317244;0,00270508;-0,04348891
2018-08-06;11805,73021633;-0,00010697;-0,04359122
2018-08-07;11828,76508210;0,00195116;-0,04172511
2018-08-08;11851,38883133;0,00191260;-0,03989231
2018-08-09;11850,65674928;-0,00006177;-0,03995162
2018-08-10;11827,57737942;-0,00194752;-0,04182133
2018-08-13;11766,41906774;-0,00517082;-0,04677590
2018-08-14;11783,06108804;0,00141437;-0,04542770
2018-08-15;11687,99172058;-0,00806831;-0,05312948
2018-08-16;11707,61945079;0,00167931;-0,05153939
2018-08-17;11739,92464588;0,00275933;-0,04892228
2018-08-20;11765,27431097;0,00215927;-0,04686864
2018-08-21;11775,36320888;0,00085751;-0,04605132
2018-08-22;11784,65586208;0,00078916;-0,04529850
2018-08-23;11756,08897807;-0,00242407;-0,04761277
2018-08-24;11842,90170714;0,00738449;-0,04057987
2018-08-28;11859,89370200;0,00143478;-0,03920331
2018-08-29;11878,87619033;0,00160056;-0,03766550
2018-08-30;11847,37511514;-0,00265186;-0,04021747
2018-08-31;11839,21279550;-0,00068896;-0,04087872
2018-09-04;11828,35930991;-0,00091674;-0,04175799
2018-09-05;11801,56977620;-0,00226486;-0,04392827
2018-09-06;11791,34535596;-0,00086636;-0,04475657
2018-09-07;11769,08323882;-0,00188800;-0,04656007
2018-09-10;11767,19823023;-0,00016017;-0,04671278
2018-09-11;11788,10861595;0,00177701;-0,04501879
2018-09-12;11815,04373123;0,00228494;-0,04283671
2018-09-13;11812,15315663;-0,00024465;-0,04307088
2018-09-14;11799,58092036;-0,00106435;-0,04408939
2018-09-17;11787,39243450;-0,00103296;-0,04507681
2018-09-18;11798,57917637;0,00094904;-0,04417054
2018-09-19;11812,52340028;0,00118186;-0,04304089
2018-09-20;11843,90888677;0,00265697;-0,04049828
2018-09-21;11837,78779588;-0,00051681;-0,04099416
2018-09-24;11829,15598044;-0,00072917;-0,04169345
2018-09-25;11840,16489782;0,00093066;-0,04080159
2018-09-26;11808,98248434;-0,00263361;-0,04332775
2018-09-27;11792,96910245;-0,00135603;-0,04462503
2018-09-28;11825,17002963;0,00273052;-0,04201636
2018-10-01;11827,00117788;0,00015485;-0,04186801
2018-10-02;11903,64589433;0,00648049;-0,03565885
2018-10-03;11891,25194316;-0,00104119;-0,03666291
2018-10-04;11837,97395352;-0,00448044;-0,04097908
2018-10-05;11825,80042378;-0,00102835;-0,04196529
2018-10-08;11721,41391332;-0,00882701;-0,05042187
2018-10-09;11743,81944250;0,00191150;-0,04860675
2018-10-10;11655,81356598;-0,00749380;-0,05573631
2018-10-11;11759,25191316;0,00887440;-0,04735653
2018-10-12;11779,92342604;0,00175789;-0,04568189
2018-10-15;11807,83644980;0,00236954;-0,04342059
2018-10-16;11853,91958326;0,00390276;-0,03968729
2018-10-17;11838,61852040;-0,00129080;-0,04092686
2018-10-18;11829,23881101;-0,00079230;-0,04168674
2018-10-19;11833,21819183;0,00033640;-0,04136436
2018-10-22;11822,12381042;-0,00093756;-0,04226314
2018-10-23;11827,53133790;0,00045741;-0,04182506
2018-10-24;11785,89936275;-0,00351992;-0,04519776
2018-10-25;11830,87055618;0,00381568;-0,04155454
2018-10-26;11789,77966847;-0,00347319;-0,04488341
2018-10-29;11763,22686895;-0,00225219;-0,04703451
2018-10-30;11753,62985221;-0,00081585;-0,04781199
2018-10-31;11772,30064177;0,00158851;-0,04629943
2018-11-01;11855,08927574;0,00703249;-0,03959253
2018-11-02;11833,06352775;-0,00185791;-0,04137689
2018-11-05;11815,52400927;-0,00148225;-0,04279780
2018-11-06;11793,65679797;-0,00185072;-0,04456932
2018-11-07;11846,66349309;0,00449451;-0,04027512
2018-11-08;11840,08733529;-0,00055511;-0,04080787
2018-11-09;11747,43028855;-0,00782571;-0,04831423
2018-11-12;11643,74085925;-0,00882656;-0,05671434
2018-11-13;11632,93813490;-0,00092777;-0,05758950
2018-11-14;11660,40632600;0,00236124;-0,05536424
2018-11-15;11720,80540415;0,00517984;-0,05047117
2018-11-16;11770,37091612;0,00422885;-0,04645576
2018-11-19;11726,75673179;-0,00370542;-0,04998904
2018-11-20;11670,63331291;-0,00478593;-0,05453572
2018-11-21;11716,27550760;0,00391086;-0,05083815
2018-11-23;11672,85066721;-0,00370637;-0,05435609
2018-11-26;11710,98185143;0,00326666;-0,05126700
2018-11-27;11676,87435823;-0,00291244;-0,05403012
2018-11-28;11760,38764414;0,00715202;-0,04726452
2018-11-29;11783,30601893;0,00194878;-0,04540785
2018-11-30;11783,94470105;0,00005420;-0,04535611
2018-12-03;11886,77047051;0,00872592;-0,03702597
2018-12-04;11877,46918316;-0,00078249;-0,03777949
2018-12-06;11788,84814574;-0,00746127;-0,04495887
2018-12-07;11825,02156859;0,00306844;-0,04202838
2018-12-10;11807,38514142;-0,00149145;-0,04345715
2018-12-11;11836,12254814;0,00243385;-0,04112907
2018-12-12;11865,96270214;0,00252111;-0,03871165
2018-12-13;11848,18823552;-0,00149794;-0,04015160
2018-12-14;11778,09585017;-0,00591587;-0,04582994
2018-12-17;11775,58363897;-0,00021330;-0,04603346
2018-12-18;11773,15189535;-0,00020651;-0,04623046
2018-12-19;11725,97549393;-0,00400712;-0,05005233
2018-12-20;11769,42820502;0,00370568;-0,04653213
2018-12-21;11691,41340862;-0,00662860;-0,05285228
2018-12-24;11696,55611720;0,00043987;-0,05243566
2018-12-27;11816,63264291;0,01026597;-0,04270799
2018-12-28;11876,46298113;0,00506323;-0,03786100
2018-12-31;11902,38331745;0,00218250;-0,03576114
2019-01-02;11922,19905874;0,00166485;-0,03415582
2019-01-03;11909,88485727;-0,00103288;-0,03515342
2019-01-04;11929,54856671;0,00165104;-0,03356042
2019-01-07;11967,38682483;0,00317181;-0,03049505
2019-01-08;11971,42205400;0,00033719;-0,03016815
2019-01-09;12041,13937318;0,00582365;-0,02452019
2019-01-10;12004,70052679;-0,00302620;-0,02747219
2019-01-11;12007,12922383;0,00020231;-0,02727543
2019-01-14;12000,38915921;-0,00056134;-0,02782146
2019-01-15;12032,37517352;0,00266541;-0,02523020
2019-01-16;12054,30989197;0,00182297;-0,02345322
2019-01-17;12047,60509201;-0,00055622;-0,02399639
2019-01-18;12034,85283784;-0,00105849;-0,02502948
2019-01-22;12010,88354058;-0,00199166;-0,02697129
2019-01-23;11988,92924699;-0,00182787;-0,02874985
2019-01-24;11988,99618167;0,00000558;-0,02874443
2019-01-25;12113,82916862;0,01041230;-0,01863143
2019-01-28;12099,75888275;-0,00116151;-0,01977130
2019-01-29;12142,94677316;0,00356932;-0,01627255
2019-01-30;12233,58252235;0,00746407;-0,00892994
2019-01-31;12248,57149413;0,00122523;-0,00771565
2019-02-01;12256,11829226;0,00061614;-0,00710427
2019-02-04;12244,27465510;-0,00096634;-0,00806375
2019-02-05;12306,52864999;0,00508434;-0,00302041
2019-02-06;12262,24960516;-0,00359801;-0,00660756
2019-02-07;12236,73385953;-0,00208084;-0,00867464
2019-02-08;12264,21519621;0,00224581;-0,00644832
2019-02-11;12254,35007120;-0,00080438;-0,00724752
2019-02-12;12302,97044432;0,00396760;-0,00330867
2019-02-13;12288,89283109;-0,00114425;-0,00444913
2019-02-14;12336,65122432;0,00388631;-0,00058011
2019-02-15;12401,61361455;0,00526580;0,00000000
2019-02-19;12481,47397243;0,00643951;0,00000000
2019-02-20;12482,15083775;0,00005423;0,00000000
2019-02-21;12388,72821331;-0,00748450;-0,00748450
2019-02-22;12449,76820096;0,00492706;-0,00259432
2019-02-25;12458,19033929;0,00067649;-0,00191958
2019-02-26;12437,26199448;-0,00167989;-0,00359624
2019-02-27;12375,69337911;-0,00495034;-0,00852878
2019-02-28;12337,73966825;-0,00306679;-0,01156941
2019-03-01;12234,81772646;-0,00834204;-0,01981494
2019-03-04;12219,37508795;-0,00126219;-0,02105212
2019-03-05;12226,67429425;0,00059735;-0,02046735
2019-03-06;12203,24089373;-0,00191658;-0,02234470
2019-03-07;12174,88549522;-0,00232360;-0,02461638
2019-03-08;12250,77966413;0,00623367;-0,01853616
2019-03-11;12254,23070107;0,00028170;-0,01825968
2019-03-12;12322,24079032;0,00554993;-0,01281110
2019-03-13;12374,54395203;0,00424461;-0,00862086
2019-03-14;12282,83397072;-0,00741118;-0,01596815
2019-03-15;12336,05781194;0,00433319;-0,01170415
2019-03-18;12363,05453332;0,00218844;-0,00954133
2019-03-19;12391,38966950;0,00229192;-0,00727128
2019-03-20;12424,95212536;0,00270853;-0,00458244
2019-03-21;12463,05607227;0,00306673;-0,00152977
2019-03-22;12404,11254401;-0,00472946;-0,00625199
2019-03-25;12453,47111401;0,00397921;-0,00229766
2019-03-26;12431,21245932;-0,00178735;-0,00408090
2019-03-27;12373,41187828;-0,00464963;-0,00871156
2019-03-28;12302,68470104;-0,00571606;-0,01437782
2019-03-29;12344,13336767;0,00336907;-0,01105719
2019-04-01;12332,28715720;-0,00095966;-0,01200624
2019-04-02;12380,25648702;0,00388974;-0,00816320
2019-04-03;12376,60315379;-0,00029509;-0,00845589
2019-04-04;12395,32587448;0,00151275;-0,00695593
2019-04-05;12411,13193018;0,00127516;-0,00568964
2019-04-08;12447,31247645;0,00291517;-0,00279105
2019-04-09;12466,06291265;0,00150638;-0,00128887
2019-04-10;12490,99867056;0,00200029;0,00000000
2019-04-11;12406,99708747;-0,00672497;-0,00672497
2019-04-12;12407,70776413;0,00005728;-0,00666807
2019-04-15;12397,32952766;-0,00083643;-0,00749893
2019-04-16;12358,72467699;-0,00311397;-0,01058955
2019-04-17;12350,84353388;-0,00063770;-0,01122049
2019-04-18;12363,49400876;0,00102426;-0,01020772
2019-04-23;12380,18665508;0,00135016;-0,00887135
2019-04-24;12402,29205748;0,00178555;-0,00710164
2019-04-25;12408,29206402;0,00048378;-0,00662130
2019-04-26;12445,18407153;0,00297317;-0,00366781
2019-04-29;12424,31586533;-0,00167681;-0,00533847
2019-04-30;12429,82349778;0,00044329;-0,00489754
2019-05-01;12382,58172230;-0,00380068;-0,00867961
2019-05-02;12337,79119772;-0,00361722;-0,01226543
2019-05-03;12384,26788774;0,00376702;-0,00854462
2019-05-07;12368,68421531;-0,00125834;-0,00979221
2019-05-08;12354,56446851;-0,00114157;-0,01092260
2019-05-09;12339,29744275;-0,00123574;-0,01214484
2019-05-10;12355,29729125;0,00129666;-0,01086393
2019-05-13;12379,66114141;0,00197194;-0,00891342
2019-05-14;12407,78618564;0,00227188;-0,00666180
2019-05-15;12420,83863694;0,00105196;-0,00561685
2019-05-16;12415,66313019;-0,00041668;-0,00603119
2019-05-17;12351,08507270;-0,00520134;-0,01120115
2019-05-20;12313,85025426;-0,00301470;-0,01418209
2019-05-21;12315,70721231;0,00015080;-0,01403342
2019-05-22;12324,32742943;0,00069994;-0,01334331
2019-05-23;12331,85880874;0,00061110;-0,01274036
2019-05-24;12343,70277979;0,00096044;-0,01179216
2019-05-28;12313,09913516;-0,00247929;-0,01424222
2019-05-29;12290,00474612;-0,00187560;-0,01609110
2019-05-30;12354,25575075;0,00522791;-0,01094732
2019-05-31;12430,21664069;0,00614856;-0,00486607
2019-06-03;12511,63440644;0,00654999;0,00000000
2019-06-04;12567,74640755;0,00448479;0,00000000
2019-06-05;12609,03079287;0,00328495;0,00000000
2019-06-06;12649,53847590;0,00321259;0,00000000
2019-06-07;12730,39838116;0,00639232;0,00000000
2019-06-10;12699,11250428;-0,00245757;-0,00245757
2019-06-11;12675,55433645;-0,00185510;-0,00430812
2019-06-12;12701,30724743;0,00203170;-0,00228517
2019-06-13;12753,83406530;0,00413554;0,00000000
2019-06-14;12749,68441065;-0,00032537;-0,00032537
2019-06-17;12756,15230859;0,00050730;0,00000000
2019-06-18;12833,56675225;0,00606879;0,00000000
2019-06-19;12877,84831220;0,00345045;0,00000000
2019-06-20;13088,91606114;0,01638999;0,00000000
2019-06-21;13145,84040921;0,00434905;0,00000000
2019-06-24;13260,49591863;0,00872181;0,00000000
2019-06-25;13250,44211022;-0,00075818;-0,00075818
2019-06-26;13179,53772922;-0,00535110;-0,00610522
2019-06-27;13183,86719692;0,00032850;-0,00577872
2019-06-28;13200,61835459;0,00127058;-0,00451548
2019-07-01;13095,61096773;-0,00795473;-0,01243430
2019-07-02;13264,33832715;0,01288427;0,00000000
2019-07-03;13308,29489396;0,00331389;0,00000000
2019-07-05;13217,56148945;-0,00681781;-0,00681781
2019-07-08;13161,10191355;-0,00427156;-0,01106024
2019-07-09;13191,81953107;0,00233397;-0,00875209
2019-07-10;13319,56159023;0,00968343;0,00000000
2019-07-11;13262,02586272;-0,00431964;-0,00431964
2019-07-12;13317,18648375;0,00415929;-0,00017832
2019-07-15;13333,01646664;0,00118869;0,00000000
2019-07-16;13274,53897965;-0,00438592;-0,00438592
2019-07-17;13374,20281450;0,00750789;0,00000000
2019-07-18;13471,60858887;0,00728311;0,00000000
2019-07-19;13375,19147716;-0,00715706;-0,00715706
2019-07-22;13374,14950143;-0,00007790;-0,00723441
2019-07-23;13358,44857937;-0,00117398;-0,00839989
2019-07-24;13400,87191688;0,00317577;-0,00525080
2019-07-25;13346,89518513;-0,00402785;-0,00925750
2019-07-26;13379,53417197;0,00244544;-0,00683470
2019-07-29;13453,36362867;0,00551809;-0,00135433
2019-07-30;13474,21253206;0,00154972;0,00000000
2019-07-31;13350,42148636;-0,00918726;-0,00918726
2019-08-01;13527,69153805;0,01327824;0,00000000
2019-08-02;13431,15334236;-0,00713634;-0,00713634
2019-08-05;13407,62082570;-0,00175208;-0,00887592
2019-08-06;13462,81832225;0,00411687;-0,00479559
2019-08-07;13561,38987003;0,00732176;0,00000000
2019-08-08;13675,00624256;0,00837793;0,00000000
2019-08-09;13630,85792584;-0,00322839;-0,00322839
2019-08-12;13665,59546987;0,00254845;-0,00068817
2019-08-13;13682,81224611;0,00125986;0,00000000
2019-08-14;13638,09863271;-0,00326787;-0,00326787
2019-08-15;13658,26651241;0,00147879;-0,00179391
2019-08-16;13668,75885303;0,00076820;-0,00102708
2019-08-19;13646,84885905;-0,00160292;-0,00262836
2019-08-20;13670,95502583;0,00176643;-0,00086658
2019-08-21;13674,48907885;0,00025851;-0,00060829
2019-08-22;13634,24031434;-0,00294335;-0,00354985
2019-08-23;13682,60877158;0,00354757;-0,00001487
2019-08-27;13750,79886024;0,00498371;0,00000000
2019-08-28;13753,90029020;0,00022555;0,00000000
2019-08-29;13762,62466497;0,00063432;0,00000000
2019-08-30;13737,94834496;-0,00179300;-0,00179300
2019-09-03;13827,76675742;0,00653798;0,00000000
2019-09-04;13892,06687302;0,00465007;0,00000000
2019-09-05;13782,03804266;-0,00792026;-0,00792026
2019-09-06;13740,17800869;-0,00303729;-0,01093350
2019-09-09;13695,64296511;-0,00324123;-0,01413929
2019-09-10;13628,75875253;-0,00488361;-0,01895385
2019-09-11;13703,24213730;0,00546516;-0,01359227
2019-09-12;13732,96705593;0,00216919;-0,01145257
2019-09-13;13663,44193153;-0,00506264;-0,01645723
2019-09-16;13700,28989980;0,00269683;-0,01380478
2019-09-17;13706,83154493;0,00047748;-0,01333389
2019-09-18;13669,49460512;-0,00272397;-0,01602154
2019-09-19;13716,28713144;0,00342314;-0,01265325
2019-09-20;13762,32066417;0,00335612;-0,00933959
2019-09-23;13796,23520645;0,00246430;-0,00689830
2019-09-24;13808,38063582;0,00088034;-0,00602403
2019-09-25;13713,60979590;-0,00686328;-0,01284597
2019-09-26;13719,65083366;0,00044051;-0,01241111
2019-09-27;13690,74776510;-0,00210669;-0,01449166
2019-09-30;13613,26524074;-0,00565948;-0,02006913
2019-10-01;13625,55561491;0,00090282;-0,01918442
2019-10-02;13634,14320309;0,00063026;-0,01856626
2019-10-03;13671,59870075;0,00274718;-0,01587008
2019-10-04;13727,99419301;0,00412501;-0,01181053
2019-10-07;13670,20626824;-0,00420950;-0,01597031
2019-10-08;13699,89437233;0,00217174;-0,01383325
2019-10-09;13728,33054128;0,00207565;-0,01178632
2019-10-10;13672,77878159;-0,00404651;-0,01578513
2019-10-11;13631,77854920;-0,00299868;-0,01873647
2019-10-14;13657,56274684;0,00189148;-0,01688043
2019-10-15;13628,18435207;-0,00215107;-0,01899520
2019-10-16;13639,10080449;0,00080102;-0,01820939
2019-10-17;13646,87823294;0,00057023;-0,01764954
2019-10-18;13619,50665709;-0,00200570;-0,01961985
2019-10-21;13591,04179379;-0,00209001;-0,02166885
2019-10-22;13606,58629403;0,00114373;-0,02054990
2019-10-23;13633,72167901;0,00199428;-0,01859660
2019-10-24;13717,91715912;0,00617553;-0,01253591
2019-10-25;13752,95401793;0,00255409;-0,01001383
2019-10-28;13708,82506181;-0,00320869;-0,01319039
2019-10-29;13670,29707854;-0,00281045;-0,01596377
2019-10-30;13727,51124289;0,00418529;-0,01184529
2019-10-31;13785,35843751;0,00421396;-0,00768125
2019-11-01;13816,78480330;0,00227969;-0,00541907
2019-11-04;13838,54888640;0,00157519;-0,00385241
2019-11-05;13746,56736747;-0,00664676;-0,01047357
2019-11-06;13773,80630163;0,00198151;-0,00851281
2019-11-07;13719,42651310;-0,00394806;-0,01242726
2019-11-08;13691,16302364;-0,00206011;-0,01446177
2019-11-11;13655,95278877;-0,00257175;-0,01699633
2019-11-12;13697,51223715;0,00304332;-0,01400473
2019-11-13;13708,63718571;0,00081219;-0,01320392
2019-11-14;13723,37910375;0,00107537;-0,01214274
2019-11-15;13737,35006387;0,00101804;-0,01113706
2019-11-18;13748,41910090;0,00080576;-0,01034027
2019-11-19;13758,54117467;0,00073624;-0,00961165
2019-11-20;13750,28235790;-0,00060027;-0,01020615
2019-11-21;13701,63201447;-0,00353813;-0,01370817
2019-11-22;13712,64438145;0,00080373;-0,01291546
2019-11-25;13709,56209919;-0,00022478;-0,01313734
2019-11-26;13758,26616804;0,00355256;-0,00963145
2019-11-27;13735,52962169;-0,00165257;-0,01126810
2019-11-29;13745,23678091;0,00070672;-0,01056935
2019-12-02;13698,37859962;-0,00340905;-0,01394237
2019-12-03;13706,91204311;0,00062295;-0,01332810
2019-12-04;13709,77160959;0,00020862;-0,01312226
2019-12-05;13714,96334895;0,00037869;-0,01274854
2019-12-06;13703,10970290;-0,00086429;-0,01360180
2019-12-09;13686,14837521;-0,00123777;-0,01482274
2019-12-10;13692,13013389;0,00043707;-0,01439215
2019-12-11;13752,12041140;0,00438137;-0,01007384
2019-12-12;13771,20388040;0,00138767;-0,00870014
2019-12-13;13778,64212201;0,00054013;-0,00816471
2019-12-16;13824,85824043;0,00335419;-0,00483791
2019-12-17;13845,04355440;0,00146007;-0,00338490
2019-12-18;13857,48563624;0,00089867;-0,00248928
2019-12-19;13896,59950147;0,00282258;0,00000000
2019-12-20;13910,96090091;0,00103345;0,00000000
2019-12-23;13978,87112138;0,00488178;0,00000000
2019-12-24;14030,13467775;0,00366722;0,00000000
2019-12-27;14075,09704381;0,00320470;0,00000000
2019-12-30;14064,65795563;-0,00074167;-0,00074167
2019-12-31;14058,71095476;-0,00042283;-0,00116419
2020-01-02;14168,57812276;0,00781488;0,00000000
2020-01-03;14240,47171385;0,00507416;0,00000000
2020-01-06;14290,20775372;0,00349258;0,00000000
2020-01-07;14332,52072169;0,00296098;0,00000000
2020-01-08;14311,46981212;-0,00146875;-0,00146875
2020-01-09;14313,38784368;0,00013402;-0,00133493
2020-01-10;14356,80950739;0,00303364;0,00000000
2020-01-13;14342,17683129;-0,00101922;-0,00101922
2020-01-14;14329,87721841;-0,00085758;-0,00187592
2020-01-15;14376,36593240;0,00324418;0,00000000
2020-01-16;14385,92325361;0,00066479;0,00000000
2020-01-17;14434,60206014;0,00338378;0,00000000
2020-01-21;14433,56265410;-0,00007201;-0,00007201
2020-01-22;14423,06867843;-0,00072705;-0,00079901
2020-01-23;14433,70733454;0,00073761;-0,00006198
2020-01-24;14478,03872424;0,00307138;0,00000000
2020-01-27;14427,73705059;-0,00347434;-0,00347434
2020-01-28;14439,67159367;0,00082719;-0,00265002
2020-01-29;14479,20376037;0,00273775;0,00000000
2020-01-30;14454,25656317;-0,00172297;-0,00172297
2020-01-31;14415,22825032;-0,00270013;-0,00441844
2020-02-03;14437,29717438;0,00153095;-0,00289426
2020-02-04;14390,16748682;-0,00326444;-0,00614925
2020-02-05;14427,62008724;0,00260265;-0,00356260
2020-02-06;14503,76299278;0,00527758;0,00000000
2020-02-07;14505,33662682;0,00010850;0,00000000
2020-02-10;14534,80291740;0,00203141;0,00000000
2020-02-11;14518,06938500;-0,00115127;-0,00115127
2020-02-12;14526,30535606;0,00056729;-0,00058464
2020-02-13;14560,92790069;0,00238344;0,00000000
2020-02-14;14601,35930275;0,00277671;0,00000000
2020-02-18;14683,75346423;0,00564291;0,00000000
2020-02-19;14773,89554346;0,00613890;0,00000000
2020-02-20;14791,18907408;0,00117055;0,00000000
2020-02-21;14862,19636656;0,00480065;0,00000000
2020-02-24;14825,35212032;-0,00247906;-0,00247906
2020-02-25;14596,52345737;-0,01543496;-0,01787575
2020-02-26;14645,95310728;0,00338640;-0,01454989
2020-02-27;14519,47864252;-0,00863545;-0,02305970
2020-02-28;14190,01230990;-0,02269133;-0,04522777
2020-03-02;14341,51510740;0,01067672;-0,03503394
2020-03-03;14499,53064827;0,01101805;-0,02440189
2020-03-04;14598,21287025;0,00680589;-0,01776208
2020-03-05;14678,14720297;0,00547562;-0,01238371
2020-03-06;14541,06740207;-0,00933904;-0,02160710
2020-03-09;14313,63377859;-0,01564078;-0,03690993
2020-03-10;14231,98314859;-0,00570440;-0,04240377
2020-03-11;14154,06317464;-0,00547499;-0,04764660
2020-03-12;13587,74422370;-0,04001105;-0,08575127
2020-03-13;13546,85000260;-0,00300964;-0,08850282
2020-03-16;13318,31374164;-0,01687007;-0,10387984
2020-03-17;13516,36019294;0,01487023;-0,09055433
2020-03-18;13281,67395219;-0,01736312;-0,10634514
2020-03-19;13218,41287098;-0,00476304;-0,11060165
2020-03-20;13237,88346645;0,00147299;-0,10929158
2020-03-23;13426,81835891;0,01427229;-0,09657913
2020-03-24;13951,01429678;0,03904096;-0,06130871
2020-03-25;13944,07590695;-0,00049734;-0,06177556
2020-03-26;14120,20692278;0,01263124;-0,04992462
2020-03-27;13909,83078917;-0,01489894;-0,06407973
2020-03-30;14022,99278723;0,00813540;-0,05646565
2020-03-31;13846,11510529;-0,01261340;-0,06836683
2020-04-01;13726,02299985;-0,00867334;-0,07644720
2020-04-02;13825,39303925;0,00723954;-0,06976111
2020-04-03;13854,77786759;0,00212542;-0,06778396
2020-04-06;14174,27329924;0,02306031;-0,04628677
2020-04-07;14247,29605877;0,00515178;-0,04137345
2020-04-08;14196,05170322;-0,00359678;-0,04482141
2020-04-09;14372,98613324;0,01246364;-0,03291642
2020-04-14;14557,29519964;0,01282330;-0,02051522
2020-04-15;14467,96606893;-0,00613638;-0,02652571
2020-04-16;14493,33854626;0,00175370;-0,02481853
2020-04-17;14453,98892325;-0,00271501;-0,02746616
2020-04-20;14504,11167768;0,00346775;-0,02409366
2020-04-21;14334,54301666;-0,01169108;-0,03550305
2020-04-22;14513,22489251;0,01246513;-0,02348048
2020-04-23;14585,51908148;0,00498126;-0,01861618
2020-04-24;14565,77962369;-0,00135336;-0,01994434
2020-04-27;14610,58831832;0,00307630;-0,01692940
2020-04-28;14585,21077669;-0,00173693;-0,01863692
2020-04-29;14720,31961971;0,00926341;-0,00954615
2020-04-30;14549,71273121;-0,01158989;-0,02102540
2020-05-01;14488,80564910;-0,00418614;-0,02512352
2020-05-04;14495,52633030;0,00046385;-0,02467132
2020-05-05;14673,94510321;0,01230854;-0,01266645
2020-05-06;14636,29100550;-0,00256605;-0,01520000
2020-05-07;14811,32621778;0,01195899;-0,00342279
2020-05-11;14833,94520871;0,00152714;-0,00190087
2020-05-12;14867,93774146;0,00229154;0,00000000
2020-05-13;14756,34163321;-0,00750582;-0,00750582
2020-05-14;14743,11589283;-0,00089628;-0,00839537
2020-05-15;14863,14728052;0,00814152;-0,00032220
2020-05-18;15077,94626216;0,01445178;0,00000000
2020-05-19;15096,68218511;0,00124260;0,00000000
2020-05-20;15184,74205715;0,00583306;0,00000000
2020-05-21;15028,61003145;-0,01028217;-0,01028217
2020-05-22;15069,67251271;0,00273229;-0,00757797
2020-05-26;15101,30587916;0,00209914;-0,00549474
2020-05-27;15156,14481100;0,00363140;-0,00188329
2020-05-28;15261,57150856;0,00695604;0,00000000
2020-05-29;15202,90664595;-0,00384396;-0,00384396
2020-06-01;15264,60522868;0,00405834;0,00000000
2020-06-02;15258,41448931;-0,00040556;-0,00040556
2020-06-03;15262,12920665;0,00024345;-0,00016221
2020-06-04;15284,75690669;0,00148260;0,00000000
2020-06-05;15330,20816141;0,00297363;0,00000000
2020-06-08;15403,07689761;0,00475328;0,00000000
2020-06-09;15439,78070158;0,00238289;0,00000000
2020-06-10;15540,03978936;0,00649356;0,00000000
2020-06-11;15211,75326421;-0,02112520;-0,02112520
2020-06-12;15245,71868624;0,00223284;-0,01893953
2020-06-15;15228,50853793;-0,00112885;-0,02004700
2020-06-16;15428,59434173;0,01313890;-0,00717150
2020-06-17;15462,54429046;0,00220046;-0,00498683
2020-06-18;15475,43848530;0,00083390;-0,00415709
2020-06-19;15559,16611573;0,00541036;0,00000000
2020-06-22;15589,46222541;0,00194716;0,00000000
2020-06-23;15690,22225290;0,00646334;0,00000000
2020-06-24;15514,52831871;-0,01119767;-0,01119767
2020-06-25;15535,08471814;0,00132498;-0,00988753
2020-06-26;15518,65452160;-0,00105762;-0,01093469
2020-06-29;15586,55651420;0,00437551;-0,00660703
2020-06-30;15652,24235467;0,00421426;-0,00242061
2020-07-01;15635,18172355;-0,00108998;-0,00350795
2020-07-02;15716,19873551;0,00518171;0,00000000
2020-07-06;15822,37153479;0,00675563;0,00000000
2020-07-07;15795,98330219;-0,00166778;-0,00166778
2020-07-08;15806,42408668;0,00066098;-0,00100791
2020-07-09;15764,97992705;-0,00262198;-0,00362724
2020-07-10;15780,81369186;0,00100436;-0,00262652
2020-07-13;15868,79464060;0,00557518;0,00000000
2020-07-14;15850,80164765;-0,00113386;-0,00113386
2020-07-15;15932,55808074;0,00515787;0,00000000
2020-07-16;15834,06203939;-0,00618206;-0,00618206
2020-07-17;15926,39240006;0,00583112;-0,00038699
2020-07-20;15965,64350601;0,00246453;0,00000000
2020-07-21;16036,28339884;0,00442449;0,00000000
2020-07-22;16113,59522653;0,00482106;0,00000000
2020-07-23;16143,11205148;0,00183180;0,00000000
2020-07-24;16085,84427699;-0,00354751;-0,00354751
2020-07-27;16194,65570328;0,00676442;0,00000000
2020-07-28;16227,11973818;0,00200461;0,00000000
2020-07-29;16282,09090524;0,00338761;0,00000000
2020-07-30;16178,80001211;-0,00634383;-0,00634383
2020-07-31;16243,65017604;0,00400834;-0,00236092
2020-08-03;16363,81287625;0,00739752;0,00000000
2020-08-04;16544,90737586;0,01106677;0,00000000
2020-08-05;16642,27992000;0,00588535;0,00000000
2020-08-06;16757,18158642;0,00690420;0,00000000
2020-08-07;16635,07354852;-0,00728691;-0,00728691
2020-08-10;16594,72498864;-0,00242551;-0,00969474
2020-08-11;16188,78405747;-0,02446205;-0,03391964
2020-08-12;16228,08859741;0,00242789;-0,03157410
2020-08-13;16385,71819467;0,00971338;-0,02216741
2020-08-14;16335,31161105;-0,00307625;-0,02517547
2020-08-17;16524,14651640;0,01155992;-0,01390658
2020-08-18;16569,83184226;0,00276476;-0,01118027
2020-08-19;16353,45227305;-0,01305865;-0,02409291
2020-08-20;16397,09177554;0,00266852;-0,02148869
2020-08-21;16374,29920440;-0,00139004;-0,02284885
2020-08-24;16409,76295225;0,00216582;-0,02073252
2020-08-25;16418,68322128;0,00054360;-0,02020020
2020-08-26;16556,49753926;0,00839375;-0,01197600
2020-08-27;16479,14737205;-0,00467189;-0,01659194
2020-08-28;16588,38526837;0,00662886;-0,01007307
2020-09-01;16646,77711728;0,00352004;-0,00658849
2020-09-02;16645,74410218;-0,00006205;-0,00665013
2020-09-03;16420,41084452;-0,01353699;-0,02009710
2020-09-04;16340,46960814;-0,00486841;-0,02486767
2020-09-08;16299,00214224;-0,00253772;-0,02734227
2020-09-09;16479,83640427;0,01109481;-0,01655083
2020-09-10;16477,92302255;-0,00011610;-0,01666501
2020-09-11;16458,90144682;-0,00115437;-0,01780014
2020-09-14;16556,92738630;0,00595580;-0,01195035
2020-09-15;16588,17085191;0,00188703;-0,01008587
2020-09-16;16550,78014715;-0,00225406;-0,01231719
2020-09-17;16447,12055936;-0,00626312;-0,01850317
2020-09-18;16419,84215105;-0,00165855;-0,02013104
2020-09-21;16186,94372091;-0,01418396;-0,03402946
2020-09-22;16237,66562365;0,00313351;-0,03100259
2020-09-23;16059,17685532;-0,01099227;-0,04165407
2020-09-24;16039,37459693;-0,00123308;-0,04283578
2020-09-25;16076,94182309;0,00234219;-0,04059392
2020-09-28;16220,40770775;0,00892370;-0,03203247
2020-09-29;16280,26161466;0,00369004;-0,02846063
2020-09-30;16246,55887200;-0,00207016;-0,03047187
2020-10-01;16339,23762683;0,00570452;-0,02494118
2020-10-02;16261,60478086;-0,00475131;-0,02957400
2020-10-05;16367,22303532;0,00649495;-0,02327113
2020-10-06;16293,96442053;-0,00447593;-0,02764290
2020-10-07;16337,18200956;0,00265237;-0,02506386
2020-10-08;16403,45916762;0,00405683;-0,02110871
2020-10-09;16526,03343313;0,00747246;-0,01379398
2020-10-12;16589,24627988;0,00382505;-0,01002169
2020-10-13;16515,92153700;-0,00442002;-0,01439741
2020-10-14;16494,14137586;-0,00131874;-0,01569716
2020-10-15;16467,94411523;-0,00158828;-0,01726051
2020-10-16;16500,13423713;0,00195471;-0,01533953
2020-10-19;16432,72245831;-0,00408553;-0,01936239
2020-10-20;16442,30678386;0,00058325;-0,01879044
2020-10-21;16401,56282108;-0,00247800;-0,02122187
2020-10-22;16347,33289118;-0,00330639;-0,02445809
2020-10-23;16385,37556267;0,00232715;-0,02218786
2020-10-26;16284,38641265;-0,00616337;-0,02821448
2020-10-27;16277,65381571;-0,00041344;-0,02861625
2020-10-28;16031,21839277;-0,01513949;-0,04332251
2020-10-29;16048,76046151;0,00109424;-0,04227567
2020-10-30;15986,85098377;-0,00385759;-0,04597018
2020-11-02;16123,16100758;0,00852638;-0,03783575
2020-11-03;16254,22853289;0,00812915;-0,03001418
2020-11-04;16492,84319175;0,01468016;-0,01577463
2020-11-05;16703,95866620;0,01280043;-0,00317613
2020-11-06;16675,96830313;-0,00167567;-0,00484648
2020-11-09;16672,07960401;-0,00023319;-0,00507854
2020-11-10;16514,62919904;-0,00944396;-0,01447453
2020-11-11;16601,21938090;0,00524324;-0,00930719
2020-11-12;16627,00735982;0,00155338;-0,00776826
2020-11-13;16657,57760969;0,00183859;-0,00594396
2020-11-16;16775,74895940;0,00709415;0,00000000
2020-11-17;16709,71145481;-0,00393649;-0,00393649
2020-11-18;16663,60496053;-0,00275926;-0,00668489
2020-11-19;16625,84917763;-0,00226576;-0,00893550
2020-11-20;16629,38877251;0,00021290;-0,00872451
2020-11-23;16506,99006169;-0,00736039;-0,01602068
2020-11-24;16544,46733274;0,00227039;-0,01378666
2020-11-25;16523,81260572;-0,00124844;-0,01501789
2020-11-27;16561,34718999;0,00227155;-0,01278046
2020-11-30;16438,49244104;-0,00741816;-0,02010381
2020-12-01;16638,01652392;0,01213761;-0,00821021
2020-12-02;16715,18056605;0,00463781;-0,00361047
2020-12-03;16762,44663888;0,00282773;-0,00079295
2020-12-04;16781,78147173;0,00115346;0,00000000
2020-12-07;16937,66944291;0,00928912;0,00000000
2020-12-08;16971,73364294;0,00201115;0,00000000
2020-12-09;16794,93354811;-0,01041733;-0,01041733
2020-12-10;16784,61470764;-0,00061440;-0,01102533
2020-12-11;16793,22585696;0,00051304;-0,01051795
2020-12-14;16754,30930362;-0,00231740;-0,01281097
2020-12-15;16882,29981981;0,00763926;-0,00526957
2020-12-16;16954,60976326;0,00428318;-0,00100896
2020-12-17;17058,75041641;0,00614232;0,00000000
2020-12-18;17043,89831507;-0,00087064;-0,00087064
2020-12-21;17023,42209140;-0,00120138;-0,00207098
2020-12-22;17004,24486455;-0,00112652;-0,00319517
2020-12-23;17012,61527678;0,00049225;-0,00270449
2020-12-24;17036,01762017;0,00137559;-0,00133262
2020-12-29;17100,05582051;0,00375899;0,00000000
2020-12-30;17146,27283329;0,00270274;0,00000000
2020-12-31;17168,84365250;0,00131637;0,00000000
2021-01-04;17335,72622233;0,00972008;0,00000000
2021-01-05;17356,76264249;0,00121347;0,00000000
2021-01-06;17286,19045368;-0,00406598;-0,00406598
2021-01-07;17335,32363301;0,00284234;-0,00123520
2021-01-08;17178,71198733;-0,00903425;-0,01025829
2021-01-11;17155,47155532;-0,00135286;-0,01159727
2021-01-12;17149,95859964;-0,00032135;-0,01191490
2021-01-13;17147,99648677;-0,00011441;-0,01202794
2021-01-14;17129,97874280;-0,00105072;-0,01306603
2021-01-15;17038,98253832;-0,00531210;-0,01830872
2021-01-19;17108,32268235;0,00406950;-0,01431373
2021-01-20;17245,51478081;0,00801903;-0,00640948
2021-01-21;17260,97241062;0,00089633;-0,00551890
2021-01-22;17214,18321185;-0,00271069;-0,00821463
2021-01-25;17219,55117202;0,00031183;-0,00790536
2021-01-26;17213,22798353;-0,00036721;-0,00826967
2021-01-27;17113,80365577;-0,00577604;-0,01399794
2021-01-28;17126,06003856;0,00071617;-0,01329180
2021-01-29;17043,62861535;-0,00481322;-0,01804104
2021-02-01;17156,06909715;0,00659721;-0,01156284
2021-02-02;17157,37537940;0,00007614;-0,01148758
2021-02-03;17141,34942260;-0,00093406;-0,01241091
2021-02-04;17068,14437182;-0,00427067;-0,01662858
2021-02-05;17126,22718690;0,00340300;-0,01328217
2021-02-08;17207,39470222;0,00473937;-0,00860575
2021-02-09;17212,12306778;0,00027479;-0,00833333
2021-02-10;17223,00925246;0,00063247;-0,00770613
2021-02-11;17208,03085311;-0,00086967;-0,00856910
2021-02-12;17203,06522041;-0,00028856;-0,00885519
2021-02-16;17123,40995002;-0,00463030;-0,01344448
2021-02-17;17047,27254238;-0,00444639;-0,01783110
2021-02-18;17010,54421454;-0,00215450;-0,01994718
2021-02-19;17039,37747409;0,00169502;-0,01828597
2021-02-22;17051,12679207;0,00068954;-0,01760904
2021-02-23;17013,69943073;-0,00219501;-0,01976539
2021-02-24;17049,45490715;0,00210157;-0,01770536
2021-02-25;16895,94235410;-0,00900396;-0,02654990
2021-02-26;16763,85679204;-0,00781759;-0,03415993
2021-03-01;16842,98574788;0,00472021;-0,02960096
2021-03-02;16844,37336335;0,00008239;-0,02952102
2021-03-03;16740,50332168;-0,00616645;-0,03550543
2021-03-04;16629,62615184;-0,00662329;-0,04189356
2021-03-05;16634,30145356;0,00028114;-0,04162419
2021-03-08;16619,03992307;-0,00091747;-0,04250347
2021-03-09;16773,47833407;0,00929286;-0,03360559
2021-03-10;16797,68187317;0,00144296;-0,03221112
2021-03-11;16843,57318935;0,00273200;-0,02956712
2021-03-12;16833,40749366;-0,00060354;-0,03015281
2021-03-15;16878,42104550;0,00267406;-0,02755938
2021-03-16;16910,99459720;0,00192989;-0,02568267
2021-03-17;16937,48309944;0,00156635;-0,02415655
2021-03-18;16869,43058780;-0,00401786;-0,02807736
2021-03-19;16878,05060128;0,00051098;-0,02758072
2021-03-22;16906,51028464;0,00168619;-0,02594103
2021-03-23;16861,81750894;-0,00264352;-0,02851598
2021-03-24;16864,60378648;0,00016524;-0,02835545
2021-03-25;16822,43871514;-0,00250021;-0,03078477
2021-03-26;16894,00816587;0,00425440;-0,02666134
2021-03-29;16828,13546421;-0,00389918;-0,03045655
2021-03-30;16739,53693963;-0,00526490;-0,03556111
2021-03-31;16835,41378135;0,00572757;-0,03003722
2021-04-01;16938,33987651;0,00611367;-0,02410719
2021-04-06;17041,44371964;0,00608701;-0,01816692
2021-04-07;17042,35455792;0,00005345;-0,01811444
2021-04-08;17138,26076264;0,00562752;-0,01258886
2021-04-09;17122,30394256;-0,00093106;-0,01350820
2021-04-12;17084,20183780;-0,00222529;-0,01570344
2021-04-13;17140,76803295;0,00331102;-0,01244441
2021-04-14;17105,68092835;-0,00204700;-0,01446593
2021-04-15;17227,77932650;0,00713789;-0,00743130
2021-04-16;17257,83885193;0,00174483;-0,00569944
2021-04-19;17198,95797309;-0,00341183;-0,00909183
2021-04-20;17178,32530510;-0,00119965;-0,01028057
2021-04-21;17266,16767043;0,00511356;-0,00521958
2021-04-22;17247,06044901;-0,00110663;-0,00632043
2021-04-23;17244,16073301;-0,00016813;-0,00648749
2021-04-26;17272,94892977;0,00166945;-0,00482888
2021-04-27;17243,45969500;-0,00170725;-0,00652788
2021-04-28;17249,34929899;0,00034156;-0,00618856
2021-04-29;17220,41614326;-0,00167735;-0,00785553
2021-04-30;17196,01453427;-0,00141702;-0,00926141
2021-05-04;17154,70131053;-0,00240249;-0,01164165
2021-05-05;17198,88196317;0,00257543;-0,00909621
2021-05-06;17300,82803203;0,00592748;-0,00322264
2021-05-07;17378,01001190;0,00446117;0,00000000
2021-05-10;17336,65983498;-0,00237945;-0,00237945
2021-05-11;17281,48487166;-0,00318256;-0,00555444
2021-05-12;17171,30608023;-0,00637554;-0,01189457
2021-05-13;17222,65209974;0,00299022;-0,00893991
2021-05-14;17323,05807201;0,00582988;-0,00316215
2021-05-17;17369,43607773;0,00267724;-0,00049338
2021-05-18;17364,58912932;-0,00027905;-0,00077229
2021-05-19;17338,79777386;-0,00148528;-0,00225643
2021-05-20;17432,63460686;0,00541196;0,00000000
2021-05-21;17436,67824527;0,00023196;0,00000000
2021-05-24;17488,79253247;0,00298877;0,00000000
2021-05-25;17537,90147224;0,00280802;0,00000000
2021-05-26;17531,34756118;-0,00037370;-0,00037370
2021-05-27;17522,13030132;-0,00052576;-0,00089926
2021-05-28;17551,88056053;0,00169787;0,00000000
2021-06-01;17537,02753412;-0,00084624;-0,00084624
2021-06-02;17575,88429190;0,00221570;0,00000000
2021-06-03;17451,47447231;-0,00707844;-0,00707844
2021-06-04;17546,22577113;0,00542942;-0,00168746
2021-06-07;17568,96971744;0,00129623;-0,00039341
2021-06-08;17554,48691819;-0,00082434;-0,00121743
2021-06-09;17557,61339841;0,00017810;-0,00103954
2021-06-10;17587,89100920;0,00172447;0,00000000
2021-06-11;17544,34154815;-0,00247610;-0,00247610
2021-06-14;17531,56592736;-0,00072819;-0,00320249
2021-06-15;17507,62353825;-0,00136567;-0,00456379
2021-06-16;17410,16103221;-0,00556686;-0,01010525
2021-06-17;17274,15808359;-0,00781170;-0,01783801
2021-06-18;17218,03336425;-0,00324906;-0,02102911
2021-06-21;17301,07336740;0,00482285;-0,01630768
2021-06-22;17306,77400247;0,00032950;-0,01598355
2021-06-23;17294,07345306;-0,00073385;-0,01670567
2021-06-24;17322,51427005;0,00164454;-0,01508860
2021-06-25;17344,78239122;0,00128550;-0,01382250
2021-06-28;17360,87322007;0,00092770;-0,01290762
2021-06-29;17334,41949238;-0,00152376;-0,01441171
2021-06-30;17356,49196319;0,00127333;-0,01315673
2021-07-01;17387,35798953;0,00177836;-0,01140177
2021-07-02;17480,99417261;0,00538530;-0,00607787
2021-07-06;17525,70802724;0,00255786;-0,00353556
2021-07-07;17582,99696936;0,00326885;-0,00027826
2021-07-08;17534,86594938;-0,00273736;-0,00301486
2021-07-09;17598,25740688;0,00361517;0,00000000
2021-07-12;17595,07579236;-0,00018079;-0,00018079
2021-07-13;17626,25459856;0,00177202;0,00000000
2021-07-14;17716,39535051;0,00511400;0,00000000
2021-07-15;17689,51529106;-0,00151724;-0,00151724
2021-07-16;17589,22857057;-0,00566927;-0,00717792
2021-07-19;17531,04160832;-0,00330810;-0,01046227
2021-07-20;17596,81798100;0,00375199;-0,00674953
2021-07-21;17597,59926348;0,00004440;-0,00670543
2021-07-22;17627,73047644;0,00171223;-0,00500468
2021-07-23;17644,53465649;0,00095328;-0,00405617
2021-07-26;17621,89668116;-0,00128300;-0,00533397
2021-07-27;17585,77642152;-0,00204974;-0,00737277
2021-07-28;17631,51280006;0,00260076;-0,00479119
2021-07-29;17737,78927651;0,00602764;0,00000000
2021-07-30;17668,27844798;-0,00391880;-0,00391880
2021-08-02;17665,49499076;-0,00015754;-0,00407572
2021-08-03;17653,63045136;-0,00067162;-0,00474461
2021-08-04;17668,46273602;0,00084018;-0,00390841
2021-08-05;17664,86423644;-0,00020367;-0,00411128
2021-08-06;17553,09207780;-0,00632737;-0,01041264
2021-08-09;17459,16032129;-0,00535129;-0,01570821
2021-08-10;17460,00758980;0,00004853;-0,01566045
2021-08-11;17530,25265208;0,00402320;-0,01170025
2021-08-12;17557,66927248;0,00156396;-0,01015459
2021-08-13;17649,06973380;0,00520573;-0,00500172
2021-08-16;17658,93684628;0,00055907;-0,00444545
2021-08-17;17660,41403834;0,00008365;-0,00436217
2021-08-18;17640,64562582;-0,00111936;-0,00547665
2021-08-19;17615,33051913;-0,00143504;-0,00690383
2021-08-20;17673,20829949;0,00328565;-0,00364087
2021-08-23;17778,16842566;0,00593894;0,00000000
2021-08-24;17782,18913391;0,00022616;0,00000000
2021-08-25;17751,18208527;-0,00174371;-0,00174371
2021-08-26;17736,89909264;-0,00080462;-0,00254693
2021-08-27;17836,56325198;0,00561903;0,00000000
2021-08-31;17842,64343369;0,00034088;0,00000000
2021-09-01;17857,09202261;0,00080978;0,00000000
2021-09-02;17829,12872287;-0,00156595;-0,00156595
2021-09-03;17932,16210270;0,00577894;0,00000000
2021-09-07;17754,60309797;-0,00990171;-0,00990171
2021-09-08;17711,95246285;-0,00240223;-0,01228015
2021-09-09;17728,47177539;0,00093266;-0,01135894
2021-09-10;17654,36421813;-0,00418014;-0,01549160
2021-09-13;17674,55348013;0,00114358;-0,01436573
2021-09-14;17731,48204700;0,00322093;-0,01119107
2021-09-15;17692,23001842;-0,00221369;-0,01337999
2021-09-16;17495,02484603;-0,01114643;-0,02437728
2021-09-17;17432,38017512;-0,00358071;-0,02787070
2021-09-20;17420,42036331;-0,00068607;-0,02853765
2021-09-21;17497,37496488;0,00441749;-0,02424622
2021-09-22;17505,77699383;0,00048019;-0,02377767
2021-09-23;17451,27819696;-0,00311319;-0,02681684
2021-09-24;17447,74879920;-0,00020224;-0,02701366
2021-09-27;17436,41986643;-0,00064931;-0,02764542
2021-09-28;17247,22888217;-0,01085033;-0,03819580
2021-09-29;17231,94978655;-0,00088589;-0,03904785
2021-09-30;17343,55269007;0,00647651;-0,03282423
2021-10-01;17376,84379291;0,00191951;-0,03096773
2021-10-04;17333,43042741;-0,00249835;-0,03338871
2021-10-05;17366,06736820;0,00188289;-0,03156868
2021-10-06;17370,38207082;0,00024846;-0,03132807
2021-10-07;17404,37786474;0,00195711;-0,02943227
2021-10-08;17391,49757130;-0,00074006;-0,03015055
2021-10-11;17381,04017233;-0,00060129;-0,03073371
2021-10-12;17378,57665725;-0,00014174;-0,03087109
2021-10-13;17469,14247464;0,00521135;-0,02582062
2021-10-14;17554,11638070;0,00486423;-0,02108199
2021-10-15;17491,67874034;-0,00355687;-0,02456387
2021-10-18;17501,78124340;0,00057756;-0,02400050
2021-10-19;17537,79313289;0,00205761;-0,02199227
2021-10-20;17587,45813977;0,00283188;-0,01922267
2021-10-21;17585,82219561;-0,00009302;-0,01931390
2021-10-22;17622,26854741;0,00207248;-0,01728144
2021-10-25;17674,20844298;0,00294740;-0,01438497
2021-10-26;17649,28499870;-0,00141016;-0,01577485
2021-10-27;17660,45146880;0,00063269;-0,01515214
2021-10-28;17675,28556628;0,00083996;-0,01432491
2021-10-29;17655,26259217;-0,00113282;-0,01544150
2021-11-01;17695,94308959;0,00230416;-0,01317292
2021-11-02;17717,76886406;0,00123338;-0,01195579
2021-11-03;17675,37839206;-0,00239254;-0,01431973
2021-11-04;17802,37260949;0,00718481;-0,00723781
2021-11-05;17898,16400890;0,00538082;-0,00189593
2021-11-08;17917,64934400;0,00108868;-0,00080931
2021-11-09;17926,35047536;0,00048562;-0,00032409
2021-11-10;17965,86593246;0,00220432;0,00000000
2021-11-11;18011,40855456;0,00253495;0,00000000
2021-11-12;18047,15395793;0,00198460;0,00000000
2021-11-15;18038,31689919;-0,00048966;-0,00048966
2021-11-16;18024,49881097;-0,00076604;-0,00125533
2021-11-17;18049,97096740;0,00141320;0,00000000
2021-11-18;18047,40481516;-0,00014217;-0,00014217
2021-11-19;18025,15331481;-0,00123295;-0,00137494
2021-11-22;17895,80295364;-0,00717610;-0,00854118
2021-11-23;17825,31322977;-0,00393890;-0,01244643
2021-11-24;17846,60614501;0,00119453;-0,01126677
2021-11-26;17733,70379695;-0,00632626;-0,01752176
2021-11-29;17801,54621620;0,00382562;-0,01376317
2021-11-30;17727,52446788;-0,00415816;-0,01786410
2021-12-01;17753,11077305;0,00144331;-0,01644657
2021-12-02;17694,76649416;-0,00328643;-0,01967895
2021-12-03;17712,30813024;0,00099135;-0,01870711
2021-12-06;17732,18040140;0,00112195;-0,01760615
2021-12-07;17874,94118915;0,00805094;-0,00969696
2021-12-08;17881,24353327;0,00035258;-0,00934780
2021-12-09;17838,59153882;-0,00238529;-0,01171079
2021-12-10;17879,32820800;0,00228363;-0,00945391
2021-12-13;17860,92602729;-0,00102924;-0,01047342
2021-12-14;17753,09461243;-0,00603728;-0,01644747
2021-12-15;17822,19501424;0,00389230;-0,01261919
2021-12-16;17858,18055243;0,00201914;-0,01062552
2021-12-17;17822,86747112;-0,00197742;-0,01258193
2021-12-20;17736,26697879;-0,00485895;-0,01737975
2021-12-21;17807,44207170;0,00401297;-0,01343653
2021-12-22;17900,06032347;0,00520110;-0,00830531
2021-12-23;17933,95338391;0,00189346;-0,00642758
2021-12-29;17963,60786460;0,00165354;-0,00478467
2021-12-30;17992,09277789;0,00158570;-0,00320655
2021-12-31;18007,24364732;0,00084208;-0,00236717
2022-01-04;17964,85993694;-0,00235370;-0,00471530
2022-01-05;17888,23853348;-0,00426507;-0,00896026
2022-01-06;17775,43402939;-0,00630607;-0,01520983
2022-01-07;17770,44067129;-0,00028091;-0,01548647
2022-01-10;17749,00885098;-0,00120604;-0,01667383
2022-01-11;17863,37993109;0,00644380;-0,01033747
2022-01-12;17894,04413953;0,00171660;-0,00863862
2022-01-13;17829,47180709;-0,00360859;-0,01221604
2022-01-14;17793,13902912;-0,00203779;-0,01422894
2022-01-18;17739,61399131;-0,00300818;-0,01719432
2022-01-19;17781,10798374;0,00233906;-0,01489548
2022-01-20;17762,46349206;-0,00104856;-0,01592842
2022-01-21;17670,51952698;-0,00517631;-0,02102227
2022-01-24;17619,18597122;-0,00290504;-0,02386624
2022-01-25;17612,95486236;-0,00035365;-0,02421146
2022-01-26;17580,10799693;-0,00186493;-0,02603123
2022-01-27;17511,59104036;-0,00389741;-0,02982719
2022-01-28;17533,39021840;0,00124484;-0,02861948
2022-01-31;17654,15051878;0,00688745;-0,02192915
2022-02-01;17682,00489504;0,00157778;-0,02038596
2022-02-02;17736,78020843;0,00309780;-0,01735132
2022-02-03;17644,09138260;-0,00522580;-0,02248644
2022-02-04;17652,65308866;0,00048524;-0,02201211
2022-02-07;17728,37284282;0,00428943;-0,01781710
2022-02-08;17775,77309413;0,00267369;-0,01519104
2022-02-09;17899,97978005;0,00698741;-0,00830977
2022-02-10;17786,23167776;-0,00635465;-0,01461162
2022-02-11;17885,57739691;0,00558554;-0,00910769
2022-02-14;17900,02027948;0,00080752;-0,00830753
2022-02-15;17885,73520322;-0,00079805;-0,00909895
2022-02-16;17972,54234376;0,00485343;-0,00428968
2022-02-17;18027,14539979;0,00303814;-0,00126458
2022-02-18;17968,12445484;-0,00327400;-0,00453444
2022-02-22;17954,12395946;-0,00077919;-0,00531009
2022-02-23;17933,71427767;-0,00113677;-0,00644082
2022-02-24;17905,49068730;-0,00157377;-0,00800446
2022-02-25;17987,40331257;0,00457472;-0,00346636
2022-02-28;18088,93891422;0,00564482;0,00000000
2022-03-01;18208,52566107;0,00661104;0,00000000
2022-03-02;18202,48083975;-0,00033198;-0,00033198
2022-03-03;18200,27107622;-0,00012140;-0,00045334
2022-03-04;18255,40725578;0,00302942;0,00000000
2022-03-07;18284,48868640;0,00159303;0,00000000
2022-03-08;18440,89752126;0,00855418;0,00000000
2022-03-09;18351,61373594;-0,00484162;-0,00484162
2022-03-10;18319,78805604;-0,00173422;-0,00656744
2022-03-11;18251,29664476;-0,00373866;-0,01028154
2022-03-14;18085,57230808;-0,00908014;-0,01926833
2022-03-15;18030,78248297;-0,00302948;-0,02223943
2022-03-16;18186,96923882;0,00866223;-0,01376984
2022-03-17;18265,06739311;0,00429418;-0,00953479
2022-03-18;18259,51984657;-0,00030372;-0,00983562
2022-03-21;18319,86192207;0,00330469;-0,00656343
2022-03-22;18312,74032619;-0,00038874;-0,00694962
2022-03-23;18375,72198996;0,00343923;-0,00353429
2022-03-24;18489,31768893;0,00618184;0,00000000
2022-03-25;18471,22691694;-0,00097844;-0,00097844
2022-03-28;18382,70852440;-0,00479223;-0,00576599
2022-03-29;18475,95489652;0,00507250;-0,00072273
2022-03-30;18497,74618614;0,00117944;0,00000000
2022-03-31;18466,49821550;-0,00168929;-0,00168929
2022-04-01;18380,87440872;-0,00463671;-0,00631816
2022-04-04;18487,76813166;0,00581549;-0,00053942
2022-04-05;18375,07415000;-0,00609560;-0,00663173
2022-04-06;18296,95009897;-0,00425163;-0,01085517
2022-04-07;18325,37929748;0,00155377;-0,00931826
2022-04-08;18397,85993961;0,00395521;-0,00539991
2022-04-11;18345,36835217;-0,00285314;-0,00823764
2022-04-12;18412,34323597;0,00365078;-0,00461694
2022-04-13;18478,49850240;0,00359298;-0,00104054
2022-04-14;18390,94113158;-0,00473834;-0,00577395
2022-04-19;18336,25047599;-0,00297378;-0,00873056
2022-04-20;18396,22937052;0,00327106;-0,00548806
2022-04-21;18326,91446513;-0,00376789;-0,00923527
2022-04-22;18141,92456409;-0,01009389;-0,01923594
2022-04-25;17975,89965896;-0,00915145;-0,02821136
2022-04-26;17918,33479831;-0,00320234;-0,03132335
2022-04-27;17895,06085913;-0,00129889;-0,03258155
2022-04-28;18046,14409117;0,00844273;-0,02441390
2022-04-29;17948,32801726;-0,00542033;-0,02970190
2022-05-03;17834,15899529;-0,00636098;-0,03587395
2022-05-04;17965,73310847;0,00737765;-0,02876097
2022-05-05;17858,70467305;-0,00595737;-0,03454699
2022-05-06;17845,18503897;-0,00075703;-0,03527787
2022-05-09;17561,73227894;-0,01588399;-0,05060151
2022-05-10;17504,65539820;-0,00325007;-0,05368712
2022-05-11;17542,18012046;0,00214370;-0,05165851
2022-05-12;17360,77318911;-0,01034119;-0,06146549
2022-05-13;17411,43301115;0,00291806;-0,05872679
2022-05-16;17458,50385578;0,00270344;-0,05618211
2022-05-17;17462,41832214;0,00022422;-0,05597049
2022-05-18;17340,48075659;-0,00698286;-0,06256251
2022-05-19;17401,45192366;0,00351612;-0,05926637
2022-05-20;17399,16332519;-0,00013152;-0,05939009
2022-05-23;17521,67582902;0,00704129;-0,05276699
2022-05-24;17525,99332255;0,00024641;-0,05253358
2022-05-25;17520,39355718;-0,00031951;-0,05283631
2022-05-26;17593,61747326;0,00417935;-0,04887778
2022-05-27;17700,96320650;0,00610140;-0,04307460
2022-05-31;17598,72128669;-0,00577607;-0,04860186
2022-06-01;17651,11398639;0,00297707;-0,04576948
2022-06-06;17645,32835466;-0,00032778;-0,04608225
2022-06-07;17716,19531264;0,00401619;-0,04225114
2022-06-08;17701,69875991;-0,00081827;-0,04303483
2022-06-09;17561,75042848;-0,00790593;-0,05060053
2022-06-10;17501,66633861;-0,00342130;-0,05384871
2022-06-13;17099,80527621;-0,02296130;-0,07557358
2022-06-14;17052,64399376;-0,00275800;-0,07812315
2022-06-15;17230,14162757;0,01040880;-0,06852751
2022-06-16;17117,05855456;-0,00656310;-0,07464086
2022-06-17;17082,14934873;-0,00203944;-0,07652807
2022-06-21;17159,35773244;0,00451983;-0,07235414
2022-06-22;17186,76896917;0,00159745;-0,07087227
2022-06-23;17164,58251770;-0,00129090;-0,07207168
2022-06-24;17311,98901208;0,00858783;-0,06410279
2022-06-27;17305,51862497;-0,00037375;-0,06445259
2022-06-28;17208,89213585;-0,00558357;-0,06967628
2022-06-29;17191,14693675;-0,00103116;-0,07063559
2022-06-30;17065,75731782;-0,00729385;-0,07741423
2022-07-01;17091,15335665;0,00148813;-0,07604131
2022-07-05;16985,47797398;-0,00618305;-0,08175419
2022-07-06;16945,45394706;-0,00235637;-0,08391791
2022-07-07;17033,38720467;0,00518919;-0,07916418
2022-07-08;17048,07258458;0,00086215;-0,07837028
2022-07-11;16962,32251921;-0,00502990;-0,08300599
2022-07-12;16905,21317745;-0,00336684;-0,08609335
2022-07-13;16892,41573469;-0,00075701;-0,08678519
2022-07-14;16810,86031423;-0,00482793;-0,09119413
2022-07-15;16899,91410346;0,00529740;-0,08637983
2022-07-18;16878,37493380;-0,00127451;-0,08754425
2022-07-19;16989,28818014;0,00657132;-0,08154821
2022-07-20;17013,75601904;0,00144019;-0,08022546
2022-07-21;17147,97732391;0,00788899;-0,07296937
2022-07-22;17116,69010130;-0,00182454;-0,07466078
2022-07-25;17076,22138814;-0,00236428;-0,07684854
2022-07-26;16998,12493809;-0,00457340;-0,08107048
2022-07-27;17202,18130372;0,01200464;-0,07003907
2022-07-28;17346,44654741;0,00838645;-0,06224000
2022-07-29;17435,43378622;0,00513000;-0,05742929
2022-08-01;17460,77226052;0,00145327;-0,05605947
2022-08-02;17407,50128934;-0,00305089;-0,05893934
2022-08-03;17495,01734201;0,00502749;-0,05420816
2022-08-04;17615,42974773;0,00688267;-0,04769859
2022-08-05;17539,34521098;-0,00431920;-0,05181177
2022-08-08;17603,35950381;0,00364975;-0,04835112
2022-08-09;17586,01808435;-0,00098512;-0,04928860
2022-08-10;17635,90207861;0,00283657;-0,04659184
2022-08-11;17629,30765276;-0,00037392;-0,04694834
2022-08-12;17746,70163723;0,00665902;-0,04060195
2022-08-15;17691,52098172;-0,00310935;-0,04358505
2022-08-16;17680,54218322;-0,00062057;-0,04417857
2022-08-17;17616,01235895;-0,00364977;-0,04766710
2022-08-18;17629,31979605;0,00075542;-0,04694769
2022-08-19;17551,88925276;-0,00439215;-0,05113363
2022-08-22;17429,70269913;-0,00696145;-0,05773911
2022-08-23;17447,12593597;0,00099963;-0,05679720
2022-08-24;17487,10492866;0,00229144;-0,05463591
2022-08-25;17545,41475017;0,00333445;-0,05148365
2022-08-26;17373,25031331;-0,00981250;-0,06079097
2022-08-30;17244,85403644;-0,00739046;-0,06773215
2022-08-31;17176,16301673;-0,00398328;-0,07144563
2022-09-01;17087,04735868;-0,00518833;-0,07626328
2022-09-02;17175,16028781;0,00515671;-0,07149984
2022-09-06;17086,99661721;-0,00513321;-0,07626602
2022-09-07;17190,15714023;0,00603737;-0,07068910
2022-09-08;17186,01771005;-0,00024080;-0,07091288
2022-09-09;17275,99192707;0,00523532;-0,06604882
2022-09-12;17349,03841466;0,00422821;-0,06209988
2022-09-13;17139,75331859;-0,01206321;-0,07341396
2022-09-14;17090,31640295;-0,00288434;-0,07608656
2022-09-15;16937,87578348;-0,00891971;-0,08432759
2022-09-16;16936,09224898;-0,00010530;-0,08442401
2022-09-20;16911,95541186;-0,00142517;-0,08572886
2022-09-21;16936,29848333;0,00143940;-0,08441286
2022-09-22;16870,20642352;-0,00390239;-0,08798584
2022-09-23;16758,13477146;-0,00664317;-0,09404451
2022-09-26;16721,45359228;-0,00218886;-0,09602751
2022-09-27;16704,40311295;-0,00101968;-0,09694927
2022-09-28;16864,39505148;0,00957783;-0,08830001
2022-09-29;16743,42492066;-0,00717311;-0,09483973
2022-09-30;16715,41521359;-0,00167288;-0,09635395
2022-10-03;16878,75847577;0,00977201;-0,08752351
2022-10-04;17138,72710991;0,01540212;-0,07346944
2022-10-05;17131,49973247;-0,00042170;-0,07386016
2022-10-06;17184,38137456;0,00308681;-0,07100134
2022-10-07;16960,43399607;-0,01303203;-0,08310808
2022-10-10;16813,54230854;-0,00866084;-0,09104914
2022-10-11;16719,61551976;-0,00558638;-0,09612688
2022-10-12;16739,67641359;0,00119984;-0,09504238
2022-10-13;16651,43176897;-0,00527159;-0,09981294
2022-10-14;16626,39310880;-0,00150369;-0,10116655
2022-10-17;16664,93348708;0,00231802;-0,09908303
2022-10-18;16775,51147760;0,00663537;-0,09310511
2022-10-19;16732,26553538;-0,00257792;-0,09544301
2022-10-20;16730,22549214;-0,00012192;-0,09555330
2022-10-21;16847,67922174;0,00702045;-0,08920368
2022-10-24;16929,65886713;0,00486593;-0,08477180
2022-10-25;16983,84761486;0,00320082;-0,08184233
2022-10-26;16992,43499266;0,00050562;-0,08137809
2022-10-27;16912,53778845;-0,00470193;-0,08569738
2022-10-28;16942,33324225;0,00176174;-0,08408662
2022-10-31;16949,68084470;0,00043368;-0,08368940
2022-11-01;16999,56597601;0,00294313;-0,08099258
2022-11-02;16866,12396936;-0,00784973;-0,08820654
2022-11-03;16827,38461059;-0,00229687;-0,09030082
2022-11-04;16989,73372074;0,00964791;-0,08152412
2022-11-07;16976,41173601;-0,00078412;-0,08224431
2022-11-08;17167,42527607;0,01125170;-0,07191800
2022-11-09;17111,86713751;-0,00323625;-0,07492151
2022-11-10;17485,64940133;0,02184345;-0,05471460
2022-11-11;17572,82077307;0,00498531;-0,05000206
2022-11-14;17641,08299385;0,00388453;-0,04631176
2022-11-15;17649,97778995;0,00050421;-0,04583090
2022-11-16;17530,00640561;-0,00679725;-0,05231663
2022-11-17;17463,09607395;-0,00381690;-0,05593385
2022-11-18;17423,13117297;-0,00228853;-0,05809438
2022-11-21;17394,40611539;-0,00164867;-0,05964727
2022-11-22;17459,17882337;0,00372377;-0,05614562
2022-11-23;17485,45443237;0,00150497;-0,05472514
2022-11-25;17482,02485216;-0,00019614;-0,05491055
2022-11-28;17376,13756523;-0,00605692;-0,06063488
2022-11-29;17355,56423931;-0,00118400;-0,06174709
2022-11-30;17555,42496342;0,01151566;-0,05094249
2022-12-01;17673,14397655;0,00670556;-0,04457852
2022-12-02;17614,12293242;-0,00333959;-0,04776924
2022-12-05;17466,93810077;-0,00835607;-0,05572614
2022-12-06;17325,82420336;-0,00807891;-0,06335485
2022-12-07;17335,71716430;0,00057100;-0,06282003
2022-12-08;17412,97754569;0,00445672;-0,05864329
2022-12-09;17395,49733490;-0,00100386;-0,05958828
2022-12-12;17394,69191154;-0,00004630;-0,05963182
2022-12-13;17606,16953341;0,01215760;-0,04819920
2022-12-14;17551,14465065;-0,00312532;-0,05117388
2022-12-15;17256,51716504;-0,01678680;-0,06710164
2022-12-16;17221,62321776;-0,00202207;-0,06898802
2022-12-19;17150,28623120;-0,00414229;-0,07284455
2022-12-20;17246,31206663;0,00559908;-0,06765333
2022-12-21;17397,81398872;0,00878460;-0,05946304
2022-12-22;17200,70447110;-0,01132956;-0,07011891
2022-12-23;17236,50993192;0,00208163;-0,06818324
2022-12-28;17176,65270436;-0,00347270;-0,07141916
2022-12-29;17320,67462640;0,00838475;-0,06363324
2022-12-30;17320,80812043;0,00000771;-0,06362603
2023-01-03;17368,23797854;0,00273832;-0,06106194
2023-01-04;17484,90359210;0,00671718;-0,05475492
2023-01-05;17333,24641779;-0,00867361;-0,06295360
2023-01-06;17578,69173093;0,01416038;-0,04968467
2023-01-09;17633,19134791;0,00310032;-0,04673839
2023-01-10;17656,15064475;0,00130205;-0,04549719
2023-01-11;17713,72904304;0,00326110;-0,04238447
2023-01-12;17861,79608672;0,00835889;-0,03437987
2023-01-13;17995,13721153;0,00746516;-0,02717136
2023-01-17;17934,72227356;-0,00335729;-0,03043743
2023-01-18;17854,37185723;-0,00448016;-0,03478123
2023-01-19;17965,68591160;0,00623455;-0,02876352
2023-01-20;17991,96050809;0,00146249;-0,02734310
2023-01-23;18094,78330097;0,00571493;-0,02178443
2023-01-24;18138,78231927;0,00243159;-0,01940582
2023-01-25;18168,01907958;0,00161184;-0,01782526
2023-01-26;18113,95898039;-0,00297556;-0,02074778
2023-01-27;18126,59257331;0,00069745;-0,02006480
2023-01-30;18055,74910184;-0,00390826;-0,02389465
2023-01-31;18132,91493493;0,00427375;-0,01972301
2023-02-01;18325,85556277;0,01064035;-0,00929252
2023-02-02;18243,12675456;-0,00451432;-0,01376489
2023-02-03;18037,48139282;-0,01127248;-0,02488221
2023-02-06;18016,18888056;-0,00118046;-0,02603330
2023-02-07;18061,64730542;0,00252320;-0,02357578
2023-02-08;18057,95715166;-0,00020431;-0,02377528
2023-02-09;17971,21012276;-0,00480381;-0,02846488
2023-02-10;17965,67190609;-0,00030817;-0,02876428
2023-02-13;17967,47242609;0,00010022;-0,02866694
2023-02-14;17962,76457601;-0,00026202;-0,02892145
2023-02-15;17924,34463527;-0,00213887;-0,03099845
2023-02-16;17898,50950489;-0,00144134;-0,03239512
2023-02-17;17868,39952272;-0,00168226;-0,03402288
2023-02-21;17746,57591965;-0,00681782;-0,04060875
2023-02-22;17701,83542928;-0,00252108;-0,04302745
2023-02-23;17721,46207644;0,00110874;-0,04196642
2023-02-24;17624,65160201;-0,00546289;-0,04720005
2023-02-27;17670,14555048;0,00258127;-0,04474062
2023-02-28;17686,23516332;0,00091055;-0,04387081
2023-03-01;17737,79380425;0,00291518;-0,04108351
2023-03-02;17766,85812196;0,00163855;-0,03951228
2023-03-03;17912,00246724;0,00816939;-0,03166568
2023-03-06;17903,10159598;-0,00049692;-0,03214687
2023-03-07;17753,80134391;-0,00833935;-0,04021813
2023-03-08;17765,78016812;0,00067472;-0,03957055
2023-03-09;17791,49059503;0,00144719;-0,03818063
2023-03-10;17848,35411674;0,00319611;-0,03510655
2023-03-13;17960,50726052;0,00628367;-0,02904348
2023-03-14;17985,15639760;0,00137241;-0,02771093
2023-03-15;18004,15465722;0,00105633;-0,02668387
2023-03-16;18104,42956667;0,00556954;-0,02126295
2023-03-17;18290,50219243;0,01027774;-0,01120374
2023-03-20;18291,77971586;0,00006985;-0,01113468
2023-03-21;18215,31554595;-0,00418025;-0,01526838
2023-03-22;18323,50711794;0,00593959;-0,00941948
2023-03-23;18431,94403643;0,00591791;-0,00355731
2023-03-24;18328,17933621;-0,00562961;-0,00916689
2023-03-27;18266,35895886;-0,00337297;-0,01250894
2023-03-28;18307,31329049;0,00224206;-0,01029492
2023-03-29;18333,10038891;0,00140857;-0,00890086
2023-03-30;18438,06808970;0,00572558;-0,00322624
2023-03-31;18441,89888544;0,00020777;-0,00301914
2023-04-03;18505,42867138;0,00344486;0,00000000
2023-04-04;18545,11723792;0,00214470;0,00000000
2023-04-05;18509,67665017;-0,00191105;-0,00191105
2023-04-06;18501,05487401;-0,00046580;-0,00237595
2023-04-11;18509,98567033;0,00048272;-0,00189438
2023-04-12;18520,47450214;0,00056666;-0,00132880
2023-04-13;18624,21888512;0,00560161;0,00000000
2023-04-14;18568,22529638;-0,00300649;-0,00300649
2023-04-17;18575,45839679;0,00038954;-0,00261812
2023-04-18;18598,68942439;0,00125063;-0,00137077
2023-04-19;18552,80612549;-0,00246702;-0,00383440
2023-04-20;18554,41393095;0,00008666;-0,00374807
2023-04-21;18508,67607425;-0,00246507;-0,00620390
2023-04-24;18504,18742146;-0,00024252;-0,00644491
2023-04-25;18483,43365850;-0,00112157;-0,00755926
2023-04-26;18433,75766620;-0,00268760;-0,01022653
2023-04-27;18481,25270945;0,00257653;-0,00767636
2023-04-28;18521,06661504;0,00215429;-0,00553861
2023-05-02;18549,38613788;0,00152904;-0,00401803
2023-05-03;18577,43548823;0,00151214;-0,00251197
2023-05-04;18543,37095502;-0,00183365;-0,00434101
2023-05-05;18552,66660683;0,00050129;-0,00384189
2023-05-09;18584,55937704;0,00171904;-0,00212946
2023-05-10;18603,81847163;0,00103630;-0,00109537
2023-05-11;18589,33738925;-0,00077839;-0,00187291
2023-05-12;18586,49815798;-0,00015273;-0,00202536
2023-05-15;18610,82844684;0,00130903;-0,00071898
2023-05-16;18550,70879806;-0,00323036;-0,00394702
2023-05-17;18559,45507668;0,00047148;-0,00347740
2023-05-18;18601,90734592;0,00228737;-0,00119799
2023-05-19;18646,94796350;0,00242129;0,00000000
2023-05-22;18669,92720007;0,00123233;0,00000000
2023-05-23;18624,24636047;-0,00244676;-0,00244676
2023-05-24;18510,98265683;-0,00608152;-0,00851340
2023-05-25;18557,96527852;0,00253809;-0,00599691
2023-05-26;18689,01798729;0,00706180;0,00000000
2023-05-30;18698,37830494;0,00050085;0,00000000
2023-05-31;18639,37748759;-0,00315540;-0,00315540
2023-06-01;18706,67641711;0,00361058;0,00000000
2023-06-02;18631,59031164;-0,00401387;-0,00401387
2023-06-05;18699,61228386;0,00365089;-0,00037763
2023-06-06;18711,78732517;0,00065109;0,00000000
2023-06-07;18548,59379604;-0,00872143;-0,00872143
2023-06-08;18686,90826408;0,00745687;-0,00132959
2023-06-09;18667,56004065;-0,00103539;-0,00236361
2023-06-12;18727,74855755;0,00322423;0,00000000
2023-06-13;18676,41145330;-0,00274123;-0,00274123
2023-06-14;18700,43171658;0,00128613;-0,00145863
2023-06-15;18790,62407351;0,00482301;0,00000000
2023-06-16;18760,70499725;-0,00159223;-0,00159223
2023-06-20;18619,18592098;-0,00754338;-0,00912360
2023-06-21;18578,22612088;-0,00219987;-0,01130340
2023-06-22;18483,52512614;-0,00509742;-0,01634320
2023-06-23;18470,66928688;-0,00069553;-0,01702736
2023-06-26;18475,01275260;0,00023515;-0,01679621
2023-06-27;18469,82494528;-0,00028080;-0,01707230
2023-06-28;18492,20563361;0,00121174;-0,01588124
2023-06-29;18502,55359898;0,00055959;-0,01533054
2023-06-30;18612,84916034;0,00596110;-0,00946083
2023-07-03;18630,41110092;0,00094354;-0,00852622
2023-07-05;18567,37287258;-0,00338362;-0,01188099
2023-07-06;18483,90603203;-0,00449535;-0,01632293
2023-07-07;18544,76597265;0,00329259;-0,01308408
2023-07-10;18554,92995148;0,00054808;-0,01254318
2023-07-11;18598,78816835;0,00236370;-0,01020913
2023-07-12;18789,08826431;0,01023185;-0,00008173
2023-07-13;18814,25521437;0,00133944;0,00000000
2023-07-14;18785,31329934;-0,00153830;-0,00153830
2023-07-17;18820,11573575;0,00185264;0,00000000
2023-07-18;18977,92612401;0,00838520;0,00000000
2023-07-19;19042,26436417;0,00339016;0,00000000
2023-07-20;18947,41336430;-0,00498108;-0,00498108
2023-07-21;18912,77382128;-0,00182819;-0,00680017
2023-07-24;18880,06500568;-0,00172946;-0,00851786
2023-07-25;18956,12706939;0,00402870;-0,00452348
2023-07-26;18968,88274010;0,00067290;-0,00385362
2023-07-27;18838,60145758;-0,00686816;-0,01069531
2023-07-28;18944,63805629;0,00562869;-0,00512682
2023-07-31;18971,58921384;0,00142263;-0,00371149
2023-08-01;18882,55891518;-0,00469282;-0,00838689
2023-08-02;18785,88231446;-0,00511989;-0,01346384
2023-08-03;18763,60379856;-0,00118592;-0,01463379
2023-08-04;18765,44363714;0,00009805;-0,01453717
2023-08-07;18743,28158536;-0,00118100;-0,01570101
2023-08-08;18690,63216872;-0,00280898;-0,01846588
2023-08-09;18651,08649338;-0,00211580;-0,02054261
2023-08-10;18672,61247227;0,00115414;-0,01941218
2023-08-11;18633,46823564;-0,00209634;-0,02146783
2023-08-14;18657,62451297;0,00129639;-0,02019927
2023-08-15;18597,78935357;-0,00320701;-0,02334150
2023-08-16;18540,54001787;-0,00307829;-0,02634794
2023-08-17;18493,44242948;-0,00254025;-0,02882125
2023-08-18;18477,05831316;-0,00088594;-0,02968166
2023-08-21;18528,43432352;0,00278053;-0,02698366
2023-08-22;18555,81577595;0,00147781;-0,02554573
2023-08-23;18664,02268639;0,00583143;-0,01986327
2023-08-24;18626,53937222;-0,00200832;-0,02183170
2023-08-25;18640,33328904;0,00074055;-0,02110732
2023-08-29;18806,06689848;0,00889113;-0,01240385
2023-08-30;18831,51714021;0,00135330;-0,01106734
2023-08-31;18852,21093627;0,00109889;-0,00998061
2023-09-01;18875,92245471;0,00125776;-0,00873541
2023-09-05;18843,42008532;-0,00172190;-0,01044226
2023-09-06;18789,74303681;-0,00284858;-0,01326110
2023-09-07;18769,34229455;-0,00108574;-0,01433244
2023-09-08;18786,61975813;0,00092052;-0,01342512
2023-09-11;18800,10800134;0,00071797;-0,01271678
2023-09-12;18755,25338399;-0,00238587;-0,01507231
2023-09-13;18746,76119547;-0,00045279;-0,01551828
2023-09-14;18801,09272732;0,00289818;-0,01266507
2023-09-15;18795,71316269;-0,00028613;-0,01294758
2023-09-18;18823,41189781;0,00147367;-0,01149299
2023-09-19;18802,46671204;-0,00111272;-0,01259292
2023-09-20;18796,59510127;-0,00031228;-0,01290126
2023-09-21;18697,55456258;-0,00526907;-0,01810235
2023-09-22;18724,78550062;0,00145639;-0,01667233
2023-09-25;18693,11004561;-0,00169163;-0,01833576
2023-09-26;18608,86623835;-0,00450668;-0,02275980
2023-09-27;18549,34977444;-0,00319829;-0,02588529
2023-09-28;18538,47745000;-0,00058613;-0,02645625
2023-09-29;18503,44109807;-0,00188993;-0,02829618
2023-10-02;18466,37803403;-0,00200304;-0,03024253
2023-10-03;18375,13301438;-0,00494114;-0,03503424
2023-10-04;18383,38290708;0,00044897;-0,03460100
2023-10-05;18373,24092930;-0,00055169;-0,03513361
2023-10-06;18464,95397556;0,00499166;-0,03031732
2023-10-09;18663,90577752;0,01077456;-0,01986941
2023-10-10;18694,11336279;0,00161850;-0,01828307
2023-10-11;18764,07185284;0,00374227;-0,01460921
2023-10-12;18766,20416880;0,00011364;-0,01449724
2023-10-13;19029,98976573;0,01405642;-0,00064460
2023-10-16;19016,81388003;-0,00069237;-0,00133653
2023-10-17;19026,00678264;0,00048341;-0,00085376
2023-10-18;19130,39546925;0,00548663;0,00000000
2023-10-19;19222,91391357;0,00483620;0,00000000
2023-10-20;19167,94748724;-0,00285942;-0,00285942
2023-10-23;19122,34419466;-0,00237914;-0,00523176
2023-10-24;19150,14877524;0,00145404;-0,00378533
2023-10-25;19167,99493524;0,00093191;-0,00285695
2023-10-26;19120,46880384;-0,00247945;-0,00532932
2023-10-27;19232,89791935;0,00588004;0,00000000
2023-10-30;19199,79545196;-0,00172114;-0,00172114
2023-10-31;19176,48110792;-0,00121430;-0,00293335
2023-11-01;19203,00256325;0,00138302;-0,00155439
2023-11-02;19314,12221830;0,00578658;0,00000000
2023-11-03;19355,01779369;0,00211739;0,00000000
2023-11-06;19310,35578617;-0,00230752;-0,00230752
2023-11-07;19330,23698340;0,00102956;-0,00128033
2023-11-08;19274,90536305;-0,00286244;-0,00413910
2023-11-09;19315,14562432;0,00208770;-0,00206004
2023-11-10;19298,19987740;-0,00087733;-0,00293557
2023-11-13;19338,39656535;0,00208292;-0,00085876
2023-11-14;19444,84250906;0,00550438;0,00000000
2023-11-15;19454,02230592;0,00047209;0,00000000
2023-11-16;19523,15529373;0,00355366;0,00000000
2023-11-17;19538,27782161;0,00077459;0,00000000
2023-11-20;19557,99870612;0,00100935;0,00000000
2023-11-21;19600,18433584;0,00215695;0,00000000
2023-11-22;19613,52596993;0,00068069;0,00000000
2023-11-24;19615,91637644;0,00012188;0,00000000
2023-11-27;19658,46927708;0,00216930;0,00000000
2023-11-28;19736,11532048;0,00394975;0,00000000
2023-11-29;19749,76808748;0,00069177;0,00000000
2023-11-30;19731,81582388;-0,00090899;-0,00090899
2023-12-01;19867,57789086;0,00688036;0,00000000
2023-12-04;19705,65379015;-0,00815017;-0,00815017
2023-12-05;19708,27370840;0,00013295;-0,00801830
2023-12-06;19722,68474989;0,00073122;-0,00729294
2023-12-07;19766,06533511;0,00219953;-0,00510946
2023-12-08;19721,17368277;-0,00227115;-0,00736900
2023-12-11;19685,14622912;-0,00182684;-0,00918238
2023-12-12;19706,41743548;0,00108057;-0,00811173
2023-12-13;19877,36818046;0,00867488;0,00000000
2023-12-14;19907,32832804;0,00150725;0,00000000
2023-12-15;19878,35637950;-0,00145534;-0,00145534
2023-12-18;19930,09991094;0,00260301;0,00000000
2023-12-19;19972,98338212;0,00215169;0,00000000
2023-12-20;19939,50209760;-0,00167633;-0,00167633
2023-12-21;19989,69426688;0,00251722;0,00000000
2023-12-22;20014,48703726;0,00124028;0,00000000
2023-12-27;20106,68650402;0,00460664;0,00000000
2023-12-28;20093,57985733;-0,00065186;-0,00065186
2023-12-29;20078,72115771;-0,00073947;-0,00139085
2024-01-02;20007,93135230;-0,00352561;-0,00491156
2024-01-03;19864,78451325;-0,00715450;-0,01203092
2024-01-04;19853,23059154;-0,00058163;-0,01260555
2024-01-05;19809,39152921;-0,00220816;-0,01478588
2024-01-08;19826,35341631;0,00085625;-0,01394228
2024-01-09;19887,52780102;0,00308551;-0,01089979
2024-01-10;19909,38598274;0,00109909;-0,00981268
2024-01-11;19902,42868531;-0,00034945;-0,01015870
2024-01-12;20004,85563200;0,00514645;-0,00506453
2024-01-16;19984,22226634;-0,00103142;-0,00609072
2024-01-17;19831,69896294;-0,00763219;-0,01367642
2024-01-18;19948,06963766;0,00586791;-0,00788876
2024-01-19;20063,71368047;0,00579725;-0,00213724
2024-01-22;20117,58747943;0,00268514;0,00000000
2024-01-23;20150,47652581;0,00163484;0,00000000
2024-01-24;20163,43841736;0,00064325;0,00000000
2024-01-25;20211,18761139;0,00236811;0,00000000
2024-01-26;20200,26415735;-0,00054047;-0,00054047
2024-01-29;20273,35391151;0,00361826;0,00000000
2024-01-30;20321,83176638;0,00239121;0,00000000
2024-01-31;20200,10061733;-0,00599017;-0,00599017
2024-02-01;20255,35334916;0,00273527;-0,00327128
2024-02-02;20266,98256658;0,00057413;-0,00269903
2024-02-05;20246,07094570;-0,00103181;-0,00372805
2024-02-06;20284,63610300;0,00190482;-0,00183033
2024-02-07;20317,87524395;0,00163864;-0,00019469
2024-02-08;20324,94190511;0,00034781;0,00000000
2024-02-09;20331,18160205;0,00030700;0,00000000
2024-02-12;20337,43382072;0,00030752;0,00000000
2024-02-13;20116,05924837;-0,01088508;-0,01088508
2024-02-14;20161,42814828;0,00225536;-0,00865427
2024-02-15;20249,52648103;0,00436965;-0,00432244
2024-02-16;20288,01554129;0,00190074;-0,00242992
2024-02-20;20261,94569034;-0,00128499;-0,00371178
2024-02-21;20250,21039277;-0,00057918;-0,00428881
2024-02-22;20392,48242873;0,00702571;0,00000000
2024-02-23;20446,71813663;0,00265959;0,00000000
2024-02-26;20423,23211747;-0,00114864;-0,00114864
2024-02-27;20407,60999945;-0,00076492;-0,00191269
2024-02-28;20422,47561073;0,00072843;-0,00118564
2024-02-29;20492,64529259;0,00343590;0,00000000
2024-03-01;20739,10840317;0,01202691;0,00000000
2024-03-04;20877,66211838;0,00668079;0,00000000
2024-03-05;20842,17538527;-0,00169975;-0,00169975
2024-03-06;20953,43128928;0,00533802;0,00000000
2024-03-07;21055,52854341;0,00487258;0,00000000
2024-03-08;21084,89768423;0,00139484;0,00000000
2024-03-11;21075,03870729;-0,00046758;-0,00046758
2024-03-12;21066,70991044;-0,00039520;-0,00086260
2024-03-13;21116,12761649;0,00234577;0,00000000
2024-03-14;21073,59706934;-0,00201413;-0,00201413
2024-03-15;20992,80480344;-0,00383381;-0,00584022
2024-03-18;21055,24242987;0,00297424;-0,00288335
2024-03-19;21062,56958602;0,00034800;-0,00253636
2024-03-20;21204,48573395;0,00673784;0,00000000
2024-03-21;21294,28536395;0,00423494;0,00000000
2024-03-22;21222,45721857;-0,00337312;-0,00337312
2024-03-25;21216,94891510;-0,00025955;-0,00363179
2024-03-26;21256,11721858;0,00184609;-0,00179241
2024-03-27;21326,88045520;0,00332908;0,00000000
2024-03-28;21459,01532887;0,00619570;0,00000000
2024-04-02;21658,99889779;0,00931933;0,00000000
2024-04-03;21756,66818463;0,00450941;0,00000000
2024-04-04;21681,84220190;-0,00343922;-0,00343922
2024-04-05;21833,12858389;0,00697756;0,00000000
2024-04-08;21902,28271614;0,00316739;0,00000000
2024-04-09;21931,23705518;0,00132198;0,00000000
2024-04-10;21829,44618203;-0,00464136;-0,00464136
2024-04-11;22065,12930601;0,01079657;0,00000000
2024-04-12;21922,83087394;-0,00644902;-0,00644902
2024-04-15;22056,68538563;0,00610571;-0,00038268
2024-04-16;21995,72705131;-0,00276371;-0,00314534
2024-04-17;21869,74009380;-0,00572779;-0,00885511
2024-04-18;21898,16547636;0,00129976;-0,00756686
2024-04-19;21869,04456761;-0,00132983;-0,00888663
2024-04-22;21665,83992613;-0,00929188;-0,01809595
2024-04-23;21701,83812943;0,00166152;-0,01646449
2024-04-24;21700,95842913;-0,00004054;-0,01650436
2024-04-25;21681,01599653;-0,00091897;-0,01740816
2024-04-26;21821,65022649;0,00648651;-0,01103456
2024-04-29;21791,91184221;-0,00136279;-0,01238232
2024-04-30;21539,14855197;-0,01159895;-0,02383765
2024-05-01;21567,47825476;0,00131527;-0,02255373
2024-05-02;21595,43273190;0,00129614;-0,02128683
2024-05-03;21711,23350065;0,00536228;-0,01603869
2024-05-07;21864,96905304;0,00708092;-0,00907134
2024-05-08;21863,81305012;-0,00005287;-0,00912373
2024-05-09;22003,25148661;0,00637759;-0,00280433
2024-05-10;22087,21128099;0,00381579;0,00000000
2024-05-13;21999,39157065;-0,00397604;-0,00397604
2024-05-14;22073,13412409;0,00335203;-0,00063734
2024-05-15;22251,74679810;0,00809186;0,00000000
2024-05-16;22244,61388555;-0,00032056;-0,00032056
2024-05-17;22326,69032929;0,00368972;0,00000000
2024-05-20;22414,10778056;0,00391538;0,00000000
2024-05-21;22382,51597790;-0,00140946;-0,00140946
2024-05-22;22232,29176206;-0,00671168;-0,00811168
2024-05-23;22061,56607435;-0,00767918;-0,01572856
2024-05-24;22065,78757197;0,00019135;-0,01554022
2024-05-28;22134,84031902;0,00312940;-0,01245945
2024-05-29;22024,93089942;-0,00496545;-0,01736303
2024-05-30;21974,98761048;-0,00226758;-0,01959124
2024-05-31;21908,45097328;-0,00302784;-0,02255976
2024-06-03;22020,21945591;0,00510162;-0,01757323
2024-06-04;21926,88610323;-0,00423853;-0,02173728
2024-06-05;22161,04866299;0,01067924;-0,01129017
2024-06-06;22249,97743873;0,00401284;-0,00732264
2024-06-07;21968,35668561;-0,01265713;-0,01988708
2024-06-10;22035,05532215;0,00303612;-0,01691133
2024-06-11;22083,49147743;0,00219814;-0,01475037
2024-06-12;22207,93648121;0,00563521;-0,00919828
2024-06-13;22138,58186499;-0,00312297;-0,01229252
2024-06-14;22280,19607322;0,00639672;-0,00597444
2024-06-17;22283,87108697;0,00016495;-0,00581048
2024-06-18;22375,69263105;0,00412054;-0,00171388
2024-06-20;22496,87832055;0,00541595;0,00000000
2024-06-21;22333,65275489;-0,00725548;-0,00725548
2024-06-24;22327,21159297;-0,00028841;-0,00754179
2024-06-25;22309,46412390;-0,00079488;-0,00833068
2024-06-26;22240,98168824;-0,00306966;-0,01137476
2024-06-27;22341,39128712;0,00451462;-0,00691149
2024-06-28;22381,04686083;0,00177498;-0,00514878
2024-07-01;22384,40325283;0,00014997;-0,00499959
2024-07-02;22391,29367335;0,00030782;-0,00469330
2024-07-03;22506,54441643;0,00514712;0,00000000
2024-07-05;22610,59642307;0,00462319;0,00000000
2024-07-08;22555,73002811;-0,00242658;-0,00242658
2024-07-09;22581,60430363;0,00114713;-0,00128224
2024-07-10;22646,37553500;0,00286832;0,00000000
2024-07-11;22675,33597915;0,00127881;0,00000000
2024-07-12;22715,24654411;0,00176009;0,00000000
2024-07-15;22747,36997657;0,00141418;0,00000000
2024-07-16;22873,22263713;0,00553262;0,00000000
2024-07-17;22684,65878253;-0,00824387;-0,00824387
2024-07-18;22606,13295205;-0,00346163;-0,01167696
2024-07-19;22429,68190889;-0,00780545;-0,01939127
2024-07-22;22511,15148825;0,00363222;-0,01582948
2024-07-23;22581,09190147;0,00310692;-0,01277173
2024-07-24;22335,03993610;-0,01089637;-0,02352894
2024-07-25;22203,91211547;-0,00587095;-0,02926175
2024-07-26;22320,64716400;0,00525741;-0,02415818
2024-07-29;22309,94786316;-0,00047935;-0,02462595
2024-07-30;22321,90771272;0,00053608;-0,02410307
2024-07-31;22637,71614823;0,01414791;-0,01029617
2024-08-01;22480,87644061;-0,00692825;-0,01715308
2024-08-02;22101,73691894;-0,01686498;-0,03372877
2024-08-05;21790,77657783;-0,01406950;-0,04732372
2024-08-06;21870,11206756;0,00364078;-0,04385524
2024-08-07;21926,93550905;0,00259822;-0,04137096
2024-08-08;22111,36180746;0,00841095;-0,03330798
2024-08-09;22161,34790773;0,00226065;-0,03112262
2024-08-12;22313,04260291;0,00684501;-0,02449065
2024-08-13;22463,66047557;0,00675022;-0,01790575
2024-08-14;22499,71236902;0,00160490;-0,01632959
2024-08-15;22723,31103301;0,00993785;-0,00655402
2024-08-16;22860,51220107;0,00603790;-0,00055569
2024-08-19;22933,16592192;0,00317813;0,00000000
2024-08-20;22929,04297243;-0,00017978;-0,00017978
2024-08-21;22944,00872482;0,00065270;0,00000000
2024-08-22;22769,26925695;-0,00761591;-0,00761591
2024-08-23;22880,14823749;0,00486968;-0,00278332
2024-08-27;22865,46859726;-0,00064159;-0,00342312
2024-08-28;22762,09650885;-0,00452088;-0,00792853
2024-08-29;22855,43422162;0,00410058;-0,00386046
2024-08-30;22828,92021651;-0,00116007;-0,00501606
2024-09-03;22627,84655415;-0,00880785;-0,01377973
2024-09-04;22514,76535170;-0,00499744;-0,01870830
2024-09-05;22503,65794178;-0,00049334;-0,01919241
2024-09-06;22266,50690227;-0,01053833;-0,02952849
2024-09-09;22454,23515780;0,00843097;-0,02134647
2024-09-10;22543,42343228;0,00397200;-0,01745925
2024-09-11;22612,84055587;0,00307926;-0,01443375
2024-09-12;22902,63604639;0,01281553;-0,00180320
2024-09-13;23046,94499900;0,00630098;0,00000000
2024-09-16;22982,54434995;-0,00279432;-0,00279432
2024-09-17;23019,00720436;0,00158655;-0,00121221
2024-09-18;22866,42208598;-0,00662866;-0,00783283
2024-09-19;23165,02308354;0,01305849;0,00000000
2024-09-20;23171,83761312;0,00029417;0,00000000
2024-09-23;23183,55342256;0,00050561;0,00000000
2024-09-24;23304,50466218;0,00521711;0,00000000
2024-09-25;23330,64484842;0,00112168;0,00000000
2024-09-26;23405,28546401;0,00319925;0,00000000
2024-09-27;23354,82701795;-0,00215586;-0,00215586
2024-09-30;23268,48745671;-0,00369686;-0,00584475
2024-10-01;23294,29774528;0,00110924;-0,00474199
2024-10-02;23330,81000396;0,00156743;-0,00318199
2024-10-03;23399,86878483;0,00295998;-0,00023143
2024-10-04;23434,03151025;0,00145995;0,00000000
2024-10-07;23450,81070920;0,00071602;0,00000000
2024-10-08;23419,14475062;-0,00135031;-0,00135031
2024-10-09;23473,60762860;0,00232557;0,00000000
2024-10-10;23545,20359178;0,00305006;0,00000000
2024-10-11;23652,57667497;0,00456030;0,00000000
2024-10-14;23729,88877656;0,00326865;0,00000000
2024-10-15;23652,83855859;-0,00324697;-0,00324697
2024-10-16;23725,63417391;0,00307767;-0,00017929
2024-10-17;23822,07453769;0,00406482;0,00000000
2024-10-18;23886,68624371;0,00271226;0,00000000
2024-10-21;23871,27855321;-0,00064503;-0,00064503
2024-10-22;23947,19068737;0,00318006;0,00000000
2024-10-23;23795,11571901;-0,00635043;-0,00635043
2024-10-24;23847,73177939;0,00221121;-0,00415326
2024-10-25;23910,88727225;0,00264828;-0,00151598
2024-10-28;23903,00495790;-0,00032965;-0,00184513
2024-10-29;23988,02235599;0,00355677;0,00000000
2024-10-30;23993,11906241;0,00021247;0,00000000
2024-10-31;23750,12166157;-0,01012780;-0,01012780
2024-11-01;23742,02292395;-0,00034100;-0,01046534
2024-11-04;23731,50293169;-0,00044310;-0,01090380
2024-11-05;23815,00758543;0,00351873;-0,00742344
2024-11-06;23755,35266737;-0,00250493;-0,00990977
2024-11-07;23988,41416332;0,00981090;-0,00019609
2024-11-08;23950,64703833;-0,00157439;-0,00177018
2024-11-11;23760,59216044;-0,00793527;-0,00969140
2024-11-12;23701,16679409;-0,00250101;-0,01216817
2024-11-13;23617,12571452;-0,00354586;-0,01567088
2024-11-14;23583,39957963;-0,00142804;-0,01707654
2024-11-15;23432,48208776;-0,00639931;-0,02336657
2024-11-18;23624,18279469;0,00818098;-0,01537675
2024-11-19;23723,75200507;0,00421472;-0,01122685
2024-11-20;23759,12578080;0,00149107;-0,00975252
2024-11-21;23938,23365866;0,00753849;-0,00228755
2024-11-22;24106,24493580;0,00701853;0,00000000
2024-11-25;23857,66882826;-0,01031169;-0,01031169
2024-11-26;23899,13181646;0,00173793;-0,00859168
2024-11-27;23814,78558321;-0,00352926;-0,01209062
2024-11-29;23958,72776163;0,00604424;-0,00611946
2024-12-02;23952,57150259;-0,00025695;-0,00637484
2024-12-03;23979,98773899;0,00114461;-0,00523753
2024-12-04;24068,34534401;0,00368464;-0,00157219
2024-12-05;23990,15553253;-0,00324866;-0,00481574
2024-12-06;24009,22094661;0,00079472;-0,00402485
2024-12-09;24043,34692650;0,00142137;-0,00260920
2024-12-10;24098,93470444;0,00231198;-0,00030325
2024-12-11;24249,01908033;0,00622784;0,00000000
2024-12-12;24119,32636491;-0,00534837;-0,00534837
2024-12-13;24034,47901652;-0,00351782;-0,00884737
2024-12-16;24070,24798959;0,00148824;-0,00737230
2024-12-17;24001,32799459;-0,00286329;-0,01021448
2024-12-18;23738,04208658;-0,01096964;-0,02107207
2024-12-19;23679,25180736;-0,00247663;-0,02349651
2024-12-20;23829,87705472;0,00636106;-0,01728491
2024-12-23;23833,37861483;0,00014694;-0,01714051
2024-12-24;23913,69746838;0,00337002;-0,01382825
2024-12-27;23856,73792759;-0,00238188;-0,01617720
2024-12-30;23769,18924880;-0,00366977;-0,01978760
2024-12-31;23806,73568658;0,00157963;-0,01823923
2025-01-02;23962,73529335;0,00655275;-0,01180599
2025-01-03;23930,93077341;-0,00132725;-0,01311757
2025-01-06;24001,73200652;0,00295857;-0,01019782
2025-01-07;23951,90319543;-0,00207605;-0,01225270
2025-01-08;24032,60492892;0,00336932;-0,00892466
2025-01-10;24044,79998060;0,00050744;-0,00842175
2025-01-13;23916,03095800;-0,00535538;-0,01373202
2025-01-14;24000,42740027;0,00352886;-0,01025162
2025-01-15;24200,13049653;0,00832081;-0,00201611
2025-01-16;24263,33749809;0,00261185;0,00000000
2025-01-17;24335,76099285;0,00298489;0,00000000
2025-01-21;24482,76892989;0,00604082;0,00000000
2025-01-22;24654,97641910;0,00703382;0,00000000
2025-01-23;24642,89769922;-0,00048991;-0,00048991
2025-01-24;24639,87544429;-0,00012264;-0,00061249
2025-01-27;24288,29836476;-0,01426862;-0,01487237
2025-01-28;24499,39127815;0,00869114;-0,00631050
2025-01-29;24455,95624221;-0,00177290;-0,00807221
2025-01-30;24610,84916372;0,00633355;-0,00178979
2025-01-31;24668,31584036;0,00233501;0,00000000
2025-02-03;24594,26705925;-0,00300178;-0,00300178
2025-02-04;24738,99947699;0,00588480;0,00000000
2025-02-05;24833,58465704;0,00382332;0,00000000
2025-02-06;24896,10013000;0,00251738;0,00000000
2025-02-07;24871,06991704;-0,00100539;-0,00100539
2025-02-10;25107,46403940;0,00950478;0,00000000
2025-02-11;25064,15109839;-0,00172510;-0,00172510
2025-02-12;25041,46257100;-0,00090522;-0,00262876
2025-02-13;25199,12979498;0,00629625;0,00000000
2025-02-14;25049,96525026;-0,00591943;-0,00591943
2025-02-18;25252,03295602;0,00806659;0,00000000
2025-02-19;25271,03600429;0,00075254;0,00000000
2025-02-20;25218,78471198;-0,00206764;-0,00206764
2025-02-21;25116,77739216;-0,00404489;-0,00610417
2025-02-24;25072,46278224;-0,00176434;-0,00785774
2025-02-25;24828,77735786;-0,00971925;-0,01750061
2025-02-26;24933,00878762;0,00419801;-0,01337607
2025-02-27;24654,87562200;-0,01115522;-0,02438208
2025-02-28;24593,08188491;-0,00250635;-0,02682732
2025-03-03;24643,53097122;0,00205135;-0,02483100
2025-03-04;24524,11090802;-0,00484590;-0,02955657
2025-03-05;24551,67762582;0,00112407;-0,02846573
2025-03-06;24489,56481754;-0,00252988;-0,03092359
2025-03-07;24422,48380503;-0,00273917;-0,03357805
2025-03-10;24236,47648409;-0,00761623;-0,04093855
2025-03-11;24217,83990692;-0,00076895;-0,04167602
2025-03-12;24315,07917855;0,00401519;-0,03782816
2025-03-13;24344,92743579;0,00122756;-0,03664704
2025-03-14;24496,56686646;0,00622879;-0,03064651
2025-03-17;24565,83990558;0,00282787;-0,02790531
2025-03-18;24599,15942863;0,00135634;-0,02658682
2025-03-19;24695,88504350;0,00393207;-0,02275929
2025-03-20;24675,81611369;-0,00081264;-0,02355344
2025-03-21;24619,29931610;-0,00229037;-0,02578987
2025-03-24;24708,70237425;0,00363142;-0,02225210
2025-03-25;24750,92352250;0,00170876;-0,02058137
2025-03-26;24683,44762001;-0,00272620;-0,02325146
2025-03-27;24710,42150138;0,00109279;-0,02218407
2025-03-28;24627,90899817;-0,00333918;-0,02544917
2025-03-31;24695,63987404;0,00275017;-0,02276900
2025-04-01;24764,35214063;0,00278236;-0,02004998
2025-04-02;24813,77420065;0,00199569;-0,01809430
2025-04-03;24241,83938573;-0,02304909;-0,04072633
2025-04-04;23539,85622944;-0,02895750;-0,06850450
2025-04-07;23249,86576735;-0,01231913;-0,07997971
2025-04-08;23355,88328403;0,00455992;-0,07578450
2025-04-09;24076,62434753;0,03085908;-0,04726406
2025-04-10;24324,86716054;0,01031053;-0,03744084
2025-04-11;24604,26541549;0,01148612;-0,02638477
2025-04-14;24668,26012168;0,00260096;-0,02385244
2025-04-15;24754,71293671;0,00350462;-0,02043142
2025-04-16;24957,90658715;0,00820828;-0,01239084
2025-04-17;24830,71072614;-0,00509642;-0,01742411
2025-04-22;24981,68830051;0,00608028;-0,01144978
2025-04-23;24936,14171904;-0,00182320;-0,01325210
2025-04-24;25287,03971019;0,01407186;0,00000000
2025-04-25;25241,14518625;-0,00181494;-0,00181494
2025-04-28;25389,45815891;0,00587584;0,00000000
2025-04-29;25320,51259687;-0,00271552;-0,00271552
2025-04-30;25260,51751649;-0,00236943;-0,00507851
2025-05-01;25185,27682575;-0,00297859;-0,00804197
2025-05-02;25269,47768651;0,00334326;-0,00472560
2025-05-06;25843,14146873;0,02270185;0,00000000
2025-05-07;25683,50479278;-0,00617714;-0,00617714
2025-05-08;25531,80712878;-0,00590642;-0,01204708
2025-05-09;25602,34530213;0,00276276;-0,00931760
2025-05-12;25496,77154507;-0,00412360;-0,01340278
2025-05-13;25629,07221131;0,00518892;-0,00828341
2025-05-14;25406,77333651;-0,00867370;-0,01688526
2025-05-15;25590,79929448;0,00724318;-0,00976438
2025-05-16;25494,50545773;-0,00376283;-0,01349047
2025-05-19;25609,20414016;0,00449896;-0,00905220
2025-05-20;25815,99999580;0,00807506;-0,00105024
2025-05-21;25828,09061580;0,00046834;-0,00058239
2025-05-22;25686,27333789;-0,00549082;-0,00607001
2025-05-23;25855,48142628;0,00658749;0,00000000
2025-05-27;25786,91015867;-0,00265210;-0,00265210
2025-05-28;25758,26056714;-0,00111101;-0,00376016
2025-05-29;25825,21666827;0,00259940;-0,00117054
2025-05-30;25752,42664089;-0,00281856;-0,00398580
2025-06-02;26046,97198367;0,01143758;0,00000000
2025-06-03;26029,31681280;-0,00067782;-0,00067782
2025-06-04;26105,09933632;0,00291143;0,00000000
2025-06-05;26043,19948590;-0,00237118;-0,00237118
2025-06-06;25939,61224336;-0,00397752;-0,00633926
2025-06-09;25999,10205533;0,00229340;-0,00406041
2025-06-10;26033,19175022;0,00131119;-0,00275454
2025-06-11;26102,15410577;0,00264902;-0,00011282
2025-06-12;26244,35346606;0,00544780;0,00000000
2025-06-13;26343,00612476;0,00375901;0,00000000
2025-06-16;26237,78237376;-0,00399437;-0,00399437
2025-06-17;26219,02031826;-0,00071508;-0,00470659
2025-06-18;26175,42051814;-0,00166291;-0,00636167
2025-06-20;26136,65673325;-0,00148092;-0,00783318
2025-06-23;26195,79045084;0,00226248;-0,00558842
2025-06-24;26095,97901179;-0,00381021;-0,00937733
2025-06-25;26147,48155717;0,00197358;-0,00742226
2025-06-26;26151,81168804;0,00016560;-0,00725788
2025-06-27;25992,37493082;-0,00609659;-0,01331022
2025-06-30;26149,20501254;0,00603370;-0,00735683
2025-07-01;26225,46579327;0,00291637;-0,00446192
2025-07-02;26377,72220293;0,00580567;0,00000000
2025-07-03;26424,91996779;0,00178930;0,00000000
2025-07-07;26363,53471611;-0,00232301;-0,00232301
2025-07-08;26335,98589043;-0,00104496;-0,00336554
2025-07-09;26407,89853964;0,00273059;-0,00064414
2025-07-10;26447,38780994;0,00149536;0,00000000
2025-07-11;26494,85055501;0,00179461;0,00000000
2025-07-14;26490,89985395;-0,00014911;-0,00014911
2025-07-15;26522,78192199;0,00120351;0,00000000
2025-07-16;26501,66959128;-0,00079601;-0,00079601
2025-07-17;26614,94267009;0,00427419;0,00000000
2025-07-18;26630,68997422;0,00059167;0,00000000
2025-07-21;26753,33268777;0,00460531;0,00000000
2025-07-22;26748,69451931;-0,00017337;-0,00017337
2025-07-23;26711,93310429;-0,00137433;-0,00154746
2025-07-24;26739,98572766;0,00105019;-0,00049889
2025-07-25;26720,45044811;-0,00073056;-0,00122909
2025-07-28;26723,27766553;0,00010581;-0,00112341
2025-07-29;26750,11218754;0,00100416;-0,00012038
2025-07-30;26664,48591435;-0,00320097;-0,00332096
2025-07-31;26692,12832745;0,00103668;-0,00228773
2025-08-01;26593,64484985;-0,00368961;-0,00596890
2025-08-04;26894,29323010;0,01130527;0,00000000
2025-08-05;26801,17738413;-0,00346229;-0,00346229
2025-08-06;26925,21091482;0,00462791;0,00000000
2025-08-07;26976,91298632;0,00192021;0,00000000
2025-08-08;27096,60591270;0,00443687;0,00000000
2025-08-11;26940,96007609;-0,00574411;-0,00574411
2025-08-12;27097,15800406;0,00579779;0,00000000
2025-08-13;27124,00817155;0,00099089;0,00000000
2025-08-14;27062,66266828;-0,00226167;-0,00226167
2025-08-15;26988,02348650;-0,00275801;-0,00501344
2025-08-18;27008,42945892;0,00075611;-0,00426112
2025-08-19;26785,40322480;-0,00825765;-0,01248359
2025-08-20;26771,22237971;-0,00052942;-0,01300640
2025-08-21;26721,53207302;-0,00185611;-0,01483837
2025-08-22;26967,31738179;0,00919802;-0,00577683
2025-08-26;27006,50065770;0,00145299;-0,00433223
2025-08-27;27101,12674528;0,00350383;-0,00084359
2025-08-28;27233,06094887;0,00486822;0,00000000
2025-08-29;27121,10793698;-0,00411092;-0,00411092
2025-09-02;27175,11361577;0,00199128;-0,00212783
2025-09-03;27317,13340688;0,00522610;0,00000000
2025-09-04;27368,33993840;0,00187452;0,00000000
2025-09-05;27447,83087497;0,00290449;0,00000000
2025-09-08;27642,10313727;0,00707787;0,00000000
2025-09-09;27643,87012584;0,00006392;0,00000000
2025-09-10;27882,25822449;0,00862354;0,00000000
2025-09-11;27936,65666311;0,00195101;0,00000000
2025-09-12;27947,66127450;0,00039391;0,00000000
2025-09-15;28134,80362056;0,00669617;0,00000000
2025-09-16;28090,34044752;-0,00158036;-0,00158036
2025-09-17;27986,16988100;-0,00370841;-0,00528291
2025-09-18;28206,41297276;0,00786971;0,00000000
2025-09-19;28418,04496946;0,00750297;0,00000000
2025-09-22;28733,21336301;0,01109043;0,00000000
2025-09-23;28676,39150374;-0,00197757;-0,00197757
2025-09-24;28528,65226672;-0,00515195;-0,00711933
2025-09-25;28545,61211933;0,00059448;-0,00652907
2025-09-26;28616,92476163;0,00249820;-0,00404718
2025-09-29;28829,97814628;0,00744501;0,00000000
2025-09-30;28947,31758343;0,00407005;0,00000000
2025-10-01;29094,96182430;0,00510045;0,00000000
2025-10-02;29161,48260919;0,00228633;0,00000000
2025-10-03;29179,79749839;0,00062805;0,00000000
2025-10-06;29444,38682027;0,00906755;0,00000000
2025-10-07;29396,81919805;-0,00161551;-0,00161551
2025-10-08;29755,94974484;0,01221665;0,00000000
2025-10-09;29609,32712135;-0,00492751;-0,00492751
2025-10-10;29127,93933311;-0,01625798;-0,02110537
2025-10-13;29612,60322928;0,01663914;-0,00481741
2025-10-14;29527,44456473;-0,00287576;-0,00767931
2025-10-15;29786,84280508;0,00878499;0,00000000
2025-10-16;29977,23556874;0,00639184;0,00000000
2025-10-17;29803,38052400;-0,00579957;-0,00579957
2025-10-20;30300,16115060;0,01666860;0,00000000
2025-10-21;29789,41071348;-0,01685636;-0,01685636
2025-10-22;29645,70069371;-0,00482420;-0,02159924
2025-10-23;29852,92702430;0,00699010;-0,01476012
2025-10-24;31630,41466686;0,05954149;0,00000000
2025-10-27;30086,24028690;-0,04881929;-0,04881929
2025-10-28;30186,71676934;0,00333962;-0,04564271
2025-10-29;30272,29377589;0,00283492;-0,04293718
2025-10-30;30271,79277737;-0,00001655;-0,04295302
2025-10-31;30231,01640177;-0,00134701;-0,04424217
2025-11-03;30297,66576821;0,00220467;-0,04213504
2025-11-04;29825,96710166;-0,01556881;-0,05704786
2025-11-05;29969,24762933;0,00480389;-0,05251803
2025-11-06;29660,80301360;-0,01029204;-0,06226955
2025-11-07;29612,89889692;-0,00161506;-0,06378404
2025-11-10;30217,27016767;0,02040905;-0,04467676
2025-11-11;30175,16284624;-0,00139349;-0,04600799
2025-11-12;30385,90549819;0,00698398;-0,03934533
2025-11-13;29958,49084255;-0,01406621;-0,05285811
2025-11-14;29858,41315406;-0,00334055;-0,05602208
2025-11-17;29548,84664812;-0,01036782;-0,06580907
2025-11-18;29370,04257259;-0,00605114;-0,07146198
2025-11-19;29477,63046812;0,00366318;-0,06806057
2025-11-20;29136,27548925;-0,01158014;-0,07885256
2025-11-21;29105,19113465;-0,00106686;-0,07983530
2025-11-24;29566,19532682;0,01583924;-0,06526058
2025-11-25;29596,71901289;0,00103238;-0,06429557
2025-11-26;29847,92830579;0,00848774;-0,05635356
2025-11-28;30064,56484525;0,00725801;-0,04950456
2025-12-01;30112,77202928;0,00160346;-0,04798049
2025-12-02;30094,67963315;-0,00060082;-0,04855248
2025-12-03;30071,31163805;-0,00077648;-0,04929126
2025-12-04;30101,36177988;0,00099930;-0,04834122
2025-12-05;30134,45846912;0,00109951;-0,04729487
2025-12-08;30134,38096580;-0,00000257;-0,04729732
2025-12-09;30216,59856679;0,00272837;-0,04469799
2025-12-10;30275,61713882;0,00195318;-0,04283211
2025-12-11;30372,13068771;0,00318783;-0,03978082
2025-12-12;30290,52159484;-0,00268697;-0,04236091
2025-12-15;30261,73283880;-0,00095042;-0,04327107
2025-12-16;30232,61627030;-0,00096216;-0,04419159
2025-12-17;30214,03392226;-0,00061465;-0,04477908
2025-12-18;30306,46436167;0,00305919;-0,04185687
2025-12-19;30441,72407928;0,00446306;-0,03758062
2025-12-22;30741,12017804;0,00983506;-0,02811517
2025-12-23;30932,89415349;0,00623835;-0,02205221
2025-12-24;30894,61552685;-0,00123747;-0,02326239
2025-12-29;30483,01922453;-0,01332259;-0,03627507
2025-12-30;30498,33258797;0,00050236;-0,03579093
2025-12-31;30364,14042680;-0,00439998;-0,04003344
2026-01-02;30413,07123455;0,00161147;-0,03848648
2026-01-05;30784,82266941;0,01222341;-0,02673351
2026-01-06;30999,25264796;0,00696544;-0,01995428
2026-01-07;30908,05924323;-0,00294179;-0,02283737
2026-01-08;30892,39399551;-0,00050683;-0,02333263
2026-01-09;31096,01803481;0,00659140;-0,01689502
2026-01-12;31340,78648153;0,00787138;-0,00915664
2026-01-13;31319,84440258;-0,00066821;-0,00981872
2026-01-14;31348,58955457;0,00091779;-0,00890994
2026-01-15;31371,33312193;0,00072551;-0,00819090
2026-01-16;31301,82832253;-0,00221555;-0,01038830
2026-01-20;31544,89566149;0,00776528;-0,00270370
2026-01-21;31805,04631094;0,00824700;0,00000000
2026-01-22;32117,95852676;0,00983845;0,00000000
2026-01-23;32262,34466347;0,00449550;0,00000000
2026-01-26;32480,43725308;0,00675997;0,00000000
2026-01-27;32885,45657990;0,01246964;0,00000000
2026-01-28;33448,74364915;0,01712876;0,00000000
2026-01-29;33366,33135166;-0,00246384;-0,00246384
2026-01-30;31816,73878259;-0,04644180;-0,04879122
2026-02-02;31398,76613228;-0,01313688;-0,06128713
2026-02-03;31851,20989078;0,01440960;-0,04776065
2026-02-04;31737,57198600;-0,00356777;-0,05115802
2026-02-05;31398,38080545;-0,01068737;-0,06129865
2026-02-06;31888,63428790;0,01561397;-0,04664179
2026-02-09;32263,96882298;0,01177017;-0,03542061
2026-02-10;32166,73541297;-0,00301368;-0,03832755
2026-02-11;32283,36001840;0,00362563;-0,03484088
2026-02-12;31767,97952662;-0,01596428;-0,05024895
2026-02-13;32016,32085322;0,00781735;-0,04282441
2026-02-17;31734,92741988;-0,00878906;-0,05123709
2026-02-18;32058,66732467;0,01020138;-0,04155840
2026-02-19;32085,04227802;0,00082271;-0,04076988
2026-02-20;32311,08989571;0,00704526;-0,03401185
2026-02-23;32481,04748878;0,00526004;-0,02893072
2026-02-24;32392,52555858;-0,00272534;-0,03157721
2026-02-25;32503,87745476;0,00343758;-0,02824818
2026-02-26;32534,90032522;0,00095444;-0,02732071
2026-02-27;32635,02016127;0,00307731;-0,02432748
2026-03-02;32777,11131834;0,00435395;-0,02007945
2026-03-03;32096,61536849;-0,02076132;-0,04042389
2026-03-04;32308,60525907;0,00660474;-0,03408613
2026-03-05;32144,47369249;-0,00508012;-0,03899309
2026-03-09;32189,89635894;0,00141308;-0,03763511
2026-03-10;32393,09314586;0,00631244;-0,03156024
2026-03-11;32341,85615821;-0,00158173;-0,03309205
2026-03-12;32012,77785388;-0,01017500;-0,04293034
2026-03-13;31832,17844541;-0,00564148;-0,04832962
2026-03-16;31889,65689744;0,00180567;-0,04661122
2026-03-17;31893,10162269;0,00010802;-0,04650823
2026-03-18;31454,83917999;-0,01374161;-0,05961074
2026-03-19;30917,77012551;-0,01707429;-0,07566722
2026-03-20;30482,34034735;-0,01408348;-0,08868504
2026-03-23;30299,30764069;-0,00600455;-0,09415708
2026-03-24;30282,30768068;-0,00056107;-0,09466532
2026-03-25;30645,53420415;0,01199468;-0,08380612
2026-03-26;30086,03164003;-0,01825723;-0,10053328
2026-03-27;30316,72574256;0,00766781;-0,09363634
2026-03-30;30284,16661261;-0,00107397;-0,09460974
2026-03-31;30853,67460058;0,01880547;-0,07758345
2026-04-01;31194,77344846;0,01105537;-0,06738580
2026-04-02;31019,56497200;-0,00561660;-0,07262391
2026-04-07;31100,83716736;0,00262003;-0,07019416
2026-04-08;31394,50871932;0,00944256;-0,06141441
2026-04-09;31505,03721254;0,00352063;-0,05811000
2026-04-10;31514,59505280;0,00030337;-0,05782425
2026-04-13;31547,85281819;0,00105531;-0,05682996
2026-04-14;31908,50460972;0,01143190;-0,04604774
2026-04-15;31877,00891246;-0,00098706;-0,04698935
2026-04-16;31949,12590672;0,00226235;-0,04483331
2026-04-17;32224,79077384;0,00862824;-0,03659189
2026-04-20;32114,86806096;-0,00341112;-0,03987820
2026-04-21;31797,29826965;-0,00988856;-0,04937242
2026-04-22;32043,60712673;0,00774622;-0,04200865
2026-04-23;31890,93137194;-0,00476462;-0,04657312
2026-04-24;32051,22908574;0,00502644;-0,04178078
2026-04-27;31965,57663281;-0,00267236;-0,04434149
2026-04-28;31681,22893039;-0,00889543;-0,05284248
2026-04-29;31605,02964474;-0,00240519;-0,05512058
2026-04-30;31789,29393167;0,00583022;-0,04961172
2026-05-01;31879,98611559;0,00285292;-0,04690034
2026-05-05;31880,65608698;0,00002102;-0,04688031
2026-05-06;32503,51778949;0,01953729;-0,02825893
2026-05-07;32519,11937876;0,00048000;-0,02779250
2026-05-08;32758,53227717;0,00736222;-0,02063490
2026-05-11;32885,01737992;0,00386113;-0,01685344
2026-05-12;32734,82994531;-0,00456705;-0,02134351
2026-05-13;32804,27473780;0,00212143;-0,01926736
2026-05-14;32924,50635984;0,00366512;-0,01567285
2026-05-15;32531,06273344;-0,01194987;-0,02743544
2026-05-18;32416,15312639;-0,00353230;-0,03087083
2026-05-19;32142,99814717;-0,00842651;-0,03903721
2026-05-20;32503,35285292;0,01121099;-0,02826387
2026-05-21;32553,64842667;0,00154740;-0,02676020
2026-05-22;32611,60650152;0,00178039;-0,02502746
2026-05-26;32805,77038927;0,00595383;-0,01922264
2026-05-27;32634,08403803;-0,00523342;-0,02435546
2026-05-28;32866,68409456;0,00712752;-0,01740154
2026-05-29;33139,85299019;0,00831142;-0,00923475
2026-06-01;33131,21742436;-0,00026058;-0,00949292
2026-06-02;33253,91629319;0,00370342;-0,00582465
2026-06-03;33054,25172163;-0,00600424;-0,01179392
2026-06-04;33085,76500070;0,00095338;-0,01085179
2026-06-05;32213,79044796;-0,02635498;-0,03692076
2026-06-08;32313,21102171;0,00308627;-0,03394844
2026-06-09;31871,97271864;-0,01365504;-0,04713991
2026-06-10;31256,91147140;-0,01929787;-0,06552809
2026-06-11;31805,44493212;0,01754919;-0,04912886
2026-06-12;32003,39053907;0,00622364;-0,04321098
2026-06-15;32616,55980875;0,01915951;-0,02487938
2026-06-16;32504,11804872;-0,00344738;-0,02824099
2026-06-17;32226,02320910;-0,00855568;-0,03655505
2026-06-18;32395,05112718;0,00524508;-0,03150171
2026-06-22;32325,09000625;-0,00215962;-0,03359330
2026-06-23;31803,22933361;-0,01614414;-0,04919510
2026-06-24;31484,74120861;-0,01001433;-0,05871678
2026-06-25;31575,16280018;0,00287192;-0,05601349
2026-06-26;31594,48642568;0,00061199;-0,05543578
2026-06-29;31563,73453144;-0,00097333;-0,05635515
2026-06-30;31781,54997452;0,00690081;-0,04984324
