Date;value;daily_return;drawdown
2014-01-02;10000,00000000;;0,00000000
2014-01-03;10000,00000000;0,00000000;0,00000000
2014-01-06;10000,00000000;0,00000000;0,00000000
2014-01-07;10000,00000000;0,00000000;0,00000000
2014-01-08;10000,00000000;0,00000000;0,00000000
2014-01-09;10000,00000000;0,00000000;0,00000000
2014-01-10;10000,00000000;0,00000000;0,00000000
2014-01-13;10000,00000000;0,00000000;0,00000000
2014-01-14;10000,00000000;0,00000000;0,00000000
2014-01-15;10000,00000000;0,00000000;0,00000000
2014-01-16;10000,00000000;0,00000000;0,00000000
2014-01-17;10000,00000000;0,00000000;0,00000000
2014-01-21;10000,00000000;0,00000000;0,00000000
2014-01-22;10000,00000000;0,00000000;0,00000000
2014-01-23;10000,00000000;0,00000000;0,00000000
2014-01-24;10000,00000000;0,00000000;0,00000000
2014-01-27;10000,00000000;0,00000000;0,00000000
2014-01-28;10000,00000000;0,00000000;0,00000000
2014-01-29;10000,00000000;0,00000000;0,00000000
2014-01-30;10000,00000000;0,00000000;0,00000000
2014-01-31;10000,00000000;0,00000000;0,00000000
2014-02-03;10000,00000000;0,00000000;0,00000000
2014-02-04;10000,00000000;0,00000000;0,00000000
2014-02-05;10000,00000000;0,00000000;0,00000000
2014-02-06;10000,00000000;0,00000000;0,00000000
2014-02-07;10000,00000000;0,00000000;0,00000000
2014-02-10;10000,00000000;0,00000000;0,00000000
2014-02-11;10000,00000000;0,00000000;0,00000000
2014-02-12;10000,00000000;0,00000000;0,00000000
2014-02-13;10000,00000000;0,00000000;0,00000000
2014-02-14;10000,00000000;0,00000000;0,00000000
2014-02-18;10000,00000000;0,00000000;0,00000000
2014-02-19;10000,00000000;0,00000000;0,00000000
2014-02-20;10000,00000000;0,00000000;0,00000000
2014-02-21;10000,00000000;0,00000000;0,00000000
2014-02-24;10000,00000000;0,00000000;0,00000000
2014-02-25;10000,00000000;0,00000000;0,00000000
2014-02-26;10000,00000000;0,00000000;0,00000000
2014-02-27;10000,00000000;0,00000000;0,00000000
2014-02-28;10000,00000000;0,00000000;0,00000000
2014-03-03;10000,00000000;0,00000000;0,00000000
2014-03-04;10000,00000000;0,00000000;0,00000000
2014-03-05;10000,00000000;0,00000000;0,00000000
2014-03-06;10000,00000000;0,00000000;0,00000000
2014-03-07;10000,00000000;0,00000000;0,00000000
2014-03-10;10000,00000000;0,00000000;0,00000000
2014-03-11;10000,00000000;0,00000000;0,00000000
2014-03-12;10000,00000000;0,00000000;0,00000000
2014-03-13;10000,00000000;0,00000000;0,00000000
2014-03-14;10000,00000000;0,00000000;0,00000000
2014-03-17;10000,00000000;0,00000000;0,00000000
2014-03-18;10000,00000000;0,00000000;0,00000000
2014-03-19;10000,00000000;0,00000000;0,00000000
2014-03-20;10000,00000000;0,00000000;0,00000000
2014-03-21;10000,00000000;0,00000000;0,00000000
2014-03-24;10000,00000000;0,00000000;0,00000000
2014-03-25;10000,00000000;0,00000000;0,00000000
2014-03-26;10000,00000000;0,00000000;0,00000000
2014-03-27;10000,00000000;0,00000000;0,00000000
2014-03-28;10000,00000000;0,00000000;0,00000000
2014-03-31;10000,00000000;0,00000000;0,00000000
2014-04-01;10000,00000000;0,00000000;0,00000000
2014-04-02;10000,00000000;0,00000000;0,00000000
2014-04-03;10000,00000000;0,00000000;0,00000000
2014-04-04;10000,00000000;0,00000000;0,00000000
2014-04-07;10000,00000000;0,00000000;0,00000000
2014-04-08;10000,00000000;0,00000000;0,00000000
2014-04-09;10000,00000000;0,00000000;0,00000000
2014-04-10;10000,00000000;0,00000000;0,00000000
2014-04-11;10000,00000000;0,00000000;0,00000000
2014-04-14;10000,00000000;0,00000000;0,00000000
2014-04-15;10000,00000000;0,00000000;0,00000000
2014-04-16;10000,00000000;0,00000000;0,00000000
2014-04-17;10000,00000000;0,00000000;0,00000000
2014-04-22;10000,00000000;0,00000000;0,00000000
2014-04-23;10000,00000000;0,00000000;0,00000000
2014-04-24;10000,00000000;0,00000000;0,00000000
2014-04-25;10000,00000000;0,00000000;0,00000000
2014-04-28;10000,00000000;0,00000000;0,00000000
2014-04-29;10000,00000000;0,00000000;0,00000000
2014-04-30;10000,00000000;0,00000000;0,00000000
2014-05-01;10000,00000000;0,00000000;0,00000000
2014-05-02;10000,00000000;0,00000000;0,00000000
2014-05-06;10000,00000000;0,00000000;0,00000000
2014-05-07;10000,00000000;0,00000000;0,00000000
2014-05-08;10000,00000000;0,00000000;0,00000000
2014-05-09;10000,00000000;0,00000000;0,00000000
2014-05-12;10000,00000000;0,00000000;0,00000000
2014-05-13;10000,00000000;0,00000000;0,00000000
2014-05-14;10000,00000000;0,00000000;0,00000000
2014-05-15;10000,00000000;0,00000000;0,00000000
2014-05-16;10000,00000000;0,00000000;0,00000000
2014-05-19;10000,00000000;0,00000000;0,00000000
2014-05-20;10000,00000000;0,00000000;0,00000000
2014-05-21;10000,00000000;0,00000000;0,00000000
2014-05-22;10000,00000000;0,00000000;0,00000000
2014-05-23;10000,00000000;0,00000000;0,00000000
2014-05-27;10000,00000000;0,00000000;0,00000000
2014-05-28;10000,00000000;0,00000000;0,00000000
2014-05-29;10000,00000000;0,00000000;0,00000000
2014-05-30;10000,00000000;0,00000000;0,00000000
2014-06-02;10000,00000000;0,00000000;0,00000000
2014-06-03;10000,00000000;0,00000000;0,00000000
2014-06-04;10000,00000000;0,00000000;0,00000000
2014-06-05;10000,00000000;0,00000000;0,00000000
2014-06-06;10000,00000000;0,00000000;0,00000000
2014-06-09;10000,00000000;0,00000000;0,00000000
2014-06-10;10000,00000000;0,00000000;0,00000000
2014-06-11;10000,00000000;0,00000000;0,00000000
2014-06-12;10000,00000000;0,00000000;0,00000000
2014-06-13;10000,00000000;0,00000000;0,00000000
2014-06-16;10000,00000000;0,00000000;0,00000000
2014-06-17;10000,00000000;0,00000000;0,00000000
2014-06-18;10000,00000000;0,00000000;0,00000000
2014-06-19;10000,00000000;0,00000000;0,00000000
2014-06-20;10000,00000000;0,00000000;0,00000000
2014-06-23;10000,00000000;0,00000000;0,00000000
2014-06-24;10000,00000000;0,00000000;0,00000000
2014-06-25;10000,00000000;0,00000000;0,00000000
2014-06-26;10000,00000000;0,00000000;0,00000000
2014-06-27;10000,00000000;0,00000000;0,00000000
2014-06-30;10000,00000000;0,00000000;0,00000000
2014-07-01;10000,00000000;0,00000000;0,00000000
2014-07-02;10000,00000000;0,00000000;0,00000000
2014-07-03;10000,00000000;0,00000000;0,00000000
2014-07-07;10000,00000000;0,00000000;0,00000000
2014-07-08;10000,00000000;0,00000000;0,00000000
2014-07-09;10000,00000000;0,00000000;0,00000000
2014-07-10;10000,00000000;0,00000000;0,00000000
2014-07-11;10000,00000000;0,00000000;0,00000000
2014-07-14;10000,00000000;0,00000000;0,00000000
2014-07-15;10000,00000000;0,00000000;0,00000000
2014-07-16;10000,00000000;0,00000000;0,00000000
2014-07-17;10000,00000000;0,00000000;0,00000000
2014-07-18;10000,00000000;0,00000000;0,00000000
2014-07-21;10000,00000000;0,00000000;0,00000000
2014-07-22;10000,00000000;0,00000000;0,00000000
2014-07-23;10000,00000000;0,00000000;0,00000000
2014-07-24;10000,00000000;0,00000000;0,00000000
2014-07-25;10000,00000000;0,00000000;0,00000000
2014-07-28;10000,00000000;0,00000000;0,00000000
2014-07-29;10000,00000000;0,00000000;0,00000000
2014-07-30;10000,00000000;0,00000000;0,00000000
2014-07-31;10000,00000000;0,00000000;0,00000000
2014-08-01;10000,00000000;0,00000000;0,00000000
2014-08-04;10000,00000000;0,00000000;0,00000000
2014-08-05;10000,00000000;0,00000000;0,00000000
2014-08-06;10000,00000000;0,00000000;0,00000000
2014-08-07;10000,00000000;0,00000000;0,00000000
2014-08-08;10000,00000000;0,00000000;0,00000000
2014-08-11;10000,00000000;0,00000000;0,00000000
2014-08-12;10000,00000000;0,00000000;0,00000000
2014-08-13;10000,00000000;0,00000000;0,00000000
2014-08-14;10000,00000000;0,00000000;0,00000000
2014-08-15;10000,00000000;0,00000000;0,00000000
2014-08-18;10000,00000000;0,00000000;0,00000000
2014-08-19;10000,00000000;0,00000000;0,00000000
2014-08-20;10000,00000000;0,00000000;0,00000000
2014-08-21;10000,00000000;0,00000000;0,00000000
2014-08-22;10000,00000000;0,00000000;0,00000000
2014-08-26;10000,00000000;0,00000000;0,00000000
2014-08-27;10000,00000000;0,00000000;0,00000000
2014-08-28;10000,00000000;0,00000000;0,00000000
2014-08-29;10000,00000000;0,00000000;0,00000000
2014-09-02;10000,00000000;0,00000000;0,00000000
2014-09-03;10000,00000000;0,00000000;0,00000000
2014-09-04;10000,00000000;0,00000000;0,00000000
2014-09-05;10000,00000000;0,00000000;0,00000000
2014-09-08;10000,00000000;0,00000000;0,00000000
2014-09-09;10000,00000000;0,00000000;0,00000000
2014-09-10;10000,00000000;0,00000000;0,00000000
2014-09-11;10000,00000000;0,00000000;0,00000000
2014-09-12;10000,00000000;0,00000000;0,00000000
2014-09-15;10000,00000000;0,00000000;0,00000000
2014-09-16;10000,00000000;0,00000000;0,00000000
2014-09-17;10000,00000000;0,00000000;0,00000000
2014-09-18;10000,00000000;0,00000000;0,00000000
2014-09-19;10000,00000000;0,00000000;0,00000000
2014-09-22;10000,00000000;0,00000000;0,00000000
2014-09-23;10000,00000000;0,00000000;0,00000000
2014-09-24;10000,00000000;0,00000000;0,00000000
2014-09-25;10000,00000000;0,00000000;0,00000000
2014-09-26;10000,00000000;0,00000000;0,00000000
2014-09-29;10000,00000000;0,00000000;0,00000000
2014-09-30;10000,00000000;0,00000000;0,00000000
2014-10-01;10000,00000000;0,00000000;0,00000000
2014-10-02;10000,00000000;0,00000000;0,00000000
2014-10-03;10000,00000000;0,00000000;0,00000000
2014-10-06;10000,00000000;0,00000000;0,00000000
2014-10-07;10000,00000000;0,00000000;0,00000000
2014-10-08;10000,00000000;0,00000000;0,00000000
2014-10-09;10000,00000000;0,00000000;0,00000000
2014-10-10;10000,00000000;0,00000000;0,00000000
2014-10-13;10000,00000000;0,00000000;0,00000000
2014-10-14;10000,00000000;0,00000000;0,00000000
2014-10-15;10000,00000000;0,00000000;0,00000000
2014-10-16;10000,00000000;0,00000000;0,00000000
2014-10-17;10000,00000000;0,00000000;0,00000000
2014-10-20;10000,00000000;0,00000000;0,00000000
2014-10-21;10000,00000000;0,00000000;0,00000000
2014-10-22;10000,00000000;0,00000000;0,00000000
2014-10-23;10000,00000000;0,00000000;0,00000000
2014-10-24;10000,00000000;0,00000000;0,00000000
2014-10-27;10000,00000000;0,00000000;0,00000000
2014-10-28;10000,00000000;0,00000000;0,00000000
2014-10-29;10000,00000000;0,00000000;0,00000000
2014-10-30;10000,00000000;0,00000000;0,00000000
2014-10-31;10000,00000000;0,00000000;0,00000000
2014-11-03;10000,00000000;0,00000000;0,00000000
2014-11-04;10000,00000000;0,00000000;0,00000000
2014-11-05;10000,00000000;0,00000000;0,00000000
2014-11-06;10000,00000000;0,00000000;0,00000000
2014-11-07;10000,00000000;0,00000000;0,00000000
2014-11-10;10000,00000000;0,00000000;0,00000000
2014-11-11;10000,00000000;0,00000000;0,00000000
2014-11-12;10000,00000000;0,00000000;0,00000000
2014-11-13;10000,00000000;0,00000000;0,00000000
2014-11-14;10000,00000000;0,00000000;0,00000000
2014-11-17;10000,00000000;0,00000000;0,00000000
2014-11-18;10000,00000000;0,00000000;0,00000000
2014-11-19;10000,00000000;0,00000000;0,00000000
2014-11-20;10000,00000000;0,00000000;0,00000000
2014-11-21;10000,00000000;0,00000000;0,00000000
2014-11-24;10000,00000000;0,00000000;0,00000000
2014-11-25;10000,00000000;0,00000000;0,00000000
2014-11-26;10000,00000000;0,00000000;0,00000000
2014-11-28;10000,00000000;0,00000000;0,00000000
2014-12-01;10000,00000000;0,00000000;0,00000000
2014-12-02;10000,00000000;0,00000000;0,00000000
2014-12-03;10000,00000000;0,00000000;0,00000000
2014-12-04;10000,00000000;0,00000000;0,00000000
2014-12-05;10000,00000000;0,00000000;0,00000000
2014-12-08;10000,00000000;0,00000000;0,00000000
2014-12-09;10000,00000000;0,00000000;0,00000000
2014-12-10;10000,00000000;0,00000000;0,00000000
2014-12-11;10000,00000000;0,00000000;0,00000000
2014-12-12;10000,00000000;0,00000000;0,00000000
2014-12-15;10000,00000000;0,00000000;0,00000000
2014-12-16;10000,00000000;0,00000000;0,00000000
2014-12-17;10000,00000000;0,00000000;0,00000000
2014-12-18;10000,00000000;0,00000000;0,00000000
2014-12-19;10000,00000000;0,00000000;0,00000000
2014-12-22;10000,00000000;0,00000000;0,00000000
2014-12-23;10000,00000000;0,00000000;0,00000000
2014-12-24;10000,00000000;0,00000000;0,00000000
2014-12-29;10000,00000000;0,00000000;0,00000000
2014-12-30;10000,00000000;0,00000000;0,00000000
2014-12-31;10000,00000000;0,00000000;0,00000000
2015-01-02;10000,00000000;0,00000000;0,00000000
2015-01-05;10000,00000000;0,00000000;0,00000000
2015-01-06;10000,00000000;0,00000000;0,00000000
2015-01-07;10000,00000000;0,00000000;0,00000000
2015-01-08;10000,00000000;0,00000000;0,00000000
2015-01-09;10000,00000000;0,00000000;0,00000000
2015-01-12;10000,00000000;0,00000000;0,00000000
2015-01-13;10000,00000000;0,00000000;0,00000000
2015-01-14;10000,00000000;0,00000000;0,00000000
2015-01-15;10000,00000000;0,00000000;0,00000000
2015-01-16;10000,00000000;0,00000000;0,00000000
2015-01-20;10000,00000000;0,00000000;0,00000000
2015-01-21;10000,00000000;0,00000000;0,00000000
2015-01-22;10000,00000000;0,00000000;0,00000000
2015-01-23;10000,00000000;0,00000000;0,00000000
2015-01-26;10000,00000000;0,00000000;0,00000000
2015-01-27;10000,00000000;0,00000000;0,00000000
2015-01-28;10000,00000000;0,00000000;0,00000000
2015-01-29;10000,00000000;0,00000000;0,00000000
2015-01-30;10000,00000000;0,00000000;0,00000000
2015-02-02;10000,00000000;0,00000000;0,00000000
2015-02-03;10000,00000000;0,00000000;0,00000000
2015-02-04;10000,00000000;0,00000000;0,00000000
2015-02-05;10000,00000000;0,00000000;0,00000000
2015-02-06;10000,00000000;0,00000000;0,00000000
2015-02-09;10000,00000000;0,00000000;0,00000000
2015-02-10;10000,00000000;0,00000000;0,00000000
2015-02-11;10000,00000000;0,00000000;0,00000000
2015-02-12;10000,00000000;0,00000000;0,00000000
2015-02-13;10000,00000000;0,00000000;0,00000000
2015-02-17;10000,00000000;0,00000000;0,00000000
2015-02-18;10000,00000000;0,00000000;0,00000000
2015-02-19;10000,00000000;0,00000000;0,00000000
2015-02-20;10000,00000000;0,00000000;0,00000000
2015-02-23;10000,00000000;0,00000000;0,00000000
2015-02-24;10000,00000000;0,00000000;0,00000000
2015-02-25;10000,00000000;0,00000000;0,00000000
2015-02-26;10000,00000000;0,00000000;0,00000000
2015-02-27;10000,00000000;0,00000000;0,00000000
2015-03-02;10000,00000000;0,00000000;0,00000000
2015-03-03;10000,00000000;0,00000000;0,00000000
2015-03-04;10000,00000000;0,00000000;0,00000000
2015-03-05;10000,00000000;0,00000000;0,00000000
2015-03-06;10000,00000000;0,00000000;0,00000000
2015-03-09;10000,00000000;0,00000000;0,00000000
2015-03-10;10000,00000000;0,00000000;0,00000000
2015-03-11;10000,00000000;0,00000000;0,00000000
2015-03-12;10000,00000000;0,00000000;0,00000000
2015-03-13;10000,00000000;0,00000000;0,00000000
2015-03-16;10000,00000000;0,00000000;0,00000000
2015-03-17;10000,00000000;0,00000000;0,00000000
2015-03-18;10000,00000000;0,00000000;0,00000000
2015-03-19;10000,00000000;0,00000000;0,00000000
2015-03-20;10000,00000000;0,00000000;0,00000000
2015-03-23;10000,00000000;0,00000000;0,00000000
2015-03-24;10000,00000000;0,00000000;0,00000000
2015-03-25;10000,00000000;0,00000000;0,00000000
2015-03-26;10000,00000000;0,00000000;0,00000000
2015-03-27;10000,00000000;0,00000000;0,00000000
2015-03-30;10000,00000000;0,00000000;0,00000000
2015-03-31;10000,00000000;0,00000000;0,00000000
2015-04-01;10000,00000000;0,00000000;0,00000000
2015-04-02;10000,00000000;0,00000000;0,00000000
2015-04-07;10000,00000000;0,00000000;0,00000000
2015-04-08;10000,00000000;0,00000000;0,00000000
2015-04-09;10000,00000000;0,00000000;0,00000000
2015-04-10;10000,00000000;0,00000000;0,00000000
2015-04-13;10000,00000000;0,00000000;0,00000000
2015-04-14;10000,00000000;0,00000000;0,00000000
2015-04-15;10000,00000000;0,00000000;0,00000000
2015-04-16;10000,00000000;0,00000000;0,00000000
2015-04-17;10000,00000000;0,00000000;0,00000000
2015-04-20;10000,00000000;0,00000000;0,00000000
2015-04-21;10000,00000000;0,00000000;0,00000000
2015-04-22;10000,00000000;0,00000000;0,00000000
2015-04-23;10000,00000000;0,00000000;0,00000000
2015-04-24;10000,00000000;0,00000000;0,00000000
2015-04-27;10000,00000000;0,00000000;0,00000000
2015-04-28;10000,00000000;0,00000000;0,00000000
2015-04-29;10000,00000000;0,00000000;0,00000000
2015-04-30;10000,00000000;0,00000000;0,00000000
2015-05-01;10000,00000000;0,00000000;0,00000000
2015-05-05;10000,00000000;0,00000000;0,00000000
2015-05-06;10000,00000000;0,00000000;0,00000000
2015-05-07;10000,00000000;0,00000000;0,00000000
2015-05-08;10000,00000000;0,00000000;0,00000000
2015-05-11;10000,00000000;0,00000000;0,00000000
2015-05-12;10000,00000000;0,00000000;0,00000000
2015-05-13;10000,00000000;0,00000000;0,00000000
2015-05-14;10000,00000000;0,00000000;0,00000000
2015-05-15;10000,00000000;0,00000000;0,00000000
2015-05-18;10000,00000000;0,00000000;0,00000000
2015-05-19;10000,00000000;0,00000000;0,00000000
2015-05-20;10000,00000000;0,00000000;0,00000000
2015-05-21;10000,00000000;0,00000000;0,00000000
2015-05-22;10000,00000000;0,00000000;0,00000000
2015-05-26;10000,00000000;0,00000000;0,00000000
2015-05-27;10000,00000000;0,00000000;0,00000000
2015-05-28;10000,00000000;0,00000000;0,00000000
2015-05-29;10000,00000000;0,00000000;0,00000000
2015-06-01;10000,00000000;0,00000000;0,00000000
2015-06-02;10000,00000000;0,00000000;0,00000000
2015-06-03;10000,00000000;0,00000000;0,00000000
2015-06-04;10000,00000000;0,00000000;0,00000000
2015-06-05;10000,00000000;0,00000000;0,00000000
2015-06-08;10000,00000000;0,00000000;0,00000000
2015-06-09;10000,00000000;0,00000000;0,00000000
2015-06-10;10000,00000000;0,00000000;0,00000000
2015-06-11;10000,00000000;0,00000000;0,00000000
2015-06-12;10000,00000000;0,00000000;0,00000000
2015-06-15;10000,00000000;0,00000000;0,00000000
2015-06-16;10000,00000000;0,00000000;0,00000000
2015-06-17;10000,00000000;0,00000000;0,00000000
2015-06-18;10000,00000000;0,00000000;0,00000000
2015-06-19;10000,00000000;0,00000000;0,00000000
2015-06-22;10000,00000000;0,00000000;0,00000000
2015-06-23;10000,00000000;0,00000000;0,00000000
2015-06-24;10000,00000000;0,00000000;0,00000000
2015-06-25;10000,00000000;0,00000000;0,00000000
2015-06-26;10000,00000000;0,00000000;0,00000000
2015-06-29;10000,00000000;0,00000000;0,00000000
2015-06-30;10000,00000000;0,00000000;0,00000000
2015-07-01;10000,00000000;0,00000000;0,00000000
2015-07-02;10000,00000000;0,00000000;0,00000000
2015-07-06;10000,00000000;0,00000000;0,00000000
2015-07-07;10000,00000000;0,00000000;0,00000000
2015-07-08;10000,00000000;0,00000000;0,00000000
2015-07-09;10000,00000000;0,00000000;0,00000000
2015-07-10;10000,00000000;0,00000000;0,00000000
2015-07-13;10000,00000000;0,00000000;0,00000000
2015-07-14;10000,00000000;0,00000000;0,00000000
2015-07-15;10000,00000000;0,00000000;0,00000000
2015-07-16;10000,00000000;0,00000000;0,00000000
2015-07-17;10000,00000000;0,00000000;0,00000000
2015-07-20;10000,00000000;0,00000000;0,00000000
2015-07-21;10000,00000000;0,00000000;0,00000000
2015-07-22;10000,00000000;0,00000000;0,00000000
2015-07-23;10000,00000000;0,00000000;0,00000000
2015-07-24;10000,00000000;0,00000000;0,00000000
2015-07-27;10000,00000000;0,00000000;0,00000000
2015-07-28;10000,00000000;0,00000000;0,00000000
2015-07-29;10000,00000000;0,00000000;0,00000000
2015-07-30;10000,00000000;0,00000000;0,00000000
2015-07-31;10000,00000000;0,00000000;0,00000000
2015-08-03;10000,00000000;0,00000000;0,00000000
2015-08-04;10000,00000000;0,00000000;0,00000000
2015-08-05;10000,00000000;0,00000000;0,00000000
2015-08-06;10000,00000000;0,00000000;0,00000000
2015-08-07;10000,00000000;0,00000000;0,00000000
2015-08-10;10000,00000000;0,00000000;0,00000000
2015-08-11;10000,00000000;0,00000000;0,00000000
2015-08-12;10000,00000000;0,00000000;0,00000000
2015-08-13;10000,00000000;0,00000000;0,00000000
2015-08-14;10000,00000000;0,00000000;0,00000000
2015-08-17;10000,00000000;0,00000000;0,00000000
2015-08-18;10000,00000000;0,00000000;0,00000000
2015-08-19;10000,00000000;0,00000000;0,00000000
2015-08-20;10000,00000000;0,00000000;0,00000000
2015-08-21;10000,00000000;0,00000000;0,00000000
2015-08-24;10000,00000000;0,00000000;0,00000000
2015-08-25;10000,00000000;0,00000000;0,00000000
2015-08-26;10000,00000000;0,00000000;0,00000000
2015-08-27;10000,00000000;0,00000000;0,00000000
2015-08-28;10000,00000000;0,00000000;0,00000000
2015-09-01;10000,00000000;0,00000000;0,00000000
2015-09-02;10000,00000000;0,00000000;0,00000000
2015-09-03;10000,00000000;0,00000000;0,00000000
2015-09-04;10000,00000000;0,00000000;0,00000000
2015-09-08;10000,00000000;0,00000000;0,00000000
2015-09-09;10000,00000000;0,00000000;0,00000000
2015-09-10;10000,00000000;0,00000000;0,00000000
2015-09-11;10000,00000000;0,00000000;0,00000000
2015-09-14;10000,00000000;0,00000000;0,00000000
2015-09-15;10000,00000000;0,00000000;0,00000000
2015-09-16;10000,00000000;0,00000000;0,00000000
2015-09-17;10000,00000000;0,00000000;0,00000000
2015-09-18;10000,00000000;0,00000000;0,00000000
2015-09-21;10000,00000000;0,00000000;0,00000000
2015-09-22;10000,00000000;0,00000000;0,00000000
2015-09-23;10000,00000000;0,00000000;0,00000000
2015-09-24;10000,00000000;0,00000000;0,00000000
2015-09-25;10000,00000000;0,00000000;0,00000000
2015-09-28;10000,00000000;0,00000000;0,00000000
2015-09-29;10000,00000000;0,00000000;0,00000000
2015-09-30;10000,00000000;0,00000000;0,00000000
2015-10-01;10000,00000000;0,00000000;0,00000000
2015-10-02;10000,00000000;0,00000000;0,00000000
2015-10-05;10000,00000000;0,00000000;0,00000000
2015-10-06;10000,00000000;0,00000000;0,00000000
2015-10-07;10000,00000000;0,00000000;0,00000000
2015-10-08;10000,00000000;0,00000000;0,00000000
2015-10-09;10000,00000000;0,00000000;0,00000000
2015-10-12;10000,00000000;0,00000000;0,00000000
2015-10-13;10000,00000000;0,00000000;0,00000000
2015-10-14;10000,00000000;0,00000000;0,00000000
2015-10-15;10000,00000000;0,00000000;0,00000000
2015-10-16;10000,00000000;0,00000000;0,00000000
2015-10-19;10000,00000000;0,00000000;0,00000000
2015-10-20;10000,00000000;0,00000000;0,00000000
2015-10-21;10000,00000000;0,00000000;0,00000000
2015-10-22;10000,00000000;0,00000000;0,00000000
2015-10-23;10000,00000000;0,00000000;0,00000000
2015-10-26;10000,00000000;0,00000000;0,00000000
2015-10-27;10000,00000000;0,00000000;0,00000000
2015-10-28;10000,00000000;0,00000000;0,00000000
2015-10-29;10000,00000000;0,00000000;0,00000000
2015-10-30;10000,00000000;0,00000000;0,00000000
2015-11-02;10000,00000000;0,00000000;0,00000000
2015-11-03;10000,00000000;0,00000000;0,00000000
2015-11-04;10000,00000000;0,00000000;0,00000000
2015-11-05;10000,00000000;0,00000000;0,00000000
2015-11-06;10000,00000000;0,00000000;0,00000000
2015-11-09;10000,00000000;0,00000000;0,00000000
2015-11-10;10000,00000000;0,00000000;0,00000000
2015-11-11;10000,00000000;0,00000000;0,00000000
2015-11-12;10000,00000000;0,00000000;0,00000000
2015-11-13;10000,00000000;0,00000000;0,00000000
2015-11-16;10000,00000000;0,00000000;0,00000000
2015-11-17;10000,00000000;0,00000000;0,00000000
2015-11-18;10000,00000000;0,00000000;0,00000000
2015-11-19;10000,00000000;0,00000000;0,00000000
2015-11-20;10000,00000000;0,00000000;0,00000000
2015-11-23;10000,00000000;0,00000000;0,00000000
2015-11-24;10000,00000000;0,00000000;0,00000000
2015-11-25;10000,00000000;0,00000000;0,00000000
2015-11-27;10000,00000000;0,00000000;0,00000000
2015-11-30;10000,00000000;0,00000000;0,00000000
2015-12-01;10000,00000000;0,00000000;0,00000000
2015-12-02;10000,00000000;0,00000000;0,00000000
2015-12-03;10000,00000000;0,00000000;0,00000000
2015-12-04;10000,00000000;0,00000000;0,00000000
2015-12-07;10000,00000000;0,00000000;0,00000000
2015-12-08;10000,00000000;0,00000000;0,00000000
2015-12-09;10000,00000000;0,00000000;0,00000000
2015-12-10;10000,00000000;0,00000000;0,00000000
2015-12-11;10000,00000000;0,00000000;0,00000000
2015-12-14;10000,00000000;0,00000000;0,00000000
2015-12-15;10000,00000000;0,00000000;0,00000000
2015-12-16;10000,00000000;0,00000000;0,00000000
2015-12-17;10000,00000000;0,00000000;0,00000000
2015-12-18;10000,00000000;0,00000000;0,00000000
2015-12-21;10000,00000000;0,00000000;0,00000000
2015-12-22;10000,00000000;0,00000000;0,00000000
2015-12-23;10000,00000000;0,00000000;0,00000000
2015-12-24;10000,00000000;0,00000000;0,00000000
2015-12-29;10000,00000000;0,00000000;0,00000000
2015-12-30;10000,00000000;0,00000000;0,00000000
2015-12-31;10000,00000000;0,00000000;0,00000000
2016-01-04;10000,00000000;0,00000000;0,00000000
2016-01-05;10018,84438624;0,00188444;0,00000000
2016-01-06;10084,73398349;0,00657657;0,00000000
2016-01-07;10109,79192016;0,00248474;0,00000000
2016-01-08;10050,91577930;-0,00582367;-0,00582367
2016-01-11;9998,93468834;-0,00517178;-0,01096533
2016-01-12;10005,34915617;0,00064152;-0,01033085
2016-01-13;9999,35148466;-0,00059945;-0,01092411
2016-01-14;9911,99570569;-0,00873614;-0,01956482
2016-01-15;9925,74923631;0,00138756;-0,01820440
2016-01-19;9945,96821031;0,00203702;-0,01620446
2016-01-20;9961,85437599;0,00159725;-0,01463309
2016-01-21;9999,97976637;0,00382714;-0,01086196
2016-01-22;10014,64739627;0,00146677;-0,00941113
2016-01-25;10066,35899830;0,00516360;-0,00429612
2016-01-26;10139,23595869;0,00723965;0,00000000
2016-01-27;10142,58088594;0,00032990;0,00000000
2016-01-28;10078,59766599;-0,00630838;-0,00630838
2016-01-29;10171,21351650;0,00918936;0,00000000
2016-02-01;10236,81980239;0,00645019;0,00000000
2016-02-02;10194,75795266;-0,00410888;-0,00410888
2016-02-03;10225,79067325;0,00304399;-0,00107740
2016-02-04;10317,17440733;0,00893659;0,00000000
2016-02-05;10356,55431065;0,00381693;0,00000000
2016-02-08;10402,08275761;0,00439610;0,00000000
2016-02-09;10371,29623021;-0,00295965;-0,00295965
2016-02-10;10421,38045856;0,00482912;0,00000000
2016-02-11;10646,42201359;0,02159422;0,00000000
2016-02-12;10638,04167005;-0,00078715;-0,00078715
2016-02-16;10502,12420127;-0,01277655;-0,01355364
2016-02-17;10594,53660196;0,00879940;-0,00487351
2016-02-18;10749,80780751;0,01465578;0,00000000
2016-02-19;10698,89448974;-0,00473621;-0,00473621
2016-02-22;10644,11995227;-0,00511964;-0,00983160
2016-02-23;10712,42218973;0,00641690;-0,00347779
2016-02-24;10721,91346986;0,00088601;-0,00259487
2016-02-25;10796,49910046;0,00695637;0,00000000
2016-02-26;10759,14307104;-0,00346001;-0,00346001
2016-02-29;10835,31632249;0,00707986;0,00000000
2016-03-01;10827,52079028;-0,00071946;-0,00071946
2016-03-02;10876,70263943;0,00454230;0,00000000
2016-03-03;10972,21362637;0,00878124;0,00000000
2016-03-04;10990,27233494;0,00164586;0,00000000
2016-03-07;11008,47328857;0,00165610;0,00000000
2016-03-08;10959,47553194;-0,00445091;-0,00445091
2016-03-09;10929,09180948;-0,00277237;-0,00721094
2016-03-10;11009,40706311;0,00734876;0,00000000
2016-03-11;10942,80171097;-0,00604986;-0,00604986
2016-03-14;10866,17771106;-0,00700223;-0,01300972
2016-03-15;10886,67071279;0,00188594;-0,01114832
2016-03-16;11038,87833976;0,01398110;0,00000000
2016-03-17;11009,36439396;-0,00267364;-0,00267364
2016-03-18;11002,70648016;-0,00060475;-0,00327677
2016-03-21;10967,94584087;-0,00315928;-0,00642570
2016-03-22;11009,99791478;0,00383409;-0,00261625
2016-03-23;10857,94050407;-0,01381085;-0,01639096
2016-03-24;10832,82778475;-0,00231284;-0,01866590
2016-03-29;10962,65766452;0,01198486;-0,00690475
2016-03-30;10909,43562336;-0,00485485;-0,01172608
2016-03-31;10928,44154264;0,00174215;-0,01000435
2016-04-01;10913,59761563;-0,00135828;-0,01134904
2016-04-04;10856,33323465;-0,00524707;-0,01653656
2016-04-05;10920,96653844;0,00595351;-0,01068150
2016-04-06;10909,92020469;-0,00101148;-0,01168218
2016-04-07;10971,65627325;0,00565871;-0,00608957
2016-04-08;10972,61201268;0,00008711;-0,00600299
2016-04-11;11040,43229912;0,00618087;0,00000000
2016-04-12;11061,77889757;0,00193349;0,00000000
2016-04-13;11030,86599152;-0,00279457;-0,00279457
2016-04-14;10959,20465675;-0,00649644;-0,00927285
2016-04-15;10986,70566482;0,00250940;-0,00678672
2016-04-18;10970,94201639;-0,00143479;-0,00821178
2016-04-19;11063,96848751;0,00847935;0,00000000
2016-04-20;11041,74966969;-0,00200821;-0,00200821
2016-04-21;11064,12448094;0,00202638;0,00000000
2016-04-22;10951,56341162;-0,01017352;-0,01017352
2016-04-25;10946,03261831;-0,00050502;-0,01067340
2016-04-26;10967,72425248;0,00198169;-0,00871287
2016-04-27;10980,88873703;0,00120029;-0,00752303
2016-04-28;11070,77594702;0,00818579;0,00000000
2016-04-29;11158,95305349;0,00796485;0,00000000
2016-05-03;11129,11347746;-0,00267405;-0,00267405
2016-05-04;11089,19811396;-0,00358657;-0,00625103
2016-05-05;11078,95697989;-0,00092352;-0,00716878
2016-05-06;11142,53448501;0,00573858;-0,00147134
2016-05-09;11011,49992872;-0,01175985;-0,01321389
2016-05-10;11064,06553558;0,00477370;-0,00850326
2016-05-11;11109,12461298;0,00407256;-0,00446533
2016-05-12;11041,17967921;-0,00611614;-0,01055416
2016-05-13;11076,98848064;0,00324320;-0,00734518
2016-05-16;11102,29524307;0,00228462;-0,00507734
2016-05-17;11100,86084250;-0,00012920;-0,00520588
2016-05-18;10969,44063027;-0,01183874;-0,01698299
2016-05-19;10933,26705729;-0,00329767;-0,02022466
2016-05-20;10959,79447752;0,00242630;-0,01784742
2016-05-23;10954,78785459;-0,00045682;-0,01829609
2016-05-24;10870,90291639;-0,00765738;-0,02581337
2016-05-25;10869,61034514;-0,00011890;-0,02592920
2016-05-26;10852,71391830;-0,00155446;-0,02744336
2016-05-27;10825,88775626;-0,00247184;-0,02984736
2016-05-31;10856,29739840;0,00280897;-0,02712223
2016-06-01;10848,32736252;-0,00073414;-0,02783645
2016-06-02;10829,62534573;-0,00172395;-0,02951242
2016-06-03;10984,42244254;0,01429386;-0,01564041
2016-06-06;11018,05423112;0,00306177;-0,01262653
2016-06-07;11017,08971586;-0,00008754;-0,01271296
2016-06-08;11119,00647872;0,00925079;-0,00357978
2016-06-09;11151,82521963;0,00295159;-0,00063875
2016-06-10;11163,34856350;0,00103331;0,00000000
2016-06-13;11191,93164192;0,00256044;0,00000000
2016-06-14;11189,91904886;-0,00017983;-0,00017983
2016-06-15;11236,36924603;0,00415108;0,00000000
2016-06-16;11168,05169123;-0,00608004;-0,00608004
2016-06-17;11229,76981816;0,00552631;-0,00058733
2016-06-20;11194,32283563;-0,00315652;-0,00374199
2016-06-21;11081,38642608;-0,01008872;-0,01379296
2016-06-22;11074,56954500;-0,00061516;-0,01439964
2016-06-23;11054,56457959;-0,00180639;-0,01618002
2016-06-24;11373,57190691;0,02885752;0,00000000
2016-06-27;11387,70473900;0,00124260;0,00000000
2016-06-28;11349,02963447;-0,00339622;-0,00339622
2016-06-29;11407,72693326;0,00517201;0,00000000
2016-06-30;11495,39514780;0,00768499;0,00000000
2016-07-01;11625,45269594;0,01131388;0,00000000
2016-07-05;11650,66356102;0,00216859;0,00000000
2016-07-06;11685,02546847;0,00294935;0,00000000
2016-07-07;11683,91096209;-0,00009538;-0,00009538
2016-07-08;11736,72238089;0,00452001;0,00000000
2016-07-11;11735,44202649;-0,00010909;-0,00010909
2016-07-12;11677,66719176;-0,00492311;-0,00503166
2016-07-13;11708,06055530;0,00260269;-0,00244206
2016-07-14;11687,63801602;-0,00174431;-0,00418212
2016-07-15;11684,76630179;-0,00024571;-0,00442680
2016-07-18;11694,21576358;0,00080870;-0,00362168
2016-07-19;11707,19708689;0,00111006;-0,00251563
2016-07-20;11692,93472110;-0,00121826;-0,00373083
2016-07-21;11720,54854019;0,00236158;-0,00137805
2016-07-22;11720,31690827;-0,00001976;-0,00139779
2016-07-25;11691,38526607;-0,00246850;-0,00386284
2016-07-26;11708,01984914;0,00142281;-0,00244553
2016-07-27;11772,02640399;0,00546690;0,00000000
2016-07-28;11755,96376093;-0,00136448;-0,00136448
2016-07-29;11787,67016903;0,00269705;0,00000000
2016-08-01;11807,17769739;0,00165491;0,00000000
2016-08-02;11819,67989464;0,00105886;0,00000000
2016-08-03;11791,86757905;-0,00235305;-0,00235305
2016-08-04;11841,45449619;0,00420518;0,00000000
2016-08-05;11763,19323472;-0,00660909;-0,00660909
2016-08-08;11761,86260356;-0,00011312;-0,00672146
2016-08-09;11806,01985375;0,00375427;-0,00299242
2016-08-10;11827,04566693;0,00178094;-0,00121681
2016-08-11;11803,60967528;-0,00198156;-0,00319596
2016-08-12;11785,73034865;-0,00151473;-0,00470585
2016-08-15;11833,20439867;0,00402810;-0,00069671
2016-08-16;11833,74725713;0,00004588;-0,00065087
2016-08-17;11819,27869416;-0,00122265;-0,00187273
2016-08-18;11844,00966405;0,00209243;0,00000000
2016-08-19;11795,30271363;-0,00411237;-0,00411237
2016-08-22;11773,31866419;-0,00186380;-0,00596850
2016-08-23;11779,81438449;0,00055173;-0,00542006
2016-08-24;11695,79131690;-0,00713280;-0,01251420
2016-08-25;11689,02672688;-0,00057838;-0,01308534
2016-08-26;11684,96974012;-0,00034708;-0,01342788
2016-08-30;11643,66783470;-0,00353462;-0,01691503
2016-08-31;11611,26926903;-0,00278251;-0,01965047
2016-09-01;11617,09828639;0,00050201;-0,01915832
2016-09-02;11673,10211563;0,00482081;-0,01442987
2016-09-06;11722,46397806;0,00422868;-0,01026221
2016-09-07;11726,89893385;0,00037833;-0,00988776
2016-09-08;11700,78877316;-0,00222652;-0,01209226
2016-09-09;11632,86709407;-0,00580488;-0,01782695
2016-09-12;11626,75651377;-0,00052529;-0,01834287
2016-09-13;11601,83926455;-0,00214310;-0,02044666
2016-09-14;11619,79197273;0,00154740;-0,01893089
2016-09-15;11634,28980473;0,00124768;-0,01770683
2016-09-16;11625,64597840;-0,00074296;-0,01843664
2016-09-19;11643,79522870;0,00156114;-0,01690428
2016-09-20;11658,41375847;0,00125548;-0,01567002
2016-09-21;11724,10421663;0,00563460;-0,01012372
2016-09-22;11752,42130321;0,00241529;-0,00773288
2016-09-23;11754,73030093;0,00019647;-0,00753793
2016-09-26;11720,10335177;-0,00294579;-0,01046152
2016-09-27;11715,91820865;-0,00035709;-0,01081487
2016-09-28;11711,55962890;-0,00037202;-0,01118287
2016-09-29;11707,29404682;-0,00036422;-0,01154302
2016-09-30;11703,56400419;-0,00031861;-0,01185795
2016-10-03;11710,96312788;0,00063221;-0,01123323
2016-10-04;11506,04196586;-0,01749823;-0,02853491
2016-10-05;11499,22187113;-0,00059274;-0,02911073
2016-10-06;11443,70786292;-0,00482763;-0,03379783
2016-10-07;11470,63088676;0,00235265;-0,03152469
2016-10-10;11518,30944451;0,00415658;-0,02749915
2016-10-11;11474,97220644;-0,00376247;-0,03115815
2016-10-12;11482,73420480;0,00067643;-0,03050280
2016-10-13;11475,94787377;-0,00059100;-0,03107578
2016-10-14;11461,45662239;-0,00126275;-0,03229928
2016-10-17;11464,81602944;0,00029310;-0,03201565
2016-10-18;11505,02877988;0,00350749;-0,02862045
2016-10-19;11557,34993959;0,00454768;-0,02420293
2016-10-20;11524,82892480;-0,00281388;-0,02694871
2016-10-21;11542,61913615;0,00154364;-0,02544666
2016-10-24;11551,04515652;0,00072999;-0,02473525
2016-10-25;11593,69423486;0,00369223;-0,02113435
2016-10-26;11542,65971054;-0,00440192;-0,02544324
2016-10-27;11555,97151315;0,00115327;-0,02431931
2016-10-28;11589,17464106;0,00287324;-0,02151594
2016-10-31;11590,58045933;0,00012130;-0,02139725
2016-11-01;11597,84024686;0,00062635;-0,02078430
2016-11-02;11618,13252814;0,00174966;-0,01907100
2016-11-03;11615,11812098;-0,00025946;-0,01932551
2016-11-04;11605,46664025;-0,00083094;-0,02014039
2016-11-07;11555,51064960;-0,00430452;-0,02435822
2016-11-08;11546,70417784;-0,00076210;-0,02510176
2016-11-09;11534,82311663;-0,00102896;-0,02610489
2016-11-10;11413,83230568;-0,01048918;-0,03632025
2016-11-11;11264,56800368;-0,01307749;-0,04892276
2016-11-14;11209,53023387;-0,00488592;-0,05356965
2016-11-15;11294,49362669;0,00757957;-0,04639612
2016-11-16;11284,11545760;-0,00091887;-0,04727235
2016-11-17;11273,24355270;-0,00096347;-0,04819028
2016-11-18;11228,11129715;-0,00400348;-0,05200083
2016-11-21;11255,52445748;0,00244148;-0,04968632
2016-11-22;11263,80393152;0,00073559;-0,04898727
2016-11-23;11132,27736074;-0,01167692;-0,06009218
2016-11-25;11115,16159747;-0,00153749;-0,06153727
2016-11-28;11182,39885484;0,00604915;-0,05586037
2016-11-29;11145,56259825;-0,00329413;-0,05897049
2016-11-30;11052,86796212;-0,00831673;-0,06679678
2016-12-01;10993,55630077;-0,00536618;-0,07180451
2016-12-02;10997,82589962;0,00038837;-0,07144403
2016-12-05;11004,21986177;0,00058138;-0,07090418
2016-12-06;11010,51588030;0,00057215;-0,07037260
2016-12-07;11072,53361422;0,00563259;-0,06513639
2016-12-08;11094,95331637;0,00202480;-0,06324348
2016-12-09;11083,17071674;-0,00106198;-0,06423829
2016-12-12;11074,18133577;-0,00081108;-0,06499727
2016-12-13;11096,98667216;0,00205932;-0,06307180
2016-12-14;11048,39351074;-0,00437895;-0,06717456
2016-12-15;11052,63001602;0,00038345;-0,06681687
2016-12-16;11039,78049526;-0,00116258;-0,06790177
2016-12-19;11077,71057478;0,00343576;-0,06469930
2016-12-20;11077,56291129;-0,00001333;-0,06471176
2016-12-21;11074,48442039;-0,00027790;-0,06497168
2016-12-22;11064,34313105;-0,00091573;-0,06582792
2016-12-23;11082,35280938;0,00162772;-0,06430735
2016-12-28;11102,18806378;0,00178981;-0,06263264
2016-12-29;11131,43645663;0,00263447;-0,06016317
2016-12-30;11099,98024076;-0,00282589;-0,06281905
2017-01-03;11141,34945467;0,00372696;-0,05932621
2017-01-04;11182,32955178;0,00367820;-0,05586623
2017-01-05;11208,76510951;0,00236405;-0,05363425
2017-01-06;11246,45769103;0,00336278;-0,05045183
2017-01-09;11300,85721027;0,00483704;-0,04585883
2017-01-10;11319,29295728;0,00163136;-0,04430229
2017-01-11;11343,15384815;0,00210798;-0,04228769
2017-01-12;11323,15583266;-0,00176300;-0,04397614
2017-01-13;11373,33065190;0,00443117;-0,03973984
2017-01-17;11341,50636992;-0,00279815;-0,04242679
2017-01-18;11334,76407371;-0,00059448;-0,04299605
2017-01-19;11322,38387810;-0,00109223;-0,04404132
2017-01-20;11353,59386898;0,00275649;-0,04140623
2017-01-23;11332,84578296;-0,00182745;-0,04315801
2017-01-24;11347,93919505;0,00133183;-0,04188366
2017-01-25;11372,55573000;0,00216925;-0,03980526
2017-01-26;11338,28778798;-0,00301321;-0,04269854
2017-01-27;11361,31316401;0,00203076;-0,04075448
2017-01-30;11322,38700769;-0,00342620;-0,04404105
2017-01-31;11330,65105615;0,00072989;-0,04334331
2017-02-01;11341,35419972;0,00094462;-0,04243964
2017-02-02;11388,98000797;0,00419931;-0,03841855
2017-02-03;11434,97286890;0,00403837;-0,03453533
2017-02-06;11521,92352636;0,00760392;-0,02719401
2017-02-07;11507,84630239;-0,00122178;-0,02838256
2017-02-08;11541,42907813;0,00291825;-0,02554714
2017-02-09;11513,21392874;-0,00244468;-0,02792937
2017-02-10;11541,61350172;0,00246669;-0,02553157
2017-02-13;11514,45793613;-0,00235284;-0,02782434
2017-02-14;11527,23223532;0,00110941;-0,02674579
2017-02-15;11570,43406967;0,00374781;-0,02309822
2017-02-16;11602,60881721;0,00278077;-0,02038168
2017-02-17;11593,69230015;-0,00076849;-0,02113451
2017-02-21;11610,35396222;0,00143713;-0,01972775
2017-02-22;11619,77900406;0,00081178;-0,01893199
2017-02-23;11670,10949954;0,00433145;-0,01468254
2017-02-24;11709,37805108;0,00336488;-0,01136706
2017-02-27;11689,14279313;-0,00172812;-0,01307554
2017-02-28;11688,76000619;-0,00003275;-0,01310786
2017-03-01;11741,57431158;0,00451838;-0,00864871
2017-03-02;11651,41948959;-0,00767826;-0,01626056
2017-03-03;11649,19276825;-0,00019111;-0,01644856
2017-03-06;11602,71989291;-0,00398936;-0,02037230
2017-03-07;11558,66071182;-0,00379731;-0,02409226
2017-03-08;11522,99749967;-0,00308541;-0,02710334
2017-03-09;11487,83381810;-0,00305161;-0,03007224
2017-03-10;11515,09976604;0,00237346;-0,02777015
2017-03-13;11508,26303375;-0,00059372;-0,02834738
2017-03-14;11479,95086243;-0,00246016;-0,03073780
2017-03-15;11598,53114586;0,01032934;-0,02072596
2017-03-16;11630,43824532;0,00275096;-0,01803202
2017-03-17;11636,28319876;0,00050256;-0,01753853
2017-03-20;11666,31132339;0,00258056;-0,01500322
2017-03-21;11674,60314697;0,00071075;-0,01430314
2017-03-22;11697,30164212;0,00194426;-0,01238669
2017-03-23;11680,96599118;-0,00139653;-0,01376592
2017-03-24;11695,77412763;0,00126772;-0,01251565
2017-03-27;11714,93319366;0,00163812;-0,01089804
2017-03-28;11723,23196284;0,00070839;-0,01019737
2017-03-29;11757,18530328;0,00289624;-0,00733066
2017-03-30;11703,92521112;-0,00453000;-0,01182745
2017-03-31;11713,14570123;0,00078781;-0,01104896
2017-04-03;11739,01151071;0,00220827;-0,00886509
2017-04-04;11758,18330769;0,00163317;-0,00724639
2017-04-05;11759,66376542;0,00012591;-0,00712140
2017-04-06;11727,19221087;-0,00276127;-0,00986300
2017-04-07;11750,90575908;0,00202210;-0,00786084
2017-04-10;11748,78814105;-0,00018021;-0,00803964
2017-04-11;11811,04120382;0,00529868;-0,00278356
2017-04-12;11860,05100058;0,00414949;0,00000000
2017-04-13;11882,63930392;0,00190457;0,00000000
2017-04-18;11867,03104925;-0,00131353;-0,00131353
2017-04-19;11808,65418398;-0,00491925;-0,00622632
2017-04-20;11833,51962794;0,00210570;-0,00413373
2017-04-21;11857,37025487;0,00201551;-0,00212655
2017-04-24;11856,00342904;-0,00011527;-0,00224158
2017-04-25;11798,08425764;-0,00488522;-0,00711585
2017-04-26;11833,81739445;0,00302872;-0,00410868
2017-04-27;11800,68732347;-0,00279961;-0,00689678
2017-04-28;11818,61108659;0,00151887;-0,00538838
2017-05-02;11781,04319606;-0,00317871;-0,00854996
2017-05-03;11681,77808504;-0,00842583;-0,01690375
2017-05-04;11627,42797002;-0,00465255;-0,02147766
2017-05-05;11637,25730706;0,00084536;-0,02065046
2017-05-08;11636,24111981;-0,00008732;-0,02073598
2017-05-09;11602,75325947;-0,00287789;-0,02355420
2017-05-10;11613,99258967;0,00096868;-0,02260834
2017-05-11;11629,71091561;0,00135340;-0,02128554
2017-05-12;11659,89313371;0,00259527;-0,01874551
2017-05-15;11695,28389377;0,00303526;-0,01576715
2017-05-16;11728,36399331;0,00282850;-0,01298325
2017-05-17;11788,77034964;0,00515045;-0,00789967
2017-05-18;11730,17814074;-0,00497017;-0,01283058
2017-05-19;11781,85399790;0,00440538;-0,00848173
2017-05-22;11826,16066838;0,00376059;-0,00475304
2017-05-23;11795,34747598;-0,00260551;-0,00734616
2017-05-24;11835,01658917;0,00336312;-0,00400776
2017-05-25;11847,51117675;0,00105573;-0,00295626
2017-05-26;11920,87156081;0,00619205;0,00000000
2017-05-30;11887,76485719;-0,00277720;-0,00277720
2017-05-31;11912,35351461;0,00206840;-0,00071455
2017-06-01;11929,73650686;0,00145924;0,00000000
2017-06-02;12001,60806305;0,00602457;0,00000000
2017-06-05;12007,99422647;0,00053211;0,00000000
2017-06-06;12081,23019382;0,00609893;0,00000000
2017-06-07;12043,20374586;-0,00314756;-0,00314756
2017-06-08;12000,05230286;-0,00358305;-0,00671934
2017-06-09;11943,24868854;-0,00473361;-0,01142115
2017-06-12;11916,50377395;-0,00223933;-0,01363490
2017-06-13;11937,62144859;0,00177214;-0,01188693
2017-06-14;11888,08118775;-0,00414993;-0,01598753
2017-06-15;11843,90508497;-0,00371600;-0,01964412
2017-06-16;11842,02140905;-0,00015904;-0,01980004
2017-06-19;11836,42497465;-0,00047259;-0,02026327
2017-06-20;11817,25818853;-0,00161931;-0,02184976
2017-06-21;11830,19324454;0,00109459;-0,02077909
2017-06-22;11862,33856760;0,00271723;-0,01811832
2017-06-23;11888,52414961;0,00220746;-0,01595086
2017-06-26;11818,71108259;-0,00587231;-0,02172950
2017-06-27;11818,99566763;0,00002408;-0,02170595
2017-06-28;11826,57873242;0,00064160;-0,02107827
2017-06-29;11745,52578741;-0,00685346;-0,02778727
2017-06-30;11727,87922726;-0,00150241;-0,02924793
2017-07-03;11621,53451079;-0,00906769;-0,03805040
2017-07-05;11665,12716554;0,00375102;-0,03444211
2017-07-06;11630,27330882;-0,00298787;-0,03732707
2017-07-07;11590,88605480;-0,00338661;-0,04058727
2017-07-10;11618,16793764;0,00235374;-0,03832906
2017-07-11;11631,33897438;0,00113366;-0,03723886
2017-07-12;11686,26152228;0,00472195;-0,03269275
2017-07-13;11674,22509486;-0,00102996;-0,03368904
2017-07-14;11728,47075327;0,00464662;-0,02919897
2017-07-17;11765,63433657;0,00316866;-0,02612282
2017-07-18;11822,22802780;0,00481008;-0,02143839
2017-07-19;11824,80280141;0,00021779;-0,02122527
2017-07-20;11851,42416455;0,00225132;-0,01902174
2017-07-21;11907,52723959;0,00473387;-0,01437792
2017-07-24;11910,68973824;0,00026559;-0,01411615
2017-07-25;11888,60097021;-0,00185453;-0,01594450
2017-07-26;11941,67017313;0,00446387;-0,01155181
2017-07-27;11930,41305661;-0,00094268;-0,01248359
2017-07-28;11970,79526485;0,00338481;-0,00914103
2017-07-31;11964,60246655;-0,00051733;-0,00965363
2017-08-01;11968,67828854;0,00034066;-0,00931626
2017-08-02;11947,84502486;-0,00174065;-0,01104069
2017-08-03;11974,40251279;0,00222278;-0,00884245
2017-08-04;11943,63317361;-0,00256959;-0,01138932
2017-08-07;11950,00696477;0,00053366;-0,01086174
2017-08-08;11969,19188476;0,00160543;-0,00927375
2017-08-09;12026,70767996;0,00480532;-0,00451299
2017-08-10;12043,29193574;0,00137895;-0,00314026
2017-08-11;12071,06134474;0,00230580;-0,00084171
2017-08-14;12063,43563726;-0,00063173;-0,00147291
2017-08-15;12030,93796952;-0,00269390;-0,00416284
2017-08-16;12094,96739250;0,00532206;0,00000000
2017-08-17;12087,50975448;-0,00061659;-0,00061659
2017-08-18;12066,79020415;-0,00171413;-0,00232966
2017-08-21;12078,30922179;0,00095460;-0,00137728
2017-08-22;12093,62800251;0,00126829;-0,00011074
2017-08-23;12119,35951374;0,00212769;0,00000000
2017-08-24;12091,49080205;-0,00229952;-0,00229952
2017-08-25;12118,52596387;0,00223588;-0,00006878
2017-08-29;12202,51204920;0,00693039;0,00000000
2017-08-30;12220,97253530;0,00151284;0,00000000
2017-08-31;12323,14362919;0,00836031;0,00000000
2017-09-01;12332,98131831;0,00079831;0,00000000
2017-09-05;12378,20032034;0,00366651;0,00000000
2017-09-06;12342,73153707;-0,00286542;-0,00286542
2017-09-07;12419,66346151;0,00623297;0,00000000
2017-09-08;12391,97411096;-0,00222948;-0,00222948
2017-09-11;12324,67683130;-0,00543071;-0,00764808
2017-09-12;12344,21772557;0,00158551;-0,00607470
2017-09-13;12300,36576523;-0,00355243;-0,00960555
2017-09-14;12298,91816131;-0,00011769;-0,00972211
2017-09-15;12248,94556997;-0,00406317;-0,01374577
2017-09-18;12195,78098169;-0,00434034;-0,01802645
2017-09-19;12220,00783314;0,00198649;-0,01607577
2017-09-20;12157,64140912;-0,00510363;-0,02109736
2017-09-21;12098,10197224;-0,00489729;-0,02589132
2017-09-22;12134,27515039;0,00298999;-0,02297875
2017-09-25;12186,08620725;0,00426981;-0,01880705
2017-09-26;12121,55307732;-0,00529564;-0,02400310
2017-09-27;12072,68917729;-0,00403116;-0,02793749
2017-09-28;12089,65143257;0,00140501;-0,02657174
2017-09-29;12085,92683713;-0,00030808;-0,02687163
2017-10-02;12056,66875748;-0,00242084;-0,02922742
2017-10-03;12072,97562014;0,00135252;-0,02791443
2017-10-04;12087,54240693;0,00120656;-0,02674155
2017-10-05;12092,59783587;0,00041823;-0,02633450
2017-10-06;12131,62335746;0,00322722;-0,02319226
2017-10-09;12186,59490048;0,00453126;-0,01876609
2017-10-10;12201,55206878;0,00122735;-0,01756178
2017-10-11;12233,35529417;0,00260649;-0,01500106
2017-10-12;12236,67199998;0,00027112;-0,01473401
2017-10-13;12291,05941217;0,00444462;-0,01035487
2017-10-16;12250,56752417;-0,00329442;-0,01361518
2017-10-17;12212,99583305;-0,00306693;-0,01664036
2017-10-18;12191,97000017;-0,00172160;-0,01833330
2017-10-19;12225,75547076;0,00277112;-0,01561298
2017-10-20;12193,29020757;-0,00265548;-0,01822700
2017-10-23;12205,65477639;0,00101405;-0,01723144
2017-10-24;12184,30393416;-0,00174926;-0,01895056
2017-10-25;12156,52369447;-0,00228000;-0,02118735
2017-10-26;12122,22976556;-0,00282103;-0,02394861
2017-10-27;12203,02474021;0,00666503;-0,01744320
2017-10-30;12209,30657234;0,00051478;-0,01693741
2017-10-31;12186,27624502;-0,00188629;-0,01879175
2017-11-01;12215,10480886;0,00236566;-0,01647055
2017-11-02;12251,02237028;0,00294042;-0,01357856
2017-11-03;12229,78106392;-0,00173384;-0,01528885
2017-11-06;12285,17073045;0,00452908;-0,01082902
2017-11-07;12255,62561265;-0,00240494;-0,01320791
2017-11-08;12298,23182477;0,00347646;-0,00977737
2017-11-09;12297,15820851;-0,00008730;-0,00986381
2017-11-10;12233,29498384;-0,00519333;-0,01500592
2017-11-13;12255,76800210;0,00183704;-0,01319645
2017-11-14;12265,11637459;0,00076277;-0,01244374
2017-11-15;12226,98169506;-0,00310920;-0,01551425
2017-11-16;12259,75700869;0,00268057;-0,01287526
2017-11-17;12322,69605490;0,00513379;-0,00780757
2017-11-20;12243,67845338;-0,00641236;-0,01416987
2017-11-21;12283,93718167;0,00328812;-0,01092834
2017-11-22;12341,11540879;0,00465472;-0,00632449
2017-11-24;12328,97935907;-0,00098338;-0,00730166
2017-11-27;12358,32683487;0,00238037;-0,00493867
2017-11-28;12378,33832722;0,00161927;-0,00332740
2017-11-29;12277,48092294;-0,00814790;-0,01144818
2017-11-30;12233,86256759;-0,00355271;-0,01496022
2017-12-01;12238,77676327;0,00040169;-0,01456454
2017-12-04;12221,30698416;-0,00142741;-0,01597116
2017-12-05;12164,18633619;-0,00467386;-0,02057037
2017-12-06;12159,77311481;-0,00036280;-0,02092572
2017-12-07;12078,36212594;-0,00669511;-0,02748072
2017-12-08;12097,55825734;0,00158930;-0,02593510
2017-12-11;12091,01861450;-0,00054058;-0,02646165
2017-12-12;12112,44171789;0,00177182;-0,02473672
2017-12-13;12165,79912002;0,00440517;-0,02044052
2017-12-14;12140,30730024;-0,00209537;-0,02249305
2017-12-15;12185,05280745;0,00368570;-0,01889026
2017-12-18;12231,72812780;0,00383054;-0,01513208
2017-12-19;12230,78368528;-0,00007721;-0,01520812
2017-12-20;12235,01242378;0,00034575;-0,01486764
2017-12-21;12261,46941986;0,00216240;-0,01273739
2017-12-22;12296,73118590;0,00287582;-0,00989820
2017-12-27;12362,52875580;0,00535082;-0,00460034
2017-12-28;12392,75474272;0,00244497;-0,00216662
2017-12-29;12423,93610454;0,00251610;0,00000000
2018-01-02;12519,56995632;0,00769755;0,00000000
2018-01-03;12536,49119248;0,00135158;0,00000000
2018-01-04;12595,02897619;0,00466939;0,00000000
2018-01-05;12604,08420248;0,00071895;0,00000000
2018-01-08;12612,99765225;0,00070719;0,00000000
2018-01-09;12589,87112037;-0,00183355;-0,00183355
2018-01-10;12595,33195732;0,00043375;-0,00140059
2018-01-11;12621,51247542;0,00207859;0,00000000
2018-01-12;12722,15020043;0,00797351;0,00000000
2018-01-16;12714,57247088;-0,00059563;-0,00059563
2018-01-17;12677,34284294;-0,00292811;-0,00352200
2018-01-18;12661,79950336;-0,00122607;-0,00474375
2018-01-19;12694,95246665;0,00261835;-0,00213783
2018-01-22;12719,05249391;0,00189839;-0,00024349
2018-01-23;12775,53250833;0,00444058;0,00000000
2018-01-24;12829,28612367;0,00420754;0,00000000
2018-01-25;12759,75690855;-0,00541957;-0,00541957
2018-01-26;12822,18271083;0,00489240;-0,00055369
2018-01-29;12768,92318243;-0,00415370;-0,00470509
2018-01-30;12701,96199850;-0,00524407;-0,00992449
2018-01-31;12749,29214963;0,00372621;-0,00623526
2018-02-01;12772,38811500;0,00181155;-0,00443501
2018-02-02;12628,43060823;-0,01127099;-0,01565602
2018-02-05;12579,36340337;-0,00388546;-0,01948064
2018-02-06;12469,06793302;-0,00876797;-0,02807780
2018-02-07;12466,89614366;-0,00017417;-0,02824709
2018-02-08;12374,49802567;-0,00741148;-0,03544921
2018-02-09;12378,46605838;0,00032066;-0,03513992
2018-02-12;12466,20554589;0,00708807;-0,02830092
2018-02-13;12504,07270410;0,00303758;-0,02534930
2018-02-14;12664,95182520;0,01286614;-0,01280931
2018-02-15;12704,77497212;0,00314436;-0,00970523
2018-02-16;12704,12531649;-0,00005113;-0,00975587
2018-02-20;12604,25893431;-0,00786094;-0,01754012
2018-02-21;12568,52741835;-0,00283488;-0,02032527
2018-02-22;12612,39992250;0,00349066;-0,01690555
2018-02-23;12625,91900651;0,00107189;-0,01585179
2018-02-26;12686,42922254;0,00479254;-0,01113522
2018-02-27;12597,66893248;-0,00699648;-0,01805379
2018-02-28;12591,70801382;-0,00047318;-0,01851842
2018-03-01;12526,04112489;-0,00521509;-0,02363693
2018-03-02;12543,57541034;0,00139983;-0,02227020
2018-03-05;12560,37806844;0,00133954;-0,02096048
2018-03-06;12648,53448930;0,00701861;-0,01408899
2018-03-07;12604,44911523;-0,00348541;-0,01752529
2018-03-08;12618,29839300;0,00109876;-0,01644579
2018-03-09;12663,18473918;0,00355724;-0,01294705
2018-03-12;12674,93913938;0,00092823;-0,01203083
2018-03-13;12656,15132468;-0,00148228;-0,01349528
2018-03-14;12643,92817152;-0,00096579;-0,01444803
2018-03-15;12601,59826820;-0,00334784;-0,01774751
2018-03-16;12584,28558983;-0,00137385;-0,01909697
2018-03-19;12535,87203388;-0,00384714;-0,02287065
2018-03-20;12509,32235461;-0,00211790;-0,02494011
2018-03-21;12621,05833379;0,00893222;-0,01623066
2018-03-22;12526,52806199;-0,00748988;-0,02359898
2018-03-23;12563,57955348;0,00295784;-0,02071094
2018-03-26;12626,82183927;0,00503378;-0,01578141
2018-03-27;12576,37772297;-0,00399500;-0,01971337
2018-03-28;12444,44634685;-0,01049041;-0,02999698
2018-03-29;12496,20762521;0,00415939;-0,02596236
2018-04-03;12489,17941031;-0,00056243;-0,02651018
2018-04-04;12517,82244029;0,00229343;-0,02427755
2018-04-05;12532,30850912;0,00115724;-0,02314841
2018-04-06;12510,22257801;-0,00176232;-0,02486994
2018-04-09;12537,77875818;0,00220269;-0,02272203
2018-04-10;12602,46621120;0,00515940;-0,01767985
2018-04-11;12638,38674022;0,00285028;-0,01487997
2018-04-12;12573,36573723;-0,00514472;-0,01994814
2018-04-13;12615,06582973;0,00331654;-0,01669776
2018-04-16;12635,43606534;0,00161475;-0,01510996
2018-04-17;12687,07678099;0,00408698;-0,01108474
2018-04-18;12698,51040604;0,00090120;-0,01019353
2018-04-19;12670,80030588;-0,00218215;-0,01235344
2018-04-20;12596,29943448;-0,00587973;-0,01816053
2018-04-23;12550,04410850;-0,00367214;-0,02176598
2018-04-24;12558,53622807;0,00067666;-0,02110405
2018-04-25;12484,18420097;-0,00592044;-0,02689954
2018-04-26;12503,03235886;0,00150976;-0,02543039
2018-04-27;12558,27045728;0,00441798;-0,02112477
2018-04-30;12504,31368581;-0,00429651;-0,02533052
2018-05-01;12468,20597872;-0,00288762;-0,02814499
2018-05-02;12478,12651200;0,00079567;-0,02737172
2018-05-03;12478,04204778;-0,00000677;-0,02737830
2018-05-04;12544,13032940;0,00529637;-0,02222694
2018-05-08;12566,23956386;0,00176252;-0,02050360
2018-05-09;12575,31843914;0,00072248;-0,01979593
2018-05-10;12645,23425651;0,00555977;-0,01434623
2018-05-11;12638,78131362;-0,00051031;-0,01484921
2018-05-14;12628,20728841;-0,00083663;-0,01567342
2018-05-15;12551,15689747;-0,00610145;-0,02167924
2018-05-16;12558,20528910;0,00056157;-0,02112985
2018-05-17;12555,73630879;-0,00019660;-0,02132229
2018-05-18;12550,74986337;-0,00039714;-0,02171097
2018-05-21;12583,14551613;0,00258117;-0,01918584
2018-05-22;12583,31482115;0,00001345;-0,01917264
2018-05-23;12585,48378191;0,00017237;-0,01900358
2018-05-24;12607,39539744;0,00174102;-0,01729564
2018-05-25;12606,26090079;-0,00008999;-0,01738407
2018-05-29;12583,89112855;-0,00177450;-0,01912772
2018-05-30;12604,42833698;0,00163202;-0,01752691
2018-05-31;12596,12282848;-0,00065894;-0,01817430
2018-06-01;12608,81801682;0,00100786;-0,01718475
2018-06-04;12623,68276718;0,00117892;-0,01602609
2018-06-05;12650,46279397;0,00212141;-0,01393868
2018-06-06;12662,34258087;0,00093908;-0,01301269
2018-06-07;12654,24886924;-0,00063920;-0,01364357
2018-06-08;12663,91075473;0,00076353;-0,01289046
2018-06-11;12685,76362462;0,00172560;-0,01118710
2018-06-12;12665,31280200;-0,00161211;-0,01278117
2018-06-13;12687,46254529;0,00174885;-0,01105467
2018-06-14;12715,71579708;0,00222686;-0,00885243
2018-06-15;12581,89403583;-0,01052412;-0,01928339
2018-06-18;12567,95301105;-0,00110802;-0,02037004
2018-06-19;12541,06629612;-0,00213931;-0,02246577
2018-06-20;12519,30855948;-0,00173492;-0,02416172
2018-06-21;12474,47291861;-0,00358132;-0,02765650
2018-06-22;12495,43518050;0,00168041;-0,02602257
2018-06-25;12414,07185849;-0,00651144;-0,03236457
2018-06-26;12386,51250417;-0,00222001;-0,03451272
2018-06-27;12343,04351285;-0,00350938;-0,03790099
2018-06-28;12333,82652271;-0,00074674;-0,03861942
2018-06-29;12371,51485334;0,00305569;-0,03568174
2018-07-02;12298,97278517;-0,00586364;-0,04133615
2018-07-03;12356,49858723;0,00467729;-0,03685221
2018-07-05;12395,67866739;0,00317081;-0,03379825
2018-07-06;12409,36307773;0,00110397;-0,03273160
2018-07-09;12455,73746232;0,00373705;-0,02911687
2018-07-10;12448,98208975;-0,00054235;-0,02964343
2018-07-11;12352,10139195;-0,00778222;-0,03719496
2018-07-12;12411,56618434;0,00481414;-0,03255987
2018-07-13;12387,76257794;-0,00191786;-0,03441529
2018-07-16;12385,35959811;-0,00019398;-0,03460259
2018-07-17;12325,05182779;-0,00486928;-0,03930338
2018-07-18;12342,88703020;0,00144707;-0,03791318
2018-07-19;12318,71381362;-0,00195847;-0,03979741
2018-07-20;12355,96342211;0,00302382;-0,03689392
2018-07-23;12323,47585016;-0,00262930;-0,03942622
2018-07-24;12341,22164951;0,00144000;-0,03804300
2018-07-25;12396,01161948;0,00443959;-0,03377230
2018-07-26;12333,34804026;-0,00505514;-0,03865672
2018-07-27;12311,79885328;-0,00174723;-0,04033640
2018-07-30;12271,32462104;-0,00328743;-0,04349124
2018-07-31;12293,45037782;0,00180305;-0,04176661
2018-08-01;12255,00313793;-0,00312746;-0,04476344
2018-08-02;12233,38888772;-0,00176371;-0,04644820
2018-08-03;12277,65619413;0,00361856;-0,04299771
2018-08-06;12260,99245634;-0,00135724;-0,04429659
2018-08-07;12288,84498729;0,00227164;-0,04212558
2018-08-08;12318,82775513;0,00243984;-0,03978852
2018-08-09;12315,52416861;-0,00026817;-0,04004603
2018-08-10;12290,00186601;-0,00207237;-0,04203541
2018-08-13;12188,51656143;-0,00825755;-0,04994585
2018-08-14;12207,67363680;0,00157173;-0,04845262
2018-08-15;12064,92631507;-0,01169325;-0,05957929
2018-08-16;12081,57932265;0,00138028;-0,05828125
2018-08-17;12136,72090382;0,00456410;-0,05398315
2018-08-20;12176,96524486;0,00331592;-0,05084623
2018-08-21;12197,43042298;0,00168065;-0,04925104
2018-08-22;12211,92532690;0,00118836;-0,04812121
2018-08-23;12158,09834643;-0,00440774;-0,05231685
2018-08-24;12292,98395093;0,01109430;-0,04180296
2018-08-28;12299,68220085;0,00054488;-0,04128086
2018-08-29;12331,93109305;0,00262193;-0,03876716
2018-08-30;12285,45773163;-0,00376854;-0,04238961
2018-08-31;12274,97215077;-0,00085350;-0,04320692
2018-09-04;12250,97816707;-0,00195471;-0,04507717
2018-09-05;12232,03417421;-0,00154632;-0,04655379
2018-09-06;12229,56103326;-0,00020219;-0,04674657
2018-09-07;12194,60473008;-0,00285834;-0,04947129
2018-09-10;12193,02133538;-0,00012984;-0,04959471
2018-09-11;12219,18309489;0,00214563;-0,04755549
2018-09-12;12266,04060441;0,00383475;-0,04390311
2018-09-13;12253,57227108;-0,00101649;-0,04487497
2018-09-14;12225,51500579;-0,00228972;-0,04706194
2018-09-17;12223,37385457;-0,00017514;-0,04722884
2018-09-18;12232,02579155;0,00070782;-0,04655445
2018-09-19;12255,87877251;0,00195004;-0,04469519
2018-09-20;12297,72571191;0,00341444;-0,04143336
2018-09-21;12270,35229237;-0,00222589;-0,04356703
2018-09-24;12262,41261035;-0,00064706;-0,04418590
2018-09-25;12280,88871609;0,00150673;-0,04274575
2018-09-26;12231,95953294;-0,00398417;-0,04655961
2018-09-27;12193,18125188;-0,00317024;-0,04958225
2018-09-28;12243,09465120;0,00409355;-0,04569167
2018-10-01;12237,31597599;-0,00047199;-0,04614210
2018-10-02;12316,58077103;0,00647730;-0,03996367
2018-10-03;12303,69190105;-0,00104646;-0,04096831
2018-10-04;12250,08500867;-0,00435698;-0,04514679
2018-10-05;12238,70991561;-0,00092857;-0,04603344
2018-10-08;12131,23438318;-0,00878161;-0,05441080
2018-10-09;12154,37826777;0,00190779;-0,05260681
2018-10-10;12065,73477184;-0,00729313;-0,05951628
2018-10-11;12175,57988026;0,00910389;-0,05095422
2018-10-12;12196,63089023;0,00172895;-0,04931336
2018-10-15;12225,04477182;0,00232965;-0,04709860
2018-10-16;12272,15524401;0,00385360;-0,04342649
2018-10-17;12255,81684936;-0,00133134;-0,04470001
2018-10-18;12246,25458572;-0,00078022;-0,04544536
2018-10-19;12250,09929741;0,00031395;-0,04514568
2018-10-22;12238,89274399;-0,00091481;-0,04601919
2018-10-23;12246,43591809;0,00061633;-0,04543123
2018-10-24;12203,24272004;-0,00352700;-0,04879799
2018-10-25;12249,13774081;0,00376089;-0,04522063
2018-10-26;12208,43945811;-0,00332254;-0,04839292
2018-10-29;12179,88754377;-0,00233870;-0,05061845
2018-10-30;12169,55498161;-0,00084833;-0,05142384
2018-10-31;12187,27612263;0,00145619;-0,05004254
2018-11-01;12274,15772089;0,00712888;-0,04327040
2018-11-02;12251,37730884;-0,00185597;-0,04504606
2018-11-05;12233,19824139;-0,00148384;-0,04646306
2018-11-06;12210,54982925;-0,00185139;-0,04822843
2018-11-07;12265,47523961;0,00449819;-0,04394718
2018-11-08;12258,71288905;-0,00055133;-0,04447428
2018-11-09;12162,78326894;-0,00782542;-0,05195167
2018-11-12;12055,42185442;-0,00882704;-0,06032013
2018-11-13;12044,18669236;-0,00093196;-0,06119588
2018-11-14;12072,57415745;0,00235694;-0,05898317
2018-11-15;12135,18752884;0,00518641;-0,05410267
2018-11-16;12186,52838670;0,00423074;-0,05010082
2018-11-19;12141,34302830;-0,00370781;-0,05362287
2018-11-20;12083,14776314;-0,00479315;-0,05815899
2018-11-21;12130,47690468;0,00391695;-0,05446984
2018-11-23;12085,46034615;-0,00371103;-0,05797873
2018-11-26;12124,97237324;0,00326939;-0,05489890
2018-11-27;12089,69514668;-0,00290947;-0,05764865
2018-11-28;12176,16823693;0,00715263;-0,05090836
2018-11-29;12199,97273250;0,00195501;-0,04905288
2018-11-30;12200,62905661;0,00005380;-0,04900172
2018-12-03;12307,19524644;0,00873448;-0,04069524
2018-12-04;12297,56498216;-0,00078249;-0,04144589
2018-12-06;12205,80949577;-0,00746127;-0,04859792
2018-12-07;12243,26234273;0,00306844;-0,04567860
2018-12-10;12225,00212983;-0,00149145;-0,04710192
2018-12-11;12254,75595344;0,00243385;-0,04478271
2018-12-12;12285,65152792;0,00252111;-0,04237450
2018-12-13;12267,24839364;-0,00149794;-0,04380896
2018-12-14;12194,67690144;-0,00591587;-0,04946567
2018-12-17;12192,07583664;-0,00021330;-0,04966841
2018-12-18;12189,55808452;-0,00020651;-0,04986466
2018-12-19;12140,71309456;-0,00400712;-0,05367197
2018-12-20;12185,70269257;0,00370568;-0,05016518
2018-12-21;12104,92858047;-0,00662860;-0,05646125
2018-12-24;12110,25318395;0,00043987;-0,05604622
2018-12-27;12234,57671161;0,01026597;-0,04635561
2018-12-28;12296,52319748;0,00506323;-0,04152709
2018-12-31;12323,36031361;0,00218250;-0,03943523
2019-01-02;12343,87692051;0,00166485;-0,03783603
2019-01-03;12331,12717722;-0,00103288;-0,03882983
2019-01-04;12351,48637431;0,00165104;-0,03724289
2019-01-07;12390,66293854;0,00317181;-0,03418921
2019-01-08;12394,84089012;0,00033719;-0,03386355
2019-01-09;12467,02404999;0,00582365;-0,02823712
2019-01-10;12429,29639326;-0,00302620;-0,03117786
2019-01-11;12431,81099125;0,00020231;-0,03098186
2019-01-14;12424,83253656;-0,00056134;-0,03152581
2019-01-15;12457,94986810;0,00266541;-0,02894442
2019-01-16;12480,66039845;0,00182297;-0,02717421
2019-01-17;12473,71845548;-0,00055622;-0,02771531
2019-01-18;12460,51516489;-0,00105849;-0,02874446
2019-01-22;12435,69809475;-0,00199166;-0,03067887
2019-01-23;12412,96729688;-0,00182787;-0,03245066
2019-01-24;12413,03659886;0,00000558;-0,03244526
2019-01-25;12542,28481971;0,01041230;-0,02237079
2019-01-28;12527,71688030;-0,00116151;-0,02350632
2019-01-29;12572,43228896;0,00356932;-0,02002090
2019-01-30;12666,27374524;0,00746407;-0,01270627
2019-01-31;12681,79286390;0,00122523;-0,01149661
2019-02-01;12689,60658561;0,00061614;-0,01088755
2019-02-04;12677,34405089;-0,00096634;-0,01184338
2019-02-05;12741,79991574;0,00508434;-0,00681926
2019-02-06;12695,95476104;-0,00359801;-0,01039273
2019-02-07;12669,53654409;-0,00208084;-0,01245195
2019-02-08;12697,98987127;0,00224581;-0,01023410
2019-02-11;12687,77582671;-0,00080438;-0,01103025
2019-02-12;12738,11586035;0,00396760;-0,00710642
2019-02-13;12723,54033524;-0,00114424;-0,00824253
2019-02-14;12772,98790033;0,00388631;-0,00438826
2019-02-15;12840,24795288;0,00526580;0,00000000
2019-02-19;12922,93289887;0,00643951;0,00000000
2019-02-20;12923,63370460;0,00005423;0,00000000
2019-02-21;12826,90680584;-0,00748450;-0,00748450
2019-02-22;12890,10572441;0,00492706;-0,00259432
2019-02-25;12898,82574688;0,00067649;-0,00191958
2019-02-26;12877,15718421;-0,00167989;-0,00359624
2019-02-27;12813,41094155;-0,00495034;-0,00852877
2019-02-28;12774,11484214;-0,00306679;-0,01156941
2019-03-01;12667,55264490;-0,00834204;-0,01981494
2019-03-04;12651,56381244;-0,00126219;-0,02105212
2019-03-05;12659,12118941;0,00059735;-0,02046735
2019-03-06;12634,85897676;-0,00191658;-0,02234470
2019-03-07;12605,50069010;-0,00232359;-0,02461638
2019-03-08;12684,07919737;0,00623367;-0,01853616
2019-03-11;12687,65224225;0,00028170;-0,01825968
2019-03-12;12758,06778719;0,00554993;-0,01281110
2019-03-13;12812,22087436;0,00424462;-0,00862086
2019-03-14;12717,26716261;-0,00741118;-0,01596815
2019-03-15;12772,37346857;0,00433319;-0,01170416
2019-03-18;12800,32503187;0,00218844;-0,00954133
2019-03-19;12829,66235557;0,00229192;-0,00727128
2019-03-20;12864,41190983;0,00270853;-0,00458244
2019-03-21;12903,86348998;0,00306672;-0,00152977
2019-03-22;12842,83524783;-0,00472946;-0,00625199
2019-03-25;12893,93961497;0,00397921;-0,00229766
2019-03-26;12870,89366734;-0,00178735;-0,00408090
2019-03-27;12811,04873079;-0,00464963;-0,00871156
2019-03-28;12737,81994111;-0,00571607;-0,01437783
2019-03-29;12780,73459004;0,00336907;-0,01105719
2019-04-01;12768,46935077;-0,00095967;-0,01200625
2019-04-02;12818,13531428;0,00388974;-0,00816321
2019-04-03;12814,35276562;-0,00029509;-0,00845590
2019-04-04;12833,73769282;0,00151275;-0,00695594
2019-04-05;12850,10279486;0,00127516;-0,00568965
2019-04-08;12887,56301583;0,00291517;-0,00279106
2019-04-09;12906,97663895;0,00150638;-0,00128888
2019-04-10;12932,79435304;0,00200029;0,00000000
2019-04-11;12845,82170624;-0,00672497;-0,00672497
2019-04-12;12846,55751874;0,00005728;-0,00666807
2019-04-15;12835,81221296;-0,00083643;-0,00749893
2019-04-16;12795,84194174;-0,00311397;-0,01058955
2019-04-17;12787,68204926;-0,00063770;-0,01122049
2019-04-18;12800,77996044;0,00102426;-0,01020772
2019-04-23;12818,06301077;0,00135016;-0,00887135
2019-04-24;12840,95026221;0,00178555;-0,00710164
2019-04-25;12847,16248378;0,00048378;-0,00662130
2019-04-26;12885,35932992;0,00297317;-0,00366781
2019-04-29;12863,75303315;-0,00167681;-0,00533847
2019-04-30;12869,45546593;0,00044329;-0,00489754
2019-05-01;12820,54278957;-0,00380068;-0,00867961
2019-05-02;12774,16806333;-0,00361722;-0,01226543
2019-05-03;12822,28859337;0,00376702;-0,00854462
2019-05-07;12806,15374059;-0,00125834;-0,00979221
2019-05-08;12791,53459056;-0,00114157;-0,01092260
2019-05-09;12775,72758390;-0,00123574;-0,01214484
2019-05-10;12792,29333309;0,00129666;-0,01086393
2019-05-13;12817,51891197;0,00197194;-0,00891342
2019-05-14;12846,63871407;0,00227188;-0,00666180
2019-05-15;12860,15281891;0,00105196;-0,00561685
2019-05-16;12854,79425841;-0,00041668;-0,00603119
2019-05-17;12787,93213118;-0,00520134;-0,01120115
2019-05-20;12749,38035002;-0,00301470;-0,01418209
2019-05-21;12751,30298683;0,00015080;-0,01403342
2019-05-22;12760,22809339;0,00069994;-0,01334331
2019-05-23;12768,02585163;0,00061110;-0,01274036
2019-05-24;12780,28873356;0,00096044;-0,01179216
2019-05-28;12748,60266460;-0,00247929;-0,01424222
2019-05-29;12724,69144748;-0,00187560;-0,01609110
2019-05-30;12791,21495410;0,00522791;-0,01094732
2019-05-31;12869,86251509;0,00614856;-0,00486607
2019-06-03;12954,15995668;0,00654999;0,00000000
2019-06-04;13012,25659000;0,00448479;0,00000000
2019-06-05;13055,00116789;0,00328495;0,00000000
2019-06-06;13096,94157218;0,00321259;0,00000000
2019-06-07;13180,66142157;0,00639232;0,00000000
2019-06-10;13148,26898993;-0,00245757;-0,00245757
2019-06-11;13123,87759025;-0,00185510;-0,00430812
2019-06-12;13150,54135954;0,00203170;-0,00228517
2019-06-13;13204,92600517;0,00413554;0,00000000
2019-06-14;13200,62958085;-0,00032537;-0,00032537
2019-06-17;13207,32624255;0,00050730;0,00000000
2019-06-18;13287,47876730;0,00606879;0,00000000
2019-06-19;13333,32652771;0,00345045;0,00000000
2019-06-20;13551,85955936;0,01638999;0,00000000
2019-06-21;13610,79727220;0,00434905;0,00000000
2019-06-24;13729,50804746;0,00872181;0,00000000
2019-06-25;13719,09864491;-0,00075818;-0,00075818
2019-06-26;13645,68643740;-0,00535110;-0,00610522
2019-06-27;13650,16903456;0,00032850;-0,00577872
2019-06-28;13667,51266605;0,00127058;-0,00451548
2019-07-01;13558,79125855;-0,00795473;-0,01243430
2019-07-02;13743,51905582;0,01362421;0,00000000
2019-07-03;13789,05837902;0,00331351;0,00000000
2019-07-05;13689,43627414;-0,00722472;-0,00722472
2019-07-08;13629,09326566;-0,00440800;-0,01160087
2019-07-09;13661,88507774;0,00240602;-0,00922277
2019-07-10;13800,82791174;0,01017011;0,00000000
2019-07-11;13736,63428100;-0,00465143;-0,00465143
2019-07-12;13795,66794712;0,00429753;-0,00037389
2019-07-15;13811,57674580;0,00115317;0,00000000
2019-07-16;13748,29664911;-0,00458167;-0,00458167
2019-07-17;13859,66495321;0,00810052;0,00000000
2019-07-18;13966,50872292;0,00770897;0,00000000
2019-07-19;13860,61477359;-0,00758199;-0,00758199
2019-07-22;13857,13560481;-0,00025101;-0,00783110
2019-07-23;13837,47572442;-0,00141875;-0,00923874
2019-07-24;13882,41790308;0,00324786;-0,00602089
2019-07-25;13823,79283883;-0,00422297;-0,01021844
2019-07-26;13858,00882841;0,00247515;-0,00776858
2019-07-29;13937,88365161;0,00576380;-0,00204955
2019-07-30;13962,27265970;0,00174984;-0,00030330
2019-07-31;13829,99428484;-0,00947399;-0,00977441
2019-08-01;14025,78669573;0,01415709;0,00000000
2019-08-02;13930,09945411;-0,00682224;-0,00682224
2019-08-05;13952,40733606;0,00160142;-0,00523175
2019-08-06;14031,04093165;0,00563584;0,00000000
2019-08-07;14166,35190536;0,00964369;0,00000000
2019-08-08;14289,63022828;0,00870219;0,00000000
2019-08-09;14235,55509032;-0,00378422;-0,00378422
2019-08-12;14296,45882299;0,00427828;0,00000000
2019-08-13;14293,96289520;-0,00017458;-0,00017458
2019-08-14;14276,68374357;-0,00120884;-0,00138322
2019-08-15;14318,24261808;0,00291096;0,00000000
2019-08-16;14307,08828208;-0,00077903;-0,00077903
2019-08-19;14247,80705003;-0,00414349;-0,00491929
2019-08-20;14292,75314294;0,00315460;-0,00178021
2019-08-21;14282,25571240;-0,00073446;-0,00251336
2019-08-22;14241,71855422;-0,00283829;-0,00534452
2019-08-23;14349,57115387;0,00757300;0,00000000
2019-08-27;14444,11311435;0,00658849;0,00000000
2019-08-28;14439,69830351;-0,00030565;-0,00030565
2019-08-29;14421,88929646;-0,00123334;-0,00153861
2019-08-30;14385,62018793;-0,00251487;-0,00404960
2019-09-03;14519,17012748;0,00928357;0,00000000
2019-09-04;14598,72577020;0,00547935;0,00000000
2019-09-05;14418,87506840;-0,01231962;-0,01231962
2019-09-06;14352,94639504;-0,00457239;-0,01683567
2019-09-09;14296,32432083;-0,00394498;-0,02071424
2019-09-10;14208,04471159;-0,00617499;-0,02676131
2019-09-11;14296,08095918;0,00619623;-0,02073091
2019-09-12;14327,32433956;0,00218545;-0,01859076
2019-09-13;14239,08185453;-0,00615903;-0,02463529
2019-09-16;14300,30132533;0,00429940;-0,02044181
2019-09-17;14311,13643826;0,00075768;-0,01969962
2019-09-18;14256,43982410;-0,00382196;-0,02344629
2019-09-19;14314,64613354;0,00408281;-0,01945921
2019-09-20;14395,28202358;0,00563310;-0,01393572
2019-09-23;14444,54973259;0,00342249;-0,01056092
2019-09-24;14471,43213080;0,00186108;-0,00871950
2019-09-25;14323,73501970;-0,01020612;-0,01883663
2019-09-26;14329,01179028;0,00036839;-0,01847517
2019-09-27;14285,68085197;-0,00302400;-0,02144330
2019-09-30;14165,11018971;-0,00843997;-0,02970229
2019-10-01;14192,16463624;0,00190994;-0,02784908
2019-10-02;14164,45852795;-0,00195221;-0,02974693
2019-10-03;14187,02816958;0,00159340;-0,02820093
2019-10-04;14244,84106298;0,00407505;-0,02424079
2019-10-07;14213,81493325;-0,00217806;-0,02636606
2019-10-08;14217,18896257;0,00023738;-0,02613494
2019-10-09;14243,58352735;0,00185652;-0,02432693
2019-10-10;14214,01110019;-0,00207619;-0,02635262
2019-10-11;14187,89864489;-0,00183709;-0,02814130
2019-10-14;14203,74337722;0,00111678;-0,02705595
2019-10-15;14190,02417940;-0,00096589;-0,02799570
2019-10-16;14186,30360327;-0,00026220;-0,02825056
2019-10-17;14190,11992029;0,00026901;-0,02798914
2019-10-18;14166,69944574;-0,00165048;-0,02959343
2019-10-21;14151,72037176;-0,00105734;-0,03061948
2019-10-22;14157,87756689;0,00043508;-0,03019772
2019-10-23;14177,26449382;0,00136934;-0,02886973
2019-10-24;14241,87282565;0,00455718;-0,02444412
2019-10-25;14270,87205808;0,00203620;-0,02245769
2019-10-28;14252,78024882;-0,00126774;-0,02369697
2019-10-29;14224,38297295;-0,00199240;-0,02564216
2019-10-30;14261,37679253;0,00260073;-0,02310811
2019-10-31;14290,60353082;0,00204936;-0,02110611
2019-11-01;14322,55027159;0,00223551;-0,01891778
2019-11-04;14330,48712497;0,00055415;-0,01837411
2019-11-05;14196,77139410;-0,00933086;-0,02753352
2019-11-06;14235,80835348;0,00274971;-0,02485953
2019-11-07;14134,54290024;-0,00711343;-0,03179612
2019-11-08;14094,23434654;-0,00285178;-0,03455722
2019-11-11;14056,02547871;-0,00271096;-0,03717450
2019-11-12;14100,30645115;0,00315032;-0,03414129
2019-11-13;14123,63416474;0,00165441;-0,03254336
2019-11-14;14151,04799440;0,00194099;-0,03066554
2019-11-15;14154,79063321;0,00026448;-0,03040917
2019-11-18;14178,76050977;0,00169341;-0,02876725
2019-11-19;14186,20968187;0,00052538;-0,02825699
2019-11-20;14178,17052726;-0,00056669;-0,02880767
2019-11-21;14119,59413371;-0,00413145;-0,03282010
2019-11-22;14120,55520182;0,00006807;-0,03275427
2019-11-25;14103,98677547;-0,00117336;-0,03388919
2019-11-26;14157,93928894;0,00382534;-0,03019349
2019-11-27;14124,67698814;-0,00234937;-0,03247193
2019-11-29;14150,74885134;0,00184584;-0,03068603
2019-12-02;14113,22250133;-0,00265190;-0,03325655
2019-12-03;14155,56462729;0,00300017;-0,03035615
2019-12-04;14149,87249966;-0,00040211;-0,03074606
2019-12-05;14158,78632364;0,00062996;-0,03013547
2019-12-06;14111,46502091;-0,00334219;-0,03337694
2019-12-09;14101,81742654;-0,00068367;-0,03403779
2019-12-10;14113,88590836;0,00085581;-0,03321111
2019-12-11;14185,58395695;0,00507997;-0,02829985
2019-12-12;14183,83804636;-0,00012308;-0,02841945
2019-12-13;14207,29628291;0,00165387;-0,02681258
2019-12-16;14240,62729750;0,00234605;-0,02452943
2019-12-17;14250,01537687;0,00065925;-0,02388636
2019-12-18;14258,98859280;0,00062970;-0,02327170
2019-12-19;14294,95191401;0,00252215;-0,02080824
2019-12-20;14302,72444297;0,00054373;-0,02027583
2019-12-23;14372,37990182;0,00487008;-0,01550449
2019-12-24;14442,95404214;0,00491040;-0,01067023
2019-12-27;14503,81397731;0,00421381;-0,00650138
2019-12-30;14509,20955575;0,00037201;-0,00613178
2019-12-31;14507,50548204;-0,00011745;-0,00624851
2020-01-02;14615,17469011;0,00742162;0,00000000
2020-01-03;14727,14058036;0,00766093;0,00000000
2020-01-06;14807,96298774;0,00548799;0,00000000
2020-01-07;14856,62493290;0,00328620;0,00000000
2020-01-08;14808,45536528;-0,00324230;-0,00324230
2020-01-09;14782,95303856;-0,00172215;-0,00495886
2020-01-10;14844,34473648;0,00415287;-0,00082658
2020-01-13;14797,85600517;-0,00313175;-0,00395574
2020-01-14;14782,99873243;-0,00100402;-0,00495578
2020-01-15;14846,58546286;0,00430134;-0,00067576
2020-01-16;14844,47356686;-0,00014225;-0,00081791
2020-01-17;14891,74610529;0,00318452;0,00000000
2020-01-21;14893,96707077;0,00014914;0,00000000
2020-01-22;14886,29024327;-0,00051543;-0,00051543
2020-01-23;14905,88655786;0,00131640;0,00000000
2020-01-24;14962,01472044;0,00376550;0,00000000
2020-01-27;14958,37739765;-0,00024310;-0,00024310
2020-01-28;14925,20829317;-0,00221743;-0,00245999
2020-01-29;14974,78841701;0,00332190;0,00000000
2020-01-30;14959,51316041;-0,00102006;-0,00102006
2020-01-31;14961,14884150;0,00010934;-0,00091084
2020-02-03;14944,34321561;-0,00112328;-0,00203310
2020-02-04;14881,39976930;-0,00421186;-0,00623639
2020-02-05;14921,45230868;0,00269145;-0,00356173
2020-02-06;15006,46503419;0,00569735;0,00000000
2020-02-07;15010,21040782;0,00024958;0,00000000
2020-02-10;15042,82804364;0,00217303;0,00000000
2020-02-11;15021,92608185;-0,00138950;-0,00138950
2020-02-12;15029,75329630;0,00052105;-0,00086917
2020-02-13;15072,68040131;0,00285614;0,00000000
2020-02-14;15118,71076660;0,00305389;0,00000000
2020-02-18;15217,37567042;0,00652601;0,00000000
2020-02-19;15316,81581088;0,00653464;0,00000000
2020-02-20;15339,65359261;0,00149103;0,00000000
2020-02-21;15429,38625859;0,00584972;0,00000000
2020-02-24;15401,40255526;-0,00181366;-0,00181366
2020-02-25;15144,47092000;-0,01668235;-0,01846576
2020-02-26;15200,49477475;0,00369929;-0,01483478
2020-02-27;15069,23739811;-0,00863507;-0,02334175
2020-02-28;14689,99465455;-0,02516668;-0,04792100
2020-03-02;14852,14559035;0,01103819;-0,03741177
2020-03-03;15095,15477242;0,01636189;-0,02166201
2020-03-04;15188,08502181;0,00615630;-0,01563907
2020-03-05;15335,66038052;0,00971652;-0,00607450
2020-03-06;15237,26443537;-0,00641615;-0,01245168
2020-03-09;15070,25962162;-0,01096029;-0,02327550
2020-03-10;14920,05800905;-0,00996676;-0,03301027
2020-03-11;14834,68785131;-0,00572184;-0,03854323
2020-03-12;14222,19887568;-0,04128762;-0,07823949
2020-03-13;14086,31027222;-0,00955468;-0,08704662
2020-03-16;13845,39073718;-0,01710310;-0,10266095
2020-03-17;14059,79726350;0,01548577;-0,08876497
2020-03-18;13783,26171253;-0,01966853;-0,10668762
2020-03-19;13669,62571044;-0,00824449;-0,11405253
2020-03-20;13733,85887801;0,00469897;-0,10988949
2020-03-23;14053,16245848;0,02324937;-0,08919498
2020-03-24;14645,76060689;0,04216831;-0,05078787
2020-03-25;14588,61949321;-0,00390155;-0,05449126
2020-03-26;14793,51297550;0,01404475;-0,04121183
2020-03-27;14598,64922185;-0,01317224;-0,05384122
2020-03-30;14699,99161766;0,00694190;-0,04727308
2020-03-31;14443,52065028;-0,01744701;-0,06389532
2020-04-01;14378,55224254;-0,00449810;-0,06810602
2020-04-02;14550,14206918;0,01193373;-0,05698504
2020-04-03;14608,24042570;0,00399298;-0,05321960
2020-04-06;15003,38616043;0,02704951;-0,02760966
2020-04-07;15022,22345053;0,00125554;-0,02638879
2020-04-08;14921,66405195;-0,00669404;-0,03290618
2020-04-09;15195,91718449;0,01837953;-0,01513146
2020-04-14;15510,53830051;0,02070432;0,00000000
2020-04-15;15425,77343406;-0,00546499;-0,00546499
2020-04-16;15413,55617914;-0,00079200;-0,00625266
2020-04-17;15259,71357723;-0,00998099;-0,01617125
2020-04-20;15346,52646396;0,00568902;-0,01057422
2020-04-21;15175,67261803;-0,01113306;-0,02158956
2020-04-22;15419,45479226;0,01606401;-0,00587236
2020-04-23;15531,95503495;0,00729599;0,00000000
2020-04-24;15498,25524580;-0,00216971;-0,00216971
2020-04-27;15501,34350384;0,00019926;-0,00197087
2020-04-28;15444,04244039;-0,00369652;-0,00566011
2020-04-29;15580,52264443;0,00883708;0,00000000
2020-04-30;15341,15707572;-0,01536313;-0,01536313
2020-05-01;15336,94147149;-0,00027479;-0,01563370
2020-05-04;15361,06861097;0,00157314;-0,01408515
2020-05-05;15436,15727929;0,00488825;-0,00926576
2020-05-06;15394,67487180;-0,00268735;-0,01192821
2020-05-07;15522,03500507;0,00827300;-0,00375389
2020-05-11;15502,35312211;-0,00126800;-0,00501713
2020-05-12;15509,62606580;0,00046915;-0,00455033
2020-05-13;15486,66382139;-0,00148052;-0,00602411
2020-05-14;15531,64826292;0,00290472;-0,00313689
2020-05-15;15593,37101877;0,00397400;0,00000000
2020-05-18;15654,33551057;0,00390964;0,00000000
2020-05-19;15685,33302534;0,00198012;0,00000000
2020-05-20;15742,92684467;0,00367183;0,00000000
2020-05-21;15628,13327925;-0,00729175;-0,00729175
2020-05-22;15665,24873883;0,00237491;-0,00493416
2020-05-26;15626,39943428;-0,00247997;-0,00740189
2020-05-27;15652,04660693;0,00164127;-0,00577277
2020-05-28;15691,33954392;0,00251040;-0,00327686
2020-05-29;15708,98905740;0,00112479;-0,00215575
2020-06-01;15752,47240679;0,00276806;0,00000000
2020-06-02;15730,28300873;-0,00140863;-0,00140863
2020-06-03;15680,51158974;-0,00316405;-0,00456822
2020-06-04;15718,98149694;0,00245336;-0,00212607
2020-06-05;15684,54353785;-0,00219085;-0,00431227
2020-06-08;15746,61010121;0,00395718;-0,00037215
2020-06-09;15791,95037008;0,00287937;0,00000000
2020-06-10;15880,69817238;0,00561981;0,00000000
2020-06-11;15701,72134839;-0,01127009;-0,01127009
2020-06-12;15727,42277544;0,00163685;-0,00965168
2020-06-15;15712,74619164;-0,00093318;-0,01057586
2020-06-16;15808,95252402;0,00612282;-0,00451779
2020-06-17;15827,49748583;0,00117307;-0,00335002
2020-06-18;15824,62751496;-0,00018133;-0,00353074
2020-06-19;15893,92429783;0,00437905;0,00000000
2020-06-22;15932,03434310;0,00239777;0,00000000
2020-06-23;16001,00481364;0,00432904;0,00000000
2020-06-24;15911,68014026;-0,00558244;-0,00558244
2020-06-25;15920,31761214;0,00054284;-0,00504263
2020-06-26;15922,73256629;0,00015169;-0,00489171
2020-06-29;15954,89667433;0,00202001;-0,00288158
2020-06-30;15997,98879545;0,00270087;-0,00018849
2020-07-01;15978,40649443;-0,00122405;-0,00141231
2020-07-02;16026,23723133;0,00299346;0,00000000
2020-07-06;16103,40091404;0,00481483;0,00000000
2020-07-07;16102,95986606;-0,00002739;-0,00002739
2020-07-08;16137,95587983;0,00217327;0,00000000
2020-07-09;16117,33691125;-0,00127767;-0,00127767
2020-07-10;16114,17109885;-0,00019642;-0,00147384
2020-07-13;16141,57950611;0,00170089;0,00000000
2020-07-14;16156,79575102;0,00094267;0,00000000
2020-07-15;16204,04060576;0,00292415;0,00000000
2020-07-16;16118,51512023;-0,00527803;-0,00527803
2020-07-17;16188,29800342;0,00432936;-0,00097152
2020-07-20;16239,79617176;0,00318120;0,00000000
2020-07-21;16301,52823598;0,00380128;0,00000000
2020-07-22;16387,09454770;0,00524897;0,00000000
2020-07-23;16409,79394469;0,00138520;0,00000000
2020-07-24;16399,14092875;-0,00064919;-0,00064919
2020-07-27;16520,94195811;0,00742728;0,00000000
2020-07-28;16556,66668397;0,00216239;0,00000000
2020-07-29;16615,03871963;0,00352559;0,00000000
2020-07-30;16546,94090374;-0,00409856;-0,00409856
2020-07-31;16631,25255444;0,00509530;0,00000000
2020-08-03;16701,64120282;0,00423231;0,00000000
2020-08-04;16829,96172469;0,00768311;0,00000000
2020-08-05;16894,58638273;0,00383986;0,00000000
2020-08-06;16980,64878553;0,00509408;0,00000000
2020-08-07;16883,80126321;-0,00570341;-0,00570341
2020-08-10;16857,51632241;-0,00155681;-0,00725134
2020-08-11;16556,78133630;-0,01783982;-0,02496179
2020-08-12;16578,24018004;0,00129608;-0,02369807
2020-08-13;16694,35780473;0,00700422;-0,01685984
2020-08-14;16662,56289883;-0,00190453;-0,01873226
2020-08-17;16791,98526989;0,00776725;-0,01111050
2020-08-18;16834,28285939;0,00251892;-0,00861957
2020-08-19;16674,30986501;-0,00950281;-0,01804047
2020-08-20;16711,78188502;0,00224729;-0,01583372
2020-08-21;16691,70595522;-0,00120130;-0,01701601
2020-08-24;16705,23347099;0,00081043;-0,01621936
2020-08-25;16713,10036458;0,00047092;-0,01575608
2020-08-26;16808,75217167;0,00572316;-0,01012309
2020-08-27;16750,36551163;-0,00347359;-0,01356151
2020-08-28;16838,91614563;0,00528649;-0,00834672
2020-09-01;16884,59026283;0,00271241;-0,00565694
2020-09-02;16867,56439270;-0,00100837;-0,00665960
2020-09-03;16700,44900618;-0,00990750;-0,01650112
2020-09-04;16658,39209319;-0,00251831;-0,01897788
2020-09-08;16604,52963602;-0,00323335;-0,02214987
2020-09-09;16731,62176274;0,00765406;-0,01466534
2020-09-10;16709,80760299;-0,00130377;-0,01594999
2020-09-11;16697,22122189;-0,00075323;-0,01669121
2020-09-14;16773,00274912;0,00453857;-0,01222839
2020-09-15;16789,61665374;0,00099051;-0,01124999
2020-09-16;16767,42227006;-0,00132191;-0,01255703
2020-09-17;16700,35989248;-0,00399956;-0,01650637
2020-09-18;16678,35852768;-0,00131742;-0,01780204
2020-09-21;16529,07617850;-0,00895066;-0,02659337
2020-09-22;16556,81811862;0,00167837;-0,02495963
2020-09-23;16410,45213273;-0,00884022;-0,03357920
2020-09-24;16411,32036127;0,00005291;-0,03352807
2020-09-25;16438,71866488;0,00166948;-0,03191457
2020-09-28;16538,40869147;0,00606434;-0,02604377
2020-09-29;16582,53307560;0,00266799;-0,02344526
2020-09-30;16558,82469743;-0,00142972;-0,02484146
2020-10-01;16625,87737780;0,00404936;-0,02089269
2020-10-02;16552,85675605;-0,00439199;-0,02519291
2020-10-05;16655,40821979;0,00619539;-0,01915360
2020-10-06;16545,94515639;-0,00657222;-0,02559994
2020-10-07;16588,26710980;0,00255784;-0,02310758
2020-10-08;16645,51148523;0,00345090;-0,01973642
2020-10-09;16797,51632744;0,00913188;-0,01078477
2020-10-12;16854,29191419;0,00338000;-0,00744123
2020-10-13;16740,63745967;-0,00674335;-0,01413440
2020-10-14;16736,97075537;-0,00021903;-0,01435034
2020-10-15;16734,91091151;-0,00012307;-0,01447164
2020-10-16;16728,85723544;-0,00036174;-0,01482815
2020-10-19;16676,69989986;-0,00311781;-0,01789972
2020-10-20;16706,36644359;0,00177892;-0,01615264
2020-10-21;16720,96510071;0,00087384;-0,01529292
2020-10-22;16644,55119864;-0,00456995;-0,01979298
2020-10-23;16657,27157818;0,00076424;-0,01904387
2020-10-26;16579,20882662;-0,00468641;-0,02364103
2020-10-27;16594,60321988;0,00092854;-0,02273444
2020-10-28;16354,57390548;-0,01446430;-0,03686990
2020-10-29;16369,30406370;0,00090068;-0,03600244
2020-10-30;16327,52481127;-0,00255229;-0,03846284
2020-11-02;16432,09141237;0,00640431;-0,03230485
2020-11-03;16538,35238746;0,00646667;-0,02604708
2020-11-04;16709,82502150;0,01036818;-0,01594896
2020-11-05;16947,14771102;0,01420258;-0,00197290
2020-11-06;16954,18282468;0,00041512;-0,00155860
2020-11-09;16748,22580475;-0,01214786;-0,01368752
2020-11-10;16661,41200942;-0,00518346;-0,01880003
2020-11-11;16731,00855764;0,00417711;-0,01470145
2020-11-12;16743,08553342;0,00072183;-0,01399023
2020-11-13;16800,56757052;0,00343318;-0,01060508
2020-11-16;16862,66231928;0,00369599;-0,00694829
2020-11-17;16813,60539185;-0,00290920;-0,00983728
2020-11-18;16748,04722830;-0,00389911;-0,01369804
2020-11-19;16750,54753618;0,00014929;-0,01355079
2020-11-20;16738,23963186;-0,00073478;-0,01427561
2020-11-23;16614,60756758;-0,00738620;-0,02155637
2020-11-24;16602,80997991;-0,00071007;-0,02225114
2020-11-25;16599,22886415;-0,00021569;-0,02246203
2020-11-27;16581,88057306;-0,00104513;-0,02348369
2020-11-30;16540,40899761;-0,00250102;-0,02592597
2020-12-01;16714,40838082;0,01051965;-0,01567905
2020-12-02;16763,74295732;0,00295162;-0,01277371
2020-12-03;16790,49542799;0,00159585;-0,01119824
2020-12-04;16805,05656195;0,00086722;-0,01034073
2020-12-07;16903,98027261;0,00588654;-0,00451505
2020-12-08;16924,84982621;0,00123459;-0,00328603
2020-12-09;16815,22821000;-0,00647696;-0,00974171
2020-12-10;16810,23073209;-0,00029720;-0,01003602
2020-12-11;16814,74610154;0,00026861;-0,00977010
2020-12-14;16791,21785216;-0,00139926;-0,01115569
2020-12-15;16867,47245200;0,00454134;-0,00666502
2020-12-16;16913,95567554;0,00275579;-0,00392759
2020-12-17;16977,74971947;0,00377168;-0,00017073
2020-12-18;16969,81898013;-0,00046713;-0,00063777
2020-12-21;16956,94283386;-0,00075877;-0,00139606
2020-12-22;16948,57602334;-0,00049342;-0,00188878
2020-12-23;16950,46205668;0,00011128;-0,00177771
2020-12-24;16963,00473757;0,00073996;-0,00103907
2020-12-29;17008,96725636;0,00270957;0,00000000
2020-12-30;17034,85348222;0,00152192;0,00000000
2020-12-31;17046,64888404;0,00069243;0,00000000
2021-01-04;17147,94451047;0,00594226;0,00000000
2021-01-05;17169,37785847;0,00124991;0,00000000
2021-01-06;17086,01512789;-0,00485531;-0,00485531
2021-01-07;17122,01234276;0,00210682;-0,00275872
2021-01-08;16924,90607997;-0,01151186;-0,01423883
2021-01-11;16901,26887046;-0,00139659;-0,01561553
2021-01-12;16904,07004956;0,00016574;-0,01545238
2021-01-13;16896,09839971;-0,00047158;-0,01591668
2021-01-14;16880,41272042;-0,00092836;-0,01683026
2021-01-15;16779,92753149;-0,00595277;-0,02268284
2021-01-19;16854,17840290;0,00442498;-0,01835823
2021-01-20;17001,82045035;0,00875997;-0,00975908
2021-01-21;17012,13803379;0,00060685;-0,00915816
2021-01-22;16958,68981639;-0,00314177;-0,01227115
2021-01-25;16961,08473205;0,00014122;-0,01213166
2021-01-26;16952,06628241;-0,00053171;-0,01265693
2021-01-27;16853,55643166;-0,00581108;-0,01839446
2021-01-28;16864,21176982;0,00063223;-0,01777386
2021-01-29;16790,56588542;-0,00436699;-0,02206323
2021-02-01;16904,12412436;0,00676322;-0,01544923
2021-02-02;16905,03615895;0,00005395;-0,01539611
2021-02-03;16889,23715123;-0,00093457;-0,01631630
2021-02-04;16817,70408470;-0,00423542;-0,02048262
2021-02-05;16874,96749948;0,00340495;-0,01714741
2021-02-08;16954,99256137;0,00474224;-0,01248649
2021-02-09;16959,63139407;0,00027360;-0,01221631
2021-02-10;16969,76573498;0,00059756;-0,01162605
2021-02-11;16955,61854276;-0,00083367;-0,01245003
2021-02-12;16950,18074309;-0,00032071;-0,01276675
2021-02-16;16872,25279036;-0,00459747;-0,01730552
2021-02-17;16797,19486214;-0,00444860;-0,02167714
2021-02-18;16760,35189207;-0,00219340;-0,02382299
2021-02-19;16789,35458316;0,00173043;-0,02213378
2021-02-22;16800,26984934;0,00065013;-0,02149804
2021-02-23;16763,29743899;-0,00220070;-0,02365143
2021-02-24;16798,04930073;0,00207309;-0,02162737
2021-02-25;16647,31305242;-0,00897344;-0,03040674
2021-02-26;16517,10257486;-0,00782171;-0,03799062
2021-03-01;16594,66556662;0,00469592;-0,03347310
2021-03-02;16592,60726351;-0,00012403;-0,03359298
2021-03-03;16493,55739542;-0,00596952;-0,03936197
2021-03-04;16388,04378574;-0,00639726;-0,04550742
2021-03-05;16392,75756171;0,00028764;-0,04523287
2021-03-08;16382,98095952;-0,00059640;-0,04580229
2021-03-09;16526,43537145;0,00875631;-0,03744705
2021-03-10;16548,15075612;0,00131398;-0,03618227
2021-03-11;16594,03317222;0,00277266;-0,03350993
2021-03-12;16583,83629662;-0,00061449;-0,03410383
2021-03-15;16627,36654053;0,00262486;-0,03156849
2021-03-16;16659,42283725;0,00192792;-0,02970143
2021-03-17;16681,64007216;0,00133361;-0,02840742
2021-03-18;16616,54230332;-0,00390236;-0,03219893
2021-03-19;16622,34368839;0,00034913;-0,03186104
2021-03-22;16652,60158412;0,00182031;-0,03009872
2021-03-23;16611,77483520;-0,00245167;-0,03247660
2021-03-24;16612,70753652;0,00005615;-0,03242228
2021-03-25;16572,58261364;-0,00241532;-0,03475928
2021-03-26;16642,63728310;0,00422714;-0,03067907
2021-03-29;16583,52736556;-0,00355172;-0,03412182
2021-03-30;16503,88311171;-0,00480261;-0,03876056
2021-03-31;16592,32126404;0,00535863;-0,03360964
2021-04-01;16688,34674848;0,00578734;-0,02801680
2021-04-06;16842,03234659;0,00920916;-0,01906566
2021-04-07;16850,45467986;0,00050008;-0,01857512
2021-04-08;16994,74445832;0,00856296;-0,01017121
2021-04-09;16992,57341200;-0,00012775;-0,01029766
2021-04-12;16933,76815300;-0,00346064;-0,01372267
2021-04-13;17022,05656073;0,00521375;-0,00858047
2021-04-14;16956,10066507;-0,00387473;-0,01242195
2021-04-15;17141,22538451;0,01091788;-0,00163969
2021-04-16;17178,05540596;0,00214862;0,00000000
2021-04-19;17096,34529911;-0,00475666;-0,00475666
2021-04-20;17059,28564421;-0,00216769;-0,00691404
2021-04-21;17185,10790956;0,00737559;0,00000000
2021-04-22;17128,26810071;-0,00330750;-0,00330750
2021-04-23;17154,15607080;0,00151142;-0,00180108
2021-04-26;17200,76670548;0,00271716;0,00000000
2021-04-27;17160,92543149;-0,00231625;-0,00231625
2021-04-28;17148,33238818;-0,00073382;-0,00304837
2021-04-29;17111,72651693;-0,00213466;-0,00517652
2021-04-30;17049,45065203;-0,00363937;-0,00879705
2021-05-04;16966,68968426;-0,00485417;-0,01360852
2021-05-05;17010,94928623;0,00260862;-0,01103540
2021-05-06;17159,25102835;0,00871802;-0,00241359
2021-05-07;17269,09343700;0,00640135;0,00000000
2021-05-10;17173,39586518;-0,00554155;-0,00554155
2021-05-11;17111,91369797;-0,00358008;-0,00910179
2021-05-12;16922,29337162;-0,01108119;-0,02008212
2021-05-13;17009,98246610;0,00518187;-0,01500432
2021-05-14;17171,83512948;0,00951516;-0,00563193
2021-05-17;17218,65126064;0,00272633;-0,00292095
2021-05-18;17196,83313437;-0,00126712;-0,00418437
2021-05-19;17181,71756108;-0,00087897;-0,00505967
2021-05-20;17325,68913200;0,00837935;0,00000000
2021-05-21;17317,95083942;-0,00044664;-0,00044664
2021-05-24;17413,46416809;0,00551528;0,00000000
2021-05-25;17476,29343654;0,00360809;0,00000000
2021-05-26;17467,08363754;-0,00052699;-0,00052699
2021-05-27;17445,76901001;-0,00122027;-0,00174662
2021-05-28;17487,88874342;0,00241432;0,00000000
2021-06-01;17459,27737518;-0,00163607;-0,00163607
2021-06-02;17496,63798375;0,00213987;0,00000000
2021-06-03;17378,88597076;-0,00672998;-0,00672998
2021-06-04;17470,60157135;0,00527742;-0,00148808
2021-06-07;17491,10825002;0,00117378;-0,00031605
2021-06-08;17477,70021654;-0,00076656;-0,00108237
2021-06-09;17481,24036334;0,00020255;-0,00088003
2021-06-10;17510,31607190;0,00166325;0,00000000
2021-06-11;17470,93892339;-0,00224880;-0,00224880
2021-06-14;17459,88609208;-0,00063264;-0,00288002
2021-06-15;17437,02682833;-0,00130924;-0,00418549
2021-06-16;17345,39460418;-0,00525504;-0,00941853
2021-06-17;17219,14339754;-0,00727866;-0,01662864
2021-06-18;17165,21263382;-0,00313202;-0,01970858
2021-06-21;17244,15411032;0,00459892;-0,01520029
2021-06-22;17251,17288119;0,00040702;-0,01479946
2021-06-23;17238,82488692;-0,00071578;-0,01550464
2021-06-24;17267,75226820;0,00167804;-0,01385262
2021-06-25;17288,85280237;0,00122196;-0,01264759
2021-06-28;17304,76449502;0,00092034;-0,01173888
2021-06-29;17281,53390127;-0,00134244;-0,01306556
2021-06-30;17301,94429249;0,00118105;-0,01189994
2021-07-01;17332,12786924;0,00174452;-0,01017618
2021-07-02;17395,77206447;0,00367204;-0,00654152
2021-07-06;17421,26211331;0,00146530;-0,00508580
2021-07-07;17463,96535651;0,00245121;-0,00264705
2021-07-08;17423,63595254;-0,00230929;-0,00495023
2021-07-09;17471,73098578;0,00276033;-0,00220356
2021-07-12;17470,71778797;-0,00005799;-0,00226143
2021-07-13;17494,56067076;0,00136473;-0,00089978
2021-07-14;17547,64270771;0,00303420;0,00000000
2021-07-15;17525,94843472;-0,00123631;-0,00123631
2021-07-16;17462,24017324;-0,00363508;-0,00486689
2021-07-19;17411,22598831;-0,00292140;-0,00777408
2021-07-20;17469,72016275;0,00335957;-0,00444063
2021-07-21;17475,72494254;0,00034373;-0,00409843
2021-07-22;17494,91568044;0,00109814;-0,00300479
2021-07-23;17515,27908905;0,00116396;-0,00184433
2021-07-26;17498,85582054;-0,00093765;-0,00278025
2021-07-27;17463,54269520;-0,00201802;-0,00479267
2021-07-28;17496,52172287;0,00188845;-0,00291327
2021-07-29;17564,72981984;0,00389838;0,00000000
2021-07-30;17519,69841332;-0,00256374;-0,00256374
2021-08-02;17522,05608835;0,00013457;-0,00242951
2021-08-03;17526,45663357;0,00025114;-0,00217898
2021-08-04;17541,06726399;0,00083363;-0,00134716
2021-08-05;17541,78144522;0,00004071;-0,00130650
2021-08-06;17424,21435058;-0,00670212;-0,00799987
2021-08-09;17324,76789674;-0,00570737;-0,01366158
2021-08-10;17310,51665908;-0,00082259;-0,01447293
2021-08-11;17379,49856648;0,00398497;-0,01054564
2021-08-12;17409,32460240;0,00171616;-0,00884757
2021-08-13;17504,73273813;0,00548029;-0,00341577
2021-08-16;17529,63312802;0,00142249;-0,00199813
2021-08-17;17509,31922201;-0,00115883;-0,00315465
2021-08-18;17469,25142232;-0,00228837;-0,00543580
2021-08-19;17468,93692306;-0,00001800;-0,00545371
2021-08-20;17533,00352444;0,00366746;-0,00180625
2021-08-23;17648,92841710;0,00661181;0,00000000
2021-08-24;17648,24928501;-0,00003848;-0,00003848
2021-08-25;17614,84639405;-0,00189270;-0,00193111
2021-08-26;17594,46995126;-0,00115678;-0,00308565
2021-08-27;17704,89745710;0,00627626;0,00000000
2021-08-31;17715,54867760;0,00060160;0,00000000
2021-09-01;17726,08514078;0,00059476;0,00000000
2021-09-02;17702,94755301;-0,00130528;-0,00130528
2021-09-03;17787,36799438;0,00476872;0,00000000
2021-09-07;17654,76167629;-0,00745508;-0,00745508
2021-09-08;17609,71586617;-0,00255148;-0,00998754
2021-09-09;17608,96317253;-0,00004274;-0,01002986
2021-09-10;17525,96623912;-0,00471333;-0,01469592
2021-09-13;17538,39791457;0,00070933;-0,01399702
2021-09-14;17578,95179066;0,00231229;-0,01171709
2021-09-15;17563,91828190;-0,00085520;-0,01256227
2021-09-16;17417,23219559;-0,00835156;-0,02080891
2021-09-17;17332,59830175;-0,00485920;-0,02556700
2021-09-20;17271,29192297;-0,00353706;-0,02901363
2021-09-21;17341,27384070;0,00405192;-0,02507927
2021-09-22;17380,89680828;0,00228489;-0,02285168
2021-09-23;17372,66204642;-0,00047378;-0,02331463
2021-09-24;17371,51827776;-0,00006584;-0,02337893
2021-09-27;17340,35610899;-0,00179387;-0,02513086
2021-09-28;17123,42832693;-0,01251000;-0,03732647
2021-09-29;17120,50154150;-0,00017092;-0,03749101
2021-09-30;17181,73609524;0,00357668;-0,03404843
2021-10-01;17224,10249481;0,00246578;-0,03166660
2021-10-04;17180,16822719;-0,00255074;-0,03413657
2021-10-05;17213,43457853;0,00193632;-0,03226635
2021-10-06;17217,17436094;0,00021726;-0,03205610
2021-10-07;17252,13488936;0,00203056;-0,03009063
2021-10-08;17239,15342002;-0,00075246;-0,03082044
2021-10-11;17229,05294029;-0,00058590;-0,03138829
2021-10-12;17225,91173108;-0,00018232;-0,03156489
2021-10-13;17314,10062866;0,00511955;-0,02660694
2021-10-14;17398,71154891;0,00488682;-0,02185014
2021-10-15;17338,25107718;-0,00347500;-0,02524921
2021-10-18;17348,65949193;0,00060032;-0,02466405
2021-10-19;17384,14144425;0,00204523;-0,02266926
2021-10-20;17432,77690404;0,00279769;-0,01993499
2021-10-21;17431,17463638;-0,00009191;-0,02002507
2021-10-22;17467,00281572;0,00205541;-0,01801083
2021-10-25;17518,06029837;0,00292308;-0,01514039
2021-10-26;17494,16667155;-0,00136394;-0,01648368
2021-10-27;17504,99728454;0,00061910;-0,01587479
2021-10-28;17519,66517487;0,00083793;-0,01505016
2021-10-29;17500,80559238;-0,00107648;-0,01611044
2021-11-01;17540,99626847;0,00229650;-0,01385094
2021-11-02;17562,63124990;0,00123340;-0,01263463
2021-11-03;17520,61343979;-0,00239246;-0,01499685
2021-11-04;17646,49379799;0,00718470;-0,00791990
2021-11-05;17741,44396699;0,00538068;-0,00258183
2021-11-08;17760,75794824;0,00108864;-0,00149601
2021-11-09;17769,38195091;0,00048557;-0,00101117
2021-11-10;17808,54935341;0,00220421;0,00000000
2021-11-11;17853,69219420;0,00253490;0,00000000
2021-11-12;17889,12431542;0,00198458;0,00000000
2021-11-15;17880,36490422;-0,00048965;-0,00048965
2021-11-16;17866,66905045;-0,00076597;-0,00125525
2021-11-17;17891,91646623;0,00141310;0,00000000
2021-11-18;17889,37342557;-0,00014213;-0,00014213
2021-11-19;17867,31813688;-0,00123287;-0,00137483
2021-11-22;17739,10473373;-0,00717586;-0,00854083
2021-11-23;17669,23365492;-0,00393882;-0,01244600
2021-11-24;17690,34034578;0,00119454;-0,01126632
2021-11-26;17578,42699071;-0,00632624;-0,01752129
2021-11-29;17645,67545082;0,00382562;-0,01376270
2021-11-30;17572,30323270;-0,00415808;-0,01786355
2021-12-01;17597,66469204;0,00144326;-0,01644607
2021-12-02;17539,83232748;-0,00328637;-0,01967839
2021-12-03;17557,18393213;0,00098927;-0,01870859
2021-12-06;17576,88271381;0,00112198;-0,01760760
2021-12-07;17718,39270182;0,00805091;-0,00969844
2021-12-08;17724,67472066;0,00035455;-0,00934734
2021-12-09;17682,36241735;-0,00238720;-0,01171222
2021-12-10;17722,77646486;0,00228556;-0,00945343
2021-12-13;17704,53496981;-0,00102927;-0,01047297
2021-12-14;17597,64937907;-0,00603719;-0,01644693
2021-12-15;17666,14402746;0,00389226;-0,01261868
2021-12-16;17701,77747989;0,00201705;-0,01062709
2021-12-17;17666,80886234;-0,00197543;-0,01258153
2021-12-20;17580,93255665;-0,00486088;-0,01738125
2021-12-21;17651,44935872;0,00401098;-0,01343999
2021-12-22;17743,25489507;0,00520102;-0,00830887
2021-12-23;17776,85074408;0,00189344;-0,00643116
2021-12-29;17806,24595495;0,00165357;-0,00478822
2021-12-30;17834,51520259;0,00158760;-0,00320822
2021-12-31;17849,53213716;0,00084202;-0,00236891
2022-01-04;17807,52109666;-0,00235362;-0,00471696
2022-01-05;17731,57125965;-0,00426504;-0,00896188
2022-01-06;17619,75668499;-0,00630596;-0,01521133
2022-01-07;17614,80626775;-0,00028096;-0,01548801
2022-01-10;17593,52655120;-0,00120806;-0,01667736
2022-01-11;17706,85893811;0,00644171;-0,01034308
2022-01-12;17737,28918632;0,00171856;-0,00864230
2022-01-13;17673,31786882;-0,00360660;-0,01221773
2022-01-14;17637,30379143;-0,00203777;-0,01423060
2022-01-18;17584,17775132;-0,00301214;-0,01719987
2022-01-19;17625,37544878;0,00234288;-0,01489729
2022-01-20;17606,89472078;-0,00104853;-0,01593020
2022-01-21;17515,72149071;-0,00517827;-0,02102597
2022-01-24;17464,87151014;-0,00290311;-0,02386804
2022-01-25;17458,62442863;-0,00035769;-0,02421720
2022-01-26;17426,10313506;-0,00186276;-0,02603485
2022-01-27;17358,22339883;-0,00389529;-0,02982873
2022-01-28;17379,76225470;0,00124084;-0,02862489
2022-01-31;17499,53403915;0,00689145;-0,02193071
2022-02-01;17527,10922918;0,00157577;-0,02038950
2022-02-02;17579,15094449;0,00296921;-0,01748083
2022-02-03;17483,07878521;-0,00546512;-0,02285041
2022-02-04;17490,94499004;0,00044993;-0,02241076
2022-02-07;17555,73945220;0,00370446;-0,01878932
2022-02-08;17602,48635891;0,00266277;-0,01617658
2022-02-09;17724,37280691;0,00692439;-0,00936421
2022-02-10;17611,97528541;-0,00634141;-0,01564624
2022-02-11;17682,33722533;0,00399512;-0,01171363
2022-02-14;17690,69601233;0,00047272;-0,01124644
2022-02-15;17692,86423654;0,00012256;-0,01112526
2022-02-16;17765,83497533;0,00412430;-0,00704684
2022-02-17;17798,30668139;0,00182776;-0,00523196
2022-02-18;17739,68962540;-0,00329341;-0,00850814
2022-02-22;17721,30668428;-0,00103626;-0,00953558
2022-02-23;17691,63105685;-0,00167457;-0,01119418
2022-02-24;17676,63194341;-0,00084781;-0,01203250
2022-02-25;17764,02892211;0,00494421;-0,00714778
2022-02-28;17852,49522131;0,00498008;-0,00220330
2022-03-01;17945,05170679;0,00518451;0,00000000
2022-03-02;17963,63039619;0,00103531;0,00000000
2022-03-03;17948,45706359;-0,00084467;-0,00084467
2022-03-04;17966,88042460;0,00102646;0,00000000
2022-03-07;17957,32424299;-0,00053188;-0,00053188
2022-03-08;18051,71236228;0,00525625;0,00000000
2022-03-09;18033,93412461;-0,00098485;-0,00098485
2022-03-10;17993,46558147;-0,00224402;-0,00322666
2022-03-11;17938,75828811;-0,00304040;-0,00625725
2022-03-14;17807,93381814;-0,00729284;-0,01350446
2022-03-15;17797,01344780;-0,00061323;-0,01410940
2022-03-16;17941,28590103;0,00810655;-0,00611723
2022-03-17;18005,94527864;0,00360394;-0,00253533
2022-03-18;18022,98572965;0,00094638;-0,00159135
2022-03-21;18064,88918696;0,00232500;0,00000000
2022-03-22;18073,87776487;0,00049757;0,00000000
2022-03-23;18106,71182577;0,00181666;0,00000000
2022-03-24;18205,02301673;0,00542954;0,00000000
2022-03-25;18193,73780976;-0,00061990;-0,00061990
2022-03-28;18147,73359965;-0,00252857;-0,00314690
2022-03-29;18239,31114405;0,00504622;0,00000000
2022-03-30;18243,54404304;0,00023208;0,00000000
2022-03-31;18206,84911073;-0,00201139;-0,00201139
2022-04-01;18140,63366376;-0,00363684;-0,00564092
2022-04-04;18227,59401159;0,00479368;-0,00087428
2022-04-05;18138,52207169;-0,00488665;-0,00575666
2022-04-06;18068,89193013;-0,00383880;-0,00957337
2022-04-07;18090,46848391;0,00119413;-0,00839067
2022-04-08;18155,91462737;0,00361771;-0,00480331
2022-04-11;18108,07934516;-0,00263469;-0,00742535
2022-04-12;18162,89496780;0,00302714;-0,00442069
2022-04-13;18211,15429196;0,00265703;-0,00177541
2022-04-14;18143,38240574;-0,00372145;-0,00549025
2022-04-19;18101,16193389;-0,00232705;-0,00780452
2022-04-20;18150,77693974;0,00274098;-0,00508493
2022-04-21;18096,56288497;-0,00298687;-0,00805661
2022-04-22;17944,60813849;-0,00839688;-0,01638585
2022-04-25;17805,48116979;-0,00775313;-0,02401194
2022-04-26;17763,30431168;-0,00236876;-0,02632382
2022-04-27;17746,70518309;-0,00093446;-0,02723368
2022-04-28;17868,39950495;0,00685729;-0,02056314
2022-04-29;17791,21162125;-0,00431980;-0,02479411
2022-05-03;17698,18153749;-0,00522899;-0,02989345
2022-05-04;17795,44675519;0,00549577;-0,02456196
2022-05-05;17719,50221455;-0,00426764;-0,02872478
2022-05-06;17706,40574205;-0,00073910;-0,02944265
2022-05-09;17469,06314754;-0,01340434;-0,04245233
2022-05-10;17420,56563227;-0,00277619;-0,04511067
2022-05-11;17457,38579458;0,00211360;-0,04309241
2022-05-12;17308,42677415;-0,00853272;-0,05125743
2022-05-13;17357,55836762;0,00283859;-0,04856434
2022-05-16;17392,52055424;0,00201423;-0,04664793
2022-05-17;17393,65655311;0,00006532;-0,04658566
2022-05-18;17293,26028759;-0,00577200;-0,05208877
2022-05-19;17333,18445983;0,00230866;-0,04990037
2022-05-20;17329,53611764;-0,00021048;-0,05010035
2022-05-23;17431,91095726;0,00590753;-0,04448878
2022-05-24;17430,50413927;-0,00008070;-0,04456590
2022-05-25;17430,62995369;0,00000722;-0,04455900
2022-05-26;17495,65991009;0,00373079;-0,04099445
2022-05-27;17585,60393799;0,00514093;-0,03606427
2022-05-31;17505,05370573;-0,00458046;-0,04047954
2022-06-01;17547,58563448;0,00242969;-0,03814820
2022-06-06;17542,46979259;-0,00029154;-0,03842862
2022-06-07;17618,57822392;0,00433852;-0,03425682
2022-06-08;17597,18185023;-0,00121442;-0,03542964
2022-06-09;17442,43756014;-0,00879370;-0,04391178
2022-06-10;17356,35935302;-0,00493499;-0,04863006
2022-06-13;16938,33715622;-0,02408467;-0,07154349
2022-06-14;16897,04331199;-0,00243789;-0,07380697
2022-06-15;17081,68503452;0,01092746;-0,06368604
2022-06-16;16943,31294974;-0,00810061;-0,07127075
2022-06-17;16915,83741870;-0,00162162;-0,07277679
2022-06-21;17007,35087856;0,00540993;-0,06776058
2022-06-22;17030,99112706;0,00139000;-0,06646477
2022-06-23;17019,06267308;-0,00070040;-0,06711861
2022-06-24;17186,18833100;0,00981991;-0,05795780
2022-06-27;17176,02609222;-0,00059130;-0,05851483
2022-06-28;17062,94981546;-0,00658338;-0,06471299
2022-06-29;17046,47486457;-0,00096554;-0,06561604
2022-06-30;16915,99942825;-0,00765410;-0,07276791
2022-07-01;16942,62944517;0,00157425;-0,07130822
2022-07-05;16748,98444046;-0,01142945;-0,08192266
2022-07-06;16643,96096251;-0,00627044;-0,08767940
2022-07-07;16710,44511461;0,00399449;-0,08403515
2022-07-08;16726,47951049;0,00095954;-0,08315624
2022-07-11;16634,79767639;-0,00548124;-0,08818168
2022-07-12;16581,55412842;-0,00320073;-0,09110017
2022-07-13;16590,01292068;0,00051013;-0,09063651
2022-07-14;16448,05849902;-0,00855662;-0,09841758
2022-07-15;16511,36020868;0,00384858;-0,09494777
2022-07-18;16502,76821566;-0,00052037;-0,09541873
2022-07-19;16588,66794579;0,00520517;-0,09071023
2022-07-20;16563,37494414;-0,00152472;-0,09209664
2022-07-21;16727,46816293;0,00990699;-0,08310205
2022-07-22;16722,02209731;-0,00032558;-0,08340057
2022-07-25;16678,70386818;-0,00259049;-0,08577501
2022-07-26;16615,82319804;-0,00377012;-0,08922175
2022-07-27;16805,42338569;0,01141082;-0,07882902
2022-07-28;16972,36055064;0,00993353;-0,06967854
2022-07-29;17052,58767441;0,00472693;-0,06528098
2022-08-01;17099,21598600;0,00273438;-0,06272510
2022-08-02;17057,02267528;-0,00246756;-0,06503788
2022-08-03;17137,88660582;0,00474080;-0,06060541
2022-08-04;17231,41107191;0,00545718;-0,05547897
2022-08-05;17174,51576209;-0,00330184;-0,05859762
2022-08-08;17223,83956476;0,00287192;-0,05589399
2022-08-09;17202,01782092;-0,00126695;-0,05709013
2022-08-10;17253,84135898;0,00301264;-0,05424947
2022-08-11;17252,51788203;-0,00007671;-0,05432202
2022-08-12;17353,35533853;0,00584480;-0,04879472
2022-08-15;17319,21665312;-0,00196727;-0,05066600
2022-08-16;17311,90475026;-0,00042218;-0,05106679
2022-08-17;17258,51340576;-0,00308408;-0,05399338
2022-08-18;17276,43330432;0,00103832;-0,05301112
2022-08-19;17212,74219659;-0,00368659;-0,05650228
2022-08-22;17103,52618348;-0,00634507;-0,06248884
2022-08-23;17108,57584050;0,00029524;-0,06221205
2022-08-24;17144,04130977;0,00207296;-0,06026804
2022-08-25;17196,18100843;0,00304127;-0,05741006
2022-08-26;17046,25261298;-0,00871870;-0,06562823
2022-08-30;16933,28964123;-0,00662685;-0,07182017
2022-08-31;16878,03437695;-0,00326311;-0,07484893
2022-09-01;16805,09435071;-0,00432159;-0,07884705
2022-09-02;16876,95363701;0,00427604;-0,07490816
2022-09-06;16799,85317488;-0,00456839;-0,07913434
2022-09-07;16884,95877427;0,00506585;-0,07446937
2022-09-08;16890,93491301;0,00035393;-0,07414180
2022-09-09;16970,72089548;0,00472360;-0,06976841
2022-09-12;17034,35146678;0,00374943;-0,06628057
2022-09-13;16849,82199599;-0,01083279;-0,07639536
2022-09-14;16806,93577735;-0,00254520;-0,07874612
2022-09-15;16686,32706885;-0,00717613;-0,08535715
2022-09-16;16676,44984884;-0,00059193;-0,08589856
2022-09-20;16659,41003769;-0,00102179;-0,08683258
2022-09-21;16677,18358044;0,00106688;-0,08585834
2022-09-22;16612,69999019;-0,00386658;-0,08939294
2022-09-23;16528,87739053;-0,00504569;-0,09398759
2022-09-26;16510,07496722;-0,00113755;-0,09501822
2022-09-27;16490,42645354;-0,00119009;-0,09609523
2022-09-28;16617,07682868;0,00768024;-0,08915303
2022-09-29;16498,20021044;-0,00715388;-0,09566912
2022-09-30;16470,24331430;-0,00169454;-0,09720155
2022-10-03;16594,84822845;0,00756546;-0,09037147
2022-10-04;16842,54148766;0,01492591;-0,07679443
2022-10-05;16801,40442870;-0,00244245;-0,07904931
2022-10-06;16807,36818505;0,00035496;-0,07872242
2022-10-07;16593,14950304;-0,01274552;-0,09046458
2022-10-10;16398,73005524;-0,01171685;-0,10112147
2022-10-11;16331,27563494;-0,00411339;-0,10481891
2022-10-12;16382,76059799;0,00315254;-0,10199682
2022-10-13;16317,40477096;-0,00398930;-0,10557923
2022-10-14;16184,73955913;-0,00813029;-0,11285113
2022-10-17;16253,31596243;0,00423710;-0,10909218
2022-10-18;16318,85255436;0,00403220;-0,10549987
2022-10-19;16196,88832103;-0,00747382;-0,11218520
2022-10-20;16187,62533194;-0,00057190;-0,11269295
2022-10-21;16392,16875342;0,01263579;-0,10148112
2022-10-24;16410,11355998;0,00109472;-0,10049750
2022-10-25;16466,44152414;0,00343252;-0,09740994
2022-10-26;16499,96666678;0,00203597;-0,09557230
2022-10-27;16448,81240240;-0,00310026;-0,09837626
2022-10-28;16417,82397182;-0,00188393;-0,10007486
2022-10-31;16349,35988528;-0,00417011;-0,10382764
2022-11-01;16436,61123642;0,00533668;-0,09904505
2022-11-02;16317,20014321;-0,00726495;-0,10559044
2022-11-03;16259,86640133;-0,00351370;-0,10873313
2022-11-04;16503,00331622;0,01495319;-0,09540584
2022-11-07;16488,12426038;-0,00090160;-0,09622142
2022-11-08;16692,47760901;0,01239397;-0,08502002
2022-11-09;16623,72222018;-0,00411894;-0,08878877
2022-11-10;17005,46022239;0,02296345;-0,06786422
2022-11-11;17093,36693701;0,00516932;-0,06304571
2022-11-14;17122,95605580;0,00173103;-0,06142381
2022-11-15;17156,48061024;0,00195787;-0,05958620
2022-11-16;17086,98680692;-0,00405059;-0,06339543
2022-11-17;17021,18245589;-0,00385114;-0,06700242
2022-11-18;16969,06469828;-0,00306194;-0,06985920
2022-11-21;16916,59680292;-0,00309197;-0,07273517
2022-11-22;16962,26695646;0,00269972;-0,07023181
2022-11-23;17018,36616022;0,00330729;-0,06715679
2022-11-25;17018,49096631;0,00000733;-0,06714995
2022-11-28;16912,28145652;-0,00624083;-0,07297171
2022-11-29;16928,62154499;0,00096617;-0,07207604
2022-11-30;17120,10149729;0,01131102;-0,06158028
2022-12-01;17275,72894198;0,00909033;-0,05304973
2022-12-02;17225,95028268;-0,00288142;-0,05577829
2022-12-05;17027,64859930;-0,01151180;-0,06664798
2022-12-06;16985,67496984;-0,00246503;-0,06894872
2022-12-07;17049,67788350;0,00376805;-0,06544047
2022-12-08;17095,99935471;0,00271685;-0,06290141
2022-12-09;17109,55498090;0,00079291;-0,06215838
2022-12-12;17058,20611292;-0,00300118;-0,06497301
2022-12-13;17276,81144941;0,01281526;-0,05299039
2022-12-14;17234,06476107;-0,00247422;-0,05533351
2022-12-15;16978,25603303;-0,01484320;-0,06935538
2022-12-16;17018,42575510;0,00236595;-0,06715352
2022-12-19;16964,52463575;-0,00316722;-0,07010806
2022-12-20;17128,48842598;0,00966510;-0,06112056
2022-12-21;17183,03187426;0,00318437;-0,05813082
2022-12-22;16999,18844534;-0,01069913;-0,06820800
2022-12-23;17039,63388043;0,00237926;-0,06599102
2022-12-28;17027,90854197;-0,00068812;-0,06663374
2022-12-29;17145,28625315;0,00689325;-0,06019980
2022-12-30;17176,94798906;0,00184667;-0,05846430
2023-01-03;17253,61698872;0,00446348;-0,05426177
2023-01-04;17369,97911863;0,00674422;-0,04788351
2023-01-05;17218,72925951;-0,00870754;-0,05617411
2023-01-06;17463,45945964;0,01421302;-0,04275949
2023-01-09;17517,69850648;0,00310586;-0,03978643
2023-01-10;17540,67585523;0,00131166;-0,03852695
2023-01-11;17597,86013589;0,00326010;-0,03539246
2023-01-12;17745,53011552;0,00839136;-0,02729809
2023-01-13;17878,59921736;0,00749874;-0,02000405
2023-01-17;17818,24369819;-0,00337585;-0,02331238
2023-01-18;17738,28225077;-0,00448762;-0,02769537
2023-01-19;17849,68190300;0,00628018;-0,02158912
2023-01-20;17875,58525832;0,00145119;-0,02016926
2023-01-23;17977,82843844;0,00571971;-0,01456491
2023-01-24;18021,72093775;0,00244148;-0,01215899
2023-01-25;18051,03341769;0,00162651;-0,01055226
2023-01-26;17996,83564603;-0,00300247;-0,01352305
2023-01-27;18009,32938564;0,00069422;-0,01283822
2023-01-30;17938,79793445;-0,00391638;-0,01670433
2023-01-31;18015,66664126;0,00428505;-0,01249085
2023-02-01;18208,01257915;0,01067659;-0,00194762
2023-02-02;18088,45712072;-0,00656609;-0,00850092
2023-02-03;17844,47254784;-0,01348841;-0,02187467
2023-02-06;17827,03206065;-0,00097736;-0,02283065
2023-02-07;17873,37880339;0,00259980;-0,02029020
2023-02-08;17874,23170602;0,00004772;-0,02024345
2023-02-09;17775,01031528;-0,00555109;-0,02568217
2023-02-10;17772,19644384;-0,00015830;-0,02583641
2023-02-13;17765,94364105;-0,00035183;-0,02617915
2023-02-14;17762,44713394;-0,00019681;-0,02637080
2023-02-15;17707,44701319;-0,00309643;-0,02938557
2023-02-16;17680,89005358;-0,00149976;-0,03084127
2023-02-17;17655,32586426;-0,00144587;-0,03224254
2023-02-21;17529,09234087;-0,00714988;-0,03916189
2023-02-22;17476,25177345;-0,00301445;-0,04205829
2023-02-23;17493,92282138;0,00101115;-0,04108967
2023-02-24;17386,79105793;-0,00612394;-0,04696198
2023-02-27;17436,91999884;0,00288316;-0,04421422
2023-02-28;17460,56915485;0,00135627;-0,04291792
2023-03-01;17521,14457383;0,00346927;-0,03959754
2023-03-02;17551,90622918;0,00175569;-0,03791137
2023-03-03;17675,37011414;0,00703422;-0,03114384
2023-03-06;17677,15867376;0,00010119;-0,03104580
2023-03-07;17567,22705886;-0,00621885;-0,03707158
2023-03-08;17579,38389094;0,00069202;-0,03640522
2023-03-09;17587,18042134;0,00044350;-0,03597786
2023-03-10;17598,92264128;0,00066766;-0,03533422
2023-03-13;17661,39651234;0,00354987;-0,03190978
2023-03-14;17699,52018984;0,00215859;-0,02982008
2023-03-15;17704,33155163;0,00027184;-0,02955635
2023-03-16;17800,27501916;0,00541921;-0,02429731
2023-03-17;17922,39073328;0,00686033;-0,01760367
2023-03-20;17923,48888658;0,00006127;-0,01754347
2023-03-21;17889,52843720;-0,00189475;-0,01940498
2023-03-22;17960,67198519;0,00397683;-0,01550532
2023-03-23;18041,31769414;0,00449013;-0,01108482
2023-03-24;17965,48096335;-0,00420350;-0,01524172
2023-03-27;17924,03721004;-0,00230685;-0,01751342
2023-03-28;17946,97809993;0,00127990;-0,01625594
2023-03-29;17984,00331186;0,00206303;-0,01422644
2023-03-30;18069,34900513;0,00474564;-0,00954831
2023-03-31;18084,30251160;0,00082756;-0,00872865
2023-04-03;18131,56641245;0,00261353;-0,00613793
2023-04-04;18193,73446947;0,00342872;-0,00273026
2023-04-05;18163,67859025;-0,00165199;-0,00437774
2023-04-06;18146,24998982;-0,00095953;-0,00533307
2023-04-11;18141,43622875;-0,00026528;-0,00559693
2023-04-12;18156,16334890;0,00081179;-0,00478968
2023-04-13;18261,85228817;0,00582111;0,00000000
2023-04-14;18183,11280636;-0,00431169;-0,00431169
2023-04-17;18181,11866039;-0,00010967;-0,00442089
2023-04-18;18205,02747476;0,00131504;-0,00311167
2023-04-19;18164,42885133;-0,00223008;-0,00533481
2023-04-20;18172,70348520;0,00045554;-0,00488170
2023-04-21;18119,62798886;-0,00292062;-0,00778805
2023-04-24;18121,35104128;0,00009509;-0,00769370
2023-04-25;18105,33019089;-0,00088409;-0,00857099
2023-04-26;18073,18177058;-0,00177563;-0,01033140
2023-04-27;18116,66419634;0,00240591;-0,00795035
2023-04-28;18148,98812661;0,00178421;-0,00618032
2023-05-02;18192,12716023;0,00237694;-0,00381808
2023-05-03;18222,48123736;0,00166853;-0,00215592
2023-05-04;18216,85457129;-0,00030878;-0,00246403
2023-05-05;18202,22482035;-0,00080309;-0,00326514
2023-05-09;18234,49110278;0,00177266;-0,00149827
2023-05-10;18252,06286141;0,00096366;-0,00053606
2023-05-11;18221,85050201;-0,00165528;-0,00219046
2023-05-12;18214,69302526;-0,00039280;-0,00258239
2023-05-15;18239,86241450;0,00138182;-0,00120414
2023-05-16;18176,33537435;-0,00348287;-0,00468282
2023-05-17;18183,27642961;0,00038187;-0,00430273
2023-05-18;18193,55092805;0,00056505;-0,00374011
2023-05-19;18241,74573347;0,00264900;-0,00110101
2023-05-22;18253,31398364;0,00063416;-0,00046755
2023-05-23;18217,26027745;-0,00197519;-0,00244181
2023-05-24;18127,14127132;-0,00494690;-0,00737663
2023-05-25;18160,73613260;0,00185329;-0,00553702
2023-05-26;18269,50227576;0,00598908;0,00000000
2023-05-30;18292,51036706;0,00125937;0,00000000
2023-05-31;18254,96508410;-0,00205249;-0,00205249
2023-06-01;18320,85931444;0,00360966;0,00000000
2023-06-02;18247,32184504;-0,00401387;-0,00401387
2023-06-05;18313,94088606;0,00365089;-0,00037763
2023-06-06;18325,86482135;0,00065109;0,00000000
2023-06-07;18166,03710506;-0,00872143;-0,00872143
2023-06-08;18301,49888026;0,00745687;-0,00132959
2023-06-09;18282,54970910;-0,00103539;-0,00236361
2023-06-12;18341,49686278;0,00322423;0,00000000
2023-06-13;18291,21857337;-0,00274123;-0,00274123
2023-06-14;18314,74342758;0,00128613;-0,00145863
2023-06-15;18403,07559709;0,00482301;0,00000000
2023-06-16;18373,77359145;-0,00159223;-0,00159223
2023-06-20;18235,17329941;-0,00754338;-0,00912360
2023-06-21;18195,05828046;-0,00219987;-0,01130340
2023-06-22;18102,31046569;-0,00509742;-0,01634320
2023-06-23;18089,71977082;-0,00069553;-0,01702736
2023-06-26;18093,97365281;0,00023515;-0,01679621
2023-06-27;18088,89284624;-0,00028080;-0,01707230
2023-06-28;18110,81194471;0,00121174;-0,01588124
2023-06-29;18120,94648859;0,00055959;-0,01533054
2023-06-30;18228,96724228;0,00596110;-0,00946083
2023-07-03;18246,16697503;0,00094354;-0,00852622
2023-07-05;18193,07581247;-0,00290972;-0,01141112
2023-07-06;18119,84204427;-0,00402536;-0,01539056
2023-07-07;18160,20497620;0,00222755;-0,01319728
2023-07-10;18169,32489142;0,00050219;-0,01270172
2023-07-11;18202,79890012;0,00184234;-0,01088278
2023-07-12;18354,87213924;0,00835439;-0,00261932
2023-07-13;18379,24715674;0,00132799;-0,00129481
2023-07-14;18359,54982131;-0,00107172;-0,00236514
2023-07-17;18392,52023885;0,00179582;-0,00057356
2023-07-18;18517,79162401;0,00681100;0,00000000
2023-07-19;18579,96847818;0,00335768;0,00000000
2023-07-20;18501,72375463;-0,00421124;-0,00421124
2023-07-21;18476,16578906;-0,00138138;-0,00558681
2023-07-24;18454,87163436;-0,00115252;-0,00673289
2023-07-25;18515,69952011;0,00329603;-0,00345905
2023-07-26;18514,52890166;-0,00006322;-0,00352205
2023-07-27;18428,77647618;-0,00463163;-0,00813737
2023-07-28;18513,38481018;0,00459110;-0,00358363
2023-07-31;18534,48205534;0,00113957;-0,00244814
2023-08-01;18473,06487001;-0,00331367;-0,00575370
2023-08-02;18368,85027234;-0,00564144;-0,01136268
2023-08-03;18345,05637587;-0,00129534;-0,01264330
2023-08-04;18353,05357673;0,00043593;-0,01221288
2023-08-07;18326,94307587;-0,00142268;-0,01361818
2023-08-08;18262,25575060;-0,00352963;-0,01709975
2023-08-09;18213,37999744;-0,00267633;-0,01973031
2023-08-10;18231,10902339;0,00097341;-0,01877611
2023-08-11;18192,59182254;-0,00211272;-0,02084916
2023-08-14;18210,46345511;0,00098236;-0,01988728
2023-08-15;18145,61387563;-0,00356112;-0,02337757
2023-08-16;18078,08778973;-0,00372134;-0,02701192
2023-08-17;18027,79762229;-0,00278183;-0,02971861
2023-08-18;18012,09920173;-0,00087079;-0,03056352
2023-08-21;18067,11985252;0,00305465;-0,02760223
2023-08-22;18097,56065164;0,00168487;-0,02596387
2023-08-23;18223,45860461;0,00695663;-0,01918786
2023-08-24;18185,56496772;-0,00207939;-0,02122735
2023-08-25;18196,39904282;0,00059575;-0,02064425
2023-08-29;18382,67462431;0,01023695;-0,01061863
2023-08-30;18413,21601696;0,00166142;-0,00897485
2023-08-31;18428,80102742;0,00084640;-0,00813604
2023-09-01;18452,21556721;0,00127054;-0,00687584
2023-09-05;18421,45878839;-0,00166683;-0,00853121
2023-09-06;18368,98830050;-0,00284834;-0,01135525
2023-09-07;18351,46513537;-0,00095395;-0,01229837
2023-09-08;18368,85462259;0,00094758;-0,01136244
2023-09-11;18382,03691126;0,00071764;-0,01065295
2023-09-12;18339,66441505;-0,00230510;-0,01293350
2023-09-13;18331,86358486;-0,00042535;-0,01335335
2023-09-14;18386,47963027;0,00297930;-0,01041384
2023-09-15;18382,14045762;-0,00023600;-0,01064738
2023-09-18;18409,68240663;0,00149830;-0,00916504
2023-09-19;18389,69018841;-0,00108596;-0,01024104
2023-09-20;18384,42966207;-0,00028606;-0,01052417
2023-09-21;18290,04176369;-0,00513412;-0,01560426
2023-09-22;18317,14604515;0,00148191;-0,01414547
2023-09-25;18286,68837865;-0,00166280;-0,01578475
2023-09-26;18204,82578484;-0,00447662;-0,02019071
2023-09-27;18148,16626251;-0,00311234;-0,02324020
2023-09-28;18139,03931638;-0,00050291;-0,02373143
2023-09-29;18105,33237651;-0,00185825;-0,02554558
2023-10-02;18069,83865986;-0,00196040;-0,02745590
2023-10-03;17995,42561862;-0,00411808;-0,03146092
2023-10-04;18003,28618906;0,00043681;-0,03103785
2023-10-05;17999,00055696;-0,00023805;-0,03126851
2023-10-06;18065,36289502;0,00368700;-0,02769680
2023-10-09;18176,04352378;0,00612668;-0,02173981
2023-10-10;18215,43811126;0,00216739;-0,01961954
2023-10-11;18248,93643857;0,00183901;-0,01781661
2023-10-12;18265,26318953;0,00089467;-0,01693788
2023-10-13;18378,75278122;0,00621341;-0,01082971
2023-10-16;18385,68505495;0,00037719;-0,01045661
2023-10-17;18388,66531904;0,00016210;-0,01029620
2023-10-18;18423,03354554;0,00186899;-0,00844646
2023-10-19;18455,32268382;0,00175265;-0,00670861
2023-10-20;18388,95255245;-0,00359626;-0,01028075
2023-10-23;18359,23446031;-0,00161608;-0,01188021
2023-10-24;18387,35515295;0,00153169;-0,01036672
2023-10-25;18383,77759828;-0,00019457;-0,01055927
2023-10-26;18330,22803416;-0,00291287;-0,01344138
2023-10-27;18382,37558489;0,00284489;-0,01063473
2023-10-30;18377,36795921;-0,00027241;-0,01090424
2023-10-31;18380,02492684;0,00014458;-0,01076124
2023-11-01;18421,16164278;0,00223812;-0,00854721
2023-11-02;18523,90034765;0,00557721;-0,00301767
2023-11-03;18559,40094276;0,00191648;-0,00110697
2023-11-06;18525,06101069;-0,00185027;-0,00295520
2023-11-07;18548,72918651;0,00127763;-0,00168134
2023-11-08;18506,14935378;-0,00229557;-0,00397305
2023-11-09;18541,55644712;0,00191326;-0,00206739
2023-11-10;18536,26566784;-0,00028535;-0,00235215
2023-11-13;18568,84923661;0,00175783;-0,00059845
2023-11-14;18661,66012475;0,00499820;0,00000000
2023-11-15;18673,54261020;0,00063673;0,00000000
2023-11-16;18728,42282600;0,00293893;0,00000000
2023-11-17;18743,24163496;0,00079125;0,00000000
2023-11-20;18763,85666852;0,00109986;0,00000000
2023-11-21;18793,57438883;0,00158377;0,00000000
2023-11-22;18811,35520219;0,00094611;0,00000000
2023-11-24;18808,16360857;-0,00016966;-0,00016966
2023-11-27;18841,48141622;0,00177145;0,00000000
2023-11-28;18902,05254179;0,00321478;0,00000000
2023-11-29;18913,28933387;0,00059447;0,00000000
2023-11-30;18901,39237744;-0,00062903;-0,00062903
2023-12-01;19012,88321760;0,00589855;0,00000000
2023-12-04;18875,82913207;-0,00720849;-0,00720849
2023-12-05;18879,65286798;0,00020257;-0,00700737
2023-12-06;18891,66396514;0,00063619;-0,00637564
2023-12-07;18929,86535826;0,00202213;-0,00436640
2023-12-08;18894,55387291;-0,00186538;-0,00622364
2023-12-11;18865,90541948;-0,00151623;-0,00773043
2023-12-12;18885,24489732;0,00102510;-0,00671325
2023-12-13;19030,61247487;0,00769742;0,00000000
2023-12-14;19055,45159625;0,00130522;0,00000000
2023-12-15;19033,11227104;-0,00117233;-0,00117233
2023-12-18;19078,00598462;0,00235872;0,00000000
2023-12-19;19113,82312567;0,00187740;0,00000000
2023-12-20;19086,71714399;-0,00141814;-0,00141814
2023-12-21;19128,73913182;0,00220164;0,00000000
2023-12-22;19149,17232461;0,00106819;0,00000000
2023-12-27;19227,38238681;0,00408425;0,00000000
2023-12-28;19218,26872465;-0,00047399;-0,00047399
2023-12-29;19205,73101935;-0,00065238;-0,00112607
2024-01-02;19143,88312006;-0,00322028;-0,00434273
2024-01-03;19028,00840763;-0,00605283;-0,01036927
2024-01-04;19021,06359347;-0,00036498;-0,01073047
2024-01-05;18997,97921201;-0,00121362;-0,01193107
2024-01-08;18992,19422192;-0,00030451;-0,01223194
2024-01-09;19025,97414901;0,00177862;-0,01047507
2024-01-10;19035,25908684;0,00048801;-0,00999217
2024-01-11;19046,75002886;0,00060367;-0,00939454
2024-01-12;19148,26036649;0,00532954;-0,00411507
2024-01-16;19096,55101164;-0,00270047;-0,00680443
2024-01-17;18962,74232986;-0,00700696;-0,01376371
2024-01-18;19079,39392415;0,00615162;-0,00769676
2024-01-19;19172,78193505;0,00489471;-0,00283972
2024-01-22;19185,96804793;0,00068775;-0,00215392
2024-01-23;19224,84957843;0,00202656;-0,00013173
2024-01-24;19200,20966346;-0,00128167;-0,00141323
2024-01-25;19248,45754825;0,00251288;0,00000000
2024-01-26;19226,80915166;-0,00112468;-0,00112468
2024-01-29;19306,41735387;0,00414048;0,00000000
2024-01-30;19329,85242820;0,00121385;0,00000000
2024-01-31;19247,64794493;-0,00425272;-0,00425272
2024-02-01;19337,30608801;0,00465814;0,00000000
2024-02-02;19350,22715770;0,00066819;0,00000000
2024-02-05;19332,81850481;-0,00089966;-0,00089966
2024-02-06;19365,33445640;0,00168190;0,00000000
2024-02-07;19396,50523468;0,00160962;0,00000000
2024-02-08;19402,94234804;0,00033187;0,00000000
2024-02-09;19410,64299169;0,00039688;0,00000000
2024-02-12;19415,33464823;0,00024171;0,00000000
2024-02-13;19219,09644683;-0,01010738;-0,01010738
2024-02-14;19260,56632595;0,00215774;-0,00797145
2024-02-15;19336,79741417;0,00395788;-0,00404511
2024-02-16;19368,95518742;0,00166304;-0,00238881
2024-02-20;19343,50517697;-0,00131396;-0,00369963
2024-02-21;19332,24732442;-0,00058200;-0,00427947
2024-02-22;19461,96390851;0,00670986;0,00000000
2024-02-23;19508,74757011;0,00240385;0,00000000
2024-02-26;19488,38158753;-0,00104394;-0,00104394
2024-02-27;19474,61805834;-0,00070624;-0,00174945
2024-02-28;19486,75928942;0,00062344;-0,00112710
2024-02-29;19549,32312867;0,00321058;0,00000000
2024-03-01;19766,89832009;0,01112955;0,00000000
2024-03-04;19888,89666489;0,00617185;0,00000000
2024-03-05;19836,70967600;-0,00262393;-0,00262393
2024-03-06;19941,49021726;0,00528215;0,00000000
2024-03-07;20045,26368978;0,00520390;0,00000000
2024-03-08;20058,58487773;0,00066456;0,00000000
2024-03-11;20047,81519144;-0,00053691;-0,00053691
2024-03-12;20058,23535817;0,00051977;-0,00001742
2024-03-13;20092,41514145;0,00170403;0,00000000
2024-03-14;20055,95937697;-0,00181440;-0,00181440
2024-03-15;19972,55474103;-0,00415860;-0,00596546
2024-03-18;20031,69765379;0,00296121;-0,00302191
2024-03-19;20042,87014994;0,00055774;-0,00246586
2024-03-20;20177,23958997;0,00670410;0,00000000
2024-03-21;20257,27314652;0,00396653;0,00000000
2024-03-22;20194,60564803;-0,00309358;-0,00309358
2024-03-25;20184,51365467;-0,00049974;-0,00359177
2024-03-26;20215,62625296;0,00154141;-0,00205590
2024-03-27;20283,29898831;0,00334755;0,00000000
2024-03-28;20397,60686121;0,00563557;0,00000000
2024-04-02;20568,48707902;0,00837746;0,00000000
2024-04-03;20656,57341556;0,00428259;0,00000000
2024-04-04;20578,21860067;-0,00379321;-0,00379321
2024-04-05;20721,14511802;0,00694552;0,00000000
2024-04-08;20781,14540739;0,00289561;0,00000000
2024-04-09;20811,05362563;0,00143920;0,00000000
2024-04-10;20711,60986925;-0,00477841;-0,00477841
2024-04-11;20935,99837174;0,01083395;0,00000000
2024-04-12;20797,33357754;-0,00662327;-0,00662327
2024-04-15;20899,54249927;0,00491452;-0,00174130
2024-04-16;20847,19551363;-0,00250470;-0,00424163
2024-04-17;20724,82789692;-0,00586974;-0,01008648
2024-04-18;20741,53010967;0,00080590;-0,00928870
2024-04-19;20699,67494690;-0,00201794;-0,01128790
2024-04-22;20528,39658192;-0,00827445;-0,01946894
2024-04-23;20571,91010704;0,00211967;-0,01739054
2024-04-24;20574,79506533;0,00014024;-0,01725274
2024-04-25;20556,54795612;-0,00088687;-0,01812430
2024-04-26;20689,16251909;0,00645121;-0,01179002
2024-04-29;20666,91738665;-0,00107521;-0,01285255
2024-04-30;20426,95544419;-0,01161092;-0,02431424
2024-05-01;20444,07172002;0,00083793;-0,02349669
2024-05-02;20467,37272465;0,00113974;-0,02238373
2024-05-03;20565,15871502;0,00477765;-0,01771302
2024-05-07;20689,00003596;0,00602190;-0,01179778
2024-05-08;20685,76664730;-0,00015629;-0,01195222
2024-05-09;20812,01142769;0,00610298;-0,00592219
2024-05-10;20887,79864366;0,00364151;-0,00230224
2024-05-13;20809,59274746;-0,00374409;-0,00603772
2024-05-14;20882,32234217;0,00349500;-0,00256382
2024-05-15;21045,70911168;0,00782417;0,00000000
2024-05-16;21032,39212748;-0,00063276;-0,00063276
2024-05-17;21117,94287652;0,00406757;0,00000000
2024-05-20;21195,69685561;0,00368189;0,00000000
2024-05-21;21171,69387073;-0,00113245;-0,00113245
2024-05-22;21033,79994000;-0,00651313;-0,00763820
2024-05-23;20871,34035766;-0,00772374;-0,01530294
2024-05-24;20881,95006667;0,00050834;-0,01480238
2024-05-28;20951,53042909;0,00333208;-0,01151962
2024-05-29;20853,28969917;-0,00468895;-0,01615456
2024-05-30;20806,26381672;-0,00225508;-0,01837321
2024-05-31;20750,35497553;-0,00268712;-0,02101096
2024-06-03;20847,28249072;0,00467113;-0,01643798
2024-06-04;20763,86822477;-0,00400121;-0,02037341
2024-06-05;20985,89953151;0,01069316;-0,00989811
2024-06-06;21066,97112656;0,00386315;-0,00607320
2024-06-07;20828,94380013;-0,01129860;-0,01730318
2024-06-10;20884,19250761;0,00265250;-0,01469658
2024-06-11;20926,06597307;0,00200503;-0,01272102
2024-06-12;21047,50910660;0,00580344;-0,00699141
2024-06-13;20985,81193111;-0,00293133;-0,00990224
2024-06-14;21113,20015852;0,00607021;-0,00389214
2024-06-17;21121,95148133;0,00041450;-0,00347926
2024-06-18;21211,07945740;0,00421968;0,00000000
2024-06-20;21320,43841371;0,00515575;0,00000000
2024-06-21;21174,69966732;-0,00683564;-0,00683564
2024-06-24;21166,32707127;-0,00039541;-0,00722834
2024-06-25;21152,17482882;-0,00066862;-0,00789213
2024-06-26;21094,67544266;-0,00271837;-0,01058904
2024-06-27;21181,62670275;0,00412195;-0,00651073
2024-06-28;21224,06367558;0,00200348;-0,00452030
2024-07-01;21221,26872627;-0,00013169;-0,00465139
2024-07-02;21227,43154936;0,00029041;-0,00436233
2024-07-03;21355,77454720;0,00604609;0,00000000
2024-07-05;21476,92833816;0,00567312;0,00000000
2024-07-08;21406,02006327;-0,00330160;-0,00330160
2024-07-09;21434,51920217;0,00133136;-0,00197464
2024-07-10;21502,85967834;0,00318834;0,00000000
2024-07-11;21555,92260537;0,00246771;0,00000000
2024-07-12;21595,17712140;0,00182105;0,00000000
2024-07-15;21631,58175300;0,00168578;0,00000000
2024-07-16;21783,54891286;0,00702524;0,00000000
2024-07-17;21589,61314863;-0,00890285;-0,00890285
2024-07-18;21501,17208109;-0,00409646;-0,01296285
2024-07-19;21301,53964008;-0,00928472;-0,02212722
2024-07-22;21382,17842370;0,00378558;-0,01842539
2024-07-23;21459,50052312;0,00361619;-0,01487583
2024-07-24;21206,65765778;-0,01178233;-0,02648289
2024-07-25;21056,51412496;-0,00708002;-0,03337541
2024-07-26;21185,98904129;0,00614892;-0,02743170
2024-07-29;21174,32468131;-0,00055057;-0,02796717
2024-07-30;21201,86576966;0,00130068;-0,02670286
2024-07-31;21541,63783282;0,01602557;-0,01110522
2024-08-01;21381,37755037;-0,00743956;-0,01846216
2024-08-02;21066,99644583;-0,01470350;-0,03289420
2024-08-05;20815,62869680;-0,01193183;-0,04443354
2024-08-06;20871,85291403;0,00270106;-0,04185250
2024-08-07;20939,02747693;0,00321843;-0,03876877
2024-08-08;21074,10665223;0,00645107;-0,03256780
2024-08-09;21115,59689260;0,00196878;-0,03066314
2024-08-12;21249,50725694;0,00634177;-0,02451582
2024-08-13;21354,04846576;0,00491970;-0,01971673
2024-08-14;21378,62631246;0,00115097;-0,01858846
2024-08-15;21551,43895514;0,00808343;-0,01065529
2024-08-16;21680,27543116;0,00597809;-0,00474089
2024-08-19;21727,75452831;0,00218997;-0,00256131
2024-08-20;21728,94518301;0,00005480;-0,00250665
2024-08-21;21735,72511096;0,00031202;-0,00219541
2024-08-22;21599,52562885;-0,00626616;-0,00844781
2024-08-23;21685,80417636;0,00399446;-0,00448709
2024-08-27;21681,55500887;-0,00019594;-0,00468215
2024-08-28;21601,08295260;-0,00371154;-0,00837632
2024-08-29;21696,75744808;0,00442915;-0,00398427
2024-08-30;21656,54309735;-0,00185347;-0,00583035
2024-09-03;21523,25575035;-0,00615460;-0,01194907
2024-09-04;21423,74715538;-0,00462331;-0,01651713
2024-09-05;21417,78633800;-0,00027823;-0,01679077
2024-09-06;21227,77358097;-0,00887173;-0,02551353
2024-09-09;21382,44712759;0,00728638;-0,01841306
2024-09-10;21449,20839738;0,00312225;-0,01534830
2024-09-11;21476,28372938;0,00126230;-0,01410538
2024-09-12;21734,88233704;0,01204112;-0,00223410
2024-09-13;21863,13041631;0,00590056;0,00000000
2024-09-16;21808,84713467;-0,00248287;-0,00248287
2024-09-17;21842,47247807;0,00154182;-0,00094488
2024-09-18;21711,92455099;-0,00597679;-0,00691602
2024-09-19;21955,03000866;0,01119686;0,00000000
2024-09-20;21970,56329873;0,00070750;0,00000000
2024-09-23;21981,88378322;0,00051526;0,00000000
2024-09-24;22088,27636088;0,00484001;0,00000000
2024-09-25;22108,44046317;0,00091289;0,00000000
2024-09-26;22162,90491350;0,00246351;0,00000000
2024-09-27;22125,19531875;-0,00170147;-0,00170147
2024-09-30;22041,41867381;-0,00378648;-0,00548151
2024-10-01;22095,07635241;0,00243440;-0,00306045
2024-10-02;22128,04569094;0,00149216;-0,00157286
2024-10-03;22162,65491176;0,00156404;-0,00001128
2024-10-04;22190,55100973;0,00125870;0,00000000
2024-10-07;22163,75193400;-0,00120768;-0,00120768
2024-10-08;22156,32566695;-0,00033506;-0,00154234
2024-10-09;22175,45754280;0,00086349;-0,00068018
2024-10-10;22243,17688743;0,00305380;0,00000000
2024-10-11;22345,90668942;0,00461849;0,00000000
2024-10-14;22399,97504706;0,00241961;0,00000000
2024-10-15;22337,17819515;-0,00280343;-0,00280343
2024-10-16;22398,91391975;0,00276381;-0,00004737
2024-10-17;22477,11341290;0,00349122;0,00000000
2024-10-18;22569,52529602;0,00411138;0,00000000
2024-10-21;22578,06351194;0,00037831;0,00000000
2024-10-22;22662,81979773;0,00375392;0,00000000
2024-10-23;22502,09522277;-0,00709199;-0,00709199
2024-10-24;22571,87824362;0,00310118;-0,00401281
2024-10-25;22623,83775948;0,00230196;-0,00172009
2024-10-28;22617,99768631;-0,00025814;-0,00197778
2024-10-29;22747,55034568;0,00572786;0,00000000
2024-10-30;22741,20253554;-0,00027905;-0,00027905
2024-10-31;22484,60966963;-0,01128317;-0,01155908
2024-11-01;22478,52650240;-0,00027055;-0,01182650
2024-11-04;22471,25880985;-0,00032332;-0,01214599
2024-11-05;22522,59904802;0,00228471;-0,00988903
2024-11-06;22465,95735115;-0,00251488;-0,01237905
2024-11-07;22620,34510232;0,00687208;-0,00559204
2024-11-08;22594,34929714;-0,00114922;-0,00673484
2024-11-11;22464,10138823;-0,00576462;-0,01246064
2024-11-12;22421,60311256;-0,00189183;-0,01432889
2024-11-13;22364,43425594;-0,00254972;-0,01684208
2024-11-14;22342,62771578;-0,00097505;-0,01780071
2024-11-15;22249,85582263;-0,00415224;-0,02187904
2024-11-18;22383,06204774;0,00598684;-0,01602319
2024-11-19;22448,40271535;0,00291920;-0,01315076
2024-11-20;22473,62422308;0,00112353;-0,01204201
2024-11-21;22594,51207108;0,00537910;-0,00672768
2024-11-22;22712,69068371;0,00523041;-0,00153246
2024-11-25;22537,85359013;-0,00769777;-0,00921843
2024-11-26;22564,27419558;0,00117228;-0,00805696
2024-11-27;22511,98617632;-0,00231729;-0,01035558
2024-11-29;22608,23373717;0,00427539;-0,00612447
2024-12-02;22598,76327898;-0,00041889;-0,00654080
2024-12-03;22625,01916064;0,00116183;-0,00538657
2024-12-04;22705,26421087;0,00354674;-0,00185893
2024-12-05;22635,39748738;-0,00307712;-0,00493033
2024-12-06;22654,27930359;0,00083417;-0,00410027
2024-12-09;22690,45834430;0,00159701;-0,00250981
2024-12-10;22742,43513836;0,00229069;-0,00022487
2024-12-11;22873,41284730;0,00575918;0,00000000
2024-12-12;22755,85250614;-0,00513961;-0,00513961
2024-12-13;22682,05093049;-0,00324319;-0,00836613
2024-12-16;22717,57637751;0,00156624;-0,00681300
2024-12-17;22660,96802276;-0,00249183;-0,00928785
2024-12-18;22421,43292763;-0,01057038;-0,01976006
2024-12-19;22384,98893959;-0,00162541;-0,02135335
2024-12-20;22519,41489985;0,00600518;-0,01547639
2024-12-23;22521,69815025;0,00010139;-0,01537657
2024-12-24;22590,13636294;0,00303877;-0,01238453
2024-12-27;22544,42153054;-0,00202366;-0,01438313
2024-12-30;22469,45389450;-0,00332533;-0,01766063
2024-12-31;22500,47613577;0,00138064;-0,01630438
2025-01-02;22630,96629097;0,00579944;-0,01059949
2025-01-03;22610,09781061;-0,00092212;-0,01151184
2025-01-06;22656,00294070;0,00203029;-0,00950492
2025-01-07;22623,93398888;-0,00141547;-0,01090694
2025-01-08;22676,65612558;0,00233037;-0,00860198
2025-01-10;22685,04727724;0,00037003;-0,00823513
2025-01-13;22600,13314510;-0,00374318;-0,01194748
2025-01-14;22655,41229180;0,00244597;-0,00953074
2025-01-15;22785,89018123;0,00575924;-0,00382639
2025-01-16;22827,16106619;0,00181125;-0,00202208
2025-01-17;22873,46626489;0,00202851;0,00000000
2025-01-21;22971,09617272;0,00426826;0,00000000
2025-01-22;23083,84031686;0,00490809;0,00000000
2025-01-23;23076,04110319;-0,00033786;-0,00033786
2025-01-24;23074,80849587;-0,00005342;-0,00039126
2025-01-27;22844,54960264;-0,00997880;-0,01036616
2025-01-28;22982,90061307;0,00605619;-0,00437274
2025-01-29;22953,87112828;-0,00126309;-0,00563031
2025-01-30;23056,11289984;0,00445423;-0,00120116
2025-01-31;23092,93078086;0,00159688;0,00000000
2025-02-03;23046,00891742;-0,00203187;-0,00203187
2025-02-04;23205,86014182;0,00693618;0,00000000
2025-02-05;23316,52984929;0,00476904;0,00000000
2025-02-06;23351,06475776;0,00148113;0,00000000
2025-02-07;23328,53021332;-0,00096503;-0,00096503
2025-02-10;23582,12679507;0,01087066;0,00000000
2025-02-11;23538,59898364;-0,00184580;-0,00184580
2025-02-12;23525,53613539;-0,00055495;-0,00239973
2025-02-13;23695,33525869;0,00721765;0,00000000
2025-02-14;23534,29942445;-0,00679610;-0,00679610
2025-02-18;23757,62800427;0,00948949;0,00000000
2025-02-19;23774,53738667;0,00071175;0,00000000
2025-02-20;23737,14170370;-0,00157293;-0,00157293
2025-02-21;23623,92397532;-0,00476964;-0,00633507
2025-02-24;23597,45262006;-0,00112053;-0,00744851
2025-02-25;23358,52909941;-0,01012497;-0,01749806
2025-02-26;23449,19993221;0,00388170;-0,01368428
2025-02-27;23141,81301418;-0,01310863;-0,02661353
2025-02-28;23092,88313517;-0,00211435;-0,02867161
2025-03-03;23140,39250594;0,00205732;-0,02667328
2025-03-04;23080,53176490;-0,00258685;-0,02919113
2025-03-05;23112,04221148;0,00136524;-0,02786574
2025-03-06;23043,43751071;-0,00296835;-0,03075138
2025-03-07;23011,28955794;-0,00139510;-0,03210358
2025-03-10;22847,29622176;-0,00712665;-0,03900144
2025-03-11;22856,75839822;0,00041415;-0,03860344
2025-03-12;22937,39811462;0,00352805;-0,03521159
2025-03-13;22981,33141701;0,00191536;-0,03336368
2025-03-14;23097,92337955;0,00507333;-0,02845961
2025-03-17;23159,28563768;0,00265661;-0,02587860
2025-03-18;23195,42211093;0,00156034;-0,02435863
2025-03-19;23274,60964470;0,00341393;-0,02102786
2025-03-20;23254,98893912;-0,00084301;-0,02185315
2025-03-21;23203,27719666;-0,00222368;-0,02402824
2025-03-24;23262,39876627;0,00254798;-0,02154148
2025-03-25;23302,52955334;0,00172514;-0,01985350
2025-03-26;23242,66084396;-0,00256919;-0,02237169
2025-03-27;23282,82825147;0,00172818;-0,02068217
2025-03-28;23232,11665879;-0,00217807;-0,02281520
2025-03-31;23306,77263732;0,00321348;-0,01967503
2025-04-01;23351,89665193;0,00193609;-0,01777703
2025-04-02;23388,97671397;0,00158788;-0,01621738
2025-04-03;22732,39035866;-0,02807247;-0,04383459
2025-04-04;22039,66516214;-0,03047305;-0,07297186
2025-04-07;21766,46632156;-0,01239578;-0,08446310
2025-04-08;21977,38902781;0,00969026;-0,07559131
2025-04-09;22321,99000046;0,01567980;-0,06109677
2025-04-10;22621,61051119;0,01342266;-0,04849419
2025-04-11;22779,01102615;0,00695797;-0,04187364
2025-04-14;22940,07239218;0,00707060;-0,03509911
2025-04-15;22999,42146998;0,00258714;-0,03260278
2025-04-16;23045,85538909;0,00201892;-0,03064968
2025-04-17;22907,21294016;-0,00601594;-0,03648123
2025-04-22;22950,17762294;0,00187560;-0,03467406
2025-04-23;23106,85811835;0,00682698;-0,02808380
2025-04-24;23378,01690928;0,01173499;-0,01667837
2025-04-25;23393,89818599;0,00067933;-0,01601037
2025-04-28;23462,37380539;0,00292707;-0,01313016
2025-04-29;23454,25527414;-0,00034602;-0,01347164
2025-04-30;23436,57897401;-0,00075365;-0,01421514
2025-05-01;23537,26997935;0,00429632;-0,00997990
2025-05-02;23610,99458882;0,00313225;-0,00687891
2025-05-06;23949,27931107;0,01432742;0,00000000
2025-05-07;23853,04193237;-0,00401838;-0,00401838
2025-05-08;23782,05824726;-0,00297588;-0,00698230
2025-05-09;23825,36363191;0,00182093;-0,00517409
2025-05-12;23824,33112893;-0,00004334;-0,00521720
2025-05-13;23933,26480103;0,00457237;-0,00066868
2025-05-14;23797,77141223;-0,00566130;-0,00632620
2025-05-15;23917,16839788;0,00501715;-0,00134079
2025-05-16;23868,91103603;-0,00201769;-0,00335577
2025-05-19;23933,63125179;0,00271149;-0,00065338
2025-05-20;24064,19617356;0,00545529;0,00000000
2025-05-21;24049,93755183;-0,00059252;-0,00059252
2025-05-22;23949,02426597;-0,00419599;-0,00478603
2025-05-23;24034,16300088;0,00355500;-0,00124804
2025-05-27;24029,09976336;-0,00021067;-0,00145845
2025-05-28;24010,41454557;-0,00077761;-0,00223492
2025-05-29;24052,94775968;0,00177145;-0,00046743
2025-05-30;24006,98294230;-0,00191098;-0,00237753
2025-06-02;24194,03670809;0,00779164;0,00000000
2025-06-03;24211,61287692;0,00072647;0,00000000
2025-06-04;24257,82203719;0,00190855;0,00000000
2025-06-05;24220,79734397;-0,00152630;-0,00152630
2025-06-06;24175,73349344;-0,00186054;-0,00338400
2025-06-09;24214,28401339;0,00159460;-0,00179480
2025-06-10;24244,24684675;0,00123740;-0,00055962
2025-06-11;24286,60674535;0,00174721;0,00000000
2025-06-12;24370,90042071;0,00347079;0,00000000
2025-06-13;24409,43933294;0,00158135;0,00000000
2025-06-16;24370,42822451;-0,00159820;-0,00159820
2025-06-17;24351,62587307;-0,00077152;-0,00236849
2025-06-18;24332,33220425;-0,00079229;-0,00315891
2025-06-20;24297,99259908;-0,00141127;-0,00456572
2025-06-23;24339,36623337;0,00170276;-0,00287074
2025-06-24;24308,56894487;-0,00126533;-0,00413243
2025-06-25;24345,96926219;0,00153857;-0,00260023
2025-06-26;24353,16887038;0,00029572;-0,00230527
2025-06-27;24276,73475611;-0,00313857;-0,00543661
2025-06-30;24378,48872439;0,00419142;-0,00126798
2025-07-01;24414,41097617;0,00147352;0,00000000
2025-07-02;24574,72729123;0,00656646;0,00000000
2025-07-03;24575,04082243;0,00001276;0,00000000
2025-07-07;24528,82866072;-0,00188045;-0,00188045
2025-07-08;24445,67843708;-0,00338990;-0,00526397
2025-07-09;24529,62043934;0,00343382;-0,00184823
2025-07-10;24572,65047410;0,00175421;-0,00009727
2025-07-11;24668,65618732;0,00390701;0,00000000
2025-07-14;24640,48489117;-0,00114199;-0,00114199
2025-07-15;24643,22051407;0,00011102;-0,00103109
2025-07-16;24661,93239466;0,00075931;-0,00027256
2025-07-17;24738,38545558;0,00310004;0,00000000
2025-07-18;24767,13198585;0,00116202;0,00000000
2025-07-21;24956,24713749;0,00763573;0,00000000
2025-07-22;25007,69898855;0,00206168;0,00000000
2025-07-23;24905,01766365;-0,00410599;-0,00410599
2025-07-24;24891,16441560;-0,00055624;-0,00465995
2025-07-25;24816,54200739;-0,00299795;-0,00764393
2025-07-28;24784,93429703;-0,00127365;-0,00890784
2025-07-29;24822,24430035;0,00150535;-0,00741590
2025-07-30;24652,70208575;-0,00683025;-0,01419550
2025-07-31;24707,93636034;0,00224050;-0,01198681
2025-08-01;24747,38606756;0,00159664;-0,01040931
2025-08-04;24921,04988624;0,00701746;-0,00346490
2025-08-05;24879,66698976;-0,00166056;-0,00511970
2025-08-06;24934,41583239;0,00220055;-0,00293042
2025-08-07;24975,45115547;0,00164573;-0,00128952
2025-08-08;25032,06038711;0,00226659;0,00000000
2025-08-11;24927,78483676;-0,00416568;-0,00416568
2025-08-12;24985,14437132;0,00230103;-0,00187424
2025-08-13;25008,10465587;0,00091896;-0,00095700
2025-08-14;24964,09100678;-0,00175998;-0,00271529
2025-08-15;24938,30904358;-0,00103276;-0,00374525
2025-08-18;24946,08071131;0,00031164;-0,00343478
2025-08-19;24838,70658178;-0,00430425;-0,00772425
2025-08-20;24861,68035586;0,00092492;-0,00680647
2025-08-21;24837,28128526;-0,00098139;-0,00778119
2025-08-22;24993,77885216;0,00630091;-0,00152930
2025-08-26;25014,76838812;0,00083979;-0,00069079
2025-08-27;25074,97476588;0,00240683;0,00000000
2025-08-28;25152,08625298;0,00307524;0,00000000
2025-08-29;25133,67151664;-0,00073214;-0,00073214
2025-09-02;25239,18976599;0,00419828;0,00000000
2025-09-03;25340,12752657;0,00399925;0,00000000
2025-09-04;25363,71167848;0,00093070;0,00000000
2025-09-05;25429,86504592;0,00260819;0,00000000
2025-09-08;25571,54114038;0,00557125;0,00000000
2025-09-09;25561,67123259;-0,00038597;-0,00038597
2025-09-10;25682,37342226;0,00472200;0,00000000
2025-09-11;25716,95352734;0,00134645;0,00000000
2025-09-12;25731,05160099;0,00054820;0,00000000
2025-09-15;25853,97055902;0,00477707;0,00000000
2025-09-16;25830,07991603;-0,00092406;-0,00092406
2025-09-17;25752,58059393;-0,00300035;-0,00392164
2025-09-18;25864,30180652;0,00433825;0,00000000
2025-09-19;26002,88271000;0,00535800;0,00000000
2025-09-22;26209,94482636;0,00796304;0,00000000
2025-09-23;26210,35728993;0,00001574;0,00000000
2025-09-24;26109,34992731;-0,00385372;-0,00385372
2025-09-25;26136,17250173;0,00102732;-0,00283036
2025-09-26;26183,28035382;0,00180240;-0,00103306
2025-09-29;26352,03479650;0,00644512;0,00000000
2025-09-30;26426,81838810;0,00283787;0,00000000
2025-10-01;26507,57321876;0,00305579;0,00000000
2025-10-02;26567,74713171;0,00227006;0,00000000
2025-10-03;26599,26409135;0,00118629;0,00000000
2025-10-06;26822,82181373;0,00840466;0,00000000
2025-10-07;26788,22491141;-0,00128983;-0,00128983
2025-10-08;27093,93013512;0,01141193;0,00000000
2025-10-09;26969,18139346;-0,00460431;-0,00460431
2025-10-10;26577,27742471;-0,01453155;-0,01906895
2025-10-13;26982,12742805;0,01523294;-0,00412649
2025-10-14;26928,14902963;-0,00200052;-0,00611875
2025-10-15;27151,09208273;0,00827918;0,00000000
2025-10-16;27320,61003771;0,00624350;0,00000000
2025-10-17;27145,97125840;-0,00639220;-0,00639220
2025-10-20;27602,48456173;0,01681698;0,00000000
2025-10-21;27140,26117002;-0,01674572;-0,01674572
2025-10-22;27020,90178903;-0,00439787;-0,02106994
2025-10-23;27198,12432885;0,00655872;-0,01464941
2025-10-24;29342,10580406;0,07882828;0,00000000
2025-10-27;27374,48666409;-0,06705787;-0,06705787
2025-10-28;27460,18069599;0,00313043;-0,06413736
2025-10-29;27532,89547657;0,00264801;-0,06165918
2025-10-30;27555,53781154;0,00082237;-0,06088752
2025-10-31;27512,33532350;-0,00156783;-0,06235989
2025-11-03;27565,46310207;0,00193105;-0,06054926
2025-11-04;27185,07662339;-0,01379939;-0,07351310
2025-11-05;27309,82406213;0,00458882;-0,06926162
2025-11-06;27040,98384603;-0,00984408;-0,07842389
2025-11-07;26978,29709403;-0,00231821;-0,08056030
2025-11-10;27516,03910810;0,01993239;-0,06223366
2025-11-11;27503,93567409;-0,00043987;-0,06264616
2025-11-12;27705,71720190;0,00733646;-0,05576930
2025-11-13;27336,67203750;-0,01332018;-0,06834662
2025-11-14;27232,19164530;-0,00382199;-0,07190739
2025-11-17;26965,61979945;-0,00978885;-0,08099235
2025-11-18;26807,72709413;-0,00585533;-0,08637344
2025-11-19;26901,53407307;0,00349925;-0,08317643
2025-11-20;26652,77885532;-0,00924688;-0,09165419
2025-11-21;26594,00961380;-0,00220499;-0,09365709
2025-11-24;26998,90780606;0,01522517;-0,07985787
2025-11-25;27021,99111767;0,00085497;-0,07907117
2025-11-26;27250,55125848;0,00845830;-0,07128168
2025-11-28;27436,32490033;0,00681724;-0,06495038
2025-12-01;27478,66587695;0,00154325;-0,06350737
2025-12-02;27524,34551332;0,00166237;-0,06195057
2025-12-03;27503,01137775;-0,00077510;-0,06267766
2025-12-04;27544,22113118;0,00149837;-0,06127320
2025-12-05;27614,89925745;0,00256599;-0,05886444
2025-12-08;27646,51631967;0,00114493;-0,05778691
2025-12-09;27720,22112543;0,00266597;-0,05527499
2025-12-10;27774,22490904;0,00194817;-0,05343450
2025-12-11;27804,18544022;0,00107872;-0,05241343
2025-12-12;27593,38428995;-0,00758163;-0,05959768
2025-12-15;27528,34975493;-0,00235689;-0,06181411
2025-12-16;27492,14690147;-0,00131511;-0,06304793
2025-12-17;27357,64106363;-0,00489252;-0,06763198
2025-12-18;27520,39877823;0,00594926;-0,06208508
2025-12-19;27729,43355902;0,00759563;-0,05496103
2025-12-22;27947,04414861;0,00784764;-0,04754470
2025-12-23;28101,74139407;0,00553537;-0,04227251
2025-12-24;28088,00285652;-0,00048889;-0,04274073
2025-12-29;27810,00269159;-0,00989747;-0,05221517
2025-12-30;27813,89922122;0,00014011;-0,05208238
2025-12-31;27671,21053663;-0,00513012;-0,05694531
2026-01-02;27698,56193748;0,00098844;-0,05601315
2026-01-05;28131,30507419;0,01562331;-0,04126496
2026-01-06;28349,37345135;0,00775180;-0,03383303
2026-01-07;28229,24419011;-0,00423746;-0,03792712
2026-01-08;28257,72747139;0,00100900;-0,03695639
2026-01-09;28452,06743865;0,00687741;-0,03033315
2026-01-12;28742,93076230;0,01022292;-0,02042031
2026-01-13;28720,46336703;-0,00078167;-0,02118602
2026-01-14;28804,14598183;0,00291369;-0,01833406
2026-01-15;28791,60658909;-0,00043533;-0,01876141
2026-01-16;28707,08269358;-0,00293571;-0,02164204
2026-01-20;29117,17232928;0,01428531;-0,00766589
2026-01-21;29396,64946099;0,00959836;0,00000000
2026-01-22;29748,41997147;0,01196635;0,00000000
2026-01-23;29935,91559362;0,00630271;0,00000000
2026-01-26;30189,88682918;0,00848383;0,00000000
2026-01-27;30646,21776743;0,01511536;0,00000000
2026-01-28;31322,36974430;0,02206315;0,00000000
2026-01-29;31285,27632643;-0,00118425;-0,00118425
2026-01-30;29423,29298324;-0,05951628;-0,06063005
2026-02-02;28861,25657354;-0,01910175;-0,07857366
2026-02-03;29221,41780221;0,01247906;-0,06707513
2026-02-04;29121,49923506;-0,00341936;-0,07026513
2026-02-05;28848,63120727;-0,00936999;-0,07897674
2026-02-06;29242,35393491;0,01364788;-0,06640672
2026-02-09;29537,03804989;0,01007730;-0,05699862
2026-02-10;29454,42437394;-0,00279695;-0,05963614
2026-02-11;29548,82983147;0,00320514;-0,05662215
2026-02-12;29139,89195302;-0,01383939;-0,06967793
2026-02-13;29338,19176094;0,00680510;-0,06334699
2026-02-17;29108,82667432;-0,00781797;-0,07066972
2026-02-18;29359,38376645;0,00860760;-0,06267042
2026-02-19;29376,49019714;0,00058266;-0,06212428
2026-02-20;29555,52429322;0,00609447;-0,05640842
2026-02-23;29692,67518722;0,00464045;-0,05202973
2026-02-24;29624,27611346;-0,00230357;-0,05421345
2026-02-25;29709,11426570;0,00286381;-0,05150490
2026-02-26;29729,80376792;0,00069640;-0,05084436
2026-02-27;29800,87592482;0,00239060;-0,04857531
2026-03-02;29918,20989276;0,00393727;-0,04482930
2026-03-03;29420,87280916;-0,01662322;-0,06070731
2026-03-04;29620,69580288;0,00679188;-0,05432775
2026-03-05;29492,59058530;-0,00432486;-0,05841765
2026-03-09;29425,06941663;-0,00228943;-0,06057333
2026-03-10;29612,07894677;0,00635545;-0,05460285
2026-03-11;29557,08644360;-0,00185710;-0,05635855
2026-03-12;29313,23297840;-0,00825025;-0,06414383
2026-03-13;29197,30248281;-0,00395489;-0,06784503
2026-03-16;29257,25321311;0,00205330;-0,06593104
2026-03-17;29278,39426164;0,00072259;-0,06525609
2026-03-18;28970,26593128;-0,01052409;-0,07509342
2026-03-19;28569,75124045;-0,01382503;-0,08788028
2026-03-20;28259,59416585;-0,01085613;-0,09778237
2026-03-23;28166,81879765;-0,00328297;-0,10074432
2026-03-24;28155,86494551;-0,00038889;-0,10109404
2026-03-25;28415,02811272;0,00920459;-0,09281998
2026-03-26;27993,44087352;-0,01483677;-0,10627960
2026-03-27;28062,75899287;0,00247623;-0,10406654
2026-03-30;28055,00550903;-0,00027629;-0,10431408
2026-03-31;28465,96407154;0,01464832;-0,09119379
2026-04-01;28777,15359863;0,01093199;-0,08125874
2026-04-02;28688,37120772;-0,00308517;-0,08409321
2026-04-07;28728,28739137;0,00139137;-0,08281884
2026-04-08;29037,47805701;0,01076259;-0,07294760
2026-04-09;29121,96020241;0,00290942;-0,07025042
2026-04-10;29144,21525395;0,00076420;-0,06953990
2026-04-13;29184,39940140;0,00137880;-0,06825698
2026-04-14;29470,74347517;0,00981155;-0,05911514
2026-04-15;29489,07273883;0,00062195;-0,05852996
2026-04-16;29578,44266913;0,00303061;-0,05567673
2026-04-17;29823,95840904;0,00830050;-0,04783838
2026-04-20;29740,02836043;-0,00281418;-0,05051793
2026-04-21;29540,31668755;-0,00671525;-0,05689394
2026-04-22;29728,14646536;0,00635842;-0,05089728
2026-04-23;29628,73614988;-0,00334398;-0,05407106
2026-04-24;29752,40006776;0,00417378;-0,05012295
2026-04-27;29692,81113560;-0,00200283;-0,05202539
2026-04-28;29487,36386710;-0,00691909;-0,05858452
2026-04-29;29453,18155615;-0,00115922;-0,05967582
2026-04-30;29579,64007964;0,00429354;-0,05563850
2026-05-01;29691,28736338;0,00377446;-0,05207404
2026-05-05;29747,54476647;0,00189474;-0,05027796
2026-05-06;30298,37885473;0,01851696;-0,03269200
2026-05-07;30306,80129095;0,00027798;-0,03242310
2026-05-08;30551,02972737;0,00805854;-0,02462585
2026-05-11;30681,15506988;0,00425928;-0,02047146
2026-05-12;30532,93166111;-0,00483109;-0,02520365
2026-05-13;30637,75276381;0,00343305;-0,02185713
2026-05-14;30805,66695786;0,00548063;-0,01649629
2026-05-15;30477,68840934;-0,01064670;-0,02696735
2026-05-18;30336,91030133;-0,00461905;-0,03146184
2026-05-19;30111,10931450;-0,00744311;-0,03867078
2026-05-20;30445,86137000;0,01111723;-0,02798346
2026-05-21;30507,16873674;0,00201365;-0,02602616
2026-05-22;30604,44336910;0,00318858;-0,02292056
2026-05-26;30820,13767509;0,00704781;-0,01603429
2026-05-27;30687,52876631;-0,00430267;-0,02026797
2026-05-28;30899,41065245;0,00690449;-0,01350342
2026-05-29;31154,29654025;0,00824889;-0,00536592
2026-06-01;31210,88317453;0,00181633;-0,00355933
2026-06-02;31338,45824885;0,00408752;0,00000000
2026-06-03;31163,16318413;-0,00559361;-0,00559361
2026-06-04;31159,83164641;-0,00010691;-0,00569992
2026-06-05;30363,42534472;-0,02555875;-0,03111298
2026-06-08;30464,63827374;0,00333338;-0,02788331
2026-06-09;30048,97775738;-0,01364403;-0,04114690
2026-06-10;29549,40157454;-0,01662540;-0,05708822
2026-06-11;30027,11693619;0,01616667;-0,04184447
2026-06-12;30242,27719103;0,00716553;-0,03497878
2026-06-15;30806,35746099;0,01865204;-0,01697916
2026-06-16;30668,46760698;-0,00447602;-0,02137918
2026-06-17;30463,33699876;-0,00668865;-0,02792483
2026-06-18;30667,08351764;0,00668825;-0,02142335
2026-06-22;30618,99666879;-0,00156803;-0,02295778
2026-06-23;30122,63097979;-0,01621104;-0,03879665
2026-06-24;29899,21968524;-0,00741673;-0,04592563
2026-06-25;29959,54686940;0,00201768;-0,04400061
2026-06-26;29933,62023320;-0,00086539;-0,04482792
2026-06-29;29956,46376654;0,00076314;-0,04409899
2026-06-30;30198,53934250;0,00808091;-0,03637444
