Date;value;daily_return;drawdown
2014-01-02;10000,00000000;;0,00000000
2014-01-03;10000,00000000;0,00000000;0,00000000
2014-01-06;10000,00000000;0,00000000;0,00000000
2014-01-07;10000,00000000;0,00000000;0,00000000
2014-01-08;10000,00000000;0,00000000;0,00000000
2014-01-09;10000,00000000;0,00000000;0,00000000
2014-01-10;10000,00000000;0,00000000;0,00000000
2014-01-13;10000,00000000;0,00000000;0,00000000
2014-01-14;10000,00000000;0,00000000;0,00000000
2014-01-15;10000,00000000;0,00000000;0,00000000
2014-01-16;10000,00000000;0,00000000;0,00000000
2014-01-17;10000,00000000;0,00000000;0,00000000
2014-01-21;10000,00000000;0,00000000;0,00000000
2014-01-22;10000,00000000;0,00000000;0,00000000
2014-01-23;10000,00000000;0,00000000;0,00000000
2014-01-24;10000,00000000;0,00000000;0,00000000
2014-01-27;10000,00000000;0,00000000;0,00000000
2014-01-28;10000,00000000;0,00000000;0,00000000
2014-01-29;10000,00000000;0,00000000;0,00000000
2014-01-30;10000,00000000;0,00000000;0,00000000
2014-01-31;10000,00000000;0,00000000;0,00000000
2014-02-03;10000,00000000;0,00000000;0,00000000
2014-02-04;10000,00000000;0,00000000;0,00000000
2014-02-05;10000,00000000;0,00000000;0,00000000
2014-02-06;10000,00000000;0,00000000;0,00000000
2014-02-07;10000,00000000;0,00000000;0,00000000
2014-02-10;10000,00000000;0,00000000;0,00000000
2014-02-11;10000,00000000;0,00000000;0,00000000
2014-02-12;10000,00000000;0,00000000;0,00000000
2014-02-13;10000,00000000;0,00000000;0,00000000
2014-02-14;10000,00000000;0,00000000;0,00000000
2014-02-18;10000,00000000;0,00000000;0,00000000
2014-02-19;10000,00000000;0,00000000;0,00000000
2014-02-20;10000,00000000;0,00000000;0,00000000
2014-02-21;10000,00000000;0,00000000;0,00000000
2014-02-24;10000,00000000;0,00000000;0,00000000
2014-02-25;10000,00000000;0,00000000;0,00000000
2014-02-26;10000,00000000;0,00000000;0,00000000
2014-02-27;10000,00000000;0,00000000;0,00000000
2014-02-28;10000,00000000;0,00000000;0,00000000
2014-03-03;10000,00000000;0,00000000;0,00000000
2014-03-04;10000,00000000;0,00000000;0,00000000
2014-03-05;10000,00000000;0,00000000;0,00000000
2014-03-06;10000,00000000;0,00000000;0,00000000
2014-03-07;10000,00000000;0,00000000;0,00000000
2014-03-10;10000,00000000;0,00000000;0,00000000
2014-03-11;10000,00000000;0,00000000;0,00000000
2014-03-12;10000,00000000;0,00000000;0,00000000
2014-03-13;10000,00000000;0,00000000;0,00000000
2014-03-14;10000,00000000;0,00000000;0,00000000
2014-03-17;10000,00000000;0,00000000;0,00000000
2014-03-18;10000,00000000;0,00000000;0,00000000
2014-03-19;10000,00000000;0,00000000;0,00000000
2014-03-20;10000,00000000;0,00000000;0,00000000
2014-03-21;10000,00000000;0,00000000;0,00000000
2014-03-24;10000,00000000;0,00000000;0,00000000
2014-03-25;10000,00000000;0,00000000;0,00000000
2014-03-26;10000,00000000;0,00000000;0,00000000
2014-03-27;10000,00000000;0,00000000;0,00000000
2014-03-28;10000,00000000;0,00000000;0,00000000
2014-03-31;10000,00000000;0,00000000;0,00000000
2014-04-01;10000,00000000;0,00000000;0,00000000
2014-04-02;10000,00000000;0,00000000;0,00000000
2014-04-03;10000,00000000;0,00000000;0,00000000
2014-04-04;10000,00000000;0,00000000;0,00000000
2014-04-07;10000,00000000;0,00000000;0,00000000
2014-04-08;10000,00000000;0,00000000;0,00000000
2014-04-09;10000,00000000;0,00000000;0,00000000
2014-04-10;10000,00000000;0,00000000;0,00000000
2014-04-11;10000,00000000;0,00000000;0,00000000
2014-04-14;10000,00000000;0,00000000;0,00000000
2014-04-15;10000,00000000;0,00000000;0,00000000
2014-04-16;10000,00000000;0,00000000;0,00000000
2014-04-17;10000,00000000;0,00000000;0,00000000
2014-04-22;10000,00000000;0,00000000;0,00000000
2014-04-23;10000,00000000;0,00000000;0,00000000
2014-04-24;10000,00000000;0,00000000;0,00000000
2014-04-25;10000,00000000;0,00000000;0,00000000
2014-04-28;10000,00000000;0,00000000;0,00000000
2014-04-29;10000,00000000;0,00000000;0,00000000
2014-04-30;10000,00000000;0,00000000;0,00000000
2014-05-01;10000,00000000;0,00000000;0,00000000
2014-05-02;10000,00000000;0,00000000;0,00000000
2014-05-06;10000,00000000;0,00000000;0,00000000
2014-05-07;10000,00000000;0,00000000;0,00000000
2014-05-08;10000,00000000;0,00000000;0,00000000
2014-05-09;10000,00000000;0,00000000;0,00000000
2014-05-12;10000,00000000;0,00000000;0,00000000
2014-05-13;10000,00000000;0,00000000;0,00000000
2014-05-14;10000,00000000;0,00000000;0,00000000
2014-05-15;10000,00000000;0,00000000;0,00000000
2014-05-16;10000,00000000;0,00000000;0,00000000
2014-05-19;10000,00000000;0,00000000;0,00000000
2014-05-20;10000,00000000;0,00000000;0,00000000
2014-05-21;10000,00000000;0,00000000;0,00000000
2014-05-22;10000,00000000;0,00000000;0,00000000
2014-05-23;10000,00000000;0,00000000;0,00000000
2014-05-27;10000,00000000;0,00000000;0,00000000
2014-05-28;10000,00000000;0,00000000;0,00000000
2014-05-29;10000,00000000;0,00000000;0,00000000
2014-05-30;10000,00000000;0,00000000;0,00000000
2014-06-02;10000,00000000;0,00000000;0,00000000
2014-06-03;10000,00000000;0,00000000;0,00000000
2014-06-04;10000,00000000;0,00000000;0,00000000
2014-06-05;10000,00000000;0,00000000;0,00000000
2014-06-06;10000,00000000;0,00000000;0,00000000
2014-06-09;10000,00000000;0,00000000;0,00000000
2014-06-10;10000,00000000;0,00000000;0,00000000
2014-06-11;10000,00000000;0,00000000;0,00000000
2014-06-12;10000,00000000;0,00000000;0,00000000
2014-06-13;10000,00000000;0,00000000;0,00000000
2014-06-16;10000,00000000;0,00000000;0,00000000
2014-06-17;10000,00000000;0,00000000;0,00000000
2014-06-18;10000,00000000;0,00000000;0,00000000
2014-06-19;10000,00000000;0,00000000;0,00000000
2014-06-20;10000,00000000;0,00000000;0,00000000
2014-06-23;10000,00000000;0,00000000;0,00000000
2014-06-24;10000,00000000;0,00000000;0,00000000
2014-06-25;10000,00000000;0,00000000;0,00000000
2014-06-26;10000,00000000;0,00000000;0,00000000
2014-06-27;10000,00000000;0,00000000;0,00000000
2014-06-30;10000,00000000;0,00000000;0,00000000
2014-07-01;10000,00000000;0,00000000;0,00000000
2014-07-02;10000,00000000;0,00000000;0,00000000
2014-07-03;10000,00000000;0,00000000;0,00000000
2014-07-07;10000,00000000;0,00000000;0,00000000
2014-07-08;10000,00000000;0,00000000;0,00000000
2014-07-09;10000,00000000;0,00000000;0,00000000
2014-07-10;10000,00000000;0,00000000;0,00000000
2014-07-11;10000,00000000;0,00000000;0,00000000
2014-07-14;10000,00000000;0,00000000;0,00000000
2014-07-15;10000,00000000;0,00000000;0,00000000
2014-07-16;10000,00000000;0,00000000;0,00000000
2014-07-17;10000,00000000;0,00000000;0,00000000
2014-07-18;10000,00000000;0,00000000;0,00000000
2014-07-21;10000,00000000;0,00000000;0,00000000
2014-07-22;10000,00000000;0,00000000;0,00000000
2014-07-23;10000,00000000;0,00000000;0,00000000
2014-07-24;10000,00000000;0,00000000;0,00000000
2014-07-25;10000,00000000;0,00000000;0,00000000
2014-07-28;10000,00000000;0,00000000;0,00000000
2014-07-29;10000,00000000;0,00000000;0,00000000
2014-07-30;10000,00000000;0,00000000;0,00000000
2014-07-31;10000,00000000;0,00000000;0,00000000
2014-08-01;10000,00000000;0,00000000;0,00000000
2014-08-04;10000,00000000;0,00000000;0,00000000
2014-08-05;10000,00000000;0,00000000;0,00000000
2014-08-06;10000,00000000;0,00000000;0,00000000
2014-08-07;10000,00000000;0,00000000;0,00000000
2014-08-08;10000,00000000;0,00000000;0,00000000
2014-08-11;10000,00000000;0,00000000;0,00000000
2014-08-12;10000,00000000;0,00000000;0,00000000
2014-08-13;10000,00000000;0,00000000;0,00000000
2014-08-14;10000,00000000;0,00000000;0,00000000
2014-08-15;10000,00000000;0,00000000;0,00000000
2014-08-18;10000,00000000;0,00000000;0,00000000
2014-08-19;10000,00000000;0,00000000;0,00000000
2014-08-20;10000,00000000;0,00000000;0,00000000
2014-08-21;10000,00000000;0,00000000;0,00000000
2014-08-22;10000,00000000;0,00000000;0,00000000
2014-08-26;10000,00000000;0,00000000;0,00000000
2014-08-27;10000,00000000;0,00000000;0,00000000
2014-08-28;10000,00000000;0,00000000;0,00000000
2014-08-29;10000,00000000;0,00000000;0,00000000
2014-09-02;10000,00000000;0,00000000;0,00000000
2014-09-03;10000,00000000;0,00000000;0,00000000
2014-09-04;10000,00000000;0,00000000;0,00000000
2014-09-05;10000,00000000;0,00000000;0,00000000
2014-09-08;10000,00000000;0,00000000;0,00000000
2014-09-09;10000,00000000;0,00000000;0,00000000
2014-09-10;10000,00000000;0,00000000;0,00000000
2014-09-11;10000,00000000;0,00000000;0,00000000
2014-09-12;10000,00000000;0,00000000;0,00000000
2014-09-15;10000,00000000;0,00000000;0,00000000
2014-09-16;10000,00000000;0,00000000;0,00000000
2014-09-17;10000,00000000;0,00000000;0,00000000
2014-09-18;10000,00000000;0,00000000;0,00000000
2014-09-19;10000,00000000;0,00000000;0,00000000
2014-09-22;10000,00000000;0,00000000;0,00000000
2014-09-23;10000,00000000;0,00000000;0,00000000
2014-09-24;10000,00000000;0,00000000;0,00000000
2014-09-25;10000,00000000;0,00000000;0,00000000
2014-09-26;10000,00000000;0,00000000;0,00000000
2014-09-29;10000,00000000;0,00000000;0,00000000
2014-09-30;10000,00000000;0,00000000;0,00000000
2014-10-01;10000,00000000;0,00000000;0,00000000
2014-10-02;10000,00000000;0,00000000;0,00000000
2014-10-03;10000,00000000;0,00000000;0,00000000
2014-10-06;10000,00000000;0,00000000;0,00000000
2014-10-07;10000,00000000;0,00000000;0,00000000
2014-10-08;10000,00000000;0,00000000;0,00000000
2014-10-09;10000,00000000;0,00000000;0,00000000
2014-10-10;10000,00000000;0,00000000;0,00000000
2014-10-13;10000,00000000;0,00000000;0,00000000
2014-10-14;10000,00000000;0,00000000;0,00000000
2014-10-15;10000,00000000;0,00000000;0,00000000
2014-10-16;10000,00000000;0,00000000;0,00000000
2014-10-17;10000,00000000;0,00000000;0,00000000
2014-10-20;10000,00000000;0,00000000;0,00000000
2014-10-21;10000,00000000;0,00000000;0,00000000
2014-10-22;10000,00000000;0,00000000;0,00000000
2014-10-23;10000,00000000;0,00000000;0,00000000
2014-10-24;10000,00000000;0,00000000;0,00000000
2014-10-27;10000,00000000;0,00000000;0,00000000
2014-10-28;10000,00000000;0,00000000;0,00000000
2014-10-29;10000,00000000;0,00000000;0,00000000
2014-10-30;10000,00000000;0,00000000;0,00000000
2014-10-31;10000,00000000;0,00000000;0,00000000
2014-11-03;10000,00000000;0,00000000;0,00000000
2014-11-04;10000,00000000;0,00000000;0,00000000
2014-11-05;10000,00000000;0,00000000;0,00000000
2014-11-06;10000,00000000;0,00000000;0,00000000
2014-11-07;10000,00000000;0,00000000;0,00000000
2014-11-10;10000,00000000;0,00000000;0,00000000
2014-11-11;10000,00000000;0,00000000;0,00000000
2014-11-12;10000,00000000;0,00000000;0,00000000
2014-11-13;10000,00000000;0,00000000;0,00000000
2014-11-14;10000,00000000;0,00000000;0,00000000
2014-11-17;10000,00000000;0,00000000;0,00000000
2014-11-18;10000,00000000;0,00000000;0,00000000
2014-11-19;10000,00000000;0,00000000;0,00000000
2014-11-20;10000,00000000;0,00000000;0,00000000
2014-11-21;10000,00000000;0,00000000;0,00000000
2014-11-24;10000,00000000;0,00000000;0,00000000
2014-11-25;10000,00000000;0,00000000;0,00000000
2014-11-26;10000,00000000;0,00000000;0,00000000
2014-11-28;10000,00000000;0,00000000;0,00000000
2014-12-01;10000,00000000;0,00000000;0,00000000
2014-12-02;10000,00000000;0,00000000;0,00000000
2014-12-03;10000,00000000;0,00000000;0,00000000
2014-12-04;10000,00000000;0,00000000;0,00000000
2014-12-05;10000,00000000;0,00000000;0,00000000
2014-12-08;10000,00000000;0,00000000;0,00000000
2014-12-09;10000,00000000;0,00000000;0,00000000
2014-12-10;10000,00000000;0,00000000;0,00000000
2014-12-11;10000,00000000;0,00000000;0,00000000
2014-12-12;10000,00000000;0,00000000;0,00000000
2014-12-15;10000,00000000;0,00000000;0,00000000
2014-12-16;10000,00000000;0,00000000;0,00000000
2014-12-17;10000,00000000;0,00000000;0,00000000
2014-12-18;10000,00000000;0,00000000;0,00000000
2014-12-19;10000,00000000;0,00000000;0,00000000
2014-12-22;10000,00000000;0,00000000;0,00000000
2014-12-23;10000,00000000;0,00000000;0,00000000
2014-12-24;10000,00000000;0,00000000;0,00000000
2014-12-29;10000,00000000;0,00000000;0,00000000
2014-12-30;10000,00000000;0,00000000;0,00000000
2014-12-31;10000,00000000;0,00000000;0,00000000
2015-01-02;10000,00000000;0,00000000;0,00000000
2015-01-05;10000,00000000;0,00000000;0,00000000
2015-01-06;10000,00000000;0,00000000;0,00000000
2015-01-07;10000,00000000;0,00000000;0,00000000
2015-01-08;10000,00000000;0,00000000;0,00000000
2015-01-09;10000,00000000;0,00000000;0,00000000
2015-01-12;10000,00000000;0,00000000;0,00000000
2015-01-13;10000,00000000;0,00000000;0,00000000
2015-01-14;10000,00000000;0,00000000;0,00000000
2015-01-15;10000,00000000;0,00000000;0,00000000
2015-01-16;10000,00000000;0,00000000;0,00000000
2015-01-20;10000,00000000;0,00000000;0,00000000
2015-01-21;10000,00000000;0,00000000;0,00000000
2015-01-22;10000,00000000;0,00000000;0,00000000
2015-01-23;10000,00000000;0,00000000;0,00000000
2015-01-26;10000,00000000;0,00000000;0,00000000
2015-01-27;10000,00000000;0,00000000;0,00000000
2015-01-28;10000,00000000;0,00000000;0,00000000
2015-01-29;10000,00000000;0,00000000;0,00000000
2015-01-30;10000,00000000;0,00000000;0,00000000
2015-02-02;10000,00000000;0,00000000;0,00000000
2015-02-03;10000,00000000;0,00000000;0,00000000
2015-02-04;10000,00000000;0,00000000;0,00000000
2015-02-05;10000,00000000;0,00000000;0,00000000
2015-02-06;10000,00000000;0,00000000;0,00000000
2015-02-09;10000,00000000;0,00000000;0,00000000
2015-02-10;10000,00000000;0,00000000;0,00000000
2015-02-11;10000,00000000;0,00000000;0,00000000
2015-02-12;10000,00000000;0,00000000;0,00000000
2015-02-13;10000,00000000;0,00000000;0,00000000
2015-02-17;10000,00000000;0,00000000;0,00000000
2015-02-18;10000,00000000;0,00000000;0,00000000
2015-02-19;10000,00000000;0,00000000;0,00000000
2015-02-20;10000,00000000;0,00000000;0,00000000
2015-02-23;10000,00000000;0,00000000;0,00000000
2015-02-24;10000,00000000;0,00000000;0,00000000
2015-02-25;10000,00000000;0,00000000;0,00000000
2015-02-26;10000,00000000;0,00000000;0,00000000
2015-02-27;10000,00000000;0,00000000;0,00000000
2015-03-02;10000,00000000;0,00000000;0,00000000
2015-03-03;10000,00000000;0,00000000;0,00000000
2015-03-04;10000,00000000;0,00000000;0,00000000
2015-03-05;10000,00000000;0,00000000;0,00000000
2015-03-06;10000,00000000;0,00000000;0,00000000
2015-03-09;10000,00000000;0,00000000;0,00000000
2015-03-10;10000,00000000;0,00000000;0,00000000
2015-03-11;10000,00000000;0,00000000;0,00000000
2015-03-12;10000,00000000;0,00000000;0,00000000
2015-03-13;10000,00000000;0,00000000;0,00000000
2015-03-16;10000,00000000;0,00000000;0,00000000
2015-03-17;10000,00000000;0,00000000;0,00000000
2015-03-18;10000,00000000;0,00000000;0,00000000
2015-03-19;10000,00000000;0,00000000;0,00000000
2015-03-20;10000,00000000;0,00000000;0,00000000
2015-03-23;10000,00000000;0,00000000;0,00000000
2015-03-24;10000,00000000;0,00000000;0,00000000
2015-03-25;10000,00000000;0,00000000;0,00000000
2015-03-26;10000,00000000;0,00000000;0,00000000
2015-03-27;10000,00000000;0,00000000;0,00000000
2015-03-30;10000,00000000;0,00000000;0,00000000
2015-03-31;10000,00000000;0,00000000;0,00000000
2015-04-01;10000,00000000;0,00000000;0,00000000
2015-04-02;10000,00000000;0,00000000;0,00000000
2015-04-07;10000,00000000;0,00000000;0,00000000
2015-04-08;10000,00000000;0,00000000;0,00000000
2015-04-09;10000,00000000;0,00000000;0,00000000
2015-04-10;10000,00000000;0,00000000;0,00000000
2015-04-13;10000,00000000;0,00000000;0,00000000
2015-04-14;10000,00000000;0,00000000;0,00000000
2015-04-15;10000,00000000;0,00000000;0,00000000
2015-04-16;10000,00000000;0,00000000;0,00000000
2015-04-17;10000,00000000;0,00000000;0,00000000
2015-04-20;10000,00000000;0,00000000;0,00000000
2015-04-21;10000,00000000;0,00000000;0,00000000
2015-04-22;10000,00000000;0,00000000;0,00000000
2015-04-23;10000,00000000;0,00000000;0,00000000
2015-04-24;10000,00000000;0,00000000;0,00000000
2015-04-27;10000,00000000;0,00000000;0,00000000
2015-04-28;10000,00000000;0,00000000;0,00000000
2015-04-29;10000,00000000;0,00000000;0,00000000
2015-04-30;10000,00000000;0,00000000;0,00000000
2015-05-01;10000,00000000;0,00000000;0,00000000
2015-05-05;10000,00000000;0,00000000;0,00000000
2015-05-06;10000,00000000;0,00000000;0,00000000
2015-05-07;10000,00000000;0,00000000;0,00000000
2015-05-08;10000,00000000;0,00000000;0,00000000
2015-05-11;10000,00000000;0,00000000;0,00000000
2015-05-12;10000,00000000;0,00000000;0,00000000
2015-05-13;10000,00000000;0,00000000;0,00000000
2015-05-14;10000,00000000;0,00000000;0,00000000
2015-05-15;10000,00000000;0,00000000;0,00000000
2015-05-18;10000,00000000;0,00000000;0,00000000
2015-05-19;10000,00000000;0,00000000;0,00000000
2015-05-20;10000,00000000;0,00000000;0,00000000
2015-05-21;10000,00000000;0,00000000;0,00000000
2015-05-22;10000,00000000;0,00000000;0,00000000
2015-05-26;10000,00000000;0,00000000;0,00000000
2015-05-27;10000,00000000;0,00000000;0,00000000
2015-05-28;10000,00000000;0,00000000;0,00000000
2015-05-29;10000,00000000;0,00000000;0,00000000
2015-06-01;10000,00000000;0,00000000;0,00000000
2015-06-02;10000,00000000;0,00000000;0,00000000
2015-06-03;10000,00000000;0,00000000;0,00000000
2015-06-04;10000,00000000;0,00000000;0,00000000
2015-06-05;10000,00000000;0,00000000;0,00000000
2015-06-08;10000,00000000;0,00000000;0,00000000
2015-06-09;10000,00000000;0,00000000;0,00000000
2015-06-10;10000,00000000;0,00000000;0,00000000
2015-06-11;10000,00000000;0,00000000;0,00000000
2015-06-12;10000,00000000;0,00000000;0,00000000
2015-06-15;10000,00000000;0,00000000;0,00000000
2015-06-16;10000,00000000;0,00000000;0,00000000
2015-06-17;10000,00000000;0,00000000;0,00000000
2015-06-18;10000,00000000;0,00000000;0,00000000
2015-06-19;10000,00000000;0,00000000;0,00000000
2015-06-22;10000,00000000;0,00000000;0,00000000
2015-06-23;10000,00000000;0,00000000;0,00000000
2015-06-24;10000,00000000;0,00000000;0,00000000
2015-06-25;10000,00000000;0,00000000;0,00000000
2015-06-26;10000,00000000;0,00000000;0,00000000
2015-06-29;10000,00000000;0,00000000;0,00000000
2015-06-30;10000,00000000;0,00000000;0,00000000
2015-07-01;10000,00000000;0,00000000;0,00000000
2015-07-02;10000,00000000;0,00000000;0,00000000
2015-07-06;10000,00000000;0,00000000;0,00000000
2015-07-07;10000,00000000;0,00000000;0,00000000
2015-07-08;10000,00000000;0,00000000;0,00000000
2015-07-09;10000,00000000;0,00000000;0,00000000
2015-07-10;10000,00000000;0,00000000;0,00000000
2015-07-13;10000,00000000;0,00000000;0,00000000
2015-07-14;10000,00000000;0,00000000;0,00000000
2015-07-15;10000,00000000;0,00000000;0,00000000
2015-07-16;10000,00000000;0,00000000;0,00000000
2015-07-17;10000,00000000;0,00000000;0,00000000
2015-07-20;10000,00000000;0,00000000;0,00000000
2015-07-21;10000,00000000;0,00000000;0,00000000
2015-07-22;10000,00000000;0,00000000;0,00000000
2015-07-23;10000,00000000;0,00000000;0,00000000
2015-07-24;10000,00000000;0,00000000;0,00000000
2015-07-27;10000,00000000;0,00000000;0,00000000
2015-07-28;10000,00000000;0,00000000;0,00000000
2015-07-29;10000,00000000;0,00000000;0,00000000
2015-07-30;10000,00000000;0,00000000;0,00000000
2015-07-31;10000,00000000;0,00000000;0,00000000
2015-08-03;10000,00000000;0,00000000;0,00000000
2015-08-04;10000,00000000;0,00000000;0,00000000
2015-08-05;10000,00000000;0,00000000;0,00000000
2015-08-06;10000,00000000;0,00000000;0,00000000
2015-08-07;10000,00000000;0,00000000;0,00000000
2015-08-10;10000,00000000;0,00000000;0,00000000
2015-08-11;10000,00000000;0,00000000;0,00000000
2015-08-12;10000,00000000;0,00000000;0,00000000
2015-08-13;10000,00000000;0,00000000;0,00000000
2015-08-14;10000,00000000;0,00000000;0,00000000
2015-08-17;10000,00000000;0,00000000;0,00000000
2015-08-18;10000,00000000;0,00000000;0,00000000
2015-08-19;10000,00000000;0,00000000;0,00000000
2015-08-20;10000,00000000;0,00000000;0,00000000
2015-08-21;10000,00000000;0,00000000;0,00000000
2015-08-24;10000,00000000;0,00000000;0,00000000
2015-08-25;10000,00000000;0,00000000;0,00000000
2015-08-26;10000,00000000;0,00000000;0,00000000
2015-08-27;10000,00000000;0,00000000;0,00000000
2015-08-28;10000,00000000;0,00000000;0,00000000
2015-09-01;10000,00000000;0,00000000;0,00000000
2015-09-02;10000,00000000;0,00000000;0,00000000
2015-09-03;10000,00000000;0,00000000;0,00000000
2015-09-04;10000,00000000;0,00000000;0,00000000
2015-09-08;10000,00000000;0,00000000;0,00000000
2015-09-09;10000,00000000;0,00000000;0,00000000
2015-09-10;10000,00000000;0,00000000;0,00000000
2015-09-11;10000,00000000;0,00000000;0,00000000
2015-09-14;10000,00000000;0,00000000;0,00000000
2015-09-15;10000,00000000;0,00000000;0,00000000
2015-09-16;10000,00000000;0,00000000;0,00000000
2015-09-17;10000,00000000;0,00000000;0,00000000
2015-09-18;10000,00000000;0,00000000;0,00000000
2015-09-21;10000,00000000;0,00000000;0,00000000
2015-09-22;10000,00000000;0,00000000;0,00000000
2015-09-23;10000,00000000;0,00000000;0,00000000
2015-09-24;10000,00000000;0,00000000;0,00000000
2015-09-25;10000,00000000;0,00000000;0,00000000
2015-09-28;10000,00000000;0,00000000;0,00000000
2015-09-29;10000,00000000;0,00000000;0,00000000
2015-09-30;10000,00000000;0,00000000;0,00000000
2015-10-01;10000,00000000;0,00000000;0,00000000
2015-10-02;10000,00000000;0,00000000;0,00000000
2015-10-05;10000,00000000;0,00000000;0,00000000
2015-10-06;10000,00000000;0,00000000;0,00000000
2015-10-07;10000,00000000;0,00000000;0,00000000
2015-10-08;10000,00000000;0,00000000;0,00000000
2015-10-09;10000,00000000;0,00000000;0,00000000
2015-10-12;10000,00000000;0,00000000;0,00000000
2015-10-13;10000,00000000;0,00000000;0,00000000
2015-10-14;10000,00000000;0,00000000;0,00000000
2015-10-15;10000,00000000;0,00000000;0,00000000
2015-10-16;10000,00000000;0,00000000;0,00000000
2015-10-19;10000,00000000;0,00000000;0,00000000
2015-10-20;10000,00000000;0,00000000;0,00000000
2015-10-21;10000,00000000;0,00000000;0,00000000
2015-10-22;10000,00000000;0,00000000;0,00000000
2015-10-23;10000,00000000;0,00000000;0,00000000
2015-10-26;10000,00000000;0,00000000;0,00000000
2015-10-27;10000,00000000;0,00000000;0,00000000
2015-10-28;10000,00000000;0,00000000;0,00000000
2015-10-29;10000,00000000;0,00000000;0,00000000
2015-10-30;10000,00000000;0,00000000;0,00000000
2015-11-02;10000,00000000;0,00000000;0,00000000
2015-11-03;10000,00000000;0,00000000;0,00000000
2015-11-04;10000,00000000;0,00000000;0,00000000
2015-11-05;10000,00000000;0,00000000;0,00000000
2015-11-06;10000,00000000;0,00000000;0,00000000
2015-11-09;10000,00000000;0,00000000;0,00000000
2015-11-10;10000,00000000;0,00000000;0,00000000
2015-11-11;10000,00000000;0,00000000;0,00000000
2015-11-12;10000,00000000;0,00000000;0,00000000
2015-11-13;10000,00000000;0,00000000;0,00000000
2015-11-16;10000,00000000;0,00000000;0,00000000
2015-11-17;10000,00000000;0,00000000;0,00000000
2015-11-18;10000,00000000;0,00000000;0,00000000
2015-11-19;10000,00000000;0,00000000;0,00000000
2015-11-20;10000,00000000;0,00000000;0,00000000
2015-11-23;10000,00000000;0,00000000;0,00000000
2015-11-24;10000,00000000;0,00000000;0,00000000
2015-11-25;10000,00000000;0,00000000;0,00000000
2015-11-27;10000,00000000;0,00000000;0,00000000
2015-11-30;10000,00000000;0,00000000;0,00000000
2015-12-01;10000,00000000;0,00000000;0,00000000
2015-12-02;10000,00000000;0,00000000;0,00000000
2015-12-03;10000,00000000;0,00000000;0,00000000
2015-12-04;10000,00000000;0,00000000;0,00000000
2015-12-07;10000,00000000;0,00000000;0,00000000
2015-12-08;10000,00000000;0,00000000;0,00000000
2015-12-09;10000,00000000;0,00000000;0,00000000
2015-12-10;10000,00000000;0,00000000;0,00000000
2015-12-11;10000,00000000;0,00000000;0,00000000
2015-12-14;10000,00000000;0,00000000;0,00000000
2015-12-15;10000,00000000;0,00000000;0,00000000
2015-12-16;10000,00000000;0,00000000;0,00000000
2015-12-17;10000,00000000;0,00000000;0,00000000
2015-12-18;10000,00000000;0,00000000;0,00000000
2015-12-21;10000,00000000;0,00000000;0,00000000
2015-12-22;10000,00000000;0,00000000;0,00000000
2015-12-23;10000,00000000;0,00000000;0,00000000
2015-12-24;10000,00000000;0,00000000;0,00000000
2015-12-29;10000,00000000;0,00000000;0,00000000
2015-12-30;10000,00000000;0,00000000;0,00000000
2015-12-31;10000,00000000;0,00000000;0,00000000
2016-01-04;10000,00000000;0,00000000;0,00000000
2016-01-05;10000,00000000;0,00000000;0,00000000
2016-01-06;10000,00000000;0,00000000;0,00000000
2016-01-07;10000,00000000;0,00000000;0,00000000
2016-01-08;10000,00000000;0,00000000;0,00000000
2016-01-11;10000,00000000;0,00000000;0,00000000
2016-01-12;10000,00000000;0,00000000;0,00000000
2016-01-13;10000,00000000;0,00000000;0,00000000
2016-01-14;10000,00000000;0,00000000;0,00000000
2016-01-15;10000,00000000;0,00000000;0,00000000
2016-01-19;10000,00000000;0,00000000;0,00000000
2016-01-20;10000,00000000;0,00000000;0,00000000
2016-01-21;10000,00000000;0,00000000;0,00000000
2016-01-22;10000,00000000;0,00000000;0,00000000
2016-01-25;10000,00000000;0,00000000;0,00000000
2016-01-26;10000,00000000;0,00000000;0,00000000
2016-01-27;10000,00000000;0,00000000;0,00000000
2016-01-28;10000,00000000;0,00000000;0,00000000
2016-01-29;10000,00000000;0,00000000;0,00000000
2016-02-01;10000,00000000;0,00000000;0,00000000
2016-02-02;10000,00000000;0,00000000;0,00000000
2016-02-03;10000,00000000;0,00000000;0,00000000
2016-02-04;10000,00000000;0,00000000;0,00000000
2016-02-05;10000,00000000;0,00000000;0,00000000
2016-02-08;10000,00000000;0,00000000;0,00000000
2016-02-09;10000,00000000;0,00000000;0,00000000
2016-02-10;10000,00000000;0,00000000;0,00000000
2016-02-11;10000,00000000;0,00000000;0,00000000
2016-02-12;10000,00000000;0,00000000;0,00000000
2016-02-16;10000,00000000;0,00000000;0,00000000
2016-02-17;10000,00000000;0,00000000;0,00000000
2016-02-18;10000,00000000;0,00000000;0,00000000
2016-02-19;10000,00000000;0,00000000;0,00000000
2016-02-22;10000,00000000;0,00000000;0,00000000
2016-02-23;10000,00000000;0,00000000;0,00000000
2016-02-24;10000,00000000;0,00000000;0,00000000
2016-02-25;10000,00000000;0,00000000;0,00000000
2016-02-26;10000,00000000;0,00000000;0,00000000
2016-02-29;10000,00000000;0,00000000;0,00000000
2016-03-01;10000,00000000;0,00000000;0,00000000
2016-03-02;10000,00000000;0,00000000;0,00000000
2016-03-03;10000,00000000;0,00000000;0,00000000
2016-03-04;10000,00000000;0,00000000;0,00000000
2016-03-07;10000,00000000;0,00000000;0,00000000
2016-03-08;10000,00000000;0,00000000;0,00000000
2016-03-09;10000,00000000;0,00000000;0,00000000
2016-03-10;10000,00000000;0,00000000;0,00000000
2016-03-11;10000,00000000;0,00000000;0,00000000
2016-03-14;10000,00000000;0,00000000;0,00000000
2016-03-15;10000,00000000;0,00000000;0,00000000
2016-03-16;10000,00000000;0,00000000;0,00000000
2016-03-17;10000,00000000;0,00000000;0,00000000
2016-03-18;10000,00000000;0,00000000;0,00000000
2016-03-21;10000,00000000;0,00000000;0,00000000
2016-03-22;10000,00000000;0,00000000;0,00000000
2016-03-23;10000,00000000;0,00000000;0,00000000
2016-03-24;10000,00000000;0,00000000;0,00000000
2016-03-29;10000,00000000;0,00000000;0,00000000
2016-03-30;10000,00000000;0,00000000;0,00000000
2016-03-31;10000,00000000;0,00000000;0,00000000
2016-04-01;10000,00000000;0,00000000;0,00000000
2016-04-04;10000,00000000;0,00000000;0,00000000
2016-04-05;10000,00000000;0,00000000;0,00000000
2016-04-06;10000,00000000;0,00000000;0,00000000
2016-04-07;10000,00000000;0,00000000;0,00000000
2016-04-08;10000,00000000;0,00000000;0,00000000
2016-04-11;10000,00000000;0,00000000;0,00000000
2016-04-12;10000,00000000;0,00000000;0,00000000
2016-04-13;10000,00000000;0,00000000;0,00000000
2016-04-14;10000,00000000;0,00000000;0,00000000
2016-04-15;10000,00000000;0,00000000;0,00000000
2016-04-18;10000,00000000;0,00000000;0,00000000
2016-04-19;10000,00000000;0,00000000;0,00000000
2016-04-20;10000,00000000;0,00000000;0,00000000
2016-04-21;10000,00000000;0,00000000;0,00000000
2016-04-22;10000,00000000;0,00000000;0,00000000
2016-04-25;10000,00000000;0,00000000;0,00000000
2016-04-26;10000,00000000;0,00000000;0,00000000
2016-04-27;10000,00000000;0,00000000;0,00000000
2016-04-28;10000,00000000;0,00000000;0,00000000
2016-04-29;10000,00000000;0,00000000;0,00000000
2016-05-03;10000,00000000;0,00000000;0,00000000
2016-05-04;10000,00000000;0,00000000;0,00000000
2016-05-05;10000,00000000;0,00000000;0,00000000
2016-05-06;10000,00000000;0,00000000;0,00000000
2016-05-09;10000,00000000;0,00000000;0,00000000
2016-05-10;10000,00000000;0,00000000;0,00000000
2016-05-11;10000,00000000;0,00000000;0,00000000
2016-05-12;10000,00000000;0,00000000;0,00000000
2016-05-13;10000,00000000;0,00000000;0,00000000
2016-05-16;10000,00000000;0,00000000;0,00000000
2016-05-17;10000,00000000;0,00000000;0,00000000
2016-05-18;10000,00000000;0,00000000;0,00000000
2016-05-19;10000,00000000;0,00000000;0,00000000
2016-05-20;10000,00000000;0,00000000;0,00000000
2016-05-23;10000,00000000;0,00000000;0,00000000
2016-05-24;10000,00000000;0,00000000;0,00000000
2016-05-25;10000,00000000;0,00000000;0,00000000
2016-05-26;10000,00000000;0,00000000;0,00000000
2016-05-27;10000,00000000;0,00000000;0,00000000
2016-05-31;10000,00000000;0,00000000;0,00000000
2016-06-01;10000,00000000;0,00000000;0,00000000
2016-06-02;10000,00000000;0,00000000;0,00000000
2016-06-03;10000,00000000;0,00000000;0,00000000
2016-06-06;10000,00000000;0,00000000;0,00000000
2016-06-07;10000,00000000;0,00000000;0,00000000
2016-06-08;10000,00000000;0,00000000;0,00000000
2016-06-09;10000,00000000;0,00000000;0,00000000
2016-06-10;10000,00000000;0,00000000;0,00000000
2016-06-13;10000,00000000;0,00000000;0,00000000
2016-06-14;10000,00000000;0,00000000;0,00000000
2016-06-15;10000,00000000;0,00000000;0,00000000
2016-06-16;10000,00000000;0,00000000;0,00000000
2016-06-17;10000,00000000;0,00000000;0,00000000
2016-06-20;10000,00000000;0,00000000;0,00000000
2016-06-21;10000,00000000;0,00000000;0,00000000
2016-06-22;10000,00000000;0,00000000;0,00000000
2016-06-23;10000,00000000;0,00000000;0,00000000
2016-06-24;10000,00000000;0,00000000;0,00000000
2016-06-27;10000,00000000;0,00000000;0,00000000
2016-06-28;10000,00000000;0,00000000;0,00000000
2016-06-29;10000,00000000;0,00000000;0,00000000
2016-06-30;10000,00000000;0,00000000;0,00000000
2016-07-01;10000,00000000;0,00000000;0,00000000
2016-07-05;10000,00000000;0,00000000;0,00000000
2016-07-06;10000,00000000;0,00000000;0,00000000
2016-07-07;10000,00000000;0,00000000;0,00000000
2016-07-08;10000,00000000;0,00000000;0,00000000
2016-07-11;10000,00000000;0,00000000;0,00000000
2016-07-12;10000,00000000;0,00000000;0,00000000
2016-07-13;10000,00000000;0,00000000;0,00000000
2016-07-14;10000,00000000;0,00000000;0,00000000
2016-07-15;10000,00000000;0,00000000;0,00000000
2016-07-18;10000,00000000;0,00000000;0,00000000
2016-07-19;10000,00000000;0,00000000;0,00000000
2016-07-20;10000,00000000;0,00000000;0,00000000
2016-07-21;10000,00000000;0,00000000;0,00000000
2016-07-22;10000,00000000;0,00000000;0,00000000
2016-07-25;10000,00000000;0,00000000;0,00000000
2016-07-26;10000,00000000;0,00000000;0,00000000
2016-07-27;10000,00000000;0,00000000;0,00000000
2016-07-28;10000,00000000;0,00000000;0,00000000
2016-07-29;10000,00000000;0,00000000;0,00000000
2016-08-01;10000,00000000;0,00000000;0,00000000
2016-08-02;10000,00000000;0,00000000;0,00000000
2016-08-03;10000,00000000;0,00000000;0,00000000
2016-08-04;10000,00000000;0,00000000;0,00000000
2016-08-05;10000,00000000;0,00000000;0,00000000
2016-08-08;10000,00000000;0,00000000;0,00000000
2016-08-09;10000,00000000;0,00000000;0,00000000
2016-08-10;10000,00000000;0,00000000;0,00000000
2016-08-11;10000,00000000;0,00000000;0,00000000
2016-08-12;10000,00000000;0,00000000;0,00000000
2016-08-15;10000,00000000;0,00000000;0,00000000
2016-08-16;10000,00000000;0,00000000;0,00000000
2016-08-17;10000,00000000;0,00000000;0,00000000
2016-08-18;10000,00000000;0,00000000;0,00000000
2016-08-19;10000,00000000;0,00000000;0,00000000
2016-08-22;10000,00000000;0,00000000;0,00000000
2016-08-23;10000,00000000;0,00000000;0,00000000
2016-08-24;10000,00000000;0,00000000;0,00000000
2016-08-25;10000,00000000;0,00000000;0,00000000
2016-08-26;10000,00000000;0,00000000;0,00000000
2016-08-30;10000,00000000;0,00000000;0,00000000
2016-08-31;10000,00000000;0,00000000;0,00000000
2016-09-01;10000,00000000;0,00000000;0,00000000
2016-09-02;10000,00000000;0,00000000;0,00000000
2016-09-06;10000,00000000;0,00000000;0,00000000
2016-09-07;10000,00000000;0,00000000;0,00000000
2016-09-08;10000,00000000;0,00000000;0,00000000
2016-09-09;10000,00000000;0,00000000;0,00000000
2016-09-12;10000,00000000;0,00000000;0,00000000
2016-09-13;10000,00000000;0,00000000;0,00000000
2016-09-14;10000,00000000;0,00000000;0,00000000
2016-09-15;10000,00000000;0,00000000;0,00000000
2016-09-16;10000,00000000;0,00000000;0,00000000
2016-09-19;10000,00000000;0,00000000;0,00000000
2016-09-20;10000,00000000;0,00000000;0,00000000
2016-09-21;10000,00000000;0,00000000;0,00000000
2016-09-22;10000,00000000;0,00000000;0,00000000
2016-09-23;10000,00000000;0,00000000;0,00000000
2016-09-26;10000,00000000;0,00000000;0,00000000
2016-09-27;10000,00000000;0,00000000;0,00000000
2016-09-28;10000,00000000;0,00000000;0,00000000
2016-09-29;10000,00000000;0,00000000;0,00000000
2016-09-30;10000,00000000;0,00000000;0,00000000
2016-10-03;10000,00000000;0,00000000;0,00000000
2016-10-04;10000,00000000;0,00000000;0,00000000
2016-10-05;10000,00000000;0,00000000;0,00000000
2016-10-06;10000,00000000;0,00000000;0,00000000
2016-10-07;10000,00000000;0,00000000;0,00000000
2016-10-10;10000,00000000;0,00000000;0,00000000
2016-10-11;10000,00000000;0,00000000;0,00000000
2016-10-12;10000,00000000;0,00000000;0,00000000
2016-10-13;10000,00000000;0,00000000;0,00000000
2016-10-14;10000,00000000;0,00000000;0,00000000
2016-10-17;10000,00000000;0,00000000;0,00000000
2016-10-18;10000,00000000;0,00000000;0,00000000
2016-10-19;10000,00000000;0,00000000;0,00000000
2016-10-20;10000,00000000;0,00000000;0,00000000
2016-10-21;10000,00000000;0,00000000;0,00000000
2016-10-24;10000,00000000;0,00000000;0,00000000
2016-10-25;10000,00000000;0,00000000;0,00000000
2016-10-26;10000,00000000;0,00000000;0,00000000
2016-10-27;10000,00000000;0,00000000;0,00000000
2016-10-28;10000,00000000;0,00000000;0,00000000
2016-10-31;10000,00000000;0,00000000;0,00000000
2016-11-01;10000,00000000;0,00000000;0,00000000
2016-11-02;10000,00000000;0,00000000;0,00000000
2016-11-03;10000,00000000;0,00000000;0,00000000
2016-11-04;10000,00000000;0,00000000;0,00000000
2016-11-07;10000,00000000;0,00000000;0,00000000
2016-11-08;10000,00000000;0,00000000;0,00000000
2016-11-09;10000,00000000;0,00000000;0,00000000
2016-11-10;10000,00000000;0,00000000;0,00000000
2016-11-11;10000,00000000;0,00000000;0,00000000
2016-11-14;10000,00000000;0,00000000;0,00000000
2016-11-15;10000,00000000;0,00000000;0,00000000
2016-11-16;10000,00000000;0,00000000;0,00000000
2016-11-17;10000,00000000;0,00000000;0,00000000
2016-11-18;10000,00000000;0,00000000;0,00000000
2016-11-21;10000,00000000;0,00000000;0,00000000
2016-11-22;10000,00000000;0,00000000;0,00000000
2016-11-23;10000,00000000;0,00000000;0,00000000
2016-11-25;10000,00000000;0,00000000;0,00000000
2016-11-28;10000,00000000;0,00000000;0,00000000
2016-11-29;10000,00000000;0,00000000;0,00000000
2016-11-30;10000,00000000;0,00000000;0,00000000
2016-12-01;10000,00000000;0,00000000;0,00000000
2016-12-02;10000,00000000;0,00000000;0,00000000
2016-12-05;10000,00000000;0,00000000;0,00000000
2016-12-06;10000,00000000;0,00000000;0,00000000
2016-12-07;10000,00000000;0,00000000;0,00000000
2016-12-08;10000,00000000;0,00000000;0,00000000
2016-12-09;10000,00000000;0,00000000;0,00000000
2016-12-12;10000,00000000;0,00000000;0,00000000
2016-12-13;10000,00000000;0,00000000;0,00000000
2016-12-14;10000,00000000;0,00000000;0,00000000
2016-12-15;10000,00000000;0,00000000;0,00000000
2016-12-16;10000,00000000;0,00000000;0,00000000
2016-12-19;10000,00000000;0,00000000;0,00000000
2016-12-20;10000,00000000;0,00000000;0,00000000
2016-12-21;10000,00000000;0,00000000;0,00000000
2016-12-22;10000,00000000;0,00000000;0,00000000
2016-12-23;10000,00000000;0,00000000;0,00000000
2016-12-28;10000,00000000;0,00000000;0,00000000
2016-12-29;10000,00000000;0,00000000;0,00000000
2016-12-30;10000,00000000;0,00000000;0,00000000
2017-01-03;10000,00000000;0,00000000;0,00000000
2017-01-04;10000,00000000;0,00000000;0,00000000
2017-01-05;10000,00000000;0,00000000;0,00000000
2017-01-06;10000,00000000;0,00000000;0,00000000
2017-01-09;10000,00000000;0,00000000;0,00000000
2017-01-10;10000,00000000;0,00000000;0,00000000
2017-01-11;10000,00000000;0,00000000;0,00000000
2017-01-12;10000,00000000;0,00000000;0,00000000
2017-01-13;10000,00000000;0,00000000;0,00000000
2017-01-17;10000,00000000;0,00000000;0,00000000
2017-01-18;10000,00000000;0,00000000;0,00000000
2017-01-19;10000,00000000;0,00000000;0,00000000
2017-01-20;10000,00000000;0,00000000;0,00000000
2017-01-23;10000,00000000;0,00000000;0,00000000
2017-01-24;10000,00000000;0,00000000;0,00000000
2017-01-25;10000,00000000;0,00000000;0,00000000
2017-01-26;10000,00000000;0,00000000;0,00000000
2017-01-27;10000,00000000;0,00000000;0,00000000
2017-01-30;10000,00000000;0,00000000;0,00000000
2017-01-31;10000,00000000;0,00000000;0,00000000
2017-02-01;10000,00000000;0,00000000;0,00000000
2017-02-02;10035,99883347;0,00359988;0,00000000
2017-02-03;10088,66711913;0,00524794;0,00000000
2017-02-06;10118,65117913;0,00297205;0,00000000
2017-02-07;10118,82298851;0,00001698;0,00000000
2017-02-08;10125,34925035;0,00064496;0,00000000
2017-02-09;10137,94573937;0,00124405;0,00000000
2017-02-10;10166,10476044;0,00277759;0,00000000
2017-02-13;10181,22556455;0,00148737;0,00000000
2017-02-14;10197,11343300;0,00156051;0,00000000
2017-02-15;10235,98119675;0,00381164;0,00000000
2017-02-16;10247,80544468;0,00115517;0,00000000
2017-02-17;10263,71429858;0,00155242;0,00000000
2017-02-21;10287,83058811;0,00234966;0,00000000
2017-02-22;10297,15382709;0,00090624;0,00000000
2017-02-23;10294,29110881;-0,00027801;-0,00027801
2017-02-24;10318,24259699;0,00232668;0,00000000
2017-02-27;10320,34561477;0,00020382;0,00000000
2017-02-28;10316,58139647;-0,00036474;-0,00036474
2017-03-01;10414,91380764;0,00953149;0,00000000
2017-03-02;10394,20815110;-0,00198808;-0,00198808
2017-03-03;10400,43601728;0,00059917;-0,00139010
2017-03-06;10392,81160332;-0,00073309;-0,00212217
2017-03-07;10401,02125183;0,00078994;-0,00133391
2017-03-08;10414,27097297;0,00127389;-0,00006172
2017-03-09;10408,82945968;-0,00052251;-0,00058420
2017-03-10;10440,28827352;0,00302232;0,00000000
2017-03-13;10429,16062449;-0,00106584;-0,00106584
2017-03-14;10425,29571446;-0,00037059;-0,00143603
2017-03-15;10448,55294018;0,00223085;0,00000000
2017-03-16;10438,54170024;-0,00095815;-0,00095815
2017-03-17;10440,52043682;0,00018956;-0,00076877
2017-03-20;10447,19018207;0,00063883;-0,00013043
2017-03-21;10349,87076042;-0,00931537;-0,00944458
2017-03-22;10355,31981703;0,00052649;-0,00892307
2017-03-23;10353,94086526;-0,00013316;-0,00905504
2017-03-24;10361,10457773;0,00069188;-0,00836942
2017-03-27;10328,76527037;-0,00312122;-0,01146452
2017-03-28;10384,88504304;0,00543335;-0,00609347
2017-03-29;10417,31409965;0,00312272;-0,00298978
2017-03-30;10418,80543453;0,00014316;-0,00284705
2017-03-31;10396,76012098;-0,00211592;-0,00495694
2017-04-03;10385,03595386;-0,00112768;-0,00607902
2017-04-04;10404,43342128;0,00186783;-0,00422255
2017-04-05;10387,84873185;-0,00159400;-0,00580982
2017-04-06;10376,22801400;-0,00111868;-0,00692200
2017-04-07;10391,23174602;0,00144597;-0,00548604
2017-04-10;10382,94282703;-0,00079768;-0,00627935
2017-04-11;10325,04811467;-0,00557594;-0,01182028
2017-04-12;10309,11357675;-0,00154329;-0,01334533
2017-04-13;10280,27865134;-0,00279703;-0,01610503
2017-04-18;10253,24854073;-0,00262932;-0,01869200
2017-04-19;10241,60213307;-0,00113587;-0,01980665
2017-04-20;10289,80574683;0,00470665;-0,01519322
2017-04-21;10290,72023163;0,00008887;-0,01510570
2017-04-24;10403,09151112;0,01091967;-0,00435098
2017-04-25;10438,59893192;0,00341316;-0,00095267
2017-04-26;10443,26946773;0,00044743;-0,00050567
2017-04-27;10427,53850170;-0,00150633;-0,00201123
2017-04-28;10435,55951635;0,00076921;-0,00124356
2017-05-02;10501,75422566;0,00634319;0,00000000
2017-05-03;10492,01646740;-0,00092725;-0,00092725
2017-05-04;10499,60310973;0,00072309;-0,00020483
2017-05-05;10517,28749908;0,00168429;0,00000000
2017-05-08;10546,33480478;0,00276186;0,00000000
2017-05-09;10557,51275584;0,00105989;0,00000000
2017-05-10;10577,33888541;0,00187792;0,00000000
2017-05-11;10573,91280946;-0,00032391;-0,00032391
2017-05-12;10598,34903021;0,00231099;0,00000000
2017-05-15;10639,05873553;0,00384114;0,00000000
2017-05-16;10673,58553029;0,00324529;0,00000000
2017-05-17;10481,78881276;-0,01796929;-0,01796929
2017-05-18;10483,40557283;0,00015424;-0,01781781
2017-05-19;10537,48584743;0,00515866;-0,01275107
2017-05-22;10601,99963769;0,00612231;-0,00670683
2017-05-23;10619,97452764;0,00169542;-0,00502277
2017-05-24;10656,56900228;0,00344582;-0,00159427
2017-05-25;10708,95031293;0,00491540;0,00000000
2017-05-26;10748,99958173;0,00373979;0,00000000
2017-05-30;10746,01830059;-0,00027735;-0,00027735
2017-05-31;10726,59432801;-0,00180755;-0,00208440
2017-06-01;10756,31305618;0,00277057;0,00000000
2017-06-02;10837,81098453;0,00757675;0,00000000
2017-06-05;10829,81268172;-0,00073800;-0,00073800
2017-06-06;10820,95959294;-0,00081747;-0,00155487
2017-06-07;10814,97782747;-0,00055279;-0,00210681
2017-06-08;10832,30032449;0,00160171;-0,00050847
2017-06-09;10770,16905599;-0,00573574;-0,00624129
2017-06-12;10735,58774901;-0,00321084;-0,00943209
2017-06-13;10772,44674691;0,00343335;-0,00603113
2017-06-14;10737,73848100;-0,00322195;-0,00923365
2017-06-15;10691,69914718;-0,00428762;-0,01348167
2017-06-16;10682,67523664;-0,00084401;-0,01431431
2017-06-19;10806,54099781;0,01159501;-0,00288527
2017-06-20;10782,58031701;-0,00221724;-0,00509611
2017-06-21;10787,24847800;0,00043294;-0,00466538
2017-06-22;10798,23837786;0,00101879;-0,00365135
2017-06-23;10810,86010732;0,00116887;-0,00248675
2017-06-26;10789,19832813;-0,00200371;-0,00448547
2017-06-27;10685,04275289;-0,00965369;-0,01409586
2017-06-28;10715,59916541;0,00285974;-0,01127643
2017-06-29;10585,51964270;-0,01213927;-0,02327881
2017-06-30;10568,49635574;-0,00160817;-0,02484954
2017-07-03;10568,36090699;-0,00001282;-0,02486204
2017-07-05;10560,51743705;-0,00074217;-0,02558575
2017-07-06;10537,07330912;-0,00221998;-0,02774893
2017-07-07;10557,93170770;0,00197952;-0,02582434
2017-07-10;10570,84404968;0,00122300;-0,02463292
2017-07-11;10568,85753553;-0,00018792;-0,02481622
2017-07-12;10599,75109152;0,00292307;-0,02196568
2017-07-13;10590,81177784;-0,00084335;-0,02279051
2017-07-14;10561,80149279;-0,00273919;-0,02546727
2017-07-17;10582,76313458;0,00198467;-0,02353315
2017-07-18;10584,25302019;0,00014078;-0,02339568
2017-07-19;10597,16536217;0,00121996;-0,02220426
2017-07-20;10624,97656028;0,00262440;-0,01963814
2017-07-21;10620,50690344;-0,00042067;-0,02005055
2017-07-24;10595,17884802;-0,00238483;-0,02238756
2017-07-25;10613,05747538;0,00168743;-0,02073791
2017-07-26;10609,47783240;-0,00033729;-0,02106820
2017-07-27;10609,87318738;0,00003726;-0,02103172
2017-07-28;10581,66663429;-0,00265852;-0,02363433
2017-07-31;10572,23069208;-0,00089173;-0,02450498
2017-08-01;10576,87482811;0,00043928;-0,02407646
2017-08-02;10570,92193186;-0,00056282;-0,02462573
2017-08-03;10598,40623993;0,00259999;-0,02208977
2017-08-04;10630,72419891;0,00304932;-0,01910781
2017-08-07;10639,79280982;0,00085306;-0,01827105
2017-08-08;10660,93248961;0,00198685;-0,01632050
2017-08-09;10623,21811791;-0,00353762;-0,01980039
2017-08-10;10595,18012840;-0,00263931;-0,02238744
2017-08-11;10578,22478140;-0,00160029;-0,02395190
2017-08-14;10624,69663027;0,00439316;-0,01966397
2017-08-15;10654,56110500;0,00281085;-0,01690838
2017-08-16;10667,93994440;0,00125569;-0,01567393
2017-08-17;10634,41468877;-0,00314262;-0,01876729
2017-08-18;10616,98251913;-0,00163922;-0,02037574
2017-08-21;10595,75210151;-0,00199967;-0,02233467
2017-08-22;10646,25287868;0,00476613;-0,01767498
2017-08-23;10661,00344545;0,00138552;-0,01631395
2017-08-24;10650,33124551;-0,00100105;-0,01729867
2017-08-25;10639,68207446;-0,00099989;-0,01828127
2017-08-29;10616,61468724;-0,00216805;-0,02040968
2017-08-30;10636,54049030;0,00187685;-0,01857114
2017-08-31;10675,12769162;0,00362780;-0,01501072
2017-09-01;10663,58790007;-0,00108100;-0,01607549
2017-09-05;10583,51226905;-0,00750926;-0,02346403
2017-09-06;10577,21050034;-0,00059543;-0,02404549
2017-09-07;10599,67775396;0,00212412;-0,02197245
2017-09-08;10536,07835675;-0,00600013;-0,02784074
2017-09-11;10638,34077113;0,00970593;-0,01840503
2017-09-12;10638,28033508;-0,00000568;-0,01841060
2017-09-13;10644,48230075;0,00058299;-0,01783835
2017-09-14;10578,88159348;-0,00616288;-0,02389130
2017-09-15;10550,64442012;-0,00266920;-0,02649673
2017-09-18;10586,92124590;0,00343835;-0,02314948
2017-09-19;10612,25234083;0,00239268;-0,02081220
2017-09-20;10585,11638722;-0,00255704;-0,02331602
2017-09-21;10549,73869896;-0,00334221;-0,02658030
2017-09-22;10559,19846588;0,00089668;-0,02570745
2017-09-25;10496,38732231;-0,00594848;-0,03150301
2017-09-26;10526,07944340;0,00282879;-0,02876333
2017-09-27;10591,32400456;0,00619837;-0,02274324
2017-09-28;10596,38566502;0,00047791;-0,02227621
2017-09-29;10658,01443527;0,00581602;-0,01658975
2017-10-02;10711,94505062;0,00506010;-0,01161359
2017-10-03;10739,99613918;0,00261867;-0,00902533
2017-10-04;10735,54462489;-0,00041448;-0,00943607
2017-10-05;10835,06299681;0,00926999;-0,00025356
2017-10-06;10864,00747366;0,00267137;0,00000000
2017-10-09;10859,79485904;-0,00038776;-0,00038776
2017-10-10;10847,91839680;-0,00109362;-0,00148095
2017-10-11;10876,59231299;0,00264326;0,00000000
2017-10-12;10876,70054348;0,00000995;0,00000000
2017-10-13;10876,50223957;-0,00001823;-0,00001823
2017-10-16;10902,78864649;0,00241681;0,00000000
2017-10-17;10925,73344764;0,00210449;0,00000000
2017-10-18;10944,11396834;0,00168231;0,00000000
2017-10-19;10917,25141627;-0,00245452;-0,00245452
2017-10-20;10966,24005925;0,00448727;0,00000000
2017-10-23;10947,81793363;-0,00167989;-0,00167989
2017-10-24;10976,40225905;0,00261096;0,00000000
2017-10-25;10883,08713409;-0,00850143;-0,00850143
2017-10-26;10945,60863121;0,00574483;-0,00280544
2017-10-27;11119,48709596;0,01588568;0,00000000
2017-10-30;11104,40214353;-0,00135662;-0,00135662
2017-10-31;11122,45617168;0,00162584;0,00000000
2017-11-01;11137,47740216;0,00135053;0,00000000
2017-11-02;11193,00774241;0,00498590;0,00000000
2017-11-03;11237,71541659;0,00399425;0,00000000
2017-11-06;11241,75154014;0,00035916;0,00000000
2017-11-07;11239,07946079;-0,00023769;-0,00023769
2017-11-08;11284,07317625;0,00400333;0,00000000
2017-11-09;11215,36684290;-0,00608879;-0,00608879
2017-11-10;11184,75485895;-0,00272947;-0,00880164
2017-11-13;11208,63909709;0,00213543;-0,00668500
2017-11-14;11187,94418976;-0,00184634;-0,00851900
2017-11-15;11124,10903313;-0,00570571;-0,01417610
2017-11-16;11214,89297950;0,00816101;-0,00613078
2017-11-17;11168,10002345;-0,00417239;-0,01027760
2017-11-20;11185,82134310;0,00158678;-0,00870712
2017-11-21;11273,03780803;0,00779706;-0,00097796
2017-11-22;11247,90357932;-0,00222959;-0,00320537
2017-11-24;11283,73399429;0,00318552;-0,00003006
2017-11-27;11275,02192127;-0,00077209;-0,00080213
2017-11-28;11336,91889870;0,00548974;0,00000000
2017-11-29;11162,64114365;-0,01537259;-0,01537259
2017-11-30;11209,26802665;0,00417705;-0,01125975
2017-12-01;11147,27809830;-0,00553024;-0,01672772
2017-12-04;11197,73840625;0,00452669;-0,01227675
2017-12-05;11194,04117343;-0,00033018;-0,01260287
2017-12-06;11188,38284902;-0,00050548;-0,01310198
2017-12-07;11186,16280945;-0,00019842;-0,01329780
2017-12-08;11213,48249374;0,00244227;-0,01088800
2017-12-11;11232,44819782;0,00169133;-0,00921509
2017-12-12;11256,32109787;0,00212535;-0,00710932
2017-12-13;11249,68211902;-0,00058980;-0,00769493
2017-12-14;11222,34565322;-0,00242998;-0,01010621
2017-12-15;11259,51605318;0,00331218;-0,00682750
2017-12-18;11272,06725589;0,00111472;-0,00572039
2017-12-19;11278,12165594;0,00053712;-0,00518635
2017-12-20;11251,53217752;-0,00235762;-0,00753174
2017-12-21;11279,59884919;0,00249448;-0,00505605
2017-12-22;11273,67743574;-0,00052497;-0,00557836
2017-12-27;11277,36064775;0,00032671;-0,00525348
2017-12-28;11264,55830628;-0,00113522;-0,00638274
2017-12-29;11264,07923917;-0,00004253;-0,00642500
2018-01-02;11237,97859897;-0,00231716;-0,00872727
2018-01-03;11288,37741156;0,00448469;-0,00428172
2018-01-04;11317,70407461;0,00259795;-0,00169489
2018-01-05;11333,54709529;0,00139984;-0,00029742
2018-01-08;11342,47504605;0,00078775;0,00000000
2018-01-09;11371,31726998;0,00254285;0,00000000
2018-01-10;11356,37843981;-0,00131373;-0,00131373
2018-01-11;11366,59969550;0,00090005;-0,00041487
2018-01-12;11363,95966811;-0,00023226;-0,00064703
2018-01-16;11358,68063352;-0,00046454;-0,00111127
2018-01-17;11344,91709897;-0,00121172;-0,00232165
2018-01-18;11330,33509359;-0,00128533;-0,00360400
2018-01-19;11360,71977833;0,00268171;-0,00093195
2018-01-22;11349,94553605;-0,00094838;-0,00187944
2018-01-23;11376,34881274;0,00232629;0,00000000
2018-01-24;11309,65523339;-0,00586248;-0,00586248
2018-01-25;11295,75449579;-0,00122910;-0,00708437
2018-01-26;11351,00473689;0,00489124;-0,00222779
2018-01-29;11369,73480175;0,00165008;-0,00058138
2018-01-30;11309,06633696;-0,00533596;-0,00591424
2018-01-31;11282,63538845;-0,00233715;-0,00823757
2018-02-01;11270,35986876;-0,00108800;-0,00931660
2018-02-02;11092,72159464;-0,01576154;-0,02493130
2018-02-05;10831,32436581;-0,02356475;-0,04790856
2018-02-06;10847,40644191;0,00148477;-0,04649491
2018-02-07;10897,34513633;0,00460375;-0,04210522
2018-02-08;10569,71002053;-0,03006559;-0,07090489
2018-02-09;10653,92671420;0,00796774;-0,06350211
2018-02-12;10822,89928811;0,01586012;-0,04864913
2018-02-13;10814,36188511;-0,00078883;-0,04939959
2018-02-14;10939,36541681;0,01155903;-0,03841157
2018-02-15;11056,50477137;0,01070806;-0,02811482
2018-02-16;11099,25942103;0,00386692;-0,02435662
2018-02-20;11101,23611902;0,00017809;-0,02418286
2018-02-21;11081,46202249;-0,00178125;-0,02592104
2018-02-22;11082,80465618;0,00012116;-0,02580302
2018-02-23;11183,53307725;0,00908871;-0,01694882
2018-02-26;11327,88703899;0,01290772;-0,00425987
2018-02-27;11279,06046226;-0,00431030;-0,00855181
2018-02-28;11236,96881280;-0,00373184;-0,01225173
2018-03-01;11103,75215791;-0,01185521;-0,02396170
2018-03-02;11089,80265226;-0,00125629;-0,02518788
2018-03-05;11176,66923368;0,00783301;-0,01755217
2018-03-06;11202,30702173;0,00229387;-0,01529856
2018-03-07;11230,67437835;0,00253228;-0,01280503
2018-03-08;11297,50776501;0,00595097;-0,00693026
2018-03-09;11430,42597048;0,01176527;0,00000000
2018-03-12;11463,98933961;0,00293632;0,00000000
2018-03-13;11355,91936851;-0,00942691;-0,00942691
2018-03-14;11339,17299513;-0,00147468;-0,01088769
2018-03-15;11347,20575844;0,00070841;-0,01018699
2018-03-16;11343,09431232;-0,00036233;-0,01054563
2018-03-19;11148,84597041;-0,01712481;-0,02748985
2018-03-20;11164,37825967;0,00139317;-0,02613498
2018-03-21;11121,50234386;-0,00384042;-0,02987503
2018-03-22;10911,59957574;-0,01887360;-0,04818478
2018-03-23;10705,29783297;-0,01890665;-0,06618041
2018-03-26;10857,66785791;0,01423314;-0,05288922
2018-03-27;10769,13002751;-0,00815441;-0,06061235
2018-03-28;10686,06226675;-0,00771351;-0,06785832
2018-03-29;10845,51781592;0,01492182;-0,05394907
2018-04-03;10722,13093000;-0,01137676;-0,06471206
2018-04-04;10791,98407100;0,00651486;-0,05861880
2018-04-05;10921,19866461;0,01197320;-0,04734745
2018-04-06;10727,11532645;-0,01777125;-0,06427728
2018-04-09;10768,14547467;0,00382490;-0,06069823
2018-04-10;10918,59230554;0,01397147;-0,04757480
2018-04-11;10870,97992886;-0,00436067;-0,05172801
2018-04-12;10942,68388543;0,00659591;-0,04547330
2018-04-13;10914,66266748;-0,00256073;-0,04791758
2018-04-16;10952,27275120;0,00344583;-0,04463687
2018-04-17;11098,55580886;0,01335641;-0,03187665
2018-04-18;11117,91498968;0,00174430;-0,03018795
2018-04-19;11041,51914592;-0,00687142;-0,03685194
2018-04-20;10980,86112582;-0,00549363;-0,04214311
2018-04-23;10994,94814273;0,00128287;-0,04091431
2018-04-24;10884,81075655;-0,01001709;-0,05052156
2018-04-25;10845,00585701;-0,00365692;-0,05399372
2018-04-26;10978,64080888;0,01232226;-0,04233679
2018-04-27;11021,51899527;0,00390560;-0,03859654
2018-04-30;10999,55550842;-0,00199278;-0,04051241
2018-05-01;11061,08535927;0,00559385;-0,03514518
2018-05-02;11079,44655959;0,00165998;-0,03354354
2018-05-03;11049,31036436;-0,00272001;-0,03617231
2018-05-04;11222,23197521;0,01564999;-0,02108841
2018-05-08;11293,65071285;0,00636404;-0,01485858
2018-05-09;11357,73310719;0,00567420;-0,00926870
2018-05-10;11501,77978739;0,01268270;0,00000000
2018-05-11;11495,89926127;-0,00051127;-0,00051127
2018-05-14;11496,53906013;0,00005565;-0,00045564
2018-05-15;11429,19179239;-0,00585805;-0,00631102
2018-05-16;11462,05074122;0,00287500;-0,00345417
2018-05-17;11448,72729020;-0,00116240;-0,00461255
2018-05-18;11414,46582940;-0,00299260;-0,00759134
2018-05-21;11501,67960567;0,00764064;-0,00000871
2018-05-22;11504,12884261;0,00021295;0,00000000
2018-05-23;11522,28597801;0,00157831;0,00000000
2018-05-24;11506,18936386;-0,00139700;-0,00139700
2018-05-25;11519,35452298;0,00114418;-0,00025442
2018-05-29;11456,34627788;-0,00546977;-0,00572280
2018-05-30;11514,80982483;0,00510316;-0,00064884
2018-05-31;11514,87967333;0,00000607;-0,00064278
2018-06-01;11618,01914178;0,00895706;0,00000000
2018-06-04;11700,15632677;0,00706981;0,00000000
2018-06-05;11703,39233188;0,00027658;0,00000000
2018-06-06;11748,48232382;0,00385273;0,00000000
2018-06-07;11708,15670702;-0,00343241;-0,00343241
2018-06-08;11698,24062129;-0,00084694;-0,00427644
2018-06-11;11737,88300882;0,00338875;-0,00090219
2018-06-12;11757,63901599;0,00168310;0,00000000
2018-06-13;11741,46202253;-0,00137587;-0,00137587
2018-06-14;11783,70747692;0,00359797;0,00000000
2018-06-15;11748,87553912;-0,00295594;-0,00295594
2018-06-18;11760,64796407;0,00100200;-0,00195690
2018-06-19;11724,79247649;-0,00304877;-0,00499970
2018-06-20;11748,20323570;0,00199669;-0,00301299
2018-06-21;11664,48458254;-0,00712608;-0,01011760
2018-06-22;11663,49920669;-0,00008448;-0,01020123
2018-06-25;11474,56119847;-0,01619908;-0,02623506
2018-06-26;11516,48824463;0,00365391;-0,02267701
2018-06-27;11475,31939711;-0,00357477;-0,02617072
2018-06-28;11525,53608618;0,00437606;-0,02190918
2018-06-29;11543,10623531;0,00152445;-0,02041813
2018-07-02;11561,27708800;0,00157417;-0,01887610
2018-07-03;11511,54318073;-0,00430177;-0,02309666
2018-07-05;11584,34337672;0,00632410;-0,01691862
2018-07-06;11674,86958892;0,00781453;-0,00923630
2018-07-09;11763,13701060;0,00756046;-0,00174567
2018-07-10;11781,25774802;0,00154047;-0,00020789
2018-07-11;11738,02528066;-0,00366960;-0,00387673
2018-07-12;11850,73826108;0,00960238;0,00000000
2018-07-13;11861,56947214;0,00091397;0,00000000
2018-07-16;11834,96709727;-0,00224274;-0,00224274
2018-07-17;11909,45032440;0,00629349;0,00000000
2018-07-18;11947,51098069;0,00319584;0,00000000
2018-07-19;11936,63385856;-0,00091041;-0,00091041
2018-07-20;11912,37929293;-0,00203194;-0,00294050
2018-07-23;11933,78918868;0,00179728;-0,00114851
2018-07-24;11990,23394649;0,00472983;0,00000000
2018-07-25;12055,93222250;0,00547932;0,00000000
2018-07-26;11991,81217267;-0,00531855;-0,00531855
2018-07-27;11893,72155739;-0,00817980;-0,01345484
2018-07-30;11770,31903285;-0,01037543;-0,02369068
2018-07-31;11801,10864782;0,00261587;-0,02113678
2018-08-01;11846,01075747;0,00380491;-0,01741230
2018-08-02;11929,91364316;0,00708280;-0,01045283
2018-08-03;11973,75136654;0,00367461;-0,00681663
2018-08-06;12036,30010110;0,00522382;-0,00162842
2018-08-07;12084,89592315;0,00403744;0,00000000
2018-08-08;12121,63015670;0,00303968;0,00000000
2018-08-09;12129,16025113;0,00062121;0,00000000
2018-08-10;12058,88152041;-0,00579420;-0,00579420
2018-08-13;12044,00917827;-0,00123331;-0,00702036
2018-08-14;12093,47746827;0,00410729;-0,00294190
2018-08-15;12000,91754587;-0,00765371;-0,01057309
2018-08-16;12068,63644165;0,00564281;-0,00498994
2018-08-17;12073,56742396;0,00040858;-0,00458340
2018-08-20;12079,01738844;0,00045140;-0,00413408
2018-08-21;12073,62090571;-0,00044677;-0,00457899
2018-08-22;12087,46216374;0,00114640;-0,00343784
2018-08-23;12109,05254529;0,00178618;-0,00165780
2018-08-24;12184,36869599;0,00621982;0,00000000
2018-08-28;12289,92677473;0,00866340;0,00000000
2018-08-29;12319,82313091;0,00243259;0,00000000
2018-08-30;12285,07033823;-0,00282088;-0,00282088
2018-08-31;12276,74743054;-0,00067748;-0,00349645
2018-09-04;12281,51763477;0,00038856;-0,00310926
2018-09-05;12155,98118560;-0,01022157;-0,01329905
2018-09-06;12084,50884789;-0,00587960;-0,01910046
2018-09-07;12063,23423587;-0,00176049;-0,02082732
2018-09-10;12067,71808240;0,00037170;-0,02046337
2018-09-11;12124,91047238;0,00473929;-0,01582106
2018-09-12;12109,43777986;-0,00127611;-0,01707698
2018-09-13;12170,29035506;0,00502522;-0,01213757
2018-09-14;12188,31910279;0,00148137;-0,01067418
2018-09-17;12088,10603887;-0,00822206;-0,01880848
2018-09-18;12141,56046280;0,00442207;-0,01446958
2018-09-19;12133,59406654;-0,00065613;-0,01511621
2018-09-20;12208,27664285;0,00615503;-0,00905423
2018-09-21;12249,66712370;0,00339036;-0,00569456
2018-09-24;12243,23789509;-0,00052485;-0,00621642
2018-09-25;12240,61177198;-0,00021450;-0,00642959
2018-09-26;12214,45062856;-0,00213724;-0,00855309
2018-09-27;12268,84556770;0,00445333;-0,00413785
2018-09-28;12297,43626747;0,00233035;-0,00181714
2018-10-01;12341,03358011;0,00354524;0,00000000
2018-10-02;12343,50350075;0,00020014;0,00000000
2018-10-03;12364,68112779;0,00171569;0,00000000
2018-10-04;12196,64299800;-0,01359017;-0,01359017
2018-10-05;12074,61544519;-0,01000501;-0,02345921
2018-10-08;11987,06155817;-0,00725107;-0,03054018
2018-10-09;12009,51071012;0,00187278;-0,02872459
2018-10-10;11631,09540175;-0,03150964;-0,05932913
2018-10-11;11454,29134792;-0,01520098;-0,07362825
2018-10-12;11646,25472301;0,01675908;-0,05810311
2018-10-15;11569,35174327;-0,00660324;-0,06432268
2018-10-16;11762,10054389;0,01666029;-0,04873402
2018-10-17;11754,11382476;-0,00067902;-0,04937995
2018-10-18;11634,64623374;-0,01016390;-0,05904195
2018-10-19;11642,58845735;0,00068264;-0,05839962
2018-10-22;11680,08858233;0,00322094;-0,05536678
2018-10-23;11585,31427246;-0,00811418;-0,06303170
2018-10-24;11333,08487606;-0,02177148;-0,08343088
2018-10-25;11545,37551264;0,01873194;-0,06626177
2018-10-26;11364,34610623;-0,01567982;-0,08090261
2018-10-29;11310,85921302;-0,00470655;-0,08522839
2018-10-30;11387,03854725;0,00673506;-0,07906735
2018-10-31;11578,16208112;0,01678431;-0,06361014
2018-11-01;11599,00062128;0,00179981;-0,06192481
2018-11-02;11497,39111329;-0,00876020;-0,07014253
2018-11-05;11479,53233973;-0,00155329;-0,07158687
2018-11-06;11509,55295281;0,00261514;-0,06915893
2018-11-07;11707,90977268;0,01723410;-0,05311672
2018-11-08;11729,54683493;0,00184807;-0,05136682
2018-11-09;11624,16114349;-0,00898463;-0,05988994
2018-11-12;11409,52541408;-0,01846462;-0,07724871
2018-11-13;11386,56360331;-0,00201251;-0,07910576
2018-11-14;11290,22900345;-0,00846038;-0,08689687
2018-11-15;11479,13607984;0,01673191;-0,07161892
2018-11-16;11486,12639233;0,00060896;-0,07105357
2018-11-19;11249,65862333;-0,02058725;-0,09017802
2018-11-20;11078,58981026;-0,01520658;-0,10401330
2018-11-21;11163,09472328;0,00762777;-0,09717892
2018-11-23;11078,82163850;-0,00754926;-0,10399455
2018-11-26;11221,04495823;0,01283740;-0,09249217
2018-11-27;11250,96922816;0,00266680;-0,09007203
2018-11-28;11451,82070412;0,01785193;-0,07382806
2018-11-29;11442,08217239;-0,00085039;-0,07461567
2018-11-30;11492,86415144;0,00443818;-0,07050865
2018-12-03;11684,38700186;0,01666450;-0,05501914
2018-12-04;11456,83026464;-0,01947528;-0,07342291
2018-12-06;11270,42970292;-0,01626982;-0,08849815
2018-12-07;11131,31637335;-0,01234321;-0,09974901
2018-12-10;11177,15070969;0,00411760;-0,09604214
2018-12-11;11260,25535904;0,00743523;-0,08932101
2018-12-12;11307,54338666;0,00419955;-0,08549656
2018-12-13;11297,02709658;-0,00093002;-0,08634707
2018-12-14;11140,82815498;-0,01382655;-0,09897974
2018-12-17;10989,63087968;-0,01357146;-0,11120790
2018-12-18;10976,03044461;-0,00123757;-0,11230784
2018-12-19;10886,95571660;-0,00811539;-0,11951181
2018-12-20;10703,86344418;-0,01681758;-0,13431949
2018-12-21;10533,28097855;-0,01593653;-0,14811544
2018-12-24;10324,74875484;-0,01979746;-0,16498059
2018-12-27;10669,02129413;0,03334440;-0,13713737
2018-12-28;10721,37566281;0,00490714;-0,13290318
2018-12-31;10776,04181847;0,00509880;-0,12848203
2019-01-02;10810,28555069;0,00317777;-0,12571255
2019-01-03;10499,09381195;-0,02878663;-0,15088034
2019-01-04;10776,88541513;0,02645863;-0,12841380
2019-01-07;10850,23782333;0,00680646;-0,12248139
2019-01-08;10921,52114741;0,00656975;-0,11671631
2019-01-09;11028,58391144;0,00980292;-0,10805756
2019-01-10;11046,79694014;0,00165144;-0,10658457
2019-01-11;11020,52764590;-0,00237800;-0,10870911
2019-01-14;10940,21426531;-0,00728762;-0,11520450
2019-01-15;11081,75345291;0,01293752;-0,10375744
2019-01-16;11083,17533762;0,00012831;-0,10364245
2019-01-17;11098,14590294;0,00135075;-0,10243169
2019-01-18;11254,43367153;0,01408233;-0,08979184
2019-01-22;11110,79941648;-0,01276246;-0,10140833
2019-01-23;11082,69559673;-0,00252941;-0,10368124
2019-01-24;11144,62891382;0,00558829;-0,09867236
2019-01-25;11229,49561314;0,00761503;-0,09180872
2019-01-28;11118,58549251;-0,00987668;-0,10077863
2019-01-29;11071,08689797;-0,00427200;-0,10462010
2019-01-30;11291,83829019;0,01993945;-0,08676672
2019-01-31;11310,50005992;0,00165268;-0,08525744
2019-02-01;11370,88306585;0,00533867;-0,08037393
2019-02-04;11468,65542152;0,00859848;-0,07246654
2019-02-05;11591,89427954;0,01074571;-0,06249954
2019-02-06;11603,59097633;0,00100904;-0,06155356
2019-02-07;11457,09246421;-0,01262527;-0,07340170
2019-02-08;11486,33225362;0,00255211;-0,07103692
2019-02-11;11534,80634317;0,00422015;-0,06711655
2019-02-12;11645,09833305;0,00956167;-0,05819663
2019-02-13;11678,62365752;0,00287892;-0,05548525
2019-02-14;11701,91220975;0,00199412;-0,05360178
2019-02-15;11771,25312752;0,00592561;-0,04799380
2019-02-19;11727,96768151;-0,00367722;-0,05149453
2019-02-20;11745,03516433;0,00145528;-0,05011419
2019-02-21;11738,02179632;-0,00059713;-0,05068140
2019-02-22;11838,68192409;0,00857556;-0,04254046
2019-02-25;11885,04929977;0,00391660;-0,03879047
2019-02-26;11836,56650710;-0,00407931;-0,04271154
2019-02-27;11797,61510456;-0,00329077;-0,04586176
2019-02-28;11789,70946495;-0,00067010;-0,04650113
2019-03-01;11855,22098320;0,00555667;-0,04120285
2019-03-04;11846,25059714;-0,00075666;-0,04192834
2019-03-05;11839,23707565;-0,00059205;-0,04249556
2019-03-06;11795,03320958;-0,00373368;-0,04607057
2019-03-07;11712,92443743;-0,00696130;-0,05271116
2019-03-08;11703,01819348;-0,00084575;-0,05351233
2019-03-11;11857,40843584;0,01319234;-0,04102594
2019-03-12;11925,67136690;0,00575699;-0,03550514
2019-03-13;11949,79499221;0,00202283;-0,03355413
2019-03-14;11944,21056699;-0,00046732;-0,03400577
2019-03-15;12039,61405395;0,00798743;-0,02628997
2019-03-18;12088,08783533;0,00402619;-0,02236963
2019-03-19;12119,61615526;0,00260821;-0,01981976
2019-03-20;12083,43290294;-0,00298551;-0,02274610
2019-03-21;12316,41274596;0,01928093;-0,00390373
2019-03-22;12065,46274570;-0,02037525;-0,02419944
2019-03-25;12032,93336530;-0,00269607;-0,02683027
2019-03-26;12078,17913074;0,00376016;-0,02317100
2019-03-27;12018,97473549;-0,00490176;-0,02795918
2019-03-28;12102,90309946;0,00698299;-0,02117143
2019-03-29;12202,92049183;0,00826392;-0,01308248
2019-04-01;12300,10515364;0,00796405;-0,00522262
2019-04-02;12356,07326105;0,00455021;-0,00069617
2019-04-03;12402,80383561;0,00378199;0,00000000
2019-04-04;12389,61972011;-0,00106299;-0,00106299
2019-04-05;12456,47607753;0,00539616;0,00000000
2019-04-08;12472,78543655;0,00130931;0,00000000
2019-04-09;12431,52087758;-0,00330837;-0,00330837
2019-04-10;12460,04017892;0,00229411;-0,00102185
2019-04-11;12462,40192166;0,00018955;-0,00083249
2019-04-12;12515,81563895;0,00428599;0,00000000
2019-04-15;12517,04323512;0,00009808;0,00000000
2019-04-16;12580,88327120;0,00510025;0,00000000
2019-04-17;12609,07412307;0,00224077;0,00000000
2019-04-18;12634,78390974;0,00203899;0,00000000
2019-04-23;12775,49340749;0,01113668;0,00000000
2019-04-24;12773,37666169;-0,00016569;-0,00016569
2019-04-25;12772,14090192;-0,00009674;-0,00026242
2019-04-26;12749,33405669;-0,00178567;-0,00204762
2019-04-29;12769,10156808;0,00155047;-0,00050032
2019-04-30;12733,65502665;-0,00277596;-0,00327489
2019-05-01;12722,81881606;-0,00085099;-0,00412310
2019-05-02;12652,63377979;-0,00551647;-0,00961682
2019-05-03;12712,80267620;0,00475544;-0,00490711
2019-05-07;12481,95666334;-0,01815855;-0,02297655
2019-05-08;12486,71961704;0,00038159;-0,02260373
2019-05-09;12367,94040774;-0,00951244;-0,03190116
2019-05-10;12388,30751339;0,00164677;-0,03030692
2019-05-13;12141,98863466;-0,01988317;-0,04958750
2019-05-14;12293,06343691;0,01244234;-0,03776214
2019-05-15;12390,54914060;0,00793014;-0,03013146
2019-05-16;12524,52695865;0,01081290;-0,01964436
2019-05-17;12483,34633769;-0,00328800;-0,02286777
2019-05-20;12332,20051155;-0,01210780;-0,03469869
2019-05-21;12422,00928624;0,00728246;-0,02766892
2019-05-22;12423,97908024;0,00015857;-0,02751474
2019-05-23;12251,44386115;-0,01388728;-0,04101991
2019-05-24;12266,62681493;0,00123928;-0,03983146
2019-05-28;12254,33998130;-0,00100165;-0,04079321
2019-05-29;12164,24335701;-0,00735222;-0,04784551
2019-05-30;12224,44000727;0,00494866;-0,04313363
2019-05-31;12092,93532135;-0,01075752;-0,05342714
2019-06-03;11987,24446368;-0,00873988;-0,06170008
2019-06-04;12207,90056855;0,01840758;-0,04442825
2019-06-05;12310,79480164;0,00842850;-0,03637422
2019-06-06;12406,30256619;0,00775805;-0,02889836
2019-06-07;12569,43720549;0,01314934;-0,01612902
2019-06-10;12684,32891471;0,00914056;-0,00713589
2019-06-11;12670,52497975;-0,00108827;-0,00821639
2019-06-12;12613,54475595;-0,00449707;-0,01267651
2019-06-13;12651,26104999;0,00299014;-0,00972427
2019-06-14;12607,83634497;-0,00343244;-0,01312333
2019-06-17;12639,56108961;0,00251627;-0,01064008
2019-06-18;12807,40830082;0,01327951;0,00000000
2019-06-19;12801,46402817;-0,00046413;-0,00046413
2019-06-20;12915,02346793;0,00887082;0,00000000
2019-06-21;12893,18342091;-0,00169106;-0,00169106
2019-06-24;12895,70392908;0,00019549;-0,00149590
2019-06-25;12759,37330954;-0,01057179;-0,01205187
2019-06-26;12825,21207618;0,00516003;-0,00695402
2019-06-27;12845,32511675;0,00156824;-0,00539669
2019-06-28;12856,34704959;0,00085805;-0,00454327
2019-07-01;13013,77823929;0,01224541;0,00000000
2019-07-02;13057,93725967;0,00339325;0,00000000
2019-07-03;13149,20136297;0,00698917;0,00000000
2019-07-05;13136,67433493;-0,00095268;-0,00095268
2019-07-08;13080,67405688;-0,00426290;-0,00521152
2019-07-09;13113,26794287;0,00249176;-0,00273275
2019-07-10;13169,14653514;0,00426123;0,00000000
2019-07-11;13188,25839969;0,00145126;0,00000000
2019-07-12;13239,86638064;0,00391318;0,00000000
2019-07-15;13289,72177141;0,00376555;0,00000000
2019-07-16;13262,18145312;-0,00207230;-0,00207230
2019-07-17;13214,77499779;-0,00357456;-0,00563945
2019-07-18;13221,62936914;0,00051869;-0,00512369
2019-07-19;13213,18455054;-0,00063871;-0,00575913
2019-07-22;13276,65115198;0,00480328;-0,00098351
2019-07-23;13351,45698203;0,00563439;0,00000000
2019-07-24;13402,25594328;0,00380475;0,00000000
2019-07-25;13376,25929365;-0,00193972;-0,00193972
2019-07-26;13436,81608863;0,00452718;0,00000000
2019-07-29;13492,98731339;0,00418040;0,00000000
2019-07-30;13454,43452199;-0,00285725;-0,00285725
2019-07-31;13328,14408076;-0,00938653;-0,01221696
2019-08-01;13326,18747285;-0,00014680;-0,01236197
2019-08-02;13098,70878627;-0,01707005;-0,02922100
2019-08-05;12730,64583283;-0,02809918;-0,05649909
2019-08-06;12805,37967965;0,00587039;-0,05096037
2019-08-07;12862,52804730;0,00446284;-0,04672496
2019-08-08;13112,08929427;0,01940219;-0,02822933
2019-08-09;13028,06750577;-0,00640796;-0,03445640
2019-08-12;12938,75436926;-0,00685544;-0,04107563
2019-08-13;13135,58350076;0,01521237;-0,02648812
2019-08-14;12841,73006923;-0,02237079;-0,04826635
2019-08-15;12790,89063938;-0,00395892;-0,05203419
2019-08-16;12959,56487179;0,01318706;-0,03953331
2019-08-19;13114,76683934;0,01197586;-0,02803089
2019-08-20;13060,55992290;-0,00413327;-0,03204831
2019-08-21;13164,02696971;0,00792210;-0,02438010
2019-08-22;13088,04846075;-0,00577168;-0,03001106
2019-08-23;12823,99581206;-0,02017510;-0,04958068
2019-08-27;12892,57226650;0,00534751;-0,04449830
2019-08-28;12927,63234696;0,00271940;-0,04189991
2019-08-29;13102,68135612;0,01354069;-0,02892658
2019-08-30;13100,75914863;-0,00014670;-0,02906904
2019-09-03;13043,43440140;-0,00437568;-0,03331752
2019-09-04;13166,40267671;0,00942760;-0,02420403
2019-09-05;13315,23616063;0,01130404;-0,01317360
2019-09-06;13325,59581099;0,00077803;-0,01240581
2019-09-09;13262,93836230;-0,00470204;-0,01704952
2019-09-10;13205,22197414;-0,00435170;-0,02132703
2019-09-11;13323,93808743;0,00899009;-0,01252867
2019-09-12;13388,39842341;0,00483793;-0,00775135
2019-09-13;13308,69170984;-0,00595342;-0,01365862
2019-09-16;13274,23305593;-0,00258918;-0,01621244
2019-09-17;13286,83446236;0,00094931;-0,01527852
2019-09-18;13284,02716201;-0,00021128;-0,01548657
2019-09-19;13329,87407216;0,00345128;-0,01208874
2019-09-20;13234,90068719;-0,00712485;-0,01912746
2019-09-23;13248,88430475;0,00105657;-0,01809110
2019-09-24;13176,76039643;-0,00544377;-0,02343639
2019-09-25;13255,29241566;0,00595989;-0,01761618
2019-09-26;13270,94579001;0,00118092;-0,01645607
2019-09-27;13216,39204565;-0,00411077;-0,02049919
2019-09-30;13282,61053151;0,00501033;-0,01559156
2019-10-01;13212,43520297;-0,00528325;-0,02079244
2019-10-02;12960,66514870;-0,01905554;-0,03945177
2019-10-03;13008,91901483;0,00372310;-0,03587555
2019-10-04;13203,88240736;0,01498690;-0,02142631
2019-10-07;13205,41931901;0,00011640;-0,02131240
2019-10-08;13053,73811375;-0,01148628;-0,03255389
2019-10-09;13163,18398690;0,00838426;-0,02444257
2019-10-10;13210,12522088;0,00356610;-0,02096364
2019-10-11;13257,80495455;0,00360933;-0,01742997
2019-10-14;13257,79683188;-0,00000061;-0,01743057
2019-10-15;13323,84164786;0,00498158;-0,01253582
2019-10-16;13239,65295283;-0,00631865;-0,01877526
2019-10-17;13226,62193790;-0,00098424;-0,01974102
2019-10-18;13149,46909843;-0,00583315;-0,02545902
2019-10-21;13204,33329390;0,00417235;-0,02139289
2019-10-22;13131,60773073;-0,00550770;-0,02678277
2019-10-23;13151,89914933;0,00154523;-0,02527892
2019-10-24;13286,76597001;0,01025455;-0,01528359
2019-10-25;13379,85704515;0,00700630;-0,00838438
2019-10-28;13478,18003809;0,00734858;-0,00109741
2019-10-29;13410,36539295;-0,00503144;-0,00612332
2019-10-30;13450,40083500;0,00298541;-0,00315619
2019-10-31;13418,45058835;-0,00237541;-0,00552411
2019-11-01;13539,40568399;0,00901409;0,00000000
2019-11-04;13617,82567644;0,00579198;0,00000000
2019-11-05;13615,96270621;-0,00013680;-0,00013680
2019-11-06;13612,98712209;-0,00021854;-0,00035531
2019-11-07;13708,54933880;0,00701993;0,00000000
2019-11-08;13741,54954346;0,00240727;0,00000000
2019-11-11;13719,32907938;-0,00161703;-0,00161703
2019-11-12;13770,60172936;0,00373726;0,00000000
2019-11-13;13768,19358765;-0,00017488;-0,00017488
2019-11-14;13748,20188697;-0,00145202;-0,00162664
2019-11-15;13829,85407287;0,00593912;0,00000000
2019-11-18;13831,04554995;0,00008615;0,00000000
2019-11-19;13857,12436081;0,00188553;0,00000000
2019-11-20;13813,01711943;-0,00318300;-0,00318300
2019-11-21;13760,23865834;-0,00382092;-0,00699176
2019-11-22;13783,43747088;0,00168593;-0,00531762
2019-11-25;13895,42311650;0,00812465;0,00000000
2019-11-26;13933,32962989;0,00272799;0,00000000
2019-11-27;13969,03827684;0,00256282;0,00000000
2019-11-29;13925,76479790;-0,00309781;-0,00309781
2019-12-02;13778,25205723;-0,01059279;-0,01365779
2019-12-03;13648,69598596;-0,00940294;-0,02293231
2019-12-04;13692,97507003;0,00324420;-0,01976251
2019-12-05;13699,93779238;0,00050849;-0,01926407
2019-12-06;13840,25358509;0,01024208;-0,00921930
2019-12-09;13780,06395736;-0,00434888;-0,01352808
2019-12-10;13770,32264490;-0,00070691;-0,01422543
2019-12-11;13819,64648496;0,00358189;-0,01069449
2019-12-12;13943,53952729;0,00896499;-0,00182538
2019-12-13;13928,70753226;-0,00106372;-0,00288715
2019-12-16;14048,63855951;0,00861035;0,00000000
2019-12-17;14092,91622344;0,00315174;0,00000000
2019-12-18;14114,48848669;0,00153072;0,00000000
2019-12-19;14191,21473488;0,00543599;0,00000000
2019-12-20;14248,88265632;0,00406364;0,00000000
2019-12-23;14322,05224802;0,00513511;0,00000000
2019-12-24;14313,96134049;-0,00056493;-0,00056493
2019-12-27;14339,22328698;0,00176485;0,00000000
2019-12-30;14256,01580356;-0,00580279;-0,00580279
2019-12-31;14250,03407535;-0,00041959;-0,00621995
2020-01-02;14440,51195090;0,01336684;0,00000000
2020-01-03;14369,57770960;-0,00491217;-0,00491217
2020-01-06;14353,05379801;-0,00114992;-0,00605644
2020-01-07;14382,23483934;0,00203309;-0,00403567
2020-01-08;14472,56460538;0,00628065;0,00000000
2020-01-09;14593,17449515;0,00833369;0,00000000
2020-01-10;14584,87112019;-0,00056899;-0,00056899
2020-01-13;14704,27316637;0,00818671;0,00000000
2020-01-14;14677,68087308;-0,00180847;-0,00180847
2020-01-15;14688,98188187;0,00076995;-0,00103992
2020-01-16;14785,34290363;0,00656009;0,00000000
2020-01-17;14872,75325394;0,00591196;0,00000000
2020-01-21;14860,67805002;-0,00081190;-0,00081190
2020-01-22;14856,49018702;-0,00028181;-0,00109348
2020-01-23;14864,11746844;0,00051340;-0,00058064
2020-01-24;14862,87396488;-0,00008366;-0,00066425
2020-01-27;14580,78445485;-0,01897947;-0,01963112
2020-01-28;14793,20867345;0,01456878;-0,00534834
2020-01-29;14821,48012555;0,00191111;-0,00344745
2020-01-30;14803,95072391;-0,00118270;-0,00462608
2020-01-31;14535,02253486;-0,01816597;-0,02270802
2020-02-03;14717,65782782;0,01256519;-0,01042816
2020-02-04;14977,44213409;0,01765120;0,00000000
2020-02-05;15073,95802290;0,00644408;0,00000000
2020-02-06;15191,70842481;0,00781151;0,00000000
2020-02-07;15114,80921752;-0,00506192;-0,00506192
2020-02-10;15210,61098421;0,00633827;0,00000000
2020-02-11;15220,03711270;0,00061971;0,00000000
2020-02-12;15302,27569546;0,00540331;0,00000000
2020-02-13;15244,23740804;-0,00379279;-0,00379279
2020-02-14;15288,23346368;0,00288608;-0,00091766
2020-02-18;15228,62762097;-0,00389881;-0,00481288
2020-02-19;15397,27058634;0,01107408;0,00000000
2020-02-20;15300,56492774;-0,00628070;-0,00628070
2020-02-21;15072,88156000;-0,01488072;-0,02106796
2020-02-24;14603,97826939;-0,03110907;-0,05152162
2020-02-25;14262,16053992;-0,02340580;-0,07372151
2020-02-26;14314,54030756;0,00367264;-0,07031962
2020-02-27;13773,84497477;-0,03777246;-0,10543593
2020-02-28;13683,25450324;-0,00657699;-0,11131948
2020-03-02;14196,28373672;0,03749322;-0,07799998
2020-03-03;13943,12796916;-0,01783254;-0,09444158
2020-03-04;14284,97107945;0,02451696;-0,07224004
2020-03-05;14026,67817635;-0,01808144;-0,08901528
2020-03-06;13671,57223031;-0,02531647;-0,11207820
2020-03-09;12883,17461611;-0,05766693;-0,16328192
2020-03-10;13288,19323829;0,03143780;-0,13697735
2020-03-11;12982,79828688;-0,02298243;-0,15681171
2020-03-12;12022,58313906;-0,07396057;-0,21917439
2020-03-13;12730,94655441;0,05891940;-0,17316862
2020-03-16;11843,30563855;-0,06972309;-0,23081785
2020-03-17;12299,69442591;0,03853559;-0,20117696
2020-03-18;11984,93611585;-0,02559074;-0,22161944
2020-03-19;12061,28528341;0,00637043;-0,21666082
2020-03-20;11768,59712343;-0,02426675;-0,23566992
2020-03-23;11603,84415037;-0,01399937;-0,24637006
2020-03-24;12410,23955240;0,06949382;-0,19399744
2020-03-25;12523,73518491;0,00914532;-0,18662628
2020-03-26;12918,80033383;0,03154531;-0,16096816
2020-03-27;12439,41923778;-0,03710725;-0,19210232
2020-03-30;12782,91295539;0,02761332;-0,16979358
2020-03-31;12705,67512011;-0,00604227;-0,17480991
2020-04-01;12215,52272252;-0,03857744;-0,20664363
2020-04-02;12353,44064204;0,01129038;-0,19768633
2020-04-03;12284,45252108;-0,00558453;-0,20216687
2020-04-06;12956,85823646;0,05473632;-0,15849643
2020-04-07;13061,54616241;0,00807973;-0,15169730
2020-04-08;13188,38079081;0,00971054;-0,14345983
2020-04-09;13285,38194853;0,00735505;-0,13715994
2020-04-14;13571,56304204;0,02154105;-0,11857345
2020-04-15;13348,10879828;-0,01646489;-0,13308604
2020-04-16;13483,29204885;0,01012752;-0,12430635
2020-04-17;13637,27805120;0,01142050;-0,11430549
2020-04-20;13570,41769717;-0,00490276;-0,11864784
2020-04-21;13157,69808857;-0,03041318;-0,14545256
2020-04-22;13481,81360826;0,02463315;-0,12440237
2020-04-23;13485,24346676;0,00025441;-0,12417961
2020-04-24;13585,72176451;0,00745098;-0,11765389
2020-04-27;13730,89094915;0,01068542;-0,10822565
2020-04-28;13668,38787370;-0,00455200;-0,11228501
2020-04-29;14037,10436725;0,02697586;-0,08833814
2020-04-30;13891,81304598;-0,01035052;-0,09777431
2020-05-01;13608,38899578;-0,02040224;-0,11618173
2020-05-04;13681,00244359;0,00533593;-0,11146574
2020-05-05;13894,28958628;0,01559002;-0,09761347
2020-05-06;13951,06721340;0,00408640;-0,09392596
2020-05-07;14116,21154236;0,01183740;-0,08320040
2020-05-11;14315,42137483;0,01411213;-0,07026240
2020-05-12;14194,51780488;-0,00844569;-0,07811467
2020-05-13;13972,27040944;-0,01565727;-0,09254888
2020-05-14;14001,19228394;0,00206995;-0,09067051
2020-05-15;14103,65440375;0,00731810;-0,08401594
2020-05-18;14452,07213182;0,02470407;-0,06138740
2020-05-19;14413,66561566;-0,00265751;-0,06388177
2020-05-20;14610,69479036;0,01366961;-0,05108540
2020-05-21;14454,82786921;-0,01066800;-0,06120843
2020-05-22;14487,47587712;0,00225862;-0,05908805
2020-05-26;14555,83245299;0,00471832;-0,05464853
2020-05-27;14630,89616995;0,00515695;-0,04977339
2020-05-28;14691,58882221;0,00414825;-0,04583161
2020-05-29;14701,98633209;0,00070772;-0,04515633
2020-06-01;14723,14577612;0,00143922;-0,04378210
2020-06-02;14796,69595323;0,00499555;-0,03900527
2020-06-03;14940,32867244;0,00970708;-0,02967681
2020-06-04;14872,64734471;-0,00453011;-0,03407248
2020-06-05;15152,79865946;0,01883668;-0,01587761
2020-06-08;15203,46707961;0,00334383;-0,01258687
2020-06-09;15209,86082882;0,00042055;-0,01217162
2020-06-10;15317,74381369;0,00709296;-0,00516499
2020-06-11;14722,30514509;-0,03887248;-0,04383669
2020-06-12;14800,65607590;0,00532192;-0,03874807
2020-06-15;14837,63077303;0,00249818;-0,03634669
2020-06-16;15157,90138502;0,02158502;-0,01554621
2020-06-17;15190,47950795;0,00214925;-0,01343037
2020-06-18;15242,95505280;0,00345450;-0,01002227
2020-06-19;15245,66004715;0,00017746;-0,00984659
2020-06-22;15318,43353617;0,00477339;-0,00512020
2020-06-23;15423,33937988;0,00684834;0,00000000
2020-06-24;15130,01935545;-0,01901793;-0,01901793
2020-06-25;15215,80577001;0,00566995;-0,01345582
2020-06-26;15083,24626519;-0,00871196;-0,02205055
2020-06-29;15210,33594120;0,00842588;-0,01381046
2020-06-30;15343,52283696;0,00875634;-0,00517505
2020-07-01;15355,23701736;0,00076346;-0,00441554
2020-07-02;15473,89836169;0,00772774;0,00000000
2020-07-06;15674,59263813;0,01296986;0,00000000
2020-07-07;15536,36184758;-0,00881878;-0,00881878
2020-07-08;15615,99284528;0,00512546;-0,00373852
2020-07-09;15600,62442714;-0,00098415;-0,00471899
2020-07-10;15639,35495248;0,00248263;-0,00224808
2020-07-13;15599,82094479;-0,00252785;-0,00477025
2020-07-14;15622,25035055;0,00143780;-0,00333931
2020-07-15;15740,10932126;0,00754430;0,00000000
2020-07-16;15608,20912524;-0,00837988;-0,00837988
2020-07-17;15698,83023986;0,00580599;-0,00262254
2020-07-20;15879,85809875;0,01153130;0,00000000
2020-07-21;15818,95412231;-0,00383530;-0,00383530
2020-07-22;15869,33020918;0,00318454;-0,00066297
2020-07-23;15673,33790566;-0,01235038;-0,01300517
2020-07-24;15477,30754523;-0,01250725;-0,02534976
2020-07-27;15579,84195169;0,00662482;-0,01889287
2020-07-28;15482,34870474;-0,00625765;-0,02503230
2020-07-29;15592,38687709;0,00710733;-0,01810288
2020-07-30;15559,18965346;-0,00212907;-0,02019341
2020-07-31;15724,88946359;0,01064964;-0,00975882
2020-08-03;16034,66366575;0,01969961;0,00000000
2020-08-04;16061,65400507;0,00168325;0,00000000
2020-08-05;16114,74073749;0,00330518;0,00000000
2020-08-06;16207,32824751;0,00574552;0,00000000
2020-08-07;16142,44777564;-0,00400316;-0,00400316
2020-08-10;16105,17048423;-0,00230927;-0,00630318
2020-08-11;16022,14804031;-0,00515502;-0,01142571
2020-08-12;16246,34717102;0,01399308;0,00000000
2020-08-13;16229,93314132;-0,00101032;-0,00101032
2020-08-14;16197,04164507;-0,00202659;-0,00303487
2020-08-17;16280,09932716;0,00512795;0,00000000
2020-08-18;16259,15351662;-0,00128659;-0,00128659
2020-08-19;16285,18273011;0,00160090;0,00000000
2020-08-20;16361,01343939;0,00465642;0,00000000
2020-08-21;16492,84183578;0,00805747;0,00000000
2020-08-24;16635,32626038;0,00863917;0,00000000
2020-08-25;16666,90584913;0,00189835;0,00000000
2020-08-26;16859,30557780;0,01154382;0,00000000
2020-08-27;16886,61091548;0,00161960;0,00000000
2020-08-28;16906,52071461;0,00117903;0,00000000
2020-09-01;17085,64814284;0,01059517;0,00000000
2020-09-02;17264,86468138;0,01048930;0,00000000
2020-09-03;16674,77264352;-0,03417878;-0,03417878
2020-09-04;16446,91927467;-0,01366456;-0,04737630
2020-09-08;16142,60033626;-0,01850310;-0,06500279
2020-09-09;16478,41249466;0,02080285;-0,04555218
2020-09-10;16378,26283357;-0,00607763;-0,05135296
2020-09-11;16296,91599224;-0,00496676;-0,05606466
2020-09-14;16477,99648704;0,01111134;-0,04557627
2020-09-15;16601,17730620;0,00747547;-0,03844150
2020-09-16;16430,31621061;-0,01029211;-0,04833797
2020-09-17;16298,00813323;-0,00805268;-0,05600140
2020-09-18;16144,16742669;-0,00943923;-0,06491202
2020-09-21;16085,99623597;-0,00360323;-0,06828136
2020-09-22;16284,74464386;0,01235537;-0,05676963
2020-09-23;16070,50442358;-0,01315588;-0,06917866
2020-09-24;16037,55326516;-0,00205041;-0,07108723
2020-09-25;16252,94658407;0,01343056;-0,05861141
2020-09-28;16471,05520048;0,01341964;-0,04597832
2020-09-29;16442,21768039;-0,00175080;-0,04764862
2020-09-30;16510,21567183;0,00413557;-0,04371010
2020-10-01;16620,53115227;0,00668165;-0,03732051
2020-10-02;16617,37047176;-0,00019017;-0,03750358
2020-10-05;16620,19828253;0,00017017;-0,03733979
2020-10-06;16620,64602502;0,00002694;-0,03731385
2020-10-07;16620,99279881;0,00002086;-0,03729377
2020-10-08;16622,00404439;0,00006084;-0,03723520
2020-10-09;16623,68526270;0,00010114;-0,03713782
2020-10-12;16628,87926187;0,00031245;-0,03683698
2020-10-13;16626,74164607;-0,00012855;-0,03696079
2020-10-14;16625,73139755;-0,00006076;-0,03701930
2020-10-15;16624,68687676;-0,00006283;-0,03707980
2020-10-16;16626,98321072;0,00013813;-0,03694680
2020-10-19;16624,38473573;-0,00015628;-0,03709730
2020-10-20;16622,64861568;-0,00010443;-0,03719786
2020-10-21;16621,32831201;-0,00007943;-0,03727434
2020-10-22;16622,76607280;0,00008650;-0,03719106
2020-10-23;16623,26207559;0,00002984;-0,03716233
2020-10-26;16620,05926955;-0,00019267;-0,03734784
2020-10-27;16618,37021673;-0,00010163;-0,03744567
2020-10-28;16612,64505174;-0,00034451;-0,03777728
2020-10-29;16616,27366889;0,00021843;-0,03756711
2020-10-30;16613,34848995;-0,00017604;-0,03773654
2020-11-02;16614,76876669;0,00008549;-0,03765427
2020-11-03;16617,26413006;0,00015019;-0,03750974
2020-11-04;16621,12287239;0,00023221;-0,03728624
2020-11-05;16626,62744428;0,00033118;-0,03696740
2020-11-06;16624,79551407;-0,00011018;-0,03707351
2020-11-09;16628,16278294;0,00020254;-0,03687848
2020-11-10;16622,97710716;-0,00031186;-0,03717884
2020-11-11;16626,16694097;0,00019189;-0,03699408
2020-11-12;16625,28204892;-0,00005322;-0,03704533
2020-11-13;16627,82904552;0,00015320;-0,03689781
2020-11-16;16629,88630839;0,00012372;-0,03677865
2020-11-17;16628,88565283;-0,00006017;-0,03683661
2020-11-18;16627,73415288;-0,00006925;-0,03690330
2020-11-19;16628,16424773;0,00002587;-0,03687839
2020-11-20;16627,09805681;-0,00006412;-0,03694015
2020-11-23;16626,88862222;-0,00001260;-0,03695228
2020-11-24;16629,24094904;0,00014148;-0,03681603
2020-11-25;16627,46794305;-0,00010662;-0,03691872
2020-11-27;16630,65107428;0,00019144;-0,03673435
2020-11-30;16628,49694581;-0,00012953;-0,03685912
2020-12-01;16629,47264172;0,00005868;-0,03680261
2020-12-02;16631,56292277;0,00012570;-0,03668154
2020-12-03;16630,91231518;-0,00003912;-0,03671922
2020-12-04;16634,54066549;0,00021817;-0,03650906
2020-12-07;16632,19514344;-0,00014100;-0,03664492
2020-12-08;16632,57192604;0,00002265;-0,03662309
2020-12-09;16629,99894016;-0,00015470;-0,03677212
2020-12-10;16630,50932716;0,00003069;-0,03674256
2020-12-11;16631,82722621;0,00007925;-0,03666623
2020-12-14;16630,58013438;-0,00007498;-0,03673846
2020-12-15;16631,94881237;0,00008230;-0,03665919
2020-12-16;16635,05638767;0,00018684;-0,03647919
2020-12-17;16635,97788624;0,00005539;-0,03642582
2020-12-18;16635,85851409;-0,00000718;-0,03643273
2020-12-21;16635,89863805;0,00000241;-0,03643041
2020-12-22;16637,81280881;0,00011506;-0,03631954
2020-12-23;16634,30073468;-0,00021109;-0,03652296
2020-12-24;16636,39321457;0,00012579;-0,03640176
2020-12-29;16638,89192768;0,00015020;-0,03625703
2020-12-30;16636,43504611;-0,00014766;-0,03639934
2020-12-31;16637,84634230;0,00008483;-0,03631759
2021-01-04;16635,57319696;-0,00013662;-0,03644926
2021-01-05;16634,62549944;-0,00005697;-0,03650415
2021-01-06;16635,77456593;0,00006908;-0,03643759
2021-01-07;16640,19436567;0,00026568;-0,03618159
2021-01-08;16639,61937339;-0,00003455;-0,03621490
2021-01-11;16640,46773636;0,00005098;-0,03616576
2021-01-12;16637,00868900;-0,00020787;-0,03636611
2021-01-13;16638,04358512;0,00006220;-0,03630617
2021-01-14;16638,60714428;0,00003387;-0,03627353
2021-01-15;16636,69373872;-0,00011500;-0,03638435
2021-01-19;16638,59955888;0,00011456;-0,03627397
2021-01-20;16642,19959179;0,00021637;-0,03606545
2021-01-21;16643,80379299;0,00009639;-0,03597253
2021-01-22;16641,40692868;-0,00014401;-0,03611136
2021-01-25;16643,94154505;0,00015231;-0,03596455
2021-01-26;16642,44165654;-0,00009012;-0,03605143
2021-01-27;16638,29095465;-0,00024940;-0,03629184
2021-01-28;16640,81698180;0,00015182;-0,03614553
2021-01-29;16635,89655745;-0,00029568;-0,03643053
2021-02-01;16640,23007483;0,00026049;-0,03617953
2021-02-02;16640,40479971;0,00001050;-0,03616940
2021-02-03;16640,31553912;-0,00000536;-0,03617457
2021-02-04;16642,50621990;0,00013165;-0,03604769
2021-02-05;16642,86326226;0,00002145;-0,03602701
2021-02-08;16643,38989974;0,00003164;-0,03599650
2021-02-09;16643,17567433;-0,00001287;-0,03600891
2021-02-10;16641,03854990;-0,00012841;-0,03613270
2021-02-11;16643,38097368;0,00014076;-0,03599702
2021-02-12;16641,74370857;-0,00009837;-0,03609185
2021-02-16;16643,51486457;0,00010643;-0,03598927
2021-02-17;16643,10426585;-0,00002467;-0,03601305
2021-02-18;16640,30661306;-0,00016810;-0,03617509
2021-02-19;16642,45266354;0,00012897;-0,03605079
2021-02-22;16639,57467622;-0,00017293;-0,03621749
2021-02-23;16638,56603154;-0,00006062;-0,03627591
2021-02-24;16637,64128585;-0,00005558;-0,03632947
2021-02-25;16639,03018661;0,00008348;-0,03624902
2021-02-26;16638,34288007;-0,00004131;-0,03628883
2021-03-01;16638,21255363;-0,00000783;-0,03629638
2021-03-02;16636,55157512;-0,00009983;-0,03639259
2021-03-03;16633,34145871;-0,00019296;-0,03657852
2021-03-04;16624,50807297;-0,00053107;-0,03709016
2021-03-05;16616,12768137;-0,00050410;-0,03757556
2021-03-08;16638,96754387;0,00137456;-0,03625265
2021-03-09;16638,59004875;-0,00002269;-0,03627452
2021-03-10;16641,08151652;0,00014974;-0,03613021
2021-03-11;16648,13926730;0,00042412;-0,03572142
2021-03-12;16645,61145792;-0,00015184;-0,03586783
2021-03-15;16650,44339542;0,00029028;-0,03558796
2021-03-16;16655,80382608;0,00032194;-0,03527748
2021-03-17;16654,48118526;-0,00007941;-0,03535409
2021-03-18;16653,31235831;-0,00007018;-0,03542178
2021-03-19;16648,78241691;-0,00027201;-0,03568416
2021-03-22;16653,68985343;0,00029476;-0,03539992
2021-03-23;16657,19915011;0,00021072;-0,03519666
2021-03-24;16655,95482413;-0,00007470;-0,03526873
2021-03-25;16648,32942277;-0,00045782;-0,03571040
2021-03-26;16654,21834659;0,00035372;-0,03536931
2021-03-29;16656,33231925;0,00012693;-0,03524687
2021-03-30;16663,01257491;0,00040106;-0,03485994
2021-03-31;16660,25826847;-0,00016529;-0,03501947
2021-04-01;16665,05104854;0,00028768;-0,03474187
2021-04-06;16673,16333704;0,00048678;-0,03427199
2021-04-07;16676,95313237;0,00022730;-0,03405249
2021-04-08;16684,72176757;0,00046583;-0,03360252
2021-04-09;16685,37489976;0,00003915;-0,03356469
2021-04-12;16686,35743929;0,00005889;-0,03350778
2021-04-13;16689,16469509;0,00016824;-0,03334518
2021-04-14;16689,02433230;-0,00000841;-0,03335331
2021-04-15;16694,82788844;0,00034775;-0,03301716
2021-04-16;16695,74024658;0,00005465;-0,03296431
2021-04-19;16683,12909512;-0,00075535;-0,03369477
2021-04-20;16674,70732773;-0,00050481;-0,03418256
2021-04-21;16681,44474164;0,00040405;-0,03379233
2021-04-22;16692,65226520;0,00067186;-0,03314317
2021-04-23;16693,35407915;0,00004204;-0,03310252
2021-04-26;16692,74394623;-0,00003655;-0,03313786
2021-04-27;16690,75736754;-0,00011901;-0,03325293
2021-04-28;16690,91922996;0,00000970;-0,03324355
2021-04-29;16688,88396951;-0,00012194;-0,03336144
2021-04-30;16694,19625589;0,00031831;-0,03305374
2021-05-04;16680,25165793;-0,00083530;-0,03386143
2021-05-05;16689,35373964;0,00054568;-0,03333423
2021-05-06;16689,77482801;0,00002523;-0,03330984
2021-05-07;16694,42829971;0,00027882;-0,03304030
2021-05-10;16686,14689511;-0,00049606;-0,03351997
2021-05-11;16669,37354171;-0,00100523;-0,03449150
2021-05-12;16663,28768878;-0,00036509;-0,03484400
2021-05-13;16665,95458179;0,00016005;-0,03468953
2021-05-14;16674,51671198;0,00051375;-0,03419361
2021-05-17;16672,53170448;-0,00011904;-0,03430858
2021-05-18;16672,74224867;0,00001263;-0,03429638
2021-05-19;16659,07680509;-0,00081963;-0,03508790
2021-05-20;16672,83235850;0,00082571;-0,03429116
2021-05-21;16676,25131842;0,00020506;-0,03409314
2021-05-24;16681,39448869;0,00030841;-0,03379524
2021-05-25;16681,25412590;-0,00000841;-0,03380337
2021-05-26;16682,16648403;0,00005469;-0,03375052
2021-05-27;16682,14655559;-0,00000119;-0,03375168
2021-05-28;16685,16435558;0,00018090;-0,03357688
2021-06-01;16684,27192588;-0,00005349;-0,03362857
2021-06-02;16685,11410262;0,00005048;-0,03357979
2021-06-03;16685,60537238;0,00002944;-0,03355134
2021-06-04;16687,62618305;0,00012111;-0,03343429
2021-06-07;16686,88060992;-0,00004468;-0,03347747
2021-06-08;16688,14387503;0,00007570;-0,03340431
2021-06-09;16691,86348896;0,00022289;-0,03318886
2021-06-10;16690,60022385;-0,00007568;-0,03326203
2021-06-11;16693,88677699;0,00019691;-0,03307167
2021-06-14;16694,81110755;0,00005537;-0,03301813
2021-06-15;16697,12709358;0,00013872;-0,03288399
2021-06-16;16697,95729790;0,00004972;-0,03283590
2021-06-17;16701,05725170;0,00018565;-0,03265635
2021-06-18;16697,18530255;-0,00023184;-0,03288062
2021-06-21;16698,03945172;0,00005116;-0,03283114
2021-06-22;16702,39069821;0,00026058;-0,03257911
2021-06-23;16700,28525636;-0,00012606;-0,03270106
2021-06-24;16708,34414435;0,00048256;-0,03223428
2021-06-25;16710,73031178;0,00014281;-0,03209607
2021-06-28;16710,25101444;-0,00002868;-0,03212384
2021-06-29;16715,44443767;0,00031079;-0,03182303
2021-06-30;16714,18117256;-0,00007557;-0,03189620
2021-07-01;16718,80117220;0,00027641;-0,03162860
2021-07-02;16788,70174386;0,00418096;-0,02757988
2021-07-06;16823,78743134;0,00208984;-0,02554768
2021-07-07;16875,63572503;0,00308184;-0,02254457
2021-07-08;16839,88785430;-0,00211831;-0,02461513
2021-07-09;16890,39519328;0,00299927;-0,02168969
2021-07-12;16886,02771493;-0,00025858;-0,02194265
2021-07-13;16911,97447791;0,00153658;-0,02043979
2021-07-14;16984,37856223;0,00428123;-0,01624607
2021-07-15;16972,42787529;-0,00070363;-0,01693826
2021-07-16;16892,22230280;-0,00472564;-0,02158386
2021-07-19;16853,09393203;-0,00231635;-0,02385022
2021-07-20;16900,56984675;0,00281704;-0,02110036
2021-07-21;16882,84389733;-0,00104884;-0,02212707
2021-07-22;16895,98517347;0,00077838;-0,02136591
2021-07-23;16897,65103158;0,00009859;-0,02126942
2021-07-26;16873,38250317;-0,00143621;-0,02267508
2021-07-27;16848,85724986;-0,00145349;-0,02409561
2021-07-28;16902,85512274;0,00320484;-0,02096799
2021-07-29;17002,32428180;0,00588475;-0,01520663
2021-07-30;16931,13918093;-0,00418679;-0,01932975
2021-08-02;16940,63262922;0,00056071;-0,01877988
2021-08-03;16917,79315824;-0,00134821;-0,02010277
2021-08-04;16929,90540763;0,00071595;-0,01940121
2021-08-05;16900,63588407;-0,00172887;-0,02109653
2021-08-06;16709,78578476;-0,01129248;-0,03215078
2021-08-09;16562,92266108;-0,00878905;-0,04065726
2021-08-10;16575,03571018;0,00073134;-0,03995565
2021-08-11;16687,08545605;0,00676015;-0,03346561
2021-08-12;16703,67490382;0,00099415;-0,03250473
2021-08-13;16830,29059032;0,00758011;-0,02517101
2021-08-16;16851,24355722;0,00124496;-0,02395739
2021-08-17;16857,27330757;0,00035782;-0,02360814
2021-08-18;16863,48215155;0,00036832;-0,02324852
2021-08-19;16817,37313713;-0,00273425;-0,02591920
2021-08-20;16850,03976223;0,00194243;-0,02402712
2021-08-23;16968,90888208;0,00705453;-0,01714209
2021-08-24;16972,55356657;0,00021479;-0,01693098
2021-08-25;16920,01466003;-0,00309552;-0,01997409
2021-08-26;16921,51186714;0,00008849;-0,01988737
2021-08-27;17050,30284431;0,00761108;-0,01242766
2021-08-31;17037,09505395;-0,00077464;-0,01319267
2021-09-01;17051,14858809;0,00082488;-0,01237867
2021-09-02;17029,21296938;-0,00128646;-0,01364921
2021-09-03;17110,19934858;0,00475573;-0,00895839
2021-09-07;16951,29698019;-0,00928700;-0,01816219
2021-09-08;16918,26752636;-0,00194849;-0,02007529
2021-09-09;16937,66448000;0,00114651;-0,01895180
2021-09-10;16889,60960511;-0,00283716;-0,02173519
2021-09-13;16904,00535171;0,00085234;-0,02090137
2021-09-14;16958,03724732;0,00319640;-0,01777178
2021-09-15;16899,18414044;-0,00347051;-0,02118062
2021-09-16;16722,18128589;-0,01047405;-0,03143282
2021-09-17;16699,00481921;-0,00138597;-0,03277523
2021-09-20;16718,74885339;0,00118235;-0,03163163
2021-09-21;16795,97995693;0,00461943;-0,02715832
2021-09-22;16776,58300330;-0,00115486;-0,02828181
2021-09-23;16701,22707081;-0,00449173;-0,03264651
2021-09-24;16696,27409046;-0,00029656;-0,03293339
2021-09-27;16707,05466460;0,00064569;-0,03230897
2021-09-28;16596,10363164;-0,00664097;-0,03873538
2021-09-29;16594,88193765;-0,00007361;-0,03880614
2021-09-30;16703,85151592;0,00656646;-0,03249450
2021-10-01;16688,96569154;-0,00089116;-0,03335670
2021-10-04;16686,77512191;-0,00013126;-0,03348358
2021-10-05;16694,67344344;0,00047333;-0,03302611
2021-10-06;16690,91158824;-0,00022533;-0,03324400
2021-10-07;16709,49432460;0,00111334;-0,03216766
2021-10-08;16700,90248923;-0,00051419;-0,03266531
2021-10-11;16695,83633897;-0,00030335;-0,03295875
2021-10-12;16709,88869052;0,00084167;-0,03214482
2021-10-13;16843,03329041;0,00796801;-0,02443294
2021-10-14;16914,47146859;0,00424141;-0,02029516
2021-10-15;16790,96519164;-0,00730181;-0,02744878
2021-10-18;16783,35929427;-0,00045298;-0,02788932
2021-10-19;16814,83148666;0,00187520;-0,02606642
2021-10-20;16899,68041476;0,00504608;-0,02115188
2021-10-21;16887,94951237;-0,00069415;-0,02183134
2021-10-22;16952,45115858;0,00381939;-0,01809534
2021-10-25;17024,12299583;0,00422782;-0,01394402
2021-10-26;16975,10358719;-0,00287941;-0,01678328
2021-10-27;16995,68892180;0,00121268;-0,01559096
2021-10-28;16992,45409114;-0,00019033;-0,01577832
2021-10-29;16944,15841935;-0,00284218;-0,01857566
2021-11-01;17008,83129243;0,00381682;-0,01482974
2021-11-02;17036,73368948;0,00164047;-0,01321360
2021-11-03;17023,34088150;-0,00078611;-0,01398932
2021-11-04;17091,14161506;0,00398281;-0,01006223
2021-11-05;17116,25313003;0,00146927;-0,00860774
2021-11-08;17100,34881368;-0,00092919;-0,00952894
2021-11-09;17088,07278677;-0,00071788;-0,01023998
2021-11-10;17099,23346009;0,00065313;-0,00959354
2021-11-11;17111,23082704;0,00070163;-0,00889864
2021-11-12;17122,94953403;0,00068485;-0,00821988
2021-11-15;17123,50756769;0,00003259;-0,00818756
2021-11-16;17131,59941273;0,00047256;-0,00771887
2021-11-17;17106,48789775;-0,00146580;-0,00917336
2021-11-18;17103,97638938;-0,00014682;-0,00931883
2021-11-19;17110,67279337;0,00039151;-0,00893096
2021-11-22;17127,41380336;0,00097840;-0,00796131
2021-11-23;17091,97902243;-0,00206889;-0,01001373
2021-11-24;17112,34689437;0,00119166;-0,00883400
2021-11-26;17028,36318449;-0,00490778;-0,01369843
2021-11-29;17069,37830208;0,00240864;-0,01132279
2021-11-30;17041,19795881;-0,00165093;-0,01295502
2021-12-01;17074,40060508;0,00194838;-0,01103189
2021-12-02;17051,58627900;-0,00133617;-0,01235332
2021-12-03;16912,62467347;-0,00814948;-0,02040213
2021-12-06;17037,88962795;0,00740659;-0,01314665
2021-12-07;17487,05501884;0,02636274;0,00000000
2021-12-08;17519,65063470;0,00186399;0,00000000
2021-12-09;17442,60148791;-0,00439787;-0,00439787
2021-12-10;17580,11654099;0,00788386;0,00000000
2021-12-13;17433,03773373;-0,00836620;-0,00836620
2021-12-14;17208,45543772;-0,01288257;-0,02114099
2021-12-15;17452,49157149;0,01418118;-0,00725962
2021-12-16;17258,61429112;-0,01110886;-0,01828783
2021-12-17;17165,33071601;-0,00540504;-0,02359403
2021-12-20;16961,30640840;-0,01188584;-0,03519943
2021-12-21;17244,83673893;0,01671630;-0,01907153
2021-12-22;17410,05149853;0,00958053;-0,00967372
2021-12-23;17487,68843855;0,00445932;-0,00525754
2021-12-29;17667,09629294;0,01025909;0,00000000
2021-12-30;17615,96401299;-0,00289421;-0,00289421
2021-12-31;17543,07016438;-0,00413794;-0,00702018
2022-01-04;17540,49016511;-0,00014707;-0,00716621
2022-01-05;17251,41587812;-0,01648040;-0,02352851
2022-01-06;17109,16134784;-0,00824596;-0,03158046
2022-01-07;17001,71391414;-0,00628011;-0,03766224
2022-01-10;16918,09834110;-0,00491807;-0,04239508
2022-01-11;17089,46536341;0,01012921;-0,03269530
2022-01-12;17157,72983015;0,00399453;-0,02883136
2022-01-13;16919,70622918;-0,01387267;-0,04230407
2022-01-14;16912,66183099;-0,00041634;-0,04270280
2022-01-18;16692,01750427;-0,01304610;-0,05519180
2022-01-19;16530,78223500;-0,00965942;-0,06431810
2022-01-20;16461,40719998;-0,00419672;-0,06824489
2022-01-21;16202,59384868;-0,01572243;-0,08289435
2022-01-24;16045,03757524;-0,00972414;-0,09181241
2022-01-25;15889,15449465;-0,00971535;-0,10063577
2022-01-26;16037,39772467;0,00932984;-0,09224485
2022-01-27;15995,57584886;-0,00260777;-0,09461206
2022-01-28;16271,39132724;0,01724324;-0,07900025
2022-01-31;16595,56351376;0,01992283;-0,06065132
2022-02-01;16655,20287134;0,00359369;-0,05727559
2022-02-02;16738,68319347;0,00501227;-0,05255041
2022-02-03;16435,77407515;-0,01809635;-0,06969579
2022-02-04;16451,61785898;0,00096398;-0,06879899
2022-02-07;16429,20423354;-0,00136240;-0,07006766
2022-02-08;16535,46523826;0,00646781;-0,06405303
2022-02-09;16808,10593771;0,01648824;-0,04862091
2022-02-10;16543,38787330;-0,01574943;-0,06360459
2022-02-11;16231,07566233;-0,01887837;-0,08128221
2022-02-14;16156,13583638;-0,00461706;-0,08552398
2022-02-15;16433,84864135;0,01718931;-0,06980477
2022-02-16;16387,31335704;-0,00283167;-0,07243878
2022-02-17;16096,90597156;-0,01772148;-0,08887654
2022-02-18;15953,29548467;-0,00892162;-0,09700523
2022-02-22;15833,53211462;-0,00750712;-0,10378413
2022-02-23;15602,90797641;-0,01456555;-0,11683801
2022-02-24;15796,05563696;0,01237895;-0,10590539
2022-02-25;16102,99221274;0,01943122;-0,08853204
2022-02-28;16105,97347735;0,00018514;-0,08836329
2022-03-01;15878,35241603;-0,01413271;-0,10124719
2022-03-02;16108,93020675;0,01452152;-0,08819594
2022-03-03;15968,21620935;-0,00873515;-0,09616069
2022-03-04;15770,54823889;-0,01237884;-0,10734917
2022-03-07;15461,08219748;-0,01962304;-0,12486569
2022-03-08;15333,51718187;-0,00825072;-0,13208617
2022-03-09;15772,94706021;0,02865813;-0,10721339
2022-03-10;15585,69056243;-0,01187200;-0,11781255
2022-03-11;15501,98242129;-0,00537083;-0,12255064
2022-03-14;15329,22420748;-0,01114427;-0,13232916
2022-03-15;15614,95883974;0,01863986;-0,11615590
2022-03-16;15974,77438398;0,02304300;-0,09578948
2022-03-17;16080,42271815;0,00661345;-0,08980953
2022-03-18;16296,06356124;0,01341015;-0,07760374
2022-03-21;16296,32271081;0,00001590;-0,07758907
2022-03-22;16438,93649765;0,00875129;-0,06951679
2022-03-23;16318,02498691;-0,00735519;-0,07636067
2022-03-24;16528,89336411;0,01292242;-0,06442501
2022-03-25;16545,61262670;0,00101152;-0,06347866
2022-03-28;16696,14723619;0,00909816;-0,05495804
2022-03-29;16968,47623598;0,01631089;-0,03954357
2022-03-30;16847,63501739;-0,00712151;-0,04638347
2022-03-31;16692,54643786;-0,00920536;-0,05516186
2022-04-01;16624,32794094;-0,00408676;-0,05902319
2022-04-04;16822,45964625;0,01191818;-0,04780846
2022-04-05;16630,33256930;-0,01142087;-0,05868331
2022-04-06;16330,88643243;-0,01800602;-0,07563268
2022-04-07;16334,47498977;0,00021974;-0,07542956
2022-04-08;16301,02079445;-0,00204807;-0,07732315
2022-04-11;16012,53489376;-0,01769741;-0,09365214
2022-04-12;15995,02079274;-0,00109377;-0,09464348
2022-04-13;16085,65348874;0,00566631;-0,08951345
2022-04-14;15894,81968568;-0,01186360;-0,10031510
2022-04-19;16090,88522618;0,01233518;-0,08921732
2022-04-20;16105,69310054;0,00092026;-0,08837916
2022-04-21;15967,95050543;-0,00855242;-0,09617572
2022-04-22;15672,33875227;-0,01851282;-0,11290806
2022-04-25;15708,86595246;0,00233068;-0,11084053
2022-04-26;15438,31290082;-0,01722295;-0,12615448
2022-04-27;15576,15282020;0,00892843;-0,11835241
2022-04-28;15922,36411067;0,02222701;-0,09875602
2022-04-29;15575,35730194;-0,02179367;-0,11839744
2022-05-03;15682,34770217;0,00686921;-0,11234153
2022-05-04;15893,77813149;0,01348206;-0,10037406
2022-05-05;15582,11255917;-0,01960928;-0,11801508
2022-05-06;15490,80387054;-0,00585984;-0,12318337
2022-05-09;15037,71754814;-0,02924873;-0,14882914
2022-05-10;15118,31744444;0,00535985;-0,14426699
2022-05-11;14950,15116086;-0,01112335;-0,15378561
2022-05-12;14811,94079002;-0,00924475;-0,16160865
2022-05-13;15159,83366182;0,02348733;-0,14191708
2022-05-16;15066,90381193;-0,00613000;-0,14717713
2022-05-17;15267,42938192;0,01330901;-0,13582690
2022-05-18;14863,28633155;-0,02647093;-0,15870236
2022-05-19;14688,28923952;-0,01177378;-0,16860762
2022-05-20;14684,59505098;-0,00025151;-0,16881672
2022-05-23;14915,86208625;0,01574896;-0,15572645
2022-05-24;14749,98487107;-0,01112086;-0,16511550
2022-05-25;14887,30390146;0,00930977;-0,15734291
2022-05-26;15147,16290445;0,01745507;-0,14263427
2022-05-27;15466,91097987;0,02110944;-0,12453576
2022-05-31;15413,66009321;-0,00344289;-0,12754989
2022-06-01;15401,55657288;-0,00078525;-0,12823498
2022-06-06;15411,77602949;0,00066353;-0,12765653
2022-06-07;15443,33563343;0,00204776;-0,12587018
2022-06-08;15452,16049359;0,00057143;-0,12537068
2022-06-09;15342,05899728;-0,00712531;-0,13160268
2022-06-10;15273,32963343;-0,00447980;-0,13549293
2022-06-13;14974,22160357;-0,01958368;-0,15242316
2022-06-14;14941,57092952;-0,00218046;-0,15427127
2022-06-15;15064,78611085;0,00824647;-0,14729699
2022-06-16;14936,28579361;-0,00852985;-0,15457042
2022-06-17;14917,81722743;-0,00123649;-0,15561579
2022-06-21;14990,27412691;0,00485707;-0,15151455
2022-06-22;15011,05305449;0,00138616;-0,15033841
2022-06-23;14987,11552412;-0,00159466;-0,15169334
2022-06-24;15113,10271682;0,00840637;-0,14456216
2022-06-27;15124,36368168;0,00074511;-0,14392476
2022-06-28;15070,95102043;-0,00353156;-0,14694805
2022-06-29;15043,85484052;-0,00179791;-0,14848175
2022-06-30;14940,41118708;-0,00687614;-0,15433691
2022-07-01;14971,81129147;0,00210169;-0,15255959
2022-07-05;14847,19636671;-0,00832330;-0,15961310
2022-07-06;14807,62212637;-0,00266544;-0,16185309
2022-07-07;14874,70085584;0,00453001;-0,15805628
2022-07-08;14892,03889794;0,00116561;-0,15707490
2022-07-11;14824,45748150;-0,00453809;-0,16090017
2022-07-12;14788,09272520;-0,00245302;-0,16295850
2022-07-13;14765,94041843;-0,00149798;-0,16421238
2022-07-14;14666,46133272;-0,00673706;-0,16984313
2022-07-15;14747,11485170;0,00549918;-0,16527795
2022-07-18;14740,60611833;-0,00044136;-0,16564636
2022-07-19;14809,62707156;0,00468237;-0,16173961
2022-07-20;14823,13453166;0,00091207;-0,16097505
2022-07-21;14938,36166485;0,00777347;-0,15445292
2022-07-22;14926,02169820;-0,00082606;-0,15515139
2022-07-25;14894,28531554;-0,00212625;-0,15694775
2022-07-26;14832,84525023;-0,00412508;-0,16042540
2022-07-27;14977,89675915;0,00977908;-0,15221514
2022-07-28;15106,21450607;0,00856714;-0,14495205
2022-07-29;15178,93688704;0,00481407;-0,14083579
2022-08-01;15206,96685102;0,00184664;-0,13924922
2022-08-02;15160,47539146;-0,00305725;-0,14188075
2022-08-03;15248,94772834;0,00583572;-0,13687301
2022-08-04;15356,19476218;0,00703308;-0,13080257
2022-08-05;15289,72118190;-0,00432878;-0,13456513
2022-08-08;15356,31468131;0,00435544;-0,13079578
2022-08-09;15331,23824644;-0,00163297;-0,13221516
2022-08-10;15381,76790872;0,00329586;-0,12935506
2022-08-11;15388,03302525;0,00040731;-0,12900044
2022-08-12;15499,88012585;0,00726845;-0,12266963
2022-08-15;15462,68028321;-0,00240001;-0,12477523
2022-08-16;15456,78837278;-0,00038104;-0,12510873
2022-08-17;15395,42176948;-0,00397020;-0,12858222
2022-08-18;15416,38378682;0,00136157;-0,12739572
2022-08-19;15352,97825986;-0,00411287;-0,13098463
2022-08-22;15230,68277327;-0,00796559;-0,13790685
2022-08-23;15232,07388901;0,00009134;-0,13782811
2022-08-24;15276,37519316;0,00290842;-0,13532055
2022-08-25;15330,34846897;0,00353312;-0,13226553
2022-08-26;15171,23840923;-0,01037876;-0,14127154
2022-08-30;15040,10446531;-0,00864359;-0,14869403
2022-08-31;14977,60317263;-0,00415564;-0,15223176
2022-09-01;14887,40565767;-0,00602216;-0,15733715
2022-09-02;14987,93882634;0,00675290;-0,15164673
2022-09-06;14887,58369274;-0,00669573;-0,15732708
2022-09-07;14990,28903570;0,00689872;-0,15151371
2022-09-08;15002,82281513;0,00083613;-0,15080427
2022-09-09;15100,27263584;0,00649543;-0,14528837
2022-09-12;15176,93803659;0,00507709;-0,14094893
2022-09-13;14957,29948490;-0,01447186;-0,15338099
2022-09-14;14897,75522860;-0,00398095;-0,15675134
2022-09-15;14755,99770291;-0,00951536;-0,16477516
2022-09-16;14740,07628654;-0,00107898;-0,16567635
2022-09-20;14718,66139167;-0,00145283;-0,16688848
2022-09-21;14748,45877158;0,00202446;-0,16520188
2022-09-22;14662,26284364;-0,00584440;-0,17008078
2022-09-23;14565,41374166;-0,00660533;-0,17556267
2022-09-26;14552,46785021;-0,00088881;-0,17629544
2022-09-27;14522,10630150;-0,00208635;-0,17801397
2022-09-28;14678,67756114;0,01078158;-0,16915166
2022-09-29;14522,89943244;-0,01061255;-0,17796908
2022-09-30;14492,38811869;-0,00210091;-0,17969609
2022-10-03;14633,22631393;0,00971808;-0,17172431
2022-10-04;14836,72273361;0,01390646;-0,16020593
2022-10-05;14815,16815485;-0,00145279;-0,16142597
2022-10-06;14837,78295501;0,00152646;-0,16014592
2022-10-07;14663,59716247;-0,01173934;-0,17000525
2022-10-10;14524,15594020;-0,00950935;-0,17789796
2022-10-11;14461,06559187;-0,00434382;-0,18146902
2022-10-12;14491,87260961;0,00213034;-0,17972527
2022-10-13;14428,93024386;-0,00434329;-0,18328796
2022-10-14;14361,74988416;-0,00465595;-0,18709053
2022-10-17;14404,48763086;0,00297580;-0,18467147
2022-10-18;14473,15032985;0,00476676;-0,18078500
2022-10-19;14402,44750345;-0,00488510;-0,18478695
2022-10-20;14398,20134424;-0,00029482;-0,18502729
2022-10-21;14531,35021044;0,00924760;-0,17749074
2022-10-24;14567,53176023;0,00248990;-0,17544278
2022-10-25;14611,00276744;0,00298410;-0,17298222
2022-10-26;14631,47035198;0,00140083;-0,17182370
2022-10-27;14581,11578279;-0,00344152;-0,17467389
2022-10-28;14574,11049306;-0,00048044;-0,17507041
2022-10-31;14546,65777948;-0,00188366;-0,17662430
2022-11-01;14604,97467738;0,00400896;-0,17332342
2022-11-02;14506,64444838;-0,00673265;-0,17888915
2022-11-03;14468,91756005;-0,00260066;-0,18102458
2022-11-04;14666,80691021;0,01367686;-0,16982357
2022-11-07;14647,85088491;-0,00129244;-0,17089653
2022-11-08;14826,96193087;0,01222780;-0,16075841
2022-11-09;14776,92725353;-0,00337457;-0,16359050
2022-11-10;15092,99624478;0,02138936;-0,14570023
2022-11-11;15166,03488250;0,00483924;-0,14156607
2022-11-14;15203,86810921;0,00249460;-0,13942462
2022-11-15;15224,89836135;0,00138322;-0,13823426
2022-11-16;15157,02543396;-0,00445802;-0,14207603
2022-11-17;15096,98897433;-0,00396097;-0,14547424
2022-11-18;15051,82459507;-0,00299162;-0,14803065
2022-11-21;15013,20920869;-0,00256550;-0,15021637
2022-11-22;15051,44720742;0,00254696;-0,14805201
2022-11-23;15093,05809488;0,00276458;-0,14569673
2022-11-25;15094,65775844;0,00010599;-0,14560619
2022-11-28;15006,71382974;-0,00582616;-0,15058402
2022-11-29;15017,92821144;0,00074729;-0,14994926
2022-11-30;15174,64498947;0,01043531;-0,14107872
2022-12-01;15307,55129187;0,00875845;-0,13355590
2022-12-02;15271,11005069;-0,00238061;-0,13561856
2022-12-05;15156,21475271;-0,00752370;-0,14212191
2022-12-06;15097,42325076;-0,00387904;-0,14544965
2022-12-07;15124,23058712;0,00177562;-0,14393229
2022-12-08;15163,93623979;0,00262530;-0,14168486
2022-12-09;15163,90983020;-0,00000174;-0,14168635
2022-12-12;15138,67457836;-0,00166417;-0,14311473
2022-12-13;15286,76062926;0,00978197;-0,13473270
2022-12-14;15255,51731347;-0,00204382;-0,13650115
2022-12-15;15073,70006045;-0,01191813;-0,14679244
2022-12-16;15078,61002319;0,00032573;-0,14651453
2022-12-19;15038,73385816;-0,00264455;-0,14877161
2022-12-20;15129,06433252;0,00600652;-0,14365869
2022-12-21;15198,84830942;0,00461258;-0,13970875
2022-12-22;15073,48474321;-0,00824823;-0,14680463
2022-12-23;15100,08266171;0,00176455;-0,14529912
2022-12-28;15083,06106111;-0,00112725;-0,14626259
2022-12-29;15168,21574125;0,00564572;-0,14144263
2022-12-30;15179,04758157;0,00071411;-0,14082952
2023-01-03;15225,95243998;0,00309011;-0,13817459
2023-01-04;15297,37534991;0,00469087;-0,13413189
2023-01-05;15206,16179217;-0,00596269;-0,13929479
2023-01-06;15368,28278737;0,01066153;-0,13011835
2023-01-09;15428,05694842;0,00388945;-0,12673499
2023-01-10;15420,67921813;-0,00047820;-0,12715259
2023-01-11;15512,48981848;0,00595373;-0,12195589
2023-01-12;15603,61054694;0,00587402;-0,11679824
2023-01-13;15665,98857524;0,00399767;-0,11326749
2023-01-17;15651,88138663;-0,00090050;-0,11406599
2023-01-18;15560,85533641;-0,00581566;-0,11921829
2023-01-19;15537,99203313;-0,00146928;-0,12051240
2023-01-20;15621,90726720;0,00540065;-0,11576260
2023-01-23;15756,82229703;0,00863627;-0,10812609
2023-01-24;15782,02777213;0,00159965;-0,10669940
2023-01-25;15762,24720662;-0,00125336;-0,10781902
2023-01-26;15793,13506724;0,00195961;-0,10607070
2023-01-27;15826,43917526;0,00210877;-0,10418561
2023-01-30;15757,01467431;-0,00438662;-0,10811520
2023-01-31;15824,17813651;0,00426245;-0,10431359
2023-02-01;15958,62288036;0,00849616;-0,09670369
2023-02-02;16089,29536580;0,00818821;-0,08930731
2023-02-03;16012,65945126;-0,00476316;-0,09364509
2023-02-06;15942,37451193;-0,00438934;-0,09762339
2023-02-07;16028,54000199;0,00540481;-0,09274621
2023-02-08;15981,74775445;-0,00291931;-0,09539477
2023-02-09;15920,69221021;-0,00382033;-0,09885066
2023-02-10;15888,92433032;-0,00199538;-0,10064880
2023-02-13;15957,09946186;0,00429073;-0,09678992
2023-02-14;15946,80771918;-0,00064496;-0,09737246
2023-02-15;15996,04358487;0,00308751;-0,09458559
2023-02-16;15936,17923949;-0,00374245;-0,09797405
2023-02-17;15848,02813070;-0,00553151;-0,10296362
2023-02-21;15669,69899616;-0,01125245;-0,11305747
2023-02-22;15647,97955844;-0,00138608;-0,11428685
2023-02-23;15701,45372088;0,00341732;-0,11126008
2023-02-24;15602,56450658;-0,00629809;-0,11685745
2023-02-27;15645,02324497;0,00272127;-0,11445418
2023-02-28;15617,53702507;-0,00175687;-0,11600997
2023-03-01;15629,57382887;0,00077072;-0,11532866
2023-03-02;15665,11782881;0,00227415;-0,11331678
2023-03-03;15820,24894853;0,00990297;-0,10453599
2023-03-06;15822,75042579;0,00015812;-0,10439440
2023-03-07;15685,85948973;-0,00865153;-0,11214275
2023-03-08;15697,59602638;0,00074822;-0,11147844
2023-03-09;15707,57697033;0,00063583;-0,11091349
2023-03-10;15716,89061368;0,00059294;-0,11038632
2023-03-13;15786,18809793;0,00440911;-0,10646391
2023-03-14;15832,67814038;0,00294498;-0,10383246
2023-03-15;15830,66995976;-0,00012684;-0,10394613
2023-03-16;15947,61321268;0,00738713;-0,09732686
2023-03-17;16098,59824746;0,00946756;-0,08878075
2023-03-20;16098,02313536;-0,00003572;-0,08881330
2023-03-21;16058,99019316;-0,00242470;-0,09102266
2023-03-22;16150,10081760;0,00567350;-0,08586558
2023-03-23;16244,06394429;0,00581811;-0,08054704
2023-03-24;16143,36986660;-0,00619882;-0,08624657
2023-03-27;16095,55648279;-0,00296180;-0,08895292
2023-03-28;16122,67483481;0,00168483;-0,08741796
2023-03-29;16168,31690476;0,00283092;-0,08483451
2023-03-30;16274,67432571;0,00657814;-0,07881442
2023-03-31;16294,08100423;0,00119245;-0,07771596
2023-04-03;16353,96499325;0,00367520;-0,07432638
2023-04-04;16392,66715501;0,00236653;-0,07213574
2023-04-05;16358,80288213;-0,00206582;-0,07405254
2023-04-06;16351,32983876;-0,00045682;-0,07447554
2023-04-11;16351,11592922;-0,00001308;-0,07448764
2023-04-12;16359,23231743;0,00049638;-0,07402824
2023-04-13;16458,79118627;0,00608579;-0,06839297
2023-04-14;16401,05129451;-0,00350815;-0,07166118
2023-04-17;16406,52467031;0,00033372;-0,07135138
2023-04-18;16428,43344584;0,00133537;-0,07011129
2023-04-19;16388,74360685;-0,00241592;-0,07235783
2023-04-20;16389,90842449;0,00007107;-0,07229189
2023-04-21;16346,40911148;-0,00265403;-0,07475406
2023-04-24;16342,46493333;-0,00024129;-0,07497731
2023-04-25;16316,44474421;-0,00159218;-0,07645012
2023-04-26;16284,51246999;-0,00195706;-0,07825756
2023-04-27;16334,16380585;0,00304899;-0,07544717
2023-04-28;16371,50217123;0,00228591;-0,07333373
2023-05-02;16396,40043532;0,00152083;-0,07192443
2023-05-03;16417,96524317;0,00131522;-0,07070381
2023-05-04;16394,55418491;-0,00142594;-0,07202893
2023-05-05;16406,86296487;0,00075078;-0,07133223
2023-05-09;16431,39561189;0,00149527;-0,06994362
2023-05-10;16453,15941186;0,00132453;-0,06871174
2023-05-11;16434,69850161;-0,00112203;-0,06975667
2023-05-12;16430,61983332;-0,00024817;-0,06998753
2023-05-15;16455,83685726;0,00153476;-0,06856019
2023-05-16;16402,76676001;-0,00322500;-0,07156408
2023-05-17;16416,00968687;0,00080736;-0,07081450
2023-05-18;16453,64862589;0,00229282;-0,06868405
2023-05-19;16493,64579941;0,00243090;-0,06642011
2023-05-22;16511,43768951;0,00107871;-0,06541305
2023-05-23;16467,51738537;-0,00265999;-0,06789904
2023-05-24;16371,92407934;-0,00580496;-0,07330985
2023-05-25;16426,99643252;0,00336383;-0,07019262
2023-05-26;16548,50135348;0,00739666;-0,06331515
2023-05-30;16563,21252890;0,00088897;-0,06248247
2023-05-31;16514,00147104;-0,00297111;-0,06526793
2023-06-01;16577,73130833;0,00385914;-0,06166067
2023-06-02;16632,13222498;0,00328157;-0,05858145
2023-06-05;16659,91517138;0,00167044;-0,05700887
2023-06-06;16665,55242038;0,00033837;-0,05668978
2023-06-07;16536,95802777;-0,00771618;-0,06396853
2023-06-08;16610,02863640;0,00441862;-0,05983256
2023-06-09;16619,57230342;0,00057457;-0,05929237
2023-06-12;16741,71272515;0,00734919;-0,05237893
2023-06-13;16754,85045279;0,00078473;-0,05163530
2023-06-14;16794,17802308;0,00234723;-0,04940927
2023-06-15;16869,52768814;0,00448665;-0,04514429
2023-06-16;16829,61215093;-0,00236613;-0,04740361
2023-06-20;16725,18697127;-0,00620485;-0,05331433
2023-06-21;16661,03299372;-0,00383577;-0,05694559
2023-06-22;16640,18295756;-0,00125143;-0,05812576
2023-06-23;16582,13795667;-0,00348824;-0,06141124
2023-06-26;16559,18210915;-0,00138437;-0,06271060
2023-06-27;16624,97151739;0,00397299;-0,05898676
2023-06-28;16679,93430778;0,00330604;-0,05587573
2023-06-29;16702,33173496;0,00134278;-0,05460799
2023-06-30;16813,14300795;0,00663448;-0,04833580
2023-07-03;16829,44825228;0,00096979;-0,04741289
2023-07-05;16764,82009753;-0,00384018;-0,05107100
2023-07-06;16672,41438517;-0,00551188;-0,05630138
2023-07-07;16673,68397261;0,00007615;-0,05622952
2023-07-10;16685,85926988;0,00073021;-0,05554037
2023-07-11;16711,53277964;0,00153864;-0,05408719
2023-07-12;16856,69806900;0,00868653;-0,04587048
2023-07-13;16904,33175068;0,00282580;-0,04317430
2023-07-14;16895,05688013;-0,00054867;-0,04369928
2023-07-17;16956,68713505;0,00364783;-0,04021086
2023-07-18;17078,78357171;0,00720049;-0,03329991
2023-07-19;17162,04770819;0,00487530;-0,02858696
2023-07-20;17051,93592360;-0,00641601;-0,03481955
2023-07-21;17035,85774653;-0,00094289;-0,03572961
2023-07-24;17034,17776524;-0,00009861;-0,03582471
2023-07-25;17101,70203610;0,00396405;-0,03200267
2023-07-26;17043,97085366;-0,00337576;-0,03527039
2023-07-27;17018,71886912;-0,00148158;-0,03669972
2023-07-28;17109,26378802;0,00532031;-0,03157466
2023-07-31;17128,14695088;0,00110368;-0,03050582
2023-08-01;17105,52828986;-0,00132056;-0,03178610
2023-08-02;16944,93795542;-0,00938821;-0,04087589
2023-08-03;16903,99089888;-0,00241648;-0,04319359
2023-08-04;16871,52526069;-0,00192059;-0,04503123
2023-08-07;16851,69677458;-0,00117526;-0,04615357
2023-08-08;16787,71167504;-0,00379695;-0,04977528
2023-08-09;16731,49568909;-0,00334864;-0,05295724
2023-08-10;16763,25956713;0,00189845;-0,05115933
2023-08-11;16693,71267162;-0,00414877;-0,05509585
2023-08-14;16761,84523619;0,00408133;-0,05123938
2023-08-15;16671,05478152;-0,00541650;-0,05637834
2023-08-16;16594,37227827;-0,00459974;-0,06071875
2023-08-17;16514,13444679;-0,00483524;-0,06526040
2023-08-18;16489,28536318;-0,00150472;-0,06666692
2023-08-21;16579,34673450;0,00546181;-0,06156923
2023-08-22;16609,40718889;0,00181313;-0,05986774
2023-08-23;16749,07330789;0,00840886;-0,05196230
2023-08-24;16659,64864153;-0,00533908;-0,05702395
2023-08-25;16696,39404438;0,00220565;-0,05494407
2023-08-29;16928,89586794;0,01392527;-0,04178391
2023-08-30;16962,06352979;0,00195923;-0,03990654
2023-08-31;17000,46547652;0,00226399;-0,03773290
2023-09-01;17037,43393733;0,00217456;-0,03564040
2023-09-05;17015,64437356;-0,00127892;-0,03687374
2023-09-06;16936,48047895;-0,00465242;-0,04135461
2023-09-07;16881,22975807;-0,00326223;-0,04448193
2023-09-08;16908,65507476;0,00162460;-0,04292959
2023-09-11;16930,87199385;0,00131394;-0,04167206
2023-09-12;16853,36753649;-0,00457770;-0,04605900
2023-09-13;16850,12309482;-0,00019251;-0,04624264
2023-09-14;16938,15089022;0,00522416;-0,04126006
2023-09-15;16884,16604947;-0,00318717;-0,04431573
2023-09-18;16915,40877257;0,00185042;-0,04254732
2023-09-19;16886,41686854;-0,00171393;-0,04418833
2023-09-20;16854,51094559;-0,00188944;-0,04599428
2023-09-21;16707,53333872;-0,00872037;-0,05431356
2023-09-22;16740,92896104;0,00199884;-0,05242329
2023-09-25;16712,70672598;-0,00168582;-0,05402074
2023-09-26;16587,20471113;-0,00750938;-0,06112445
2023-09-27;16534,74671281;-0,00316256;-0,06409370
2023-09-28;16541,72409077;0,00042198;-0,06369876
2023-09-29;16522,30742273;-0,00117380;-0,06479779
2023-10-02;16508,19296436;-0,00085427;-0,06559671
2023-10-03;16386,07083252;-0,00739767;-0,07250911
2023-10-04;16414,89473746;0,00175905;-0,07087761
2023-10-05;16414,81584945;-0,00000481;-0,07088207
2023-10-06;16520,22834637;0,00642179;-0,06491547
2023-10-09;16621,85142274;0,00615143;-0,05916337
2023-10-10;16690,65517697;0,00413936;-0,05526891
2023-10-11;16724,59758055;0,00203362;-0,05334769
2023-10-12;16761,81187293;0,00222512;-0,05124127
2023-10-13;16788,67493482;0,00160263;-0,04972075
2023-10-16;16829,27104524;0,00241807;-0,04742292
2023-10-17;16821,86622421;-0,00044000;-0,04784205
2023-10-18;16801,48662654;-0,00121149;-0,04899558
2023-10-19;16792,49007192;-0,00053546;-0,04950481
2023-10-20;16659,37303265;-0,00792718;-0,05703955
2023-10-23;16629,29384875;-0,00180554;-0,05874211
2023-10-24;16681,37260837;0,00313175;-0,05579432
2023-10-25;16641,81016965;-0,00237165;-0,05803365
2023-10-26;16529,63327156;-0,00674067;-0,06438313
2023-10-27;16566,63407310;0,00223845;-0,06228880
2023-10-30;16596,75957862;0,00181844;-0,06058362
2023-10-31;16631,82016120;0,00211250;-0,05859911
2023-11-01;16732,45401292;0,00605068;-0,05290299
2023-11-02;16913,50808696;0,01082053;-0,04265490
2023-11-03;16971,93088779;0,00345421;-0,03934803
2023-11-06;16972,00143408;0,00000416;-0,03934404
2023-11-07;17056,19275204;0,00496060;-0,03457860
2023-11-08;17051,66472967;-0,00026548;-0,03483490
2023-11-09;17074,43895739;0,00133560;-0,03354583
2023-11-10;17178,36234958;0,00608649;-0,02766351
2023-11-13;17186,23600445;0,00045835;-0,02721784
2023-11-14;17332,88372444;0,00853286;-0,01891723
2023-11-15;17368,91628877;0,00207886;-0,01687770
2023-11-16;17401,49748559;0,00187583;-0,01503353
2023-11-17;17419,95792232;0,00106085;-0,01398862
2023-11-20;17495,84649158;0,00435642;-0,00969315
2023-11-21;17462,91620738;-0,00188218;-0,01155708
2023-11-22;17522,52617747;0,00341352;-0,00818302
2023-11-24;17480,29620845;-0,00241004;-0,01057333
2023-11-27;17493,21799148;0,00073922;-0,00984193
2023-11-28;17519,17457718;0,00148381;-0,00837272
2023-11-29;17527,61610683;0,00048185;-0,00789491
2023-11-30;17532,02867235;0,00025175;-0,00764515
2023-12-01;17618,94610337;0,00495764;-0,00272542
2023-12-04;17450,23102718;-0,00957578;-0,01227509
2023-12-05;17464,22906291;0,00080217;-0,01148277
2023-12-06;17471,82451768;0,00043491;-0,01105285
2023-12-07;17529,54170395;0,00330344;-0,00778592
2023-12-08;17503,30292143;-0,00149683;-0,00927110
2023-12-11;17482,07400904;-0,00121285;-0,01047270
2023-12-12;17514,01607457;0,00182713;-0,00866471
2023-12-13;17692,59238225;0,01019619;0,00000000
2023-12-14;17717,73022409;0,00142081;0,00000000
2023-12-15;17702,53389243;-0,00085769;-0,00085769
2023-12-18;17760,96729252;0,00330085;0,00000000
2023-12-19;17803,87602176;0,00241590;0,00000000
2023-12-20;17765,64280453;-0,00214747;-0,00214747
2023-12-21;17820,44252280;0,00308459;0,00000000
2023-12-22;17843,23129331;0,00127880;0,00000000
2023-12-27;17938,10232238;0,00531692;0,00000000
2023-12-28;17934,71171672;-0,00018902;-0,00018902
2023-12-29;17918,00749493;-0,00093139;-0,00112023
2024-01-02;17820,18657695;-0,00545936;-0,00657348
2024-01-03;17700,91334955;-0,00669315;-0,01322263
2024-01-04;17682,97084888;-0,00101365;-0,01422288
2024-01-05;17658,55760316;-0,00138061;-0,01558385
2024-01-08;17696,45197341;0,00214595;-0,01347134
2024-01-09;17733,41376119;0,00208866;-0,01141083
2024-01-10;17757,19263808;0,00134091;-0,01008522
2024-01-11;17770,84142337;0,00076863;-0,00932434
2024-01-12;17861,74792856;0,00511549;-0,00425655
2024-01-16;17828,89232707;-0,00183944;-0,00608816
2024-01-17;17704,20467092;-0,00699357;-0,01303915
2024-01-18;17834,38095966;0,00735285;-0,00578218
2024-01-19;17954,90478329;0,00675795;0,00000000
2024-01-22;17982,15569225;0,00151774;0,00000000
2024-01-23;18020,26875078;0,00211949;0,00000000
2024-01-24;18019,11235642;-0,00006417;-0,00006417
2024-01-25;18066,71437180;0,00264175;0,00000000
2024-01-26;18031,61111087;-0,00194298;-0,00194298
2024-01-29;18112,45777104;0,00448361;0,00000000
2024-01-30;18123,99229240;0,00063683;0,00000000
2024-01-31;18011,34951704;-0,00621512;-0,00621512
2024-02-01;18099,84198526;0,00491315;-0,00133250
2024-02-02;18146,58387270;0,00258245;0,00000000
2024-02-05;18142,16457864;-0,00024353;-0,00024353
2024-02-06;18159,42166303;0,00095121;0,00000000
2024-02-07;18210,26592335;0,00279988;0,00000000
2024-02-08;18223,49289484;0,00072635;0,00000000
2024-02-09;18255,36911780;0,00174918;0,00000000
2024-02-12;18255,83256399;0,00002539;0,00000000
2024-02-13;18055,71448583;-0,01096187;-0,01096187
2024-02-14;18114,25445361;0,00324219;-0,00775523
2024-02-15;18178,47155921;0,00354511;-0,00423760
2024-02-16;18193,90495109;0,00084899;-0,00339221
2024-02-20;18141,75076774;-0,00286657;-0,00624906
2024-02-21;18122,85708550;-0,00104145;-0,00728400
2024-02-22;18300,14309088;0,00978245;0,00000000
2024-02-23;18335,13264009;0,00191198;0,00000000
2024-02-26;18319,04551684;-0,00087739;-0,00087739
2024-02-27;18307,89172717;-0,00060886;-0,00148572
2024-02-28;18310,71880304;0,00015442;-0,00133153
2024-02-29;18382,06008300;0,00389615;0,00000000
2024-03-01;18595,47627774;0,01161003;0,00000000
2024-03-04;18689,71029951;0,00506758;0,00000000
2024-03-05;18611,06470613;-0,00420796;-0,00420796
2024-03-06;18707,85088636;0,00520046;0,00000000
2024-03-07;18812,30574001;0,00558348;0,00000000
2024-03-08;18801,13986944;-0,00059354;-0,00059354
2024-03-11;18784,92676147;-0,00086235;-0,00145538
2024-03-12;18827,83054292;0,00228395;0,00000000
2024-03-13;18843,55548544;0,00083520;0,00000000
2024-03-14;18814,50019444;-0,00154192;-0,00154192
2024-03-15;18726,14079274;-0,00469635;-0,00623103
2024-03-18;18787,69180969;0,00328690;-0,00296460
2024-03-19;18803,22757271;0,00082691;-0,00214014
2024-03-20;18924,38986947;0,00644370;0,00000000
2024-03-21;19010,36206172;0,00454293;0,00000000
2024-03-22;18961,82515830;-0,00255318;-0,00255318
2024-03-25;18941,83570369;-0,00105419;-0,00360468
2024-03-26;18964,68664625;0,00120637;-0,00240266
2024-03-27;19022,65705947;0,00305676;0,00000000
2024-03-28;19114,56001803;0,00483124;0,00000000
2024-04-02;19234,42117334;0,00627067;0,00000000
2024-04-03;19308,84925120;0,00386953;0,00000000
2024-04-04;19231,51097002;-0,00400533;-0,00400533
2024-04-05;19348,77498980;0,00609749;0,00000000
2024-04-08;19396,58438446;0,00247093;0,00000000
2024-04-09;19417,85317849;0,00109652;0,00000000
2024-04-10;19329,99688492;-0,00452451;-0,00452451
2024-04-11;19530,25135818;0,01035978;0,00000000
2024-04-12;19407,72457176;-0,00627369;-0,00627369
2024-04-15;19463,11685477;0,00285414;-0,00343746
2024-04-16;19406,25027188;-0,00292176;-0,00634918
2024-04-17;19287,97691978;-0,00609460;-0,01240509
2024-04-18;19292,82984090;0,00025160;-0,01215660
2024-04-19;19232,61093024;-0,00312131;-0,01523997
2024-04-22;19113,62794751;-0,00618652;-0,02133221
2024-04-23;19172,30115483;0,00306971;-0,01832799
2024-04-24;19179,92522575;0,00039766;-0,01793762
2024-04-25;19146,71850093;-0,00173133;-0,01963789
2024-04-26;19282,84712231;0,00710976;-0,01266774
2024-04-29;19266,52964748;-0,00084622;-0,01350324
2024-04-30;19049,50463831;-0,01126435;-0,02461549
2024-05-01;19042,73128427;-0,00035557;-0,02496230
2024-05-02;19073,07668035;0,00159354;-0,02340854
2024-05-03;19184,16805904;0,00582451;-0,01772037
2024-05-07;19313,62488083;0,00674811;-0,01109184
2024-05-08;19311,83832200;-0,00009250;-0,01118332
2024-05-09;19440,79937722;0,00667782;-0,00458018
2024-05-10;19519,44831209;0,00404556;-0,00055314
2024-05-13;19442,32198602;-0,00395126;-0,00450221
2024-05-14;19520,36411273;0,00401403;-0,00050625
2024-05-15;19696,56585639;0,00902656;0,00000000
2024-05-16;19681,97019067;-0,00074103;-0,00074103
2024-05-17;19768,24497919;0,00438344;0,00000000
2024-05-20;19852,84375446;0,00427953;0,00000000
2024-05-21;19829,39801629;-0,00118098;-0,00118098
2024-05-22;19690,51413642;-0,00700394;-0,00817664
2024-05-23;19522,45408247;-0,00853508;-0,01664193
2024-05-24;19537,29628636;0,00076026;-0,01589432
2024-05-28;19609,90110392;0,00371622;-0,01223717
2024-05-29;19507,45029365;-0,00522444;-0,01739768
2024-05-30;19449,54164821;-0,00296854;-0,02031458
2024-05-31;19393,76644525;-0,00286769;-0,02312401
2024-06-03;19493,59056375;0,00514723;-0,01809581
2024-06-04;19423,43016230;-0,00359915;-0,02162983
2024-06-05;19616,39980679;0,00993489;-0,01190983
2024-06-06;19680,67217613;0,00327646;-0,00867239
2024-06-07;19449,15392005;-0,01176374;-0,02033411
2024-06-10;19509,36722805;0,00309593;-0,01730112
2024-06-11;19569,51083903;0,00308281;-0,01427165
2024-06-12;19680,74591762;0,00568410;-0,00866867
2024-06-13;19635,58468103;-0,00229469;-0,01094347
2024-06-14;19750,85280716;0,00587037;-0,00513735
2024-06-17;19765,52555839;0,00074289;-0,00439827
2024-06-18;19831,41176306;0,00333339;-0,00107954
2024-06-20;19912,13460443;0,00407045;0,00000000
2024-06-21;19783,19379123;-0,00647549;-0,00647549
2024-06-24;19752,98673363;-0,00152691;-0,00799251
2024-06-25;19758,08194857;0,00025795;-0,00773662
2024-06-26;19699,42003948;-0,00296901;-0,01068266
2024-06-27;19781,98037376;0,00419100;-0,00653643
2024-06-28;19805,35183853;0,00118145;-0,00536270
2024-07-01;19823,90579236;0,00093682;-0,00443091
2024-07-02;19834,44643701;0,00053171;-0,00390155
2024-07-03;19963,51076213;0,00650708;0,00000000
2024-07-05;20082,54021113;0,00596235;0,00000000
2024-07-08;20011,36864619;-0,00354395;-0,00354395
2024-07-09;20031,17545186;0,00098978;-0,00255768
2024-07-10;20103,64171344;0,00361767;0,00000000
2024-07-11;20158,22698250;0,00271519;0,00000000
2024-07-12;20192,95377740;0,00172271;0,00000000
2024-07-15;20228,09101252;0,00174007;0,00000000
2024-07-16;20377,11478981;0,00736717;0,00000000
2024-07-17;20196,69801000;-0,00885389;-0,00885389
2024-07-18;20124,73101122;-0,00356331;-0,01238565
2024-07-19;19929,15069316;-0,00971841;-0,02198369
2024-07-22;20007,79947200;0,00394642;-0,01812402
2024-07-23;20059,10011995;0,00256403;-0,01560646
2024-07-24;19845,95700850;-0,01062576;-0,02606639
2024-07-25;19695,25870984;-0,00759340;-0,03346186
2024-07-26;19821,26583168;0,00639784;-0,02727810
2024-07-29;19804,55826511;-0,00084291;-0,02809802
2024-07-30;19823,52675791;0,00095778;-0,02716714
2024-07-31;20132,02840434;0,01556240;-0,01202753
2024-08-01;19980,61270884;-0,00752113;-0,01945821
2024-08-02;19759,49494576;-0,01106662;-0,03030948
2024-08-05;19523,46090141;-0,01194535;-0,04189278
2024-08-06;19537,37260186;0,00071256;-0,04121006
2024-08-07;19553,64543969;0,00083291;-0,04041148
2024-08-08;19739,59807738;0,00950987;-0,03128592
2024-08-09;19780,40224538;0,00206712;-0,02928347
2024-08-12;19939,24595676;0,00803036;-0,02148826
2024-08-13;20030,48377225;0,00457579;-0,01701080
2024-08-14;20017,91905284;-0,00062728;-0,01762741
2024-08-15;20166,27647202;0,00741123;-0,01034682
2024-08-16;20338,05968978;0,00851834;-0,00191662
2024-08-19;20382,13570468;0,00216717;0,00000000
2024-08-20;20393,48480360;0,00055682;0,00000000
2024-08-21;20401,25277852;0,00038090;0,00000000
2024-08-22;20239,74438065;-0,00791659;-0,00791659
2024-08-23;20361,79650780;0,00603032;-0,00193401
2024-08-27;20377,35177221;0,00076394;-0,00117155
2024-08-28;20283,41037262;-0,00461009;-0,00577623
2024-08-29;20348,39115220;0,00320364;-0,00259110
2024-08-30;20313,04229454;-0,00173718;-0,00432378
2024-09-03;20161,06809191;-0,00748161;-0,01177304
2024-09-04;20103,17715062;-0,00287142;-0,01461065
2024-09-05;20134,82604782;0,00157432;-0,01305933
2024-09-06;19962,99412372;-0,00853407;-0,02148195
2024-09-09;20089,39272486;0,00633165;-0,01528632
2024-09-10;20165,15678319;0,00377135;-0,01157262
2024-09-11;20216,54259554;0,00254825;-0,00905386
2024-09-12;20452,17513429;0,01165543;0,00000000
2024-09-13;20577,60800476;0,00613298;0,00000000
2024-09-16;20539,57221098;-0,00184841;-0,00184841
2024-09-17;20534,64592788;-0,00023984;-0,00208781
2024-09-18;20414,15495733;-0,00586769;-0,00794325
2024-09-19;20659,52860289;0,01201978;0,00000000
2024-09-20;20721,00428458;0,00297566;0,00000000
2024-09-23;20734,89757032;0,00067049;0,00000000
2024-09-24;20869,99452201;0,00651544;0,00000000
2024-09-25;20880,49941570;0,00050335;0,00000000
2024-09-26;20952,04085789;0,00342623;0,00000000
2024-09-27;20881,48944376;-0,00336728;-0,00336728
2024-09-30;20802,15827358;-0,00379911;-0,00715360
2024-10-01;20847,74838050;0,00219160;-0,00497768
2024-10-02;20877,84992373;0,00144388;-0,00354099
2024-10-03;20918,56906809;0,00195035;-0,00159754
2024-10-04;20941,40530894;0,00109167;-0,00050761
2024-10-07;20927,68222139;-0,00065531;-0,00116259
2024-10-08;20902,40232127;-0,00120796;-0,00236915
2024-10-09;20922,75654720;0,00097377;-0,00139768
2024-10-10;20993,82531296;0,00339672;0,00000000
2024-10-11;21099,32357295;0,00502520;0,00000000
2024-10-14;21152,15876180;0,00250412;0,00000000
2024-10-15;21098,11677557;-0,00255492;-0,00255492
2024-10-16;21162,57787622;0,00305530;0,00000000
2024-10-17;21245,41600621;0,00391437;0,00000000
2024-10-18;21331,96410050;0,00407373;0,00000000
2024-10-21;21331,88576981;-0,00000367;-0,00000367
2024-10-22;21418,23182582;0,00404775;0,00000000
2024-10-23;21263,19373656;-0,00723860;-0,00723860
2024-10-24;21329,49818376;0,00311827;-0,00414290
2024-10-25;21381,76657509;0,00245052;-0,00170253
2024-10-28;21375,44969992;-0,00029543;-0,00199746
2024-10-29;21490,27819867;0,00537198;0,00000000
2024-10-30;21496,83202136;0,00030497;0,00000000
2024-10-31;21254,88530459;-0,01125499;-0,01125499
2024-11-01;21242,61217154;-0,00057743;-0,01182592
2024-11-04;21231,76703299;-0,00051054;-0,01233042
2024-11-05;21295,73844211;0,00301300;-0,00935457
2024-11-06;21221,13744925;-0,00350309;-0,01282489
2024-11-07;21419,42000920;0,00934363;-0,00360109
2024-11-08;21387,92193554;-0,00147054;-0,00506633
2024-11-11;21222,00779212;-0,00775738;-0,01278441
2024-11-12;21166,77899182;-0,00260243;-0,01535357
2024-11-13;21094,13959269;-0,00343176;-0,01873264
2024-11-14;21066,80244977;-0,00129596;-0,02000432
2024-11-15;20950,17592975;-0,00553603;-0,02542961
2024-11-18;21124,93711210;0,00834175;-0,01729999
2024-11-19;21207,30180835;0,00389893;-0,01346851
2024-11-20;21239,71619133;0,00152845;-0,01196064
2024-11-21;21399,87335246;0,00754046;-0,00451037
2024-11-22;21558,37194518;0,00740652;0,00000000
2024-11-25;21330,41121067;-0,01057412;-0,01057412
2024-11-26;21363,80275982;0,00156544;-0,00902523
2024-11-27;21296,09806370;-0,00316913;-0,01216576
2024-11-29;21421,19930762;0,00587437;-0,00636285
2024-12-02;21408,65244419;-0,00058572;-0,00694484
2024-12-03;21432,93088148;0,00113405;-0,00581867
2024-12-04;21500,25533924;0,00314117;-0,00269578
2024-12-05;21425,84629621;-0,00346084;-0,00614729
2024-12-06;21440,77546226;0,00069678;-0,00545479
2024-12-09;21488,31715890;0,00221735;-0,00324954
2024-12-10;21566,49799848;0,00363830;0,00000000
2024-12-11;21701,05528305;0,00623918;0,00000000
2024-12-12;21572,73145896;-0,00591325;-0,00591325
2024-12-13;21479,16821329;-0,00433711;-0,01022471
2024-12-16;21504,24046353;0,00116728;-0,00906937
2024-12-17;21443,49538682;-0,00282480;-0,01186854
2024-12-18;21212,24149759;-0,01078434;-0,02252489
2024-12-19;21157,88996727;-0,00256227;-0,02502944
2024-12-20;21293,92185014;0,00642937;-0,01876100
2024-12-23;21282,56139218;-0,00053351;-0,01928449
2024-12-24;21349,83507266;0,00316098;-0,01618448
2024-12-27;21310,28722865;-0,00185237;-0,01800687
2024-12-30;21238,48078660;-0,00336957;-0,02131576
2024-12-31;21287,37674492;0,00230223;-0,01906260
2025-01-02;21448,06460835;0,00754850;-0,01165799
2025-01-03;21410,35769354;-0,00175806;-0,01339555
2025-01-06;21463,36302164;0,00247569;-0,01095303
2025-01-07;21433,47338736;-0,00139259;-0,01233036
2025-01-08;21503,41993350;0,00326343;-0,00910718
2025-01-10;21527,95333010;0,00114091;-0,00797666
2025-01-13;21421,51986473;-0,00494397;-0,01288119
2025-01-14;21492,76175413;0,00332572;-0,00959831
2025-01-15;21652,70882327;0,00744190;-0,00222784
2025-01-16;21712,14097973;0,00274479;0,00000000
2025-01-17;21765,23175618;0,00244521;0,00000000
2025-01-21;21886,37133957;0,00556574;0,00000000
2025-01-22;22020,40933290;0,00612427;0,00000000
2025-01-23;22008,79194637;-0,00052757;-0,00052757
2025-01-24;22013,12034384;0,00019667;-0,00033101
2025-01-27;21742,07202110;-0,01231304;-0,01263997
2025-01-28;21907,48440102;0,00760794;-0,00512819
2025-01-29;21875,40669725;-0,00146423;-0,00658492
2025-01-30;22007,67908424;0,00604663;-0,00057811
2025-01-31;22061,29490581;0,00243623;0,00000000
2025-02-03;22005,72962240;-0,00251868;-0,00251868
2025-02-04;22132,36700386;0,00575475;0,00000000
2025-02-05;22214,85259061;0,00372692;0,00000000
2025-02-06;22272,19955675;0,00258147;0,00000000
2025-02-07;22249,73282098;-0,00100873;-0,00100873
2025-02-10;22456,87241682;0,00930976;0,00000000
2025-02-11;22418,85291817;-0,00169300;-0,00169300
2025-02-12;22398,09813635;-0,00092577;-0,00261721
2025-02-13;22536,42673210;0,00617591;0,00000000
2025-02-14;22406,41925362;-0,00576877;-0,00576877
2025-02-18;22582,89012554;0,00787591;0,00000000
2025-02-19;22599,80521306;0,00074902;0,00000000
2025-02-20;22552,63580680;-0,00208716;-0,00208716
2025-02-21;22462,83688305;-0,00398175;-0,00606060
2025-02-24;22421,95032315;-0,00182019;-0,00786975
2025-02-25;22206,78010337;-0,00959641;-0,01739064
2025-02-26;22299,98832187;0,00419729;-0,01326635
2025-02-27;22056,33309764;-0,01092625;-0,02404765
2025-02-28;22001,53905588;-0,00248428;-0,02647218
2025-03-03;22045,07397191;0,00197872;-0,02454584
2025-03-04;21972,40436657;-0,00329641;-0,02776134
2025-03-05;22002,72819788;0,00138009;-0,02641956
2025-03-06;21934,35315221;-0,00310757;-0,02944504
2025-03-07;21878,49349893;-0,00254667;-0,03191672
2025-03-10;21694,24587472;-0,00842140;-0,04006934
2025-03-11;21719,51581340;0,00116482;-0,03895119
2025-03-12;21815,84972178;0,00443536;-0,03468860
2025-03-13;21905,77343101;0,00412194;-0,03070964
2025-03-14;22033,99295729;0,00585323;-0,02503616
2025-03-17;22113,97811791;0,00363008;-0,02149696
2025-03-18;22185,66576353;0,00324173;-0,01832491
2025-03-19;22282,50190195;0,00436481;-0,01404009
2025-03-20;22262,28221456;-0,00090742;-0,01493477
2025-03-21;22184,46908918;-0,00349529;-0,01837786
2025-03-24;22241,71445322;0,00258043;-0,01584486
2025-03-25;22296,14234559;0,00244711;-0,01343653
2025-03-26;22236,95945649;-0,00265440;-0,01605526
2025-03-27;22309,90811285;0,00328051;-0,01282742
2025-03-28;22271,40419020;-0,00172587;-0,01453114
2025-03-31;22382,00713834;0,00496614;-0,00963717
2025-04-01;22434,31557662;0,00233708;-0,00732261
2025-04-02;22461,09854996;0,00119384;-0,00613752
2025-04-03;22099,77882956;-0,01608647;-0,02212525
2025-04-04;21626,41247157;-0,02141951;-0,04307085
2025-04-07;21374,92230572;-0,01162884;-0,05419883
2025-04-08;21508,60043441;0,00625397;-0,04828381
2025-04-09;21860,35418733;0,01635410;-0,03271935
2025-04-10;22159,30080930;0,01367529;-0,01949151
2025-04-11;22347,16635806;0,00847795;-0,01117881
2025-04-14;22394,69737881;0,00212694;-0,00907565
2025-04-15;22458,59800331;0,00285338;-0,00624816
2025-04-16;22675,99312344;0,00967982;0,00000000
2025-04-17;22578,35820038;-0,00430565;-0,00430565
2025-04-22;22698,05681795;0,00530148;0,00000000
2025-04-23;22631,10893375;-0,00294950;-0,00294950
2025-04-24;22851,86020038;0,00975433;0,00000000
2025-04-25;22793,49566568;-0,00255404;-0,00255404
2025-04-28;22913,29708590;0,00525595;0,00000000
2025-04-29;22852,89692466;-0,00263603;-0,00263603
2025-04-30;22799,28663477;-0,00234589;-0,00497573
2025-05-01;22727,08675635;-0,00316676;-0,00812674
2025-05-02;22805,99424260;0,00347196;-0,00468299
2025-05-06;23137,68334644;0,01454394;0,00000000
2025-05-07;23027,73483408;-0,00475192;-0,00475192
2025-05-08;22976,85300501;-0,00220959;-0,00695101
2025-05-09;23016,68501862;0,00173357;-0,00522949
2025-05-12;23049,16671701;0,00141122;-0,00382565
2025-05-13;23164,16599868;0,00498930;0,00000000
2025-05-14;23018,84725119;-0,00627343;-0,00627343
2025-05-15;23144,87612138;0,00547503;-0,00083275
2025-05-16;23105,68357954;-0,00169336;-0,00252469
2025-05-19;23162,52865986;0,00246022;-0,00007068
2025-05-20;23302,50254913;0,00604312;0,00000000
2025-05-21;23282,87714068;-0,00084220;-0,00084220
2025-05-22;23153,24360768;-0,00556776;-0,00640528
2025-05-23;23217,28860326;0,00276613;-0,00365686
2025-05-27;23235,56157749;0,00078704;-0,00287269
2025-05-28;23220,96197189;-0,00062833;-0,00349922
2025-05-29;23260,88371779;0,00171921;-0,00178602
2025-05-30;23213,22553838;-0,00204886;-0,00383122
2025-06-02;23391,15042540;0,00766481;0,00000000
2025-06-03;23513,73222441;0,00524052;0,00000000
2025-06-04;23524,53859374;0,00045958;0,00000000
2025-06-05;23523,29179281;-0,00005300;-0,00005300
2025-06-06;23582,88284765;0,00253328;0,00000000
2025-06-09;23593,84376084;0,00046478;0,00000000
2025-06-10;23638,74357928;0,00190303;0,00000000
2025-06-11;23659,31164090;0,00087010;0,00000000
2025-06-12;23648,39758584;-0,00046130;-0,00046130
2025-06-13;23575,40564099;-0,00308655;-0,00354643
2025-06-16;23660,12242400;0,00359344;0,00000000
2025-06-17;23630,76778437;-0,00124068;-0,00124068
2025-06-18;23660,32969387;0,00125099;0,00000000
2025-06-20;23600,95116513;-0,00250962;-0,00250962
2025-06-23;23612,87492608;0,00050522;-0,00200567
2025-06-24;23721,83843160;0,00461458;0,00000000
2025-06-25;23743,50239275;0,00091325;0,00000000
2025-06-26;23751,93976967;0,00035536;0,00000000
2025-06-27;23842,42947074;0,00380978;0,00000000
2025-06-30;23881,29147565;0,00162995;0,00000000
2025-07-01;23857,46624538;-0,00099765;-0,00099765
2025-07-02;24029,40441830;0,00720689;0,00000000
2025-07-03;24122,04737174;0,00385540;0,00000000
2025-07-07;24037,91386310;-0,00348783;-0,00348783
2025-07-08;24044,03549941;0,00025467;-0,00323405
2025-07-09;24123,22117388;0,00329336;0,00000000
2025-07-10;24157,39573873;0,00141667;0,00000000
2025-07-11;24176,94059718;0,00080906;0,00000000
2025-07-14;24182,89759199;0,00024639;0,00000000
2025-07-15;24244,32744195;0,00254022;0,00000000
2025-07-16;24208,69735812;-0,00146963;-0,00146963
2025-07-17;24359,14341953;0,00621455;0,00000000
2025-07-18;24368,46417855;0,00038264;0,00000000
2025-07-21;24467,36248219;0,00405845;0,00000000
2025-07-22;24420,77350098;-0,00190413;-0,00190413
2025-07-23;24422,85770123;0,00008535;-0,00181894
2025-07-24;24478,83262568;0,00229191;0,00000000
2025-07-25;24488,24181959;0,00038438;0,00000000
2025-07-28;24520,69992370;0,00132546;0,00000000
2025-07-29;24543,85605885;0,00094435;0,00000000
2025-07-30;24497,76267380;-0,00187800;-0,00187800
2025-07-31;24501,31065320;0,00014483;-0,00173344
2025-08-01;24297,70821191;-0,00830986;-0,01002890
2025-08-04;24512,22435592;0,00882866;-0,00128878
2025-08-05;24459,19298536;-0,00216347;-0,00344946
2025-08-06;24531,28214567;0,00294732;-0,00051230
2025-08-07;24569,83376124;0,00157153;0,00000000
2025-08-08;24641,60143028;0,00292097;0,00000000
2025-08-11;24532,23352098;-0,00443834;-0,00443834
2025-08-12;24602,60841240;0,00286867;-0,00158241
2025-08-13;24627,71278689;0,00102039;-0,00056363
2025-08-14;24581,50534837;-0,00187624;-0,00243881
2025-08-15;24549,99755481;-0,00128177;-0,00371745
2025-08-18;24562,59820404;0,00051326;-0,00320609
2025-08-19;24438,57742266;-0,00504917;-0,00823908
2025-08-20;24453,62021556;0,00061553;-0,00762861
2025-08-21;24430,28072735;-0,00095444;-0,00857577
2025-08-22;24614,45896790;0,00753893;-0,00110149
2025-08-26;24631,54309124;0,00069407;-0,00040819
2025-08-27;24706,71961171;0,00305204;0,00000000
2025-08-28;24791,46923194;0,00343023;0,00000000
2025-08-29;24756,59077524;-0,00140687;-0,00140687
2025-09-02;24857,77754440;0,00408727;0,00000000
2025-09-03;24974,83310227;0,00470901;0,00000000
2025-09-04;25013,81703640;0,00156093;0,00000000
2025-09-05;25075,95488854;0,00248414;0,00000000
2025-09-08;25240,58407632;0,00656522;0,00000000
2025-09-09;25229,81147037;-0,00042680;-0,00042680
2025-09-10;25375,94207824;0,00579198;0,00000000
2025-09-11;25425,17401531;0,00194010;0,00000000
2025-09-12;25440,06792349;0,00058579;0,00000000
2025-09-15;25579,98914876;0,00550003;0,00000000
2025-09-16;25543,96780992;-0,00140818;-0,00140818
2025-09-17;25457,35823597;-0,00339061;-0,00479402
2025-09-18;25609,18944743;0,00596414;0,00000000
2025-09-19;25768,74101415;0,00623025;0,00000000
2025-09-22;26004,11423441;0,00913406;0,00000000
2025-09-23;26001,09785158;-0,00011600;-0,00011600
2025-09-24;25887,81247236;-0,00435695;-0,00447244
2025-09-25;25916,59312052;0,00111175;-0,00336566
2025-09-26;25965,54316161;0,00188875;-0,00148327
2025-09-29;26155,84005065;0,00732882;0,00000000
2025-09-30;26234,52934394;0,00300848;0,00000000
2025-10-01;26335,07084281;0,00383241;0,00000000
2025-10-02;26406,03837798;0,00269479;0,00000000
2025-10-03;26402,58976594;-0,00013060;-0,00013060
2025-10-06;26464,03157740;0,00232711;0,00000000
2025-10-07;26411,13941998;-0,00199864;-0,00199864
2025-10-08;26555,65589181;0,00547180;0,00000000
2025-10-09;26570,37346179;0,00055422;0,00000000
2025-10-10;26216,46701095;-0,01331959;-0,01331959
2025-10-13;26378,69161269;0,00618789;-0,00721412
2025-10-14;26307,54029624;-0,00269730;-0,00989196
2025-10-15;26381,89880556;0,00282651;-0,00709341
2025-10-16;26375,35372841;-0,00024809;-0,00733974
2025-10-17;26330,31244395;-0,00170770;-0,00903491
2025-10-20;26497,33885419;0,00634350;-0,00274872
2025-10-21;26517,66128092;0,00076696;-0,00198387
2025-10-22;26434,01501401;-0,00315436;-0,00513197
2025-10-23;26554,18448766;0,00454602;-0,00060929
2025-10-24;29007,68742705;0,09239609;0,00000000
2025-10-27;26866,56136620;-0,07381237;-0,07381237
2025-10-28;26981,12625806;0,00426422;-0,06986290
2025-10-29;27061,96933805;0,00299628;-0,06707595
2025-10-30;26984,88615208;-0,00284840;-0,06973328
2025-10-31;26973,51976397;-0,00042121;-0,07012512
2025-11-03;26999,44375195;0,00096109;-0,06923143
2025-11-04;26676,75414050;-0,01195171;-0,08035571
2025-11-05;26758,72731372;0,00307283;-0,07752980
2025-11-06;26443,81028320;-0,01176876;-0,08838613
2025-11-07;26314,30253618;-0,00489747;-0,09285073
2025-11-10;26803,48353090;0,01858993;-0,07598689
2025-11-11;26783,67092439;-0,00073918;-0,07666990
2025-11-12;26941,27199261;0,00588422;-0,07123682
2025-11-13;26553,36213436;-0,01439835;-0,08460948
2025-11-14;26527,35105763;-0,00097958;-0,08550617
2025-11-17;26280,85987140;-0,00929196;-0,09400362
2025-11-18;26044,13682867;-0,00900743;-0,10216432
2025-11-19;26149,07476594;0,00402923;-0,09854673
2025-11-20;25892,95140623;-0,00979474;-0,10737623
2025-11-21;25809,27051653;-0,00323180;-0,11026101
2025-11-24;26197,73033446;0,01505117;-0,09686939
2025-11-25;26222,92737749;0,00096180;-0,09600076
2025-11-26;26455,47320507;0,00886803;-0,08798406
2025-11-28;26597,34917867;0,00536282;-0,08309309
2025-12-01;26616,26667936;0,00071126;-0,08244093
2025-12-02;26730,38556679;0,00428756;-0,07850684
2025-12-03;26700,72347311;-0,00110968;-0,07952940
2025-12-04;26745,48518878;0,00167642;-0,07798630
2025-12-05;26851,23723271;0,00395401;-0,07434065
2025-12-08;26906,75962575;0,00206778;-0,07242659
2025-12-09;26954,73327107;0,00178296;-0,07077276
2025-12-10;26976,94262095;0,00082395;-0,07000713
2025-12-11;26912,98260521;-0,00237091;-0,07221206
2025-12-12;26608,53981960;-0,01131212;-0,08270730
2025-12-15;26523,04220568;-0,00321316;-0,08565472
2025-12-16;26464,34331734;-0,00221313;-0,08767828
2025-12-17;26223,40397048;-0,00910430;-0,09598433
2025-12-18;26446,38097245;0,00850298;-0,08829751
2025-12-19;26692,83541249;0,00931902;-0,07980133
2025-12-22;26741,35158071;0,00181757;-0,07812880
2025-12-23;26806,13285146;0,00242251;-0,07589556
2025-12-24;26826,01095290;0,00074155;-0,07521029
2025-12-29;26799,02752759;-0,00100587;-0,07614050
2025-12-30;26798,44961716;-0,00002156;-0,07616043
2025-12-31;26685,71313009;-0,00420683;-0,08004686
2026-01-02;26665,00895962;-0,00077585;-0,08076061
2026-01-05;26759,94404802;0,00356029;-0,07748785
2026-01-06;26834,72392088;0,00279447;-0,07490992
2026-01-07;26882,69432146;0,00178762;-0,07325621
2026-01-08;26817,06686700;-0,00244125;-0,07551862
2026-01-09;26951,19527577;0,00500161;-0,07089473
2026-01-12;26954,88460962;0,00013689;-0,07076754
2026-01-13;26961,79270025;0,00025628;-0,07052940
2026-01-14;26857,35773856;-0,00387344;-0,07412965
2026-01-15;26997,82454444;0,00523011;-0,06928725
2026-01-16;26983,80367973;-0,00051933;-0,06977060
2026-01-20;26720,02256753;-0,00977553;-0,07886409
2026-01-21;26774,20542835;0,00202780;-0,07699621
2026-01-22;26857,29694266;0,00310342;-0,07413174
2026-01-23;26796,14095765;-0,00227707;-0,07624001
2026-01-26;26793,86261265;-0,00008503;-0,07631856
2026-01-27;26854,43861715;0,00226082;-0,07423028
2026-01-28;26850,58625115;-0,00014345;-0,07436309
2026-01-29;26711,52879449;-0,00517894;-0,07915690
2026-01-30;26715,39697034;0,00014481;-0,07902355
2026-02-02;26847,92922959;0,00496089;-0,07445468
2026-02-03;26701,66321536;-0,00544794;-0,07949700
2026-02-04;26604,89664806;-0,00362399;-0,08283290
2026-02-05;26520,70470619;-0,00316453;-0,08573530
2026-02-06;26729,03671912;0,00785545;-0,07855334
2026-02-09;26862,29948742;0,00498569;-0,07395929
2026-02-10;26871,53385163;0,00034377;-0,07364095
2026-02-11;26872,53816010;0,00003737;-0,07360632
2026-02-12;26695,56509531;-0,00658565;-0,07970723
2026-02-13;26697,75795444;0,00008214;-0,07963163
2026-02-17;26742,06074603;0,00165942;-0,07810435
2026-02-18;26865,61097832;0,00462007;-0,07384513
2026-02-19;26868,32002475;0,00010084;-0,07375174
2026-02-20;26900,07283733;0,00118179;-0,07265710
2026-02-23;26776,30528459;-0,00460101;-0,07692382
2026-02-24;26836,43803347;0,00224574;-0,07485083
2026-02-25;26988,57978459;0,00566922;-0,06960595
2026-02-26;26932,26304521;-0,00208669;-0,07154739
2026-02-27;26903,46056037;-0,00106944;-0,07254032
2026-03-02;26898,09061324;-0,00019960;-0,07272544
2026-03-03;26696,94157234;-0,00747819;-0,07965978
2026-03-04;26869,62752854;0,00646838;-0,07370666
2026-03-05;26806,57209029;-0,00234672;-0,07588041
2026-03-09;26589,91040541;-0,00808241;-0,08334953
2026-03-10;26735,22986874;0,00546521;-0,07833984
2026-03-11;26683,84935698;-0,00192183;-0,08011111
2026-03-12;26572,43922445;-0,00417519;-0,08395182
2026-03-13;26554,36199702;-0,00068030;-0,08457501
2026-03-16;26620,15370492;0,00247762;-0,08230693
2026-03-17;26667,17909425;0,00176653;-0,08068580
2026-03-18;26564,61935586;-0,00384592;-0,08422140
2026-03-19;26396,61245171;-0,00632446;-0,09001321
2026-03-20;26279,00780616;-0,00445529;-0,09406746
2026-03-23;26328,84312258;0,00189639;-0,09234946
2026-03-24;26324,20374433;-0,00017621;-0,09250940
2026-03-25;26414,96594886;0,00344786;-0,08938050
2026-03-26;26209,76031421;-0,00776854;-0,09645468
2026-03-27;26039,17637369;-0,00650841;-0,10233532
2026-03-30;26056,04741896;0,00064791;-0,10175372
2026-03-31;26229,14577298;0,00664331;-0,09578639
2026-04-01;26476,06733223;0,00941401;-0,08727411
2026-04-02;26522,49580850;0,00175360;-0,08567355
2026-04-07;26510,61746007;-0,00044786;-0,08608304
2026-04-08;26827,39171679;0,01194896;-0,07516269
2026-04-09;26869,75389009;0,00157906;-0,07370231
2026-04-10;26912,57986229;0,00159384;-0,07222594
2026-04-13;26971,32255958;0,00218272;-0,07020087
2026-04-14;27136,38352117;0,00611987;-0,06451062
2026-04-15;27232,86873828;0,00355557;-0,06118443
2026-04-16;27345,18261776;0,00412420;-0,05731256
2026-04-17;27536,54941147;0,00699819;-0,05071545
2026-04-20;27499,22316715;-0,00135552;-0,05200222
2026-04-21;27484,52867631;-0,00053436;-0,05250880
2026-04-22;27587,04231905;0,00372987;-0,04897478
2026-04-23;27563,51988250;-0,00085266;-0,04978568
2026-04-24;27645,08585767;0,00295920;-0,04697381
2026-04-27;27630,24652542;-0,00053678;-0,04748537
2026-04-28;27544,11967244;-0,00311712;-0,05045448
2026-04-29;27577,01219677;0,00119418;-0,04932055
2026-04-30;27613,21485618;0,00131278;-0,04807252
2026-05-01;27755,43948678;0,00515060;-0,04316952
2026-05-05;27868,60165564;0,00407712;-0,03926841
2026-05-06;28113,69658224;0,00879466;-0,03081910
2026-05-07;28112,81133965;-0,00003149;-0,03084962
2026-05-08;28240,28395999;0,00453432;-0,02645518
2026-05-11;28324,34970793;0,00297680;-0,02355713
2026-05-12;28245,56518339;-0,00278151;-0,02627311
2026-05-13;28388,90916492;0,00507492;-0,02133153
2026-05-14;28600,25409866;0,00744463;-0,01404570
2026-05-15;28517,16690077;-0,00290512;-0,01691002
2026-05-18;28367,93118610;-0,00523319;-0,02205471
2026-05-19;28297,50016776;-0,00248277;-0,02448273
2026-05-20;28469,02088071;0,00606134;-0,01856979
2026-05-21;28522,61579369;0,00188257;-0,01672218
2026-05-22;28667,86032024;0,00509226;-0,01171507
2026-05-26;28826,37229053;0,00552926;-0,00625059
2026-05-27;28811,07093141;-0,00053081;-0,00677808
2026-05-28;28910,03958211;0,00343509;-0,00336627
2026-05-29;29024,33964356;0,00395365;0,00000000
2026-06-01;29140,54005592;0,00400355;0,00000000
2026-06-02;29237,34749491;0,00332209;0,00000000
2026-06-03;29164,77791746;-0,00248208;-0,00248208
2026-06-04;29109,71531749;-0,00188798;-0,00436538
2026-06-05;28730,06950616;-0,01304189;-0,01735034
2026-06-08;28784,57739869;0,00189724;-0,01548602
2026-06-09;28518,74707668;-0,00923517;-0,02457817
2026-06-10;28401,29559785;-0,00411840;-0,02859534
2026-06-11;28583,38825386;0,00641142;-0,02236726
2026-06-12;28797,84296366;0,00750277;-0,01503230
2026-06-15;29101,14643985;0,01053216;-0,00465846
2026-06-16;28975,43008128;-0,00431998;-0,00895832
2026-06-17;28977,77154627;0,00008081;-0,00887823
2026-06-18;29184,65440414;0,00713936;-0,00180225
2026-06-22;29185,46912252;0,00002792;-0,00177439
2026-06-23;28895,69337391;-0,00992877;-0,01168554
2026-06-24;28939,51238341;0,00151645;-0,01018680
2026-06-25;28906,46561037;-0,00114193;-0,01131710
2026-06-26;28814,20973898;-0,00319153;-0,01447251
2026-06-29;28919,24072057;0,00364511;-0,01088015
2026-06-30;29135,74507020;0,00748652;-0,00347509
