Date;static_return;spy_return;active_return
2016-02-02;-0,00795798;-0,01802195;0,01006396
2016-02-03;-0,00291614;0,00599498;-0,00891112
2016-02-04;0,00641116;0,00156810;0,00484305
2016-02-05;-0,00510276;-0,01905030;0,01394754
2016-02-08;-0,00424753;-0,01346092;0,00921339
2016-02-09;-0,00282514;0,00005378;-0,00287892
2016-02-10;0,00335910;-0,00086256;0,00422166
2016-02-11;0,00557154;-0,01300794;0,01857948
2016-02-12;0,00523184;0,02061716;-0,01538532
2016-02-16;0,00231371;0,01687767;-0,01456396
2016-02-17;0,01200226;0,01633461;-0,00433234
2016-02-18;0,00556854;-0,00409534;0,00966388
2016-02-19;-0,00262633;-0,00046848;-0,00215785
2016-02-22;0,00525621;0,01447899;-0,00922279
2016-02-23;-0,00164077;-0,01262930;0,01098852
2016-02-24;0,00051557;0,00457509;-0,00405952
2016-02-25;0,00915799;0,01211222;-0,00295423
2016-02-26;0,00092833;-0,00230152;0,00322985
2016-02-29;0,00064169;-0,00784221;0,00848390
2016-03-01;0,00701145;0,02350687;-0,01649542
2016-03-02;0,00263476;0,00449235;-0,00185759
2016-03-03;0,00329732;0,00391982;-0,00062250
2016-03-04;0,00304460;0,00325322;-0,00020862
2016-03-07;-0,00094265;0,00079809;-0,00174074
2016-03-08;-0,00451601;-0,01091753;0,00640152
2016-03-09;0,00087538;0,00493964;-0,00406426
2016-03-10;0,00140286;0,00080211;0,00060075
2016-03-11;0,00262073;0,01613729;-0,01351656
2016-03-14;-0,00201300;-0,00128220;-0,00073080
2016-03-15;0,00225648;-0,00162957;0,00388605
2016-03-16;0,00988358;0,00578692;0,00409666
2016-03-17;-0,00278185;0,00634438;-0,00912623
2016-03-18;0,00081056;0,00392926;-0,00311870
2016-03-21;-0,00002581;0,00141890;-0,00144471
2016-03-22;0,00436830;-0,00053711;0,00490541
2016-03-23;-0,00710213;-0,00659952;-0,00050260
2016-03-24;-0,00336617;-0,00044305;-0,00292312
2016-03-29;0,00753344;0,00925006;-0,00171662
2016-03-30;0,00075049;0,00438776;-0,00363727
2016-03-31;-0,00004898;-0,00242670;0,00237772
2016-04-01;0,00215255;0,00681174;-0,00465918
2016-04-04;-0,00384543;-0,00323815;-0,00060728
2016-04-05;0,00021524;-0,00998732;0,01020256
2016-04-06;0,00289407;0,01092081;-0,00802674
2016-04-07;-0,00100919;-0,01196590;0,01095670
2016-04-08;0,00137851;0,00269678;-0,00131826
2016-04-11;0,00101035;-0,00234727;0,00335762
2016-04-12;0,00307693;0,00931302;-0,00623609
2016-04-13;0,00336435;0,01010100;-0,00673665
2016-04-14;-0,00109315;0,00004796;-0,00114111
2016-04-15;-0,00060929;-0,00110579;0,00049649
2016-04-18;0,00005542;0,00702666;-0,00697124
2016-04-19;0,00310145;0,00315440;-0,00005295
2016-04-20;0,00018236;0,00095300;-0,00077063
2016-04-21;0,00041693;-0,00537845;0,00579538
2016-04-22;-0,01011291;0,00000000;-0,01011291
2016-04-25;-0,00211174;-0,00172318;-0,00038856
2016-04-26;-0,00038230;0,00148602;-0,00186833
2016-04-27;0,00011798;0,00205861;-0,00194062
2016-04-28;0,00114533;-0,00907591;0,01022124
2016-04-29;-0,00149483;-0,00539881;0,00390399
2016-05-03;-0,00119082;-0,00870314;0,00751231
2016-05-04;-0,00285683;-0,00557811;0,00272128
2016-05-05;-0,00040922;-0,00019543;-0,00021380
2016-05-06;0,00438116;0,00365919;0,00072198
2016-05-09;-0,00454355;0,00082662;-0,00537017
2016-05-10;0,00591105;0,01243354;-0,00652249
2016-05-11;0,00028097;-0,00935464;0,00963561
2016-05-12;-0,00492848;0,00029046;-0,00521893
2016-05-13;0,00259978;-0,00871416;0,01131395
2016-05-16;0,00334804;0,00986530;-0,00651726
2016-05-17;-0,00305351;-0,00933370;0,00628019
2016-05-18;-0,00704625;0,00029280;-0,00733905
2016-05-19;-0,00484567;-0,00346509;-0,00138058
2016-05-20;0,00665132;0,00631778;0,00033354
2016-05-23;-0,00027447;-0,00136269;0,00108821
2016-05-24;0,00007108;0,01296226;-0,01289118
2016-05-25;0,00188787;0,00678307;-0,00489520
2016-05-26;0,00047111;0,00028677;0,00018434
2016-05-27;0,00076013;0,00429931;-0,00353918
2016-05-31;0,00254104;-0,00190282;0,00444386
2016-06-01;0,00047921;0,00204941;-0,00157020
2016-06-02;-0,00119841;0,00304372;-0,00424213
2016-06-03;0,00524384;-0,00298727;0,00823111
2016-06-06;0,00428094;0,00508862;-0,00080767
2016-06-07;0,00059322;0,00156150;-0,00096828
2016-06-08;0,00482294;0,00325933;0,00156360
2016-06-09;0,00101931;-0,00136551;0,00238482
2016-06-10;-0,00146613;-0,00947742;0,00801129
2016-06-13;-0,00128861;-0,00771183;0,00642321
2016-06-14;-0,00087249;-0,00196676;0,00109427
2016-06-15;0,00187447;-0,00139376;0,00326823
2016-06-16;-0,00296511;0,00298443;-0,00594954
2016-06-17;-0,00009837;-0,00372461;0,00362623
2016-06-20;-0,00129690;0,00644001;-0,00773692
2016-06-21;-0,00323035;0,00283872;-0,00606908
2016-06-22;-0,00059651;-0,00163114;0,00103463
2016-06-23;0,00214898;0,01302257;-0,01087359
2016-06-24;0,01339004;-0,03590912;0,04929916
2016-06-27;-0,00324379;-0,01790995;0,01466617
2016-06-28;0,00297283;0,01803626;-0,01506343
2016-06-29;0,00743278;0,01702742;-0,00959464
2016-06-30;0,01064930;0,01364570;-0,00299640
2016-07-01;0,00789356;0,00210029;0,00579327
2016-07-05;0,00207339;-0,00719314;0,00926653
2016-07-06;0,00439581;0,00599775;-0,00160193
2016-07-07;0,00052510;-0,00062012;0,00114522
2016-07-08;0,00763339;0,01489079;-0,00725740
2016-07-11;0,00153931;0,00352656;-0,00198724
2016-07-12;-0,00536852;0,00726345;-0,01263197
2016-07-13;0,00307037;-0,00013942;0,00320980
2016-07-14;-0,00149768;0,00558345;-0,00708112
2016-07-15;0,00011924;-0,00134176;0,00146100
2016-07-18;0,00138116;0,00268704;-0,00130588
2016-07-19;0,00174456;-0,00101648;0,00276104
2016-07-20;0,00081694;0,00416292;-0,00334598
2016-07-21;0,00133138;-0,00377707;0,00510845
2016-07-22;0,00157855;0,00448508;-0,00290652
2016-07-25;-0,00328326;-0,00271594;-0,00056732
2016-07-26;0,00189649;0,00046154;0,00143495
2016-07-27;0,00701206;-0,00106091;0,00807298
2016-07-28;-0,00167954;0,00115445;-0,00283399
2016-07-29;0,00306706;0,00161473;0,00145233
2016-08-01;0,00260151;-0,00082917;0,00343067
2016-08-02;-0,00452325;-0,00640730;0,00188405
2016-08-03;-0,00077109;0,00292297;-0,00369407
2016-08-04;0,00665004;0,00106363;0,00558642
2016-08-05;0,00125505;0,00817907;-0,00692402
2016-08-08;0,00035754;-0,00059599;0,00095353
2016-08-09;0,00398845;0,00059634;0,00339210
2016-08-10;-0,00024837;-0,00247509;0,00222672
2016-08-11;0,00158359;0,00464064;-0,00305704
2016-08-12;-0,00049780;-0,00086900;0,00037120
2016-08-15;0,00453995;0,00288371;0,00165624
2016-08-16;-0,00401887;-0,00515749;0,00113861
2016-08-17;-0,00221702;0,00188132;-0,00409834
2016-08-18;0,00038093;0,00224398;-0,00186305
2016-08-19;-0,00119703;-0,00146246;0,00026543
2016-08-22;-0,00223311;-0,00004549;-0,00218762
2016-08-23;0,00164708;0,00201315;-0,00036606
2016-08-24;-0,00566072;-0,00511483;-0,00054590
2016-08-25;0,00016724;-0,00068857;0,00085582
2016-08-26;0,00052311;-0,00188324;0,00240635
2016-08-30;-0,00125011;-0,00164867;0,00039856
2016-08-31;-0,00275446;-0,00284394;0,00008949
2016-09-01;-0,00187822;0,00004574;-0,00192395
2016-09-02;0,00674375;0,00450836;0,00223539
2016-09-06;0,00416361;0,00302214;0,00114147
2016-09-07;0,00154527;-0,00009111;0,00163638
2016-09-08;-0,00299202;-0,00228323;-0,00070879
2016-09-09;-0,01005367;-0,02393477;0,01388110
2016-09-12;0,00003516;0,01434736;-0,01431220
2016-09-13;-0,00283593;-0,01437560;0,01153967
2016-09-14;0,00229589;-0,00037519;0,00267108
2016-09-15;0,00381379;0,00999313;-0,00617934
2016-09-16;-0,00097326;-0,00386574;0,00289248
2016-09-19;0,00259315;0,00018778;0,00240537
2016-09-20;0,00192333;0,00004652;0,00187681
2016-09-21;0,00763208;0,01124540;-0,00361331
2016-09-22;0,00386160;0,00630157;-0,00243997
2016-09-23;-0,00005608;-0,00547919;0,00542312
2016-09-26;-0,00512795;-0,00810221;0,00297426
2016-09-27;0,00093131;0,00620778;-0,00527646
2016-09-28;0,00000582;0,00496376;-0,00495794
2016-09-29;-0,00036459;-0,00904714;0,00868255
2016-09-30;0,00017856;0,00754608;-0,00736752
2016-10-03;0,00152852;-0,00240412;0,00393264
2016-10-04;-0,00690406;-0,00509770;-0,00180637
2016-10-05;0,00022627;0,00442493;-0,00419866
2016-10-06;-0,00079917;0,00069580;-0,00149497
2016-10-07;0,00363088;-0,00342927;0,00706015
2016-10-10;0,00530259;0,00520823;0,00009436
2016-10-11;-0,00404904;-0,01262990;0,00858086
2016-10-12;0,00063617;0,00131217;-0,00067600
2016-10-13;-0,00304567;-0,00327543;0,00022975
2016-10-14;0,00208891;0,00051652;0,00157239
2016-10-17;-0,00135889;-0,00347249;0,00211360
2016-10-18;0,00223039;0,00626248;-0,00403209
2016-10-19;0,00343379;0,00266736;0,00076643
2016-10-20;-0,00217948;-0,00186675;-0,00031273
2016-10-21;0,00166406;0,00046716;0,00119690
2016-10-24;0,00339793;0,00425275;-0,00085481
2016-10-25;0,00116984;-0,00335033;0,00452017
2016-10-26;-0,00455869;-0,00200769;-0,00255101
2016-10-27;0,00088312;-0,00266707;0,00355019
2016-10-28;0,00154538;-0,00295538;0,00450077
2016-10-31;-0,00164525;0,00004696;-0,00169221
2016-11-01;-0,00330963;-0,00724520;0,00393557
2016-11-02;-0,00251988;-0,00601841;0,00349853
2016-11-03;-0,00505146;-0,00457742;-0,00047404
2016-11-04;-0,00227047;-0,00110177;-0,00116870
2016-11-07;0,00620436;0,02205745;-0,01585309
2016-11-08;0,00178854;0,00450361;-0,00271506
2016-11-09;-0,00127001;0,01060206;-0,01187207
2016-11-10;-0,00851327;0,00249557;-0,01100884
2016-11-11;-0,00715395;-0,00230482;-0,00484914
2016-11-14;-0,00291690;0,00078550;-0,00370240
2016-11-15;0,00781249;0,00780253;0,00000996
2016-11-16;0,00098627;-0,00187811;0,00286437
2016-11-17;0,00148481;0,00514066;-0,00365586
2016-11-18;-0,00035521;-0,00223713;0,00188192
2016-11-21;0,00146755;0,00755078;-0,00608324
2016-11-22;0,00204672;0,00195356;0,00009316
2016-11-23;-0,00628269;0,00054363;-0,00682633
2016-11-25;0,00107060;0,00371583;-0,00264523
2016-11-28;0,00276673;-0,00469478;0,00746151
2016-11-29;-0,00220301;0,00195007;-0,00415307
2016-11-30;-0,00580578;-0,00239897;-0,00340681
2016-12-01;-0,00888347;-0,00367553;-0,00520793
2016-12-02;-0,00017375;0,00050100;-0,00067476
2016-12-05;0,00237033;0,00600886;-0,00363854
2016-12-06;0,00106849;0,00316738;-0,00209889
2016-12-07;0,00996964;0,01308045;-0,00311080
2016-12-08;0,00408174;0,00244907;0,00163267
2016-12-09;0,00028350;0,00604020;-0,00575671
2016-12-12;-0,00205995;-0,00114796;-0,00091200
2016-12-13;0,00447508;0,00667437;-0,00219929
2016-12-14;-0,00492547;-0,00825422;0,00332875
2016-12-15;0,00341744;0,00411723;-0,00069979
2016-12-16;-0,00313388;-0,00195615;-0,00117773
2016-12-19;0,00514695;0,00217753;0,00296941
2016-12-20;0,00156499;0,00385756;-0,00229257
2016-12-21;-0,00074084;-0,00278250;0,00204166
2016-12-22;-0,00090495;-0,00172754;0,00082259
2016-12-23;0,00218379;0,00146417;0,00071961
2016-12-28;0,00141613;-0,00826459;0,00968072
2016-12-29;0,00189357;-0,00022251;0,00211608
2016-12-30;-0,00403983;-0,00365528;-0,00038455
2017-01-03;0,00530227;0,00765002;-0,00234776
2017-01-04;0,00354412;0,00594955;-0,00240542
2017-01-05;0,00179014;-0,00079460;0,00258474
2017-01-06;0,00345496;0,00357797;-0,00012301
2017-01-09;0,00492341;-0,00330100;0,00822441
2017-01-10;0,00151302;0,00000000;0,00151302
2017-01-11;0,00190149;0,00282589;-0,00092440
2017-01-12;-0,00192918;-0,00250990;0,00058071
2017-01-13;0,00442943;0,00229579;0,00213363
2017-01-17;-0,00336301;-0,00352387;0,00016085
2017-01-18;-0,00040736;0,00221021;-0,00261757
2017-01-19;-0,00104858;-0,00370466;0,00265609
2017-01-20;0,00251226;0,00367412;-0,00116186
2017-01-23;-0,00239346;-0,00260234;0,00020888
2017-01-24;0,00121742;0,00641192;-0,00519450
2017-01-25;0,00205476;0,00865560;-0,00660084
2017-01-26;-0,00261517;-0,00104552;-0,00156965
2017-01-27;0,00184073;-0,00156969;0,00341041
2017-01-30;-0,00337110;-0,00620179;0,00283068
2017-01-31;0,00054766;-0,00008791;0,00063558
2017-02-01;0,00063503;0,00039545;0,00023958
2017-02-02;0,00377980;0,00065926;0,00312054
2017-02-03;0,00511666;0,00689274;-0,00177608
2017-02-06;0,00334201;-0,00178764;0,00512966
2017-02-07;-0,00017108;0,00004350;-0,00021457
2017-02-08;0,00076765;0,00131045;-0,00054280
2017-02-09;0,00093948;0,00593253;-0,00499306
2017-02-10;0,00274456;0,00394617;-0,00120160
2017-02-13;0,00114341;0,00544293;-0,00429952
2017-02-14;0,00148002;0,00399517;-0,00251514
2017-02-15;0,00381071;0,00522027;-0,00140956
2017-02-16;0,00123093;-0,00085132;0,00208225
2017-02-17;0,00134095;0,00157644;-0,00023550
2017-02-21;0,00220549;0,00595494;-0,00374945
2017-02-22;0,00089107;-0,00088770;0,00177877
2017-02-23;0,00003104;0,00067709;-0,00064605
2017-02-24;0,00239212;0,00126896;0,00112316
2017-02-27;0,00009314;0,00156284;-0,00146970
2017-02-28;-0,00022195;-0,00269911;0,00247716
2017-03-01;0,00904312;0,01399733;-0,00495421
2017-03-02;-0,00462787;-0,00629721;0,00166935
2017-03-03;0,00035291;0,00062935;-0,00027644
2017-03-06;-0,00219702;-0,00297791;0,00078089
2017-03-07;-0,00095704;-0,00298696;0,00202992
2017-03-08;-0,00029006;-0,00185622;0,00156615
2017-03-09;-0,00166386;0,00126817;-0,00293202
2017-03-10;0,00326740;0,00350404;-0,00023665
2017-03-13;-0,00110649;0,00050483;-0,00161131
2017-03-14;-0,00126073;-0,00382653;0,00256579
2017-03-15;0,00587642;0,00865336;-0,00277694
2017-03-16;0,00037189;-0,00196691;0,00233879
2017-03-17;0,00031629;-0,00175628;0,00207257
2017-03-20;0,00154680;-0,00109665;0,00264345
2017-03-21;-0,00674855;-0,01283959;0,00609104
2017-03-22;0,00110635;0,00235288;-0,00124653
2017-03-23;-0,00064110;-0,00106697;0,00042587
2017-03-24;0,00105990;-0,00072647;0,00178637
2017-03-27;-0,00176233;-0,00102627;-0,00073606
2017-03-28;0,00441234;0,00727704;-0,00286470
2017-03-29;0,00361984;0,00093473;0,00268510
2017-03-30;-0,00180811;0,00318425;-0,00499236
2017-03-31;-0,00130100;-0,00232754;0,00102654
2017-04-03;0,00005374;-0,00173921;0,00179295
2017-04-04;0,00182044;0,00063722;0,00118322
2017-04-05;-0,00055038;-0,00297266;0,00242228
2017-04-06;-0,00190073;0,00281088;-0,00471160
2017-04-07;0,00184602;-0,00101908;0,00286510
2017-04-10;-0,00039630;0,00059520;-0,00099150
2017-04-11;-0,00102397;-0,00118961;0,00016564
2017-04-12;0,00108817;-0,00438200;0,00547017
2017-04-13;-0,00058412;-0,00649485;0,00591073
2017-04-18;-0,00318268;-0,00298427;-0,00019841
2017-04-19;-0,00273206;-0,00183859;-0,00089347
2017-04-20;0,00297292;0,00813891;-0,00516599
2017-04-21;0,00112622;-0,00318681;0,00431303
2017-04-24;0,00576224;0,01099797;-0,00523573
2017-04-25;-0,00037921;0,00581868;-0,00619789
2017-04-26;0,00168305;-0,00062877;0,00231182
2017-04-27;-0,00259765;0,00083859;-0,00343624
2017-04-28;0,00087469;-0,00217923;0,00305393
2017-05-02;0,00175546;0,00037704;0,00137842
2017-05-03;-0,00391368;-0,00121456;-0,00269912
2017-05-04;-0,00136120;0,00117402;-0,00253522
2017-05-05;0,00105360;0,00393711;-0,00288350
2017-05-08;0,00131805;-0,00016700;0,00148505
2017-05-09;-0,00062331;-0,00091788;0,00029457
2017-05-10;0,00123221;0,00179582;-0,00056360
2017-05-11;0,00048039;-0,00204281;0,00252320
2017-05-12;0,00231184;-0,00167091;0,00398274
2017-05-15;0,00318629;0,00552376;-0,00233748
2017-05-16;0,00280063;-0,00091580;0,00371643
2017-05-17;-0,00677597;-0,01774401;0,01096804
2017-05-18;-0,00260228;0,00402861;-0,00663088
2017-05-19;0,00457627;0,00650403;-0,00192776
2017-05-22;0,00472559;0,00507742;-0,00035183
2017-05-23;-0,00016051;0,00221270;-0,00237321
2017-05-24;0,00320418;0,00233283;0,00087135
2017-05-25;0,00290410;0,00477944;-0,00187534
2017-05-26;0,00509829;-0,00020644;0,00530473
2017-05-30;-0,00181540;-0,00086922;-0,00094618
2017-05-31;-0,00016604;-0,00024830;0,00008226
2017-06-01;0,00217436;0,00795231;-0,00577795
2017-06-02;0,00657331;0,00332862;0,00324469
2017-06-05;-0,00034952;-0,00073734;0,00038782
2017-06-06;0,00214351;-0,00319689;0,00534040
2017-06-07;-0,00195610;0,00185009;-0,00380620
2017-06-08;-0,00064673;0,00049264;-0,00113937
2017-06-09;-0,00328670;-0,00151758;-0,00176912
2017-06-12;-0,00247498;-0,00020562;-0,00226936
2017-06-13;0,00230636;0,00488992;-0,00258356
2017-06-14;-0,00336873;-0,00126781;-0,00210092
2017-06-15;-0,00392038;-0,00192435;-0,00199603
2017-06-16;-0,00043859;0,00021849;-0,00065708
2017-06-19;0,00602231;0,00832529;-0,00230297
2017-06-20;-0,00134862;-0,00674395;0,00539533
2017-06-21;0,00019978;-0,00024723;0,00044700
2017-06-22;0,00175413;-0,00045280;0,00220694
2017-06-23;0,00105923;0,00119419;-0,00013497
2017-06-26;-0,00321009;0,00065834;-0,00386843
2017-06-27;-0,00479851;-0,00805646;0,00325795
2017-06-28;0,00095910;0,00895072;-0,00799162
2017-06-29;-0,00909573;-0,00878905;-0,00030668
2017-06-30;-0,00158125;0,00186447;-0,00344572
2017-07-03;-0,00304693;0,00169567;-0,00474261
2017-07-05;0,00335749;0,00231211;0,00104538
2017-07-06;-0,00479997;-0,00914467;0,00434469
2017-07-07;0,00257336;0,00648528;-0,00391192
2017-07-10;0,00342311;0,00107387;0,00234925
2017-07-11;0,00083592;-0,00074262;0,00157854
2017-07-12;0,00686135;0,00751465;-0,00065330
2017-07-13;-0,00050054;0,00168017;-0,00218071
2017-07-14;0,00206180;0,00466415;-0,00260235
2017-07-17;0,00264498;-0,00012183;0,00276680
2017-07-18;0,00309979;0,00052928;0,00257051
2017-07-19;0,00206554;0,00541416;-0,00334863
2017-07-20;0,00307818;0,00044533;0,00263285
2017-07-21;0,00134447;-0,00089040;0,00223487
2017-07-24;-0,00084174;-0,00024314;-0,00059860
2017-07-25;-0,00012365;0,00243110;-0,00255475
2017-07-26;0,00243051;0,00004023;0,00239027
2017-07-27;-0,00131149;-0,00092951;-0,00038198
2017-07-28;-0,00052074;-0,00117299;0,00065225
2017-07-31;-0,00192528;-0,00056734;-0,00135794
2017-08-01;0,00154425;0,00222898;-0,00068472
2017-08-02;-0,00049429;0,00048512;-0,00097942
2017-08-03;0,00211613;-0,00193984;0,00405597
2017-08-04;0,00138378;0,00182233;-0,00043855
2017-08-07;0,00200741;0,00185918;0,00014824
2017-08-08;0,00164742;-0,00246111;0,00410853
2017-08-09;-0,00044767;-0,00004019;-0,00040749
2017-08-10;-0,00516563;-0,01411554;0,00894991
2017-08-11;0,00130300;0,00147699;-0,00017398
2017-08-14;0,00578684;0,00991316;-0,00412633
2017-08-15;0,00103473;-0,00012163;0,00115636
2017-08-16;0,00355507;0,00174439;0,00181067
2017-08-17;-0,00626162;-0,01559109;0,00932947
2017-08-18;-0,00197449;-0,00156296;-0,00041154
2017-08-21;-0,00096165;0,00078281;-0,00174446
2017-08-22;0,00660442;0,01045690;-0,00385249
2017-08-23;0,00126276;-0,00358533;0,00484809
2017-08-24;-0,00175515;-0,00233067;0,00057552
2017-08-25;0,00022446;0,00233611;-0,00211166
2017-08-29;0,00270885;0,00114483;0,00156402
2017-08-30;0,00329316;0,00473763;-0,00144447
2017-08-31;0,00696417;0,00601627;0,00094790
2017-09-01;-0,00053229;0,00141394;-0,00194623
2017-09-05;-0,00255489;-0,00718197;0,00462708
2017-09-06;-0,00163621;0,00341362;-0,00504983
2017-09-07;0,00366951;-0,00012138;0,00379089
2017-09-08;-0,00407378;-0,00117441;-0,00289937
2017-09-11;0,00271407;0,01066581;-0,00795174
2017-09-12;0,00046761;0,00337068;-0,00290307
2017-09-13;-0,00099114;0,00047983;-0,00147096
2017-09-14;-0,00371819;-0,00031966;-0,00339853
2017-09-15;-0,00374573;0,00134603;-0,00509176
2017-09-18;0,00031995;0,00212702;-0,00180708
2017-09-19;0,00199551;0,00100109;0,00099442
2017-09-20;-0,00341123;0,00036013;-0,00377136
2017-09-21;-0,00371106;-0,00267943;-0,00103163
2017-09-22;0,00176936;0,00020041;0,00156895
2017-09-25;-0,00104972;-0,00204456;0,00099484
2017-09-26;-0,00070146;0,00060235;-0,00130381
2017-09-27;0,00144642;0,00389458;-0,00244816
2017-09-28;0,00077851;0,00119965;-0,00042115
2017-09-29;0,00305221;0,00351503;-0,00046282
2017-10-02;0,00214608;0,00433883;-0,00219274
2017-10-03;0,00205477;0,00214010;-0,00008534
2017-10-04;0,00026677;0,00118632;-0,00091955
2017-10-05;0,00541004;0,00592513;-0,00051509
2017-10-06;0,00291191;-0,00113863;0,00405054
2017-10-09;0,00136109;-0,00165131;0,00301240
2017-10-10;-0,00030153;0,00263832;-0,00293985
2017-10-11;0,00249822;0,00157072;0,00092751
2017-10-12;0,00033831;-0,00148968;0,00182799
2017-10-13;0,00138241;0,00121734;0,00016507
2017-10-16;-0,00007580;0,00133344;-0,00140924
2017-10-17;0,00013957;0,00070539;-0,00056582
2017-10-18;0,00019750;0,00097849;-0,00078099
2017-10-19;-0,00024223;0,00027354;-0,00051576
2017-10-20;0,00129712;0,00516048;-0,00386336
2017-10-23;-0,00029778;-0,00388913;0,00359135
2017-10-24;0,00078236;0,00175680;-0,00097444
2017-10-25;-0,00603141;-0,00495011;-0,00108130
2017-10-26;0,00227164;0,00129259;0,00097905
2017-10-27;0,01081481;0,00817659;0,00263822
2017-10-30;-0,00088855;-0,00372545;0,00283690
2017-10-31;-0,00004780;0,00155823;-0,00160602
2017-11-01;0,00182547;0,00132197;0,00050351
2017-11-02;0,00441462;0,00038835;0,00402627
2017-11-03;0,00137354;0,00333885;-0,00196531
2017-11-06;0,00183122;0,00154764;0,00028358
2017-11-07;-0,00112918;-0,00069562;-0,00043357
2017-11-08;0,00359178;0,00170112;0,00189066
2017-11-09;-0,00348110;-0,00362785;0,00014675
2017-11-10;-0,00383057;-0,00030985;-0,00352072
2017-11-13;0,00215949;0,00092984;0,00122965
2017-11-14;-0,00077393;-0,00232247;0,00154854
2017-11-15;-0,00443173;-0,00500532;0,00057359
2017-11-16;0,00539408;0,00850102;-0,00310694
2017-11-17;-0,00028882;-0,00293869;0,00264988
2017-11-20;-0,00174074;0,00170640;-0,00344713
2017-11-21;0,00565693;0,00654295;-0,00088602
2017-11-22;0,00046601;-0,00088454;0,00135056
2017-11-24;0,00129361;0,00230948;-0,00101588
2017-11-27;0,00041166;-0,00049921;0,00091087
2017-11-28;0,00404156;0,01014466;-0,00610309
2017-11-29;-0,01169703;-0,00060849;-0,01108855
2017-11-30;0,00070527;0,00875490;-0,00804963
2017-12-01;-0,00312463;-0,00207533;-0,00104930
2017-12-04;-0,00178589;-0,00120992;-0,00057597
2017-12-05;-0,00198117;-0,00359653;0,00161536
2017-12-06;0,00119372;0,00018977;0,00100395
2017-12-07;-0,00115547;0,00315324;-0,00430871
2017-12-08;0,00341918;0,00545296;-0,00203377
2017-12-11;0,00317864;0,00301324;0,00016540
2017-12-12;0,00196380;0,00176469;0,00019911
2017-12-13;0,00140835;-0,00011250;0,00152085
2017-12-14;-0,00275062;-0,00408613;0,00133550
2017-12-15;0,00652974;0,00832744;-0,00179769
2017-12-18;0,00447806;0,00634096;-0,00186291
2017-12-19;-0,00129989;-0,00384014;0,00254024
2017-12-20;-0,00148730;-0,00052435;-0,00096295
2017-12-21;0,00193077;0,00205996;-0,00012919
2017-12-22;0,00054272;-0,00026164;0,00080436
2017-12-27;0,00079041;0,00048665;0,00030377
2017-12-28;0,00064942;0,00205727;-0,00140785
2017-12-29;-0,00036672;-0,00377018;0,00340347
2018-01-02;0,00464012;0,00715721;-0,00251709
2018-01-03;0,00530312;0,00632489;-0,00102178
2018-01-04;0,00464297;0,00421526;0,00042771
2018-01-05;0,00355379;0,00666396;-0,00311017
2018-01-08;0,00164057;0,00182842;-0,00018785
2018-01-09;0,00033371;0,00226335;-0,00192964
2018-01-10;-0,00146176;-0,00152962;0,00006785
2018-01-11;0,00230998;0,00729629;-0,00498630
2018-01-12;0,00429776;0,00651822;-0,00222047
2018-01-16;-0,00141959;-0,00341771;0,00199812
2018-01-17;0,00149215;0,00953155;-0,00803941
2018-01-18;-0,00088870;-0,00168078;0,00079208
2018-01-19;0,00317407;0,00454965;-0,00137559
2018-01-22;0,00237763;0,00813069;-0,00575306
2018-01-23;0,00422016;0,00212255;0,00209760
2018-01-24;-0,00386208;-0,00038837;-0,00347371
2018-01-25;-0,00330920;0,00042412;-0,00373332
2018-01-26;0,00868801;0,01157755;-0,00288954
2018-01-29;-0,00270471;-0,00663008;0,00392537
2018-01-30;-0,00751578;-0,01025651;0,00274073
2018-01-31;0,00170667;0,00049633;0,00121033
2018-02-01;0,00022242;-0,00113509;0,00135752
2018-02-02;-0,01302001;-0,02176993;0,00874992
2018-02-05;-0,01450204;-0,04182232;0,02732028
2018-02-06;-0,00373716;0,01970209;-0,02343925
2018-02-07;0,00335392;-0,00542482;0,00877874
2018-02-08;-0,01994706;-0,03750896;0,01756190
2018-02-09;0,00404974;0,01502135;-0,01097161
2018-02-12;0,01189572;0,01468459;-0,00278888
2018-02-13;0,00060161;0,00248753;-0,00188592
2018-02-14;0,01149859;0,01349622;-0,00199764
2018-02-15;0,00709576;0,01275992;-0,00566415
2018-02-16;0,00246061;0,00029328;0,00216733
2018-02-20;-0,00301789;-0,00626117;0,00324327
2018-02-21;-0,00195341;-0,00497431;0,00302091
2018-02-22;0,00139180;0,00129606;0,00009575
2018-02-23;0,00522179;0,01593935;-0,01071756
2018-02-26;0,00929987;0,01161202;-0,00231216
2018-02-27;-0,00498996;-0,01248606;0,00749610
2018-02-28;-0,00222660;-0,01013018;0,00790359
2018-03-01;-0,00878001;-0,01454092;0,00576091
2018-03-02;-0,00069657;0,00515474;-0,00585131
2018-03-05;0,00503980;0,01155798;-0,00651818
2018-03-06;0,00404889;0,00253527;0,00151362
2018-03-07;0,00002395;-0,00036662;0,00039058
2018-03-08;0,00402292;0,00483892;-0,00081599
2018-03-09;0,00802614;0,01740243;-0,00937629
2018-03-12;0,00209785;-0,00125494;0,00335279
2018-03-13;-0,00609486;-0,00646275;0,00036789
2018-03-14;-0,00127414;-0,00513162;0,00385748
2018-03-15;-0,00084992;-0,00108951;0,00023960
2018-03-16;-0,00070043;0,00108425;-0,00178469
2018-03-19;-0,01154385;-0,01353044;0,00198659
2018-03-20;0,00009820;0,00170121;-0,00160300
2018-03-21;0,00123496;-0,00191964;0,00315460
2018-03-22;-0,01371065;-0,02499712;0,01128646
2018-03-23;-0,00962008;-0,02131479;0,01169471
2018-03-26;0,00920780;0,02735937;-0,01815157
2018-03-27;-0,00522331;-0,01701167;0,01178837
2018-03-28;-0,00865005;-0,00295499;-0,00569505
2018-03-29;0,01013520;0,01277745;-0,00264225
2018-04-03;-0,00677554;0,01281705;-0,01959259
2018-04-04;0,00437639;0,01069897;-0,00632259
2018-04-05;0,00782043;0,00789196;-0,00007154
2018-04-06;-0,01083288;-0,02228565;0,01145277
2018-04-09;0,00292127;0,00492806;-0,00200678
2018-04-10;0,00970464;0,01590067;-0,00619603
2018-04-11;-0,00137695;-0,00524225;0,00386530
2018-04-12;0,00160911;0,00822721;-0,00661810
2018-04-13;-0,00018697;-0,00293320;0,00274623
2018-04-16;0,00246173;0,00822175;-0,00576002
2018-04-17;0,00918808;0,01069831;-0,00151023
2018-04-18;0,00157542;0,00074042;0,00083501
2018-04-19;-0,00469449;-0,00554760;0,00085310
2018-04-20;-0,00512622;-0,00847946;0,00335323
2018-04-23;-0,00044314;-0,00014973;-0,00029341
2018-04-24;-0,00530849;-0,01346761;0,00815912
2018-04-25;-0,00461092;0,00247153;-0,00708246
2018-04-26;0,00756577;0,01016573;-0,00259996
2018-04-27;0,00426792;0,00093900;0,00332891
2018-04-30;-0,00262964;-0,00769027;0,00506062
2018-05-01;0,00188583;0,00177651;0,00010932
2018-05-02;0,00141188;-0,00671767;0,00812954
2018-05-03;-0,00130704;-0,00220355;0,00089651
2018-05-04;0,01137850;0,01294625;-0,00156776
2018-05-08;0,00431374;0,00000000;0,00431374
2018-05-09;0,00315966;0,00966575;-0,00650609
2018-05-10;0,01023588;0,00935057;0,00088531
2018-05-11;-0,00062564;0,00305145;-0,00367710
2018-05-14;-0,00061678;0,00047617;-0,00109295
2018-05-15;-0,00742529;-0,00688684;-0,00053845
2018-05-16;0,00177156;0,00420497;-0,00243342
2018-05-17;-0,00066792;-0,00084472;0,00017680
2018-05-18;-0,00170728;-0,00249978;0,00079250
2018-05-21;0,00557501;0,00751826;-0,00194325
2018-05-22;0,00012330;-0,00278017;0,00290347
2018-05-23;0,00083047;0,00275140;-0,00192094
2018-05-24;0,00067398;-0,00204869;0,00272267
2018-05-25;0,00048161;-0,00238244;0,00286405
2018-05-29;-0,00393993;-0,01150109;0,00756116
2018-05-30;0,00364128;0,01334444;-0,00970317
2018-05-31;-0,00050964;-0,00612596;0,00561632
2018-06-01;0,00493051;0,00981779;-0,00488727
2018-06-04;0,00475271;0,00475164;0,00000107
2018-06-05;0,00079025;0,00072748;0,00006277
2018-06-06;0,00259879;0,00836060;-0,00576180
2018-06-07;-0,00214659;-0,00010809;-0,00203850
2018-06-08;-0,00020736;0,00295646;-0,00316382
2018-06-11;0,00282106;0,00132972;0,00149134
2018-06-12;0,00031891;0,00129259;-0,00097368
2018-06-13;-0,00005829;-0,00319078;0,00313249
2018-06-14;0,00287883;0,00251744;0,00036138
2018-06-15;-0,00557616;-0,00127578;-0,00430038
2018-06-18;0,00021793;-0,00205669;0,00227462
2018-06-19;-0,00255926;-0,00383289;0,00127363
2018-06-20;0,00061263;0,00170622;-0,00109359
2018-06-21;-0,00568172;-0,00626906;0,00058734
2018-06-22;0,00069164;0,00182309;-0,00113145
2018-06-25;-0,01217602;-0,01361260;0,00143659
2018-06-26;0,00144121;0,00221418;-0,00077297
2018-06-27;-0,00302265;-0,00828416;0,00526151
2018-06-28;0,00210058;0,00571707;-0,00361649
2018-06-29;0,00213015;0,00143999;0,00069016
2018-07-02;-0,00144785;0,00213776;-0,00358561
2018-07-03;-0,00068325;-0,00353116;0,00284790
2018-07-05;0,00469690;0,00815797;-0,00346107
2018-07-06;0,00508691;0,00845808;-0,00337117
2018-07-09;0,00603729;0,00900444;-0,00296715
2018-07-10;0,00073751;0,00359841;-0,00286090
2018-07-11;-0,00501458;-0,00731450;0,00229992
2018-07-12;0,00741166;0,00906617;-0,00165451
2018-07-13;0,00000507;0,00078716;-0,00078209
2018-07-16;-0,00147060;-0,00089379;-0,00057680
2018-07-17;0,00220389;0,00404498;-0,00184110
2018-07-18;0,00275165;0,00210384;0,00064781
2018-07-19;-0,00112166;-0,00377165;0,00264999
2018-07-20;-0,00034710;-0,00114263;0,00079553
2018-07-23;0,00006282;0,00185917;-0,00179635
2018-07-24;0,00345398;0,00503212;-0,00157813
2018-07-25;0,00465331;0,00852243;-0,00386912
2018-07-26;-0,00461823;-0,00235930;-0,00225892
2018-07-27;-0,00534425;-0,00677611;0,00143186
2018-07-30;-0,00744174;-0,00522354;-0,00221820
2018-07-31;0,00227493;0,00492956;-0,00265462
2018-08-01;0,00106816;-0,00167074;0,00273889
2018-08-02;0,00362811;0,00544744;-0,00181932
2018-08-03;0,00358098;0,00428521;-0,00070423
2018-08-06;0,00289285;0,00366701;-0,00077416
2018-08-07;0,00337381;0,00330244;0,00007137
2018-08-08;0,00278961;-0,00042014;0,00320976
2018-08-09;0,00032506;-0,00136631;0,00169137
2018-08-10;-0,00429398;-0,00670028;0,00240630
2018-08-13;-0,00354886;-0,00374325;0,00019439
2018-08-14;0,00305032;0,00638026;-0,00332994
2018-08-15;-0,00875164;-0,00746692;-0,00128472
2018-08-16;0,00417795;0,00809148;-0,00391353
2018-08-17;0,00171387;0,00352001;-0,00180614
2018-08-20;0,00150497;0,00214028;-0,00063531
2018-08-21;0,00015216;0,00234523;-0,00219307
2018-08-22;0,00102871;-0,00059357;0,00162229
2018-08-23;-0,00033056;-0,00132769;0,00099713
2018-08-24;0,00748022;0,00601801;0,00146221
2018-08-28;0,00564900;0,00048328;0,00516572
2018-08-29;0,00205485;0,00538082;-0,00332597
2018-08-30;-0,00305307;-0,00404828;0,00099521
2018-08-31;-0,00081048;0,00003455;-0,00084504
2018-09-04;-0,00014485;-0,00172253;0,00157768
2018-09-05;-0,00700711;-0,00269119;-0,00431592
2018-09-06;-0,00378164;-0,00300995;-0,00077169
2018-09-07;-0,00198966;-0,00194363;-0,00004603
2018-09-10;0,00003667;0,00173858;-0,00170191
2018-09-11;0,00355468;0,00329705;0,00025763
2018-09-12;0,00062052;0,00024219;0,00037833
2018-09-13;0,00251040;0,00591484;-0,00340444
2018-09-14;0,00033180;0,00017197;0,00015983
2018-09-17;-0,00511877;-0,00529397;0,00017520
2018-09-18;0,00297646;0,00542603;-0,00244957
2018-09-19;0,00033553;0,00106542;-0,00072988
2018-09-20;0,00478336;0,00810378;-0,00332042
2018-09-21;0,00188023;-0,00091355;0,00279378
2018-09-24;-0,00087169;-0,00332214;0,00245045
2018-09-25;0,00041846;-0,00092792;0,00134638
2018-09-26;-0,00261081;-0,00299229;0,00038148
2018-09-27;0,00175285;0,00279424;-0,00104139
2018-09-28;0,00277946;0,00010364;0,00267582
2018-10-01;0,00207275;0,00347439;-0,00140164
2018-10-02;0,00228653;-0,00058327;0,00286981
2018-10-03;0,00070836;0,00054890;0,00015946
2018-10-04;-0,01012922;-0,00781595;-0,00231326
2018-10-05;-0,00671586;-0,00559698;-0,00111888
2018-10-08;-0,00747907;0,00000000;-0,00747907
2018-10-09;0,00177578;-0,00145910;0,00323488
2018-10-10;-0,02214218;-0,03166314;0,00952095
2018-10-11;-0,00683749;-0,02202640;0,01518891
2018-10-12;0,01060473;0,01388831;-0,00328357
2018-10-15;-0,00297073;-0,00561680;0,00264607
2018-10-16;0,01137912;0,02186558;-0,01048647
2018-10-17;-0,00070176;0,00017854;-0,00088030
2018-10-18;-0,00636072;-0,01444110;0,00808038
2018-10-19;0,00060300;-0,00054294;0,00114594
2018-10-22;0,00151576;-0,00448828;0,00600404
2018-10-23;-0,00522116;-0,00509113;-0,00013004
2018-10-24;-0,01407070;-0,03029838;0,01622768
2018-10-25;0,01252802;0,01794059;-0,00541256
2018-10-26;-0,01099331;-0,01758717;0,00659385
2018-10-29;-0,00323926;-0,00554062;0,00230135
2018-10-30;0,00378965;0,01481837;-0,01102873
2018-10-31;0,01091173;0,01068079;0,00023094
2018-11-01;0,00314302;0,01064190;-0,00749888
2018-11-02;-0,00605574;-0,00592284;-0,00013290
2018-11-05;-0,00151582;0,00551686;-0,00703268
2018-11-06;0,00103033;0,00632788;-0,00529755
2018-11-07;0,01247881;0,02140895;-0,00893014
2018-11-08;0,00115306;-0,00181468;0,00296775
2018-11-09;-0,00816566;-0,00976871;0,00160304
2018-11-12;-0,01453843;-0,01868498;0,00414655
2018-11-13;-0,00173351;-0,00187112;0,00013761
2018-11-14;-0,00477420;-0,00683676;0,00206256
2018-11-15;0,01247656;0,01043673;0,00203983
2018-11-16;0,00181202;0,00260063;-0,00078861
2018-11-19;-0,01428840;-0,01691455;0,00262615
2018-11-20;-0,01137720;-0,01850605;0,00712885
2018-11-21;0,00629709;0,00340747;0,00288962
2018-11-23;-0,00611875;-0,00667876;0,00056001
2018-11-26;0,00920166;0,01614429;-0,00694263
2018-11-27;0,00085506;0,00336448;-0,00250941
2018-11-28;0,01354918;0,02302563;-0,00947645
2018-11-29;0,00034276;-0,00218527;0,00252803
2018-11-30;0,00280259;0,00609534;-0,00329274
2018-12-03;0,01365752;0,01324119;0,00041633
2018-12-04;-0,01248254;-0,03240228;0,01991974
2018-12-06;-0,01370127;-0,00151714;-0,01218413
2018-12-07;-0,00626373;-0,02323617;0,01697243
2018-12-10;0,00186070;0,00189733;-0,00003663
2018-12-11;0,00583453;0,00022713;0,00560740
2018-12-12;0,00351450;0,00503537;-0,00152087
2018-12-13;-0,00120031;-0,00033898;-0,00086132
2018-12-14;-0,01073946;-0,01846470;0,00772524
2018-12-17;-0,00862551;-0,01961854;0,01099303
2018-12-18;-0,00111793;-0,00109640;-0,00002152
2018-12-19;-0,00633046;-0,01497579;0,00864532
2018-12-20;-0,00942341;-0,01627796;0,00685455
2018-12-21;-0,01216484;-0,02048949;0,00832465
2018-12-24;-0,01222085;-0,02642294;0,01420209
2018-12-27;0,02391670;0,00767742;0,01623928
2018-12-28;0,00516293;-0,00129005;0,00645297
2018-12-31;0,00392144;0,00875883;-0,00483739
2019-01-02;0,00269245;0,00104026;0,00165219
2019-01-03;-0,01667870;-0,02386274;0,00718403
2019-01-04;0,01558909;0,03349567;-0,01790658
2019-01-07;0,00520391;0,00788482;-0,00268092
2019-01-08;0,00400902;0,00939513;-0,00538611
2019-01-09;0,00797575;0,00467360;0,00330215
2019-01-10;-0,00027359;0,00352756;-0,00380115
2019-01-11;-0,00138914;0,00038630;-0,00177544
2019-01-14;-0,00453946;-0,00610093;0,00156146
2019-01-15;0,00874217;0,01146095;-0,00271878
2019-01-16;0,00072237;0,00241955;-0,00169718
2019-01-17;0,00035724;0,00758700;-0,00722976
2019-01-18;0,00811264;0,01331000;-0,00519736
2019-01-22;-0,00833250;-0,01351061;0,00517810
2019-01-23;-0,00253508;0,00209270;-0,00462778
2019-01-24;0,00327094;0,00053099;0,00273996
2019-01-25;0,00818027;0,00846155;-0,00028128
2019-01-28;-0,00626874;-0,00760009;0,00133134
2019-01-29;-0,00091472;-0,00132680;0,00041208
2019-01-30;0,01432466;0,01583061;-0,00150595
2019-01-31;0,00160864;0,00878217;-0,00717353
2019-02-01;0,00345612;0,00048170;0,00297442
2019-02-04;0,00447938;0,00703562;-0,00255624
2019-02-05;0,00843049;0,00419186;0,00423863
2019-02-06;-0,00081307;-0,00131821;0,00050514
2019-02-07;-0,00833023;-0,00953303;0,00120280
2019-02-08;0,00223624;0,00122159;0,00101464
2019-02-11;0,00242669;0,00055477;0,00187191
2019-02-12;0,00706919;0,01285907;-0,00578988
2019-02-13;0,00138035;0,00324717;-0,00186682
2019-02-14;0,00264787;-0,00221847;0,00486635
2019-02-15;0,00542602;0,01089747;-0,00547145
2019-02-19;-0,00001281;0,00173072;-0,00174353
2019-02-20;0,00090777;0,00201540;-0,00110763
2019-02-21;-0,00316556;-0,00355610;0,00039054
2019-02-22;0,00681494;0,00620019;0,00061475
2019-02-25;0,00257291;0,00136106;0,00121185
2019-02-26;-0,00334299;-0,00071524;-0,00262775
2019-02-27;-0,00390107;-0,00042978;-0,00347129
2019-02-28;-0,00143179;-0,00186240;0,00043061
2019-03-01;0,00025670;0,00624401;-0,00598731
2019-03-04;-0,00081468;-0,00363766;0,00282299
2019-03-05;-0,00006998;-0,00136028;0,00129031
2019-03-06;-0,00295694;-0,00605686;0,00309991
2019-03-07;-0,00507469;-0,00836511;0,00329042
2019-03-08;0,00167353;-0,00200036;0,00367390
2019-03-11;0,00800493;0,01450163;-0,00649670
2019-03-12;0,00556510;0,00377079;0,00179431
2019-03-13;0,00261166;0,00661924;-0,00400758
2019-03-14;-0,00302199;-0,00063998;-0,00238201
2019-03-15;0,00638498;0,00494060;0,00144437
2019-03-18;0,00329045;0,00362589;-0,00033544
2019-03-19;0,00246499;0,00024782;0,00221718
2019-03-20;-0,00092435;-0,00300946;0,00208511
2019-03-21;0,01294430;0,01129458;0,00164972
2019-03-22;-0,01436441;-0,01924630;0,00488189
2019-03-25;-0,00021480;-0,00075208;0,00053727
2019-03-26;0,00165039;0,00745384;-0,00580345
2019-03-27;-0,00468214;-0,00522905;0,00054691
2019-03-28;0,00244835;0,00379085;-0,00134249
2019-03-29;0,00631932;0,00630506;0,00001426
2019-04-01;0,00447082;0,01185948;-0,00738867
2019-04-02;0,00425726;0,00048980;0,00376746
2019-04-03;0,00219642;0,00157333;0,00062310
2019-04-04;-0,00006988;0,00265351;-0,00272339
2019-04-05;0,00389446;0,00484048;-0,00094602
2019-04-08;0,00176255;0,00076233;0,00100022
2019-04-09;-0,00155723;-0,00512492;0,00356769
2019-04-10;0,00202076;0,00341085;-0,00139009
2019-04-11;-0,00213359;-0,00027768;-0,00185590
2019-04-12;0,00268584;0,00676646;-0,00408062
2019-04-15;-0,00020594;-0,00065515;0,00044921
2019-04-16;0,00220714;0,00065558;0,00155156
2019-04-17;0,00113718;-0,00244736;0,00358454
2019-04-18;0,00163609;0,00196909;-0,00033301
2019-04-23;0,00755556;0,00899228;-0,00143672
2019-04-24;0,00048114;-0,00221971;0,00270086
2019-04-25;0,00010906;-0,00061587;0,00072493
2019-04-26;-0,00009985;0,00465684;-0,00475670
2019-04-29;0,00047083;0,00156735;-0,00109652
2019-04-30;-0,00175770;0,00051038;-0,00226808
2019-05-01;-0,00177962;-0,00751634;0,00573671
2019-05-02;-0,00479030;-0,00215883;-0,00263147
2019-05-03;0,00423798;0,00978744;-0,00554947
2019-05-07;-0,01199451;-0,01669981;0,00470530
2019-05-08;-0,00010024;-0,00138933;0,00128909
2019-05-09;-0,00662858;-0,00302575;-0,00360283
2019-05-10;0,00146949;0,00502355;-0,00355406
2019-05-13;-0,01179711;-0,02513026;0,01333314
2019-05-14;0,00867096;0,00904359;-0,00037263
2019-05-15;0,00539548;0,00585746;-0,00046198
2019-05-16;0,00686875;0,00926136;-0,00239261
2019-05-17;-0,00376033;-0,00646490;0,00270457
2019-05-20;-0,00873252;-0,00661266;-0,00211986
2019-05-21;0,00464690;0,00901593;-0,00436904
2019-05-22;0,00045425;-0,00307126;0,00352551
2019-05-23;-0,00870101;-0,01221830;0,00351729
2019-05-24;0,00114160;0,00226816;-0,00112655
2019-05-28;-0,00143874;-0,00930042;0,00786168
2019-05-29;-0,00539797;-0,00671126;0,00131329
2019-05-30;0,00492704;0,00273147;0,00219557
2019-05-31;-0,00471606;-0,01347506;0,00875900
2019-06-03;-0,00316973;-0,00254309;-0,00062663
2019-06-04;0,01271289;0,02170617;-0,00899328
2019-06-05;0,00635226;0,00866251;-0,00231025
2019-06-06;0,00593816;0,00650262;-0,00056446
2019-06-07;0,01043061;0,01000736;0,00042325
2019-06-10;0,00499176;0,00458887;0,00040290
2019-06-11;-0,00138468;-0,00024212;-0,00114256
2019-06-12;-0,00216276;-0,00176569;-0,00039707
2019-06-13;0,00335464;0,00412661;-0,00077197
2019-06-14;-0,00210565;-0,00110521;-0,00100044
2019-06-17;0,00186407;0,00038020;0,00148387
2019-06-18;0,01044614;0,01047098;-0,00002484
2019-06-19;0,00072123;0,00225728;-0,00153605
2019-06-20;0,01111684;0,00955464;0,00156220
2019-06-21;0,00053846;-0,00145381;0,00199227
2019-06-24;0,00308104;-0,00122438;0,00430543
2019-06-25;-0,00671271;-0,00980811;0,00309540
2019-06-26;0,00119322;-0,00099763;0,00219085
2019-06-27;0,00107729;0,00354627;-0,00246898
2019-06-28;0,00103430;0,00514581;-0,00411151
2019-07-01;0,00492079;0,00907832;-0,00415753
2019-07-02;0,00687758;0,00260444;0,00427314
2019-07-03;0,00562463;0,00799519;-0,00237056
2019-07-05;-0,00306879;-0,00113820;-0,00193059
2019-07-08;-0,00415765;-0,00549466;0,00133702
2019-07-09;0,00240215;0,00124657;0,00115558
2019-07-10;0,00611978;0,00477798;0,00134180
2019-07-11;-0,00073005;0,00234429;-0,00307434
2019-07-12;0,00389331;0,00447718;-0,00058387
2019-07-15;0,00284222;0,00033232;0,00250989
2019-07-16;-0,00267558;-0,00322501;0,00054943
2019-07-17;0,00041714;-0,00680530;0,00722244
2019-07-18;0,00277010;0,00366084;-0,00089074
2019-07-19;-0,00291340;-0,00555482;0,00264142
2019-07-22;0,00280059;0,00245654;0,00034405
2019-07-23;0,00315556;0,00715005;-0,00399449
2019-07-24;0,00343173;0,00469952;-0,00126779
2019-07-25;-0,00262460;-0,00477722;0,00215262
2019-07-26;0,00385002;0,00670026;-0,00285024
2019-07-29;0,00482537;-0,00182133;0,00664670
2019-07-30;-0,00114460;-0,00245466;0,00131005
2019-07-31;-0,00912835;-0,01094034;0,00181199
2019-08-01;0,00489182;-0,00870787;0,01359970
2019-08-02;-0,01346573;-0,00752954;-0,00593619
2019-08-05;-0,01699771;-0,03007337;0,01307565
2019-08-06;0,00531734;0,01402322;-0,00870588
2019-08-07;0,00622068;0,00059073;0,00562995
2019-08-08;0,01527282;0,01961982;-0,00434700
2019-08-09;-0,00523989;-0,00681120;0,00157131
2019-08-12;-0,00259420;-0,01217338;0,00957918
2019-08-13;0,00921828;0,01555156;-0,00633328
2019-08-14;-0,01440092;-0,02956759;0,01516667
2019-08-15;-0,00155289;0,00264161;-0,00419450
2019-08-16;0,00783427;0,01475535;-0,00692107
2019-08-19;0,00600558;0,01204766;-0,00604208
2019-08-20;-0,00148846;-0,00766252;0,00617407
2019-08-21;0,00463722;0,00813520;-0,00349799
2019-08-22;-0,00484876;-0,00030743;-0,00454133
2019-08-23;-0,00967222;-0,02568749;0,01601526
2019-08-27;0,00548609;-0,00392337;0,00940946
2019-08-28;0,00168762;0,00704169;-0,00535407
2019-08-29;0,00798189;0,01277303;-0,00479114
2019-08-30;-0,00098979;-0,00044465;-0,00054514
2019-09-03;0,00085968;-0,00584705;0,00670673
2019-09-04;0,00764578;0,01135052;-0,00370474
2019-09-05;0,00235101;0,01285519;-0,01050418
2019-09-06;-0,00105249;0,00077231;-0,00182480
2019-09-09;-0,00429590;0,00050328;-0,00479919
2019-09-10;-0,00494664;-0,00023474;-0,00471190
2019-09-11;0,00790341;0,00711086;0,00079255
2019-09-12;0,00385934;0,00346419;0,00039514
2019-09-13;-0,00594168;-0,00066402;-0,00527767
2019-09-16;-0,00016008;-0,00308879;0,00292870
2019-09-17;0,00074472;0,00253218;-0,00178746
2019-09-18;-0,00148922;0,00059789;-0,00208711
2019-09-19;0,00371257;-0,00006634;0,00377891
2019-09-20;-0,00240041;-0,00472455;0,00232414
2019-09-23;0,00180722;-0,00023484;0,00204206
2019-09-24;-0,00263916;-0,00784707;0,00520791
2019-09-25;-0,00009973;0,00591505;-0,00601478
2019-09-26;0,00089203;-0,00208331;0,00297534
2019-09-27;-0,00331391;-0,00538720;0,00207329
2019-09-30;-0,00000597;0,00463757;-0,00464353
2019-10-01;-0,00256395;-0,01189479;0,00933083
2019-10-02;-0,01170778;-0,01766475;0,00595696
2019-10-03;0,00313791;0,00819272;-0,00505481
2019-10-04;0,01097280;0,01353253;-0,00255973
2019-10-07;-0,00148698;-0,00431463;0,00282766
2019-10-08;-0,00605788;-0,01552448;0,00946660
2019-10-09;0,00584202;0,00949632;-0,00365430
2019-10-10;0,00044955;0,00676297;-0,00631343
2019-10-11;0,00066338;0,01036722;-0,00970384
2019-10-14;0,00079023;-0,00111376;0,00190399
2019-10-15;0,00202504;0,00990009;-0,00787505
2019-10-16;-0,00362761;-0,00160590;-0,00202170
2019-10-17;-0,00034941;0,00294886;-0,00329826
2019-10-18;-0,00433335;-0,00437689;0,00004354
2019-10-21;0,00151479;0,00677926;-0,00526447
2019-10-22;-0,00269290;-0,00326688;0,00057398
2019-10-23;0,00180598;0,00290953;-0,00110355
2019-10-24;0,00877511;0,00163398;0,00714112
2019-10-25;0,00523988;0,00409487;0,00114501
2019-10-28;0,00311017;0,00563668;-0,00252651
2019-10-29;-0,00415075;-0,00029673;-0,00385402
2019-10-30;0,00345056;0,00306730;0,00038326
2019-10-31;0,00014051;-0,00266344;0,00280395
2019-11-01;0,00647058;0,00926414;-0,00279356
2019-11-04;0,00398970;0,00401758;-0,00002788
2019-11-05;-0,00353740;-0,00110598;-0,00243143
2019-11-06;0,00087841;0,00022804;0,00065038
2019-11-07;0,00193045;0,00351651;-0,00158606
2019-11-08;0,00046253;0,00246630;-0,00200377
2019-11-11;-0,00210404;-0,00190983;-0,00019420
2019-11-12;0,00362082;0,00210792;0,00151290
2019-11-13;0,00043641;0,00032360;0,00011282
2019-11-14;-0,00025344;0,00145593;-0,00170937
2019-11-15;0,00395481;0,00723626;-0,00328145
2019-11-18;0,00060698;0,00073733;-0,00013035
2019-11-19;0,00143369;-0,00028801;0,00172170
2019-11-20;-0,00223995;-0,00371888;0,00147892
2019-11-21;-0,00399978;-0,00160899;-0,00239080
2019-11-22;0,00120000;0,00222392;-0,00102392
2019-11-25;0,00477601;0,00775027;-0,00297426
2019-11-26;0,00323304;0,00226516;0,00096789
2019-11-27;0,00076565;0,00445805;-0,00369240
2019-11-29;-0,00138292;-0,00370860;0,00232567
2019-12-02;-0,00787607;-0,00849489;0,00061881
2019-12-03;-0,00506513;-0,00670645;0,00164132
2019-12-04;0,00195801;0,00616981;-0,00421180
2019-12-05;0,00053610;0,00179803;-0,00126193
2019-12-06;0,00545108;0,00913444;-0,00368336
2019-12-09;-0,00308323;-0,00314423;0,00006100
2019-12-10;-0,00016500;-0,00111509;0,00095009
2019-12-11;0,00414531;0,00283907;0,00130624
2019-12-12;0,00579378;0,00861882;-0,00282504
2019-12-13;-0,00016273;0,00059878;-0,00076151
2019-12-16;0,00647183;0,00687034;-0,00039851
2019-12-17;0,00234297;0,00021914;0,00212383
2019-12-18;0,00124228;0,00006233;0,00117995
2019-12-19;0,00445377;0,00409884;0,00035493
2019-12-20;0,00284929;0,00438448;-0,00153520
2019-12-23;0,00512476;0,00152780;0,00359696
2019-12-24;0,00136692;0,00003106;0,00133586
2019-12-27;0,00261801;-0,00024778;0,00286579
2019-12-30;-0,00367158;-0,00551310;0,00184152
2019-12-31;-0,00034417;0,00242935;-0,00277352
2020-01-02;0,01136615;0,00935182;0,00201433
2020-01-03;-0,00074667;-0,00757237;0,00682570
2020-01-06;0,00109380;0,00381518;-0,00272137
2020-01-07;0,00246010;-0,00281182;0,00527192
2020-01-08;0,00309305;0,00532942;-0,00223637
2020-01-09;0,00499217;0,00678060;-0,00178842
2020-01-10;0,00100400;-0,00287754;0,00388154
2020-01-13;0,00443622;0,00687761;-0,00244139
2020-01-14;-0,00155703;-0,00152489;-0,00003213
2020-01-15;0,00195220;0,00225980;-0,00030760
2020-01-16;0,00436971;0,00831831;-0,00394860
2020-01-17;0,00503385;0,00311266;0,00192119
2020-01-21;-0,00049534;-0,00195816;0,00146282
2020-01-22;-0,00034968;0,00012076;-0,00047044
2020-01-23;0,00079476;0,00114665;-0,00035188
2020-01-24;0,00118216;-0,00889289;0,01007505
2020-01-27;-0,01283489;-0,01602946;0,00319457
2020-01-28;0,00898270;0,01047926;-0,00149656
2020-01-29;0,00239282;-0,00082591;0,00321873
2020-01-30;-0,00110565;0,00324518;-0,00435083
2020-01-31;-0,01216916;-0,01815780;0,00598864
2020-02-03;0,00799455;0,00742858;0,00056597
2020-02-04;0,01049365;0,01524094;-0,00474729
2020-02-05;0,00521393;0,01154856;-0,00633463
2020-02-06;0,00716280;0,00336479;0,00379802
2020-02-07;-0,00339160;-0,00532984;0,00193823
2020-02-10;0,00509633;0,00746515;-0,00236882
2020-02-11;-0,00010684;0,00173302;-0,00183986
2020-02-12;0,00389826;0,00644293;-0,00254467
2020-02-13;-0,00159977;-0,00106724;-0,00053253
2020-02-14;0,00297590;0,00160248;0,00137342
2020-02-18;-0,00046365;-0,00257714;0,00211349
2020-02-19;0,00961783;0,00478122;0,00483661
2020-02-20;-0,00379098;-0,00410805;0,00031707
2020-02-21;-0,00813935;-0,01029823;0,00215889
2020-02-24;-0,02147379;-0,03316566;0,01169187
2020-02-25;-0,02130835;-0,03030211;0,00899375
2020-02-26;0,00370975;-0,00367813;0,00738788
2020-02-27;-0,02806270;-0,04491175;0,01684905
2020-02-28;-0,01296788;-0,00420145;-0,00876644
2020-03-02;0,02871305;0,04330655;-0,01459350
2020-03-03;-0,00646307;-0,02863247;0,02216939
2020-03-04;0,01846262;0,04203275;-0,02357013
2020-03-05;-0,00867839;-0,03324127;0,02456288
2020-03-06;-0,01854464;-0,01653140;-0,00201324
2020-03-09;-0,04132525;-0,07809430;0,03676905
2020-03-10;0,01680987;0,05174471;-0,03493483
2020-03-11;-0,01730068;-0,04874847;0,03144779
2020-03-12;-0,06265659;-0,09567710;0,03302051
2020-03-13;0,03454345;0,08548629;-0,05094284
2020-03-16;-0,05248224;-0,10942372;0,05694147
2020-03-17;0,03063539;0,05399197;-0,02335659
2020-03-18;-0,02373472;-0,05063272;0,02689800
2020-03-19;0,00093682;0,00212479;-0,00118797
2020-03-20;-0,01417875;-0,04309415;0,02891540
2020-03-23;-0,00006059;-0,02556816;0,02550756
2020-03-24;0,05991969;0,09060321;-0,03068352
2020-03-25;0,00406605;0,01497015;-0,01090410
2020-03-26;0,02573384;0,05838988;-0,03265604
2020-03-27;-0,02857392;-0,02978564;0,00121172
2020-03-30;0,02026370;0,03247578;-0,01221208
2020-03-31;-0,01052969;-0,01490543;0,00437575
2020-04-01;-0,02639299;-0,04500492;0,01861194
2020-04-02;0,01186766;0,02307521;-0,01120755
2020-04-03;-0,00224302;-0,01445403;0,01221101
2020-04-06;0,04485125;0,06716621;-0,02231496
2020-04-07;0,00490510;0,00101947;0,00388563
2020-04-08;0,00408264;0,03356828;-0,02948564
2020-04-09;0,01116301;0,01521765;-0,00405463
2020-04-14;0,02188682;0,02949253;-0,00760570
2020-04-15;-0,01247132;-0,02124780;0,00877648
2020-04-16;0,00604675;0,00482444;0,00122231
2020-04-17;0,00345445;0,02701528;-0,02356083
2020-04-20;-0,00136392;-0,01761818;0,01625426
2020-04-21;-0,02351447;-0,03036332;0,00684885
2020-04-22;0,02175795;0,02219498;-0,00043704
2020-04-23;0,00264527;-0,00007173;0,00271700
2020-04-24;0,00426291;0,01393855;-0,00967565
2020-04-27;0,00665974;0,01441828;-0,00775854
2020-04-28;-0,00451028;-0,00459833;0,00008805
2020-04-29;0,02060229;0,02617863;-0,00557634
2020-04-30;-0,01193381;-0,00931085;-0,00262296
2020-05-01;-0,01321291;-0,02647323;0,01326032
2020-05-04;0,00452145;0,00275828;0,00176317
2020-05-05;0,01167963;0,00923910;0,00244053
2020-05-06;0,00055147;-0,00677872;0,00733019
2020-05-07;0,01242140;0,01206708;0,00035432
2020-05-11;0,00723760;0,00020498;0,00703262
2020-05-12;-0,00515531;-0,01993125;0,01477595
2020-05-13;-0,00962222;-0,01768611;0,00806389
2020-05-14;0,00386965;0,01196729;-0,00809765
2020-05-15;0,00660411;0,00459697;0,00200714
2020-05-18;0,01601073;0,03045977;-0,01444904
2020-05-19;-0,00015220;-0,01027093;0,01011874
2020-05-20;0,01052229;0,01698762;-0,00646533
2020-05-21;-0,01105722;-0,00690378;-0,00415344
2020-05-22;0,00298559;0,00189887;0,00108671
2020-05-26;0,00042220;0,01232092;-0,01189872
2020-05-27;0,00400225;0,01487883;-0,01087658
2020-05-28;0,00354205;-0,00184509;0,00538714
2020-05-29;0,00200535;0,00445591;-0,00245055
2020-06-01;0,00252307;0,00404185;-0,00151878
2020-06-02;0,00207932;0,00828014;-0,00620082
2020-06-03;0,00311880;0,01330860;-0,01018979
2020-06-04;-0,00110893;-0,00262708;0,00151815
2020-06-05;0,00952264;0,02562955;-0,01610691
2020-06-08;0,00461523;0,01208743;-0,00747220
2020-06-09;0,00243903;-0,00745660;0,00989564
2020-06-10;0,00833529;-0,00557994;0,01391523
2020-06-11;-0,03047634;-0,05764903;0,02717270
2020-06-12;0,00449609;0,01197582;-0,00747973
2020-06-15;0,00120810;0,00933546;-0,00812736
2020-06-16;0,01615357;0,01924803;-0,00309445
2020-06-17;0,00184003;-0,00415435;0,00599438
2020-06-18;0,00190316;0,00038543;0,00151774
2020-06-19;0,00257632;-0,00571536;0,00829168
2020-06-22;0,00517254;0,00641551;-0,00124297
2020-06-23;0,00675182;0,00460365;0,00214817
2020-06-24;-0,01459736;-0,02550852;0,01091115
2020-06-25;0,00395616;0,01072035;-0,00676419
2020-06-26;-0,00544800;-0,02375147;0,01830347
2020-06-29;0,00620605;0,01469750;-0,00849145
2020-06-30;0,00728086;0,01280985;-0,00552899
2020-07-01;-0,00033654;0,00700455;-0,00734110
2020-07-02;0,00627607;0,00550712;0,00076895
2020-07-06;0,01107311;0,01543736;-0,00436424
2020-07-07;-0,00525184;-0,01031402;0,00506218
2020-07-08;0,00528832;0,00764860;-0,00236029
2020-07-09;-0,00104471;-0,00569288;0,00464818
2020-07-10;0,00105527;0,01021061;-0,00915535
2020-07-13;-0,00180270;-0,00865913;0,00685643
2020-07-14;0,00225208;0,01295895;-0,01070687
2020-07-15;0,00611963;0,00918734;-0,00306771
2020-07-16;-0,00861748;-0,00329324;-0,00532424
2020-07-17;0,00612334;0,00289908;0,00322426
2020-07-20;0,00987025;0,00808136;0,00178889
2020-07-21;-0,00022064;0,00212755;-0,00234819
2020-07-22;0,00571215;0,00569187;0,00002028
2020-07-23;-0,00730537;-0,01193168;0,00462630
2020-07-24;-0,00752062;-0,00644021;-0,00108041
2020-07-27;0,00945900;0,00729254;0,00216646
2020-07-28;-0,00255775;-0,00634224;0,00378449
2020-07-29;0,00695966;0,01229855;-0,00533889
2020-07-30;-0,00331805;-0,00356804;0,00024999
2020-07-31;0,01055542;0,00790233;0,00265309
2020-08-03;0,01442973;0,00695244;0,00747729
2020-08-04;0,00641639;0,00386253;0,00255386
2020-08-05;0,00464214;0,00621080;-0,00156866
2020-08-06;0,00769016;0,00668425;0,00100591
2020-08-07;-0,00742460;0,00071792;-0,00814252
2020-08-10;-0,00245282;0,00298906;-0,00544188
2020-08-11;-0,01675304;-0,00825452;-0,00849852
2020-08-12;0,00981016;0,01394230;-0,00413214
2020-08-13;0,00441646;-0,00180776;0,00622422
2020-08-14;-0,00232144;0,00002951;-0,00235095
2020-08-17;0,00851794;0,00317679;0,00534115
2020-08-18;0,00151926;0,00216055;-0,00064129
2020-08-19;-0,00601756;-0,00416392;-0,00185364
2020-08-20;0,00514224;0,00311337;0,00202887
2020-08-21;0,00428471;0,00354747;0,00073723
2020-08-24;0,00554304;0,01013342;-0,00459037
2020-08-25;0,00178638;0,00349918;-0,00171281
2020-08-26;0,01155103;0,01002538;0,00152565
2020-08-27;-0,00151583;0,00218669;-0,00370252
2020-08-28;0,00507863;0,00645947;-0,00138084
2020-09-01;0,00927143;0,00941898;-0,00014755
2020-09-02;0,00520594;0,01446368;-0,00925774
2020-09-03;-0,02963226;-0,03441405;0,00478179
2020-09-04;-0,00968545;-0,00816451;-0,00152094
2020-09-08;-0,01631660;-0,02732315;0,01100655
2020-09-09;0,01873319;0,01974746;-0,00101427
2020-09-10;-0,00647318;-0,01736372;0,01089054
2020-09-11;-0,00367742;0,00050915;-0,00418657
2020-09-14;0,01069166;0,01317152;-0,00247986
2020-09-15;0,00530627;0,00505211;0,00025416
2020-09-16;-0,00750679;-0,00396867;-0,00353811
2020-09-17;-0,00741172;-0,00879523;0,00138351
2020-09-18;-0,00724043;-0,01151248;0,00427205
2020-09-21;-0,00686252;-0,01112988;0,00426736
2020-09-22;0,00868089;0,01018442;-0,00150353
2020-09-23;-0,01597586;-0,02319080;0,00721494
2020-09-24;-0,00021228;0,00266534;-0,00287761
2020-09-25;0,01020577;0,01616693;-0,00596116
2020-09-28;0,01265955;0,01660934;-0,00394979
2020-09-29;0,00062377;-0,00544609;0,00606986
2020-09-30;0,00195452;0,00758209;-0,00562757
2020-10-01;0,00714798;0,00642010;0,00072789
2020-10-02;-0,01232009;-0,00949477;-0,00282532
2020-10-05;0,01231910;0,01773344;-0,00541434
2020-10-06;-0,00831636;-0,01421630;0,00589995
2020-10-07;0,00825501;0,01740699;-0,00915197
2020-10-08;0,00483329;0,00886236;-0,00402907
2020-10-09;0,01049689;0,00893006;0,00156684
2020-10-12;0,01236486;0,01608774;-0,00372288
2020-10-13;-0,00510728;-0,00652614;0,00141885
2020-10-14;-0,00297948;-0,00628347;0,00330399
2020-10-15;-0,00294361;-0,00123571;-0,00170791
2020-10-16;0,00072656;-0,00060437;0,00133093
2020-10-19;-0,00952343;-0,01520345;0,00568002
2020-10-20;0,00144803;0,00400580;-0,00255776
2020-10-21;-0,00280502;-0,00189302;-0,00091200
2020-10-22;-0,00384920;0,00548576;-0,00933496
2020-10-23;0,00152968;0,00339458;-0,00186490
2020-10-26;-0,01223673;-0,01847969;0,00624296
2020-10-27;0,00122573;-0,00344747;0,00467321
2020-10-28;-0,02580077;-0,03417865;0,00837788
2020-10-29;0,00651039;0,01016326;-0,00365287
2020-10-30;-0,01062254;-0,01042510;-0,00019744
2020-11-02;0,00745362;0,01120872;-0,00375510
2020-11-03;0,01098477;0,01765593;-0,00667116
2020-11-04;0,02192235;0,02234911;-0,00042676
2020-11-05;0,01916288;0,01950283;-0,00033994
2020-11-06;0,00038460;-0,00022844;0,00061303
2020-11-09;-0,00455575;0,01256567;-0,01712142
2020-11-10;-0,01189232;-0,00146664;-0,01042568
2020-11-11;0,01120442;0,00742855;0,00377587
2020-11-12;-0,00204841;-0,00970106;0,00765265
2020-11-13;0,00432296;0,01384466;-0,00952170
2020-11-16;0,00746246;0,01248273;-0,00502028
2020-11-17;-0,00435163;-0,00537857;0,00102694
2020-11-18;-0,00561383;-0,01203444;0,00642060
2020-11-19;0,00152161;0,00421008;-0,00268847
2020-11-20;-0,00344009;-0,00684793;0,00340784
2020-11-23;-0,00510208;0,00599440;-0,01109648
2020-11-24;0,00566700;0,01611392;-0,01044693
2020-11-25;0,00004116;-0,00154190;0,00158306
2020-11-27;0,00277555;0,00278504;-0,00000949
2020-11-30;-0,00195294;-0,00442712;0,00247418
2020-12-01;0,01223951;0,01093720;0,00130231
2020-12-02;0,00225454;0,00210381;0,00015073
2020-12-03;-0,00014622;-0,00027257;0,00012635
2020-12-04;0,00499344;0,00861750;-0,00362406
2020-12-07;0,00633068;-0,00205462;0,00838530
2020-12-08;0,00186387;0,00292602;-0,00106215
2020-12-09;-0,01105475;-0,00896893;-0,00208582
2020-12-10;0,00086036;-0,00032723;0,00118759
2020-12-11;-0,00089403;-0,00117218;0,00027814
2020-12-14;0,00046868;-0,00447751;0,00494619
2020-12-15;0,00745723;0,01351947;-0,00606223
2020-12-16;0,00491280;0,00156945;0,00334336
2020-12-17;0,00504181;0,00559216;-0,00055036
2020-12-18;-0,00096095;-0,00399313;0,00303217
2020-12-21;-0,00029723;-0,00357550;0,00327826
2020-12-22;0,00401683;-0,00168548;0,00570231
2020-12-23;-0,00379800;0,00089853;-0,00469652
2020-12-24;0,00185570;0,00389052;-0,00203482
2020-12-29;0,00679635;-0,00190810;0,00870445
2020-12-30;-0,00019391;0,00142707;-0,00162098
2020-12-31;0,00001367;0,00508069;-0,00506702
2021-01-04;-0,00205689;-0,01361402;0,01155713
2021-01-05;0,00299920;0,00688746;-0,00388826
2021-01-06;-0,00589670;0,00597809;-0,01187479
2021-01-07;0,01237099;0,01485782;-0,00248683
2021-01-08;-0,00337378;0,00569787;-0,00907164
2021-01-11;-0,00345946;-0,00674106;0,00328160
2021-01-12;-0,00349554;0,00021116;-0,00370669
2021-01-13;0,00237806;0,00269319;-0,00031513
2021-01-14;-0,00379039;-0,00350209;-0,00028830
2021-01-15;-0,00797133;-0,00729254;-0,00067879
2021-01-19;0,00747547;0,00785192;-0,00037645
2021-01-20;0,01372858;0,01383858;-0,00011000
2021-01-21;0,00475966;0,00091170;0,00384797
2021-01-22;-0,00324474;-0,00353946;0,00029472
2021-01-25;0,00240877;0,00394371;-0,00153494
2021-01-26;0,00032386;-0,00156084;0,00188470
2021-01-27;-0,01287523;-0,02444061;0,01156538
2021-01-28;0,00216501;0,00860053;-0,00643553
2021-01-29;-0,01413533;-0,02001977;0,00588443
2021-02-01;0,01467819;0,01664541;-0,00196723
2021-02-02;0,00812874;0,01414040;-0,00601166
2021-02-03;-0,00202803;0,00078619;-0,00281421
2021-02-04;0,00383371;0,01136574;-0,00753203
2021-02-05;0,00197130;0,00393578;-0,00196448
2021-02-08;0,00785090;0,00722197;0,00062893
2021-02-09;-0,00060010;-0,00066564;0,00006554
2021-02-10;-0,00079155;-0,00043566;-0,00035589
2021-02-11;0,00451714;0,00161517;0,00290198
2021-02-12;0,00188414;0,00493963;-0,00305550
2021-02-16;-0,00415075;-0,00086602;-0,00328474
2021-02-17;-0,00686226;0,00022955;-0,00709182
2021-02-18;-0,00496243;-0,00425604;-0,00070640
2021-02-19;0,00123205;-0,00176603;0,00299809
2021-02-22;-0,00967567;-0,00769185;-0,00198382
2021-02-23;-0,00411879;0,00121459;-0,00533339
2021-02-24;0,00837039;0,01101919;-0,00264879
2021-02-25;-0,01949986;-0,02409579;0,00459593
2021-02-26;-0,00436876;-0,00515252;0,00078376
2021-03-01;0,01771842;0,02424020;-0,00652178
2021-03-02;-0,00636571;-0,00780307;0,00143736
2021-03-03;-0,01423490;-0,01324585;-0,00098906
2021-03-04;-0,01410052;-0,01237491;-0,00172561
2021-03-05;0,00542993;0,01839666;-0,01296673
2021-03-08;-0,00451361;-0,00497871;0,00046510
2021-03-09;0,01810230;0,01427746;0,00382483
2021-03-10;-0,00012140;0,00622459;-0,00634599
2021-03-11;0,01072440;0,01013908;0,00058531
2021-03-12;-0,00322564;0,00134678;-0,00457242
2021-03-15;0,00659668;0,00596354;0,00063313
2021-03-16;0,00508539;-0,00126130;0,00634669
2021-03-17;-0,00001276;0,00340997;-0,00342274
2021-03-18;-0,01276329;-0,01454967;0,00178638
2021-03-19;-0,00174443;-0,00185025;0,00010583
2021-03-22;0,00934294;0,00798507;0,00135787
2021-03-23;-0,00355713;-0,00787092;0,00431378
2021-03-24;-0,00434470;-0,00508338;0,00073869
2021-03-25;-0,00329435;0,00562527;-0,00891961
2021-03-26;0,01325238;0,01611505;-0,00286267
2021-03-29;-0,00384700;-0,00050489;-0,00334211
2021-03-30;-0,00569196;-0,00265295;-0,00303900
2021-03-31;0,00917569;0,00405301;0,00512269
2021-04-01;0,01183570;0,01079927;0,00103643
2021-04-06;0,01245000;-0,00059075;0,01304075
2021-04-07;0,00284669;0,00115727;0,00168941
2021-04-08;0,01020537;0,00474685;0,00545852
2021-04-09;0,00362339;0,00727002;-0,00364664
2021-04-12;-0,00299335;0,00036469;-0,00335804
2021-04-13;0,00621772;0,00296377;0,00325395
2021-04-14;-0,00535497;-0,00341514;-0,00193984
2021-04-15;0,01175246;0,01074246;0,00101000
2021-04-16;0,00116333;0,00334221;-0,00217888
2021-04-19;-0,00747845;-0,00491296;-0,00256549
2021-04-20;-0,00588074;-0,00732157;0,00144082
2021-04-21;0,00839154;0,00946221;-0,00107067
2021-04-22;-0,00324317;-0,00913322;0,00589005
2021-04-23;0,00572827;0,01084235;-0,00511408
2021-04-26;0,00322689;0,00208773;0,00113916
2021-04-27;-0,00275421;-0,00021548;-0,00253873
2021-04-28;-0,00296434;-0,00028740;-0,00267694
2021-04-29;-0,00176452;0,00637283;-0,00813735
2021-04-30;-0,00535805;-0,00657072;0,00121267
2021-05-04;-0,01184408;-0,00616935;-0,00567473
2021-05-05;0,00221326;0,00031268;0,00190059
2021-05-06;0,00750635;0,00798567;-0,00047932
2021-05-07;0,00731144;0,00727805;0,00003339
2021-05-10;-0,01266719;-0,00990254;-0,00276465
2021-05-11;-0,00661222;-0,00892477;0,00231255
2021-05-12;-0,01534923;-0,02124520;0,00589597
2021-05-13;0,00732346;0,01201260;-0,00468914
2021-05-14;0,01361456;0,01535533;-0,00174077
2021-05-17;-0,00187768;-0,00254455;0,00066688
2021-05-18;-0,00309757;-0,00861575;0,00551818
2021-05-19;-0,00213063;-0,00262165;0,00049101
2021-05-20;0,01339308;0,01075805;0,00263503
2021-05-21;-0,00156686;-0,00081881;-0,00074805
2021-05-24;0,00992004;0,01019421;-0,00027417
2021-05-25;0,00181453;-0,00221857;0,00403310
2021-05-26;-0,00006990;0,00198445;-0,00205435
2021-05-27;-0,00267458;0,00052499;-0,00319957
2021-05-28;0,00300257;0,00178877;0,00121380
2021-06-01;-0,00216703;-0,00088105;-0,00128598
2021-06-02;0,00411572;0,00157265;0,00254307
2021-06-03;-0,00775104;-0,00371131;-0,00403973
2021-06-04;0,01082611;0,00914599;0,00168013
2021-06-07;0,00079818;-0,00097036;0,00176855
2021-06-08;-0,00022190;0,00021315;-0,00043505
2021-06-09;0,00114089;-0,00149187;0,00263276
2021-06-10;0,00356206;0,00464847;-0,00108641
2021-06-11;0,00127730;0,00165236;-0,00037507
2021-06-14;0,00369985;0,00223902;0,00146083
2021-06-15;-0,00269928;-0,00183414;-0,00086514
2021-06-16;-0,00539310;-0,00558316;0,00019005
2021-06-17;0,00038233;-0,00033185;0,00071418
2021-06-18;-0,00638188;-0,01349054;0,00710865
2021-06-21;0,00732262;0,01431599;-0,00699337
2021-06-22;0,00457371;0,00534639;-0,00077269
2021-06-23;-0,00129781;-0,00120519;-0,00009263
2021-06-24;0,00494937;0,00591545;-0,00096608
2021-06-25;0,00080462;0,00355224;-0,00274762
2021-06-28;0,00461359;0,00201579;0,00259780
2021-06-29;0,00296438;0,00053797;0,00242640
2021-06-30;0,00008332;0,00084168;-0,00075836
2021-07-01;0,00253543;0,00553679;-0,00300137
2021-07-02;0,00809295;0,00764348;0,00044947
2021-07-06;0,00194424;-0,00182156;0,00376581
2021-07-07;0,00475299;0,00353415;0,00121884
2021-07-08;-0,00683385;-0,00814805;0,00131420
2021-07-09;0,00660033;0,01067495;-0,00407462
2021-07-12;0,00043088;0,00358196;-0,00315108
2021-07-13;0,00312278;-0,00340908;0,00653187
2021-07-14;0,00406738;0,00149216;0,00257521
2021-07-15;-0,00476077;-0,00341550;-0,00134527
2021-07-16;-0,00602396;-0,00784347;0,00181951
2021-07-19;-0,00936531;-0,01476804;0,00540273
2021-07-20;0,01065182;0,01433041;-0,00367859
2021-07-21;0,00471669;0,00809627;-0,00337958
2021-07-22;0,00331988;0,00209415;0,00122573
2021-07-23;0,00624223;0,01028809;-0,00404586
2021-07-26;-0,00127730;0,00245458;-0,00373188
2021-07-27;-0,00689073;-0,00455738;-0,00233335
2021-07-28;0,00149551;-0,00041004;0,00190555
2021-07-29;0,00430136;0,00414737;0,00015399
2021-07-30;-0,00198518;-0,00485649;0,00287131
2021-08-02;-0,00049253;-0,00209795;0,00160542
2021-08-03;0,00168696;0,00813543;-0,00644847
2021-08-04;0,00155364;-0,00491893;0,00647258
2021-08-05;0,00241506;0,00633292;-0,00391786
2021-08-06;-0,00370284;0,00165248;-0,00535532
2021-08-09;-0,00439165;-0,00081348;-0,00357817
2021-08-10;-0,00258798;0,00124388;-0,00383186
2021-08-11;0,00251472;0,00248490;0,00002983
2021-08-12;0,00370967;0,00299679;0,00071288
2021-08-13;0,00557118;0,00181992;0,00375126
2021-08-16;0,00154553;0,00235459;-0,00080906
2021-08-17;-0,00264109;-0,00655509;0,00391401
2021-08-18;-0,00628044;-0,01094516;0,00466472
2021-08-19;0,00230644;0,00154844;0,00075800
2021-08-20;0,00812779;0,00795693;0,00017085
2021-08-23;0,00935663;0,00879659;0,00056004
2021-08-24;-0,00011756;0,00158734;-0,00170490
2021-08-25;-0,00113433;0,00209847;-0,00323280
2021-08-26;-0,00329607;-0,00590334;0,00260728
2021-08-27;0,00749377;0,00894100;-0,00144723
2021-08-31;0,00269822;-0,00148145;0,00417966
2021-09-01;0,00088826;0,00053133;0,00035693
2021-09-02;-0,00084075;0,00307694;-0,00391769
2021-09-03;0,00294402;-0,00024281;0,00318682
2021-09-07;-0,00248881;-0,00357574;0,00108692
2021-09-08;-0,00301331;-0,00121810;-0,00179521
2021-09-09;-0,00216207;-0,00428022;0,00211816
2021-09-10;-0,00624744;-0,00788469;0,00163725
2021-09-13;-0,00013095;0,00255930;-0,00269024
2021-09-14;0,00041206;-0,00539660;0,00580866
2021-09-15;0,00236145;0,00835270;-0,00599125
2021-09-16;-0,00268311;-0,00158514;-0,00109797
2021-09-17;-0,00817157;-0,00974106;0,00156948
2021-09-20;-0,01010089;-0,01667441;0,00657353
2021-09-21;0,00326807;-0,00094455;0,00421261
2021-09-22;0,00660316;0,00975494;-0,00315178
2021-09-23;0,00549241;0,01215006;-0,00665765
2021-09-24;0,00024651;0,00164729;-0,00140078
2021-09-27;-0,00455967;-0,00286097;-0,00169870
2021-09-28;-0,01725576;-0,02015196;0,00289621
2021-09-29;0,00113932;0,00168322;-0,00054390
2021-09-30;-0,00257409;-0,01222228;0,00964819
2021-10-01;0,00440466;0,01188401;-0,00747936
2021-10-04;-0,01276005;-0,01289602;0,00013598
2021-10-05;0,00906051;0,01040497;-0,00134445
2021-10-06;0,00135297;0,00415598;-0,00280301
2021-10-07;0,00822559;0,00864570;-0,00042011
2021-10-08;-0,00262467;-0,00182364;-0,00080103
2021-10-11;-0,00203579;-0,00723965;0,00520387
2021-10-12;-0,00345887;-0,00246176;-0,00099710
2021-10-13;0,00483248;0,00359758;0,00123490
2021-10-14;0,01440493;0,01682075;-0,00241582
2021-10-15;0,00157398;0,00761580;-0,00604183
2021-10-18;0,00452861;0,00296052;0,00156809
2021-10-19;0,00540726;0,00771491;-0,00230765
2021-10-20;0,00106682;0,00392777;-0,00286096
2021-10-21;0,00127678;0,00260829;-0,00133151
2021-10-22;0,00057157;-0,00103644;0,00160801
2021-10-25;0,00361384;0,00536292;-0,00174908
2021-10-26;0,00118067;0,00090002;0,00028065
2021-10-27;-0,00007133;-0,00443002;0,00435869
2021-10-28;0,00427458;0,00964867;-0,00537408
2021-10-29;0,00225960;0,00202912;0,00023048
2021-11-01;0,00186185;0,00172034;0,00014151
2021-11-02;0,00571125;0,00404307;0,00166818
2021-11-03;0,00033237;0,00610515;-0,00577278
2021-11-04;0,01380818;0,00471260;0,00909558
2021-11-05;0,00641169;0,00346962;0,00294207
2021-11-08;0,00203633;0,00085383;0,00118250
2021-11-09;-0,00192883;-0,00330551;0,00137668
2021-11-10;-0,00494982;-0,00804473;0,00309491
2021-11-11;0,00390303;0,00032336;0,00357967
2021-11-12;0,00662607;0,00754689;-0,00092082
2021-11-15;-0,00066843;0,00034242;-0,00101086
2021-11-16;0,00425614;0,00395784;0,00029829
2021-11-17;-0,00161336;-0,00242929;0,00081593
2021-11-18;0,00384613;0,00339654;0,00044959
2021-11-19;0,00260847;-0,00178852;0,00439699
2021-11-22;-0,00790606;-0,00281503;-0,00509102
2021-11-23;-0,00484265;0,00132594;-0,00616859
2021-11-24;0,00462511;0,00266992;0,00195520
2021-11-26;-0,01788096;-0,02230308;0,00442212
2021-11-29;0,01442275;0,01226662;0,00215613
2021-11-30;-0,00714300;-0,01945775;0,01231475
2021-12-01;-0,00329219;-0,01110714;0,00781496
2021-12-02;-0,00111328;0,01531630;-0,01642958
2021-12-03;-0,00619292;-0,00870136;0,00250845
2021-12-06;0,00586968;0,01184330;-0,00597362
2021-12-07;0,02341903;0,02068494;0,00273409
2021-12-08;0,00186412;0,00264793;-0,00078381
2021-12-09;-0,00528782;-0,00675148;0,00146366
2021-12-10;0,00846648;0,00941348;-0,00094700
2021-12-13;-0,00720271;-0,00885836;0,00165565
2021-12-14;-0,01254848;-0,00688004;-0,00566844
2021-12-15;0,01359395;0,01562490;-0,00203095
2021-12-16;-0,00903088;-0,00881846;-0,00021241
2021-12-17;-0,00491812;-0,01064289;0,00572477
2021-12-20;-0,01063783;-0,01063332;-0,00000450
2021-12-21;0,01471740;0,01775896;-0,00304156
2021-12-22;0,00987506;0,00999875;-0,00012369
2021-12-23;0,00421268;0,00622205;-0,00200937
2021-12-29;0,00882610;0,00127927;0,00754683
2021-12-30;-0,00164177;-0,00276436;0,00112259
2021-12-31;-0,00239242;-0,00252013;0,00012771
2022-01-04;-0,00159790;-0,00033472;-0,00126318
2022-01-05;-0,01563894;-0,01920206;0,00356312
2022-01-06;-0,00855306;-0,00093947;-0,00761359
2022-01-07;-0,00477942;-0,00395341;-0,00082601
2022-01-10;-0,00313126;-0,00124442;-0,00188684
2022-01-11;0,01070386;0,00910816;0,00159570
2022-01-12;0,00372588;0,00270359;0,00102229
2022-01-13;-0,01314052;-0,01377848;0,00063796
2022-01-14;-0,00006609;0,00040887;-0,00047496
2022-01-18;-0,01204621;-0,01770954;0,00566333
2022-01-19;-0,00566893;-0,01038373;0,00471480
2022-01-20;-0,00470361;-0,01106791;0,00636431
2022-01-21;-0,01393519;-0,01963045;0,00569526
2022-01-24;-0,00579364;0,00424650;-0,01004014
2022-01-25;-0,00857635;-0,01220898;0,00363263
2022-01-26;0,00438602;-0,00250866;0,00689468
2022-01-27;-0,00468290;-0,00493804;0,00025513
2022-01-28;0,01599662;0,02483535;-0,00883873
2022-01-31;0,01791146;0,01801109;-0,00009963
2022-02-01;0,00313488;0,00675702;-0,00362215
2022-02-02;0,00499738;0,00971395;-0,00471657
2022-02-03;-0,01614362;-0,02350509;0,00736147
2022-02-04;0,00123062;0,00470225;-0,00347163
2022-02-07;-0,00026060;-0,00320919;0,00294858
2022-02-08;0,00623793;0,00822781;-0,00198989
2022-02-09;0,01485897;0,01463599;0,00022298
2022-02-10;-0,01471014;-0,01796555;0,00325541
2022-02-11;-0,01329021;-0,01971863;0,00642842
2022-02-14;-0,00254236;-0,00326937;0,00072701
2022-02-15;0,01314217;0,01612684;-0,00298468
2022-02-16;-0,00026273;0,00112075;-0,00138348
2022-02-17;-0,01323275;-0,02136128;0,00812853
2022-02-18;-0,00760085;-0,00647503;-0,00112582
2022-02-22;-0,00582148;-0,01073184;0,00491037
2022-02-23;-0,01197720;-0,01773859;0,00576139
2022-02-24;0,01077387;0,01504930;-0,00427543
2022-02-25;0,01467770;0,02206384;-0,00738614
2022-02-28;0,00174727;-0,00255832;0,00430560
2022-03-01;-0,00861773;-0,01523036;0,00661263
2022-03-02;0,01039440;0,01839625;-0,00800185
2022-03-03;-0,00630054;-0,00497850;-0,00132204
2022-03-04;-0,00750548;-0,00812456;0,00061909
2022-03-07;-0,01441603;-0,02947913;0,01506310
2022-03-08;-0,00094791;-0,00758188;0,00663397
2022-03-09;0,01770361;0,02681085;-0,00910723
2022-03-10;-0,00934172;-0,00451551;-0,00482621
2022-03-11;-0,00682605;-0,01271518;0,00588913
2022-03-14;-0,01249929;-0,00730828;-0,00519101
2022-03-15;0,01268636;0,02199043;-0,00930407
2022-03-16;0,02043235;0,02217412;-0,00174177
2022-03-17;0,00641496;0,01251101;-0,00609605
2022-03-18;0,00968956;0,01095287;-0,00126330
2022-03-21;0,00125223;-0,00029241;0,00154464
2022-03-22;0,00638987;0,01170124;-0,00531137
2022-03-23;-0,00444609;-0,01287818;0,00843209
2022-03-24;0,01310952;0,01507427;-0,00196476
2022-03-25;0,00004092;0,00488348;-0,00484257
2022-03-28;0,00428367;0,00711299;-0,00282932
2022-03-29;0,01386102;0,01237108;0,00148993
2022-03-30;-0,00512316;-0,00617489;0,00105174
2022-03-31;-0,00767527;-0,01539129;0,00771603
2022-04-01;-0,00465984;0,00283400;-0,00749384
2022-04-04;0,01123378;0,00856671;0,00266707
2022-04-05;-0,01127905;-0,01263138;0,00135233
2022-04-06;-0,01472189;-0,00999923;-0,00472266
2022-04-07;0,00088292;0,00503878;-0,00415586
2022-04-08;-0,00123684;-0,00267388;0,00143704
2022-04-11;-0,01410128;-0,01709245;0,00299118
2022-04-12;0,00028561;-0,00370505;0,00399065
2022-04-13;0,00637447;0,01145341;-0,00507894
2022-04-14;-0,01128299;-0,01245160;0,00116861
2022-04-19;0,00832912;0,01614268;-0,00781356
2022-04-20;0,00166918;-0,00074171;0,00241089
2022-04-21;-0,00821697;-0,01495357;0,00673660
2022-04-22;-0,01756881;-0,02743906;0,00987025
2022-04-25;-0,00060216;0,00579768;-0,00639984
2022-04-26;-0,01520818;-0,02896080;0,01375262
2022-04-27;0,00621804;0,00281163;0,00340642
2022-04-28;0,02037289;0,02525941;-0,00488652
2022-04-29;-0,01921675;-0,03695560;0,01773885
2022-05-03;0,00332004;0,00458399;-0,00126395
2022-05-04;0,01440300;0,03045297;-0,01604998
2022-05-05;-0,01890116;-0,03554272;0,01664156
2022-05-06;-0,00454592;-0,00596902;0,00142311
2022-05-09;-0,02716795;-0,03201712;0,00484917
2022-05-10;0,00342339;0,00231052;0,00111287
2022-05-11;-0,00894762;-0,01588619;0,00693857
2022-05-12;-0,01046849;-0,00104405;-0,00942444
2022-05-13;0,01817263;0,02390776;-0,00573513
2022-05-16;-0,00344603;-0,00405736;0,00061133
2022-05-17;0,01082958;0,02057046;-0,00974087
2022-05-18;-0,02294099;-0,04031168;0,01737069
2022-05-19;-0,00660256;-0,00612457;-0,00047798
2022-05-20;0,00003113;0,00043636;-0,00040523
2022-05-23;0,01423406;0,01871016;-0,00447610
2022-05-24;-0,00787014;-0,00763376;-0,00023638
2022-05-25;0,00643645;0,00883497;-0,00239851
2022-05-26;0,01420737;0,01998122;-0,00577385
2022-05-27;0,01815939;0,02454929;-0,00638990
2022-05-31;-0,00497259;-0,00561103;0,00063844
2022-06-01;0,00036640;-0,00808854;0,00845495
2022-06-06;0,00155786;0,00304479;-0,00148693
2022-06-07;0,00427486;0,00959228;-0,00531742
2022-06-08;-0,00281965;-0,01087228;0,00805262
2022-06-09;-0,01571032;-0,02378281;0,00807248
2022-06-10;-0,02079916;-0,02899563;0,00819647
2022-06-13;-0,02895187;-0,03796838;0,00901650
2022-06-14;0,00165014;-0,00301295;0,00466309
2022-06-15;0,01224483;0,01425618;-0,00201134
2022-06-16;-0,02572273;-0,03309598;0,00737325
2022-06-17;0,00380961;0,00215570;0,00165391
2022-06-21;0,01450855;0,02517342;-0,01066486
2022-06-22;-0,00098961;-0,00181293;0,00082332
2022-06-23;0,00460675;0,00980249;-0,00519574
2022-06-24;0,02112030;0,03179396;-0,01067366
2022-06-27;-0,00095121;-0,00381969;0,00286847
2022-06-28;-0,01278596;-0,02043288;0,00764692
2022-06-29;-0,00146902;-0,00081431;-0,00065471
2022-06-30;-0,01021628;-0,00812441;-0,00209187
2022-07-01;0,00329255;0,01057671;-0,00728416
2022-07-05;0,00066009;0,00188856;-0,00122846
2022-07-06;0,00451611;0,00337730;0,00113881
2022-07-07;0,01190329;0,01497729;-0,00307400
2022-07-08;0,00136081;-0,00082267;0,00218349
2022-07-11;-0,00795834;-0,01142351;0,00346517
2022-07-12;-0,00630844;-0,00884913;0,00254069
2022-07-13;-0,00420041;-0,00525153;0,00105112
2022-07-14;-0,00052722;-0,00242857;0,00190135
2022-07-15;0,01273767;0,01910504;-0,00636737
2022-07-18;-0,00387326;-0,00825701;0,00438375
2022-07-19;0,01463685;0,02701943;-0,01238258
2022-07-20;0,00896205;0,00637295;0,00258910
2022-07-21;0,00956944;0,01018332;-0,00061388
2022-07-22;-0,00639951;-0,00927821;0,00287870
2022-07-25;-0,00365822;0,00121512;-0,00487334
2022-07-26;-0,00981237;-0,01183107;0,00201871
2022-07-27;0,02251745;0,02596635;-0,00344890
2022-07-28;0,01143517;0,01254239;-0,00110722
2022-07-29;0,00982220;0,01457856;-0,00475636
2022-08-01;-0,00019388;-0,00296109;0,00276720
2022-08-02;-0,00430021;-0,00659741;0,00229720
2022-08-03;0,01491563;0,01565958;-0,00074395
2022-08-04;0,00546333;-0,00067573;0,00613906
2022-08-05;-0,00294201;-0,00169005;-0,00125196
2022-08-08;-0,00018510;-0,00116087;0,00097577
2022-08-09;-0,00599776;-0,00397098;-0,00202678
2022-08-10;0,01342850;0,02100388;-0,00757538
2022-08-11;-0,00004509;0,00000000;-0,00004509
2022-08-12;0,01265040;0,01692908;-0,00427868
2022-08-15;0,00268323;0,00412081;-0,00143757
2022-08-16;-0,00085783;0,00195864;-0,00281646
2022-08-17;-0,00535302;-0,00709810;0,00174508
2022-08-18;0,00391230;0,00290643;0,00100587
2022-08-19;-0,00891722;-0,01343780;0,00452058
2022-08-22;-0,01683810;-0,02082271;0,00398461
2022-08-23;-0,00265877;-0,00241922;-0,00023954
2022-08-24;0,00277961;0,00320124;-0,00042163
2022-08-25;0,00884966;0,01411748;-0,00526782
2022-08-26;-0,02320328;-0,03384916;0,01064588
2022-08-30;-0,01566693;-0,01097778;-0,00468915
2022-08-31;-0,00608624;-0,00760920;0,00152297
2022-09-01;-0,00624627;0,00313788;-0,00938414
2022-09-02;0,00140299;-0,01054439;0,01194738
2022-09-06;-0,00816962;-0,00377304;-0,00439657
2022-09-07;0,00982103;0,01796489;-0,00814387
2022-09-08;0,00389546;0,00653630;-0,00264084
2022-09-09;0,01194608;0,01553524;-0,00358916
2022-09-12;0,00928270;0,01074763;-0,00146493
2022-09-13;-0,02908849;-0,04348245;0,01439396
2022-09-14;-0,00265153;0,00381581;-0,00646734
2022-09-15;-0,01261749;-0,01135334;-0,00126415
2022-09-16;-0,00450000;-0,00762877;0,00312877
2022-09-20;0,00021691;-0,01147841;0,01169532
2022-09-21;-0,00331747;-0,01744396;0,01412649
2022-09-22;-0,01002059;-0,00839995;-0,00162064
2022-09-23;-0,00657489;-0,01675484;0,01017995
2022-09-26;0,00044089;-0,00989247;0,01033336
2022-09-27;-0,00282707;-0,00255288;-0,00027419
2022-09-28;0,00999851;0,01967660;-0,00967809
2022-09-29;-0,02039353;-0,02088917;0,00049564
2022-09-30;-0,00807155;-0,01546337;0,00739182
2022-10-03;0,01340111;0,02640103;-0,01299992
2022-10-04;0,02273759;0,03098677;-0,00824917
2022-10-05;0,00103801;-0,00232828;0,00336630
2022-10-06;-0,00040032;-0,01031582;0,00991550
2022-10-07;-0,02364360;-0,02789392;0,00425032
2022-10-10;-0,01173104;-0,00763522;-0,00409582
2022-10-11;-0,00939743;-0,00633316;-0,00306427
2022-10-12;-0,00033850;-0,00329866;0,00296016
2022-10-13;0,00644277;0,02639138;-0,01994861
2022-10-14;-0,01014981;-0,02278863;0,01263882
2022-10-17;0,01180650;0,02569694;-0,01389044
2022-10-18;0,00795486;0,01174957;-0,00379471
2022-10-19;-0,00241123;-0,00708654;0,00467531
2022-10-20;0,00015362;-0,00838517;0,00853879
2022-10-21;0,01377408;0,02430143;-0,01052734
2022-10-24;0,00865291;0,01223644;-0,00358353
2022-10-25;0,00896416;0,01596841;-0,00700424
2022-10-26;-0,00764860;-0,00753402;-0,00011457
2022-10-27;-0,00748225;-0,00533999;-0,00214226
2022-10-28;0,01668895;0,02379075;-0,00710180
2022-10-31;-0,00398505;-0,00722335;0,00323830
2022-11-01;-0,00106805;-0,00437599;0,00330794
2022-11-02;-0,01714850;-0,02509615;0,00794764
2022-11-03;-0,01158560;-0,01029668;-0,00128892
2022-11-04;0,01166722;0,01439294;-0,00272572
2022-11-07;0,00532224;0,00956553;-0,00424329
2022-11-08;0,01011725;0,00539541;0,00472184
2022-11-09;-0,01098902;-0,02060197;0,00961295
2022-11-10;0,04172995;0,05495432;-0,01322437
2022-11-11;0,00913126;0,00967840;-0,00054714
2022-11-14;-0,00052673;-0,00850679;0,00798005
2022-11-15;0,00450313;0,00852898;-0,00402585
2022-11-16;-0,00933895;-0,00762875;-0,00171020
2022-11-17;-0,00182540;-0,00305991;0,00123451
2022-11-18;-0,00088384;0,00454044;-0,00542428
2022-11-21;-0,00472169;-0,00363599;-0,00108570
2022-11-22;0,00932730;0,01345703;-0,00412973
2022-11-23;0,00393312;0,00630163;-0,00236851
2022-11-25;-0,00225778;-0,00022381;-0,00203398
2022-11-28;-0,01139512;-0,01595693;0,00456182
2022-11-29;-0,00446194;-0,00171760;-0,00274434
2022-11-30;0,02496491;0,03150063;-0,00653571
2022-12-01;0,00426496;-0,00073589;0,00500086
2022-12-02;-0,00422782;-0,00115365;-0,00307418
2022-12-05;-0,01084286;-0,01798935;0,00714648
2022-12-06;-0,01295836;-0,01441472;0,00145636
2022-12-07;-0,00147921;-0,00170119;0,00022198
2022-12-08;0,00841404;0,00783387;0,00058017
2022-12-09;-0,00280660;-0,00747010;0,00466350
2022-12-12;0,00707583;0,01441723;-0,00734140
2022-12-13;0,01222392;0,00756980;0,00465411
2022-12-14;-0,00492572;-0,00639361;0,00146789
2022-12-15;-0,02380838;-0,02446164;0,00065327
2022-12-16;-0,00597087;-0,01180603;0,00583517
2022-12-19;-0,00716092;-0,00847976;0,00131885
2022-12-20;0,00406753;0,00136845;0,00269908
2022-12-21;0,01188328;0,01495248;-0,00306920
2022-12-22;-0,01589075;-0,01426614;-0,00162461
2022-12-23;0,00177860;0,00575238;-0,00397378
2022-12-28;-0,01050661;-0,01242775;0,00192114
2022-12-29;0,01404555;0,01800027;-0,00395472
2022-12-30;-0,00058614;-0,00263417;0,00204803
2023-01-03;-0,00108349;-0,00420968;0,00312619
2023-01-04;0,00463655;0,00772003;-0,00308349
2023-01-05;-0,00996643;-0,01141328;0,00144685
2023-01-06;0,01666499;0,02293186;-0,00626687
2023-01-09;0,00675317;-0,00056664;0,00731981
2023-01-10;0,00075550;0,00701278;-0,00625728
2023-01-11;0,01059715;0,01264784;-0,00205069
2023-01-12;0,00676895;0,00364099;0,00312796
2023-01-13;0,00368426;0,00387919;-0,00019494
2023-01-17;0,00086857;-0,00183167;0,00270024
2023-01-18;-0,00903657;-0,01578814;0,00675157
2023-01-19;-0,00610427;-0,00727989;0,00117562
2023-01-20;0,01284758;0,01862912;-0,00578154
2023-01-23;0,01457039;0,01199858;0,00257181
2023-01-24;0,00116602;-0,00107324;0,00223927
2023-01-25;-0,00233289;0,00037491;-0,00270780
2023-01-26;0,00701692;0,01099032;-0,00397339
2023-01-27;0,00333840;0,00229764;0,00104076
2023-01-30;-0,00918736;-0,01254667;0,00335931
2023-01-31;0,00757523;0,01470300;-0,00712777
2023-02-01;0,01355367;0,01062812;0,00292554
2023-02-02;0,01467418;0,01455690;0,00011728
2023-02-03;-0,00518278;-0,01062920;0,00544642
2023-02-06;-0,00691341;-0,00611137;-0,00080204
2023-02-07;0,01037327;0,01307861;-0,00270534
2023-02-08;-0,00548783;-0,01093473;0,00544689
2023-02-09;-0,00449304;-0,00866928;0,00417624
2023-02-10;-0,00298902;0,00233374;-0,00532277
2023-02-13;0,00797782;0,01173909;-0,00376127
2023-02-14;0,00024454;-0,00046023;0,00070477
2023-02-15;0,00443522;0,00324729;0,00118793
2023-02-16;-0,00732412;-0,01376888;0,00644476
2023-02-17;-0,00810293;-0,00249814;-0,00560479
2023-02-21;-0,01567749;-0,02006087;0,00438337
2023-02-22;-0,00143868;-0,00137808;-0,00006060
2023-02-23;0,00676027;0,00531931;0,00144096
2023-02-24;-0,00950266;-0,01068238;0,00117971
2023-02-27;0,00358525;0,00340586;0,00017938
2023-02-28;-0,00241363;-0,00369602;0,00128240
2023-03-01;-0,00107250;-0,00383595;0,00276344
2023-03-02;0,00619611;0,00777736;-0,00158125
2023-03-03;0,01492582;0,01603783;-0,00111202
2023-03-06;0,00283430;0,00069282;0,00214148
2023-03-07;-0,00878286;-0,01532879;0,00654593
2023-03-08;0,00313295;0,00163214;0,00150081
2023-03-09;-0,00581569;-0,01844987;0,01263419
2023-03-10;-0,01021963;-0,01442937;0,00420974
2023-03-13;0,00027932;-0,00142531;0,00170463
2023-03-14;0,01177250;0,01653005;-0,00475755
2023-03-15;-0,00214984;-0,00625431;0,00410447
2023-03-16;0,01605142;0,01754520;-0,00149378
2023-03-17;0,00258167;-0,01169276;0,01427443
2023-03-20;0,00065177;0,00961569;-0,00896392
2023-03-21;0,00479200;0,01313050;-0,00833850
2023-03-22;-0,00100566;-0,01704650;0,01604084
2023-03-23;0,00788070;0,00270333;0,00517737
2023-03-24;-0,00324800;0,00656191;-0,00980991
2023-03-27;-0,00318549;0,00186992;-0,00505541
2023-03-28;-0,00177654;-0,00224461;0,00046807
2023-03-29;0,01088352;0,01453489;-0,00365137
2023-03-30;0,00859146;0,00585518;0,00273628
2023-03-31;0,00714311;0,01409472;-0,00695161
2023-04-03;0,00166935;0,00381048;-0,00214113
2023-04-04;-0,00112063;-0,00554819;0,00442756
2023-04-05;-0,00576643;-0,00261822;-0,00314822
2023-04-06;0,00197828;0,00390093;-0,00192265
2023-04-11;-0,00280232;0,00026873;-0,00307104
2023-04-12;-0,00176208;-0,00407607;0,00231399
2023-04-13;0,01085133;0,01328270;-0,00243137
2023-04-14;-0,00355076;-0,00244256;-0,00110819
2023-04-17;0,00189650;0,00358817;-0,00169167
2023-04-18;0,00203364;0,00065212;0,00138152
2023-04-19;-0,00306706;-0,00016887;-0,00289819
2023-04-20;-0,00253760;-0,00545708;0,00291949
2023-04-21;-0,00279226;0,00077680;-0,00356906
2023-04-24;-0,00196968;0,00104332;-0,00301300
2023-04-25;-0,00867287;-0,01587383;0,00720096
2023-04-26;0,00265372;-0,00423569;0,00688940
2023-04-27;0,00970065;0,01990800;-0,01020734
2023-04-28;0,00580718;0,00853524;-0,00272806
2023-05-02;-0,00251773;-0,01123920;0,00872147
2023-05-03;-0,00199430;-0,00686398;0,00486968
2023-05-04;-0,00402888;-0,00708301;0,00305412
2023-05-05;0,01017997;0,01851261;-0,00833264
2023-05-09;-0,00172261;-0,00438534;0,00266274
2023-05-10;0,00526342;0,00467229;0,00059113
2023-05-11;-0,00173327;-0,00174411;0,00001083
2023-05-12;-0,00046352;-0,00131019;0,00084667
2023-05-15;0,00397179;0,00344999;0,00052180
2023-05-16;-0,00192453;-0,00668242;0,00475788
2023-05-17;0,00529658;0,01213870;-0,00684212
2023-05-18;0,01028137;0,00963320;0,00064818
2023-05-19;0,00152329;-0,00145508;0,00297837
2023-05-22;0,00197536;0,00040619;0,00156917
2023-05-23;-0,00761387;-0,01122277;0,00360890
2023-05-24;-0,00795553;-0,00724469;-0,00071084
2023-05-25;0,01651378;0,00865971;0,00785406
2023-05-26;0,01661615;0,01295082;0,00366533
2023-05-30;0,00198934;0,00038076;0,00160858
2023-05-31;-0,00614750;-0,00554519;-0,00060231
2023-06-01;0,00655808;0,00950119;-0,00294311
2023-06-02;0,00534771;0,01446106;-0,00911335
2023-06-05;-0,00024407;-0,00191628;0,00167221
2023-06-06;0,00016281;0,00217739;-0,00201458
2023-06-07;-0,00996620;-0,00345765;-0,00650855
2023-06-08;0,00577532;0,00604855;-0,00027323
2023-06-09;0,00190818;0,00179426;0,00011391
2023-06-12;0,01207100;0,00907195;0,00299906
2023-06-13;0,00265986;0,00659303;-0,00393317
2023-06-14;0,00460565;0,00119079;0,00341487
2023-06-15;0,00680620;0,01239765;-0,00559145
2023-06-16;-0,00412757;-0,00340618;-0,00072139
2023-06-20;-0,00670479;-0,00518829;-0,00151650
2023-06-21;-0,00707331;-0,00512376;-0,00194955
2023-06-22;0,00144968;0,00360971;-0,00216003
2023-06-23;-0,00602704;-0,00756000;0,00153296
2023-06-26;-0,00316157;-0,00408567;0,00092410
2023-06-27;0,00873922;0,01096331;-0,00222409
2023-06-28;0,00328320;0,00050431;0,00277889
2023-06-29;0,00165990;0,00394150;-0,00228159
2023-06-30;0,00953255;0,01180055;-0,00226800
2023-07-03;0,00029391;0,00115059;-0,00085668
2023-07-05;-0,00487073;-0,00148710;-0,00338363
2023-07-06;-0,00559947;-0,00783079;0,00223132
2023-07-07;-0,00163310;-0,00252474;0,00089164
2023-07-10;0,00127166;0,00253113;-0,00125946
2023-07-11;0,00166150;0,00636847;-0,00470697
2023-07-12;0,00984044;0,00804611;0,00179433
2023-07-13;0,00581153;0,00793679;-0,00212526
2023-07-14;-0,00063952;-0,00062267;-0,00001684
2023-07-17;0,00655626;0,00347207;0,00308418
2023-07-18;0,00866086;0,00743058;0,00123028
2023-07-19;0,00381090;0,00222379;0,00158711
2023-07-20;-0,01064450;-0,00663449;-0,00401001
2023-07-21;-0,00075317;0,00000000;-0,00075317
2023-07-24;0,00065213;0,00446727;-0,00381514
2023-07-25;0,00612070;0,00273007;0,00339063
2023-07-26;-0,00694406;0,00015385;-0,00709791
2023-07-27;-0,00094240;-0,00663012;0,00568771
2023-07-28;0,00774777;0,00979026;-0,00204249
2023-07-31;0,00142484;0,00190407;-0,00047923
2023-08-01;-0,00007935;-0,00286151;0,00278216
2023-08-02;-0,01492249;-0,01391080;-0,00101169
2023-08-03;-0,00330111;-0,00286580;-0,00043531
2023-08-04;-0,00520561;-0,00452289;-0,00068273
2023-08-07;-0,00040053;0,00872849;-0,00912902
2023-08-08;-0,00545594;-0,00434859;-0,00110736
2023-08-09;-0,00632471;-0,00668531;0,00036060
2023-08-10;0,00176826;0,00035888;0,00140938
2023-08-11;-0,00571326;-0,00058295;-0,00513031
2023-08-14;0,00773818;0,00551989;0,00221828
2023-08-15;-0,00750737;-0,01164883;0,00414146
2023-08-16;-0,00666984;-0,00733816;0,00066832
2023-08-17;-0,00691558;-0,00761973;0,00070415
2023-08-18;-0,00105722;0,00048108;-0,00153830
2023-08-21;0,00982005;0,00650638;0,00331367
2023-08-22;0,00140710;-0,00270856;0,00411566
2023-08-23;0,01230826;0,01113781;0,00117045
2023-08-24;-0,01074843;-0,01385907;0,00311064
2023-08-25;0,00455697;0,00704965;-0,00249269
2023-08-29;0,02003033;0,01445469;0,00557564
2023-08-30;0,00367995;0,00411873;-0,00043878
2023-08-31;0,00327244;-0,00146322;0,00473566
2023-09-01;0,00277699;0,00186503;0,00091196
2023-09-05;0,00030395;-0,00432177;0,00462573
2023-09-06;-0,00659534;-0,00672251;0,00012717
2023-09-07;-0,00686280;-0,00307023;-0,00379257
2023-09-08;0,00201207;0,00150605;0,00050601
2023-09-11;0,00240048;0,00657672;-0,00417623
2023-09-12;-0,00846914;-0,00548564;-0,00298350
2023-09-13;0,00061379;0,00116590;-0,00055211
2023-09-14;0,00663387;0,00862255;-0,00198868
2023-09-15;-0,00835907;-0,01204839;0,00368932
2023-09-18;0,00246589;0,00058643;0,00187946
2023-09-19;-0,00166870;-0,00207376;0,00040505
2023-09-20;-0,00574379;-0,00919341;0,00344962
2023-09-21;-0,01142847;-0,01652836;0,00509989
2023-09-22;0,00212943;-0,00224857;0,00437801
2023-09-25;-0,00039097;0,00420521;-0,00459618
2023-09-26;-0,01086719;-0,01469118;0,00382399
2023-09-27;-0,00164931;0,00039920;-0,00204852
2023-09-28;0,00253180;0,00579732;-0,00326553
2023-09-29;0,00054748;-0,00242694;0,00297443
2023-10-02;0,00261912;-0,00039771;0,00301683
2023-10-03;-0,01113844;-0,01338610;0,00224765
2023-10-04;0,00472438;0,00728206;-0,00255768
2023-10-05;0,00029429;-0,00037686;0,00067115
2023-10-06;0,01062477;0,01187285;-0,00124808
2023-10-09;0,00678669;0,00640234;0,00038434
2023-10-10;0,00429787;0,00520462;-0,00090675
2023-10-11;0,00409022;0,00409640;-0,00000618
2023-10-12;0,00232909;-0,00609653;0,00842562
2023-10-13;-0,00256371;-0,00498080;0,00241709
2023-10-16;0,00470354;0,01052135;-0,00581781
2023-10-17;-0,00159352;-0,00004582;-0,00154770
2023-10-18;-0,00390617;-0,01332509;0,00941893
2023-10-19;-0,00213300;-0,00878638;0,00665338
2023-10-20;-0,01167783;-0,01228805;0,00061022
2023-10-23;-0,00138507;-0,00173323;0,00034816
2023-10-24;0,00464077;0,00753939;-0,00289862
2023-10-25;-0,00520982;-0,01435219;0,00914237
2023-10-26;-0,01109403;-0,01197454;0,00088051
2023-10-27;0,00331617;-0,00453281;0,00784899
2023-10-30;0,00441032;0,01195580;-0,00754548
2023-10-31;0,00382135;0,00628024;-0,00245889
2023-11-01;0,01047725;0,01066477;-0,00018752
2023-11-02;0,01285701;0,01916427;-0,00630726
2023-11-03;0,00529609;0,00912338;-0,00382729
2023-11-06;0,00108122;0,00230056;-0,00121934
2023-11-07;0,00631902;0,00284605;0,00347298
2023-11-08;0,00058276;0,00073227;-0,00014951
2023-11-09;0,00019336;-0,00779869;0,00799204
2023-11-10;0,01037487;0,01560479;-0,00522992
2023-11-13;-0,00069145;-0,00095311;0,00026166
2023-11-14;0,01194188;0,01940077;-0,00745889
2023-11-15;0,00185441;0,00211702;-0,00026261
2023-11-16;0,00317616;0,00122316;0,00195300
2023-11-17;0,00037983;0,00124375;-0,00086393
2023-11-20;0,00679154;0,00769749;-0,00090595
2023-11-21;-0,00292548;-0,00217922;-0,00074626
2023-11-22;0,00359128;0,00386069;-0,00026942
2023-11-24;-0,00217359;0,00061540;-0,00278899
2023-11-27;0,00091614;-0,00180097;0,00271711
2023-11-28;0,00224774;0,00099007;0,00125767
2023-11-29;0,00064697;-0,00070336;0,00135033
2023-11-30;0,00031261;0,00393750;-0,00362489
2023-12-01;0,00536712;0,00591586;-0,00054875
2023-12-04;-0,00991856;-0,00524955;-0,00466901
2023-12-05;0,00317685;-0,00019685;0,00337370
2023-12-06;-0,00274078;-0,00402977;0,00128899
2023-12-07;0,00666780;0,00763029;-0,00096248
2023-12-08;0,00312872;0,00429918;-0,00117046
2023-12-11;0,00302443;0,00388953;-0,00086510
2023-12-12;0,00395047;0,00456714;-0,00061668
2023-12-13;0,00936200;0,01379020;-0,00442820
2023-12-14;-0,00031682;0,00320937;-0,00352618
2023-12-15;0,00208120;-0,00164653;0,00372773
2023-12-18;0,00342761;0,00562516;-0,00219754
2023-12-19;0,00255182;0,00608088;-0,00352906
2023-12-20;-0,00605714;-0,01385726;0,00780012
2023-12-21;0,00537615;0,00948188;-0,00410573
2023-12-22;0,00095872;0,00200973;-0,00105101
2023-12-27;0,00460672;0,00180823;0,00279849
2023-12-28;0,00098738;0,00037765;0,00060973
2023-12-29;-0,00159517;-0,00289505;0,00129988
2024-01-02;-0,01311987;-0,00559632;-0,00752355
2024-01-03;-0,00859685;-0,00816668;-0,00043017
2024-01-04;-0,00340766;-0,00322108;-0,00018659
2024-01-05;-0,00144407;0,00136960;-0,00281368
2024-01-08;0,01092933;0,01427599;-0,00334665
2024-01-09;0,00251121;-0,00151719;0,00402841
2024-01-10;0,00423913;0,00565553;-0,00141640
2024-01-11;0,00195967;-0,00044054;0,00240022
2024-01-12;0,00448084;0,00069265;0,00378819
2024-01-16;0,00039811;-0,00367124;0,00406935
2024-01-17;-0,00668085;-0,00555870;-0,00112215
2024-01-18;0,01216725;0,00889281;0,00327444
2024-01-19;0,01333314;0,01246628;0,00086686
2024-01-22;0,00345452;0,00211419;0,00134033
2024-01-23;0,00272411;0,00291648;-0,00019237
2024-01-24;0,00332703;0,00109320;0,00223383
2024-01-25;0,00322228;0,00543891;-0,00221662
2024-01-26;-0,00535038;-0,00127027;-0,00408011
2024-01-29;0,00613039;0,00791924;-0,00178885
2024-01-30;-0,00219471;-0,00077349;-0,00142122
2024-01-31;-0,01259296;-0,01631726;0,00372430
2024-02-01;0,00707079;0,01308811;-0,00601732
2024-02-02;0,00739349;0,01052743;-0,00313394
2024-02-05;0,00135527;-0,00364120;0,00499646
2024-02-06;-0,00148220;0,00290325;-0,00438546
2024-02-07;0,00709753;0,00834050;-0,00124297
2024-02-08;0,00182096;0,00044162;0,00137933
2024-02-09;0,00657080;0,00577934;0,00079146
2024-02-12;-0,00212030;-0,00043883;-0,00168147
2024-02-13;-0,01394930;-0,01377311;-0,00017619
2024-02-14;0,00662549;0,00908773;-0,00246224
2024-02-15;0,00158006;0,00689973;-0,00531967
2024-02-16;-0,00274703;-0,00498004;0,00223301
2024-02-20;-0,00705495;-0,00550538;-0,00154957
2024-02-21;-0,00300558;0,00090595;-0,00391153
2024-02-22;0,01996020;0,02069542;-0,00073522
2024-02-23;0,00019962;0,00068960;-0,00048998
2024-02-26;-0,00021664;-0,00366252;0,00344588
2024-02-27;-0,00017827;0,00185781;-0,00203608
2024-02-28;-0,00171130;-0,00132164;-0,00038966
2024-02-29;0,00663101;0,00359484;0,00303617
2024-03-01;0,01412677;0,00938827;0,00473850
2024-03-04;0,00223458;-0,00107240;0,00330698
2024-03-05;-0,01317061;-0,00999401;-0,00317660
2024-03-06;0,00634267;0,00506719;0,00127548
2024-03-07;0,00965064;0,00992633;-0,00027569
2024-03-08;-0,00689530;-0,00600203;-0,00089328
2024-03-11;-0,00206039;-0,00085999;-0,00120040
2024-03-12;0,01069300;0,01075741;-0,00006441
2024-03-13;-0,00388962;-0,00156747;-0,00232216
2024-03-14;-0,00078132;-0,00197688;0,00119557
2024-03-15;-0,00906834;-0,00686665;-0,00220170
2024-03-18;0,00463991;0,00594316;-0,00130325
2024-03-19;0,00258284;0,00555721;-0,00297438
2024-03-20;0,00797712;0,00924934;-0,00127223
2024-03-21;0,00488971;0,00330467;0,00158504
2024-03-22;-0,00107365;-0,00189581;0,00082216
2024-03-25;-0,00371127;-0,00276283;-0,00094843
2024-03-26;-0,00076111;-0,00184697;0,00108586
2024-03-27;0,00336908;0,00840386;-0,00503479
2024-03-28;0,00196284;-0,00019116;0,00215400
2024-04-02;-0,00049122;-0,00635832;0,00586709
2024-04-03;0,00319867;0,00109854;0,00210013
2024-04-04;-0,00810545;-0,01220609;0,00410064
2024-04-05;0,00667319;0,01044692;-0,00377373
2024-04-08;0,00095317;0,00055950;0,00039367
2024-04-09;0,00167788;0,00115661;0,00052127
2024-04-10;-0,00669479;-0,01001317;0,00331838
2024-04-11;0,01318766;0,00754686;0,00564079
2024-04-12;-0,00904407;-0,01380297;0,00475890
2024-04-15;-0,00655252;-0,01252817;0,00597565
2024-04-16;-0,00286352;-0,00182385;-0,00103967
2024-04-17;-0,00940752;-0,00591818;-0,00348935
2024-04-18;-0,00394742;-0,00205777;-0,00188965
2024-04-19;-0,01016928;-0,00872827;-0,00144101
2024-04-22;0,00099140;0,00920901;-0,00821761
2024-04-23;0,00826137;0,01186664;-0,00360527
2024-04-24;0,00203006;-0,00047459;0,00250465
2024-04-25;-0,00360495;-0,00379890;0,00019395
2024-04-26;0,01017209;0,00947395;0,00069814
2024-04-29;0,00085545;0,00354143;-0,00268598
2024-04-30;-0,01475201;-0,01584129;0,00108928
2024-05-01;-0,00523639;-0,00324715;-0,00198924
2024-05-02;0,00715962;0,00935358;-0,00219396
2024-05-03;0,01573736;0,01239533;0,00334202
2024-05-07;0,00876460;0,00110348;0,00766112
2024-05-08;0,00138338;0,00009660;0,00128678
2024-05-09;0,00342574;0,00576211;-0,00233636
2024-05-10;0,00378725;0,00128805;0,00249920
2024-05-13;-0,00021662;0,00013425;-0,00035087
2024-05-14;0,00539835;0,00458816;0,00081019
2024-05-15;0,01442183;0,01238325;0,00203858
2024-05-16;-0,00127431;-0,00205764;0,00078333
2024-05-17;0,00029102;0,00143766;-0,00114664
2024-05-20;0,00752642;0,00115194;0,00637448
2024-05-21;-0,00034794;0,00245258;-0,00280052
2024-05-22;-0,00256395;-0,00287940;0,00031545
2024-05-23;-0,00736183;-0,00730393;-0,00005791
2024-05-24;0,00346526;0,00661604;-0,00315078
2024-05-28;0,00315926;0,00069899;0,00246027
2024-05-29;-0,00568167;-0,00700275;0,00132108
2024-05-30;-0,01149172;-0,00663334;-0,00485838
2024-05-31;-0,00125692;0,00910821;-0,01036513
2024-06-03;0,00424201;0,00081512;0,00342689
2024-06-04;-0,00118325;0,00111801;-0,00230125
2024-06-05;0,01569782;0,01188518;0,00381264
2024-06-06;0,00061776;-0,00001887;0,00063663
2024-06-07;-0,00422221;-0,00121574;-0,00300646
2024-06-10;0,00227163;0,00308965;-0,00081802
2024-06-11;0,00905152;0,00240846;0,00664307
2024-06-12;0,01312882;0,00821288;0,00491595
2024-06-13;0,00202984;0,00201386;0,00001598
2024-06-14;0,00476372;0,00060827;0,00415545
2024-06-17;0,00719248;0,00795883;-0,00076634
2024-06-18;0,00298737;0,00254083;0,00044653
2024-06-20;-0,00239635;-0,00271679;0,00032044
2024-06-21;-0,00422732;-0,00134049;-0,00288683
2024-06-24;-0,01121996;-0,00325062;-0,00796934
2024-06-25;0,00778457;0,00385087;0,00393370
2024-06-26;-0,00172012;0,00124816;-0,00296828
2024-06-27;0,00217397;0,00157635;0,00059762
2024-06-28;0,00108723;-0,00393507;0,00502230
2024-07-01;0,00301918;0,00205802;0,00096115
2024-07-02;0,00237936;0,00672978;-0,00435041
2024-07-03;0,00916823;0,00446252;0,00470571
2024-07-05;0,00420133;0,00576648;-0,00156516
2024-07-08;0,00159477;0,00115387;0,00044090
2024-07-09;0,00040922;0,00097251;-0,00056329
2024-07-10;0,00824034;0,00989539;-0,00165505
2024-07-11;-0,01059987;-0,00862279;-0,00197708
2024-07-12;0,00510808;0,00630751;-0,00119944
2024-07-15;0,00167684;0,00275007;-0,00107323
2024-07-16;0,00189169;0,00593034;-0,00403864
2024-07-17;-0,02251235;-0,01402113;-0,00849122
2024-07-18;-0,00225692;-0,00768498;0,00542806
2024-07-19;-0,01174034;-0,00664042;-0,00509992
2024-07-22;0,01264789;0,01030974;0,00233816
2024-07-23;0,00039263;-0,00156851;0,00196114
2024-07-24;-0,02534337;-0,02266253;-0,00268083
2024-07-25;-0,00830700;-0,00521031;-0,00309669
2024-07-26;0,00882081;0,01119955;-0,00237874
2024-07-29;-0,00217845;0,00058792;-0,00276637
2024-07-30;-0,01047121;-0,00506656;-0,00540465
2024-07-31;0,02734249;0,01625473;0,01108776
2024-08-01;-0,02056886;-0,01416098;-0,00640788
2024-08-02;-0,02141470;-0,01861849;-0,00279622
2024-08-05;-0,02171004;-0,02912364;0,00741359
2024-08-06;0,00741236;0,00921949;-0,00180713
2024-08-07;-0,00458604;-0,00668381;0,00209777
2024-08-08;0,01955716;0,02311724;-0,00356008
2024-08-09;0,00315866;0,00440957;-0,00125091
2024-08-12;0,00753080;0,00052552;0,00700528
2024-08-13;0,01606365;0,01644538;-0,00038173
2024-08-14;0,00308517;0,00315478;-0,00006961
2024-08-15;0,01744493;0,01714040;0,00030454
2024-08-16;0,00449537;0,00224211;0,00225327
2024-08-19;0,00846939;0,00956143;-0,00109204
2024-08-20;-0,00149171;-0,00162617;0,00013446
2024-08-21;0,00273341;0,00343646;-0,00070305
2024-08-22;-0,01391162;-0,00784851;-0,00606311
2024-08-23;0,00946799;0,01062550;-0,00115751
2024-08-27;-0,00297368;0,00137307;-0,00434675
2024-08-28;-0,00829139;-0,00580519;-0,00248620
2024-08-29;-0,00100809;0,00008942;-0,00109751
2024-08-30;0,00443532;0,00954619;-0,00511087
2024-09-03;-0,02358628;-0,02057903;-0,00300726
2024-09-04;-0,00410839;-0,00204683;-0,00206156
2024-09-05;-0,00084434;-0,00243218;0,00158784
2024-09-06;-0,01664717;-0,01683020;0,00018303
2024-09-09;0,01158553;0,01119614;0,00038939
2024-09-10;0,00825860;0,00435580;0,00390280
2024-09-11;0,01511790;0,01025908;0,00485882
2024-09-12;0,01126172;0,00842323;0,00283849
2024-09-13;0,00591298;0,00522278;0,00069020
2024-09-16;-0,00322628;0,00147670;-0,00470299
2024-09-17;0,00017719;0,00040873;-0,00023154
2024-09-18;-0,00772229;-0,00296582;-0,00475646
2024-09-19;0,01978921;0,01706438;0,00272483
2024-09-20;-0,00166691;-0,00172871;0,00006180
2024-09-23;0,00024783;0,00249869;-0,00225085
2024-09-24;0,00599735;0,00286149;0,00313586
2024-09-25;0,00180704;-0,00220546;0,00401250
2024-09-26;0,00722089;0,00396458;0,00325630
2024-09-27;-0,00507702;-0,00145018;-0,00362684
2024-09-30;-0,00116479;0,00400731;-0,00517209
2024-10-01;-0,00891663;-0,00895839;0,00004176
2024-10-02;0,00409481;0,00042164;0,00367318
2024-10-03;0,00355229;-0,00182796;0,00538025
2024-10-04;0,00558981;0,00908742;-0,00349761
2024-10-07;-0,00256187;-0,00904048;0,00647861
2024-10-08;0,00704273;0,00945755;-0,00241482
2024-10-09;0,00614681;0,00692648;-0,00077968
2024-10-10;0,00181621;-0,00175025;0,00356646
2024-10-11;0,00361774;0,00598856;-0,00237082
2024-10-14;0,00757672;0,00817824;-0,00060152
2024-10-15;-0,01143821;-0,00776971;-0,00366850
2024-10-16;0,00325588;0,00434641;-0,00109053
2024-10-17;0,00384034;0,00008579;0,00375455
2024-10-18;0,00330401;0,00384655;-0,00054254
2024-10-21;0,00161961;-0,00164217;0,00326179
2024-10-22;0,00161002;-0,00053129;0,00214131
2024-10-23;-0,01014254;-0,00913737;-0,00100517
2024-10-24;0,00269512;0,00216291;0,00053221
2024-10-25;0,00384721;-0,00034551;0,00419273
2024-10-28;-0,00033428;0,00309143;-0,00342571
2024-10-29;0,00806683;0,00161849;0,00644834
2024-10-30;-0,00664195;-0,00302542;-0,00361653
2024-10-31;-0,02003461;-0,01960298;-0,00043163
2024-11-01;0,00289128;0,00422048;-0,00132920
2024-11-04;-0,00120214;-0,00215389;0,00095175
2024-11-05;0,00782341;0,01209159;-0,00426819
2024-11-06;0,01360502;0,02486571;-0,01126069
2024-11-07;0,01253000;0,00773217;0,00479784
2024-11-08;-0,00049646;0,00433150;-0,00482797
2024-11-11;-0,00495688;0,00095299;-0,00590987
2024-11-12;-0,00037319;-0,00310623;0,00273304
2024-11-13;-0,00275349;0,00048566;-0,00323916
2024-11-14;-0,00203773;-0,00643000;0,00439227
2024-11-15;-0,01459169;-0,01280874;-0,00178294
2024-11-18;0,00575993;0,00409741;0,00166252
2024-11-19;0,00504200;0,00365547;0,00138653
2024-11-20;-0,00001050;0,00033883;-0,00034933
2024-11-21;0,00975124;0,00536835;0,00438289
2024-11-22;0,00502573;0,00309929;0,00192644
2024-11-25;-0,00464029;0,00339221;-0,00803250
2024-11-26;0,00303365;0,00522138;-0,00218773
2024-11-27;-0,00870542;-0,00302998;-0,00567543
2024-11-29;0,00742266;0,00621195;0,00121071
2024-12-02;0,00480812;0,00179243;0,00301569
2024-12-03;0,00203331;0,00046384;0,00156947
2024-12-04;0,00962142;0,00620961;0,00341181
2024-12-05;-0,00375508;-0,00164564;-0,00210945
2024-12-06;0,00211292;0,00189569;0,00021723
2024-12-09;-0,00278173;-0,00514978;0,00236804
2024-12-10;-0,00499533;-0,00310899;-0,00188634
2024-12-11;0,00984206;0,00773053;0,00211153
2024-12-12;-0,00475831;-0,00515254;0,00039423
2024-12-13;0,00001156;-0,00019852;0,00021007
2024-12-16;0,00467292;0,00426985;0,00040307
2024-12-17;-0,00463367;-0,00412009;-0,00051357
2024-12-18;-0,01893740;-0,02980336;0,01086596
2024-12-19;-0,00282583;-0,00030715;-0,00251868
2024-12-20;0,00993278;0,01201112;-0,00207834
2024-12-23;0,00475570;0,00598831;-0,00123261
2024-12-24;0,00674989;0,01111499;-0,00436510
2024-12-27;-0,00695423;-0,01052658;0,00357236
2024-12-30;-0,00777721;-0,01141148;0,00363428
2024-12-31;-0,00231255;-0,00363803;0,00132548
2025-01-02;0,00362355;-0,00245702;0,00608057
2025-01-03;0,00611902;0,01250330;-0,00638428
2025-01-06;0,00781656;0,00576062;0,00205594
2025-01-07;-0,01056381;-0,01130384;0,00074003
2025-01-08;0,00210099;0,00146080;0,00064019
2025-01-10;-0,00942446;-0,01526753;0,00584308
2025-01-13;-0,00567867;0,00155058;-0,00722926
2025-01-14;0,00332083;0,00137606;0,00194477
2025-01-15;0,01394095;0,01818981;-0,00424886
2025-01-16;-0,00146523;-0,00192300;0,00045776
2025-01-17;0,00971872;0,01003990;-0,00032118
2025-01-21;0,00575207;0,00915327;-0,00340121
2025-01-22;0,01397520;0,00562164;0,00835356
2025-01-23;0,00032985;0,00545806;-0,00512821
2025-01-24;-0,00536221;-0,00291937;-0,00244284
2025-01-27;-0,02970584;-0,01414526;-0,01556059
2025-01-28;0,01648757;0,00859232;0,00789525
2025-01-29;-0,00387183;-0,00448286;0,00061103
2025-01-30;0,00385742;0,00536719;-0,00150976
2025-01-31;-0,00004623;-0,00532212;0,00527589
2025-02-03;-0,00928890;-0,00672955;-0,00255935
2025-02-04;0,00892472;0,00670827;0,00221646
2025-02-05;0,00737276;0,00405463;0,00331813
2025-02-06;0,00420631;0,00347553;0,00073078
2025-02-07;-0,00440428;-0,00915351;0,00474923
2025-02-10;0,01119802;0,00679122;0,00440679
2025-02-11;-0,00089132;0,00076075;-0,00165206
2025-02-12;-0,00200280;-0,00322169;0,00121889
2025-02-13;0,00927476;0,01055760;-0,00128284
2025-02-14;-0,00169506;-0,00004928;-0,00164578
2025-02-18;0,00778925;0,00293590;0,00485335
2025-02-19;0,00060167;0,00235482;-0,00175315
2025-02-20;-0,00345071;-0,00416025;0,00070954
2025-02-21;-0,01355220;-0,01710390;0,00355171
2025-02-24;-0,00809888;-0,00455051;-0,00354838
2025-02-25;-0,01186024;-0,00497329;-0,00688696
2025-02-26;0,00793742;0,00050490;0,00743252
2025-02-27;-0,02079116;-0,01596191;-0,00482925
2025-02-28;0,00310792;0,01560549;-0,01249756
2025-03-03;-0,01123143;-0,01751987;0,00628844
2025-03-04;-0,00650318;-0,01183687;0,00533369
2025-03-05;0,00611281;0,01074762;-0,00463481
2025-03-06;-0,01243051;-0,01775095;0,00532044
2025-03-07;0,00213770;0,00560478;-0,00346707
2025-03-10;-0,02304076;-0,02663551;0,00359476
2025-03-11;-0,00364303;-0,00831278;0,00466975
2025-03-12;0,00966964;0,00530638;0,00436326
2025-03-13;-0,00753355;-0,01333044;0,00579688
2025-03-14;0,01775172;0,02065568;-0,00290396
2025-03-17;0,00496744;0,00771134;-0,00274389
2025-03-18;-0,00535133;-0,01080827;0,00545694
2025-03-19;0,00855841;0,01089073;-0,00233233
2025-03-20;-0,00335706;-0,00289170;-0,00046536
2025-03-21;-0,00064632;0,00032978;-0,00097610
2025-03-24;0,01141116;0,01790860;-0,00649744
2025-03-25;0,00249467;0,00240382;0,00009085
2025-03-26;-0,01099921;-0,01193834;0,00093912
2025-03-27;-0,00366373;-0,00265563;-0,00100811
2025-03-28;-0,01334605;-0,02013832;0,00679227
2025-03-31;0,00156768;0,00671258;-0,00514490
2025-04-01;0,00589714;0,00282466;0,00307248
2025-04-02;0,00367338;0,00632819;-0,00265481
2025-04-03;-0,04223855;-0,04928048;0,00704194
2025-04-04;-0,04323913;-0,05854310;0,01530397
2025-04-07;-0,00692268;-0,00178113;-0,00514155
2025-04-08;-0,00043177;-0,01566281;0,01523104
2025-04-09;0,05642180;0,10501938;-0,04859757
2025-04-10;-0,00719942;-0,04381906;0,03661964
2025-04-11;0,01226581;0,01784289;-0,00557708
2025-04-14;0,00747804;0,00970139;-0,00222335
2025-04-15;0,00314723;-0,00280091;0,00594814
2025-04-16;-0,00949327;-0,02222808;0,01273481
2025-04-17;-0,00594605;0,00142684;-0,00737288
2025-04-22;0,00117692;0,02601782;-0,02484090
2025-04-23;0,01322945;0,01549536;-0,00226591
2025-04-24;0,02094568;0,02104903;-0,00010336
2025-04-25;0,00514017;0,00722542;-0,00208525
2025-04-28;0,00184240;0,00038116;0,00146124
2025-04-29;0,00104700;0,00629950;-0,00525250
2025-04-30;0,00068937;0,00039683;0,00029254
2025-05-01;0,00710114;0,00708687;0,00001428
2025-05-02;0,00947413;0,01484414;-0,00537001
2025-05-06;0,00473077;-0,00835833;0,01308910
2025-05-07;0,00027621;0,00420542;-0,00392920
2025-05-08;0,00277464;0,00696787;-0,00419323
2025-05-09;0,00067453;-0,00127433;0,00194886
2025-05-12;0,02080587;0,03304743;-0,01224156
2025-05-13;0,01274414;0,00660407;0,00614006
2025-05-14;-0,00186340;0,00127798;-0,00314138
2025-05-15;0,00455556;0,00488418;-0,00032862
2025-05-16;-0,00015720;0,00633415;-0,00649135
2025-05-19;0,00092073;0,00109382;-0,00017309
2025-05-20;0,00284148;-0,00336215;0,00620364
2025-05-21;-0,00864782;-0,01685088;0,00820306
2025-05-22;-0,00445200;0,00039481;-0,00484681
2025-05-23;-0,00314195;-0,00682575;0,00368380
2025-05-27;0,01100019;0,02079047;-0,00979028
2025-05-28;-0,00209047;-0,00578535;0,00369488
2025-05-29;0,00186658;0,00394744;-0,00208086
2025-05-30;-0,00277074;-0,00111851;-0,00165224
2025-06-02;0,00891746;0,00563292;0,00328454
2025-06-03;0,00748603;0,00570256;0,00178348
2025-06-04;0,00219995;-0,00026851;0,00246846
2025-06-05;-0,00226090;-0,00483265;0,00257175
2025-06-06;0,00261175;0,01026903;-0,00765728
2025-06-09;0,00315685;0,00090113;0,00225573
2025-06-10;0,00356581;0,00566982;-0,00210401
2025-06-11;0,00086157;-0,00285208;0,00371364
2025-06-12;0,00594955;0,00397438;0,00197517
2025-06-13;-0,00476558;-0,01118016;0,00641458
2025-06-16;0,00558214;0,00951424;-0,00393210
2025-06-17;-0,00356074;-0,00854507;0,00498433
2025-06-18;0,00015687;-0,00015082;0,00030769
2025-06-20;-0,00349547;-0,00234847;-0,00114699
2025-06-23;0,00558989;0,00987749;-0,00428760
2025-06-24;0,00687445;0,01104729;-0,00417284
2025-06-25;0,00459666;0,00056018;0,00403648
2025-06-26;0,00286047;0,00782391;-0,00496344
2025-06-27;-0,00180636;0,00496822;-0,00677459
2025-06-30;0,00737603;0,00478128;0,00259475
2025-07-01;-0,00246404;-0,00032361;-0,00214042
2025-07-02;0,00864767;0,00453337;0,00411430
2025-07-03;0,00618827;0,00788130;-0,00169303
2025-07-07;-0,00481140;-0,00745207;0,00264067
2025-07-08;0,00125879;-0,00054764;0,00180643
2025-07-09;0,00429557;0,00599666;-0,00170109
2025-07-10;0,00032821;0,00282036;-0,00249215
2025-07-11;-0,00019792;-0,00351551;0,00331759
2025-07-14;-0,00014756;0,00190818;-0,00205575
2025-07-15;0,00416322;-0,00427321;0,00843643
2025-07-16;-0,00022549;0,00334317;-0,00356867
2025-07-17;0,00721864;0,00611964;0,00109901
2025-07-18;0,00018135;-0,00073224;0,00091358
2025-07-21;0,00401281;0,00189604;0,00211676
2025-07-22;-0,00361923;0,00014320;-0,00376243
2025-07-23;0,00114222;0,00850738;-0,00736516
2025-07-24;0,00272744;0,00033113;0,00239631
2025-07-25;0,00056950;0,00422434;-0,00365484
2025-07-28;0,00292033;-0,00025107;0,00317140
2025-07-29;0,00083223;-0,00263766;0,00346989
2025-07-30;-0,00143662;-0,00125927;-0,00017735
2025-07-31;-0,00161841;-0,00375116;0,00213275
2025-08-01;-0,01161591;-0,01639051;0,00477460
2025-08-04;0,01348812;0,01519976;-0,00171165
2025-08-05;-0,00440667;-0,00507002;0,00066336
2025-08-06;0,00600230;0,00765986;-0,00165756
2025-08-07;0,00123838;-0,00083773;0,00207611
2025-08-08;0,00552037;0,00779755;-0,00227719
2025-08-11;-0,00522384;-0,00197740;-0,00324644
2025-08-12;0,00720201;0,01064598;-0,00344397
2025-08-13;0,00083647;0,00342323;-0,00258676
2025-08-14;-0,00199329;0,00009292;-0,00208621
2025-08-15;-0,00349577;-0,00234120;-0,00115457
2025-08-18;0,00117100;-0,00021771;0,00138871
2025-08-19;-0,00942004;-0,00542510;-0,00399494
2025-08-20;-0,00202150;-0,00265708;0,00063558
2025-08-21;-0,00173521;-0,00401171;0,00227650
2025-08-22;0,01005573;0,01535673;-0,00530101
2025-08-26;0,00104258;0,00418697;-0,00314439
2025-08-27;0,00416162;0,00227845;0,00188317
2025-08-28;0,00497338;0,00354142;0,00143196
2025-08-29;-0,00636109;-0,00596364;-0,00039745
2025-09-02;-0,00066989;-0,00741035;0,00674046
2025-09-03;0,00545425;0,00541964;0,00003460
2025-09-04;0,00302263;0,00835732;-0,00533470
2025-09-05;0,00173262;-0,00289610;0,00462872
2025-09-08;0,00735695;0,00245648;0,00490047
2025-09-09;0,00028248;0,00231198;-0,00202950
2025-09-10;0,01025130;0,00289081;0,00736049
2025-09-11;0,00276410;0,00831010;-0,00554600
2025-09-12;0,00016019;-0,00033444;0,00049464
2025-09-15;0,00693983;0,00532387;0,00161596
2025-09-16;-0,00239490;-0,00137688;-0,00101802
2025-09-17;-0,00359122;-0,00124246;-0,00234877
2025-09-18;0,01055832;0,00467250;0,00588582
2025-09-19;0,00785689;0,00495287;0,00290402
2025-09-22;0,01144944;0,00473105;0,00671839
2025-09-23;-0,00293870;-0,00544356;0,00250486
2025-09-24;-0,00517867;-0,00318166;-0,00199701
2025-09-25;0,00022102;-0,00461337;0,00483439
2025-09-26;0,00220620;0,00572903;-0,00352283
2025-09-29;0,00708599;0,00281045;0,00427554
2025-09-30;0,00380143;0,00376683;0,00003460
2025-10-01;0,00615263;0,00340748;0,00274515
2025-10-02;0,00328195;0,00115182;0,00213013
2025-10-03;0,00001010;-0,00001481;0,00002491
2025-10-06;0,00910174;0,00358627;0,00551547
2025-10-07;-0,00259948;-0,00370751;0,00110803
2025-10-08;0,01342633;0,00596306;0,00746328
2025-10-09;-0,00399243;-0,00289697;-0,00109545
2025-10-10;-0,02153558;-0,02702786;0,00549228
2025-10-13;0,01793167;0,01534412;0,00258755
2025-10-14;-0,00439535;-0,00122165;-0,00317371
2025-10-15;0,00904791;0,00443953;0,00460838
2025-10-16;0,00522882;-0,00681013;0,01203895
2025-10-17;-0,00525307;0,00567621;-0,01092928
2025-10-20;0,01685782;0,01040050;0,00645732
2025-10-21;-0,01358591;-0,00001494;-0,01357096
2025-10-22;-0,00592797;-0,00519892;-0,00072905
2025-10-23;0,00839202;0,00592996;0,00246205
2025-10-24;0,08236393;0,00817255;0,07419138
2025-10-27;-0,06372538;0,01179766;-0,07552304
2025-10-28;0,00505616;0,00265593;0,00240024
2025-10-29;0,00394112;0,00048046;0,00346066
2025-10-30;-0,00207720;-0,01099810;0,00892090
2025-10-31;-0,00118698;0,00328013;-0,00446711
2025-11-03;0,00247096;0,00187674;0,00059422
2025-11-04;-0,01663164;-0,01185355;-0,00477810
2025-11-05;0,00445949;0,00346539;0,00099411
2025-11-06;-0,01299886;-0,01072936;-0,00226949
2025-11-07;-0,00349254;0,00098457;-0,00447710
2025-11-10;0,02232395;0,01560437;0,00671958
2025-11-11;-0,00187661;0,00228918;-0,00416579
2025-11-12;0,00690225;0,00055639;0,00634586
2025-11-13;-0,01673770;-0,01659391;-0,00014379
2025-11-14;-0,00192057;-0,00016373;-0,00175683
2025-11-17;-0,01150847;-0,00931653;-0,00219194
2025-11-18;-0,00900694;-0,00839755;-0,00060939
2025-11-19;0,00453671;0,00386327;0,00067344
2025-11-20;-0,01384662;-0,01524223;0,00139560
2025-11-21;-0,00178176;0,00996114;-0,01174290
2025-11-24;0,01800538;0,01471861;0,00328678
2025-11-25;0,00123636;0,00940584;-0,00816948
2025-11-26;0,00990525;0,00690358;0,00300167
2025-11-28;0,00729367;0,00545843;0,00183523
2025-12-01;0,00126403;-0,00456556;0,00582959
2025-12-02;0,00380575;0,00185237;0,00195339
2025-12-03;-0,00043290;0,00346275;-0,00389565
2025-12-04;0,00214405;0,00073114;0,00141291
2025-12-05;0,00401146;0,00189939;0,00211207
2025-12-08;0,00248392;-0,00300421;0,00548813
2025-12-09;0,00292865;-0,00086303;0,00379168
2025-12-10;0,00256636;0,00663214;-0,00406579
2025-12-11;-0,00040031;0,00232704;-0,00272734
2025-12-12;-0,01313896;-0,01075207;-0,00238688
2025-12-15;-0,00412326;-0,00151090;-0,00261236
2025-12-16;-0,00116691;-0,00273229;0,00156537
2025-12-17;-0,00933809;-0,01100359;0,00166551
2025-12-18;0,00893075;0,00755126;0,00137949
2025-12-19;0,01145677;0,00906351;0,00239327
2025-12-22;0,00771248;0,00622980;0,00148267
2025-12-23;0,00590328;0,00457049;0,00133279
2025-12-24;0,00009121;0,00351767;-0,00342646
2025-12-29;-0,00888168;-0,00356365;-0,00531802
2025-12-30;-0,00043332;-0,00122121;0,00078789
2025-12-31;-0,00663229;-0,00740885;0,00077656
2026-01-02;0,00103380;0,00183299;-0,00079919
2026-01-05;0,00893965;0,00666021;0,00227944
2026-01-06;0,00972035;0,00594716;0,00377319
2026-01-07;-0,00159490;-0,00322341;0,00162851
2026-01-08;-0,00638980;-0,00010153;-0,00628827
2026-01-09;0,00977087;0,00661338;0,00315749
2026-01-12;0,00620164;0,00157043;0,00463121
2026-01-13;-0,00107817;-0,00199951;0,00092134
2026-01-14;-0,00467982;-0,00491525;0,00023543
2026-01-15;0,00359360;0,00272330;0,00087030
2026-01-16;-0,00114249;-0,00083791;-0,00030458
2026-01-20;-0,00687153;-0,02035680;0,01348527
2026-01-21;0,01018080;0,01154111;-0,00136030
2026-01-22;0,00923182;0,00522326;0,00400856
2026-01-23;0,00256848;0,00036274;0,00220574
2026-01-26;0,00636861;0,00507823;0,00129038
2026-01-27;0,01265197;0,00398417;0,00866781
2026-01-28;0,01299266;-0,00010066;0,01309333
2026-01-29;-0,00813547;-0,00198438;-0,00615109
2026-01-30;-0,03512898;-0,00298248;-0,03214649
