Date;static_return;spy_return;active_return
2014-01-03;0,00148413;-0,00016422;0,00164836
2014-01-06;-0,00110846;-0,00289772;0,00178926
2014-01-07;0,00273606;0,00614153;-0,00340548
2014-01-08;-0,00225581;0,00021843;-0,00247424
2014-01-09;-0,00194138;0,00065362;-0,00259500
2014-01-10;0,00518502;0,00272312;0,00246190
2014-01-13;0,00089066;-0,01330556;0,01419621
2014-01-14;0,00001060;0,01089818;-0,01088757
2014-01-15;0,00543238;0,00538968;0,00004270
2014-01-16;0,00034663;-0,00129978;0,00164642
2014-01-17;-0,00015133;-0,00422938;0,00407805
2014-01-21;-0,00238447;0,00294045;-0,00532491
2014-01-22;-0,00226374;0,00065189;-0,00291563
2014-01-23;0,00274969;-0,00819326;0,01094295
2014-01-24;-0,00645274;-0,02133599;0,01488325
2014-01-27;-0,00862734;-0,00491948;-0,00370786
2014-01-28;-0,00069843;0,00595506;-0,00665349
2014-01-29;0,00136610;-0,00960547;0,01097157
2014-01-30;-0,00161865;0,01060065;-0,01221931
2014-01-31;0,00008994;-0,00585862;0,00594855
2014-02-03;-0,00413591;-0,02250509;0,01836918
2014-02-04;-0,00018686;0,00700463;-0,00719149
2014-02-05;0,00095746;-0,00125455;0,00221200
2014-02-06;0,00569314;0,01318741;-0,00749427
2014-02-07;0,00672340;0,01239551;-0,00567211
2014-02-10;0,00254060;0,00183694;0,00070365
2014-02-11;0,00831718;0,01094339;-0,00262620
2014-02-12;0,00035468;0,00049491;-0,00014023
2014-02-13;0,00394246;0,00516292;-0,00122046
2014-02-14;0,00359024;0,00551861;-0,00192838
2014-02-18;0,00323085;0,00119602;0,00203483
2014-02-19;-0,00344657;-0,00662228;0,00317571
2014-02-20;0,00289278;0,00590102;-0,00300824
2014-02-21;0,00072938;-0,00114087;0,00187025
2014-02-24;0,00518118;0,00554659;-0,00036541
2014-02-25;-0,00089117;-0,00037808;-0,00051309
2014-02-26;-0,00194220;0,00005390;-0,00199611
2014-02-27;0,00142931;0,00524758;-0,00381827
2014-02-28;-0,00013207;0,00252921;-0,00266128
2014-03-03;-0,00073768;-0,00703186;0,00629418
2014-03-04;0,00492441;0,01405580;-0,00913139
2014-03-05;-0,00067611;0,00090605;-0,00158216
2014-03-06;0,00462832;0,00229055;0,00233778
2014-03-07;-0,00415451;0,00042476;-0,00457926
2014-03-10;0,00050740;-0,00053102;0,00103841
2014-03-11;0,00036967;-0,00494267;0,00531233
2014-03-12;0,00377189;0,00026717;0,00350471
2014-03-13;-0,00476143;-0,01121308;0,00645165
2014-03-14;-0,00048694;-0,00280829;0,00232135
2014-03-17;0,00139858;0,00904391;-0,00764533
2014-03-18;0,00336953;0,00713769;-0,00376816
2014-03-19;-0,00736834;-0,00532878;-0,00203956
2014-03-20;0,00243317;0,00583942;-0,00340625
2014-03-21;0,00124385;-0,00387851;0,00512236
2014-03-24;-0,00790365;-0,00413550;-0,00376815
2014-03-25;0,00306597;0,00474595;-0,00167998
2014-03-26;-0,00447424;-0,00719254;0,00271829
2014-03-27;-0,00434985;-0,00210836;-0,00224149
2014-03-28;0,00252672;0,00492994;-0,00240322
2014-03-31;0,00055465;0,00819489;-0,00764024
2014-04-01;0,00386345;0,00663049;-0,00276703
2014-04-02;0,00326917;0,00334690;-0,00007773
2014-04-03;-0,00159722;-0,00132393;-0,00027329
2014-04-04;-0,00130275;-0,01182200;0,01051925
2014-04-07;-0,00676062;-0,01105154;0,00429091
2014-04-08;0,00212380;0,00412280;-0,00199900
2014-04-09;0,00493360;0,01075150;-0,00581790
2014-04-10;-0,00519380;-0,02100647;0,01581267
2014-04-11;-0,00494663;-0,00900829;0,00406166
2014-04-14;0,00436160;0,00787799;-0,00351639
2014-04-15;-0,00442219;0,00688798;-0,01131017
2014-04-16;0,00441525;0,01047736;-0,00606211
2014-04-17;-0,00055148;0,00139698;-0,00194846
2014-04-22;0,00155110;0,00454500;-0,00299390
2014-04-23;-0,00224414;-0,00234245;0,00009831
2014-04-24;0,00355091;0,00202735;0,00152355
2014-04-25;-0,00339921;-0,00819892;0,00479970
2014-04-28;0,00148983;0,00316761;-0,00167778
2014-04-29;0,00302815;0,00465504;-0,00162690
2014-04-30;-0,00098543;0,00298269;-0,00396812
2014-05-01;0,00043052;0,00010635;0,00032418
2014-05-02;0,00151977;-0,00143403;0,00295380
2014-05-06;-0,00142383;-0,00870367;0,00727984
2014-05-07;-0,00433609;0,00588883;-0,01022492
2014-05-08;0,00322898;-0,00106420;0,00429318
2014-05-09;-0,00023553;0,00149195;-0,00172748
2014-05-12;0,00659488;0,00973605;-0,00314116
2014-05-13;0,00090831;0,00089541;0,00001289
2014-05-14;0,00194651;-0,00473800;0,00668451
2014-05-15;-0,00682100;-0,00877994;0,00195894
2014-05-16;0,00159338;0,00346814;-0,00187476
2014-05-19;0,00227556;0,00366974;-0,00139418
2014-05-20;-0,00216586;-0,00630495;0,00413909
2014-05-21;0,00116286;0,00842441;-0,00726155
2014-05-22;0,00273815;0,00243179;0,00030636
2014-05-23;0,00264837;0,00400923;-0,00136087
2014-05-27;-0,00141936;0,00614661;-0,00756597
2014-05-28;-0,00078727;-0,00073136;-0,00005591
2014-05-29;0,00166642;0,00517314;-0,00350672
2014-05-30;-0,00084469;0,00161134;-0,00245603
2014-06-02;-0,00133244;0,00114162;-0,00247407
2014-06-03;-0,00015800;-0,00051830;0,00036030
2014-06-04;0,00048249;0,00202313;-0,00154064
2014-06-05;0,00356001;0,00652175;-0,00296175
2014-06-06;0,00299941;0,00478269;-0,00178328
2014-06-09;0,00153368;0,00102383;0,00050985
2014-06-10;0,00150426;0,00010220;0,00140206
2014-06-11;-0,00177975;-0,00347680;0,00169705
2014-06-12;-0,00017596;-0,00707954;0,00690358
2014-06-13;0,00003057;0,00304847;-0,00301790
2014-06-16;-0,00156943;0,00082411;-0,00239354
2014-06-17;0,00061435;0,00277941;-0,00216506
2014-06-18;0,00299365;0,00733959;-0,00434593
2014-06-19;0,00898052;0,00112118;0,00785934
2014-06-20;-0,00067019;0,00203047;-0,00270066
2014-06-23;0,00109820;-0,00030630;0,00140450
2014-06-24;0,00004599;-0,00602415;0,00607014
2014-06-25;-0,00068820;0,00451952;-0,00520772
2014-06-26;-0,00202698;-0,00071572;-0,00131126
2014-06-27;0,00222077;0,00194417;0,00027660
2014-06-30;0,00242168;-0,00051052;0,00293220
2014-07-01;0,00304435;0,00669337;-0,00364902
2014-07-02;0,00007072;0,00101458;-0,00094386
2014-07-03;0,00099743;0,00491846;-0,00392103
2014-07-07;-0,00092417;-0,00348121;0,00255704
2014-07-08;-0,00418405;-0,00643013;0,00224608
2014-07-09;0,00366450;0,00448405;-0,00081955
2014-07-10;-0,00084389;-0,00395688;0,00311299
2014-07-11;0,00195144;0,00137534;0,00057611
2014-07-14;-0,00149615;0,00503515;-0,00653129
2014-07-15;-0,00476486;-0,00187268;-0,00289219
2014-07-16;0,00440061;0,00370148;0,00069914
2014-07-17;0,00026938;-0,01136552;0,01163489
2014-07-18;0,00210301;0,01021873;-0,00811571
2014-07-21;-0,00046005;-0,00187135;0,00141131
2014-07-22;0,00279922;0,00435806;-0,00155885
2014-07-23;0,00067197;0,00221990;-0,00154794
2014-07-24;-0,00089568;0,00005054;-0,00094622
2014-07-25;0,00080497;-0,00468207;0,00548705
2014-07-28;-0,00007529;0,00040510;-0,00048039
2014-07-29;-0,00073620;-0,00429736;0,00356116
2014-07-30;-0,00087395;0,00015189;-0,00102583
2014-07-31;-0,01067605;-0,01974779;0,00907173
2014-08-01;-0,00082583;-0,00305560;0,00222976
2014-08-04;0,00105300;0,00722063;-0,00616763
2014-08-05;-0,00309922;-0,00969626;0,00659704
2014-08-06;0,00212904;0,00031266;0,00181638
2014-08-07;-0,00124018;-0,00541465;0,00417447
2014-08-08;0,00195613;0,01156877;-0,00961263
2014-08-11;0,00401039;0,00289794;0,00111245
2014-08-12;-0,00158842;-0,00139307;-0,00019535
2014-08-13;0,00679813;0,00676911;0,00002903
2014-08-14;0,00126802;0,00472162;-0,00345360
2014-08-15;-0,00238643;-0,00020429;-0,00218214
2014-08-18;0,00384539;0,00837960;-0,00453422
2014-08-19;0,00317600;0,00521893;-0,00204293
2014-08-20;-0,00114078;0,00267089;-0,00381167
2014-08-21;0,00053528;0,00291613;-0,00238085
2014-08-22;0,00026500;-0,00155392;0,00181892
2014-08-26;0,00283120;0,00064961;0,00218159
2014-08-27;-0,00056292;-0,00039963;-0,00016329
2014-08-28;0,00029146;-0,00054899;0,00084045
2014-08-29;0,00100739;0,00284801;-0,00184061
2014-09-02;-0,00245118;-0,00049855;-0,00195263
2014-09-03;0,00070511;-0,00054791;0,00125302
2014-09-04;-0,00013495;-0,00144676;0,00131181
2014-09-05;0,00240061;0,00449571;-0,00209510
2014-09-08;0,00054897;-0,00258595;0,00313492
2014-09-09;-0,00218388;-0,00633131;0,00414743
2014-09-10;-0,00091240;0,00376266;-0,00467506
2014-09-11;-0,00182299;0,00114990;-0,00297288
2014-09-12;-0,00401525;-0,00584128;0,00182603
2014-09-15;-0,00211574;-0,00075347;-0,00136227
2014-09-16;0,00332289;0,00753855;-0,00421565
2014-09-17;-0,00254237;0,00134693;-0,00388931
2014-09-18;0,00276749;0,00533001;-0,00256253
2014-09-19;-0,00137576;-0,00090127;-0,00047449
2014-09-22;-0,00481375;-0,00772292;0,00290917
2014-09-23;-0,00101312;-0,00572428;0,00471116
2014-09-24;0,00172052;0,00782784;-0,00610732
2014-09-25;-0,00693106;-0,01613546;0,00920440
2014-09-26;0,00264139;0,00794570;-0,00530431
2014-09-29;-0,00032086;-0,00181937;0,00149851
2014-09-30;0,00021948;-0,00263201;0,00285149
2014-10-01;-0,00538790;-0,01355226;0,00816437
2014-10-02;-0,00326677;0,00015426;-0,00342102
2014-10-03;0,00250663;0,01100927;-0,00850264
2014-10-06;0,00345116;-0,00116995;0,00462111
2014-10-07;-0,00675957;-0,01543677;0,00867720
2014-10-08;0,00596007;0,01748938;-0,01152930
2014-10-09;-0,00409346;-0,01983271;0,01573926
2014-10-10;-0,01004116;-0,01141461;0,00137345
2014-10-13;-0,00332821;-0,01642708;0,01309887
2014-10-14;0,00192877;0,00154735;0,00038141
2014-10-15;-0,00649240;-0,00676599;0,00027359
2014-10-16;-0,00107560;-0,00085815;-0,00021746
2014-10-17;0,00664330;0,01181029;-0,00516699
2014-10-20;0,00272480;0,00971010;-0,00698530
2014-10-21;0,00925080;0,01981118;-0,01056038
2014-10-22;0,00058595;-0,00711128;0,00769724
2014-10-23;0,00250185;0,01162512;-0,00912326
2014-10-24;0,00129864;0,00769481;-0,00639617
2014-10-27;-0,00116195;-0,00137408;0,00021213
2014-10-28;0,00557152;0,01147003;-0,00589851
2014-10-29;-0,00227590;-0,00151203;-0,00076387
2014-10-30;0,00008417;0,00641065;-0,00632647
2014-10-31;0,00343968;0,01143525;-0,00799557
2014-11-03;-0,00004545;0,00054538;-0,00059083
2014-11-04;-0,00222138;-0,00346888;0,00124750
2014-11-05;-0,00195989;0,00631627;-0,00827616
2014-11-06;0,00207925;0,00400302;-0,00192377
2014-11-07;0,00711585;0,00093509;0,00618076
2014-11-10;-0,00353787;0,00314732;-0,00668519
2014-11-11;0,00388740;0,00098074;0,00290666
2014-11-12;-0,00046400;-0,00107775;0,00061375
2014-11-13;0,00408329;0,00112782;0,00295547
2014-11-14;0,00895862;0,00024489;0,00871374
2014-11-17;-0,00201003;0,00063626;-0,00264629
2014-11-18;0,00527698;0,00577393;-0,00049695
2014-11-19;-0,00567648;-0,00160545;-0,00407104
2014-11-20;0,00367799;0,00175411;0,00192388
2014-11-21;0,00418654;0,00535098;-0,00116444
2014-11-24;0,00038955;0,00280644;-0,00241689
2014-11-25;0,00047548;-0,00072378;0,00119925
2014-11-26;0,00189019;0,00255882;-0,00066863
2014-11-28;-0,00262168;-0,00211878;-0,00050290
2014-12-01;0,00228041;-0,00695012;0,00923053
2014-12-02;-0,00032251;0,00646407;-0,00678658
2014-12-03;0,00255883;0,00386295;-0,00130412
2014-12-04;-0,00204638;-0,00110632;-0,00094006
2014-12-05;0,00055051;0,00163735;-0,00108683
2014-12-08;-0,00236728;-0,00668281;0,00431553
2014-12-09;0,00017321;-0,00067769;0,00085090
2014-12-10;-0,00526642;-0,01603124;0,01076482
2014-12-11;0,00135147;0,00506985;-0,00371838
2014-12-12;-0,00986638;-0,01616157;0,00629519
2014-12-15;-0,01021730;-0,00686903;-0,00334827
2014-12-16;-0,00027269;-0,00801962;0,00774692
2014-12-17;0,00280692;0,01960436;-0,01679743
2014-12-18;0,01453334;0,02472888;-0,01019554
2014-12-19;0,00341207;0,00425518;-0,00084311
2014-12-22;-0,00002969;0,00459996;-0,00462965
2014-12-23;0,00373347;0,00134956;0,00238391
2014-12-24;-0,00036347;0,00009612;-0,00045959
2014-12-29;0,00253686;0,00134319;0,00119367
2014-12-30;-0,00161286;-0,00536590;0,00375304
2014-12-31;-0,00644381;-0,00992318;0,00347937
2015-01-02;0,00083714;-0,00053475;0,00137190
2015-01-05;-0,00330020;-0,01805998;0,01475978
2015-01-06;-0,00222161;-0,00941874;0,00719713
2015-01-07;0,00338603;0,01246115;-0,00907512
2015-01-08;0,01042931;0,01774490;-0,00731559
2015-01-09;-0,00159959;-0,00801347;0,00641388
2015-01-12;-0,00110568;-0,00783356;0,00672788
2015-01-13;0,00121800;-0,00281290;0,00403091
2015-01-14;-0,00832378;-0,00603722;-0,00228657
2015-01-15;0,00442515;-0,00916063;0,01358578
2015-01-16;0,00726977;0,01311439;-0,00584462
2015-01-20;0,00644633;0,00213249;0,00431384
2015-01-21;0,00385042;0,00504835;-0,00119793
2015-01-22;0,00888998;0,01487067;-0,00598069
2015-01-23;-0,00025321;-0,00548287;0,00522966
2015-01-26;-0,00440442;0,00234198;-0,00674640
2015-01-27;-0,00900524;-0,01319101;0,00418576
2015-01-28;-0,00191645;-0,01282355;0,01090710
2015-01-29;-0,00407436;0,00924324;-0,01331759
2015-01-30;0,00265905;-0,01257485;0,01523390
2015-02-02;0,00189759;0,01238360;-0,01048601
2015-02-03;0,00193686;0,01446145;-0,01252459
2015-02-04;0,00178483;-0,00380747;0,00559230
2015-02-05;0,00289511;0,01009523;-0,00720012
2015-02-06;-0,00590957;-0,00276563;-0,00314394
2015-02-09;-0,00083557;-0,00447598;0,00364041
2015-02-10;0,00283328;0,01065336;-0,00782008
2015-02-11;-0,00116694;0,00058024;-0,00174718
2015-02-12;0,00401340;0,00961679;-0,00560339
2015-02-13;0,00534876;0,00411651;0,00123225
2015-02-17;-0,00264849;0,00157298;-0,00422147
2015-02-18;0,00002211;0,00009531;-0,00007320
2015-02-19;0,00098627;-0,00071402;0,00170029
2015-02-20;0,00053124;0,00600072;-0,00546948
2015-02-23;0,00063055;-0,00014211;0,00077265
2015-02-24;0,00195472;0,00284085;-0,00088613
2015-02-25;-0,00171833;-0,00085008;-0,00086825
2015-02-26;0,00344754;-0,00118110;0,00462864
2015-02-27;-0,00131344;-0,00340600;0,00209256
2015-03-02;0,00255886;0,00631334;-0,00375448
2015-03-03;-0,00341900;-0,00410395;0,00068495
2015-03-04;-0,00120861;-0,00421562;0,00300701
2015-03-05;0,00130322;0,00109380;0,00020942
2015-03-06;-0,00936139;-0,01406413;0,00470275
2015-03-09;-0,00036912;0,00414441;-0,00451353
2015-03-10;-0,01068712;-0,01622197;0,00553485
2015-03-11;-0,00033684;-0,00234159;0,00200475
2015-03-12;0,00439651;0,01271400;-0,00831749
2015-03-13;-0,00016591;-0,00613216;0,00596624
2015-03-16;0,00584441;0,01336042;-0,00751601
2015-03-17;-0,00070789;-0,00297214;0,00226425
2015-03-18;0,00924972;0,01202092;-0,00277120
2015-03-19;0,00079722;-0,00456115;0,00535837
2015-03-20;0,00477114;0,00882666;-0,00405551
2015-03-23;0,00152569;-0,00194815;0,00347384
2015-03-24;0,00113528;-0,00561933;0,00675461
2015-03-25;-0,01050804;-0,01465366;0,00414563
2015-03-26;0,00043770;-0,00238125;0,00281895
2015-03-27;-0,00162962;0,00228919;-0,00391881
2015-03-30;0,00455963;0,01220015;-0,00764052
2015-03-31;-0,00541781;-0,00873977;0,00332196
2015-04-01;0,00239432;-0,00353596;0,00593028
2015-04-02;0,00094677;0,00359732;-0,00265055
2015-04-07;0,00666103;-0,00264707;0,00930810
2015-04-08;-0,00196485;0,00337737;-0,00534223
2015-04-09;0,00234853;0,00442340;-0,00207486
2015-04-10;0,00739591;0,00545700;0,00193891
2015-04-13;-0,00244015;-0,00452265;0,00208250
2015-04-14;-0,00507221;0,00191357;-0,00698579
2015-04-15;0,00547685;0,00448641;0,00099044
2015-04-16;-0,00363437;-0,00028491;-0,00334946
2015-04-17;-0,00670308;-0,01150371;0,00480063
2015-04-20;0,00582769;0,00913717;-0,00330948
2015-04-21;0,00144419;-0,00119169;0,00263588
2015-04-22;-0,00190483;0,00491426;-0,00681908
2015-04-23;0,00330783;0,00251645;0,00079139
2015-04-24;-0,00110267;0,00231992;-0,00342259
2015-04-27;0,00564054;-0,00415788;0,00979841
2015-04-28;-0,00055932;0,00317931;-0,00373863
2015-04-29;-0,00624428;-0,00411452;-0,00212976
2015-04-30;-0,00730850;-0,01002070;0,00271221
2015-05-01;0,00592352;0,01084132;-0,00491780
2015-05-05;-0,00302960;-0,01145217;0,00842256
2015-05-06;-0,00409001;-0,00411692;0,00002691
2015-05-07;0,00069829;0,00399002;-0,00329173
2015-05-08;0,00565785;0,01316583;-0,00750798
2015-05-11;-0,00588753;-0,00477253;-0,00111499
2015-05-12;-0,00228553;-0,00299163;0,00070609
2015-05-13;0,00475264;0,00019058;0,00456206
2015-05-14;0,00746240;0,01042778;-0,00296538
2015-05-15;-0,00039135;0,00108381;-0,00147516
2015-05-18;0,00360989;0,00310670;0,00050318
2015-05-19;-0,00080913;-0,00032872;-0,00048041
2015-05-20;-0,00037446;-0,00070410;0,00032964
2015-05-21;-0,00042138;0,00291264;-0,00333402
2015-05-22;0,00175241;-0,00238873;0,00414114
2015-05-26;-0,00926906;-0,01075165;0,00148259
2015-05-27;0,00833832;0,00949213;-0,00115381
2015-05-28;-0,00020865;-0,00112860;0,00091995
2015-05-29;-0,00355805;-0,00621265;0,00265460
2015-06-01;0,00216708;0,00203671;0,00013037
2015-06-02;-0,00163212;-0,00099286;-0,00063926
2015-06-03;0,00077979;0,00264985;-0,00187005
2015-06-04;-0,00661199;-0,00844678;0,00183479
2015-06-05;-0,00264487;-0,00171313;-0,00093174
2015-06-08;-0,00417568;-0,00614968;0,00197399
2015-06-09;-0,00264025;-0,00014388;-0,00249638
2015-06-10;0,00752588;0,01199319;-0,00446731
2015-06-11;0,00056636;0,00322359;-0,00265722
2015-06-12;-0,00581483;-0,00765497;0,00184014
2015-06-15;-0,00278258;-0,00428536;0,00150278
2015-06-16;0,00079168;0,00545178;-0,00466011
2015-06-17;-0,00044434;0,00161698;-0,00206133
2015-06-18;0,00571065;0,01039929;-0,00468864
2015-06-19;-0,00284836;-0,00443900;0,00159064
2015-06-22;0,00406815;0,00512276;-0,00105461
2015-06-23;-0,00085947;0,00070826;-0,00156773
2015-06-24;-0,00204669;-0,00726294;0,00521624
2015-06-25;-0,00196328;-0,00304060;0,00107733
2015-06-26;-0,00336381;-0,00019038;-0,00317344
2015-06-29;-0,01036956;-0,02097037;0,01060082
2015-06-30;-0,00188335;0,00209309;-0,00397644
2015-07-01;0,00449304;0,00801568;-0,00352263
2015-07-02;-0,00013290;-0,00091588;0,00078298
2015-07-06;-0,00246325;-0,00284577;0,00038252
2015-07-07;-0,00331605;0,00628882;-0,00960487
2015-07-08;-0,00195219;-0,01677735;0,01482516
2015-07-09;0,00107951;0,00180914;-0,00072963
2015-07-10;0,00602720;0,01259120;-0,00656400
2015-07-13;0,00512388;0,01103766;-0,00591377
2015-07-14;0,00122030;0,00433781;-0,00311751
2015-07-15;-0,00143913;-0,00033219;-0,00110694
2015-07-16;0,00430107;0,00802421;-0,00372315
2015-07-17;0,00155183;0,00084802;0,00070381
2015-07-20;-0,00286455;0,00051741;-0,00338196
2015-07-21;-0,00285713;-0,00395124;0,00109410
2015-07-22;-0,00906890;-0,00179447;-0,00727442
2015-07-23;0,00042205;-0,00562992;0,00605197
2015-07-24;-0,00160340;-0,01037201;0,00876862
2015-07-27;-0,00714335;-0,00581713;-0,00132622
2015-07-28;0,00338361;0,01228282;-0,00889921
2015-07-29;0,00437044;0,00687881;-0,00250837
2015-07-30;-0,00088123;0,00023740;-0,00111863
2015-07-31;0,00199910;-0,00151773;0,00351683
2015-08-03;-0,00390791;-0,00337325;-0,00053466
2015-08-04;-0,00184655;-0,00195414;0,00010758
2015-08-05;0,00382411;0,00329550;0,00052862
2015-08-06;-0,00304203;-0,00818781;0,00514578
2015-08-07;0,00025267;-0,00192003;0,00217271
2015-08-10;0,00857357;0,01259953;-0,00402596
2015-08-11;-0,00670700;-0,00902343;0,00231644
2015-08-12;0,00000775;0,00119842;-0,00119067
2015-08-13;0,00066312;-0,00124447;0,00190758
2015-08-14;0,00097853;0,00364227;-0,00266374
2015-08-17;0,00314689;0,00558673;-0,00243984
2015-08-18;-0,00246200;-0,00289678;0,00043478
2015-08-19;-0,00243386;-0,00790543;0,00547158
2015-08-20;-0,00625111;-0,02088136;0,01463024
2015-08-21;-0,01606030;-0,03010230;0,01404200
2015-08-24;-0,02475360;-0,04210705;0,01735345
2015-08-25;0,00235606;-0,01176776;0,01412382
2015-08-26;0,00844011;0,03839400;-0,02995389
2015-08-27;0,01688161;0,02473487;-0,00785326
2015-08-28;0,00431800;0,00005033;0,00426767
2015-09-01;-0,01753252;-0,02984752;0,01231500
2015-09-02;0,00582701;0,01898092;-0,01315391
2015-09-03;0,00435842;0,00071714;0,00364128
2015-09-04;-0,01037765;-0,01513720;0,00475955
2015-09-08;0,00893588;0,02513118;-0,01619530
2015-09-09;-0,00403535;-0,01337202;0,00933668
2015-09-10;-0,00095699;0,00544175;-0,00639874
2015-09-11;0,00138022;0,00454482;-0,00316460
2015-09-14;0,00001076;-0,00371113;0,00372189
2015-09-15;0,00509404;0,01249971;-0,00740567
2015-09-16;0,00500493;0,00866661;-0,00366168
2015-09-17;0,00102042;-0,00224808;0,00326850
2015-09-18;-0,00710672;-0,01634133;0,00923461
2015-09-21;0,00294602;0,00516765;-0,00222163
2015-09-22;-0,01056194;-0,01298014;0,00241820
2015-09-23;0,00405368;-0,00159818;0,00565185
2015-09-24;0,00035133;-0,00361602;0,00396735
2015-09-25;0,00588258;-0,00025900;0,00614158
2015-09-28;-0,01608583;-0,02509712;0,00901128
2015-09-29;-0,00288874;0,00058472;-0,00347346
2015-09-30;0,00715517;0,01865845;-0,01150328
2015-10-01;-0,00036566;0,00260892;-0,00297458
2015-10-02;0,00852535;0,01493797;-0,00641262
2015-10-05;0,01364599;0,01779482;-0,00414883
2015-10-06;0,00357972;-0,00342610;0,00700582
2015-10-07;-0,00092689;0,00819055;-0,00911744
2015-10-08;0,00235000;0,00902674;-0,00667674
2015-10-09;0,00787167;0,00059604;0,00727563
2015-10-12;-0,00005360;0,00094422;-0,00099782
2015-10-13;0,00135326;-0,00630263;0,00765589
2015-10-14;-0,00211737;-0,00479375;0,00267638
2015-10-15;0,00415255;0,01535453;-0,01120197
2015-10-16;0,00147465;0,00454623;-0,00307158
2015-10-19;-0,00092115;0,00049237;-0,00141352
2015-10-20;0,00140571;-0,00127835;0,00268406
2015-10-21;-0,00441303;-0,00620363;0,00179060
2015-10-22;0,00894742;0,01689372;-0,00794630
2015-10-23;0,01152691;0,01096148;0,00056543
2015-10-26;-0,00161585;-0,00245770;0,00084185
2015-10-27;-0,00205476;-0,00193232;-0,00012244
2015-10-28;0,00512166;0,01137456;-0,00625290
2015-10-29;-0,00339219;-0,00057423;-0,00281796
2015-10-30;-0,00526298;-0,00430960;-0,00095338
2015-11-02;0,00227938;0,01183068;-0,00955131
2015-11-03;-0,00024520;0,00289951;-0,00314471
2015-11-04;-0,00155224;-0,00303342;0,00148118
2015-11-05;0,00024246;-0,00099829;0,00124074
2015-11-06;-0,00039670;-0,00052364;0,00012694
2015-11-09;-0,00535546;-0,00933125;0,00397578
2015-11-10;-0,00244515;0,00230703;-0,00475218
2015-11-11;-0,00071925;-0,00393194;0,00321269
2015-11-12;-0,00521089;-0,01395950;0,00874861
2015-11-13;-0,00966587;-0,01122857;0,00156270
2015-11-16;0,00436791;0,01520685;-0,01083894
2015-11-17;0,00199458;-0,00072927;0,00272385
2015-11-18;0,00453579;0,01586593;-0,01133014
2015-11-19;0,00499085;-0,00086198;0,00585283
2015-11-20;0,00377381;0,00364377;0,00013004
2015-11-23;-0,00286731;-0,00114648;-0,00172083
2015-11-24;0,00099169;0,00133929;-0,00034761
2015-11-25;-0,00138286;-0,00014315;-0,00123971
2015-11-27;-0,00034581;0,00114625;-0,00149206
2015-11-30;0,00097202;-0,00415141;0,00512343
2015-12-01;0,00429012;0,00953538;-0,00524527
2015-12-02;-0,00270682;-0,01020444;0,00749762
2015-12-03;-0,00632674;-0,01400317;0,00767643
2015-12-04;0,01064009;0,01950327;-0,00886317
2015-12-07;-0,00462750;-0,00605882;0,00143132
2015-12-08;-0,00069543;-0,00671944;0,00602401
2015-12-09;-0,00746098;-0,00777954;0,00031857
2015-12-10;-0,00031173;0,00258103;-0,00289276
2015-12-11;-0,01016984;-0,01938117;0,00921133
2015-12-14;-0,00224727;0,00505221;-0,00729949
2015-12-15;0,00727741;0,01049791;-0,00322050
2015-12-16;0,00833248;0,01463215;-0,00629967
2015-12-17;-0,00624677;-0,01523798;0,00899120
2015-12-18;-0,00631249;-0,01781528;0,01150279
2015-12-21;0,00460205;0,00824894;-0,00364689
2015-12-22;0,00336527;0,00907453;-0,00570925
2015-12-23;0,00541866;0,01238323;-0,00696457
2015-12-24;0,00094153;-0,00165022;0,00259174
2015-12-29;0,00635305;0,01067200;-0,00431895
2015-12-30;-0,00517187;-0,00708806;0,00191619
2015-12-31;-0,00571132;-0,01000319;0,00429187
2016-01-04;-0,00677605;-0,01397920;0,00720315
2016-01-05;0,00176496;0,00169117;0,00007379
2016-01-06;-0,00190020;-0,01261416;0,01071396
2016-01-07;-0,00891279;-0,02399185;0,01507907
2016-01-08;-0,00666404;-0,01097610;0,00431206
2016-01-11;-0,00220029;0,00098947;-0,00318975
2016-01-12;0,00588415;0,00806844;-0,00218429
2016-01-13;-0,00661515;-0,02494056;0,01832541
2016-01-14;-0,00093792;0,01641678;-0,01735470
2016-01-15;-0,00866031;-0,02146591;0,01280559
2016-01-19;0,00471209;0,00133116;0,00338092
2016-01-20;-0,00877056;-0,01281524;0,00404468
2016-01-21;0,00677767;0,00560197;0,00117570
2016-01-22;0,00921789;0,02051510;-0,01129720
2016-01-25;-0,00057357;-0,01511654;0,01454296
2016-01-26;0,00463952;0,01364318;-0,00900366
2016-01-27;-0,00292911;-0,01088311;0,00795400
2016-01-28;-0,00251096;0,00520910;-0,00772006
2016-01-29;0,01678762;0,02437768;-0,00759006
2016-02-01;0,00211804;-0,00036186;0,00247989
2016-02-02;-0,00879587;-0,01802195;0,00922608
2016-02-03;-0,00368712;0,00599498;-0,00968209
2016-02-04;0,00618357;0,00156810;0,00461547
2016-02-05;-0,00669901;-0,01905030;0,01235130
2016-02-08;-0,00557828;-0,01346092;0,00788264
2016-02-09;-0,00292038;0,00005378;-0,00297417
2016-02-10;0,00324639;-0,00086256;0,00410894
2016-02-11;0,00361315;-0,01300794;0,01662109
2016-02-12;0,00627617;0,02061716;-0,01434099
2016-02-16;0,00451126;0,01687767;-0,01236641
2016-02-17;0,01285602;0,01633461;-0,00347859
2016-02-18;0,00444272;-0,00409534;0,00853806
2016-02-19;-0,00238017;-0,00046848;-0,00191169
2016-02-22;0,00680543;0,01447899;-0,00767356
2016-02-23;-0,00289153;-0,01262930;0,00973777
2016-02-24;0,00059296;0,00457509;-0,00398213
2016-02-25;0,00972991;0,01211222;-0,00238231
2016-02-26;0,00143242;-0,00230152;0,00373394
2016-02-29;-0,00025830;-0,00784221;0,00758391
2016-03-01;0,00851260;0,02350687;-0,01499427
2016-03-02;0,00246505;0,00449235;-0,00202731
2016-03-03;0,00261846;0,00391982;-0,00130136
2016-03-04;0,00329186;0,00325322;0,00003864
2016-03-07;-0,00138242;0,00079809;-0,00218052
2016-03-08;-0,00465540;-0,01091753;0,00626213
2016-03-09;0,00148407;0,00493964;-0,00345557
2016-03-10;0,00063669;0,00080211;-0,00016543
2016-03-11;0,00401468;0,01613729;-0,01212261
2016-03-14;-0,00137264;-0,00128220;-0,00009044
2016-03-15;0,00238252;-0,00162957;0,00401208
2016-03-16;0,00962589;0,00578692;0,00383897
2016-03-17;-0,00275228;0,00634438;-0,00909666
2016-03-18;0,00102388;0,00392926;-0,00290538
2016-03-21;0,00042423;0,00141890;-0,00099467
2016-03-22;0,00447358;-0,00053711;0,00501069
2016-03-23;-0,00639336;-0,00659952;0,00020617
2016-03-24;-0,00348543;-0,00044305;-0,00304238
2016-03-29;0,00724622;0,00925006;-0,00200385
2016-03-30;0,00156383;0,00438776;-0,00282392
2016-03-31;-0,00030853;-0,00242670;0,00211817
2016-04-01;0,00273884;0,00681174;-0,00407290
2016-04-04;-0,00376559;-0,00323815;-0,00052744
2016-04-05;-0,00066228;-0,00998732;0,00932505
2016-04-06;0,00356717;0,01092081;-0,00735364
2016-04-07;-0,00208145;-0,01196590;0,00988445
2016-04-08;0,00154524;0,00269678;-0,00115153
2016-04-11;0,00033330;-0,00234727;0,00268057
2016-04-12;0,00335896;0,00931302;-0,00595406
2016-04-13;0,00432727;0,01010100;-0,00577373
2016-04-14;-0,00043337;0,00004796;-0,00048133
2016-04-15;-0,00105831;-0,00110579;0,00004747
2016-04-18;0,00030730;0,00702666;-0,00671937
2016-04-19;0,00236448;0,00315440;-0,00078992
2016-04-20;0,00049061;0,00095300;-0,00046238
2016-04-21;0,00016503;-0,00537845;0,00554349
2016-04-22;-0,01047882;0,00000000;-0,01047882
2016-04-25;-0,00231962;-0,00172318;-0,00059644
2016-04-26;-0,00076595;0,00148602;-0,00225197
2016-04-27;-0,00009296;0,00205861;-0,00215157
2016-04-28;0,00006629;-0,00907591;0,00914220
2016-04-29;-0,00284888;-0,00539881;0,00254994
2016-05-03;-0,00104245;-0,00870314;0,00766069
2016-05-04;-0,00283303;-0,00557811;0,00274508
2016-05-05;-0,00033959;-0,00019543;-0,00014417
2016-05-06;0,00436056;0,00365919;0,00070138
2016-05-09;-0,00366282;0,00082662;-0,00448944
2016-05-10;0,00631736;0,01243354;-0,00611619
2016-05-11;-0,00030303;-0,00935464;0,00905161
2016-05-12;-0,00486544;0,00029046;-0,00515589
2016-05-13;0,00247895;-0,00871416;0,01119311
2016-05-16;0,00373780;0,00986530;-0,00612750
2016-05-17;-0,00361319;-0,00933370;0,00572051
2016-05-18;-0,00647242;0,00029280;-0,00676522
2016-05-19;-0,00516584;-0,00346509;-0,00170075
2016-05-20;0,00743589;0,00631778;0,00111810
2016-05-23;-0,00029010;-0,00136269;0,00107258
2016-05-24;0,00136353;0,01296226;-0,01159874
2016-05-25;0,00226351;0,00678307;-0,00451956
2016-05-26;0,00078066;0,00028677;0,00049389
2016-05-27;0,00124249;0,00429931;-0,00305681
2016-05-31;0,00256231;-0,00190282;0,00446513
2016-06-01;0,00059100;0,00204941;-0,00145841
2016-06-02;-0,00115245;0,00304372;-0,00419617
2016-06-03;0,00412169;-0,00298727;0,00710896
2016-06-06;0,00449009;0,00508862;-0,00059852
2016-06-07;0,00075156;0,00156150;-0,00080994
2016-06-08;0,00434197;0,00325933;0,00108264
2016-06-09;0,00079973;-0,00136551;0,00216525
2016-06-10;-0,00191973;-0,00947742;0,00755769
2016-06-13;-0,00196930;-0,00771183;0,00574253
2016-06-14;-0,00092806;-0,00196676;0,00103870
2016-06-15;0,00155879;-0,00139376;0,00295255
2016-06-16;-0,00256392;0,00298443;-0,00554835
2016-06-17;-0,00091502;-0,00372461;0,00280959
2016-06-20;-0,00100642;0,00644001;-0,00744643
2016-06-21;-0,00226974;0,00283872;-0,00510847
2016-06-22;-0,00065687;-0,00163114;0,00097427
2016-06-23;0,00289160;0,01302257;-0,01013097
2016-06-24;0,01090318;-0,03590912;0,04681230
2016-06-27;-0,00416626;-0,01790995;0,01374370
2016-06-28;0,00412819;0,01803626;-0,01390807
2016-06-29;0,00802761;0,01702742;-0,00899981
2016-06-30;0,01128405;0,01364570;-0,00236165
2016-07-01;0,00754643;0,00210029;0,00544614
2016-07-05;0,00161354;-0,00719314;0,00880668
2016-07-06;0,00448025;0,00599775;-0,00151750
2016-07-07;0,00075983;-0,00062012;0,00137995
2016-07-08;0,00812638;0,01489079;-0,00676441
2016-07-11;0,00219085;0,00352656;-0,00133571
2016-07-12;-0,00464548;0,00726345;-0,01190893
2016-07-13;0,00280751;-0,00013942;0,00294694
2016-07-14;-0,00106713;0,00558345;-0,00665058
2016-07-15;0,00028048;-0,00134176;0,00162224
2016-07-18;0,00150942;0,00268704;-0,00117761
2016-07-19;0,00176397;-0,00101648;0,00278045
2016-07-20;0,00184843;0,00416292;-0,00231449
2016-07-21;0,00053709;-0,00377707;0,00431416
2016-07-22;0,00219568;0,00448508;-0,00228940
2016-07-25;-0,00317632;-0,00271594;-0,00046038
2016-07-26;0,00184902;0,00046154;0,00138749
2016-07-27;0,00673360;-0,00106091;0,00779451
2016-07-28;-0,00156142;0,00115445;-0,00271588
2016-07-29;0,00279069;0,00161473;0,00117596
2016-08-01;0,00268282;-0,00082917;0,00351198
2016-08-02;-0,00539358;-0,00640730;0,00101372
2016-08-03;-0,00050384;0,00292297;-0,00342681
2016-08-04;0,00708364;0,00106363;0,00602002
2016-08-05;0,00244300;0,00817907;-0,00573607
2016-08-08;0,00041522;-0,00059599;0,00101121
2016-08-09;0,00406821;0,00059634;0,00347186
2016-08-10;-0,00056427;-0,00247509;0,00191082
2016-08-11;0,00210873;0,00464064;-0,00253191
2016-08-12;-0,00038795;-0,00086900;0,00048105
2016-08-15;0,00470445;0,00288371;0,00182074
2016-08-16;-0,00467796;-0,00515749;0,00047953
2016-08-17;-0,00235879;0,00188132;-0,00424012
2016-08-18;0,00016555;0,00224398;-0,00207843
2016-08-19;-0,00081064;-0,00146246;0,00065182
2016-08-22;-0,00228747;-0,00004549;-0,00224198
2016-08-23;0,00185580;0,00201315;-0,00015735
2016-08-24;-0,00559095;-0,00511483;-0,00047612
2016-08-25;0,00030489;-0,00068857;0,00099347
2016-08-26;0,00064329;-0,00188324;0,00252653
2016-08-30;-0,00095991;-0,00164867;0,00068876
2016-08-31;-0,00278947;-0,00284394;0,00005447
2016-09-01;-0,00213084;0,00004574;-0,00217658
2016-09-02;0,00669968;0,00450836;0,00219132
2016-09-06;0,00358396;0,00302214;0,00056183
2016-09-07;0,00189406;-0,00009111;0,00198517
2016-09-08;-0,00300930;-0,00228323;-0,00072607
2016-09-09;-0,01085395;-0,02393477;0,01308082
2016-09-12;0,00048790;0,01434736;-0,01385946
2016-09-13;-0,00282832;-0,01437560;0,01154729
2016-09-14;0,00236241;-0,00037519;0,00273760
2016-09-15;0,00464490;0,00999313;-0,00534823
2016-09-16;-0,00098135;-0,00386574;0,00288439
2016-09-19;0,00266993;0,00018778;0,00248215
2016-09-20;0,00194456;0,00004652;0,00189804
2016-09-21;0,00757714;0,01124540;-0,00366826
2016-09-22;0,00404308;0,00630157;-0,00225849
2016-09-23;-0,00026919;-0,00547919;0,00521000
2016-09-26;-0,00546665;-0,00810221;0,00263556
2016-09-27;0,00152512;0,00620778;-0,00468266
2016-09-28;0,00020271;0,00496376;-0,00476105
2016-09-29;-0,00038398;-0,00904714;0,00866316
2016-09-30;0,00044475;0,00754608;-0,00710133
2016-10-03;0,00168736;-0,00240412;0,00409148
2016-10-04;-0,00570697;-0,00509770;-0,00060928
2016-10-05;0,00038888;0,00442493;-0,00403606
2016-10-06;-0,00027830;0,00069580;-0,00097411
2016-10-07;0,00374314;-0,00342927;0,00717242
2016-10-10;0,00557612;0,00520823;0,00036789
2016-10-11;-0,00428992;-0,01262990;0,00833998
2016-10-12;0,00065862;0,00131217;-0,00065355
2016-10-13;-0,00345292;-0,00327543;-0,00017749
2016-10-14;0,00256125;0,00051652;0,00204473
2016-10-17;-0,00159589;-0,00347249;0,00187661
2016-10-18;0,00218223;0,00626248;-0,00408026
2016-10-19;0,00333942;0,00266736;0,00067206
2016-10-20;-0,00218719;-0,00186675;-0,00032044
2016-10-21;0,00173141;0,00046716;0,00126425
2016-10-24;0,00389605;0,00425275;-0,00035670
2016-10-25;0,00081010;-0,00335033;0,00416043
2016-10-26;-0,00469330;-0,00200769;-0,00268561
2016-10-27;0,00083524;-0,00266707;0,00350231
2016-10-28;0,00136821;-0,00295538;0,00432359
2016-10-31;-0,00187209;0,00004696;-0,00191906
2016-11-01;-0,00393721;-0,00724520;0,00330798
2016-11-02;-0,00315297;-0,00601841;0,00286543
2016-11-03;-0,00580477;-0,00457742;-0,00122735
2016-11-04;-0,00248424;-0,00110177;-0,00138247
2016-11-07;0,00787958;0,02205745;-0,01417787
2016-11-08;0,00218006;0,00450361;-0,00232355
2016-11-09;-0,00131524;0,01060206;-0,01191730
2016-11-10;-0,00859011;0,00249557;-0,01108568
2016-11-11;-0,00640433;-0,00230482;-0,00409951
2016-11-14;-0,00298116;0,00078550;-0,00376667
2016-11-15;0,00811122;0,00780253;0,00030869
2016-11-16;0,00138062;-0,00187811;0,00325873
2016-11-17;0,00188716;0,00514066;-0,00325350
2016-11-18;0,00005840;-0,00223713;0,00229552
2016-11-21;0,00154959;0,00755078;-0,00600120
2016-11-22;0,00226108;0,00195356;0,00030752
2016-11-23;-0,00574053;0,00054363;-0,00628416
2016-11-25;0,00144726;0,00371583;-0,00226857
2016-11-28;0,00241362;-0,00469478;0,00710840
2016-11-29;-0,00206869;0,00195007;-0,00401876
2016-11-30;-0,00574845;-0,00239897;-0,00334948
2016-12-01;-0,00969922;-0,00367553;-0,00602368
2016-12-02;-0,00031120;0,00050100;-0,00081220
2016-12-05;0,00293411;0,00600886;-0,00307475
2016-12-06;0,00117868;0,00316738;-0,00198870
2016-12-07;0,01076226;0,01308045;-0,00231818
2016-12-08;0,00443019;0,00244907;0,00198111
2016-12-09;0,00088378;0,00604020;-0,00515642
2016-12-12;-0,00234383;-0,00114796;-0,00119587
2016-12-13;0,00507575;0,00667437;-0,00159862
2016-12-14;-0,00461081;-0,00825422;0,00364340
2016-12-15;0,00424804;0,00411723;0,00013080
2016-12-16;-0,00363280;-0,00195615;-0,00167665
2016-12-19;0,00530840;0,00217753;0,00313086
2016-12-20;0,00204492;0,00385756;-0,00181264
2016-12-21;-0,00086518;-0,00278250;0,00191732
2016-12-22;-0,00082601;-0,00172754;0,00090153
2016-12-23;0,00215536;0,00146417;0,00069118
2016-12-28;0,00102593;-0,00826459;0,00929052
2016-12-29;0,00139086;-0,00022251;0,00161338
2016-12-30;-0,00415292;-0,00365528;-0,00049763
2017-01-03;0,00542151;0,00765002;-0,00222852
2017-01-04;0,00359807;0,00594955;-0,00235147
2017-01-05;0,00124764;-0,00079460;0,00204225
2017-01-06;0,00409187;0,00357797;0,00051391
2017-01-09;0,00485865;-0,00330100;0,00815965
2017-01-10;0,00136592;0,00000000;0,00136592
2017-01-11;0,00200795;0,00282589;-0,00081794
2017-01-12;-0,00227243;-0,00250990;0,00023747
2017-01-13;0,00456378;0,00229579;0,00226799
2017-01-17;-0,00423754;-0,00352387;-0,00071367
2017-01-18;0,00005968;0,00221021;-0,00215053
2017-01-19;-0,00109240;-0,00370466;0,00261226
2017-01-20;0,00262873;0,00367412;-0,00104540
2017-01-23;-0,00278986;-0,00260234;-0,00018751
2017-01-24;0,00160182;0,00641192;-0,00481011
2017-01-25;0,00270066;0,00865560;-0,00595495
2017-01-26;-0,00234357;-0,00104552;-0,00129805
2017-01-27;0,00194876;-0,00156969;0,00351844
2017-01-30;-0,00395361;-0,00620179;0,00224818
2017-01-31;-0,00010625;-0,00008791;-0,00001834
2017-02-01;0,00093643;0,00039545;0,00054098
2017-02-02;0,00370245;0,00065926;0,00304319
2017-02-03;0,00536591;0,00689274;-0,00152683
2017-02-06;0,00289523;-0,00178764;0,00468288
2017-02-07;0,00001510;0,00004350;-0,00002840
2017-02-08;0,00057244;0,00131045;-0,00073801
2017-02-09;0,00136161;0,00593253;-0,00457092
2017-02-10;0,00283677;0,00394617;-0,00110940
2017-02-13;0,00160162;0,00544293;-0,00384131
2017-02-14;0,00157888;0,00399517;-0,00241628
2017-02-15;0,00388725;0,00522027;-0,00133302
2017-02-16;0,00111150;-0,00085132;0,00196282
2017-02-17;0,00162738;0,00157644;0,00005094
2017-02-21;0,00239119;0,00595494;-0,00356375
2017-02-22;0,00092179;-0,00088770;0,00180949
2017-02-23;-0,00042759;0,00067709;-0,00110468
2017-02-24;0,00233359;0,00126896;0,00106463
2017-02-27;0,00027609;0,00156284;-0,00128675
2017-02-28;-0,00034156;-0,00269911;0,00235755
2017-03-01;0,00980556;0,01399733;-0,00419177
2017-03-02;-0,00443285;-0,00629721;0,00186436
2017-03-03;0,00044905;0,00062935;-0,00018030
2017-03-06;-0,00204225;-0,00297791;0,00093566
2017-03-07;-0,00065339;-0,00298696;0,00233357
2017-03-08;0,00002137;-0,00185622;0,00187759
2017-03-09;-0,00152313;0,00126817;-0,00279130
2017-03-10;0,00345568;0,00350404;-0,00004836
2017-03-13;-0,00113600;0,00050483;-0,00164083
2017-03-14;-0,00118008;-0,00382653;0,00264644
2017-03-15;0,00554164;0,00865336;-0,00311172
2017-03-16;0,00013264;-0,00196691;0,00209955
2017-03-17;0,00033874;-0,00175628;0,00209502
2017-03-20;0,00146053;-0,00109665;0,00255717
2017-03-21;-0,00780412;-0,01283959;0,00503548
2017-03-22;0,00113929;0,00235288;-0,00121359
2017-03-23;-0,00060885;-0,00106697;0,00045813
2017-03-24;0,00104796;-0,00072647;0,00177443
2017-03-27;-0,00211669;-0,00102627;-0,00109042
2017-03-28;0,00493764;0,00727704;-0,00233940
2017-03-29;0,00372509;0,00093473;0,00279036
2017-03-30;-0,00148548;0,00318425;-0,00466973
2017-03-31;-0,00154978;-0,00232754;0,00077776
2017-04-03;-0,00019119;-0,00173921;0,00154803
2017-04-04;0,00185297;0,00063722;0,00121574
2017-04-05;-0,00070073;-0,00297266;0,00227194
2017-04-06;-0,00180543;0,00281088;-0,00461631
2017-04-07;0,00181510;-0,00101908;0,00283418
2017-04-10;-0,00045503;0,00059520;-0,00105022
2017-04-11;-0,00176148;-0,00118961;-0,00057187
2017-04-12;0,00070323;-0,00438200;0,00508523
2017-04-13;-0,00092752;-0,00649485;0,00556733
2017-04-18;-0,00321130;-0,00298427;-0,00022703
2017-04-19;-0,00251239;-0,00183859;-0,00067380
2017-04-20;0,00323899;0,00813891;-0,00489991
2017-04-21;0,00099080;-0,00318681;0,00417761
2017-04-24;0,00661448;0,01099797;-0,00438349
2017-04-25;0,00019714;0,00581868;-0,00562154
2017-04-26;0,00151430;-0,00062877;0,00214307
2017-04-27;-0,00248954;0,00083859;-0,00332813
2017-04-28;0,00084891;-0,00217923;0,00302814
2017-05-02;0,00246861;0,00037704;0,00209156
2017-05-03;-0,00347349;-0,00121456;-0,00225893
2017-05-04;-0,00103624;0,00117402;-0,00221026
2017-05-05;0,00115050;0,00393711;-0,00278661
2017-05-08;0,00154460;-0,00016700;0,00171160
2017-05-09;-0,00036421;-0,00091788;0,00055367
2017-05-10;0,00132961;0,00179582;-0,00046621
2017-05-11;0,00036434;-0,00204281;0,00240715
2017-05-12;0,00233360;-0,00167091;0,00400450
2017-05-15;0,00330454;0,00552376;-0,00221922
2017-05-16;0,00288644;-0,00091580;0,00380224
2017-05-17;-0,00854581;-0,01774401;0,00919820
2017-05-18;-0,00223534;0,00402861;-0,00626395
2017-05-19;0,00470767;0,00650403;-0,00179637
2017-05-22;0,00497370;0,00507742;-0,00010372
2017-05-23;0,00013001;0,00221270;-0,00208269
2017-05-24;0,00326881;0,00233283;0,00093599
2017-05-25;0,00322994;0,00477944;-0,00154950
2017-05-26;0,00496019;-0,00020644;0,00516663
2017-05-30;-0,00161879;-0,00086922;-0,00074956
2017-05-31;-0,00042903;-0,00024830;-0,00018073
2017-06-01;0,00228731;0,00795231;-0,00566500
2017-06-02;0,00680136;0,00332862;0,00347274
2017-06-05;-0,00042630;-0,00073734;0,00031105
2017-06-06;0,00170077;-0,00319689;0,00489766
2017-06-07;-0,00177711;0,00185009;-0,00362720
2017-06-08;-0,00029547;0,00049264;-0,00078811
2017-06-09;-0,00361796;-0,00151758;-0,00210039
2017-06-12;-0,00260446;-0,00020562;-0,00239883
2017-06-13;0,00249106;0,00488992;-0,00239887
2017-06-14;-0,00337247;-0,00126781;-0,00210466
2017-06-15;-0,00402211;-0,00192435;-0,00209776
2017-06-16;-0,00050804;0,00021849;-0,00072653
2017-06-19;0,00696761;0,00832529;-0,00135768
2017-06-20;-0,00147321;-0,00674395;0,00527074
2017-06-21;0,00021082;-0,00024723;0,00045805
2017-06-22;0,00165685;-0,00045280;0,00210966
2017-06-23;0,00106450;0,00119419;-0,00012969
2017-06-26;-0,00303272;0,00065834;-0,00369106
2017-06-27;-0,00559774;-0,00805646;0,00245873
2017-06-28;0,00122038;0,00895072;-0,00773035
2017-06-29;-0,00965393;-0,00878905;-0,00086488
2017-06-30;-0,00160929;0,00186447;-0,00347376
2017-07-03;-0,00256146;0,00169567;-0,00425714
2017-07-05;0,00351013;0,00231211;0,00119802
2017-07-06;-0,00515610;-0,00914467;0,00398857
2017-07-07;0,00339254;0,00648528;-0,00309274
2017-07-10;0,00366683;0,00107387;0,00259296
2017-07-11;0,00084741;-0,00074262;0,00159003
2017-07-12;0,00732196;0,00751465;-0,00019270
2017-07-13;-0,00040855;0,00168017;-0,00208872
2017-07-14;0,00196862;0,00466415;-0,00269553
2017-07-17;0,00259516;-0,00012183;0,00271699
2017-07-18;0,00301404;0,00052928;0,00248476
2017-07-19;0,00234643;0,00541416;-0,00306773
2017-07-20;0,00319548;0,00044533;0,00275015
2017-07-21;0,00098025;-0,00089040;0,00187065
2017-07-24;-0,00090209;-0,00024314;-0,00065895
2017-07-25;0,00001157;0,00243110;-0,00241953
2017-07-26;0,00229447;0,00004023;0,00225424
2017-07-27;-0,00142526;-0,00092951;-0,00049575
2017-07-28;-0,00092699;-0,00117299;0,00024599
2017-07-31;-0,00215938;-0,00056734;-0,00159204
2017-08-01;0,00175788;0,00222898;-0,00047110
2017-08-02;-0,00031753;0,00048512;-0,00080266
2017-08-03;0,00205920;-0,00193984;0,00399904
2017-08-04;0,00182672;0,00182233;0,00000439
2017-08-07;0,00227006;0,00185918;0,00041088
2017-08-08;0,00162282;-0,00246111;0,00408393
2017-08-09;-0,00098709;-0,00004019;-0,00094690
2017-08-10;-0,00620041;-0,01411554;0,00791513
2017-08-11;0,00132521;0,00147699;-0,00015178
2017-08-14;0,00674422;0,00991316;-0,00316895
2017-08-15;0,00143805;-0,00012163;0,00155968
2017-08-16;0,00343109;0,00174439;0,00168670
2017-08-17;-0,00720353;-0,01559109;0,00838755
2017-08-18;-0,00201482;-0,00156296;-0,00045187
2017-08-21;-0,00116676;0,00078281;-0,00194957
2017-08-22;0,00742175;0,01045690;-0,00303516
2017-08-23;0,00112686;-0,00358533;0,00471219
2017-08-24;-0,00171388;-0,00233067;0,00061679
2017-08-25;0,00002012;0,00233611;-0,00231600
2017-08-29;0,00238984;0,00114483;0,00124501
2017-08-30;0,00360916;0,00473763;-0,00112847
2017-08-31;0,00692163;0,00601627;0,00090536
2017-09-01;-0,00068504;0,00141394;-0,00209898
2017-09-05;-0,00335898;-0,00718197;0,00382300
2017-09-06;-0,00149440;0,00341362;-0,00490802
2017-09-07;0,00345751;-0,00012138;0,00357889
2017-09-08;-0,00441060;-0,00117441;-0,00323619
2017-09-11;0,00383453;0,01066581;-0,00683128
2017-09-12;0,00038798;0,00337068;-0,00298270
2017-09-13;-0,00074698;0,00047983;-0,00122681
2017-09-14;-0,00414554;-0,00031966;-0,00382587
2017-09-15;-0,00362460;0,00134603;-0,00497062
2017-09-18;0,00082307;0,00212702;-0,00130395
2017-09-19;0,00206954;0,00100109;0,00106845
2017-09-20;-0,00330501;0,00036013;-0,00366514
2017-09-21;-0,00368385;-0,00267943;-0,00100442
2017-09-22;0,00164825;0,00020041;0,00144784
2017-09-25;-0,00182791;-0,00204456;0,00021665
2017-09-26;-0,00015013;0,00060235;-0,00075248
2017-09-27;0,00220808;0,00389458;-0,00168650
2017-09-28;0,00073868;0,00119965;-0,00046097
2017-09-29;0,00351652;0,00351503;0,00000149
2017-10-02;0,00263961;0,00433883;-0,00169922
2017-10-03;0,00216659;0,00214010;0,00002649
2017-10-04;0,00016232;0,00118632;-0,00102400
2017-10-05;0,00608261;0,00592513;0,00015748
2017-10-06;0,00290611;-0,00113863;0,00404474
2017-10-09;0,00108810;-0,00165131;0,00273941
2017-10-10;-0,00043535;0,00263832;-0,00307367
2017-10-11;0,00254540;0,00157072;0,00097469
2017-10-12;0,00028850;-0,00148968;0,00177818
2017-10-13;0,00116330;0,00121734;-0,00005404
2017-10-16;0,00032425;0,00133344;-0,00100919
2017-10-17;0,00045861;0,00070539;-0,00024678
2017-10-18;0,00043776;0,00097849;-0,00054073
2017-10-19;-0,00060118;0,00027354;-0,00087472
2017-10-20;0,00181869;0,00516048;-0,00334179
2017-10-23;-0,00051726;-0,00388913;0,00337187
2017-10-24;0,00108093;0,00175680;-0,00067587
2017-10-25;-0,00649535;-0,00495011;-0,00154524
2017-10-26;0,00285731;0,00129259;0,00156472
2017-10-27;0,01172571;0,00817659;0,00354911
2017-10-30;-0,00097696;-0,00372545;0,00274849
2017-10-31;0,00021724;0,00155823;-0,00134099
2017-11-01;0,00176703;0,00132197;0,00044506
2017-11-02;0,00455581;0,00038835;0,00416745
2017-11-03;0,00182192;0,00333885;-0,00151693
2017-11-06;0,00160893;0,00154764;0,00006129
2017-11-07;-0,00099470;-0,00069562;-0,00029909
2017-11-08;0,00370042;0,00170112;0,00199930
2017-11-09;-0,00394741;-0,00362785;-0,00031956
2017-11-10;-0,00369227;-0,00030985;-0,00338242
2017-11-13;0,00217740;0,00092984;0,00124756
2017-11-14;-0,00095868;-0,00232247;0,00136379
2017-11-15;-0,00469128;-0,00500532;0,00031404
2017-11-16;0,00591023;0,00850102;-0,00259078
2017-11-17;-0,00092936;-0,00293869;0,00200934
2017-11-20;-0,00121586;0,00170640;-0,00292225
2017-11-21;0,00607108;0,00654295;-0,00047187
2017-11-22;0,00002835;-0,00088454;0,00091289
2017-11-24;0,00162255;0,00230948;-0,00068693
2017-11-27;0,00022241;-0,00049921;0,00072162
2017-11-28;0,00431743;0,01014466;-0,00582723
2017-11-29;-0,01243302;-0,00060849;-0,01182453
2017-11-30;0,00128581;0,00875490;-0,00746909
2017-12-01;-0,00355487;-0,00207533;-0,00147954
2017-12-04;-0,00213003;-0,00120992;-0,00092010
2017-12-05;-0,00171508;-0,00359653;0,00188145
2017-12-06;0,00146380;0,00018977;0,00127403
2017-12-07;-0,00050851;0,00315324;-0,00366175
2017-12-08;0,00367275;0,00545296;-0,00178020
2017-12-11;0,00369009;0,00301324;0,00067685
2017-12-12;0,00196789;0,00176469;0,00020321
2017-12-13;0,00113122;-0,00011250;0,00124372
2017-12-14;-0,00283009;-0,00408613;0,00125604
2017-12-15;0,00699914;0,00832744;-0,00132830
2017-12-18;0,00469623;0,00634096;-0,00164473
2017-12-19;-0,00153171;-0,00384014;0,00230843
2017-12-20;-0,00166052;-0,00052435;-0,00113617
2017-12-21;0,00186318;0,00205996;-0,00019678
2017-12-22;0,00030583;-0,00026164;0,00056747
2017-12-27;0,00024688;0,00048665;-0,00023977
2017-12-28;0,00051067;0,00205727;-0,00154660
2017-12-29;-0,00073876;-0,00377018;0,00303142
2018-01-02;0,00457294;0,00715721;-0,00258427
2018-01-03;0,00582529;0,00632489;-0,00049960
2018-01-04;0,00472045;0,00421526;0,00050519
2018-01-05;0,00401761;0,00666396;-0,00264634
2018-01-08;0,00179572;0,00182842;-0,00003270
2018-01-09;0,00049057;0,00226335;-0,00177278
2018-01-10;-0,00170504;-0,00152962;-0,00017542
2018-01-11;0,00240465;0,00729629;-0,00489164
2018-01-12;0,00403830;0,00651822;-0,00247993
2018-01-16;-0,00156575;-0,00341771;0,00185196
2018-01-17;0,00220055;0,00953155;-0,00733100
2018-01-18;-0,00081789;-0,00168078;0,00086289
2018-01-19;0,00325060;0,00454965;-0,00129905
2018-01-22;0,00260371;0,00813069;-0,00552698
2018-01-23;0,00426801;0,00212255;0,00214546
2018-01-24;-0,00477211;-0,00038837;-0,00438374
2018-01-25;-0,00312637;0,00042412;-0,00355049
2018-01-26;0,00932789;0,01157755;-0,00224966
2018-01-29;-0,00273171;-0,00663008;0,00389837
2018-01-30;-0,00788203;-0,01025651;0,00237448
2018-01-31;0,00165239;0,00049633;0,00115605
2018-02-01;0,00008670;-0,00113509;0,00122179
2018-02-02;-0,01371309;-0,02176993;0,00805683
2018-02-05;-0,01627375;-0,04182232;0,02554856
2018-02-06;-0,00270578;0,01970209;-0,02240787
2018-02-07;0,00344079;-0,00542482;0,00886561
2018-02-08;-0,02188293;-0,03750896;0,01562603
2018-02-09;0,00485561;0,01502135;-0,01016574
2018-02-12;0,01267366;0,01468459;-0,00201094
2018-02-13;0,00040928;0,00248753;-0,00207825
2018-02-14;0,01167926;0,01349622;-0,00181696
2018-02-15;0,00782104;0,01275992;-0,00493888
2018-02-16;0,00266625;0,00029328;0,00237297
2018-02-20;-0,00252036;-0,00626117;0,00374081
2018-02-21;-0,00198270;-0,00497431;0,00299161
2018-02-22;0,00120589;0,00129606;-0,00009017
2018-02-23;0,00600234;0,01593935;-0,00993701
2018-02-26;0,01000637;0,01161202;-0,00160565
2018-02-27;-0,00497835;-0,01248606;0,00750771
2018-02-28;-0,00252588;-0,01013018;0,00760430
2018-03-01;-0,00941079;-0,01454092;0,00513013
2018-03-02;-0,00070745;0,00515474;-0,00586219
2018-03-05;0,00556591;0,01155798;-0,00599208
2018-03-06;0,00379949;0,00253527;0,00126422
2018-03-07;0,00046018;-0,00036662;0,00082681
2018-03-08;0,00436622;0,00483892;-0,00047270
2018-03-09;0,00877629;0,01740243;-0,00862614
2018-03-12;0,00225673;-0,00125494;0,00351167
2018-03-13;-0,00672021;-0,00646275;-0,00025746
2018-03-14;-0,00131423;-0,00513162;0,00381739
2018-03-15;-0,00060171;-0,00108951;0,00048780
2018-03-16;-0,00065909;0,00108425;-0,00174334
2018-03-19;-0,01259802;-0,01353044;0,00093242
2018-03-20;0,00029745;0,00170121;-0,00140376
2018-03-21;0,00039305;-0,00191964;0,00231270
2018-03-22;-0,01474732;-0,02499712;0,01024979
2018-03-23;-0,01129181;-0,02131479;0,01002298
2018-03-26;0,01030400;0,02735937;-0,01705537
2018-03-27;-0,00595113;-0,01701167;0,01106054
2018-03-28;-0,00857733;-0,00295499;-0,00562234
2018-03-29;0,01104940;0,01277745;-0,00172805
2018-04-03;-0,00761254;0,01281705;-0,02042959
2018-04-04;0,00482474;0,01069897;-0,00587423
2018-04-05;0,00850709;0,00789196;0,00061513
2018-04-06;-0,01212423;-0,02228565;0,01016142
2018-04-09;0,00312763;0,00492806;-0,00180043
2018-04-10;0,01057957;0,01590067;-0,00532110
2018-04-11;-0,00189023;-0,00524225;0,00335202
2018-04-12;0,00247775;0,00822721;-0,00574945
2018-04-13;-0,00058152;-0,00293320;0,00235168
2018-04-16;0,00267879;0,00822175;-0,00554296
2018-04-17;0,00999955;0,01069831;-0,00069876
2018-04-18;0,00158287;0,00074042;0,00084246
2018-04-19;-0,00513222;-0,00554760;0,00041537
2018-04-20;-0,00530516;-0,00847946;0,00317430
2018-04-23;-0,00020652;-0,00014973;-0,00005679
2018-04-24;-0,00618978;-0,01346761;0,00727783
2018-04-25;-0,00447217;0,00247153;-0,00694371
2018-04-26;0,00846056;0,01016573;-0,00170517
2018-04-27;0,00420316;0,00093900;0,00326416
2018-04-30;-0,00258737;-0,00769027;0,00510289
2018-05-01;0,00256459;0,00177651;0,00078807
2018-05-02;0,00144501;-0,00671767;0,00816267
2018-05-03;-0,00151404;-0,00220355;0,00068950
2018-05-04;0,01220685;0,01294625;-0,00073940
2018-05-08;0,00470999;0,00000000;0,00470999
2018-05-09;0,00365107;0,00966575;-0,00601467
2018-05-10;0,01073669;0,00935057;0,00138612
2018-05-11;-0,00061940;0,00305145;-0,00367086
2018-05-14;-0,00051316;0,00047617;-0,00098933
2018-05-15;-0,00726447;-0,00688684;-0,00037763
2018-05-16;0,00198129;0,00420497;-0,00222368
2018-05-17;-0,00078592;-0,00084472;0,00005880
2018-05-18;-0,00194549;-0,00249978;0,00055429
2018-05-21;0,00597589;0,00751826;-0,00154237
2018-05-22;0,00012694;-0,00278017;0,00290710
2018-05-23;0,00100381;0,00275140;-0,00174759
2018-05-24;0,00033749;-0,00204869;0,00238618
2018-05-25;0,00058059;-0,00238244;0,00296303
2018-05-29;-0,00422911;-0,01150109;0,00727198
2018-05-30;0,00393426;0,01334444;-0,00941018
2018-05-31;-0,00042910;-0,00612596;0,00569686
2018-06-01;0,00570174;0,00981779;-0,00411605
2018-06-04;0,00519800;0,00475164;0,00044636
2018-06-05;0,00074241;0,00072748;0,00001493
2018-06-06;0,00286229;0,00836060;-0,00549830
2018-06-07;-0,00242870;-0,00010809;-0,00232061
2018-06-08;-0,00032658;0,00295646;-0,00328304
2018-06-11;0,00292339;0,00132972;0,00159367
2018-06-12;0,00058037;0,00129259;-0,00071222
2018-06-13;-0,00031373;-0,00319078;0,00287705
2018-06-14;0,00305865;0,00251744;0,00054121
2018-06-15;-0,00520334;-0,00127578;-0,00392756
2018-06-18;0,00035404;-0,00205669;0,00241073
2018-06-19;-0,00269025;-0,00383289;0,00114264
2018-06-20;0,00085359;0,00170622;-0,00085263
2018-06-21;-0,00599056;-0,00626906;0,00027850
2018-06-22;0,00053805;0,00182309;-0,00128504
2018-06-25;-0,01302435;-0,01361260;0,00058825
2018-06-26;0,00183137;0,00221418;-0,00038281
2018-06-27;-0,00324279;-0,00828416;0,00504136
2018-06-28;0,00257584;0,00571707;-0,00314123
2018-06-29;0,00203101;0,00143999;0,00059102
2018-07-02;-0,00088746;0,00213776;-0,00302521
2018-07-03;-0,00136820;-0,00353116;0,00216295
2018-07-05;0,00508775;0,00815797;-0,00307022
2018-07-06;0,00562834;0,00845808;-0,00282974
2018-07-09;0,00635425;0,00900444;-0,00265019
2018-07-10;0,00088644;0,00359841;-0,00271197
2018-07-11;-0,00484105;-0,00731450;0,00247344
2018-07-12;0,00791247;0,00906617;-0,00115370
2018-07-13;0,00013859;0,00078716;-0,00064857
2018-07-16;-0,00161764;-0,00089379;-0,00072384
2018-07-17;0,00292648;0,00404498;-0,00111850
2018-07-18;0,00280810;0,00210384;0,00070425
2018-07-19;-0,00112288;-0,00377165;0,00264876
2018-07-20;-0,00061538;-0,00114263;0,00052725
2018-07-23;0,00038827;0,00185917;-0,00147090
2018-07-24;0,00370940;0,00503212;-0,00132272
2018-07-25;0,00490672;0,00852243;-0,00361571
2018-07-26;-0,00487826;-0,00235930;-0,00251895
2018-07-27;-0,00596316;-0,00677611;0,00081295
2018-07-30;-0,00805900;-0,00522354;-0,00283546
2018-07-31;0,00235384;0,00492956;-0,00257572
2018-08-01;0,00158750;-0,00167074;0,00325824
2018-08-02;0,00429441;0,00544744;-0,00115303
2018-08-03;0,00363477;0,00428521;-0,00065044
2018-08-06;0,00332074;0,00366701;-0,00034627
2018-08-07;0,00352038;0,00330244;0,00021795
2018-08-08;0,00286077;-0,00042014;0,00328091
2018-08-09;0,00037624;-0,00136631;0,00174255
2018-08-10;-0,00461510;-0,00670028;0,00208518
2018-08-13;-0,00319400;-0,00374325;0,00054925
2018-08-14;0,00328178;0,00638026;-0,00309848
2018-08-15;-0,00866988;-0,00746692;-0,00120296
2018-08-16;0,00446422;0,00809148;-0,00362725
2018-08-17;0,00151576;0,00352001;-0,00200424
2018-08-20;0,00132567;0,00214028;-0,00081461
2018-08-21;0,00006614;0,00234523;-0,00227909
2018-08-22;0,00107414;-0,00059357;0,00166771
2018-08-23;0,00002738;-0,00132769;0,00135507
2018-08-24;0,00737376;0,00601801;0,00135575
2018-08-28;0,00624099;0,00048328;0,00575771
2018-08-29;0,00219380;0,00538082;-0,00318702
2018-08-30;-0,00305157;-0,00404828;0,00099671
2018-08-31;-0,00078363;0,00003455;-0,00081818
2018-09-04;-0,00008868;-0,00172253;0,00163385
2018-09-05;-0,00764976;-0,00269119;-0,00495857
2018-09-06;-0,00419433;-0,00300995;-0,00118438
2018-09-07;-0,00198663;-0,00194363;-0,00004300
2018-09-10;0,00011558;0,00173858;-0,00162300
2018-09-11;0,00382367;0,00329705;0,00052662
2018-09-12;0,00027982;0,00024219;0,00003763
2018-09-13;0,00301918;0,00591484;-0,00289567
2018-09-14;0,00051338;0,00017197;0,00034141
2018-09-17;-0,00574160;-0,00529397;-0,00044763
2018-09-18;0,00327057;0,00542603;-0,00215546
2018-09-19;0,00015453;0,00106542;-0,00091088
2018-09-20;0,00511089;0,00810378;-0,00299289
2018-09-21;0,00210170;-0,00091355;0,00301524
2018-09-24;-0,00078007;-0,00332214;0,00254207
2018-09-25;0,00030661;-0,00092792;0,00123453
2018-09-26;-0,00256976;-0,00299229;0,00042254
2018-09-27;0,00224374;0,00279424;-0,00055050
2018-09-28;0,00274257;0,00010364;0,00263893
2018-10-01;0,00235678;0,00347439;-0,00111760
2018-10-02;0,00194993;-0,00058327;0,00253320
2018-10-03;0,00090392;0,00054890;0,00035502
2018-10-04;-0,01089606;-0,00781595;-0,00308011
2018-10-05;-0,00739221;-0,00559698;-0,00179523
2018-10-08;-0,00756879;0,00000000;-0,00756879
2018-10-09;0,00183143;-0,00145910;0,00329053
2018-10-10;-0,02419112;-0,03166314;0,00747202
2018-10-11;-0,00833356;-0,02202640;0,01369283
2018-10-12;0,01192320;0,01388831;-0,00196511
2018-10-15;-0,00371965;-0,00561680;0,00189715
2018-10-16;0,01254302;0,02186558;-0,00932256
2018-10-17;-0,00074265;0,00017854;-0,00092119
2018-10-18;-0,00717737;-0,01444110;0,00726373
2018-10-19;0,00061287;-0,00054294;0,00115581
2018-10-22;0,00186870;-0,00448828;0,00635698
2018-10-23;-0,00574191;-0,00509113;-0,00065078
2018-10-24;-0,01577186;-0,03029838;0,01452651
2018-10-25;0,01387547;0,01794059;-0,00406511
2018-10-26;-0,01197020;-0,01758717;0,00561697
2018-10-29;-0,00363832;-0,00554062;0,00190230
2018-10-30;0,00437602;0,01481837;-0,01044235
2018-10-31;0,01210832;0,01068079;0,00142753
2018-11-01;0,00304015;0,01064190;-0,00760175
2018-11-02;-0,00676311;-0,00592284;-0,00084027
2018-11-05;-0,00153493;0,00551686;-0,00705179
2018-11-06;0,00138867;0,00632788;-0,00493922
2018-11-07;0,01366788;0,02140895;-0,00774106
2018-11-08;0,00127186;-0,00181468;0,00308654
2018-11-09;-0,00850324;-0,00976871;0,00126547
2018-11-12;-0,01563848;-0,01868498;0,00304651
2018-11-13;-0,00177492;-0,00187112;0,00009621
2018-11-14;-0,00558170;-0,00683676;0,00125506
2018-11-15;0,01352334;0,01043673;0,00308661
2018-11-16;0,00157207;0,00260063;-0,00102856
2018-11-19;-0,01585231;-0,01691455;0,00106224
2018-11-20;-0,01231077;-0,01850605;0,00619528
2018-11-21;0,00661869;0,00340747;0,00321122
2018-11-23;-0,00647879;-0,00667876;0,00019997
2018-11-26;0,01010359;0,01614429;-0,00604070
2018-11-27;0,00120918;0,00336448;-0,00215529
2018-11-28;0,01470663;0,02302563;-0,00831900
2018-11-29;0,00002068;-0,00218527;0,00220595
2018-11-30;0,00320239;0,00609534;-0,00289295
2018-12-03;0,01444715;0,01324119;0,00120596
2018-12-04;-0,01413307;-0,03240228;0,01826921
2018-12-06;-0,01416579;-0,00151714;-0,01264865
2018-12-07;-0,00769737;-0,02323617;0,01553879
2018-12-10;0,00239160;0,00189733;0,00049427
2018-12-11;0,00614057;0,00022713;0,00591344
2018-12-12;0,00373250;0,00503537;-0,00130287
2018-12-13;-0,00114520;-0,00033898;-0,00080622
2018-12-14;-0,01158336;-0,01846470;0,00688134
2018-12-17;-0,00971723;-0,01961854;0,00990131
2018-12-18;-0,00105382;-0,00109640;0,00004258
2018-12-19;-0,00688109;-0,01497579;0,00809469
2018-12-20;-0,01087194;-0,01627796;0,00540602
2018-12-21;-0,01319012;-0,02048949;0,00729937
2018-12-24;-0,01380518;-0,02642294;0,01261776
2018-12-27;0,02632198;0,00767742;0,01864456
2018-12-28;0,00512910;-0,00129005;0,00641915
2018-12-31;0,00423932;0,00875883;-0,00451952
2019-01-02;0,00279536;0,00104026;0,00175510
2019-01-03;-0,01896159;-0,02386274;0,00490115
2019-01-04;0,01761474;0,03349567;-0,01588093
2019-01-07;0,00553511;0,00788482;-0,00234971
2019-01-08;0,00448197;0,00939513;-0,00491316
2019-01-09;0,00838021;0,00467360;0,00370661
2019-01-10;0,00005271;0,00352756;-0,00347485
2019-01-11;-0,00156649;0,00038630;-0,00195279
2019-01-14;-0,00505057;-0,00610093;0,00105036
2019-01-15;0,00953611;0,01146095;-0,00192484
2019-01-16;0,00063584;0,00241955;-0,00178371
2019-01-17;0,00054889;0,00758700;-0,00703811
2019-01-18;0,00919020;0,01331000;-0,00411980
2019-01-22;-0,00917829;-0,01351061;0,00433232
2019-01-23;-0,00253084;0,00209270;-0,00462354
2019-01-24;0,00370053;0,00053099;0,00316955
2019-01-25;0,00821242;0,00846155;-0,00024913
2019-01-28;-0,00695198;-0,00760009;0,00064810
2019-01-29;-0,00151147;-0,00132680;-0,00018467
2019-01-30;0,01545955;0,01583061;-0,00037106
2019-01-31;0,00161891;0,00878217;-0,00716326
2019-02-01;0,00380573;0,00048170;0,00332403
2019-02-04;0,00524250;0,00703562;-0,00179313
2019-02-05;0,00887961;0,00419186;0,00468775
2019-02-06;-0,00050822;-0,00131821;0,00080999
2019-02-07;-0,00912685;-0,00953303;0,00040619
2019-02-08;0,00232732;0,00122159;0,00110573
2019-02-11;0,00271847;0,00055477;0,00216370
2019-02-12;0,00756875;0,01285907;-0,00529032
2019-02-13;0,00163176;0,00324717;-0,00161541
2019-02-14;0,00256148;-0,00221847;0,00477996
2019-02-15;0,00557292;0,01089747;-0,00532455
2019-02-19;-0,00059712;0,00173072;-0,00232784
2019-02-20;0,00100483;0,00201540;-0,00101057
2019-02-21;-0,00276663;-0,00355610;0,00078947
2019-02-22;0,00719459;0,00620019;0,00099441
2019-02-25;0,00282640;0,00136106;0,00146534
2019-02-26;-0,00345966;-0,00071524;-0,00274442
2019-02-27;-0,00382368;-0,00042978;-0,00339390
2019-02-28;-0,00133444;-0,00186240;0,00052795
2019-03-01;0,00114516;0,00624401;-0,00509885
2019-03-04;-0,00083847;-0,00363766;0,00279919
2019-03-05;-0,00017963;-0,00136028;0,00118065
2019-03-06;-0,00313597;-0,00605686;0,00292089
2019-03-07;-0,00547541;-0,00836511;0,00288970
2019-03-08;0,00127381;-0,00200036;0,00327418
2019-03-11;0,00903845;0,01450163;-0,00546318
2019-03-12;0,00566220;0,00377079;0,00189141
2019-03-13;0,00257914;0,00661924;-0,00404010
2019-03-14;-0,00260468;-0,00063998;-0,00196469
2019-03-15;0,00676330;0,00494060;0,00182270
2019-03-18;0,00345359;0,00362589;-0,00017230
2019-03-19;0,00251274;0,00024782;0,00226493
2019-03-20;-0,00128191;-0,00300946;0,00172755
2019-03-21;0,01421014;0,01129458;0,00291556
2019-03-22;-0,01557591;-0,01924630;0,00367039
2019-03-25;-0,00065113;-0,00075208;0,00010094
2019-03-26;0,00203884;0,00745384;-0,00541500
2019-03-27;-0,00478098;-0,00522905;0,00044807
2019-03-28;0,00321680;0,00379085;-0,00057404
2019-03-29;0,00673501;0,00630506;0,00042995
2019-04-01;0,00516195;0,01185948;-0,00669753
2019-04-02;0,00434282;0,00048980;0,00385302
2019-04-03;0,00253919;0,00157333;0,00096586
2019-04-04;-0,00027998;0,00265351;-0,00293350
2019-04-05;0,00418573;0,00484048;-0,00065475
2019-04-08;0,00173353;0,00076233;0,00097119
2019-04-09;-0,00189028;-0,00512492;0,00323464
2019-04-10;0,00214357;0,00341085;-0,00126728
2019-04-11;-0,00178204;-0,00027768;-0,00150435
2019-04-12;0,00301913;0,00676646;-0,00374732
2019-04-15;-0,00016308;-0,00065515;0,00049207
2019-04-16;0,00272540;0,00065558;0,00206982
2019-04-17;0,00137524;-0,00244736;0,00382260
2019-04-18;0,00173114;0,00196909;-0,00023795
2019-04-23;0,00827651;0,00899228;-0,00071576
2019-04-24;0,00037924;-0,00221971;0,00259895
2019-04-25;0,00007075;-0,00061587;0,00068662
2019-04-26;-0,00041346;0,00465684;-0,00507030
2019-04-29;0,00064486;0,00156735;-0,00092249
2019-04-30;-0,00190058;0,00051038;-0,00241096
2019-05-01;-0,00165976;-0,00751634;0,00585658
2019-05-02;-0,00496539;-0,00215883;-0,00280655
2019-05-03;0,00443626;0,00978744;-0,00535119
2019-05-07;-0,01333737;-0,01669981;0,00336244
2019-05-08;-0,00003961;-0,00138933;0,00134972
2019-05-09;-0,00716170;-0,00302575;-0,00413595
2019-05-10;0,00153403;0,00502355;-0,00348952
2019-05-13;-0,01354700;-0,02513026;0,01158326
2019-05-14;0,00945548;0,00904359;0,00041188
2019-05-15;0,00592484;0,00585746;0,00006738
2019-05-16;0,00759537;0,00926136;-0,00166599
2019-05-17;-0,00378508;-0,00646490;0,00267982
2019-05-20;-0,00947774;-0,00661266;-0,00286508
2019-05-21;0,00521375;0,00901593;-0,00380218
2019-05-22;0,00033631;-0,00307126;0,00340757
2019-05-23;-0,00973488;-0,01221830;0,00248342
2019-05-24;0,00115873;0,00226816;-0,00110942
2019-05-28;-0,00140602;-0,00930042;0,00789439
2019-05-29;-0,00577276;-0,00671126;0,00093850
2019-05-30;0,00499941;0,00273147;0,00226794
2019-05-31;-0,00587209;-0,01347506;0,00760297
2019-06-03;-0,00425838;-0,00254309;-0,00171529
2019-06-04;0,01394521;0,02170617;-0,00776096
2019-06-05;0,00681759;0,00866251;-0,00184492
2019-06-06;0,00634614;0,00650262;-0,00015648
2019-06-07;0,01106219;0,01000736;0,00105483
2019-06-10;0,00576435;0,00458887;0,00117549
2019-06-11;-0,00133990;-0,00024212;-0,00109777
2019-06-12;-0,00259759;-0,00176569;-0,00083189
2019-06-13;0,00332829;0,00412661;-0,00079833
2019-06-14;-0,00240181;-0,00110521;-0,00129661
2019-06-17;0,00198275;0,00038020;0,00160255
2019-06-18;0,01109103;0,01047098;0,00062005
2019-06-19;0,00055849;0,00225728;-0,00169879
2019-06-20;0,01090810;0,00955464;0,00135346
2019-06-21;0,00013892;-0,00145381;0,00159273
2019-06-24;0,00263817;-0,00122438;0,00386256
2019-06-25;-0,00750902;-0,00980811;0,00229909
2019-06-26;0,00192224;-0,00099763;0,00291987
2019-06-27;0,00118122;0,00354627;-0,00236505
2019-06-28;0,00100693;0,00514581;-0,00413889
2019-07-01;0,00625184;0,00907832;-0,00282649
2019-07-02;0,00635048;0,00260444;0,00374604
2019-07-03;0,00592465;0,00799519;-0,00207054
2019-07-05;-0,00275127;-0,00113820;-0,00161307
2019-07-08;-0,00426023;-0,00549466;0,00123443
2019-07-09;0,00245495;0,00124657;0,00120838
2019-07-10;0,00591083;0,00477798;0,00113285
2019-07-11;-0,00034272;0,00234429;-0,00268702
2019-07-12;0,00397759;0,00447718;-0,00049959
2019-07-15;0,00302698;0,00033232;0,00269466
2019-07-16;-0,00268559;-0,00322501;0,00053942
2019-07-17;-0,00025049;-0,00680530;0,00655481
2019-07-18;0,00249109;0,00366084;-0,00116975
2019-07-19;-0,00259991;-0,00555482;0,00295491
2019-07-22;0,00324932;0,00245654;0,00079278
2019-07-23;0,00361436;0,00715005;-0,00353569
2019-07-24;0,00358222;0,00469952;-0,00111730
2019-07-25;-0,00256342;-0,00477722;0,00221379
2019-07-26;0,00398339;0,00670026;-0,00271687
2019-07-29;0,00471118;-0,00182133;0,00653251
2019-07-30;-0,00149111;-0,00245466;0,00096354
2019-07-31;-0,00933887;-0,01094034;0,00160147
2019-08-01;0,00402608;-0,00870787;0,01273396
2019-08-02;-0,01424068;-0,00752954;-0,00671114
2019-08-05;-0,01921748;-0,03007337;0,01085588
2019-08-06;0,00556464;0,01402322;-0,00845858
2019-08-07;0,00601269;0,00059073;0,00542196
2019-08-08;0,01620207;0,01961982;-0,00341775
2019-08-09;-0,00554206;-0,00681120;0,00126914
2019-08-12;-0,00340315;-0,01217338;0,00877023
2019-08-13;0,01042381;0,01555156;-0,00512775
2019-08-14;-0,01599819;-0,02956759;0,01356940
2019-08-15;-0,00196553;0,00264161;-0,00460714
2019-08-16;0,00888156;0,01475535;-0,00587378
2019-08-19;0,00711553;0,01204766;-0,00493213
2019-08-20;-0,00196481;-0,00766252;0,00569771
2019-08-21;0,00528425;0,00813520;-0,00285095
2019-08-22;-0,00504031;-0,00030743;-0,00473288
2019-08-23;-0,01168229;-0,02568749;0,01400520
2019-08-27;0,00558555;-0,00392337;0,00950892
2019-08-28;0,00186836;0,00704169;-0,00517333
2019-08-29;0,00904585;0,01277303;-0,00372718
2019-08-30;-0,00086146;-0,00044465;-0,00041681
2019-09-03;-0,00008412;-0,00584705;0,00576293
2019-09-04;0,00810398;0,01135052;-0,00324655
2019-09-05;0,00396972;0,01285519;-0,00888547
2019-09-06;-0,00076895;0,00077231;-0,00154125
2019-09-09;-0,00444065;0,00050328;-0,00494394
2019-09-10;-0,00491413;-0,00023474;-0,00467939
2019-09-11;0,00819867;0,00711086;0,00108780
2019-09-12;0,00407521;0,00346419;0,00061102
2019-09-13;-0,00602710;-0,00066402;-0,00536308
2019-09-16;-0,00057566;-0,00308879;0,00251313
2019-09-17;0,00081370;0,00253218;-0,00171848
2019-09-18;-0,00129140;0,00059789;-0,00188929
2019-09-19;0,00370264;-0,00006634;0,00376898
2019-09-20;-0,00327494;-0,00472455;0,00144961
2019-09-23;0,00171633;-0,00023484;0,00195117
2019-09-24;-0,00318293;-0,00784707;0,00466414
2019-09-25;0,00097483;0,00591505;-0,00494022
2019-09-26;0,00094885;-0,00208331;0,00303216
2019-09-27;-0,00356812;-0,00538720;0,00181908
2019-09-30;0,00089210;0,00463757;-0,00374547
2019-10-01;-0,00309338;-0,01189479;0,00880140
2019-10-02;-0,01310777;-0,01766475;0,00455698
2019-10-03;0,00334763;0,00819272;-0,00484509
2019-10-04;0,01180787;0,01353253;-0,00172466
2019-10-07;-0,00127197;-0,00431463;0,00304266
2019-10-08;-0,00712056;-0,01552448;0,00840392
2019-10-09;0,00640409;0,00949632;-0,00309223
2019-10-10;0,00101219;0,00676297;-0,00575079
2019-10-11;0,00126310;0,01036722;-0,00910412
2019-10-14;0,00066061;-0,00111376;0,00177437
2019-10-15;0,00260898;0,00990009;-0,00729111
2019-10-16;-0,00414129;-0,00160590;-0,00253539
2019-10-17;-0,00047246;0,00294886;-0,00342132
2019-10-18;-0,00467765;-0,00437689;-0,00030076
2019-10-21;0,00204519;0,00677926;-0,00473407
2019-10-22;-0,00328028;-0,00326688;-0,00001340
2019-10-23;0,00177831;0,00290953;-0,00113122
2019-10-24;0,00917474;0,00163398;0,00754075
2019-10-25;0,00565286;0,00409487;0,00155799
2019-10-28;0,00392377;0,00563668;-0,00171291
2019-10-29;-0,00439267;-0,00029673;-0,00409594
2019-10-30;0,00344079;0,00306730;0,00037350
2019-10-31;-0,00027478;-0,00266344;0,00238866
2019-11-01;0,00701347;0,00926414;-0,00225067
2019-11-04;0,00435069;0,00401758;0,00033311
2019-11-05;-0,00300868;-0,00110598;-0,00190270
2019-11-06;0,00069513;0,00022804;0,00046709
2019-11-07;0,00285324;0,00351651;-0,00066327
2019-11-08;0,00085095;0,00246630;-0,00161535
2019-11-11;-0,00202139;-0,00190983;-0,00011155
2019-11-12;0,00368666;0,00210792;0,00157873
2019-11-13;0,00036655;0,00032360;0,00004295
2019-11-14;-0,00046454;0,00145593;-0,00192047
2019-11-15;0,00438803;0,00723626;-0,00284823
2019-11-18;0,00055973;0,00073733;-0,00017760
2019-11-19;0,00153522;-0,00028801;0,00182322
2019-11-20;-0,00247612;-0,00371888;0,00124275
2019-11-21;-0,00404119;-0,00160899;-0,00243221
2019-11-22;0,00126210;0,00222392;-0,00096182
2019-11-25;0,00551523;0,00775027;-0,00223504
2019-11-26;0,00316446;0,00226516;0,00089931
2019-11-27;0,00112950;0,00445805;-0,00332854
2019-11-29;-0,00170220;-0,00370860;0,00200640
2019-12-02;-0,00851455;-0,00849489;-0,00001966
2019-12-03;-0,00586280;-0,00670645;0,00084364
2019-12-04;0,00221510;0,00616981;-0,00395471
2019-12-05;0,00058985;0,00179803;-0,00120818
2019-12-06;0,00635454;0,00913444;-0,00277990
2019-12-09;-0,00335462;-0,00314423;-0,00021039
2019-12-10;-0,00023455;-0,00111509;0,00088054
2019-12-11;0,00415073;0,00283907;0,00131167
2019-12-12;0,00643607;0,00861882;-0,00218275
2019-12-13;-0,00018438;0,00059878;-0,00078315
2019-12-16;0,00691991;0,00687034;0,00004957
2019-12-17;0,00241517;0,00021914;0,00219603
2019-12-18;0,00127538;0,00006233;0,00121305
2019-12-19;0,00470473;0,00409884;0,00060589
2019-12-20;0,00312235;0,00438448;-0,00126213
2019-12-23;0,00514442;0,00152780;0,00361662
2019-12-24;0,00106073;0,00003106;0,00102968
2019-12-27;0,00259665;-0,00024778;0,00284442
2019-12-30;-0,00408308;-0,00551310;0,00143002
2019-12-31;-0,00029813;0,00242935;-0,00272747
2020-01-02;0,01193183;0,00935182;0,00258001
2020-01-03;-0,00161622;-0,00757237;0,00595615
2020-01-06;0,00078825;0,00381518;-0,00302693
2020-01-07;0,00236761;-0,00281182;0,00517943
2020-01-08;0,00377543;0,00532942;-0,00155399
2020-01-09;0,00570056;0,00678060;-0,00108004
2020-01-10;0,00070504;-0,00287754;0,00358258
2020-01-13;0,00523786;0,00687761;-0,00163976
2020-01-14;-0,00168046;-0,00152489;-0,00015557
2020-01-15;0,00177598;0,00225980;-0,00048382
2020-01-16;0,00494774;0,00831831;-0,00337056
2020-01-17;0,00527037;0,00311266;0,00215771
2020-01-21;-0,00055036;-0,00195816;0,00140780
2020-01-22;-0,00026208;0,00012076;-0,00038285
2020-01-23;0,00084100;0,00114665;-0,00030564
2020-01-24;0,00087822;-0,00889289;0,00977110
2020-01-27;-0,01417832;-0,01602946;0,00185114
2020-01-28;0,01016803;0,01047926;-0,00031123
2020-01-29;0,00235092;-0,00082591;0,00317683
2020-01-30;-0,00093045;0,00324518;-0,00417563
2020-01-31;-0,01357083;-0,01815780;0,00458697
2020-02-03;0,00890860;0,00742858;0,00148002
2020-02-04;0,01207387;0,01524094;-0,00316707
2020-02-05;0,00547656;0,01154856;-0,00607200
2020-02-06;0,00739273;0,00336479;0,00402794
2020-02-07;-0,00382375;-0,00532984;0,00150608
2020-02-10;0,00554764;0,00746515;-0,00191751
2020-02-11;-0,00007638;0,00173302;-0,00180940
2020-02-12;0,00433775;0,00644293;-0,00210518
2020-02-13;-0,00198006;-0,00106724;-0,00091281
2020-02-14;0,00302985;0,00160248;0,00142737
2020-02-18;-0,00107239;-0,00257714;0,00150474
2020-02-19;0,01000742;0,00478122;0,00522619
2020-02-20;-0,00437276;-0,00410805;-0,00026470
2020-02-21;-0,00960126;-0,01029823;0,00069697
2020-02-24;-0,02364939;-0,03316566;0,00951627
2020-02-25;-0,02212769;-0,03030211;0,00817442
2020-02-26;0,00376684;-0,00367813;0,00744497
2020-02-27;-0,03045738;-0,04491175;0,01445437
2020-02-28;-0,01172204;-0,00420145;-0,00752060
2020-03-02;0,03105347;0,04330655;-0,01225308
2020-03-03;-0,00900294;-0,02863247;0,01962952
2020-03-04;0,02015042;0,04203275;-0,02188233
2020-03-05;-0,01072797;-0,03324127;0,02251330
2020-03-06;-0,01981486;-0,01653140;-0,00328346
2020-03-09;-0,04502948;-0,07809430;0,03306482
2020-03-10;0,02027891;0,05174471;-0,03146580
2020-03-11;-0,01906481;-0,04874847;0,02968367
2020-03-12;-0,06589659;-0,09567710;0,02978051
2020-03-13;0,04037804;0,08548629;-0,04510825
2020-03-16;-0,05776378;-0,10942372;0,05165994
2020-03-17;0,03302712;0,05399197;-0,02096485
2020-03-18;-0,02464119;-0,05063272;0,02599154
2020-03-19;0,00179958;0,00212479;-0,00032521
2020-03-20;-0,01656261;-0,04309415;0,02653154
2020-03-23;-0,00226997;-0,02556816;0,02329819
2020-03-24;0,06304331;0,09060321;-0,02755990
2020-03-25;0,00472501;0,01497015;-0,01024513
2020-03-26;0,02772258;0,05838988;-0,03066729
2020-03-27;-0,03055257;-0,02978564;-0,00076693
2020-03-30;0,02208504;0,03247578;-0,01039074
2020-03-31;-0,01020798;-0,01490543;0,00469745
2020-04-01;-0,02899150;-0,04500492;0,01601342
2020-04-02;0,01220315;0,02307521;-0,01087205
2020-04-03;-0,00306077;-0,01445403;0,01139326
2020-04-06;0,04772460;0,06716621;-0,01944161
2020-04-07;0,00505290;0,00101947;0,00403342
2020-04-08;0,00548915;0,03356828;-0,02807913
2020-04-09;0,01046464;0,01521765;-0,00475301
2020-04-14;0,02263118;0,02949253;-0,00686135
2020-04-15;-0,01340225;-0,02124780;0,00784555
2020-04-16;0,00684067;0,00482444;0,00201622
2020-04-17;0,00486415;0,02701528;-0,02215112
2020-04-20;-0,00225990;-0,01761818;0,01535828
2020-04-21;-0,02520333;-0,03036332;0,00515999
2020-04-22;0,02281390;0,02219498;0,00061892
2020-04-23;0,00209158;-0,00007173;0,00216331
2020-04-24;0,00518540;0,01393855;-0,00875315
2020-04-27;0,00734488;0,01441828;-0,00707340
2020-04-28;-0,00478901;-0,00459833;-0,00019068
2020-04-29;0,02223794;0,02617863;-0,00394069
2020-04-30;-0,01163513;-0,00931085;-0,00232428
2020-05-01;-0,01474215;-0,02647323;0,01173108
2020-05-04;0,00490990;0,00275828;0,00215161
2020-05-05;0,01238561;0,00923910;0,00314652
2020-05-06;0,00124499;-0,00677872;0,00802371
2020-05-07;0,01252011;0,01206708;0,00045303
2020-05-11;0,00864987;0,00020498;0,00844489
2020-05-12;-0,00609144;-0,01993125;0,01383981
2020-05-13;-0,01076135;-0,01768611;0,00692476
2020-05-14;0,00389079;0,01196729;-0,00807650
2020-05-15;0,00672126;0,00459697;0,00212429
2020-05-18;0,01759579;0,03045977;-0,01286398
2020-05-19;-0,00060199;-0,01027093;0,00966894
2020-05-20;0,01136525;0,01698762;-0,00562236
2020-05-21;-0,01117675;-0,00690378;-0,00427296
2020-05-22;0,00292776;0,00189887;0,00102889
2020-05-26;0,00098911;0,01232092;-0,01133181
2020-05-27;0,00424727;0,01487883;-0,01063157
2020-05-28;0,00350624;-0,00184509;0,00535133
2020-05-29;0,00212924;0,00445591;-0,00232667
2020-06-01;0,00231204;0,00404185;-0,00172982
2020-06-02;0,00272263;0,00828014;-0,00555751
2020-06-03;0,00422184;0,01330860;-0,00908676
2020-06-04;-0,00181440;-0,00262708;0,00081268
2020-06-05;0,01142980;0,02562955;-0,01419975
2020-06-08;0,00448942;0,01208743;-0,00759801
2020-06-09;0,00223922;-0,00745660;0,00969582
2020-06-10;0,00848189;-0,00557994;0,01406184
2020-06-11;-0,03276297;-0,05764903;0,02488607
2020-06-12;0,00489816;0,01197582;-0,00707766
2020-06-15;0,00164711;0,00933546;-0,00768835
2020-06-16;0,01724022;0,01924803;-0,00200780
2020-06-17;0,00184327;-0,00415435;0,00599762
2020-06-18;0,00222021;0,00038543;0,00183478
2020-06-19;0,00198215;-0,00571536;0,00769751
2020-06-22;0,00556125;0,00641551;-0,00085426
2020-06-23;0,00684556;0,00460365;0,00224191
2020-06-24;-0,01560418;-0,02550852;0,00990434
2020-06-25;0,00449556;0,01072035;-0,00622479
2020-06-26;-0,00638341;-0,02375147;0,01736806
2020-06-29;0,00671997;0,01469750;-0,00797754
2020-06-30;0,00787180;0,01280985;-0,00493805
2020-07-01;-0,00012542;0,00700455;-0,00712997
2020-07-02;0,00654173;0,00550712;0,00103461
2020-07-06;0,01167499;0,01543736;-0,00376237
2020-07-07;-0,00598658;-0,01031402;0,00432743
2020-07-08;0,00567232;0,00764860;-0,00197628
2020-07-09;-0,00090031;-0,00569288;0,00479258
2020-07-10;0,00122734;0,01021061;-0,00898327
2020-07-13;-0,00252826;-0,00865913;0,00613087
2020-07-14;0,00245122;0,01295895;-0,01050772
2020-07-15;0,00637126;0,00918734;-0,00281609
2020-07-16;-0,00879873;-0,00329324;-0,00550549
2020-07-17;0,00610906;0,00289908;0,00320998
2020-07-20;0,01071167;0,00808136;0,00263031
2020-07-21;-0,00105151;0,00212755;-0,00317906
2020-07-22;0,00549079;0,00569187;-0,00020108
2020-07-23;-0,00869549;-0,01193168;0,00323619
2020-07-24;-0,00845410;-0,00644021;-0,00201389
2020-07-27;0,00936333;0,00729254;0,00207078
2020-07-28;-0,00339267;-0,00634224;0,00294956
2020-07-29;0,00729205;0,01229855;-0,00500650
2020-07-30;-0,00291103;-0,00356804;0,00065701
2020-07-31;0,01113901;0,00790233;0,00323668
2020-08-03;0,01565660;0,00695244;0,00870417
2020-08-04;0,00570154;0,00386253;0,00183901
2020-08-05;0,00448176;0,00621080;-0,00172905
2020-08-06;0,00774361;0,00668425;0,00105936
2020-08-07;-0,00731521;0,00071792;-0,00803313
2020-08-10;-0,00247534;0,00298906;-0,00546440
2020-08-11;-0,01540385;-0,00825452;-0,00714933
2020-08-12;0,01097089;0,01394230;-0,00297142
2020-08-13;0,00356940;-0,00180776;0,00537716
2020-08-14;-0,00224899;0,00002951;-0,00227850
2020-08-17;0,00808406;0,00317679;0,00490727
2020-08-18;0,00122888;0,00216055;-0,00093167
2020-08-19;-0,00486582;-0,00416392;-0,00070191
2020-08-20;0,00543247;0,00311337;0,00231910
2020-08-21;0,00516639;0,00354747;0,00161892
2020-08-24;0,00615338;0,01013342;-0,00398004
2020-08-25;0,00194429;0,00349918;-0,00155489
2020-08-26;0,01201038;0,01002538;0,00198500
2020-08-27;-0,00100952;0,00218669;-0,00319621
2020-08-28;0,00472965;0,00645947;-0,00172982
2020-09-01;0,01005286;0,00941898;0,00063389
2020-09-02;0,00614236;0,01446368;-0,00832132
2020-09-03;-0,03179744;-0,03441405;0,00261661
2020-09-04;-0,01052684;-0,00816451;-0,00236233
2020-09-08;-0,01803642;-0,02732315;0,00928673
2020-09-09;0,01982629;0,01974746;0,00007883
2020-09-10;-0,00717041;-0,01736372;0,01019331
2020-09-11;-0,00405933;0,00050915;-0,00456847
2020-09-14;0,01130242;0,01317152;-0,00186909
2020-09-15;0,00585681;0,00505211;0,00080470
2020-09-16;-0,00830812;-0,00396867;-0,00433945
2020-09-17;-0,00762883;-0,00879523;0,00116640
2020-09-18;-0,00803628;-0,01151248;0,00347620
2020-09-21;-0,00589901;-0,01112988;0,00523087
2020-09-22;0,00958359;0,01018442;-0,00060083
2020-09-23;-0,01643021;-0,02319080;0,00676059
2020-09-24;-0,00022876;0,00266534;-0,00289410
2020-09-25;0,01133923;0,01616693;-0,00482770
2020-09-28;0,01319508;0,01660934;-0,00341426
2020-09-29;0,00014358;-0,00544609;0,00558967
2020-09-30;0,00254333;0,00758209;-0,00503875
2020-10-01;0,00731840;0,00642010;0,00089831
2020-10-02;-0,01340925;-0,00949477;-0,00391448
2020-10-05;0,01307657;0,01773344;-0,00465687
2020-10-06;-0,00846331;-0,01421630;0,00575299
2020-10-07;0,00906407;0,01740699;-0,00834292
2020-10-08;0,00491744;0,00886236;-0,00394492
2020-10-09;0,01048850;0,00893006;0,00155844
2020-10-12;0,01364695;0,01608774;-0,00244079
2020-10-13;-0,00473816;-0,00652614;0,00178798
2020-10-14;-0,00335658;-0,00628347;0,00292688
2020-10-15;-0,00332013;-0,00123571;-0,00208442
2020-10-16;0,00081926;-0,00060437;0,00142363
2020-10-19;-0,01038294;-0,01520345;0,00482051
2020-10-20;0,00138574;0,00400580;-0,00262005
2020-10-21;-0,00327738;-0,00189302;-0,00138436
2020-10-22;-0,00364103;0,00548576;-0,00912679
2020-10-23;0,00156525;0,00339458;-0,00182934
2020-10-26;-0,01321340;-0,01847969;0,00526630
2020-10-27;0,00129388;-0,00344747;0,00474135
2020-10-28;-0,02710072;-0,03417865;0,00707794
2020-10-29;0,00736631;0,01016326;-0,00279695
2020-10-30;-0,01176379;-0,01042510;-0,00133869
2020-11-02;0,00732801;0,01120872;-0,00388070
2020-11-03;0,01160364;0,01765593;-0,00605230
2020-11-04;0,02371551;0,02234911;0,00136640
2020-11-05;0,01971138;0,01950283;0,00020855
2020-11-06;0,00043465;-0,00022844;0,00066308
2020-11-09;-0,00305972;0,01256567;-0,01562539
2020-11-10;-0,01288458;-0,00146664;-0,01141794
2020-11-11;0,01240886;0,00742855;0,00498032
2020-11-12;-0,00264447;-0,00970106;0,00705659
2020-11-13;0,00444109;0,01384466;-0,00940357
2020-11-16;0,00795695;0,01248273;-0,00452578
2020-11-17;-0,00450003;-0,00537857;0,00087854
2020-11-18;-0,00585839;-0,01203444;0,00617605
2020-11-19;0,00187122;0,00421008;-0,00233887
2020-11-20;-0,00397828;-0,00684793;0,00286965
2020-11-23;-0,00440299;0,00599440;-0,01039739
2020-11-24;0,00683360;0,01611392;-0,00928033
2020-11-25;0,00013091;-0,00154190;0,00167282
2020-11-27;0,00344013;0,00278504;0,00065509
2020-11-30;-0,00159395;-0,00442712;0,00283317
2020-12-01;0,01215610;0,01093720;0,00121890
2020-12-02;0,00196945;0,00210381;-0,00013436
2020-12-03;-0,00048450;-0,00027257;-0,00021193
2020-12-04;0,00551221;0,00861750;-0,00310529
2020-12-07;0,00601910;-0,00205462;0,00807373
2020-12-08;0,00187568;0,00292602;-0,00105034
2020-12-09;-0,01129322;-0,00896893;-0,00232429
2020-12-10;0,00103829;-0,00032723;0,00136552
2020-12-11;-0,00107114;-0,00117218;0,00010104
2020-12-14;0,00081610;-0,00447751;0,00529361
2020-12-15;0,00758624;0,01351947;-0,00593323
2020-12-16;0,00503979;0,00156945;0,00347035
2020-12-17;0,00498709;0,00559216;-0,00060507
2020-12-18;-0,00100356;-0,00399313;0,00298957
2020-12-21;-0,00018578;-0,00357550;0,00338972
2020-12-22;0,00466874;-0,00168548;0,00635421
2020-12-23;-0,00434080;0,00089853;-0,00523933
2020-12-24;0,00196996;0,00389052;-0,00192056
2020-12-29;0,00718594;-0,00190810;0,00909404
2020-12-30;-0,00051991;0,00142707;-0,00194697
2020-12-31;-0,00011805;0,00508069;-0,00519874
2021-01-04;-0,00352872;-0,01361402;0,01008530
2021-01-05;0,00318859;0,00688746;-0,00369887
2021-01-06;-0,00594141;0,00597809;-0,01191950
2021-01-07;0,01363720;0,01485782;-0,00122062
2021-01-08;-0,00193224;0,00569787;-0,00763011
2021-01-11;-0,00368687;-0,00674106;0,00305420
2021-01-12;-0,00394126;0,00021116;-0,00415241
2021-01-13;0,00276120;0,00269319;0,00006801
2021-01-14;-0,00412914;-0,00350209;-0,00062705
2021-01-15;-0,00801403;-0,00729254;-0,00072149
2021-01-19;0,00771966;0,00785192;-0,00013226
2021-01-20;0,01404688;0,01383858;0,00020830
2021-01-21;0,00529083;0,00091170;0,00437913
2021-01-22;-0,00315567;-0,00353946;0,00038379
2021-01-25;0,00272124;0,00394371;-0,00122247
2021-01-26;0,00044016;-0,00156084;0,00200100
2021-01-27;-0,01353685;-0,02444061;0,01090375
2021-01-28;0,00234069;0,00860053;-0,00625984
2021-01-29;-0,01519131;-0,02001977;0,00482845
2021-02-01;0,01544817;0,01664541;-0,00119724
2021-02-02;0,00922072;0,01414040;-0,00491967
2021-02-03;-0,00211534;0,00078619;-0,00290152
2021-02-04;0,00521666;0,01136574;-0,00614907
2021-02-05;0,00155462;0,00393578;-0,00238117
2021-02-08;0,00795992;0,00722197;0,00073795
2021-02-09;-0,00073504;-0,00066564;-0,00006941
2021-02-10;-0,00102372;-0,00043566;-0,00058806
2021-02-11;0,00530088;0,00161517;0,00368571
2021-02-12;0,00219415;0,00493963;-0,00274549
2021-02-16;-0,00378816;-0,00086602;-0,00292215
2021-02-17;-0,00689650;0,00022955;-0,00712606
2021-02-18;-0,00519390;-0,00425604;-0,00093786
2021-02-19;0,00105784;-0,00176603;0,00282388
2021-02-22;-0,01110799;-0,00769185;-0,00341613
2021-02-23;-0,00423081;0,00121459;-0,00544540
2021-02-24;0,00907971;0,01101919;-0,00193947
2021-02-25;-0,02032557;-0,02409579;0,00377022
2021-02-26;-0,00337138;-0,00515252;0,00178114
2021-03-01;0,01914849;0,02424020;-0,00509171
2021-03-02;-0,00719059;-0,00780307;0,00061248
2021-03-03;-0,01494749;-0,01324585;-0,00170164
2021-03-04;-0,01470998;-0,01237491;-0,00233508
2021-03-05;0,00610961;0,01839666;-0,01228705
2021-03-08;-0,00500466;-0,00497871;-0,00002595
2021-03-09;0,01877143;0,01427746;0,00449397
2021-03-10;-0,00040356;0,00622459;-0,00662815
2021-03-11;0,01161497;0,01013908;0,00147588
2021-03-12;-0,00353667;0,00134678;-0,00488346
2021-03-15;0,00695630;0,00596354;0,00099276
2021-03-16;0,00538143;-0,00126130;0,00664274
2021-03-17;-0,00027964;0,00340997;-0,00368962
2021-03-18;-0,01369674;-0,01454967;0,00085293
2021-03-19;-0,00205085;-0,00185025;-0,00020060
2021-03-22;0,01024134;0,00798507;0,00225627
2021-03-23;-0,00354238;-0,00787092;0,00432854
2021-03-24;-0,00494210;-0,00508338;0,00014128
2021-03-25;-0,00325158;0,00562527;-0,00887685
2021-03-26;0,01418944;0,01611505;-0,00192561
2021-03-29;-0,00365189;-0,00050489;-0,00314699
2021-03-30;-0,00549143;-0,00265295;-0,00283848
2021-03-31;0,00932755;0,00405301;0,00527454
2021-04-01;0,01226218;0,01079927;0,00146291
2021-04-06;0,01288671;-0,00059075;0,01347746
2021-04-07;0,00319624;0,00115727;0,00203897
2021-04-08;0,01047051;0,00474685;0,00572366
2021-04-09;0,00424967;0,00727002;-0,00302035
2021-04-12;-0,00297010;0,00036469;-0,00333480
2021-04-13;0,00639853;0,00296377;0,00343476
2021-04-14;-0,00566375;-0,00341514;-0,00224862
2021-04-15;0,01194273;0,01074246;0,00120027
2021-04-16;0,00099084;0,00334221;-0,00235137
2021-04-19;-0,00779335;-0,00491296;-0,00288039
2021-04-20;-0,00639632;-0,00732157;0,00092524
2021-04-21;0,00851355;0,00946221;-0,00094866
2021-04-22;-0,00347238;-0,00913322;0,00566083
2021-04-23;0,00649743;0,01084235;-0,00434493
2021-04-26;0,00332581;0,00208773;0,00123808
2021-04-27;-0,00277999;-0,00021548;-0,00256450
2021-04-28;-0,00341742;-0,00028740;-0,00313002
2021-04-29;-0,00167835;0,00637283;-0,00805118
2021-04-30;-0,00578817;-0,00657072;0,00078255
2021-05-04;-0,01290750;-0,00616935;-0,00673816
2021-05-05;0,00200997;0,00031268;0,00169730
2021-05-06;0,00737735;0,00798567;-0,00060832
2021-05-07;0,00741340;0,00727805;0,00013535
2021-05-10;-0,01385955;-0,00990254;-0,00395701
2021-05-11;-0,00684693;-0,00892477;0,00207784
2021-05-12;-0,01617009;-0,02124520;0,00507512
2021-05-13;0,00772165;0,01201260;-0,00429095
2021-05-14;0,01429390;0,01535533;-0,00106143
2021-05-17;-0,00261476;-0,00254455;-0,00007021
2021-05-18;-0,00345650;-0,00861575;0,00515925
2021-05-19;-0,00211108;-0,00262165;0,00051057
2021-05-20;0,01411596;0,01075805;0,00335791
2021-05-21;-0,00181547;-0,00081881;-0,00099666
2021-05-24;0,01064932;0,01019421;0,00045511
2021-05-25;0,00152782;-0,00221857;0,00374639
2021-05-26;-0,00001108;0,00198445;-0,00199554
2021-05-27;-0,00291897;0,00052499;-0,00344397
2021-05-28;0,00307389;0,00178877;0,00128512
2021-06-01;-0,00230294;-0,00088105;-0,00142189
2021-06-02;0,00424221;0,00157265;0,00266956
2021-06-03;-0,00744917;-0,00371131;-0,00373785
2021-06-04;0,01123418;0,00914599;0,00208819
2021-06-07;0,00065588;-0,00097036;0,00162625
2021-06-08;-0,00009999;0,00021315;-0,00031314
2021-06-09;0,00124933;-0,00149187;0,00274120
2021-06-10;0,00371139;0,00464847;-0,00093708
2021-06-11;0,00190175;0,00165236;0,00024939
2021-06-14;0,00431207;0,00223902;0,00207304
2021-06-15;-0,00280313;-0,00183414;-0,00096899
2021-06-16;-0,00506468;-0,00558316;0,00051848
2021-06-17;0,00186263;-0,00033185;0,00219448
2021-06-18;-0,00659231;-0,01349054;0,00689822
2021-06-21;0,00737131;0,01431599;-0,00694468
2021-06-22;0,00508953;0,00534639;-0,00025686
2021-06-23;-0,00132505;-0,00120519;-0,00011986
2021-06-24;0,00526663;0,00591545;-0,00064883
2021-06-25;0,00066842;0,00355224;-0,00288382
2021-06-28;0,00503021;0,00201579;0,00301442
2021-06-29;0,00360454;0,00053797;0,00306657
2021-06-30;-0,00013247;0,00084168;-0,00097415
2021-07-01;0,00252878;0,00553679;-0,00300801
2021-07-02;0,00842059;0,00764348;0,00077711
2021-07-06;0,00192029;-0,00182156;0,00374185
2021-07-07;0,00488658;0,00353415;0,00135243
2021-07-08;-0,00724173;-0,00814805;0,00090632
2021-07-09;0,00690692;0,01067495;-0,00376803
2021-07-12;0,00049344;0,00358196;-0,00308852
2021-07-13;0,00325622;-0,00340908;0,00666530
2021-07-14;0,00402669;0,00149216;0,00253453
2021-07-15;-0,00511673;-0,00341550;-0,00170123
2021-07-16;-0,00611634;-0,00784347;0,00172713
2021-07-19;-0,00998345;-0,01476804;0,00478460
2021-07-20;0,01134239;0,01433041;-0,00298802
2021-07-21;0,00523569;0,00809627;-0,00286058
2021-07-22;0,00354148;0,00209415;0,00144733
2021-07-23;0,00678407;0,01028809;-0,00350403
2021-07-26;-0,00125603;0,00245458;-0,00371061
2021-07-27;-0,00736145;-0,00455738;-0,00280407
2021-07-28;0,00132933;-0,00041004;0,00173937
2021-07-29;0,00413320;0,00414737;-0,00001417
2021-07-30;-0,00177041;-0,00485649;0,00308609
2021-08-02;-0,00058802;-0,00209795;0,00150993
2021-08-03;0,00196215;0,00813543;-0,00617329
2021-08-04;0,00162386;-0,00491893;0,00654279
2021-08-05;0,00279016;0,00633292;-0,00354276
2021-08-06;-0,00297332;0,00165248;-0,00462580
2021-08-09;-0,00396034;-0,00081348;-0,00314686
2021-08-10;-0,00287892;0,00124388;-0,00412280
2021-08-11;0,00210863;0,00248490;-0,00037626
2021-08-12;0,00394149;0,00299679;0,00094470
2021-08-13;0,00535518;0,00181992;0,00353526
2021-08-16;0,00156260;0,00235459;-0,00079199
2021-08-17;-0,00290320;-0,00655509;0,00365189
2021-08-18;-0,00686365;-0,01094516;0,00408151
2021-08-19;0,00276548;0,00154844;0,00121704
2021-08-20;0,00865996;0,00795693;0,00070302
2021-08-23;0,00951746;0,00879659;0,00072087
2021-08-24;-0,00014724;0,00158734;-0,00173457
2021-08-25;-0,00094680;0,00209847;-0,00304527
2021-08-26;-0,00358958;-0,00590334;0,00231377
2021-08-27;0,00744190;0,00894100;-0,00149911
2021-08-31;0,00300448;-0,00148145;0,00448593
2021-09-01;0,00088974;0,00053133;0,00035842
2021-09-02;-0,00079481;0,00307694;-0,00387175
2021-09-03;0,00276348;-0,00024281;0,00300629
2021-09-07;-0,00185429;-0,00357574;0,00172145
2021-09-08;-0,00309421;-0,00121810;-0,00187611
2021-09-09;-0,00245126;-0,00428022;0,00182896
2021-09-10;-0,00652624;-0,00788469;0,00135844
2021-09-13;-0,00021945;0,00255930;-0,00277874
2021-09-14;0,00015377;-0,00539660;0,00555037
2021-09-15;0,00288800;0,00835270;-0,00546470
2021-09-16;-0,00195687;-0,00158514;-0,00037173
2021-09-17;-0,00874645;-0,00974106;0,00099461
2021-09-20;-0,01107730;-0,01667441;0,00559712
2021-09-21;0,00312276;-0,00094455;0,00406731
2021-09-22;0,00728757;0,00975494;-0,00246737
2021-09-23;0,00638172;0,01215006;-0,00576834
2021-09-24;0,00029404;0,00164729;-0,00135325
2021-09-27;-0,00500948;-0,00286097;-0,00214851
2021-09-28;-0,01813668;-0,02015196;0,00201528
2021-09-29;0,00124293;0,00168322;-0,00044028
2021-09-30;-0,00340226;-0,01222228;0,00882001
2021-10-01;0,00488010;0,01188401;-0,00700391
2021-10-04;-0,01386310;-0,01289602;-0,00096708
2021-10-05;0,00981689;0,01040497;-0,00058808
2021-10-06;0,00149602;0,00415598;-0,00265996
2021-10-07;0,00883786;0,00864570;0,00019217
2021-10-08;-0,00280472;-0,00182364;-0,00098107
2021-10-11;-0,00218682;-0,00723965;0,00505283
2021-10-12;-0,00383714;-0,00246176;-0,00137538
2021-10-13;0,00451695;0,00359758;0,00091937
2021-10-14;0,01527536;0,01682075;-0,00154539
2021-10-15;0,00238630;0,00761580;-0,00522951
2021-10-18;0,00495989;0,00296052;0,00199937
2021-10-19;0,00570151;0,00771491;-0,00201340
2021-10-20;0,00069931;0,00392777;-0,00322846
2021-10-21;0,00145052;0,00260829;-0,00115777
2021-10-22;0,00027179;-0,00103644;0,00130823
2021-10-25;0,00353918;0,00536292;-0,00182374
2021-10-26;0,00154284;0,00090002;0,00064282
2021-10-27;-0,00018754;-0,00443002;0,00424248
2021-10-28;0,00466154;0,00964867;-0,00498713
2021-10-29;0,00270829;0,00202912;0,00067917
2021-11-01;0,00167421;0,00172034;-0,00004613
2021-11-02;0,00614619;0,00404307;0,00210312
2021-11-03;0,00079502;0,00610515;-0,00531013
2021-11-04;0,01416457;0,00471260;0,00945197
2021-11-05;0,00623157;0,00346962;0,00276195
2021-11-08;0,00210980;0,00085383;0,00125597
2021-11-09;-0,00224307;-0,00330551;0,00106244
2021-11-10;-0,00592246;-0,00804473;0,00212227
2021-11-11;0,00393080;0,00032336;0,00360745
2021-11-12;0,00706910;0,00754689;-0,00047779
2021-11-15;-0,00066471;0,00034242;-0,00100714
2021-11-16;0,00488263;0,00395784;0,00092479
2021-11-17;-0,00202663;-0,00242929;0,00040266
2021-11-18;0,00433620;0,00339654;0,00093966
2021-11-19;0,00312227;-0,00178852;0,00491079
2021-11-22;-0,00763488;-0,00281503;-0,00481984
2021-11-23;-0,00472431;0,00132594;-0,00605025
2021-11-24;0,00495670;0,00266992;0,00228678
2021-11-26;-0,01884918;-0,02230308;0,00345390
2021-11-29;0,01544778;0,01226662;0,00318116
2021-11-30;-0,00726082;-0,01945775;0,01219693
2021-12-01;-0,00394169;-0,01110714;0,00716546
2021-12-02;-0,00063064;0,01531630;-0,01594694
2021-12-03;-0,00709632;-0,00870136;0,00160504
2021-12-06;0,00635180;0,01184330;-0,00549149
2021-12-07;0,02473790;0,02068494;0,00405296
2021-12-08;0,00202801;0,00264793;-0,00061991
2021-12-09;-0,00551567;-0,00675148;0,00123582
2021-12-10;0,00909404;0,00941348;-0,00031944
2021-12-13;-0,00786192;-0,00885836;0,00099644
2021-12-14;-0,01296070;-0,00688004;-0,00608066
2021-12-15;0,01452518;0,01562490;-0,00109972
2021-12-16;-0,01045375;-0,00881846;-0,00163529
2021-12-17;-0,00514397;-0,01064289;0,00549893
2021-12-20;-0,01101759;-0,01063332;-0,00038427
2021-12-21;0,01574141;0,01775896;-0,00201755
2021-12-22;0,01012919;0,00999875;0,00013044
2021-12-23;0,00437347;0,00622205;-0,00184859
2021-12-29;0,00956843;0,00127927;0,00828915
2021-12-30;-0,00210110;-0,00276436;0,00066326
2021-12-31;-0,00279874;-0,00252013;-0,00027861
2022-01-04;-0,00139359;-0,00033472;-0,00105887
2022-01-05;-0,01674731;-0,01920206;0,00245475
2022-01-06;-0,00844184;-0,00093947;-0,00750237
2022-01-07;-0,00528235;-0,00395341;-0,00132894
2022-01-10;-0,00325340;-0,00124442;-0,00200897
2022-01-11;0,01083347;0,00910816;0,00172531
2022-01-12;0,00386189;0,00270359;0,00115830
2022-01-13;-0,01407673;-0,01377848;-0,00029825
2022-01-14;0,00031864;0,00040887;-0,00009023
2022-01-18;-0,01296009;-0,01770954;0,00474945
2022-01-19;-0,00673212;-0,01038373;0,00365161
2022-01-20;-0,00511108;-0,01106791;0,00595683
2022-01-21;-0,01467286;-0,01963045;0,00495759
2022-01-24;-0,00587975;0,00424650;-0,01012625
2022-01-25;-0,00958609;-0,01220898;0,00262289
2022-01-26;0,00521081;-0,00250866;0,00771947
2022-01-27;-0,00456865;-0,00493804;0,00036938
2022-01-28;0,01777632;0,02483535;-0,00705903
2022-01-31;0,01880588;0,01801109;0,00079479
2022-02-01;0,00321570;0,00675702;-0,00354132
2022-02-02;0,00522721;0,00971395;-0,00448675
2022-02-03;-0,01730083;-0,02350509;0,00620426
2022-02-04;0,00135530;0,00470225;-0,00334694
2022-02-07;-0,00074445;-0,00320919;0,00246474
2022-02-08;0,00666575;0,00822781;-0,00156206
2022-02-09;0,01566690;0,01463599;0,00103091
2022-02-10;-0,01564244;-0,01796555;0,00232311
2022-02-11;-0,01513401;-0,01971863;0,00458462
2022-02-14;-0,00275585;-0,00326937;0,00051353
2022-02-15;0,01454709;0,01612684;-0,00157975
2022-02-16;-0,00066382;0,00112075;-0,00178457
2022-02-17;-0,01488688;-0,02136128;0,00647441
2022-02-18;-0,00801912;-0,00647503;-0,00154408
2022-02-22;-0,00630917;-0,01073184;0,00442268
2022-02-23;-0,01315382;-0,01773859;0,00458477
2022-02-24;0,01229877;0,01504930;-0,00275052
2022-02-25;0,01549255;0,02206384;-0,00657129
2022-02-28;0,00137605;-0,00255832;0,00393438
2022-03-01;-0,01007632;-0,01523036;0,00515403
2022-03-02;0,01165431;0,01839625;-0,00674194
2022-03-03;-0,00700060;-0,00497850;-0,00202210
2022-03-04;-0,00877177;-0,00812456;-0,00064720
2022-03-07;-0,01640560;-0,02947913;0,01307353
2022-03-08;-0,00215257;-0,00758188;0,00542931
2022-03-09;0,02048244;0,02681085;-0,00632841
2022-03-10;-0,01020984;-0,00451551;-0,00569433
2022-03-11;-0,00723272;-0,01271518;0,00548246
2022-03-14;-0,01277095;-0,00730828;-0,00546267
2022-03-15;0,01467378;0,02199043;-0,00731665
2022-03-16;0,02165098;0,02217412;-0,00052314
2022-03-17;0,00656131;0,01251101;-0,00594970
2022-03-18;0,01086014;0,01095287;-0,00009273
2022-03-21;0,00094201;-0,00029241;0,00123442
2022-03-22;0,00719261;0,01170124;-0,00450863
2022-03-23;-0,00545039;-0,01287818;0,00742779
2022-03-24;0,01388289;0,01507427;-0,00119138
2022-03-25;0,00014903;0,00488348;-0,00473445
2022-03-28;0,00538352;0,00711299;-0,00172948
2022-03-29;0,01474750;0,01237108;0,00237641
2022-03-30;-0,00587994;-0,00617489;0,00029495
2022-03-31;-0,00834067;-0,01539129;0,00705062
2022-04-01;-0,00455611;0,00283400;-0,00739011
2022-04-04;0,01184934;0,00856671;0,00328263
2022-04-05;-0,01191285;-0,01263138;0,00071853
2022-04-06;-0,01580702;-0,00999923;-0,00580779
2022-04-07;0,00083259;0,00503878;-0,00420619
2022-04-08;-0,00196637;-0,00267388;0,00070750
2022-04-11;-0,01531635;-0,01709245;0,00177611
2022-04-12;-0,00012275;-0,00370505;0,00358230
2022-04-13;0,00680719;0,01145341;-0,00464621
2022-04-14;-0,01211775;-0,01245160;0,00033385
2022-04-19;0,00963627;0,01614268;-0,00650641
2022-04-20;0,00146268;-0,00074171;0,00220439
2022-04-21;-0,00877933;-0,01495357;0,00617423
2022-04-22;-0,01841785;-0,02743906;0,00902122
2022-04-25;0,00051015;0,00579768;-0,00528752
2022-04-26;-0,01671698;-0,02896080;0,01224382
2022-04-27;0,00707561;0,00281163;0,00426399
2022-04-28;0,02181065;0,02525941;-0,00344876
2022-04-29;-0,02088025;-0,03695560;0,01607535
2022-05-03;0,00448568;0,00458399;-0,00009831
2022-05-04;0,01541877;0,03045297;-0,01503420
2022-05-05;-0,02062393;-0,03554272;0,01491879
2022-05-06;-0,00495460;-0,00596902;0,00101442
2022-05-09;-0,02836637;-0,03201712;0,00365076
2022-05-10;0,00427573;0,00231052;0,00196521
2022-05-11;-0,01040775;-0,01588619;0,00547844
2022-05-12;-0,01044340;-0,00104405;-0,00939934
2022-05-13;0,01985905;0,02390776;-0,00404870
2022-05-16;-0,00411733;-0,00405736;-0,00005996
2022-05-17;0,01214810;0,02057046;-0,00842235
2022-05-18;-0,02480742;-0,04031168;0,01550426
2022-05-19;-0,00762992;-0,00612457;-0,00150534
2022-05-20;0,00008846;0,00043636;-0,00034790
2022-05-23;0,01504671;0,01871016;-0,00366345
2022-05-24;-0,00875442;-0,00763376;-0,00112067
2022-05-25;0,00716666;0,00883497;-0,00166831
2022-05-26;0,01530899;0,01998122;-0,00467224
2022-05-27;0,01954778;0,02454929;-0,00500151
2022-05-31;-0,00492375;-0,00561103;0,00068728
2022-06-01;0,00005534;-0,00808854;0,00814388
2022-06-06;0,00169203;0,00304479;-0,00135275
2022-06-07;0,00449488;0,00959228;-0,00509740
2022-06-08;-0,00321813;-0,01087228;0,00765415
2022-06-09;-0,01673384;-0,02378281;0,00704896
2022-06-10;-0,02288923;-0,02899563;0,00610640
2022-06-13;-0,02995415;-0,03796838;0,00801423
2022-06-14;0,00218457;-0,00301295;0,00519752
2022-06-15;0,01265680;0,01425618;-0,00159938
2022-06-16;-0,02795877;-0,03309598;0,00513721
2022-06-17;0,00451142;0,00215570;0,00235571
2022-06-21;0,01576317;0,02517342;-0,00941024
2022-06-22;-0,00131565;-0,00181293;0,00049728
2022-06-23;0,00542609;0,00980249;-0,00437640
2022-06-24;0,02271531;0,03179396;-0,00907866
2022-06-27;-0,00114710;-0,00381969;0,00267259
2022-06-28;-0,01390338;-0,02043288;0,00652949
2022-06-29;-0,00143200;-0,00081431;-0,00061769
2022-06-30;-0,01059192;-0,00812441;-0,00246751
2022-07-01;0,00344821;0,01057671;-0,00712849
2022-07-05;0,00183173;0,00188856;-0,00005682
2022-07-06;0,00544666;0,00337730;0,00206937
2022-07-07;0,01275587;0,01497729;-0,00222142
2022-07-08;0,00138181;-0,00082267;0,00220448
2022-07-11;-0,00831640;-0,01142351;0,00310712
2022-07-12;-0,00673234;-0,00884913;0,00211679
2022-07-13;-0,00454852;-0,00525153;0,00070301
2022-07-14;0,00026756;-0,00242857;0,00269613
2022-07-15;0,01358679;0,01910504;-0,00551825
2022-07-18;-0,00426606;-0,00825701;0,00399095
2022-07-19;0,01575962;0,02701943;-0,01125981
2022-07-20;0,00992747;0,00637295;0,00355452
2022-07-21;0,00970077;0,01018332;-0,00048254
2022-07-22;-0,00703726;-0,00927821;0,00224094
2022-07-25;-0,00381555;0,00121512;-0,00503066
2022-07-26;-0,01045141;-0,01183107;0,00137967
2022-07-27;0,02390893;0,02596635;-0,00205742
2022-07-28;0,01169857;0,01254239;-0,00084383
2022-07-29;0,01037099;0,01457856;-0,00420757
2022-08-01;-0,00044789;-0,00296109;0,00251320
2022-08-02;-0,00438665;-0,00659741;0,00221076
2022-08-03;0,01590759;0,01565958;0,00024800
2022-08-04;0,00516416;-0,00067573;0,00583989
2022-08-05;-0,00269925;-0,00169005;-0,00100920
2022-08-08;-0,00074955;-0,00116087;0,00041132
2022-08-09;-0,00651189;-0,00397098;-0,00254091
2022-08-10;0,01457732;0,02100388;-0,00642656
2022-08-11;-0,00006224;0,00000000;-0,00006224
2022-08-12;0,01317585;0,01692908;-0,00375322
2022-08-15;0,00334728;0,00412081;-0,00077352
2022-08-16;-0,00089089;0,00195864;-0,00284953
2022-08-17;-0,00545682;-0,00709810;0,00164128
2022-08-18;0,00421859;0,00290643;0,00131216
2022-08-19;-0,00937584;-0,01343780;0,00406196
2022-08-22;-0,01776176;-0,02082271;0,00306095
2022-08-23;-0,00303113;-0,00241922;-0,00061191
2022-08-24;0,00274958;0,00320124;-0,00045166
2022-08-25;0,00941358;0,01411748;-0,00470390
2022-08-26;-0,02452341;-0,03384916;0,00932574
2022-08-30;-0,01639283;-0,01097778;-0,00541504
2022-08-31;-0,00624013;-0,00760920;0,00136908
2022-09-01;-0,00620000;0,00313788;-0,00933788
2022-09-02;0,00070239;-0,01054439;0,01124678
2022-09-06;-0,00831430;-0,00377304;-0,00454126
2022-09-07;0,01013188;0,01796489;-0,00783301
2022-09-08;0,00428850;0,00653630;-0,00224780
2022-09-09;0,01257949;0,01553524;-0,00295575
2022-09-12;0,00976546;0,01074763;-0,00098217
2022-09-13;-0,03078219;-0,04348245;0,01270026
2022-09-14;-0,00246561;0,00381581;-0,00628142
2022-09-15;-0,01291614;-0,01135334;-0,00156281
2022-09-16;-0,00493371;-0,00762877;0,00269506
2022-09-20;0,00043991;-0,01147841;0,01191832
2022-09-21;-0,00399418;-0,01744396;0,01344978
2022-09-22;-0,01051871;-0,00839995;-0,00211876
2022-09-23;-0,00650123;-0,01675484;0,01025361
2022-09-26;0,00064101;-0,00989247;0,01053348
2022-09-27;-0,00291627;-0,00255288;-0,00036339
2022-09-28;0,00980898;0,01967660;-0,00986761
2022-09-29;-0,02158119;-0,02088917;-0,00069202
2022-09-30;-0,00881983;-0,01546337;0,00664354
2022-10-03;0,01376717;0,02640103;-0,01263386
2022-10-04;0,02370631;0,03098677;-0,00728045
2022-10-05;0,00134213;-0,00232828;0,00367041
2022-10-06;-0,00062470;-0,01031582;0,00969112
2022-10-07;-0,02497209;-0,02789392;0,00292183
2022-10-10;-0,01193326;-0,00763522;-0,00429804
2022-10-11;-0,00997634;-0,00633316;-0,00364318
2022-10-12;-0,00064984;-0,00329866;0,00264882
2022-10-13;0,00775495;0,02639138;-0,01863643
2022-10-14;-0,01075535;-0,02278863;0,01203328
2022-10-17;0,01283357;0,02569694;-0,01286337
2022-10-18;0,00831029;0,01174957;-0,00343928
2022-10-19;-0,00208161;-0,00708654;0,00500493
2022-10-20;0,00021134;-0,00838517;0,00859651
2022-10-21;0,01423796;0,02430143;-0,01006346
2022-10-24;0,00936526;0,01223644;-0,00287118
2022-10-25;0,00963828;0,01596841;-0,00633013
2022-10-26;-0,00869731;-0,00753402;-0,00116329
2022-10-27;-0,00793455;-0,00533999;-0,00259456
2022-10-28;0,01869980;0,02379075;-0,00509095
2022-10-31;-0,00420342;-0,00722335;0,00301993
2022-11-01;-0,00167636;-0,00437599;0,00269963
2022-11-02;-0,01827445;-0,02509615;0,00682170
2022-11-03;-0,01258676;-0,01029668;-0,00229008
2022-11-04;0,01138715;0,01439294;-0,00300579
2022-11-07;0,00608214;0,00956553;-0,00348339
2022-11-08;0,00982416;0,00539541;0,00442875
2022-11-09;-0,01183756;-0,02060197;0,00876441
2022-11-10;0,04396201;0,05495432;-0,01099231
2022-11-11;0,00959067;0,00967840;-0,00008773
2022-11-14;-0,00088019;-0,00850679;0,00762660
2022-11-15;0,00485089;0,00852898;-0,00367809
2022-11-16;-0,00985709;-0,00762875;-0,00222834
2022-11-17;-0,00156650;-0,00305991;0,00149341
2022-11-18;-0,00063627;0,00454044;-0,00517671
2022-11-21;-0,00495379;-0,00363599;-0,00131780
2022-11-22;0,01007324;0,01345703;-0,00338379
2022-11-23;0,00405577;0,00630163;-0,00224586
2022-11-25;-0,00252006;-0,00022381;-0,00229626
2022-11-28;-0,01198853;-0,01595693;0,00396840
2022-11-29;-0,00504174;-0,00171760;-0,00332414
2022-11-30;0,02655248;0,03150063;-0,00494815
2022-12-01;0,00373457;-0,00073589;0,00447046
2022-12-02;-0,00437676;-0,00115365;-0,00322311
2022-12-05;-0,01093628;-0,01798935;0,00705307
2022-12-06;-0,01398671;-0,01441472;0,00042801
2022-12-07;-0,00197070;-0,00170119;-0,00026952
2022-12-08;0,00904454;0,00783387;0,00121067
2022-12-09;-0,00316550;-0,00747010;0,00430460
2022-12-12;0,00819070;0,01441723;-0,00622653
2022-12-13;0,01220133;0,00756980;0,00463152
2022-12-14;-0,00520442;-0,00639361;0,00118919
2022-12-15;-0,02485423;-0,02446164;-0,00039258
2022-12-16;-0,00679638;-0,01180603;0,00500966
2022-12-19;-0,00762469;-0,00847976;0,00085508
2022-12-20;0,00357527;0,00136845;0,00220682
2022-12-21;0,01271408;0,01495248;-0,00223840
2022-12-22;-0,01653992;-0,01426614;-0,00227378
2022-12-23;0,00172045;0,00575238;-0,00403192
2022-12-28;-0,01162532;-0,01242775;0,00080243
2022-12-29;0,01490167;0,01800027;-0,00309860
2022-12-30;-0,00080002;-0,00263417;0,00183415
2023-01-03;-0,00170297;-0,00420968;0,00250671
2023-01-04;0,00446985;0,00772003;-0,00325019
2023-01-05;-0,01032945;-0,01141328;0,00108383
2023-01-06;0,01723062;0,02293186;-0,00570124
2023-01-09;0,00717839;-0,00056664;0,00774503
2023-01-10;0,00082946;0,00701278;-0,00618333
2023-01-11;0,01137059;0,01264784;-0,00127725
2023-01-12;0,00670334;0,00364099;0,00306236
2023-01-13;0,00340407;0,00387919;-0,00047513
2023-01-17;0,00127218;-0,00183167;0,00310385
2023-01-18;-0,00952538;-0,01578814;0,00626276
2023-01-19;-0,00720705;-0,00727989;0,00007284
2023-01-20;0,01410830;0,01862912;-0,00452082
2023-01-23;0,01551778;0,01199858;0,00351920
2023-01-24;0,00104382;-0,00107324;0,00211706
2023-01-25;-0,00264379;0,00037491;-0,00301869
2023-01-26;0,00800819;0,01099032;-0,00298212
2023-01-27;0,00357707;0,00229764;0,00127943
2023-01-30;-0,00985338;-0,01254667;0,00269330
2023-01-31;0,00800777;0,01470300;-0,00669523
2023-02-01;0,01407248;0,01062812;0,00344435
2023-02-02;0,01662429;0,01455690;0,00206739
2023-02-03;-0,00466630;-0,01062920;0,00596290
2023-02-06;-0,00749898;-0,00611137;-0,00138761
2023-02-07;0,01130757;0,01307861;-0,00177104
2023-02-08;-0,00606134;-0,01093473;0,00487339
2023-02-09;-0,00446503;-0,00866928;0,00420425
2023-02-10;-0,00324901;0,00233374;-0,00558275
2023-02-13;0,00883046;0,01173909;-0,00290864
2023-02-14;0,00036183;-0,00046023;0,00082206
2023-02-15;0,00501485;0,00324729;0,00176756
2023-02-16;-0,00800157;-0,01376888;0,00576731
2023-02-17;-0,00872804;-0,00249814;-0,00622990
2023-02-21;-0,01656426;-0,02006087;0,00349661
2023-02-22;-0,00133347;-0,00137808;0,00004461
2023-02-23;0,00742557;0,00531931;0,00210626
2023-02-24;-0,00998140;-0,01068238;0,00070097
2023-02-27;0,00369492;0,00340586;0,00028906
2023-02-28;-0,00270258;-0,00369602;0,00099344
2023-03-01;-0,00154364;-0,00383595;0,00229231
2023-03-02;0,00670194;0,00777736;-0,00107541
2023-03-03;0,01550920;0,01603783;-0,00052864
2023-03-06;0,00320434;0,00069282;0,00251152
2023-03-07;-0,00869223;-0,01532879;0,00663656
2023-03-08;0,00343225;0,00163214;0,00180011
2023-03-09;-0,00667933;-0,01844987;0,01177054
2023-03-10;-0,01172590;-0,01442937;0,00270347
2023-03-13;-0,00040043;-0,00142531;0,00102488
2023-03-14;0,01295572;0,01653005;-0,00357433
2023-03-15;-0,00245638;-0,00625431;0,00379793
2023-03-16;0,01715534;0,01754520;-0,00038986
2023-03-17;0,00153071;-0,01169276;0,01322347
2023-03-20;0,00073799;0,00961569;-0,00887770
2023-03-21;0,00583820;0,01313050;-0,00729230
2023-03-22;-0,00195272;-0,01704650;0,01509379
2023-03-23;0,00806724;0,00270333;0,00536392
2023-03-24;-0,00280325;0,00656191;-0,00936516
2023-03-27;-0,00315690;0,00186992;-0,00502682
2023-03-28;-0,00226820;-0,00224461;-0,00002359
2023-03-29;0,01194846;0,01453489;-0,00258643
2023-03-30;0,00879796;0,00585518;0,00294278
2023-03-31;0,00792912;0,01409472;-0,00616560
2023-04-03;0,00137642;0,00381048;-0,00243406
2023-04-04;-0,00198990;-0,00554819;0,00355829
2023-04-05;-0,00621855;-0,00261822;-0,00360033
2023-04-06;0,00245598;0,00390093;-0,00144495
2023-04-11;-0,00311589;0,00026873;-0,00338462
2023-04-12;-0,00217237;-0,00407607;0,00190369
2023-04-13;0,01114893;0,01328270;-0,00213377
2023-04-14;-0,00313389;-0,00244256;-0,00069133
2023-04-17;0,00218883;0,00358817;-0,00139935
2023-04-18;0,00204309;0,00065212;0,00139098
2023-04-19;-0,00303545;-0,00016887;-0,00286658
2023-04-20;-0,00297701;-0,00545708;0,00248007
2023-04-21;-0,00257066;0,00077680;-0,00334746
2023-04-24;-0,00226336;0,00104332;-0,00330667
2023-04-25;-0,00968436;-0,01587383;0,00618947
2023-04-26;0,00337129;-0,00423569;0,00760698
2023-04-27;0,01054356;0,01990800;-0,00936444
2023-04-28;0,00624197;0,00853524;-0,00229327
2023-05-02;-0,00335822;-0,01123920;0,00788098
2023-05-03;-0,00260923;-0,00686398;0,00425475
2023-05-04;-0,00454475;-0,00708301;0,00253826
2023-05-05;0,01177590;0,01851261;-0,00673670
2023-05-09;-0,00231664;-0,00438534;0,00206871
2023-05-10;0,00578969;0,00467229;0,00111740
2023-05-11;-0,00161277;-0,00174411;0,00013133
2023-05-12;-0,00044094;-0,00131019;0,00086925
2023-05-15;0,00423168;0,00344999;0,00078169
2023-05-16;-0,00147748;-0,00668242;0,00520493
2023-05-17;0,00593966;0,01213870;-0,00619904
2023-05-18;0,01158706;0,00963320;0,00195386
2023-05-19;0,00119596;-0,00145508;0,00265104
2023-05-22;0,00212444;0,00040619;0,00171825
2023-05-23;-0,00824541;-0,01122277;0,00297736
2023-05-24;-0,00805385;-0,00724469;-0,00080916
2023-05-25;0,01837553;0,00865971;0,00971582
2023-05-26;0,01765081;0,01295082;0,00470000
2023-05-30;0,00199191;0,00038076;0,00161115
2023-05-31;-0,00657040;-0,00554519;-0,00102521
2023-06-01;0,00671772;0,00950119;-0,00278348
2023-06-02;0,00611790;0,01446106;-0,00834316
2023-06-05;-0,00063941;-0,00191628;0,00127688
2023-06-06;0,00011777;0,00217739;-0,00205962
2023-06-07;-0,01020472;-0,00345765;-0,00674707
2023-06-08;0,00575851;0,00604855;-0,00029004
2023-06-09;0,00219952;0,00179426;0,00040525
2023-06-12;0,01299130;0,00907195;0,00391935
2023-06-13;0,00314796;0,00659303;-0,00344507
2023-06-14;0,00498169;0,00119079;0,00379090
2023-06-15;0,00709707;0,01239765;-0,00530058
2023-06-16;-0,00441514;-0,00340618;-0,00100896
2023-06-20;-0,00668122;-0,00518829;-0,00149293
2023-06-21;-0,00761739;-0,00512376;-0,00249363
2023-06-22;0,00207143;0,00360971;-0,00153828
2023-06-23;-0,00655092;-0,00756000;0,00100908
2023-06-26;-0,00350891;-0,00408567;0,00057676
2023-06-27;0,00966801;0,01096331;-0,00129530
2023-06-28;0,00341376;0,00050431;0,00290945
2023-06-29;0,00175293;0,00394150;-0,00218856
2023-06-30;0,00996477;0,01180055;-0,00183579
2023-07-03;0,00020376;0,00115059;-0,00094683
2023-07-05;-0,00503167;-0,00148710;-0,00354457
2023-07-06;-0,00566210;-0,00783079;0,00216868
2023-07-07;-0,00205367;-0,00252474;0,00047107
2023-07-10;0,00135557;0,00253113;-0,00117556
2023-07-11;0,00162779;0,00636847;-0,00474068
2023-07-12;0,00989484;0,00804611;0,00184872
2023-07-13;0,00630305;0,00793679;-0,00163374
2023-07-14;-0,00059310;-0,00062267;0,00002958
2023-07-17;0,00705133;0,00347207;0,00357925
2023-07-18;0,00877938;0,00743058;0,00134880
2023-07-19;0,00374640;0,00222379;0,00152261
2023-07-20;-0,01129017;-0,00663449;-0,00465568
2023-07-21;-0,00067428;0,00000000;-0,00067428
2023-07-24;0,00084967;0,00446727;-0,00361760
2023-07-25;0,00640415;0,00273007;0,00367409
2023-07-26;-0,00765740;0,00015385;-0,00781125
2023-07-27;-0,00055077;-0,00663012;0,00607935
2023-07-28;0,00805199;0,00979026;-0,00173827
2023-07-31;0,00144840;0,00190407;-0,00045567
2023-08-01;0,00028669;-0,00286151;0,00314820
2023-08-02;-0,01578387;-0,01391080;-0,00187307
2023-08-03;-0,00346596;-0,00286580;-0,00060016
2023-08-04;-0,00583734;-0,00452289;-0,00131445
2023-08-07;-0,00023997;0,00872849;-0,00896846
2023-08-08;-0,00558047;-0,00434859;-0,00123189
2023-08-09;-0,00667829;-0,00668531;0,00000702
2023-08-10;0,00182360;0,00035888;0,00146473
2023-08-11;-0,00603383;-0,00058295;-0,00545088
2023-08-14;0,00845989;0,00551989;0,00294000
2023-08-15;-0,00783358;-0,01164883;0,00381525
2023-08-16;-0,00689579;-0,00733816;0,00044237
2023-08-17;-0,00727383;-0,00761973;0,00034590
2023-08-18;-0,00103134;0,00048108;-0,00151242
2023-08-21;0,01050454;0,00650638;0,00399817
2023-08-22;0,00132151;-0,00270856;0,00403007
2023-08-23;0,01273191;0,01113781;0,00159410
2023-08-24;-0,01165479;-0,01385907;0,00220428
2023-08-25;0,00499057;0,00704965;-0,00205909
2023-08-29;0,02084030;0,01445469;0,00638561
2023-08-30;0,00387916;0,00411873;-0,00023957
2023-08-31;0,00352023;-0,00146322;0,00498346
2023-09-01;0,00290248;0,00186503;0,00103745
2023-09-05;0,00067142;-0,00432177;0,00499319
2023-09-06;-0,00686228;-0,00672251;-0,00013977
2023-09-07;-0,00748289;-0,00307023;-0,00441266
2023-09-08;0,00209611;0,00150605;0,00059006
2023-09-11;0,00255145;0,00657672;-0,00402527
2023-09-12;-0,00902679;-0,00548564;-0,00354115
2023-09-13;0,00077573;0,00116590;-0,00039017
2023-09-14;0,00693522;0,00862255;-0,00168733
2023-09-15;-0,00932730;-0,01204839;0,00272109
2023-09-18;0,00247701;0,00058643;0,00189058
2023-09-19;-0,00167348;-0,00207376;0,00040028
2023-09-20;-0,00636975;-0,00919341;0,00282365
2023-09-21;-0,01185022;-0,01652836;0,00467814
2023-09-22;0,00211853;-0,00224857;0,00436711
2023-09-25;-0,00011924;0,00420521;-0,00432445
2023-09-26;-0,01134801;-0,01469118;0,00334317
2023-09-27;-0,00122245;0,00039920;-0,00162165
2023-09-28;0,00296975;0,00579732;-0,00282757
2023-09-29;0,00099637;-0,00242694;0,00342331
2023-10-02;0,00332652;-0,00039771;0,00372423
2023-10-03;-0,01174093;-0,01338610;0,00164516
2023-10-04;0,00520560;0,00728206;-0,00207646
2023-10-05;0,00037932;-0,00037686;0,00075618
2023-10-06;0,01122319;0,01187285;-0,00064966
2023-10-09;0,00644717;0,00640234;0,00004483
2023-10-10;0,00446344;0,00520462;-0,00074118
2023-10-11;0,00421270;0,00409640;0,00011630
2023-10-12;0,00247991;-0,00609653;0,00857644
2023-10-13;-0,00408646;-0,00498080;0,00089434
2023-10-16;0,00522648;0,01052135;-0,00529487
2023-10-17;-0,00181471;-0,00004582;-0,00176889
2023-10-18;-0,00477299;-0,01332509;0,00855211
2023-10-19;-0,00276146;-0,00878638;0,00602492
2023-10-20;-0,01249566;-0,01228805;-0,00020761
2023-10-23;-0,00125974;-0,00173323;0,00047349
2023-10-24;0,00494475;0,00753939;-0,00259464
2023-10-25;-0,00583203;-0,01435219;0,00852016
2023-10-26;-0,01195189;-0,01197454;0,00002265
2023-10-27;0,00314803;-0,00453281;0,00768085
2023-10-30;0,00503475;0,01195580;-0,00692105
2023-10-31;0,00429886;0,00628024;-0,00198138
2023-11-01;0,01138849;0,01066477;0,00072372
2023-11-02;0,01347226;0,01916427;-0,00569200
2023-11-03;0,00559475;0,00912338;-0,00352863
2023-11-06;0,00158057;0,00230056;-0,00071999
2023-11-07;0,00690697;0,00284605;0,00406093
2023-11-08;0,00110509;0,00073227;0,00037282
2023-11-09;-0,00009322;-0,00779869;0,00770547
2023-11-10;0,01173288;0,01560479;-0,00387191
2023-11-13;-0,00109186;-0,00095311;-0,00013876
2023-11-14;0,01247787;0,01940077;-0,00692290
2023-11-15;0,00200012;0,00211702;-0,00011689
2023-11-16;0,00301586;0,00122316;0,00179270
2023-11-17;0,00030940;0,00124375;-0,00093436
2023-11-20;0,00742152;0,00769749;-0,00027596
2023-11-21;-0,00357736;-0,00217922;-0,00139815
2023-11-22;0,00391316;0,00386069;0,00005246
2023-11-24;-0,00243362;0,00061540;-0,00304902
2023-11-27;0,00069353;-0,00180097;0,00249450
2023-11-28;0,00191086;0,00099007;0,00092079
2023-11-29;0,00061966;-0,00070336;0,00132303
2023-11-30;0,00050455;0,00393750;-0,00343295
2023-12-01;0,00493523;0,00591586;-0,00098064
2023-12-04;-0,00974430;-0,00524955;-0,00449475
2023-12-05;0,00354296;-0,00019685;0,00373981
2023-12-06;-0,00318158;-0,00402977;0,00084819
2023-12-07;0,00710211;0,00763029;-0,00052818
2023-12-08;0,00389182;0,00429918;-0,00040736
2023-12-11;0,00368980;0,00388953;-0,00019973
2023-12-12;0,00424333;0,00456714;-0,00032381
2023-12-13;0,00904467;0,01379020;-0,00474553
2023-12-14;-0,00060076;0,00320937;-0,00381012
2023-12-15;0,00257775;-0,00164653;0,00422428
2023-12-18;0,00341350;0,00562516;-0,00221166
2023-12-19;0,00249444;0,00608088;-0,00358644
2023-12-20;-0,00647124;-0,01385726;0,00738603
2023-12-21;0,00558579;0,00948188;-0,00389609
2023-12-22;0,00086423;0,00200973;-0,00114550
2023-12-27;0,00439803;0,00180823;0,00258980
2023-12-28;0,00122597;0,00037765;0,00084832
2023-12-29;-0,00165968;-0,00289505;0,00123538
2024-01-02;-0,01408322;-0,00559632;-0,00848690
2024-01-03;-0,00879327;-0,00816668;-0,00062659
2024-01-04;-0,00372478;-0,00322108;-0,00050371
2024-01-05;-0,00146235;0,00136960;-0,00283195
2024-01-08;0,01215038;0,01427599;-0,00212561
2024-01-09;0,00258135;-0,00151719;0,00409855
2024-01-10;0,00463867;0,00565553;-0,00101687
2024-01-11;0,00209030;-0,00044054;0,00253084
2024-01-12;0,00432026;0,00069265;0,00362761
2024-01-16;0,00078172;-0,00367124;0,00445297
2024-01-17;-0,00655630;-0,00555870;-0,00099761
2024-01-18;0,01271520;0,00889281;0,00382239
2024-01-19;0,01415663;0,01246628;0,00169035
2024-01-22;0,00375534;0,00211419;0,00164115
2024-01-23;0,00276589;0,00291648;-0,00015059
2024-01-24;0,00384108;0,00109320;0,00274788
2024-01-25;0,00326744;0,00543891;-0,00217147
2024-01-26;-0,00575868;-0,00127027;-0,00448841
2024-01-29;0,00627523;0,00791924;-0,00164401
2024-01-30;-0,00254432;-0,00077349;-0,00177083
2024-01-31;-0,01341287;-0,01631726;0,00290439
2024-02-01;0,00724319;0,01308811;-0,00584492
2024-02-02;0,00811709;0,01052743;-0,00241033
2024-02-05;0,00161142;-0,00364120;0,00525261
2024-02-06;-0,00183111;0,00290325;-0,00473436
2024-02-07;0,00763883;0,00834050;-0,00070167
2024-02-08;0,00197047;0,00044162;0,00152885
2024-02-09;0,00719292;0,00577934;0,00141358
2024-02-12;-0,00233750;-0,00043883;-0,00189867
2024-02-13;-0,01421876;-0,01377311;-0,00044564
2024-02-14;0,00706033;0,00908773;-0,00202740
2024-02-15;0,00129644;0,00689973;-0,00560329
2024-02-16;-0,00320292;-0,00498004;0,00177712
2024-02-20;-0,00765139;-0,00550538;-0,00214600
2024-02-21;-0,00324220;0,00090595;-0,00414815
2024-02-22;0,02125312;0,02069542;0,00055769
2024-02-23;-0,00005435;0,00068960;-0,00074395
2024-02-26;-0,00012134;-0,00366252;0,00354117
2024-02-27;-0,00011989;0,00185781;-0,00197770
2024-02-28;-0,00195312;-0,00132164;-0,00063148
2024-02-29;0,00693132;0,00359484;0,00333648
2024-03-01;0,01428118;0,00938827;0,00489291
2024-03-04;0,00175081;-0,00107240;0,00282320
2024-03-05;-0,01431659;-0,00999401;-0,00432258
2024-03-06;0,00642179;0,00506719;0,00135460
2024-03-07;0,01010826;0,00992633;0,00018193
2024-03-08;-0,00774093;-0,00600203;-0,00173890
2024-03-11;-0,00222906;-0,00085999;-0,00136908
2024-03-12;0,01183843;0,01075741;0,00108102
2024-03-13;-0,00452149;-0,00156747;-0,00295402
2024-03-14;-0,00064854;-0,00197688;0,00132834
2024-03-15;-0,00958210;-0,00686665;-0,00271545
2024-03-18;0,00481098;0,00594316;-0,00113218
2024-03-19;0,00280623;0,00555721;-0,00275098
2024-03-20;0,00806511;0,00924934;-0,00118423
2024-03-21;0,00497960;0,00330467;0,00167493
2024-03-22;-0,00082229;-0,00189581;0,00107352
2024-03-25;-0,00406513;-0,00276283;-0,00130229
2024-03-26;-0,00102688;-0,00184697;0,00082009
2024-03-27;0,00334688;0,00840386;-0,00505699
2024-03-28;0,00150952;-0,00019116;0,00170068
2024-04-02;-0,00155733;-0,00635832;0,00480098
2024-04-03;0,00304170;0,00109854;0,00194316
2024-04-04;-0,00855783;-0,01220609;0,00364826
2024-04-05;0,00657833;0,01044692;-0,00386859
2024-04-08;0,00070971;0,00055950;0,00015022
2024-04-09;0,00168729;0,00115661;0,00053068
2024-04-10;-0,00686878;-0,01001317;0,00314439
2024-04-11;0,01336904;0,00754686;0,00582218
2024-04-12;-0,00926067;-0,01380297;0,00454230
2024-04-15;-0,00790847;-0,01252817;0,00461970
2024-04-16;-0,00289725;-0,00182385;-0,00107340
2024-04-17;-0,00977264;-0,00591818;-0,00385446
2024-04-18;-0,00450074;-0,00205777;-0,00244297
2024-04-19;-0,01111000;-0,00872827;-0,00238173
2024-04-22;0,00216531;0,00920901;-0,00704370
2024-04-23;0,00896878;0,01186664;-0,00289786
2024-04-24;0,00224857;-0,00047459;0,00272316
2024-04-25;-0,00392221;-0,00379890;-0,00012331
2024-04-26;0,01056527;0,00947395;0,00109132
2024-04-29;0,00108668;0,00354143;-0,00245474
2024-04-30;-0,01501818;-0,01584129;0,00082310
2024-05-01;-0,00595346;-0,00324715;-0,00270631
2024-05-02;0,00784105;0,00935358;-0,00151252
2024-05-03;0,01689654;0,01239533;0,00450121
2024-05-07;0,00896508;0,00110348;0,00786160
2024-05-08;0,00157665;0,00009660;0,00148005
2024-05-09;0,00292975;0,00576211;-0,00283235
2024-05-10;0,00369166;0,00128805;0,00240361
2024-05-13;0,00030170;0,00013425;0,00016745
2024-05-14;0,00548090;0,00458816;0,00089274
2024-05-15;0,01493061;0,01238325;0,00254737
2024-05-16;-0,00129503;-0,00205764;0,00076261
2024-05-17;-0,00031596;0,00143766;-0,00175362
2024-05-20;0,00786367;0,00115194;0,00671174
2024-05-21;-0,00024456;0,00245258;-0,00269715
2024-05-22;-0,00190596;-0,00287940;0,00097344
2024-05-23;-0,00704839;-0,00730393;0,00025554
2024-05-24;0,00375399;0,00661604;-0,00286204
2024-05-28;0,00300561;0,00069899;0,00230662
2024-05-29;-0,00565739;-0,00700275;0,00134536
2024-05-30;-0,01245959;-0,00663334;-0,00582625
2024-05-31;-0,00103021;0,00910821;-0,01013842
2024-06-03;0,00406990;0,00081512;0,00325478
2024-06-04;-0,00081892;0,00111801;-0,00193693
2024-06-05;0,01624228;0,01188518;0,00435711
2024-06-06;0,00024765;-0,00001887;0,00026653
2024-06-07;-0,00301032;-0,00121574;-0,00179458
2024-06-10;0,00209020;0,00308965;-0,00099946
2024-06-11;0,00967823;0,00240846;0,00726978
2024-06-12;0,01393389;0,00821288;0,00572102
2024-06-13;0,00257743;0,00201386;0,00056358
2024-06-14;0,00452900;0,00060827;0,00392073
2024-06-17;0,00794826;0,00795883;-0,00001057
2024-06-18;0,00292058;0,00254083;0,00037975
2024-06-20;-0,00320753;-0,00271679;-0,00049074
2024-06-21;-0,00383395;-0,00134049;-0,00249345
2024-06-24;-0,01231053;-0,00325062;-0,00905990
2024-06-25;0,00865979;0,00385087;0,00480892
2024-06-26;-0,00149576;0,00124816;-0,00274392
2024-06-27;0,00184574;0,00157635;0,00026940
2024-06-28;0,00109321;-0,00393507;0,00502828
2024-07-01;0,00321331;0,00205802;0,00115529
2024-07-02;0,00257328;0,00672978;-0,00415649
2024-07-03;0,00936123;0,00446252;0,00489871
2024-07-05;0,00391313;0,00576648;-0,00185335
2024-07-08;0,00223350;0,00115387;0,00107962
2024-07-09;0,00034033;0,00097251;-0,00063218
2024-07-10;0,00869362;0,00989539;-0,00120178
2024-07-11;-0,01212347;-0,00862279;-0,00350068
2024-07-12;0,00547408;0,00630751;-0,00083344
2024-07-15;0,00164599;0,00275007;-0,00110407
2024-07-16;0,00115895;0,00593034;-0,00477139
2024-07-17;-0,02392669;-0,01402113;-0,00990556
2024-07-18;-0,00206872;-0,00768498;0,00561626
2024-07-19;-0,01180892;-0,00664042;-0,00516850
2024-07-22;0,01358464;0,01030974;0,00327490
2024-07-23;0,00013982;-0,00156851;0,00170832
2024-07-24;-0,02689253;-0,02266253;-0,00423000
2024-07-25;-0,00825737;-0,00521031;-0,00304706
2024-07-26;0,00900307;0,01119955;-0,00219649
2024-07-29;-0,00231065;0,00058792;-0,00289857
2024-07-30;-0,01179470;-0,00506656;-0,00672814
2024-07-31;0,02849832;0,01625473;0,01224359
2024-08-01;-0,02196050;-0,01416098;-0,00779952
2024-08-02;-0,02256095;-0,01861849;-0,00394246
2024-08-05;-0,02268890;-0,02912364;0,00643473
2024-08-06;0,00826161;0,00921949;-0,00095788
2024-08-07;-0,00516697;-0,00668381;0,00151683
2024-08-08;0,02052350;0,02311724;-0,00259374
2024-08-09;0,00325781;0,00440957;-0,00115176
2024-08-12;0,00731216;0,00052552;0,00678664
2024-08-13;0,01736472;0,01644538;0,00091934
2024-08-14;0,00357874;0,00315478;0,00042396
2024-08-15;0,01852494;0,01714040;0,00138454
2024-08-16;0,00385252;0,00224211;0,00161041
2024-08-19;0,00916827;0,00956143;-0,00039316
2024-08-20;-0,00174520;-0,00162617;-0,00011902
2024-08-21;0,00300017;0,00343646;-0,00043629
2024-08-22;-0,01444546;-0,00784851;-0,00659695
2024-08-23;0,00973037;0,01062550;-0,00089513
2024-08-27;-0,00343618;0,00137307;-0,00480925
2024-08-28;-0,00862653;-0,00580519;-0,00282135
2024-08-29;-0,00150677;0,00008942;-0,00159619
2024-08-30;0,00518369;0,00954619;-0,00436250
2024-09-03;-0,02530253;-0,02057903;-0,00472351
2024-09-04;-0,00426139;-0,00204683;-0,00221456
2024-09-05;-0,00120310;-0,00243218;0,00122908
2024-09-06;-0,01748528;-0,01683020;-0,00065507
2024-09-09;0,01214680;0,01119614;0,00095066
2024-09-10;0,00872266;0,00435580;0,00436686
2024-09-11;0,01652859;0,01025908;0,00626952
2024-09-12;0,01106432;0,00842323;0,00264109
2024-09-13;0,00580354;0,00522278;0,00058076
2024-09-16;-0,00337629;0,00147670;-0,00485299
2024-09-17;0,00028115;0,00040873;-0,00012759
2024-09-18;-0,00785736;-0,00296582;-0,00489153
2024-09-19;0,02051020;0,01706438;0,00344582
2024-09-20;-0,00230456;-0,00172871;-0,00057584
2024-09-23;0,00018642;0,00249869;-0,00231227
2024-09-24;0,00580154;0,00286149;0,00294006
2024-09-25;0,00196771;-0,00220546;0,00417318
2024-09-26;0,00759132;0,00396458;0,00362674
2024-09-27;-0,00517960;-0,00145018;-0,00372942
2024-09-30;-0,00080338;0,00400731;-0,00481069
2024-10-01;-0,01022913;-0,00895839;-0,00127074
2024-10-02;0,00439264;0,00042164;0,00397101
2024-10-03;0,00375004;-0,00182796;0,00557800
2024-10-04;0,00612364;0,00908742;-0,00296378
2024-10-07;-0,00272161;-0,00904048;0,00631887
2024-10-08;0,00803799;0,00945755;-0,00141957
2024-10-09;0,00678941;0,00692648;-0,00013707
2024-10-10;0,00156139;-0,00175025;0,00331164
2024-10-11;0,00335774;0,00598856;-0,00263082
2024-10-14;0,00815486;0,00817824;-0,00002338
2024-10-15;-0,01245102;-0,00776971;-0,00468131
2024-10-16;0,00322690;0,00434641;-0,00111951
2024-10-17;0,00377274;0,00008579;0,00368695
2024-10-18;0,00309799;0,00384655;-0,00074856
2024-10-21;0,00179187;-0,00164217;0,00343405
2024-10-22;0,00122221;-0,00053129;0,00175349
2024-10-23;-0,01032889;-0,00913737;-0,00119152
2024-10-24;0,00255885;0,00216291;0,00039594
2024-10-25;0,00398554;-0,00034551;0,00433105
2024-10-28;-0,00033503;0,00309143;-0,00342646
2024-10-29;0,00823035;0,00161849;0,00661186
2024-10-30;-0,00747215;-0,00302542;-0,00444672
2024-10-31;-0,02084263;-0,01960298;-0,00123964
2024-11-01;0,00333564;0,00422048;-0,00088484
2024-11-04;-0,00130121;-0,00215389;0,00085269
2024-11-05;0,00833157;0,01209159;-0,00376003
2024-11-06;0,01584537;0,02486571;-0,00902034
2024-11-07;0,01270171;0,00773217;0,00496954
2024-11-08;-0,00030455;0,00433150;-0,00463606
2024-11-11;-0,00439964;0,00095299;-0,00535263
2024-11-12;-0,00004315;-0,00310623;0,00306308
2024-11-13;-0,00257200;0,00048566;-0,00305766
2024-11-14;-0,00208697;-0,00643000;0,00434303
2024-11-15;-0,01553166;-0,01280874;-0,00272292
2024-11-18;0,00529302;0,00409741;0,00119561
2024-11-19;0,00506586;0,00365547;0,00141039
2024-11-20;-0,00023929;0,00033883;-0,00057812
2024-11-21;0,00992381;0,00536835;0,00455546
2024-11-22;0,00465816;0,00309929;0,00155887
2024-11-25;-0,00369095;0,00339221;-0,00708316
2024-11-26;0,00316940;0,00522138;-0,00205198
2024-11-27;-0,00932271;-0,00302998;-0,00629272
2024-11-29;0,00749775;0,00621195;0,00128581
2024-12-02;0,00549251;0,00179243;0,00370008
2024-12-03;0,00210867;0,00046384;0,00164483
2024-12-04;0,01024788;0,00620961;0,00403826
2024-12-05;-0,00372199;-0,00164564;-0,00207636
2024-12-06;0,00225606;0,00189569;0,00036037
2024-12-09;-0,00336025;-0,00514978;0,00178953
2024-12-10;-0,00596876;-0,00310899;-0,00285977
2024-12-11;0,01012963;0,00773053;0,00239910
2024-12-12;-0,00451960;-0,00515254;0,00063293
2024-12-13;0,00055047;-0,00019852;0,00074898
2024-12-16;0,00501135;0,00426985;0,00074150
2024-12-17;-0,00478820;-0,00412009;-0,00066810
2024-12-18;-0,01958779;-0,02980336;0,01021557
2024-12-19;-0,00286255;-0,00030715;-0,00255540
2024-12-20;0,01020254;0,01201112;-0,00180858
2024-12-23;0,00532558;0,00598831;-0,00066274
2024-12-24;0,00708908;0,01111499;-0,00402591
2024-12-27;-0,00745217;-0,01052658;0,00307441
2024-12-30;-0,00819196;-0,01141148;0,00321952
