Date,value,daily_return,drawdown
2014-01-02,10000.00000000,,0.00000000
2014-01-03,9998.35775846,-0.00016422,-0.00016422
2014-01-06,9969.38532289,-0.00289772,-0.00306147
2014-01-07,10030.61261787,0.00614153,0.00000000
2014-01-08,10032.80364609,0.00021843,0.00000000
2014-01-09,10039.36128645,0.00065362,0.00000000
2014-01-10,10066.69971742,0.00272312,0.00000000
2014-01-13,9932.75664400,-0.01330556,-0.01330556
2014-01-14,10041.00558722,0.01089818,-0.00255239
2014-01-15,10095.12336632,0.00538968,0.00000000
2014-01-16,10082.00190788,-0.00129978,-0.00129978
2014-01-17,10039.36128645,-0.00422938,-0.00552367
2014-01-21,10068.88147907,0.00294045,-0.00259946
2014-01-22,10075.44529714,0.00065189,-0.00194926
2014-01-23,9992.89460259,-0.00819326,-0.01012655
2014-01-24,9779.68634731,-0.02133599,-0.03124647
2014-01-27,9731.57536267,-0.00491948,-0.03601224
2014-01-28,9789.52744114,0.00595506,-0.03027164
2014-01-29,9695.49444083,-0.00960547,-0.03958633
2014-01-30,9798.27302085,0.01060065,-0.02940532
2014-01-31,9740.86869944,-0.00585862,-0.03509166
2014-02-03,9521.64953124,-0.02250509,-0.05680702
2014-02-04,9588.34513019,0.00700463,-0.05020030
2014-02-05,9576.31609700,-0.00125455,-0.05139187
2014-02-06,9702.60292710,0.01318741,-0.03888218
2014-02-07,9822.87163694,0.01239551,-0.02696864
2014-02-10,9840.91570153,0.00183694,-0.02518123
2014-02-11,9948.60865075,0.01094339,-0.01451342
2014-02-12,9953.53228652,0.00049491,-0.01402569
2014-02-13,10004.92157653,0.00516292,-0.00893518
2014-02-14,10060.13486973,0.00551861,-0.00346588
2014-02-18,10072.16699177,0.00119602,-0.00227401
2014-02-19,10005.46624473,-0.00662228,-0.00888123
2014-02-20,10064.50868921,0.00590102,-0.00303262
2014-02-21,10053.02638346,-0.00114087,-0.00417003
2014-02-24,10108.78640409,0.00554659,0.00000000
2014-02-25,10104.96446014,-0.00037808,-0.00037808
2014-02-26,10105.50912834,0.00005390,-0.00032420
2014-02-27,10158.53860066,0.00524758,0.00000000
2014-02-28,10184.23170123,0.00252921,0.00000000
2014-03-03,10112.61761461,-0.00703186,-0.00703186
2014-03-04,10254.75851070,0.01405580,0.00000000
2014-03-05,10264.04978823,0.00090605,0.00000000
2014-03-06,10287.56009755,0.00229055,0.00000000
2014-03-07,10291.92979855,0.00042476,0.00000000
2014-03-10,10286.46458344,-0.00053102,-0.00053102
2014-03-11,10235.62202086,-0.00494267,-0.00547106
2014-03-12,10238.35668766,0.00026717,-0.00520535
2014-03-13,10123.55319292,-0.01121308,-0.01636006
2014-03-14,10095.12336632,-0.00280829,-0.01912240
2014-03-17,10186.42272945,0.00904391,-0.01025144
2014-03-18,10259.13027094,0.00713769,-0.00318692
2014-03-19,10204.46164594,-0.00532878,-0.00849871
2014-03-20,10264.04978823,0.00583942,-0.00270892
2014-03-21,10224.24061773,-0.00387851,-0.00657692
2014-03-24,10181.95830354,-0.00413550,-0.01068522
2014-03-25,10230.28138959,0.00474595,-0.00598998
2014-03-26,10156.69970198,-0.00719254,-0.01313943
2014-03-27,10135.28569597,-0.00210836,-0.01522009
2014-03-28,10185.25205319,0.00492994,-0.01036518
2014-03-31,10268.71910823,0.00819489,-0.00225523
2014-04-01,10336.80572180,0.00663049,0.00000000
2014-04-02,10371.40193373,0.00334690,0.00000000
2014-04-03,10357.67094113,-0.00132393,-0.00132393
2014-04-04,10235.22252888,-0.01182200,-0.01313028
2014-04-07,10122.10760852,-0.01105154,-0.02403670
2014-04-08,10163.83907680,0.00412280,-0.02001300
2014-04-09,10273.11557931,0.01075150,-0.00947667
2014-04-10,10057.31371498,-0.02100647,-0.03028407
2014-04-11,9966.71449245,-0.00900829,-0.03901955
2014-04-14,10045.23217125,0.00787799,-0.03144896
2014-04-15,10114.42356550,0.00688798,-0.02477759
2014-04-16,10220.39602217,0.01047736,-0.01455984
2014-04-17,10234.67374221,0.00139698,-0.01318319
2014-04-21,10270.36340901,0.00348713,-0.00974203
2014-04-22,10317.04219428,0.00454500,-0.00524131
2014-04-23,10292.87498835,-0.00234245,-0.00757149
2014-04-24,10313.74226692,0.00202735,-0.00555949
2014-04-25,10229.18072739,-0.00819892,-0.01371282
2014-04-28,10261.58282226,0.00316761,-0.01058865
2014-04-29,10309.35094393,0.00465504,-0.00598289
2014-04-30,10340.10050106,0.00298269,-0.00301805
2014-05-01,10341.20013364,0.00010635,-0.00291203
2014-05-02,10326.37053808,-0.00143403,-0.00434188
2014-05-05,10346.14024331,0.00191449,-0.00243571
2014-05-06,10256.09083706,-0.00870367,-0.01111818
2014-05-07,10316.48722990,0.00588883,-0.00529482
2014-05-08,10305.50840761,-0.00106420,-0.00635339
2014-05-09,10320.88370098,0.00149195,-0.00487092
2014-05-12,10421.36829094,0.00973605,0.00000000
2014-05-13,10430.69972360,0.00089541,0.00000000
2014-05-14,10381.27906420,-0.00473800,-0.00473800
2014-05-15,10290.13208461,-0.00877994,-0.01347634
2014-05-16,10325.81969217,0.00346814,-0.01005494
2014-05-19,10363.71274261,0.00366974,-0.00642210
2014-05-20,10298.37006240,-0.00630495,-0.01268656
2014-05-21,10385.12777823,0.00842441,-0.00436902
2014-05-22,10410.38226132,0.00243179,-0.00194785
2014-05-23,10452.11990731,0.00400923,0.00000000
2014-05-27,10516.36501418,0.00614661,0.00000000
2014-05-28,10508.67376383,-0.00073136,-0.00073136
2014-05-29,10563.03659213,0.00517314,0.00000000
2014-05-30,10580.05721590,0.00161134,0.00000000
2014-06-02,10592.13567077,0.00114162,0.00000000
2014-06-03,10586.64574482,-0.00051830,-0.00051830
2014-06-04,10608.06386930,0.00202313,0.00000000
2014-06-05,10677.24702659,0.00652175,0.00000000
2014-06-06,10728.31301639,0.00478269,0.00000000
2014-06-09,10739.29698677,0.00102383,0.00000000
2014-06-10,10740.39456011,0.00010220,0.00000000
2014-06-11,10703.05235559,-0.00347680,-0.00347680
2014-06-12,10627.27963976,-0.00707954,-0.01053173
2014-06-13,10659.67658653,0.00304847,-0.00751536
2014-06-16,10668.46129175,0.00082411,-0.00669745
2014-06-17,10698.11327554,0.00277941,-0.00393666
2014-06-18,10776.63301359,0.00733959,0.00000000
2014-06-19,10788.71558693,0.00112118,0.00000000
2014-06-20,10810.62175059,0.00203047,0.00000000
2014-06-23,10807.31049742,-0.00030630,-0.00030630
2014-06-24,10742.20565909,-0.00602415,-0.00632860
2014-06-25,10790.75526122,0.00451952,-0.00183768
2014-06-26,10783.03209269,-0.00071572,-0.00255209
2014-06-27,10803.99615540,0.00194417,-0.00061288
2014-06-30,10798.48048899,-0.00051052,-0.00112309
2014-07-01,10870.75867956,0.00669337,0.00000000
2014-07-02,10881.78795315,0.00101458,0.00000000
2014-07-03,10935.30958312,0.00491846,0.00000000
2014-07-07,10897.24149754,-0.00348121,-0.00348121
2014-07-08,10827.17080908,-0.00643013,-0.00988895
2014-07-09,10875.72041121,0.00448405,-0.00544924
2014-07-10,10832.68647550,-0.00395688,-0.00938456
2014-07-11,10847.58505550,0.00137534,-0.00802213
2014-07-14,10902.20425881,0.00503515,-0.00302738
2014-07-15,10881.78795315,-0.00187268,-0.00489439
2014-07-16,10922.06662970,0.00370148,-0.00121103
2014-07-17,10797.93170231,-0.01136552,-0.01256278
2014-07-18,10908.27283037,0.01021873,-0.00247243
2014-07-21,10887.85961357,-0.00187135,-0.00433915
2014-07-22,10935.30958312,0.00435806,-0.00000000
2014-07-23,10959.58489900,0.00221990,0.00000000
2014-07-24,10960.13883376,0.00005054,0.00000000
2014-07-25,10908.82264667,-0.00468207,-0.00468207
2014-07-28,10913.24176936,0.00040510,-0.00427888
2014-07-29,10866.34367534,-0.00429736,-0.00855784
2014-07-30,10867.99415383,0.00015189,-0.00840725
2014-07-31,10653.37532118,-0.01974779,-0.02798902
2014-08-01,10620.82290201,-0.00305560,-0.03095909
2014-08-04,10697.51197832,0.00722063,-0.02396200
2014-08-05,10593.78614926,-0.00969626,-0.03342592
2014-08-06,10597.09843205,0.00031266,-0.03312370
2014-08-07,10539.71882148,-0.00541465,-0.03835900
2014-08-08,10661.65036523,0.01156877,-0.02723400
2014-08-11,10692.54715782,0.00289794,-0.02441499
2014-08-12,10677.65166667,-0.00139307,-0.02577405
2014-08-13,10749.92985724,0.00676911,-0.01917941
2014-08-14,10800.68696148,0.00472162,-0.01454834
2014-08-15,10798.48048899,-0.00020429,-0.01474966
2014-08-18,10888.96748310,0.00837960,-0.00649365
2014-08-19,10945.79624776,0.00521893,-0.00130861
2014-08-20,10975.03123605,0.00267089,0.00000000
2014-08-21,11007.03589816,0.00291613,0.00000000
2014-08-22,10989.93187529,-0.00155392,-0.00155392
2014-08-25,11045.65380004,0.00507027,0.00000000
2014-08-26,11052.82921151,0.00064961,0.00000000
2014-08-27,11048.41214806,-0.00039963,-0.00039963
2014-08-28,11042.34666535,-0.00054899,-0.00094840
2014-08-29,11073.79533346,0.00284801,0.00000000
2014-09-02,11068.27451895,-0.00049855,-0.00049855
2014-09-03,11062.21006586,-0.00054791,-0.00104619
2014-09-04,11046.20567557,-0.00144676,-0.00249144
2014-09-05,11095.86623608,0.00449571,0.00000000
2014-09-08,11067.17282713,-0.00258595,-0.00258595
2014-09-09,10997.10316829,-0.00633131,-0.00890089
2014-09-10,11038.48147742,0.00376266,-0.00517172
2014-09-11,11051.17461455,0.00114990,-0.00402777
2014-09-12,10986.62165174,-0.00584128,-0.00984552
2014-09-15,10978.34351883,-0.00075347,-0.01059158
2014-09-16,11061.10425557,0.00753855,-0.00313288
2014-09-17,11076.00283557,0.00134693,-0.00179016
2014-09-18,11135.03807272,0.00533001,0.00000000
2014-09-19,11125.00238099,-0.00090127,-0.00090127
2014-09-22,11039.08483387,-0.00772292,-0.00861723
2014-09-23,10975.89405637,-0.00572428,-0.01429218
2014-09-24,11061.81160349,0.00782784,-0.00657622
2014-09-25,10883.32414399,-0.01613546,-0.02260557
2014-09-26,10969.79974435,0.00794570,-0.01483949
2014-09-29,10949.84161893,-0.00181937,-0.01663187
2014-09-30,10921.02156690,-0.00263201,-0.01922010
2014-10-01,10773.01699334,-0.01355226,-0.03251189
2014-10-02,10774.67879763,0.00015426,-0.03236264
2014-10-03,10893.30011784,0.01100927,-0.02170967
2014-10-06,10880.55549978,-0.00116995,-0.02285422
2014-10-07,10712.59486004,-0.01543677,-0.03793819
2014-10-08,10899.95145349,0.01748938,-0.02111233
2014-10-09,10683.77583763,-0.01983271,-0.04052633
2014-10-10,10561.82473113,-0.01141461,-0.05147835
2014-10-13,10388.32474374,-0.01642708,-0.06705979
2014-10-14,10404.39914809,0.00154735,-0.06561620
2014-10-15,10334.00310018,-0.00676599,-0.07193823
2014-10-16,10325.13499586,-0.00085815,-0.07273465
2014-10-17,10447.07786542,0.01181029,-0.06178337
2014-10-20,10548.52000060,0.00971010,-0.05267320
2014-10-21,10757.49858299,0.01981118,-0.03390554
2014-10-22,10680.99895648,-0.00711128,-0.04077571
2014-10-23,10805.16683166,0.01162512,-0.02962462
2014-10-24,10888.31058649,0.00769481,-0.02215776
2014-10-27,10873.34919975,-0.00137408,-0.02350139
2014-10-28,10998.06689123,0.01147003,-0.01230092
2014-10-29,10981.43752249,-0.00151203,-0.01379434
2014-10-30,11051.83562964,0.00641065,-0.00747213
2014-10-31,11178.21615502,0.01143525,0.00000000
2014-11-03,11184.31252629,0.00054538,0.00000000
2014-11-04,11145.51547079,-0.00346888,-0.00346888
2014-11-05,11215.91357794,0.00631627,0.00000000
2014-11-06,11260.81112317,0.00400302,0.00000000
2014-11-07,11271.34103179,0.00093509,0.00000000
2014-11-10,11306.81550832,0.00314732,0.00000000
2014-11-11,11317.90449979,0.00098074,0.00000000
2014-11-12,11305.70660917,-0.00107775,-0.00107775
2014-11-13,11318.45740494,0.00112782,0.00000000
2014-11-14,11321.22913800,0.00024489,0.00000000
2014-11-17,11328.43234917,0.00063626,0.00000000
2014-11-18,11393.84195459,0.00577393,0.00000000
2014-11-19,11375.54975194,-0.00160545,-0.00160545
2014-11-20,11395.50375888,0.00175411,0.00000000
2014-11-21,11456.48085656,0.00535098,0.00000000
2014-11-24,11488.63275412,0.00280644,0.00000000
2014-11-25,11480.31755494,-0.00072378,-0.00072378
2014-11-26,11509.69360097,0.00255882,0.00000000
2014-11-28,11485.30708630,-0.00211878,-0.00211878
2014-12-01,11405.48282159,-0.00695012,-0.00905417
2014-12-02,11479.20865580,0.00646407,-0.00264863
2014-12-03,11523.55226627,0.00386295,0.00000000
2014-12-04,11510.80352974,-0.00110632,-0.00110632
2014-12-05,11529.65069677,0.00163735,0.00000000
2014-12-08,11452.60022435,-0.00668281,-0.00668281
2014-12-09,11444.83895994,-0.00067769,-0.00735597
2014-12-10,11261.36402832,-0.01603124,-0.02326928
2014-12-11,11318.45740494,0.00506985,-0.01831741
2014-12-12,11135.53331923,-0.01616157,-0.03418294
2014-12-15,11059.04295929,-0.00686903,-0.04081717
2014-12-16,10970.35367911,-0.00801962,-0.04850945
2014-12-17,11185.42039582,0.01960436,-0.02985609
2014-12-18,11462.02329306,0.02472888,-0.00586552
2014-12-19,11510.79632241,0.00425518,-0.00163529
2014-12-22,11563.74548448,0.00459996,0.00000000
2014-12-23,11579.35141240,0.00134956,0.00000000
2014-12-24,11580.46443003,0.00009612,0.00000000
2014-12-26,11617.80869379,0.00322476,0.00000000
2014-12-29,11633.41359210,0.00134319,0.00000000
2014-12-30,11570.98988039,-0.00536590,-0.00536590
2014-12-31,11456.16888215,-0.00992318,-0.01523583
2015-01-02,11450.04265195,-0.00053475,-0.01576244
2015-01-05,11243.25509777,-0.01805998,-0.03353775
2015-01-06,11137.35780325,-0.00941874,-0.04264060
2015-01-07,11276.14214296,0.01246115,-0.03071080
2015-01-08,11476.23614713,0.01774490,-0.01351086
2015-01-09,11384.27165043,-0.00801347,-0.02141607
2015-01-12,11295.09227184,-0.00783356,-0.02908186
2015-01-13,11263.32030351,-0.00281290,-0.03181296
2015-01-14,11195.32120752,-0.00603722,-0.03765811
2015-01-15,11092.76502509,-0.00916063,-0.04647377
2015-01-16,11238.23982595,0.01311439,-0.03396886
2015-01-20,11262.20522665,0.00213249,-0.03190881
2015-01-21,11319.06076139,0.00504835,-0.02702155
2015-01-22,11487.38279724,0.01487067,-0.01255270
2015-01-23,11424.39897306,-0.00548287,-0.01796675
2015-01-26,11451.15463995,0.00234198,-0.01566685
2015-01-27,11300.10239556,-0.01319101,-0.02865119
2015-01-28,11155.19491451,-0.01282355,-0.04110734
2015-01-29,11258.30503169,0.00924324,-0.03224407
2015-01-30,11116.73351465,-0.01257485,-0.04441345
2015-02-02,11254.39865902,0.01238360,-0.03257986
2015-02-03,11417.15354752,0.01446145,-0.01858956
2015-02-04,11373.68305356,-0.00380747,-0.02232625
2015-02-05,11488.50302219,0.01009523,-0.01245641
2015-02-06,11456.73002424,-0.00276563,-0.01518759
2015-02-09,11405.44987379,-0.00447598,-0.01959560
2015-02-10,11526.95618510,0.01065336,-0.00915100
2015-02-11,11533.64458701,0.00058024,-0.00857607
2015-02-12,11644.56127183,0.00961679,0.00000000
2015-02-13,11692.49619170,0.00411651,0.00000000
2015-02-17,11710.88826734,0.00157298,0.00000000
2015-02-18,11712.00437382,0.00009531,0.00000000
2015-02-19,11703.64181219,-0.00071402,-0.00071402
2015-02-20,11773.87209152,0.00600072,0.00000000
2015-02-23,11772.19896142,-0.00014211,-0.00014211
2015-02-24,11805.64200061,0.00284085,0.00000000
2015-02-25,11795.60630888,-0.00085008,-0.00085008
2015-02-26,11781.67454067,-0.00118110,-0.00203017
2015-02-27,11741.54618843,-0.00340600,-0.00542925
2015-03-02,11815.67460348,0.00631334,0.00000000
2015-03-03,11767.18368961,-0.00410395,-0.00410395
2015-03-04,11717.57769887,-0.00421562,-0.00830227
2015-03-05,11730.39439023,0.00109380,-0.00721755
2015-03-06,11565.41655534,-0.01406413,-0.02118017
2015-03-09,11613.34838636,0.00414441,-0.01712354
2015-03-10,11424.95702630,-0.01622197,-0.03306773
2015-03-11,11398.20444826,-0.00234159,-0.03533189
2015-03-12,11543.12119588,0.01271400,-0.02306711
2015-03-13,11472.33698179,-0.00613216,-0.02905781
2015-03-16,11625.61217256,0.01336042,-0.01608562
2015-03-17,11591.05920461,-0.00297214,-0.01900995
2015-03-18,11730.39439023,0.01202092,-0.00721755
2015-03-19,11676.89026377,-0.00456115,-0.01174578
2015-03-20,11779.95816660,0.00882666,-0.00302280
2015-03-23,11757.00899938,-0.00194815,-0.00496507
2015-03-24,11690.94249735,-0.00561933,-0.01055649
2015-03-25,11519.62736046,-0.01465366,-0.02505547
2015-03-26,11492.19626382,-0.00238125,-0.02737705
2015-03-27,11518.50404666,0.00228919,-0.02515054
2015-03-30,11659.03153052,0.01220015,-0.01325723
2015-03-31,11557.13430395,-0.00873977,-0.02188113
2015-04-01,11516.26874485,-0.00353596,-0.02533972
2015-04-02,11557.69647567,0.00359732,-0.02183355
2015-04-06,11635.52122121,0.00673359,-0.01524698
2015-04-07,11604.72121277,-0.00264707,-0.01785369
2015-04-08,11643.91467139,0.00337737,-0.01453662
2015-04-09,11695.42030830,0.00442340,-0.01017752
2015-04-10,11759.24224195,0.00545700,-0.00477606
2015-04-13,11706.05935648,-0.00452265,-0.00927710
2015-04-14,11728.45973703,0.00191357,-0.00738129
2015-04-15,11781.07839155,0.00448641,-0.00292799
2015-04-16,11777.72183517,-0.00028491,-0.00321207
2015-04-17,11642.23433397,-0.01150371,-0.01467883
2015-04-20,11748.61143072,0.00913717,-0.00567578
2015-04-21,11734.61067807,-0.00119169,-0.00686071
2015-04-22,11792.27755221,0.00491426,-0.00198017
2015-04-23,11821.95218760,0.00251645,0.00000000
2015-04-24,11849.37813615,0.00231992,0.00000000
2015-04-27,11800.10986030,-0.00415788,-0.00415788
2015-04-28,11837.62607035,0.00317931,-0.00099179
2015-04-29,11788.91996621,-0.00411452,-0.00510222
2015-04-30,11670.78668518,-0.01002070,-0.01507180
2015-05-01,11797.31341639,0.01084132,-0.00439388
2015-05-04,11830.90986874,0.00284781,-0.00155859
2015-05-05,11695.42030830,-0.01145217,-0.01299290
2015-05-06,11647.27122777,-0.00411692,-0.01705633
2015-05-07,11693.74408935,0.00399002,-0.01313436
2015-05-08,11847.70191720,0.01316583,-0.00014146
2015-05-11,11791.15835687,-0.00477253,-0.00491332
2015-05-12,11755.88362634,-0.00299163,-0.00789025
2015-05-13,11758.12407624,0.00019058,-0.00770117
2015-05-14,11880.73516822,0.01042778,0.00000000
2015-05-15,11893.61157744,0.00108381,0.00000000
2015-05-18,11930.56149731,0.00310670,0.00000000
2015-05-19,11926.63968037,-0.00032872,-0.00032872
2015-05-20,11918.24211171,-0.00070410,-0.00103259
2015-05-21,11952.95570015,0.00291264,0.00000000
2015-05-22,11924.40334894,-0.00238873,-0.00238873
2015-05-26,11796.19628030,-0.01075165,-0.01311470
2015-05-27,11908.16729448,0.00949213,-0.00374706
2015-05-28,11894.72768392,-0.00112860,-0.00487143
2015-05-29,11820.82990342,-0.00621265,-0.01105382
2015-06-01,11844.90547330,0.00203671,-0.00903962
2015-06-02,11833.14517055,-0.00099286,-0.01002351
2015-06-03,11864.50117299,0.00264985,-0.00740022
2015-06-04,11764.28428385,-0.00844678,-0.01578450
2015-06-05,11744.13053092,-0.00171313,-0.01747059
2015-06-08,11671.90793975,-0.00614968,-0.02351283
2015-06-09,11670.22863194,-0.00014388,-0.02365332
2015-06-10,11810.19188486,0.01199319,-0.01194381
2015-06-11,11848.26305930,0.00322359,-0.00875872
2015-06-12,11757.56499338,-0.00765497,-0.01634664
2015-06-15,11707.17958143,-0.00428536,-0.02056195
2015-06-16,11771.00460394,0.00545178,-0.01522227
2015-06-17,11790.03813192,0.00161698,-0.01362990
2015-06-18,11912.64613504,0.01039929,-0.00337235
2015-06-19,11859.76595741,-0.00443900,-0.00779638
2015-06-22,11920.52065749,0.00512276,-0.00271356
2015-06-23,11928.96352937,0.00070826,-0.00200722
2015-06-24,11842.32421966,-0.00726294,-0.00925558
2015-06-25,11806.31640074,-0.00304060,-0.01226804
2015-06-26,11804.06874351,-0.00019038,-0.01245608
2015-06-29,11556.53300674,-0.02097037,-0.03316524
2015-06-30,11580.72183466,0.00209309,-0.03114157
2015-07-01,11673.54915167,0.00801568,-0.02337552
2015-07-02,11662.85759295,-0.00091588,-0.02426999
2015-07-06,11629.66783992,-0.00284577,-0.02704669
2015-07-07,11702.80473233,0.00628882,-0.02092796
2015-07-08,11506.46265805,-0.01677735,-0.03735420
2015-07-09,11527.27948531,0.00180914,-0.03561263
2015-07-10,11672.42171939,0.01259120,-0.02346984
2015-07-13,11801.25788495,0.01103766,-0.01269124
2015-07-14,11852.44948820,0.00433781,-0.00840848
2015-07-15,11848.51222698,-0.00033219,-0.00873788
2015-07-16,11943.58720122,0.00802421,-0.00078378
2015-07-17,11953.71555862,0.00084802,0.00000000
2015-07-20,11959.90047707,0.00051741,0.00000000
2015-07-21,11912.64407581,-0.00395124,-0.00395124
2015-07-22,11891.26713607,-0.00179447,-0.00573862
2015-07-23,11824.32031020,-0.00562992,-0.01133623
2015-07-24,11701.67832967,-0.01037201,-0.02159066
2015-07-27,11633.60819000,-0.00581713,-0.02728219
2015-07-28,11776.50173722,0.01228282,-0.01533447
2015-07-29,11857.51006323,0.00687881,-0.00856114
2015-07-30,11860.32504027,0.00023740,-0.00832577
2015-07-31,11842.32421966,-0.00151773,-0.00983087
2015-08-03,11802.37708028,-0.00337325,-0.01317096
2015-08-04,11779.31362541,-0.00195414,-0.01509936
2015-08-05,11818.13230289,0.00329550,-0.01185362
2015-08-06,11721.36772465,-0.00818781,-0.01994438
2015-08-07,11698.86232302,-0.00192003,-0.02182611
2015-08-10,11846.26251051,0.01259953,-0.00950158
2015-08-11,11739.36854526,-0.00902343,-0.01843928
2015-08-12,11753.43725273,0.00119842,-0.01726296
2015-08-13,11738.81049202,-0.00124447,-0.01848594
2015-08-14,11781.56643073,0.00364227,-0.01491100
2015-08-17,11847.38685393,0.00558673,-0.00940757
2015-08-18,11813.06760939,-0.00289678,-0.01227710
2015-08-19,11719.68017989,-0.00790543,-0.02008548
2015-08-20,11474.95736092,-0.02088136,-0.04054742
2015-08-21,11129.53476172,-0.03010230,-0.06942915
2015-08-24,10660.90286219,-0.04210705,-0.10861274
2015-08-25,10535.44796385,-0.01176776,-0.11910237
2015-08-26,10939.94595532,0.03839400,-0.08528119
2015-08-27,11210.54411735,0.02473487,-0.06265574
2015-08-28,11211.10834830,0.00005033,-0.06260856
2015-08-31,11120.52868852,-0.00807946,-0.07018217
2015-09-01,10788.60850661,-0.02984752,-0.09793493
2015-09-02,10993.38624543,0.01898092,-0.08081290
2015-09-03,11001.27003445,0.00071714,-0.08015371
2015-09-04,10834.74159407,-0.01513720,-0.09407761
2015-09-08,11107.03141932,0.02513118,-0.07131072
2015-09-09,10958.50791802,-0.01337202,-0.08372917
2015-09-10,11018.14136353,0.00544175,-0.07874306
2015-09-11,11068.21686031,0.00454482,-0.07455611
2015-09-14,11027.14125903,-0.00371113,-0.07799055
2015-09-15,11164.97732008,0.01249971,-0.06646570
2015-09-16,11261.73983908,0.00866661,-0.05837512
2015-09-17,11236.42254926,-0.00224808,-0.06049197
2015-09-18,11052.80450067,-0.01634133,-0.07584478
2015-09-21,11109.92155851,0.00516765,-0.07106906
2015-09-22,10965.71318844,-0.01298014,-0.08312672
2015-09-23,10948.18805159,-0.00159818,-0.08459204
2015-09-24,10908.59921945,-0.00361602,-0.08790217
2015-09-25,10905.77394622,-0.00025900,-0.08813840
2015-09-28,10632.07045474,-0.02509712,-0.11102350
2015-09-29,10638.28729137,0.00058472,-0.11050369
2015-09-30,10836.78126836,0.01865845,-0.09390707
2015-10-01,10865.05356333,0.00260892,-0.09154315
2015-10-02,11027.35541968,0.01493797,-0.07797264
2015-10-05,11223.58526554,0.01779482,-0.06156533
2015-10-06,11185.13210263,-0.00342610,-0.06478050
2015-10-07,11276.74446979,0.00819055,-0.05712054
2015-10-08,11378.53667527,0.00902674,-0.04860942
2015-10-09,11385.31877247,0.00059604,-0.04804235
2015-10-12,11396.06901945,0.00094422,-0.04714349
2015-10-13,11324.24386103,-0.00630263,-0.05314899
2015-10-14,11269.95825412,-0.00479375,-0.05768796
2015-10-15,11443.00315012,0.01535453,-0.04321920
2015-10-16,11495.02565552,0.00454623,-0.03886946
2015-10-19,11500.68546853,0.00049237,-0.03839622
2015-10-20,11485.98354567,-0.00127835,-0.03962549
2015-10-21,11414.72879591,-0.00620363,-0.04558330
2015-10-22,11607.56604874,0.01689372,-0.02945965
2015-10-23,11734.80218712,0.01096148,-0.01882108
2015-10-26,11705.96154272,-0.00245770,-0.02123253
2015-10-27,11683.34185343,-0.00193232,-0.02312382
2015-10-28,11816.23471596,0.01137456,-0.01201229
2015-10-29,11809.44952990,-0.00057423,-0.01257962
2015-10-30,11758.55548640,-0.00430960,-0.01683501
2015-11-02,11897.66724480,0.01183068,-0.00520349
2015-11-03,11932.16461335,0.00289951,-0.00231907
2015-11-04,11895.96940386,-0.00303342,-0.00534545
2015-11-05,11884.09378383,-0.00099829,-0.00633841
2015-11-06,11877.87076949,-0.00052364,-0.00685873
2015-11-09,11767.03542454,-0.00933125,-0.01612597
2015-11-10,11794.18234647,0.00230703,-0.01385615
2015-11-11,11747.80832828,-0.00393194,-0.01773360
2015-11-12,11583.81480869,-0.01395950,-0.03144555
2015-11-13,11453.74516015,-0.01122857,-0.04232103
2015-11-16,11627.92057729,0.01520685,-0.02775775
2015-11-17,11619.44063915,-0.00072927,-0.02846678
2015-11-18,11803.79383537,0.01586593,-0.01305250
2015-11-19,11793.61914514,-0.00086198,-0.01390324
2015-11-20,11836.59233336,0.00364377,-0.01031013
2015-11-23,11823.02196125,-0.00114648,-0.01144479
2015-11-24,11838.85646449,0.00133929,-0.01012082
2015-11-25,11837.16171240,-0.00014315,-0.01026252
2015-11-27,11850.73002527,0.00114625,-0.00912804
2015-11-30,11801.53279309,-0.00415141,-0.01324156
2015-12-01,11914.06494937,0.00953538,-0.00383243
2015-12-02,11792.48862400,-0.01020444,-0.01399776
2015-12-03,11627.35634634,-0.01400317,-0.02780492
2015-12-04,11854.12776639,0.01950327,-0.00884395
2015-12-07,11782.30569683,-0.00605882,-0.01484919
2015-12-08,11703.13523988,-0.00671944,-0.02146884
2015-12-09,11612.09019252,-0.00777954,-0.02908137
2015-12-10,11642.06135806,0.00258103,-0.02657540
2015-12-11,11416.42457761,-0.01938117,-0.04544151
2015-12-14,11474.10277755,0.00505221,-0.04061887
2015-12-15,11594.55681873,0.01049791,-0.03054738
2015-12-16,11764.21015132,0.01463215,-0.01636220
2015-12-17,11584.94738907,-0.01523798,-0.03135085
2015-12-18,11378.55829726,-0.01781528,-0.04860761
2015-12-21,11472.41935127,0.00824894,-0.04075963
2015-12-22,11576.52613918,0.00907453,-0.03205498
2015-12-23,11719.88095551,0.01238323,-0.02006869
2015-12-24,11700.54060120,-0.00165022,-0.02168579
2015-12-28,11673.80243783,-0.00228521,-0.02392144
2015-12-29,11798.38524927,0.01067200,-0.01350473
2015-12-30,11714.75757375,-0.00708806,-0.02049707
2015-12-31,11597.57257137,-0.01000319,-0.03029523
2016-01-04,11435.44780941,-0.01397920,-0.04385092
2016-01-05,11454.78713409,0.00169117,-0.04223391
2016-01-06,11310.29458930,-0.01261416,-0.05431533
2016-01-07,11038.93965766,-0.02399185,-0.07700405
2016-01-08,10917.77517971,-0.01097610,-0.08713495
2016-01-11,10928.57793723,0.00098947,-0.08623170
2016-01-12,11016.75446739,0.00806844,-0.07885902
2016-01-13,10741.99046882,-0.02494056,-0.10183279
2016-01-14,10918.33941066,0.01641678,-0.08708777
2016-01-15,10683.96734668,-0.02146591,-0.10668426
2016-01-19,10698.18946731,0.00133116,-0.10549511
2016-01-20,10561.08958350,-0.01281524,-0.11695841
2016-01-21,10620.25249335,0.00560197,-0.11201163
2016-01-22,10838.12800938,0.02051510,-0.09379447
2016-01-25,10674.29305105,-0.01511654,-0.10749315
2016-01-26,10819.92435393,0.01364318,-0.09531652
2016-01-27,10702.16997251,-0.01088311,-0.10516229
2016-01-28,10757.91866734,0.00520910,-0.10050099
2016-01-29,11020.17177126,0.02437768,-0.07857329
2016-02-01,11016.18405873,-0.00036186,-0.07890671
2016-02-02,10817.65095623,-0.01802195,-0.09550661
2016-02-03,10882.50250841,0.00599498,-0.09008419
2016-02-04,10899.56740578,0.00156810,-0.08865735
2016-02-05,10691.92732747,-0.01905030,-0.10601870
2016-02-08,10548.00416172,-0.01346092,-0.11805251
2016-02-09,10548.57148152,0.00005378,-0.11800508
2016-02-10,10539.47274265,-0.00086256,-0.11876585
2016-02-11,10402.37594770,-0.01300794,-0.13022889
2016-02-12,10616.84342643,0.02061716,-0.11229667
2016-02-16,10796.03102652,0.01687767,-0.09731431
2016-02-17,10972.37996836,0.01633461,-0.08256929
2016-02-18,10927.44432724,-0.00409534,-0.08632648
2016-02-19,10922.32506395,-0.00046848,-0.08675452
2016-02-22,11080.46932071,0.01447899,-0.07353165
2016-02-23,10940.53077864,-0.01262930,-0.08523229
2016-02-24,10990.58465343,0.00457509,-0.08104715
2016-02-25,11123.70506166,0.01211222,-0.06991659
2016-02-26,11098.10359713,-0.00230152,-0.07205719
2016-02-29,11011.06994353,-0.00784221,-0.07933432
2016-03-01,11269.90574357,0.02350687,-0.05769235
2016-03-02,11320.53414550,0.00449235,-0.05345917
2016-03-03,11364.90864452,0.00391982,-0.04974889
2016-03-04,11401.88121600,0.00325322,-0.04665752
2016-03-07,11410.98098449,0.00079809,-0.04589666
2016-03-08,11286.40126190,-0.01091753,-0.05631311
2016-03-09,11342.15201597,0.00493964,-0.05165164
2016-03-10,11351.24972522,0.00080211,-0.05089095
2016-03-11,11534.42812671,0.01613729,-0.03557491
2016-03-14,11519.63868627,-0.00128220,-0.03681149
2016-03-15,11500.86668139,-0.00162957,-0.03838107
2016-03-16,11567.42122260,0.00578692,-0.03281626
2016-03-17,11640.80934193,0.00634438,-0.02668008
2016-03-18,11686.54911512,0.00392926,-0.02285566
2016-03-21,11703.13112140,0.00141890,-0.02146919
2016-03-22,11696.84530033,-0.00053711,-0.02199476
2016-03-23,11619.65171094,-0.00659952,-0.02844913
2016-03-24,11614.50361834,-0.00044305,-0.02887958
2016-03-28,11621.36602578,0.00059085,-0.02830579
2016-03-29,11728.86437710,0.00925006,-0.01931756
2016-03-30,11780.32779965,0.00438776,-0.01501456
2016-03-31,11751.74044141,-0.00242670,-0.01740483
2016-04-01,11831.79019257,0.00681174,-0.01071165
2016-04-04,11793.47705778,-0.00323815,-0.01391512
2016-04-05,11675.69178781,-0.00998732,-0.02376347
2016-04-06,11803.19974548,0.01092081,-0.01310218
2016-04-07,11661.96388407,-0.01196590,-0.02491129
2016-04-08,11693.41358180,0.00269678,-0.02228170
2016-04-11,11665.96601126,-0.00234727,-0.02457666
2016-04-12,11774.61135762,0.00931302,-0.01549253
2016-04-13,11893.54671148,0.01010100,-0.00554802
2016-04-14,11894.11712014,0.00004796,-0.00550033
2016-04-15,11880.96477315,-0.00110579,-0.00660003
2016-04-18,11964.44830208,0.00702666,0.00000000
2016-04-19,12002.18896898,0.00315440,0.00000000
2016-04-20,12013.62700113,0.00095300,0.00000000
2016-04-21,11949.01226121,-0.00537845,-0.00537845
2016-04-22,11949.01226121,0.00000000,-0.00537845
2016-04-25,11928.42195003,-0.00172318,-0.00709237
2016-04-26,11946.14786249,0.00148602,-0.00561688
2016-04-27,11970.74030086,0.00205861,-0.00356984
2016-04-28,11862.09495451,-0.00907591,-0.01261335
2016-04-29,11798.05371211,-0.00539881,-0.01794406
2016-05-02,11891.83033740,0.00794848,-0.01013821
2016-05-03,11788.33411327,-0.00870314,-0.01875311
2016-05-04,11722.57752641,-0.00557811,-0.02422661
2016-05-05,11720.28662520,-0.00019543,-0.02441730
2016-05-06,11763.17332547,0.00365919,-0.02084747
2016-05-09,11772.89704278,0.00082662,-0.02003807
2016-05-10,11919.27584870,0.01243354,-0.00785368
2016-05-11,11807.77537019,-0.00935464,-0.01713484
2016-05-12,11811.20502948,0.00029046,-0.01684936
2016-05-13,11708.28024363,-0.00871416,-0.02541670
2016-05-16,11823.78593819,0.00986530,-0.01580214
2016-05-17,11713.42627700,-0.00933370,-0.02498835
2016-05-18,11716.85593629,0.00029280,-0.02470287
2016-05-19,11676.25601876,-0.00346509,-0.02808236
2016-05-20,11750.02406733,0.00631778,-0.02194199
2016-05-23,11734.01246971,-0.00136269,-0.02327478
2016-05-24,11886.11183613,0.01296226,-0.01061421
2016-05-25,11966.73611444,0.00678307,-0.00390314
2016-05-26,11970.16783297,0.00028677,-0.00361749
2016-05-27,12021.63125551,0.00429931,0.00000000
2016-05-31,11998.75622083,-0.00190282,-0.00190282
2016-06-01,12023.34659997,0.00204941,0.00000000
2016-06-02,12059.94233107,0.00304372,0.00000000
2016-06-03,12023.91597901,-0.00298727,-0.00298727
2016-06-06,12085.10105963,0.00508862,0.00000000
2016-06-07,12103.97190789,0.00156150,0.00000000
2016-06-08,12143.42277115,0.00325933,0.00000000
2016-06-09,12126.84076486,-0.00136551,-0.00136551
2016-06-10,12011.90959743,-0.00947742,-0.01082999
2016-06-13,11919.27584870,-0.00771183,-0.01845830
2016-06-14,11895.83349421,-0.00196676,-0.02038876
2016-06-15,11879.25354716,-0.00139376,-0.02175410
2016-06-16,11914.70640170,0.00298443,-0.01883459
2016-06-17,11870.32881382,-0.00372461,-0.02248904
2016-06-20,11946.77387055,0.00644001,-0.01619386
2016-06-21,11980.68744540,0.00283872,-0.01340111
2016-06-22,11961.14528587,-0.00163114,-0.01501039
2016-06-23,12116.91009423,0.01302257,-0.00218330
2016-06-24,11681.80257374,-0.03590912,-0.03801401
2016-06-27,11472.58203099,-0.01790995,-0.05524313
2016-06-28,11679.50446520,0.01803626,-0.03820326
2016-06-29,11878.37631218,0.01702742,-0.02182634
2016-06-30,12040.46503750,0.01364570,-0.00847848
2016-07-01,12065.75349800,0.00210029,-0.00639600
2016-07-05,11978.96283438,-0.00719314,-0.01354313
2016-07-06,12050.80961478,0.00599775,-0.00762661
2016-07-07,12043.33664356,-0.00062012,-0.00824200
2016-07-08,12222.67147910,0.01489079,0.00000000
2016-07-11,12265.77542887,0.00352656,0.00000000
2016-07-12,12354.86728989,0.00726345,0.00000000
2016-07-13,12353.14473811,-0.00013942,-0.00013942
2016-07-14,12422.11785322,0.00558345,0.00000000
2016-07-15,12405.45038860,-0.00134176,-0.00134176
2016-07-18,12438.78428823,0.00268704,0.00000000
2016-07-19,12426.14057279,-0.00101648,-0.00101648
2016-07-20,12477.86963691,0.00416292,0.00000000
2016-07-21,12430.73987872,-0.00377707,-0.00377707
2016-07-22,12486.49269203,0.00448508,0.00000000
2016-07-25,12452.58014679,-0.00271594,-0.00271594
2016-07-26,12458.32747738,0.00046154,-0.00225565
2016-07-27,12445.11026442,-0.00106091,-0.00331418
2016-07-28,12459.47756127,0.00115445,-0.00216355
2016-07-29,12479.59630717,0.00161473,-0.00055231
2016-08-01,12469.24864103,-0.00082917,-0.00138102
2016-08-02,12389.35436226,-0.00640730,-0.00777947
2016-08-03,12425.56810489,0.00292297,-0.00487924
2016-08-04,12438.78428823,0.00106363,-0.00382080
2016-08-05,12540.52192392,0.00817907,0.00000000
2016-08-08,12533.04792308,-0.00059599,-0.00059599
2016-08-09,12540.52192392,0.00059634,0.00000000
2016-08-10,12509.48304398,-0.00247509,-0.00247509
2016-08-11,12567.53499545,0.00464064,0.00000000
2016-08-12,12556.61383179,-0.00086900,-0.00086900
2016-08-15,12592.82345595,0.00288371,0.00000000
2016-08-16,12527.87614925,-0.00515749,-0.00515749
2016-08-17,12551.44514682,0.00188132,-0.00328586
2016-08-18,12579.61036146,0.00224398,-0.00104926
2016-08-19,12561.21313773,-0.00146246,-0.00251019
2016-08-22,12560.64169945,-0.00004549,-0.00255556
2016-08-23,12585.92810071,0.00201315,-0.00054756
2016-08-24,12521.55326191,-0.00511483,-0.00565959
2016-08-25,12512.93123641,-0.00068857,-0.00634427
2016-08-26,12489.36635732,-0.00188324,-0.00821556
2016-08-29,12550.86856044,0.00492437,-0.00333165
2016-08-30,12530.17631702,-0.00164867,-0.00497483
2016-08-31,12494.54122001,-0.00284394,-0.00780462
2016-09-01,12495.11265828,0.00004574,-0.00775924
2016-09-02,12551.44514682,0.00450836,-0.00328586
2016-09-06,12589.37732276,0.00302214,-0.00027366
2016-09-07,12588.23032772,-0.00009111,-0.00036474
2016-09-08,12559.48852670,-0.00228323,-0.00264714
2016-09-09,12258.88007364,-0.02393477,-0.02651855
2016-09-12,12434.76259828,0.01434736,-0.01255166
2016-09-13,12256.00537873,-0.01437560,-0.02674683
2016-09-14,12251.40710241,-0.00037519,-0.02711198
2016-09-15,12373.83698153,0.00999313,-0.01738978
2016-09-16,12326.00296427,-0.00386574,-0.02118830
2016-09-19,12328.31754671,0.00018778,-0.02100450
2016-09-20,12328.89104422,0.00004652,-0.02095895
2016-09-21,12467.53432619,0.01124540,-0.00994925
2016-09-22,12546.09936745,0.00630157,-0.00371037
2016-09-23,12477.35688689,-0.00547919,-0.00916924
2016-09-26,12376.26276277,-0.00810221,-0.01719715
2016-09-27,12453.09186720,0.00620778,-0.01109613
2016-09-28,12514.90604474,0.00496376,-0.00618745
2016-09-29,12401.68198482,-0.00904714,-0.01517860
2016-09-30,12495.26607144,0.00754608,-0.00774706
2016-10-03,12465.22592147,-0.00240412,-0.01013256
2016-10-04,12401.68198482,-0.00509770,-0.01517860
2016-10-05,12456.55859276,0.00442493,-0.01082083
2016-10-06,12465.22592147,0.00069580,-0.01013256
2016-10-07,12422.47924933,-0.00342927,-0.01352709
2016-10-10,12487.17841796,0.00520823,-0.00838931
2016-10-11,12329.46660098,-0.01262990,-0.02091325
2016-10-12,12345.64499680,0.00131217,-0.01962852
2016-10-13,12305.20775900,-0.00327543,-0.02283965
2016-10-14,12311.56359413,0.00051652,-0.02233493
2016-10-17,12268.81177389,-0.00347249,-0.02572987
2016-10-18,12345.64499680,0.00626248,-0.01962852
2016-10-19,12378.57528596,0.00266736,-0.01701351
2016-10-20,12355.46755749,-0.00186675,-0.01884851
2016-10-21,12361.23959892,0.00046716,-0.01839015
2016-10-24,12413.80883176,0.00425275,-0.01421561
2016-10-25,12372.21842121,-0.00335033,-0.01751831
2016-10-26,12347.37887439,-0.00200769,-0.01949083
2016-10-27,12314.44755561,-0.00266707,-0.02210592
2016-10-28,12278.05362974,-0.00295538,-0.02499597
2016-10-31,12278.63021611,0.00004696,-0.02495018
2016-11-01,12189.66911664,-0.00724520,-0.03201461
2016-11-02,12116.30673777,-0.00601841,-0.03784034
2016-11-03,12060.84530651,-0.00457742,-0.04224455
2016-11-04,12047.55704988,-0.00110177,-0.04329977
2016-11-07,12313.29541248,0.02205745,-0.02219741
2016-11-08,12368.74963642,0.00450361,-0.01779377
2016-11-09,12499.88391051,0.01060206,-0.00738036
2016-11-10,12531.07826285,0.00249557,-0.00490320
2016-11-11,12502.19643371,-0.00230482,-0.00719672
2016-11-14,12512.01693517,0.00078550,-0.00641687
2016-11-15,12609.64227449,0.00780253,0.00000000
2016-11-16,12585.96001888,-0.00187811,-0.00187811
2016-11-17,12650.66021714,0.00514066,0.00000000
2016-11-18,12622.35909284,-0.00223713,-0.00223713
2016-11-21,12717.66779050,0.00755078,0.00000000
2016-11-22,12742.51248541,0.00195356,0.00000000
2016-11-23,12749.43975882,0.00054363,0.00000000
2016-11-25,12796.81456622,0.00371583,0.00000000
2016-11-28,12736.73632551,-0.00469478,-0.00469478
2016-11-29,12761.57381309,0.00195007,-0.00275387
2016-11-30,12730.95913599,-0.00239897,-0.00514624
2016-12-01,12684.16606305,-0.00367553,-0.00880286
2016-12-02,12690.52086857,0.00050100,-0.00830626
2016-12-05,12766.77647548,0.00600886,-0.00234731
2016-12-06,12807.21371328,0.00316738,0.00000000
2016-12-07,12974.73779477,0.01308045,0.00000000
2016-12-08,13006.51388157,0.00244907,0.00000000
2016-12-09,13085.07583398,0.00604020,0.00000000
2016-12-12,13070.05472937,-0.00114796,-0.00114796
2016-12-13,13157.28915858,0.00667437,0.00000000
2016-12-14,13048.68602658,-0.00825422,-0.00825422
2016-12-15,13102.41049140,0.00411723,-0.00417097
2016-12-16,13076.78019755,-0.00195615,-0.00611896
2016-12-19,13105.25532737,0.00217753,-0.00395475
2016-12-20,13155.80959677,0.00385756,-0.00011245
2016-12-21,13119.20356948,-0.00278250,-0.00289464
2016-12-22,13096.53960659,-0.00172754,-0.00461718
2016-12-23,13115.71522193,0.00146417,-0.00315976
2016-12-27,13148.25425606,0.00248092,-0.00068668
2016-12-28,13039.58934695,-0.00826459,-0.00894560
2016-12-29,13036.68788196,-0.00022251,-0.00916612
2016-12-30,12989.03507756,-0.00365528,-0.01278790
2017-01-03,13088.40150180,0.00765002,-0.00523570
2017-01-04,13166.27155056,0.00594955,0.00000000
2017-01-05,13155.80959677,-0.00079460,-0.00079460
2017-01-06,13202.88066670,0.00357797,0.00000000
2017-01-09,13159.29794432,-0.00330100,-0.00330100
2017-01-10,13159.29794432,0.00000000,-0.00330100
2017-01-11,13196.48467644,0.00282589,-0.00048444
2017-01-12,13163.36287824,-0.00250990,-0.00299312
2017-01-13,13193.58321145,0.00229579,-0.00070420
2017-01-17,13147.09078713,-0.00352387,-0.00422558
2017-01-18,13176.14868103,0.00221021,-0.00202471
2017-01-19,13127.33549656,-0.00370466,-0.00572187
2017-01-20,13175.56694657,0.00367412,-0.00206877
2017-01-23,13141.27962019,-0.00260234,-0.00466573
2017-01-24,13225.54051111,0.00641192,0.00000000
2017-01-25,13340.01555754,0.00865560,0.00000000
2017-01-26,13326.06834505,-0.00104552,-0.00104552
2017-01-27,13305.15061517,-0.00156969,-0.00261356
2017-01-30,13222.63492765,-0.00620179,-0.00879914
2017-01-31,13221.47248834,-0.00008791,-0.00888628
2017-02-01,13226.70089119,0.00039545,-0.00849434
2017-02-02,13235.42073044,0.00065926,-0.00784068
2017-02-03,13326.64904989,0.00689274,-0.00100199
2017-02-06,13302.82573655,-0.00178764,-0.00278784
2017-02-07,13303.40438216,0.00004350,-0.00274446
2017-02-08,13320.83788296,0.00131045,-0.00143761
2017-02-09,13399.86419332,0.00593253,0.00000000
2017-02-10,13452.74231171,0.00394617,0.00000000
2017-02-13,13525.96466246,0.00544293,0.00000000
2017-02-14,13580.00316093,0.00399517,0.00000000
2017-02-15,13650.89445535,0.00522027,0.00000000
2017-02-16,13639.27315110,-0.00085132,-0.00085132
2017-02-17,13660.77467468,0.00157644,0.00000000
2017-02-21,13742.12380442,0.00595494,0.00000000
2017-02-22,13729.92488418,-0.00088770,-0.00088770
2017-02-23,13739.22130981,0.00067709,-0.00021121
2017-02-24,13756.65584023,0.00126896,0.00000000
2017-02-27,13778.15530457,0.00156284,0.00000000
2017-02-28,13740.96651320,-0.00269911,-0.00269911
2017-03-01,13933.30337143,0.01399733,0.00000000
2017-03-02,13845.56236991,-0.00629721,-0.00629721
2017-03-03,13854.27603146,0.00062935,-0.00567183
2017-03-06,13813.01921731,-0.00297791,-0.00863285
2017-03-07,13771.76034393,-0.00298696,-0.01159402
2017-03-08,13746.19697529,-0.00185622,-0.01342872
2017-03-09,13763.62944647,0.00126817,-0.01217758
2017-03-10,13811.85780762,0.00350404,-0.00871621
2017-03-13,13818.83038425,0.00050483,-0.00821578
2017-03-14,13765.95226586,-0.00382653,-0.01201087
2017-03-15,13885.07398066,0.00865336,-0.00346145
2017-03-16,13857.76334939,-0.00196691,-0.00542154
2017-03-17,13833.42522679,-0.00175628,-0.00716830
2017-03-20,13818.25482750,-0.00109665,-0.00825709
2017-03-21,13640.83405278,-0.01283959,-0.02099067
2017-03-22,13672.92932132,0.00235288,-0.01868717
2017-03-23,13658.34065650,-0.00106697,-0.01973421
2017-03-24,13648.41822281,-0.00072647,-0.02044635
2017-03-27,13634.41129244,-0.00102627,-0.02145163
2017-03-28,13733.62945162,0.00727704,-0.01433069
2017-03-29,13746.46673534,0.00093473,-0.01340936
2017-03-30,13790.23890753,0.00318425,-0.01026781
2017-03-31,13758.14157975,-0.00232754,-0.01257145
2017-04-03,13734.21324532,-0.00173921,-0.01428880
2017-04-04,13742.96500275,0.00063722,-0.01366068
2017-04-05,13702.11179907,-0.00297266,-0.01659273
2017-04-06,13740.62673909,0.00281088,-0.01382850
2017-04-07,13726.62392720,-0.00101908,-0.01483348
2017-04-10,13734.79395017,0.00059520,-0.01424712
2017-04-11,13718.45493385,-0.00118961,-0.01541978
2017-04-12,13658.34065650,-0.00438200,-0.01973421
2017-04-13,13569.63181356,-0.00649485,-0.02610089
2017-04-17,13689.85933867,0.00886004,-0.01747210
2017-04-18,13649.00510536,-0.00298427,-0.02040423
2017-04-19,13623.91021315,-0.00183859,-0.02220530
2017-04-20,13734.79395017,0.00813891,-0.01424712
2017-04-21,13691.02383721,-0.00318681,-0.01738852
2017-04-24,13841.59730899,0.01099797,-0.00658179
2017-04-25,13922.13715857,0.00581868,-0.00080140
2017-04-26,13913.38334190,-0.00062877,-0.00142967
2017-04-27,13925.05097899,0.00083859,-0.00059228
2017-04-28,13894.70503231,-0.00217923,-0.00277022
2017-05-01,13929.72338784,0.00252027,-0.00025694
2017-05-02,13934.97547191,0.00037704,0.00000000
2017-05-03,13918.05060266,-0.00121456,-0.00121456
2017-05-04,13934.39064859,0.00117402,-0.00004197
2017-05-05,13989.25181226,0.00393711,0.00000000
2017-05-08,13986.91560783,-0.00016700,-0.00016700
2017-05-09,13974.07729449,-0.00091788,-0.00108473
2017-05-10,13999.17218671,0.00179582,0.00000000
2017-05-11,13970.57453228,-0.00204281,-0.00204281
2017-05-12,13947.23102117,-0.00167091,-0.00371030
2017-05-15,14024.27222702,0.00552376,0.00000000
2017-05-16,14011.42876559,-0.00091580,-0.00091580
2017-05-17,13762.80987013,-0.01774401,-0.01864356
2017-05-18,13818.25482750,0.00402861,-0.01469006
2017-05-19,13908.12919859,0.00650403,-0.00828157
2017-05-22,13978.74661449,0.00507742,-0.00324620
2017-05-23,14009.67738448,0.00221270,-0.00104068
2017-05-24,14042.35953558,0.00233283,0.00000000
2017-05-25,14109.47418927,0.00477944,0.00000000
2017-05-26,14106.56139847,-0.00020644,-0.00020644
2017-05-30,14094.29967150,-0.00086922,-0.00107548
2017-05-31,14090.79999815,-0.00024830,-0.00132352
2017-06-01,14202.85441143,0.00795231,0.00000000
2017-06-02,14250.13037545,0.00332862,0.00000000
2017-06-05,14239.62311844,-0.00073734,-0.00073734
2017-06-06,14194.10059476,-0.00319689,-0.00393188
2017-06-07,14220.36101514,0.00185009,-0.00208906
2017-06-08,14227.36653956,0.00049264,-0.00159745
2017-06-09,14205.77543917,-0.00151758,-0.00311260
2017-06-12,14202.85441143,-0.00020562,-0.00331758
2017-06-13,14272.30526954,0.00488992,0.00000000
2017-06-14,14254.21075364,-0.00126781,-0.00126781
2017-06-15,14226.78068662,-0.00192435,-0.00318971
2017-06-16,14229.88910494,0.00021849,-0.00297192
2017-06-19,14348.35701199,0.00832529,0.00000000
2017-06-20,14251.59243375,-0.00674395,-0.00674395
2017-06-21,14248.06907917,-0.00024723,-0.00698951
2017-06-22,14241.61748951,-0.00045280,-0.00743915
2017-06-23,14258.62472825,0.00119419,-0.00625384
2017-06-26,14268.01176030,0.00065834,-0.00559961
2017-06-27,14153.06205974,-0.00805646,-0.01361096
2017-06-28,14279.74220411,0.00895072,-0.00478207
2017-06-29,14154.23685447,-0.00878905,-0.01352909
2017-06-30,14180.62700679,0.00186447,-0.01168984
2017-07-03,14204.67271773,0.00169567,-0.01001399
2017-07-05,14237.51548932,0.00231211,-0.00772503
2017-07-06,14107.31816808,-0.00914467,-0.01679906
2017-07-07,14198.80801064,0.00648528,-0.01042273
2017-07-10,14214.05563132,0.00107387,-0.00936005
2017-07-11,14203.49998224,-0.00074262,-0.01009572
2017-07-12,14310.23435662,0.00751465,-0.00265694
2017-07-13,14334.27800833,0.00168017,-0.00098123
2017-07-14,14401.13525738,0.00466415,0.00000000
2017-07-17,14399.38078742,-0.00012183,-0.00012183
2017-07-18,14407.00202372,0.00052928,0.00000000
2017-07-19,14485.00386364,0.00541416,0.00000000
2017-07-20,14491.45442368,0.00044533,0.00000000
2017-07-21,14478.55124437,-0.00089040,-0.00089040
2017-07-24,14475.03097865,-0.00024314,-0.00113332
2017-07-25,14510.22128046,0.00243110,0.00000000
2017-07-26,14510.80507417,0.00004023,0.00000000
2017-07-27,14497.31707154,-0.00092951,-0.00092951
2017-07-28,14480.31189204,-0.00117299,-0.00210141
2017-07-31,14472.09656586,-0.00056734,-0.00266756
2017-08-01,14504.35451413,0.00222898,-0.00044453
2017-08-02,14511.39092710,0.00048512,0.00000000
2017-08-03,14483.24115674,-0.00193984,-0.00193984
2017-08-04,14509.63439791,0.00182233,-0.00012104
2017-08-07,14536.61040316,0.00185918,0.00000000
2017-08-08,14500.83424841,-0.00246111,-0.00246111
2017-08-09,14500.25148432,-0.00004019,-0.00250120
2017-08-10,14295.57258888,-0.01411554,-0.01658143
2017-08-11,14316.68697589,0.00147699,-0.01512893
2017-08-14,14458.61062247,0.00991316,-0.00536575
2017-08-15,14456.85203404,-0.00012163,-0.00548672
2017-08-16,14482.07048048,0.00174439,-0.00375190
2017-08-17,14256.27925725,-0.01559109,-0.01928449
2017-08-18,14233.99728284,-0.00156296,-0.02081731
2017-08-21,14245.13981447,0.00078281,-0.02005079
2017-08-22,14394.09987403,0.01045690,-0.00980356
2017-08-23,14342.49230489,-0.00358533,-0.01335374
2017-08-24,14309.06470998,-0.00233067,-0.01565328
2017-08-25,14342.49230489,0.00233611,-0.01335374
2017-08-28,14343.07609859,0.00004070,-0.01331358
2017-08-29,14359.49645477,0.00114483,-0.01218399
2017-08-30,14427.52643932,0.00473763,-0.00750409
2017-08-31,14514.32636951,0.00601627,-0.00153296
2017-09-01,14534.84872587,0.00141394,-0.00012119
2017-09-05,14430.45982248,-0.00718197,-0.00730229
2017-09-06,14479.71986139,0.00341362,-0.00391360
2017-09-07,14477.96230258,-0.00012138,-0.00403451
2017-09-08,14460.95918232,-0.00117441,-0.00520419
2017-09-11,14615.19706641,0.01066581,0.00000000
2017-09-12,14664.46019418,0.00337068,0.00000000
2017-09-13,14671.49660715,0.00047983,0.00000000
2017-09-14,14666.80669479,-0.00031966,-0.00031966
2017-09-15,14686.54860031,0.00134603,0.00000000
2017-09-18,14717.78722624,0.00212702,0.00000000
2017-09-19,14732.52106728,0.00100109,0.00000000
2017-09-20,14737.82669152,0.00036013,0.00000000
2017-09-21,14698.33773238,-0.00267943,-0.00267943
2017-09-22,14701.28347097,0.00020041,-0.00247955
2017-09-25,14671.22581748,-0.00204456,-0.00451904
2017-09-26,14680.06303325,0.00060235,-0.00391941
2017-09-27,14737.23569049,0.00389458,-0.00004010
2017-09-28,14754.91527012,0.00119965,0.00000000
2017-09-29,14806.77921427,0.00351503,0.00000000
2017-10-02,14871.02329152,0.00433883,0.00000000
2017-10-03,14902.84880001,0.00214010,0.00000000
2017-10-04,14920.52837963,0.00118632,0.00000000
2017-10-05,15008.93451472,0.00592513,0.00000000
2017-10-06,14991.84490650,-0.00113863,-0.00113863
2017-10-09,14967.08875878,-0.00165131,-0.00278806
2017-10-10,15006.57668830,0.00263832,-0.00015709
2017-10-11,15030.14774511,0.00157072,0.00000000
2017-10-12,15007.75766075,-0.00148968,-0.00148968
2017-10-13,15026.02721179,0.00121734,-0.00027415
2017-10-16,15046.06358821,0.00133344,0.00000000
2017-10-17,15056.67689593,0.00070539,0.00000000
2017-10-18,15071.40970735,0.00097849,0.00000000
2017-10-19,15075.53229991,0.00027354,0.00000000
2017-10-20,15153.32924575,0.00516048,0.00000000
2017-10-23,15094.39594083,-0.00388913,-0.00388913
2017-10-24,15120.91376585,0.00175680,-0.00213917
2017-10-25,15046.06358821,-0.00495011,-0.00707869
2017-10-26,15065.51205246,0.00129259,-0.00579524
2017-10-27,15188.69664195,0.00817659,0.00000000
2017-10-30,15132.11189688,-0.00372545,-0.00372545
2017-10-31,15155.69119064,0.00155823,-0.00217303
2017-11-01,15175.72653744,0.00132197,-0.00085393
2017-11-02,15181.62007385,0.00038835,-0.00046591
2017-11-03,15232.30922327,0.00333885,0.00000000
2017-11-06,15255.88336893,0.00154764,0.00000000
2017-11-07,15245.27109083,-0.00069562,-0.00069562
2017-11-08,15271.20512215,0.00170112,0.00000000
2017-11-09,15215.80340876,-0.00362785,-0.00362785
2017-11-10,15211.08878555,-0.00030985,-0.00393658
2017-11-13,15225.23265518,0.00092984,-0.00301040
2017-11-14,15189.87246630,-0.00232247,-0.00532588
2017-11-15,15113.84234584,-0.00500532,-0.01030454
2017-11-16,15242.32535225,0.00850102,-0.00189113
2017-11-17,15197.53282810,-0.00293869,-0.00482426
2017-11-20,15223.46582979,0.00170640,-0.00312610
2017-11-21,15323.07215515,0.00654295,0.00000000
2017-11-22,15309.51825694,-0.00088454,-0.00088454
2017-11-24,15344.87535696,0.00230948,0.00000000
2017-11-27,15337.21499516,-0.00049921,-0.00049921
2017-11-28,15492.80579799,0.01014466,0.00000000
2017-11-29,15483.37861081,-0.00060849,-0.00060849
2017-11-30,15618.93406683,0.00875490,0.00000000
2017-12-01,15586.51961655,-0.00207533,-0.00207533
2017-12-04,15567.66112372,-0.00120992,-0.00328274
2017-12-05,15511.67149815,-0.00359653,-0.00686747
2017-12-06,15514.61517750,0.00018977,-0.00667900
2017-12-07,15563.53647192,0.00315324,-0.00354682
2017-12-08,15648.40380815,0.00545296,0.00000000
2017-12-11,15695.55621794,0.00301324,0.00000000
2017-12-12,15723.25398578,0.00176469,0.00000000
2017-12-13,15721.48510116,-0.00011250,-0.00011250
2017-12-14,15657.24514239,-0.00408613,-0.00419817
2017-12-15,15787.62985420,0.00832744,0.00000000
2017-12-18,15887.73863340,0.00634096,0.00000000
2017-12-19,15826.72755831,-0.00384014,-0.00384014
2017-12-20,15818.42883303,-0.00052435,-0.00436247
2017-12-21,15851.01419998,0.00205996,-0.00231150
2017-12-22,15846.86689658,-0.00026164,-0.00257253
2017-12-26,15827.90956037,-0.00119628,-0.00376574
2017-12-27,15835.61213653,0.00048665,-0.00328093
2017-12-28,15868.19029615,0.00205727,-0.00123040
2017-12-29,15808.36431198,-0.00377018,-0.00499595
2018-01-02,15921.50806166,0.00715721,0.00000000
2018-01-03,16022.20990112,0.00632489,0.00000000
2018-01-04,16089.74772802,0.00421526,0.00000000
2018-01-05,16196.96911196,0.00666396,0.00000000
2018-01-08,16226.58402948,0.00182842,0.00000000
2018-01-09,16263.31052213,0.00226335,0.00000000
2018-01-10,16238.43390904,-0.00152962,-0.00152962
2018-01-11,16356.91417151,0.00729629,0.00000000
2018-01-12,16463.53219900,0.00651822,0.00000000
2018-01-16,16407.26457644,-0.00341771,-0.00341771
2018-01-17,16563.65127438,0.00953155,0.00000000
2018-01-18,16535.81141919,-0.00168078,-0.00168078
2018-01-19,16611.04358530,0.00454965,0.00000000
2018-01-22,16746.10276519,0.00813069,0.00000000
2018-01-23,16781.64725578,0.00212255,0.00000000
2018-01-24,16775.12977054,-0.00038837,-0.00038837
2018-01-25,16782.24443453,0.00042412,0.00000000
2018-01-26,16976.54168642,0.01157755,0.00000000
2018-01-29,16863.98584892,-0.00663008,-0.00663008
2018-01-30,16691.02023355,-0.01025651,-0.01681859
2018-01-31,16699.30454417,0.00049633,-0.01633060
2018-02-01,16680.34926719,-0.00113509,-0.01744716
2018-02-02,16317.21928867,-0.02176993,-0.03883726
2018-02-05,15634.79534015,-0.04182232,-0.07903532
2018-02-06,15942.83352047,0.01970209,-0.06089039
2018-02-07,15856.34659431,-0.00542482,-0.06598488
2018-02-08,15261.59157401,-0.03750896,-0.10101881
2018-02-09,15490.84128585,0.01502135,-0.08751490
2018-02-12,15718.31799459,0.01468459,-0.07411543
2018-02-13,15757.41775793,0.00248753,-0.07181227
2018-02-14,15970.08340425,0.01349622,-0.05928524
2018-02-15,16173.86035387,0.01275992,-0.04728179
2018-02-16,16178.60380640,0.00029328,-0.04700238
2018-02-20,16077.30684743,-0.00626117,-0.05296926
2018-02-21,15997.33328803,-0.00497431,-0.05768009
2018-02-22,16018.06671619,0.00129606,-0.05645879
2018-02-23,16273.38430975,0.01593935,-0.04141935
2018-02-26,16462.35122656,0.01161202,-0.03028829
2018-02-27,16256.80127384,-0.01248606,-0.04239617
2018-02-28,16092.11688024,-0.01013018,-0.05209688
2018-03-01,15858.12268625,-0.01454092,-0.06588026
2018-03-02,15939.86718951,0.00515474,-0.06106512
2018-03-05,16124.09992036,0.01155798,-0.05021292
2018-03-06,16164.97886451,0.00253527,-0.04780496
2018-03-07,16159.05238030,-0.00036662,-0.04815405
2018-03-08,16237.24469965,0.00483892,-0.04354815
2018-03-09,16519.81217699,0.01740243,-0.02690357
2018-03-12,16499.08080807,-0.00125494,-0.02812474
2018-03-13,16392.45145477,-0.00646275,-0.03440573
2018-03-14,16308.33162159,-0.00513162,-0.03936079
2018-03-15,16290.56349477,-0.00108951,-0.04040742
2018-03-16,16308.22660050,0.00108425,-0.03936697
2018-03-19,16087.56905523,-0.01353044,-0.05236477
2018-03-20,16114.93734514,0.00170121,-0.05075264
2018-03-21,16084.00245667,-0.00191964,-0.05257486
2018-03-22,15681.94877957,-0.02499712,-0.07625775
2018-03-23,15347.69136361,-0.02131479,-0.09594712
2018-03-26,15767.59450740,0.02735937,-0.07121281
2018-03-27,15499.36137911,-0.01701167,-0.08701303
2018-03-28,15453.56085843,-0.00295499,-0.08971090
2018-03-29,15651.01800957,0.01277745,-0.07807972
2018-04-02,15313.19811353,-0.02158453,-0.09797894
2018-04-03,15509.46811452,0.01281705,-0.08641769
2018-04-04,15675.40349463,0.01069897,-0.07664330
2018-04-05,15799.11318957,0.00789196,-0.06935620
2018-04-06,15447.01969197,-0.02228565,-0.09009621
2018-04-09,15523.14350771,0.00492806,-0.08561215
2018-04-10,15769.97189656,0.01590067,-0.07107277
2018-04-11,15687.30176626,-0.00524225,-0.07594244
2018-04-12,15816.36444789,0.00822721,-0.06834002
2018-04-13,15769.97189656,-0.00293320,-0.07107277
2018-04-16,15899.62866808,0.00822175,-0.06343536
2018-04-17,16069.72782549,0.01069831,-0.05341570
2018-04-18,16081.62609712,0.00074042,-0.05271483
2018-04-19,15992.41171150,-0.00554760,-0.05796999
2018-04-20,15856.80477455,-0.00847946,-0.06595789
2018-04-23,15854.43047424,-0.00014973,-0.06609775
2018-04-24,15640.90921493,-0.01346761,-0.07867518
2018-04-25,15679.56624231,0.00247153,-0.07639809
2018-04-26,15838.96045596,0.01016573,-0.06700901
2018-04-27,15853.83329549,0.00093900,-0.06613293
2018-04-30,15731.91307755,-0.00769027,-0.07331461
2018-05-01,15759.86104268,0.00177651,-0.07166834
2018-05-02,15653.99154786,-0.00671767,-0.07790457
2018-05-03,15619.49726816,-0.00220355,-0.07993645
2018-05-04,15821.71125687,0.01294625,-0.06802507
2018-05-07,15875.24524226,0.00338358,-0.06487166
2018-05-08,15875.24524226,0.00000000,-0.06487166
2018-05-09,16028.69134971,0.00966575,-0.05583295
2018-05-10,16178.56879937,0.00935057,-0.04700444
2018-05-11,16227.93694822,0.00305145,-0.04409642
2018-05-14,16235.66423522,0.00047617,-0.04364125
2018-05-15,16123.85178230,-0.00688684,-0.05022754
2018-05-16,16191.65216192,0.00420497,-0.04623377
2018-05-17,16177.97470948,-0.00084472,-0.04703944
2018-05-18,16137.53335320,-0.00249978,-0.04942163
2018-05-21,16258.85948127,0.00751826,-0.04227494
2018-05-22,16213.65716895,-0.00278017,-0.04493757
2018-05-23,16258.26745062,0.00275140,-0.04230981
2018-05-24,16224.95929146,-0.00204869,-0.04427182
2018-05-25,16186.30432332,-0.00238244,-0.04654878
2018-05-29,16000.14414659,-0.01150109,-0.05751451
2018-05-30,16213.65716895,0.01334444,-0.04493757
2018-05-31,16114.33295907,-0.00612596,-0.05078824
2018-06-01,16272.54002256,0.00981779,-0.04146909
2018-06-04,16349.86128464,0.00475164,-0.03691449
2018-06-05,16361.75543780,0.00072748,-0.03621387
2018-06-06,16498.54952491,0.00836060,-0.02815604
2018-06-07,16496.76622563,-0.00010809,-0.02826108
2018-06-08,16545.53822536,0.00295646,-0.02538818
2018-06-11,16567.53911392,0.00132972,-0.02409222
2018-06-12,16588.95414954,0.00129259,-0.02283077
2018-06-13,16536.02249099,-0.00319078,-0.02594870
2018-06-14,16577.65099742,0.00251744,-0.02349658
2018-06-15,16556.50160337,-0.00127578,-0.02474238
2018-06-18,16522.45005964,-0.00205669,-0.02674818
2018-06-19,16459.12131326,-0.00383289,-0.03047855
2018-06-20,16487.20415842,0.00170622,-0.02882434
2018-06-21,16383.84487356,-0.00626906,-0.03491269
2018-06-22,16413.71410685,0.00182309,-0.03315325
2018-06-25,16190.28071005,-0.01361260,-0.04631456
2018-06-26,16226.12893810,0.00221418,-0.04420292
2018-06-27,16091.70915130,-0.00828416,-0.05212089
2018-06-28,16183.70659579,0.00571707,-0.04670180
2018-06-29,16207.01098140,0.00143999,-0.04532906
2018-07-02,16241.65764463,0.00213776,-0.04328821
2018-07-03,16184.30583377,-0.00353116,-0.04666650
2018-07-05,16316.33690559,0.00815797,-0.03888924
2018-07-06,16454.34182408,0.00845808,-0.03076008
2018-07-09,16602.50392928,0.00900444,-0.02203262
2018-07-10,16662.24651436,0.00359841,-0.01851350
2018-07-11,16540.37057000,-0.00731450,-0.02569258
2018-07-12,16690.32832990,0.00906617,-0.01685934
2018-07-13,16703.46626223,0.00078716,-0.01608546
2018-07-16,16688.53679368,-0.00089379,-0.01696487
2018-07-17,16756.04167278,0.00404498,-0.01298851
2018-07-18,16791.29375171,0.00210384,-0.01091199
2018-07-19,16727.96294609,-0.00377165,-0.01464248
2018-07-20,16708.84910786,-0.00114263,-0.01576838
2018-07-23,16739.91372826,0.00185917,-0.01393853
2018-07-24,16824.15093796,0.00503212,-0.00897655
2018-07-25,16967.53355398,0.00852243,-0.00053062
2018-07-26,16927.50198588,-0.00235930,-0.00288867
2018-07-27,16812.79939376,-0.00677611,-0.00964521
2018-07-30,16724.97705238,-0.00522354,-0.01481837
2018-07-31,16807.42375546,0.00492956,-0.00996186
2018-08-01,16779.34296953,-0.00167074,-0.01161595
2018-08-02,16870.74735375,0.00544744,-0.00623180
2018-08-03,16943.04201822,0.00428521,-0.00197329
2018-08-06,17005.17228864,0.00366701,0.00000000
2018-08-07,17061.33077164,0.00330244,0.00000000
2018-08-08,17054.16256750,-0.00042014,-0.00042014
2018-08-09,17030.86127074,-0.00136631,-0.00178588
2018-08-10,16916.74967966,-0.00670028,-0.00847420
2018-08-13,16853.42608137,-0.00374325,-0.01218573
2018-08-14,16960.95532125,0.00638026,-0.00588321
2018-08-15,16834.30915429,-0.00746692,-0.01330621
2018-08-16,16970.52356617,0.00809148,-0.00532240
2018-08-17,17030.25997353,0.00352001,-0.00182112
2018-08-20,17066.70949880,0.00214028,0.00000000
2018-08-21,17106.73488919,0.00234523,0.00000000
2018-08-22,17096.58079133,-0.00059357,-0.00059357
2018-08-23,17073.88182142,-0.00132769,-0.00192048
2018-08-24,17176.63260174,0.00601801,0.00000000
2018-08-27,17312.24468678,0.00789515,0.00000000
2018-08-28,17320.61136689,0.00048328,0.00000000
2018-08-29,17413.81037619,0.00538082,0.00000000
2018-08-30,17343.31445528,-0.00404828,-0.00404828
2018-08-31,17343.91369326,0.00003455,-0.00401386
2018-09-04,17314.03828225,-0.00172253,-0.00572948
2018-09-05,17267.44289607,-0.00269119,-0.00840525
2018-09-06,17215.46878274,-0.00300995,-0.01138990
2018-09-07,17182.00824004,-0.00194363,-0.01331140
2018-09-10,17211.88056219,0.00173858,-0.01159596
2018-09-11,17268.62901661,0.00329705,-0.00833714
2018-09-12,17272.81132704,0.00024219,-0.00809697
2018-09-13,17374.97728404,0.00591484,-0.00223002
2018-09-14,17377.96523699,0.00017197,-0.00205843
2018-09-17,17285.96676288,-0.00529397,-0.00734151
2018-09-18,17379.76089169,0.00542603,-0.00195531
2018-09-19,17398.27755118,0.00106542,-0.00089198
2018-09-20,17539.26939299,0.00810378,0.00000000
2018-09-21,17523.24646957,-0.00091355,-0.00091355
2018-09-24,17465.03183838,-0.00332214,-0.00423265
2018-09-25,17448.82564286,-0.00092792,-0.00515664
2018-09-26,17396.61368765,-0.00299229,-0.00813350
2018-09-27,17445.22403727,0.00279424,-0.00536199
2018-09-28,17447.03204739,0.00010364,-0.00525890
2018-10-01,17507.64980821,0.00347439,-0.00180279
2018-10-02,17497.43805171,-0.00058327,-0.00238501
2018-10-03,17507.04233328,0.00054890,-0.00183742
2018-10-04,17370.20809105,-0.00781595,-0.00963902
2018-10-05,17272.98739181,-0.00559698,-0.01518205
2018-10-08,17272.98739181,0.00000000,-0.01518205
2018-10-09,17247.78438964,-0.00145910,-0.01661899
2018-10-10,16701.66545944,-0.03166314,-0.04775592
2018-10-11,16333.78790991,-0.02202640,-0.06873043
2018-10-12,16560.63655135,0.01388831,-0.05579667
2018-10-15,16467.61875491,-0.00561680,-0.06110007
2018-10-16,16827.69282567,0.02186558,-0.04057048
2018-10-17,16830.69725251,0.00017854,-0.04039918
2018-10-18,16587.64344517,-0.01444110,-0.05425688
2018-10-19,16578.63737196,-0.00054294,-0.05477036
2018-10-22,16504.22787105,-0.00448828,-0.05901281
2018-10-23,16420.20276278,-0.00509113,-0.06380349
2018-10-24,15922.69727105,-0.03029838,-0.09216873
2018-10-25,16208.35978166,0.01794059,-0.07588170
2018-10-26,15923.30062750,-0.01758717,-0.09213433
2018-10-29,15835.07570528,-0.00554062,-0.09716446
2018-10-30,16069.72576625,0.01481837,-0.08378591
2018-10-31,16241.36317374,0.01068079,-0.07400002
2018-11-01,16414.20214603,0.01064190,-0.06414562
2018-11-02,16316.98350603,-0.00592284,-0.06968853
2018-11-05,16407.00202372,0.00551686,-0.06455613
2018-11-06,16510.82360730,0.00632788,-0.05863675
2018-11-07,16864.30297143,0.02140895,-0.03848315
2018-11-08,16833.69962012,-0.00181468,-0.04022800
2018-11-09,16669.25615725,-0.00976871,-0.04960373
2018-11-12,16357.79140649,-0.01868498,-0.06736187
2018-11-13,16327.18393672,-0.00187112,-0.06910695
2018-11-14,16215.55887436,-0.00683676,-0.07547125
2018-11-15,16384.79624107,0.01043673,-0.06582219
2018-11-16,16427.40700357,0.00260063,-0.06339274
2018-11-19,16149.54488287,-0.01691455,-0.07923503
2018-11-20,15850.68060358,-0.01850605,-0.09627475
2018-11-21,15904.69130235,0.00340747,-0.09319534
2018-11-23,15798.46761875,-0.00667876,-0.09925167
2018-11-26,16053.52265959,0.01614429,-0.08470973
2018-11-27,16107.53438797,0.00336448,-0.08163025
2018-11-28,16478.42048282,0.02302563,-0.06048421
2018-11-29,16442.41060466,-0.00218527,-0.06253731
2018-11-30,16542.63264189,0.00609534,-0.05682316
2018-12-03,16761.67677495,0.01324119,-0.04433438
2018-12-04,16218.56021235,-0.03240228,-0.07530013
2018-12-06,16193.95438893,-0.00151714,-0.07670302
2018-12-07,15817.66897456,-0.02323617,-0.09815691
2018-12-10,15847.68029521,0.00189733,-0.09644581
2018-12-11,15851.27984156,0.00022713,-0.09624059
2018-12-12,15931.09689894,0.00503537,-0.09168982
2018-12-13,15925.69654980,-0.00033898,-0.09199772
2018-12-14,15631.63338167,-0.01846470,-0.10876371
2018-12-17,15324.96356437,-0.01961854,-0.12624846
2018-12-18,15308.16121973,-0.00109640,-0.12720645
2018-12-19,15078.90944865,-0.01497579,-0.14027722
2018-12-20,14833.45560053,-0.01627796,-0.15427175
2018-12-21,14529.52559812,-0.02048949,-0.17160029
2018-12-24,14145.61276974,-0.02642294,-0.19348905
2018-12-26,14860.31731813,0.05052482,-0.15274023
2018-12-27,14974.40625761,0.00767742,-0.14623546
2018-12-28,14955.08855491,-0.00129005,-0.14733686
2018-12-31,15086.07765280,0.00875883,-0.13986853
2019-01-02,15101.77109830,0.00104026,-0.13897376
2019-01-03,14741.40152703,-0.02386274,-0.15952021
2019-01-04,15235.17465162,0.03349567,-0.13136777
2019-01-07,15355.30127410,0.00788482,-0.12451876
2019-01-08,15499.56627320,0.00939513,-0.11629351
2019-01-09,15572.00508426,0.00467360,-0.11216341
2019-01-10,15626.93626198,0.00352756,-0.10903152
2019-01-11,15632.97291537,0.00038630,-0.10868734
2019-01-14,15537.59729252,-0.00610093,-0.11412517
2019-01-15,15715.67290461,0.01146095,-0.10397220
2019-01-16,15753.69774622,0.00241955,-0.10180422
2019-01-17,15873.22101225,0.00758700,-0.09498961
2019-01-18,16084.49358470,0.01331000,-0.08294392
2019-01-22,15867.18229962,-0.01351061,-0.09533391
2019-01-23,15900.38749693,0.00209270,-0.09344072
2019-01-24,15908.83036880,0.00053099,-0.09295935
2019-01-25,16043.44372388,0.00846155,-0.08528438
2019-01-28,15921.51218013,-0.00760009,-0.09223629
2019-01-29,15900.38749693,-0.00132680,-0.09344072
2019-01-30,16152.10039604,0.01583061,-0.07908933
2019-01-31,16293.95093971,0.00878217,-0.07100173
2019-02-01,16301.79972169,0.00048170,-0.07055423
2019-02-04,16416.49304724,0.00703562,-0.06401500
2019-02-05,16485.30863073,0.00419186,-0.06009149
2019-02-06,16463.57750222,-0.00131821,-0.06133048
2019-02-07,16306.62966218,-0.00953303,-0.07027885
2019-02-08,16326.54969171,0.00122159,-0.06914311
2019-02-11,16335.60724584,0.00055477,-0.06862670
2019-02-12,16545.66795729,0.01285907,-0.05665010
2019-02-13,16599.39448135,0.00324717,-0.05358689
2019-02-14,16562.56914532,-0.00221847,-0.05568648
2019-02-15,16743.05921285,0.01089747,-0.04539586
2019-02-19,16772.03679651,0.00173072,-0.04374370
2019-02-20,16805.83917256,0.00201540,-0.04181646
2019-02-21,16746.07599511,-0.00355610,-0.04522386
2019-02-22,16849.90478603,0.00620019,-0.03930407
2019-02-25,16872.83850897,0.00136106,-0.03799650
2019-02-26,16860.77035028,-0.00071524,-0.03868457
2019-02-27,16853.52389513,-0.00042978,-0.03909772
2019-02-28,16822.13597451,-0.00186240,-0.04088730
2019-03-01,16927.17353757,0.00624401,-0.03489859
2019-03-04,16865.59823153,-0.00363766,-0.03840931
2019-03-05,16842.65627164,-0.00136028,-0.03971734
2019-03-06,16740.64269818,-0.00605686,-0.04553364
2019-03-07,16600.60531273,-0.00836511,-0.05351786
2019-03-08,16567.39805618,-0.00200036,-0.05541116
2019-03-11,16807.65233077,0.01450163,-0.04171309
2019-03-12,16871.03049884,0.00377079,-0.03809959
2019-03-13,16982.70395327,0.00661924,-0.03173253
2019-03-14,16971.83530016,-0.00063998,-0.03235221
2019-03-15,17055.68640291,0.00494060,-0.02757144
2019-03-18,17117.52838015,0.00362589,-0.02404553
2019-03-19,17121.77040845,0.00024782,-0.02380367
2019-03-20,17070.24314956,-0.00300946,-0.02674149
2019-03-21,17263.04436575,0.01129458,-0.01574895
2019-03-22,16930.79470591,-0.01924630,-0.03469213
2019-03-25,16918.06141366,-0.00075208,-0.03541812
2019-03-26,17044.16600128,0.00745384,-0.02822828
2019-03-27,16955.04119246,-0.00522905,-0.03330972
2019-03-28,17019.31512865,0.00379085,-0.02964515
2019-03-29,17126.62300055,0.00630506,-0.02352700
2019-04-01,17329.73584622,0.01185948,-0.01194654
2019-04-02,17338.22402131,0.00048980,-0.01146259
2019-04-03,17365.50273441,0.00157333,-0.00990729
2019-04-04,17411.58228171,0.00265351,-0.00728007
2019-04-05,17495.86273538,0.00484048,-0.00247483
2019-04-08,17509.20041370,0.00076233,-0.00171438
2019-04-09,17419.46710034,-0.00512492,-0.00683052
2019-04-10,17478.88226673,0.00341085,-0.00344297
2019-04-11,17474.02864502,-0.00027768,-0.00371970
2019-04-12,17592.26591752,0.00676646,0.00000000
2019-04-15,17580.74036779,-0.00065515,-0.00065515
2019-04-16,17592.26591752,0.00065558,0.00000000
2019-04-17,17549.21138943,-0.00244736,-0.00244736
2019-04-18,17583.76744624,0.00196909,-0.00048308
2019-04-22,17598.92549011,0.00086205,0.00000000
2019-04-23,17757.17991606,0.00899228,0.00000000
2019-04-24,17717.76405983,-0.00221971,-0.00221971
2019-04-25,17706.85216274,-0.00061587,-0.00283422
2019-04-26,17789.31019163,0.00465684,0.00000000
2019-04-29,17817.19226118,0.00156735,0.00000000
2019-04-30,17826.28585196,0.00051038,0.00000000
2019-05-01,17692.29747532,-0.00751634,-0.00751634
2019-05-02,17654.10274666,-0.00215883,-0.00965894
2019-05-03,17826.89126765,0.00978744,0.00000000
2019-05-06,17753.53506649,-0.00411492,-0.00411492
2019-05-07,17457.05435408,-0.01669981,-0.02074601
2019-05-08,17432.80066019,-0.00138933,-0.02210652
2019-05-09,17380.05330335,-0.00302575,-0.02506539
2019-05-10,17467.36289471,0.00502355,-0.02016775
2019-05-13,17028.40357133,-0.02513026,-0.04479119
2019-05-14,17182.40155431,0.00904359,-0.03615267
2019-05-15,17283.04676476,0.00585746,-0.03050697
2019-05-16,17443.11126006,0.00926136,-0.02152815
2019-05-17,17330.34332115,-0.00646490,-0.02785387
2019-05-20,17215.74369088,-0.00661266,-0.03428234
2019-05-21,17370.95971257,0.00901593,-0.02557549
2019-05-22,17317.60899928,-0.00307126,-0.02856820
2019-05-23,17106.01724508,-0.01221830,-0.04043745
2019-05-24,17144.81635981,0.00226816,-0.03826101
2019-05-28,16985.36242829,-0.00930042,-0.04720559
2019-05-29,16871.36924334,-0.00671126,-0.05360004
2019-05-30,16917.45290911,0.00273147,-0.05101497
2019-05-31,16689.48919081,-0.01347506,-0.06380260
2019-06-03,16647.04625613,-0.00254309,-0.06618344
2019-06-04,17008.38984652,0.02170617,-0.04591386
2019-06-05,17155.72516805,0.00866251,-0.03764908
2019-06-06,17267.28227558,0.00650262,-0.03139128
2019-06-07,17440.08212237,0.01000736,-0.02169807
2019-06-10,17520.11231079,0.00458887,-0.01720877
2019-06-11,17515.87028248,-0.00024212,-0.01744673
2019-06-12,17484.94260134,-0.00176569,-0.01918162
2019-06-13,17557.09620807,0.00412661,-0.01513416
2019-06-14,17537.69201742,-0.00110521,-0.01622264
2019-06-17,17544.35982696,0.00038020,-0.01584861
2019-06-18,17728.06642275,0.01047098,-0.00554358
2019-06-19,17768.08357619,0.00225728,-0.00329882
2019-06-20,17937.85119644,0.00955464,0.00000000
2019-06-21,17911.77301854,-0.00145381,-0.00145381
2019-06-24,17889.84214404,-0.00122438,-0.00267641
2019-06-25,17714.37661489,-0.00980811,-0.01245827
2019-06-26,17696.70424259,-0.00099763,-0.01344347
2019-06-27,17759.46155070,0.00354627,-0.00994487
2019-06-28,17850.84843140,0.00514581,-0.00485023
2019-07-01,18012.90420893,0.00907832,0.00000000
2019-07-02,18059.81774723,0.00260444,0.00000000
2019-07-03,18204.20938940,0.00799519,0.00000000
2019-07-05,18183.48934628,-0.00113820,-0.00113820
2019-07-08,18083.57722422,-0.00549466,-0.00662661
2019-07-09,18106.11969212,0.00124657,-0.00538830
2019-07-10,18192.63029951,0.00477798,-0.00063607
2019-07-11,18235.27915790,0.00234429,0.00000000
2019-07-12,18316.92172891,0.00447718,0.00000000
2019-07-15,18323.00883361,0.00033232,0.00000000
2019-07-16,18263.91696744,-0.00322501,-0.00322501
2019-07-17,18139.62553804,-0.00680530,-0.01000836
2019-07-18,18206.03181418,0.00366084,-0.00638416
2019-07-19,18104.90062379,-0.00555482,-0.01190351
2019-07-22,18149.37602544,0.00245654,-0.00947622
2019-07-23,18279.14502537,0.00715005,-0.00239392
2019-07-24,18365.04815783,0.00469952,0.00000000
2019-07-25,18277.31436364,-0.00477722,-0.00477722
2019-07-26,18399.77719055,0.00670026,0.00000000
2019-07-29,18366.26516692,-0.00182133,-0.00182133
2019-07-30,18321.18229036,-0.00245466,-0.00427151
2019-07-31,18120.74233436,-0.01094034,-0.01516512
2019-08-01,17962.94917751,-0.00870787,-0.02374094
2019-08-02,17827.69642933,-0.00752954,-0.03109172
2019-08-05,17291.55759145,-0.03007337,-0.06023006
2019-08-06,17534.04099014,0.01402322,-0.04705145
2019-08-07,17544.39895247,0.00059073,-0.04648851
2019-08-08,17888.61689800,0.01961982,-0.02778079
2019-08-09,17766.77390144,-0.00681120,-0.03440277
2019-08-12,17550.49223487,-0.01217338,-0.04615735
2019-08-13,17823.42969018,0.01555156,-0.03132361
2019-08-14,17296.43386477,-0.02956759,-0.05996504
2019-08-15,17342.12421627,0.00264161,-0.05748184
2019-08-16,17598.01324810,0.01475535,-0.04357465
2019-08-19,17810.02817551,0.01204766,-0.03205197
2019-08-20,17673.55841824,-0.00766252,-0.03946889
2019-08-21,17817.33640777,0.00813520,-0.03165477
2019-08-22,17811.85883724,-0.00030743,-0.03195247
2019-08-23,17354.31695880,-0.02568749,-0.05681918
2019-08-26,17546.22137725,0.01105802,-0.04638946
2019-08-27,17477.38108292,-0.00392337,-0.05013083
2019-08-28,17600.45138476,0.00704169,-0.04344215
2019-08-29,17825.26241115,0.01277303,-0.03122401
2019-08-30,17817.33640777,-0.00044465,-0.03165477
2019-09-03,17713.15754656,-0.00584705,-0.03731674
2019-09-04,17914.21115520,0.01135052,-0.02638978
2019-09-05,18144.50181136,0.01285519,-0.01387383
2019-09-06,18158.51491943,0.00077231,-0.01311224
2019-09-09,18167.65381342,0.00050328,-0.01261555
2019-09-10,18163.38913351,-0.00023474,-0.01284733
2019-09-11,18292.54654004,0.00711086,-0.00582782
2019-09-12,18355.91544155,0.00346419,-0.00238382
2019-09-13,18343.72681750,-0.00066402,-0.00304625
2019-09-16,18287.06691027,-0.00308879,-0.00612563
2019-09-17,18333.37297365,0.00253218,-0.00360897
2019-09-18,18344.33429242,0.00059789,-0.00301324
2019-09-19,18343.11728333,-0.00006634,-0.00307938
2019-09-20,18256.45429240,-0.00472455,-0.00778938
2019-09-23,18252.16696088,-0.00023484,-0.00802239
2019-09-24,18108.94084687,-0.00784707,-0.01580651
2019-09-25,18216.05618010,0.00591505,-0.00998496
2019-09-26,18178.10650065,-0.00208331,-0.01204747
2019-09-27,18080.17742386,-0.00538720,-0.01736976
2019-09-30,18164.02543776,0.00463757,-0.01281275
2019-10-01,17947.96822803,-0.01189479,-0.02455513
2019-10-02,17630.92191528,-0.01766475,-0.04178612
2019-10-03,17775.36709761,0.00819272,-0.03393574
2019-10-04,18015.91275424,0.01353253,-0.02086245
2019-10-07,17938.18067437,-0.00431463,-0.02508707
2019-10-08,17659.69975294,-0.01552448,-0.04022209
2019-10-09,17827.40195844,0.00949632,-0.03110773
2019-10-10,17947.96822803,0.00676297,-0.02455513
2019-10-11,18134.03882794,0.01036722,-0.01444248
2019-10-14,18113.84183103,-0.00111376,-0.01554015
2019-10-15,18293.17048887,0.00990009,-0.00579391
2019-10-16,18263.79341322,-0.00160590,-0.00739051
2019-10-17,18317.65069883,0.00294886,-0.00446345
2019-10-18,18237.47636382,-0.00437689,-0.00882080
2019-10-21,18361.11295584,0.00677926,-0.00210134
2019-10-22,18301.12944004,-0.00326688,-0.00536136
2019-10-23,18354.37719148,0.00290953,-0.00246742
2019-10-24,18384.36791976,0.00163398,-0.00083747
2019-10-25,18459.64950756,0.00409487,0.00000000
2019-10-28,18563.70069607,0.00563668,0.00000000
2019-10-29,18558.19223699,-0.00029673,-0.00029673
2019-10-30,18615.11572655,0.00306730,0.00000000
2019-10-31,18565.53547628,-0.00266344,-0.00266344
2019-11-01,18737.52913177,0.00926414,0.00000000
2019-11-04,18812.80866033,0.00401758,0.00000000
2019-11-05,18792.00212925,-0.00110598,-0.00110598
2019-11-06,18796.28740154,0.00022804,-0.00087819
2019-11-07,18862.38479212,0.00351651,0.00000000
2019-11-08,18908.90501615,0.00246630,0.00000000
2019-11-11,18872.79217613,-0.00190983,-0.00190983
2019-11-12,18912.57457656,0.00210792,0.00000000
2019-11-13,18918.69462905,0.00032360,0.00000000
2019-11-14,18946.23898373,0.00145593,0.00000000
2019-11-15,19083.33886753,0.00723626,0.00000000
2019-11-18,19097.40963424,0.00073733,0.00000000
2019-11-19,19091.90941210,-0.00028801,-0.00028801
2019-11-20,19020.90897812,-0.00371888,-0.00400581
2019-11-21,18990.30459720,-0.00160899,-0.00560835
2019-11-22,19032.53748970,0.00222392,-0.00339691
2019-11-25,19180.04475752,0.00775027,0.00000000
2019-11-26,19223.49054064,0.00226516,0.00000000
2019-11-27,19309.18980863,0.00445805,0.00000000
2019-11-29,19237.57984048,-0.00370860,-0.00370860
2019-12-02,19074.15878880,-0.00849489,-0.01217198
2019-12-03,18946.23898373,-0.00670645,-0.01879679
2019-12-04,19063.13363367,0.00616981,-0.01274296
2019-12-05,19097.40963424,0.00179803,-0.01096784
2019-12-06,19271.85378181,0.00913444,-0.00193359
2019-12-09,19211.25867261,-0.00314423,-0.00507174
2019-12-10,19189.83642965,-0.00111509,-0.00618117
2019-12-11,19244.31766408,0.00283907,-0.00335965
2019-12-12,19410.18097090,0.00861882,0.00000000
2019-12-13,19421.80330477,0.00059878,0.00000000
2019-12-16,19555.23774664,0.00687034,0.00000000
2019-12-17,19559.52301892,0.00021914,0.00000000
2019-12-18,19560.74208725,0.00006233,0.00000000
2019-12-19,19640.91848150,0.00409884,0.00000000
2019-12-20,19727.03371537,0.00438448,0.00000000
2019-12-23,19757.17270873,0.00152780,0.00000000
2019-12-24,19757.78636136,0.00003106,0.00000000
2019-12-26,19862.96189330,0.00532324,0.00000000
2019-12-27,19858.04031677,-0.00024778,-0.00024778
2019-12-30,19748.56097941,-0.00551310,-0.00575951
2019-12-31,19796.53708403,0.00242935,-0.00334415
2020-01-02,19981.67073109,0.00935182,0.00000000
2020-01-03,19830.36211169,-0.00757237,-0.00757237
2020-01-06,19906.01848062,0.00381518,-0.00378608
2020-01-07,19850.04635857,-0.00281182,-0.00658726
2020-01-08,19955.83554315,0.00532942,-0.00129294
2020-01-09,20091.14800921,0.00678060,0.00000000
2020-01-10,20033.33492924,-0.00287754,-0.00287754
2020-01-13,20171.11642051,0.00687761,0.00000000
2020-01-14,20140.35759681,-0.00152489,-0.00152489
2020-01-15,20185.87085392,0.00225980,0.00000000
2020-01-16,20353.78310159,0.00831831,0.00000000
2020-01-17,20417.13758844,0.00311266,0.00000000
2020-01-21,20377.15750126,-0.00195816,-0.00195816
2020-01-22,20379.61828953,0.00012076,-0.00183764
2020-01-23,20402.98651148,0.00114665,-0.00069310
2020-01-24,20221.54507644,-0.00889289,-0.00957982
2020-01-27,19897.40469207,-0.01602946,-0.02545572
2020-01-28,20105.91479804,0.01047926,-0.01524321
2020-01-29,20089.30911053,-0.00082591,-0.01605653
2020-01-30,20154.50249605,0.00324518,-0.01286346
2020-01-31,19788.54106659,-0.01815780,-0.03078769
2020-02-03,19935.54176210,0.00742858,-0.02358782
2020-02-04,20239.37806923,0.01524094,-0.00870639
2020-02-05,20473.11382896,0.01154856,0.00000000
2020-02-06,20542.00148574,0.00336479,0.00000000
2020-02-07,20432.51597067,-0.00532984,-0.00532984
2020-02-10,20585.04777687,0.00746515,0.00000000
2020-02-11,20620.72199940,0.00173302,0.00000000
2020-02-12,20753.57985490,0.00644293,0.00000000
2020-02-13,20731.43070127,-0.00106724,-0.00106724
2020-02-14,20764.65237247,0.00160248,0.00000000
2020-02-18,20711.13897945,-0.00257714,-0.00257714
2020-02-19,20810.16357035,0.00478122,0.00000000
2020-02-20,20724.67434453,-0.00410805,-0.00410805
2020-02-21,20511.24678051,-0.01029823,-0.01436398
2020-02-24,19830.97782356,-0.03316566,-0.04705325
2020-02-25,19230.05744757,-0.03030211,-0.07592954
2020-02-26,19159.32677363,-0.00367813,-0.07932839
2020-02-27,18298.84780539,-0.04491175,-0.12067737
2020-02-28,18221.96619042,-0.00420145,-0.12437179
2020-03-02,19011.09671361,0.04330655,-0.08645136
2020-03-03,18466.76211230,-0.02863247,-0.11260851
2020-03-04,19242.97092306,0.04203275,-0.07530900
2020-03-05,18603.31012058,-0.03324127,-0.10604691
2020-03-06,18295.77130525,-0.01653140,-0.12082520
2020-03-09,16866.97586111,-0.07809430,-0.18948374
2020-03-10,17739.75259297,0.05174471,-0.14754382
2020-03-11,16874.96673045,-0.04874847,-0.18909976
2020-03-12,15260.41883852,-0.09567710,-0.26668434
2020-03-13,16564.97536380,0.08548629,-0.20399591
2020-03-16,14752.37417161,-0.10942372,-0.29109763
2020-03-17,15548.88397074,0.05399197,-0.25282260
2020-03-18,14761.60161279,-0.05063272,-0.29065422
2020-03-19,14792.96688181,0.00212479,-0.28914702
2020-03-20,14155.47651517,-0.04309415,-0.31978062
2020-03-23,13793.54707184,-0.02556816,-0.33717258
2020-03-24,15043.28670706,0.09060321,-0.27711829
2020-03-25,15268.48692925,0.01497015,-0.26629664
2020-03-26,16160.01198476,0.05838988,-0.22345579
2020-03-27,15678.67562229,-0.02978564,-0.24658566
2020-03-30,16187.85286957,0.03247578,-0.22211794
2020-03-31,15946.56588761,-0.01490543,-0.23371261
2020-04-01,15228.89191940,-0.04500492,-0.26819932
2020-04-02,15580.30175030,0.02307521,-0.25131286
2020-04-03,15355.10358735,-0.01445403,-0.26213441
2020-04-06,16386.44774918,0.06716621,-0.21257477
2020-04-07,16403.15330968,0.00101947,-0.21177201
2020-04-08,16953.77888016,0.03356828,-0.18531256
2020-04-09,17211.77554110,0.01521765,-0.17291493
2020-04-13,17054.62898469,-0.00913018,-0.18046637
2020-04-14,17557.61307657,0.02949253,-0.15629625
2020-04-15,17184.55242740,-0.02124780,-0.17422310
2020-04-16,17267.45834035,0.00482444,-0.17023918
2020-04-17,17733.94348527,0.02701528,-0.14782297
2020-04-20,17421.50368578,-0.01761818,-0.16283677
2020-04-21,16892.52893357,-0.03036332,-0.18825583
2020-04-22,17267.45834035,0.02219498,-0.17023918
2020-04-23,17266.21970927,-0.00007173,-0.17029870
2020-04-24,17506.88583127,0.01393855,-0.15873387
2020-04-27,17759.30504868,0.01441828,-0.14660425
2020-04-28,17677.64188529,-0.00459833,-0.15052845
2020-04-29,18140.41834430,0.02617863,-0.12829045
2020-04-30,17971.51560361,-0.00931085,-0.13640681
2020-05-01,17495.75153658,-0.02647323,-0.15926891
2020-05-04,17544.00975667,0.00275828,-0.15694993
2020-05-05,17706.10054122,0.00923910,-0.14916091
2020-05-06,17586.07585097,-0.00677872,-0.15492851
2020-05-07,17798.28846513,0.01206708,-0.14473097
2020-05-08,18092.77789533,0.01654594,-0.13057974
2020-05-11,18096.48658124,0.00020498,-0.13040152
2020-05-12,17735.80091708,-0.01993125,-0.14773371
2020-05-13,17422.12351613,-0.01768611,-0.16280699
2020-05-14,17630.61920743,0.01196729,-0.15278805
2020-05-15,17711.66665894,0.00459697,-0.14889344
2020-05-18,18251.15999397,0.03045977,-0.12296893
2020-05-19,18063.70352752,-0.01027093,-0.13197686
2020-05-20,18370.56279463,0.01698762,-0.11723122
2020-05-21,18243.73644443,-0.00690378,-0.12332566
2020-05-22,18278.37898919,0.00189887,-0.12166096
2020-05-26,18503.58538910,0.01232092,-0.11083902
2020-05-27,18778.89714471,0.01487883,-0.09760934
2020-05-28,18744.24842224,-0.00184509,-0.09927433
2020-05-29,18827.77107668,0.00445591,-0.09526078
2020-06-01,18903.87018158,0.00404185,-0.09160396
2020-06-02,19060.39690764,0.00828014,-0.08408231
2020-06-03,19314.06402271,0.01330860,-0.07189273
2020-06-04,19263.32442198,-0.00262708,-0.07433095
2020-06-05,19757.03473984,0.02562955,-0.05060647
2020-06-08,19995.84651889,0.01208743,-0.03913074
2020-06-09,19846.74540159,-0.00745660,-0.04629556
2020-06-10,19736.00169269,-0.00557994,-0.05161718
2020-06-11,18598.24027899,-0.05764903,-0.10629053
2020-06-12,18820.96941673,0.01197582,-0.09558763
2020-06-15,18996.67175813,0.00933546,-0.08714452
2020-06-16,19362.32018356,0.01924803,-0.06957386
2020-06-17,19281.88226621,-0.00415435,-0.07343918
2020-06-18,19289.31405270,0.00038543,-0.07308205
2020-06-19,19179.06867916,-0.00571536,-0.07837972
2020-06-22,19302.11221092,0.00641551,-0.07246706
2020-06-23,19390.97240777,0.00460365,-0.06819702
2020-06-24,18896.33749248,-0.02550852,-0.09196593
2020-06-25,19098.91287728,0.01072035,-0.08223149
2020-06-26,18645.28560846,-0.02375147,-0.10402984
2020-06-29,18919.32475558,0.01469750,-0.09086131
2020-06-30,19161.67842234,0.01280985,-0.07921539
2020-07-01,19295.89743352,0.00700455,-0.07276570
2020-07-02,19402.16230186,0.00550712,-0.06765931
2020-07-06,19701.68038891,0.01543736,-0.05326643
2020-07-07,19498.47693680,-0.01031402,-0.06303106
2020-07-08,19647.61306112,0.00764860,-0.05586455
2020-07-09,19535.76148269,-0.00569288,-0.06123941
2020-07-10,19735.23359728,0.01021061,-0.05165409
2020-07-13,19564.34369284,-0.00865913,-0.05986593
2020-07-14,19817.87695750,0.01295895,-0.04768279
2020-07-15,19999.95057831,0.00918734,-0.03893352
2020-07-16,19934.08588151,-0.00329324,-0.04209855
2020-07-17,19991.87630987,0.00289908,-0.03932152
2020-07-20,20153.43787050,0.00808136,-0.03155793
2020-07-21,20196.31530420,0.00212755,-0.02949752
2020-07-22,20311.27015285,0.00569187,-0.02397355
2020-07-23,20068.92266381,-0.01193168,-0.03561918
2020-07-24,19939.67465084,-0.00644021,-0.04182999
2020-07-27,20085.08561535,0.00729254,-0.03484249
2020-07-28,19957.70121191,-0.00634224,-0.04096375
2020-07-29,20203.15197118,0.01229855,-0.02916900
2020-07-30,20131.06631927,-0.00356804,-0.03263296
2020-07-31,20290.14855851,0.00790233,-0.02498851
2020-08-03,20431.21453286,0.00695244,-0.01820981
2020-08-04,20510.13067403,0.00386253,-0.01441761
2020-08-05,20637.51507748,0.00621080,-0.00829635
2020-08-06,20775.46130771,0.00668425,-0.00166756
2020-08-07,20790.37636161,0.00071792,-0.00095084
2020-08-10,20852.52001707,0.00298906,0.00000000
2020-08-11,20680.39251117,-0.00825452,-0.00825452
2020-08-12,20968.72482261,0.01394230,0.00000000
2020-08-13,20930.81838713,-0.00180776,-0.00180776
2020-08-14,20931.43615825,0.00002951,-0.00177830
2020-08-17,20997.93098158,0.00317679,0.00000000
2020-08-18,21043.29803286,0.00216055,0.00000000
2020-08-19,20955.67543747,-0.00416392,-0.00416392
2020-08-20,21020.91824469,0.00311337,-0.00106351
2020-08-21,21095.48939570,0.00354747,0.00000000
2020-08-24,21309.25879307,0.01013342,0.00000000
2020-08-25,21383.82376638,0.00349918,0.00000000
2020-08-26,21598.20475715,0.01002538,0.00000000
2020-08-27,21645.43335871,0.00218669,0.00000000
2020-08-28,21785.25143542,0.00645947,0.00000000
2020-08-31,21706.32499806,-0.00362293,-0.00362293
2020-09-01,21910.77634781,0.00941898,0.00000000
2020-09-02,22227.68675092,0.01446368,0.00000000
2020-09-03,21462.74196679,-0.03441405,-0.03441405
2020-09-04,21287.50913143,-0.00816451,-0.04229759
2020-09-08,20705.86733262,-0.02732315,-0.06846504
2020-09-09,21114.75561747,0.01974746,-0.05006959
2020-09-10,20748.12493597,-0.01736372,-0.06656391
2020-09-11,20758.68882200,0.00050915,-0.06608866
2020-09-14,21032.11225725,0.01317152,-0.05378763
2020-09-15,21138.36888863,0.00505211,-0.04900725
2020-09-16,21054.47763077,-0.00396867,-0.05278143
2020-09-17,20869.29868049,-0.00879523,-0.06111244
2020-09-18,20629.04131705,-0.01151248,-0.07192136
2020-09-21,20399.44256453,-0.01112988,-0.08225076
2020-09-22,20607.19898974,0.01018442,-0.07290402
2020-09-23,20129.30155313,-0.02319080,-0.09440412
2020-09-24,20182.95291503,0.00266534,-0.09199040
2020-09-25,20509.24932058,0.01616693,-0.07731067
2020-09-28,20849.89448984,0.01660934,-0.06198541
2020-09-29,20736.34404085,-0.00544609,-0.06709392
2020-09-30,20893.56884827,0.00758209,-0.06002055
2020-10-01,21027.70754921,0.00642010,-0.05398579
2020-10-02,20828.05422177,-0.00949477,-0.06296798
2020-10-05,21197.40721464,0.01773344,-0.04635118
2020-10-06,20896.05846586,-0.01421630,-0.05990854
2020-10-07,21259.79591931,0.01740699,-0.04354438
2020-10-08,21448.20787174,0.00886236,-0.03506793
2020-10-09,21639.74162753,0.00893006,-0.02645103
2020-10-12,21987.87624191,0.01608774,-0.01078882
2020-10-13,21844.38036785,-0.00652614,-0.01724455
2020-10-14,21707.12192279,-0.00628347,-0.02341966
2020-10-15,21680.29830108,-0.00123571,-0.02462642
2020-10-16,21667.19537578,-0.00060437,-0.02521591
2020-10-19,21337.77922611,-0.01520345,-0.04003599
2020-10-20,21423.25403726,0.00400580,-0.03619057
2020-10-21,21382.69942295,-0.00189302,-0.03801508
2020-10-22,21499.99974260,0.00548576,-0.03273787
2020-10-23,21572.98322185,0.00339458,-0.02945442
2020-10-26,21174.32110816,-0.01847969,-0.04738980
2020-10-27,21101.32321424,-0.00344747,-0.05067390
2020-10-28,20380.10838794,-0.03417865,-0.08312059
2020-10-29,20587.23674585,0.01016326,-0.07380210
2020-10-30,20372.61276511,-0.01042510,-0.08345781
2020-11-02,20600.96361997,0.01120872,-0.07318454
2020-11-03,20964.69283648,0.01765593,-0.05682075
2020-11-04,21433.23515921,0.02234911,-0.03574153
2020-11-05,21851.24380491,0.01950283,-0.01693577
2020-11-06,21846.25221432,-0.00022844,-0.01716033
2020-11-09,22120.76498597,0.01256567,-0.00481030
2020-11-10,22088.32170637,-0.00146664,-0.00626989
2020-11-11,22252.40583238,0.00742855,0.00000000
2020-11-12,22036.53395399,-0.00970106,-0.00970106
2020-11-13,22341.62227724,0.01384466,0.00000000
2020-11-16,22620.50680912,0.01248273,0.00000000
2020-11-17,22498.84090695,-0.00537857,-0.00537857
2020-11-18,22228.08006520,-0.01203444,-0.01734827
2020-11-19,22321.66209259,0.00421008,-0.01321123
2020-11-20,22168.80492693,-0.00684793,-0.01996869
2020-11-23,22301.69367099,0.00599440,-0.01409399
2020-11-24,22661.06142344,0.01611392,0.00000000
2020-11-25,22626.12028930,-0.00154190,-0.00154190
2020-11-27,22689.13500204,0.00278504,0.00000000
2020-11-30,22588.68747835,-0.00442712,-0.00442712
2020-12-01,22835.74444251,0.01093720,0.00000000
2020-12-02,22883.78644270,0.00210381,0.00000000
2020-12-03,22877.54901370,-0.00027257,-0.00027257
2020-12-04,23074.69624967,0.00861750,0.00000000
2020-12-07,23027.28643524,-0.00205462,-0.00205462
2020-12-08,23094.66467127,0.00292602,0.00000000
2020-12-09,22887.53013565,-0.00896893,-0.00896893
2020-12-10,22880.04069052,-0.00032723,-0.00929323
2020-12-11,22853.22118728,-0.00117218,-0.01045451
2020-12-14,22750.89563941,-0.00447751,-0.01488521
2020-12-15,23058.47563948,0.01351947,-0.00156699
2020-12-16,23094.66467127,0.00156945,0.00000000
2020-12-17,23223.81384085,0.00559216,0.00000000
2020-12-18,23131.07815989,-0.00399313,-0.00399313
2020-12-21,23048.37302255,-0.00357550,-0.00755435
2020-12-22,23009.52551575,-0.00168548,-0.00922709
2020-12-23,23030.20025565,0.00089853,-0.00833686
2020-12-24,23119.79971861,0.00389052,-0.00447877
2020-12-28,23318.42548676,0.00859115,0.00000000
2020-12-29,23273.93155199,-0.00190810,-0.00190810
2020-12-30,23307.14498625,0.00142707,-0.00048376
2020-12-31,23425.56141237,0.00508069,0.00000000
2021-01-04,23106.64531238,-0.01361402,-0.01361402
2021-01-05,23265.79138796,0.00688746,-0.00682033
2021-01-06,23404.87637628,0.00597809,-0.00088301
2021-01-07,23752.62179486,0.01485782,0.00000000
2021-01-08,23887.96103100,0.00569787,0.00000000
2021-01-11,23726.93075352,-0.00674106,-0.00674106
2021-01-12,23731.94087725,0.00021116,-0.00653133
2021-01-13,23795.85547657,0.00269319,-0.00385573
2021-01-14,23712.52021270,-0.00350209,-0.00734432
2021-01-15,23539.59578206,-0.00729254,-0.01458330
2021-01-19,23724.42672128,0.00785192,-0.00684589
2021-01-20,24052.73911989,0.01383858,0.00000000
2021-01-21,24074.66793516,0.00091170,0.00000000
2021-01-22,23989.45670634,-0.00353946,-0.00353946
2021-01-25,24084.06423378,0.00394371,0.00000000
2021-01-26,24046.47286157,-0.00156084,-0.00156084
2021-01-27,23458.76249120,-0.02444061,-0.02596330
2021-01-28,23660.52035890,0.00860053,-0.01758606
2021-01-29,23186.84229899,-0.02001977,-0.03725376
2021-02-01,23572.79686090,0.01664541,-0.02122845
2021-02-02,23906.12556095,0.01414040,-0.00738823
2021-02-03,23924.92021743,0.00078619,-0.00660786
2021-02-04,24196.84452812,0.01136574,0.00000000
2021-02-05,24292.07806362,0.00393578,0.00000000
2021-02-08,24467.51476344,0.00722197,0.00000000
2021-02-09,24451.22825767,-0.00066564,-0.00066564
2021-02-10,24440.57582445,-0.00043566,-0.00110101
2021-02-11,24480.05139856,0.00161517,0.00000000
2021-02-12,24600.97391616,0.00493963,0.00000000
2021-02-16,24579.66904972,-0.00086602,-0.00086602
2021-02-17,24585.31135921,0.00022955,-0.00063666
2021-02-18,24480.67534738,-0.00425604,-0.00488999
2021-02-19,24437.44166568,-0.00176603,-0.00664739
2021-02-22,24249.47244921,-0.00769185,-0.01428811
2021-02-23,24278.92571663,0.00121459,-0.01309087
2021-02-24,24546.45973394,0.01101919,-0.00221594
2021-02-25,23954.99331520,-0.02409579,-0.02625833
2021-02-26,23831.56470612,-0.00515252,-0.03127556
2021-03-01,24409.24659209,0.02424020,-0.00779349
2021-03-02,24218.77952109,-0.00780307,-0.01553574
2021-03-03,23897.98127845,-0.01324585,-0.02857581
2021-03-04,23602.24600984,-0.01237491,-0.04059709
2021-03-05,24036.44849565,0.01839666,-0.02294728
2021-03-08,23916.77799417,-0.00497871,-0.02781174
2021-03-09,24258.24891748,0.01427746,-0.01393136
2021-03-10,24409.24659209,0.00622459,-0.00779349
2021-03-11,24656.73393679,0.01013908,0.00000000
2021-03-12,24689.94119334,0.00134678,0.00000000
2021-03-15,24837.18076034,0.00596354,0.00000000
2021-03-16,24805.85358722,-0.00126130,-0.00126130
2021-03-17,24890.44086721,0.00340997,0.00000000
2021-03-18,24528.29314475,-0.01454967,-0.01454967
2021-03-19,24482.90961957,-0.00185025,-0.01637300
2021-03-22,24678.40740666,0.00798507,-0.00851867
2021-03-23,24484.16575417,-0.00787092,-0.01632254
2021-03-24,24359.70340809,-0.00508338,-0.02132294
2021-03-25,24496.73327784,0.00562527,-0.01581762
2021-03-26,24891.49931505,0.01611505,0.00000000
2021-03-29,24878.93179138,-0.00050489,-0.00050489
2021-03-30,24812.92912569,-0.00265295,-0.00315651
2021-03-31,24913.49608513,0.00405301,0.00000000
2021-04-01,25182.54364167,0.01079927,0.00000000
2021-04-05,25543.99534201,0.01435326,0.00000000
2021-04-06,25528.90525296,-0.00059075,-0.00059075
2021-04-07,25558.44912681,0.00115727,0.00000000
2021-04-08,25679.77113640,0.00474685,0.00000000
2021-04-09,25866.46362589,0.00727002,0.00000000
2021-04-12,25875.89699079,0.00036469,0.00000000
2021-04-13,25952.58709672,0.00296377,0.00000000
2021-04-14,25863.95547518,-0.00341514,-0.00341514
2021-04-15,26141.79803312,0.01074246,0.00000000
2021-04-16,26229.16940159,0.00334221,0.00000000
2021-04-19,26100.30646595,-0.00491296,-0.00491296
2021-04-20,25909.21132766,-0.00732157,-0.01219856
2021-04-21,26154.36967526,0.00946221,-0.00285178
2021-04-22,25915.49611911,-0.00913322,-0.01195895
2021-04-23,26196.48107278,0.01084235,-0.00124626
2021-04-26,26251.17234939,0.00208773,0.00000000
2021-04-27,26245.51562523,-0.00021548,-0.00021548
2021-04-28,26237.97263995,-0.00028740,-0.00050282
2021-04-29,26405.18268779,0.00637283,0.00000000
2021-04-30,26231.68167078,-0.00657072,-0.00657072
2021-05-03,26288.26332700,0.00215700,-0.00442789
2021-05-04,26126.08193601,-0.00616935,-0.01056992
2021-05-05,26134.25092936,0.00031268,-0.01026055
2021-05-06,26342.95048513,0.00798567,-0.00235682
2021-05-07,26534.67574996,0.00727805,0.00000000
2021-05-10,26271.91504412,-0.00990254,-0.00990254
2021-05-11,26037.44413676,-0.00892477,-0.01873894
2021-05-12,25484.27334930,-0.02124520,-0.03958603
2021-05-13,25790.40570573,0.01201260,-0.02804896
2021-05-14,26186.42581830,0.01535533,-0.01312433
2021-05-17,26119.79302608,-0.00254455,-0.01563549
2021-05-18,25894.75136515,-0.00861575,-0.02411653
2021-05-19,25826.86449757,-0.00262165,-0.02667495
2021-05-20,26104.71117399,0.01075805,-0.01620388
2021-05-21,26083.33629349,-0.00081881,-0.01700942
2021-05-24,26349.23527658,0.01019421,-0.00698861
2021-05-25,26290.77765542,-0.00221857,-0.00919167
2021-05-26,26342.95048513,0.00198445,-0.00722546
2021-05-27,26356.78032111,0.00052499,-0.00670426
2021-05-28,26403.92655319,0.00178877,-0.00492748
2021-06-01,26380.66335232,-0.00088105,-0.00580419
2021-06-02,26422.15080102,0.00157265,-0.00424068
2021-06-03,26324.08993306,-0.00371131,-0.00793625
2021-06-04,26564.84975034,0.00914599,0.00000000
2021-06-07,26539.07222105,-0.00097036,-0.00097036
2021-06-08,26544.72894520,0.00021315,-0.00075742
2021-06-09,26505.12775764,-0.00149187,-0.00224816
2021-06-10,26628.33602836,0.00464847,0.00000000
2021-06-11,26672.33574624,0.00165236,0.00000000
2021-06-14,26732.05567971,0.00223902,0.00000000
2021-06-15,26683.02524573,-0.00183414,-0.00183414
2021-06-16,26534.04974190,-0.00558316,-0.00740706
2021-06-17,26525.24444431,-0.00033185,-0.00773645
2021-06-18,26167.40464574,-0.01349054,-0.02112262
2021-06-21,26542.01693002,0.01431599,-0.00710902
2021-06-22,26683.92101384,0.00534639,-0.00180063
2021-06-23,26651.76190895,-0.00120519,-0.00300365
2021-06-24,26809.41915616,0.00591545,0.00000000
2021-06-25,26904.65269165,0.00355224,0.00000000
2021-06-28,26958.88681764,0.00201579,0.00000000
2021-06-29,26973.39002413,0.00053797,0.00000000
2021-06-30,26996.09311252,0.00084168,0.00000000
2021-07-01,27145.56489248,0.00553679,0.00000000
2021-07-02,27353.05155763,0.00764348,0.00000000
2021-07-06,27303.22625816,-0.00182156,-0.00182156
2021-07-07,27399.72004672,0.00353415,0.00000000
2021-07-08,27176.46580354,-0.00814805,-0.00814805
2021-07-09,27466.57317730,0.01067495,0.00000000
2021-07-12,27564.95734548,0.00358196,0.00000000
2021-07-13,27470.98612229,-0.00340908,-0.00340908
2021-07-14,27511.97729485,0.00149216,-0.00192201
2021-07-15,27418.01019013,-0.00341550,-0.00533094
2021-07-16,27202.95788809,-0.00784347,-0.01313260
2021-07-19,26801.22339273,-0.01476804,-0.02770670
2021-07-20,27185.29581198,0.01433041,-0.01377334
2021-07-21,27405.39530401,0.00809627,-0.00578858
2021-07-22,27462.78624038,0.00209415,-0.00370656
2021-07-23,27745.32591802,0.01028809,0.00000000
2021-07-26,27813.42900549,0.00245458,0.00000000
2021-07-27,27686.67266934,-0.00455738,-0.00455738
2021-07-28,27675.32009553,-0.00041004,-0.00496555
2021-07-29,27790.09990903,0.00414737,-0.00083877
2021-07-30,27655.13751328,-0.00485649,-0.00569119
2021-08-02,27597.11850961,-0.00209795,-0.00777720
2021-08-03,27821.63300586,0.00813543,0.00000000
2021-08-04,27684.78023050,-0.00491893,-0.00491893
2021-08-05,27860.10573153,0.00633292,0.00000000
2021-08-06,27906.14409408,0.00165248,0.00000000
2021-08-09,27883.44306493,-0.00081348,-0.00081348
2021-08-10,27918.12679443,0.00124388,0.00000000
2021-08-11,27987.50043115,0.00248490,0.00000000
2021-08-12,28071.37315589,0.00299679,0.00000000
2021-08-13,28122.46076767,0.00181992,0.00000000
2021-08-16,28188.67759401,0.00235459,0.00000000
2021-08-17,28003.89813572,-0.00655509,-0.00655509
2021-08-18,27697.39099815,-0.01094516,-0.01742851
2021-08-19,27740.27872803,0.00154844,-0.01590706
2021-08-20,27961.00628737,0.00795693,-0.00807669
2021-08-23,28206.96773742,0.00879659,0.00000000
2021-08-24,28251.74172843,0.00158734,0.00000000
2021-08-25,28311.02716288,0.00209847,0.00000000
2021-08-26,28143.89742528,-0.00590334,-0.00590334
2021-08-27,28395.53207339,0.00894100,0.00000000
2021-08-30,28520.40420764,0.00439760,0.00000000
2021-08-31,28478.15278200,-0.00148145,-0.00148145
2021-09-01,28493.28405579,0.00053133,-0.00095090
2021-09-02,28580.95607287,0.00307694,0.00000000
2021-09-03,28574.01644404,-0.00024281,-0.00024281
2021-09-07,28471.84327971,-0.00357574,-0.00381767
2021-09-08,28437.16160944,-0.00121810,-0.00503113
2021-09-09,28315.44422634,-0.00428022,-0.00928982
2021-09-10,28092.18586468,-0.00788469,-0.01710125
2021-09-13,28164.08206677,0.00255930,-0.01458573
2021-09-14,28012.09183991,-0.00539660,-0.01990361
2021-09-15,28246.06853038,0.00835270,-0.01171716
2021-09-16,28201.29453937,-0.00158514,-0.01328372
2021-09-17,27926.58408096,-0.00974106,-0.02289538
2021-09-20,27460.92469010,-0.01667441,-0.03918803
2021-09-21,27434.98654031,-0.00094455,-0.04009556
2021-09-22,27702.61322329,0.00975494,-0.03073175
2021-09-23,28039.20169558,0.01215006,-0.01895508
2021-09-24,28085.39038244,0.00164729,-0.01733902
2021-09-27,28005.03895304,-0.00286097,-0.02015038
2021-09-28,27440.68238997,-0.02015196,-0.03989627
2021-09-29,27486.87107683,0.00168322,-0.03828021
2021-09-30,27150.91890879,-0.01222228,-0.05003462
2021-10-01,27473.58076096,0.01188401,-0.03874522
2021-10-04,27119.28079087,-0.01289602,-0.05114158
2021-10-05,27401.45598355,0.01040497,-0.04126874
2021-10-06,27515.33591047,0.00415598,-0.03728427
2021-10-07,27753.22515132,0.00864570,-0.02896092
2021-10-08,27702.61322329,-0.00182364,-0.03073175
2021-10-11,27502.05589078,-0.00723965,-0.03774892
2021-10-12,27434.35229530,-0.00246176,-0.04011775
2021-10-13,27533.04946751,0.00359758,-0.03666450
2021-10-14,27996.17599681,0.01682075,-0.02046048
2021-10-15,28209.38940018,0.00761580,-0.01300050
2021-10-18,28292.90381767,0.00296052,-0.01007847
2021-10-19,28511.18088493,0.00771491,-0.00244132
2021-10-20,28623.16631376,0.00392777,0.00000000
2021-10-21,28697.82395274,0.00260829,0.00000000
2021-10-22,28668.08033290,-0.00103644,-0.00103644
2021-10-25,28821.82502972,0.00536292,0.00000000
2021-10-26,28847.76523874,0.00090002,0.00000000
2021-10-27,28719.96898789,-0.00443002,-0.00443002
2021-10-28,28997.07845745,0.00964867,0.00000000
2021-10-29,29055.91703746,0.00202912,0.00000000
2021-11-01,29105.90295742,0.00172034,0.00000000
2021-11-02,29223.58011745,0.00404307,0.00000000
2021-11-03,29401.99447404,0.00610515,0.00000000
2021-11-04,29540.55435691,0.00471260,0.00000000
2021-11-05,29643.04876222,0.00346962,0.00000000
2021-11-08,29668.35884471,0.00085383,0.00000000
2021-11-09,29570.28973980,-0.00330551,-0.00330551
2021-11-10,29332.40461743,-0.00804473,-0.01132365
2021-11-11,29341.88946324,0.00032336,-0.01100396
2021-11-12,29563.32951860,0.00754689,-0.00354011
2021-11-15,29573.45272790,0.00034242,-0.00319890
2021-11-16,29690.49976139,0.00395784,0.00000000
2021-11-17,29618.37292474,-0.00242929,-0.00242929
2021-11-18,29718.97283197,0.00339654,0.00000000
2021-11-19,29665.81980543,-0.00178852,-0.00178852
2021-11-22,29582.30950642,-0.00281503,-0.00459852
2021-11-23,29621.53385360,0.00132594,-0.00327868
2021-11-24,29700.62091145,0.00266992,-0.00061752
2021-11-26,29038.20553966,-0.02230308,-0.02290682
2021-11-29,29394.40618554,0.01226662,-0.01092119
2021-11-30,28822.45721549,-0.01945775,-0.03016644
2021-12-01,28502.32204717,-0.01110714,-0.04093852
2021-12-02,28938.87206321,0.01531630,-0.02624925
2021-12-03,28687.06443919,-0.00870136,-0.03472221
2021-12-06,29026.81384034,0.01184330,-0.02329014
2021-12-07,29627.23176250,0.02068494,-0.00308695
2021-12-08,29705.68251610,0.00264793,-0.00044720
2021-12-09,29505.12518359,-0.00675148,-0.00719566
2021-12-10,29782.87095740,0.00941348,0.00000000
2021-12-13,29519.04356676,-0.00885836,-0.00885836
2021-12-14,29315.95131346,-0.00688004,-0.01567746
2021-12-15,29774.01006040,0.01562490,-0.00029752
2021-12-16,29511.44910055,-0.00881846,-0.00911335
2021-12-17,29197.36191142,-0.01064289,-0.01965925
2021-12-20,28886.89692026,-0.01063332,-0.03008353
2021-12-21,29399.89817073,0.01775896,-0.01285883
2021-12-22,29693.86043624,0.00999875,-0.00298865
2021-12-23,29878.61724292,0.00622205,0.00000000
2021-12-27,30301.46303644,0.01415212,0.00000000
2021-12-28,30276.69659253,-0.00081733,-0.00081733
2021-12-29,30315.42878206,0.00127927,0.00000000
2021-12-30,30231.62607138,-0.00276436,-0.00276436
2021-12-31,30155.43841929,-0.00252013,-0.00527752
2022-01-03,30330.02671345,0.00578961,0.00000000
2022-01-04,30319.87467483,-0.00033472,-0.00033472
2022-01-05,29737.67070432,-0.01920206,-0.01953035
2022-01-06,29709.73303536,-0.00093947,-0.02045147
2022-01-07,29592.27827294,-0.00395341,-0.02432403
2022-01-10,29555.45293691,-0.00124442,-0.02553818
2022-01-11,29824.64875851,0.00910816,-0.01666263
2022-01-12,29905.28230338,0.00270359,-0.01400409
2022-01-13,29493.23308967,-0.01377848,-0.02758961
2022-01-14,29505.29198179,0.00040887,-0.02719202
2022-01-18,28982.76676000,-0.01770954,-0.04442001
2022-01-19,28681.81750321,-0.01038373,-0.05434249
2022-01-20,28364.36963923,-0.01106791,-0.06480895
2022-01-21,27807.56429839,-0.01963045,-0.08316717
2022-01-24,27925.64918735,0.00424650,-0.07927383
2022-01-25,27584.70542872,-0.01220898,-0.09051496
2022-01-26,27515.50476791,-0.00250866,-0.09279655
2022-01-27,27379.63218938,-0.00493804,-0.09727636
2022-01-28,28059.61491238,0.02483535,-0.07485690
2022-01-31,28564.99904503,0.01801109,-0.05819407
2022-02-01,28758.01339225,0.00675702,-0.05183026
2022-02-02,29037.36743018,0.00971395,-0.04261979
2022-02-03,28354.84154943,-0.02350509,-0.06512309
2022-02-04,28488.17302945,0.00470225,-0.06072707
2022-02-07,28396.74908248,-0.00320919,-0.06374138
2022-02-08,28630.39217655,0.00822781,-0.05603802
2022-02-09,29049.42632230,0.01463599,-0.04222220
2022-02-10,28527.53740475,-0.01796555,-0.05942920
2022-02-11,27965.01356265,-0.01971863,-0.07797597
2022-02-14,27873.58549721,-0.00326937,-0.08099041
2022-02-15,28323.09841042,0.01612684,-0.06616968
2022-02-16,28354.84154943,0.00112075,-0.06512309
2022-02-17,27749.14580273,-0.02136128,-0.08509326
2022-02-18,27569.46913384,-0.00647503,-0.09101731
2022-02-22,27273.59795559,-0.01073184,-0.10077237
2022-02-23,26789.80286409,-0.01773859,-0.11672340
2022-02-24,27192.97058843,0.01504930,-0.10343071
2022-02-25,27792.95195234,0.02206384,-0.08364895
2022-02-28,27721.84855650,-0.00255832,-0.08599327
2022-03-01,27299.63494875,-0.01523036,-0.09991392
2022-03-02,27801.84579712,0.01839625,-0.08335571
2022-03-03,27663.43417932,-0.00497850,-0.08791923
2022-03-04,27438.68081157,-0.00812456,-0.09532949
2022-03-07,26629.81250132,-0.02947913,-0.12199838
2022-03-08,26427.90842779,-0.00758188,-0.12865529
2022-03-09,27136.46306475,0.02681085,-0.10529380
2022-03-10,27013.92816455,-0.00451551,-0.10933385
2022-03-11,26670.44124817,-0.01271518,-0.12065883
2022-03-14,26475.52622516,-0.00730828,-0.12708530
2022-03-15,27057.73431415,0.02199043,-0.10788953
2022-03-16,27657.71567805,0.02217412,-0.08810777
2022-03-17,28003.74163371,0.01251101,-0.07669908
2022-03-18,28310.46293193,0.01095287,-0.06658628
2022-03-21,28302.18479902,-0.00029241,-0.06685922
2022-03-22,28633.35541865,0.01170124,-0.05594032
2022-03-23,28264.60990071,-0.01287818,-0.06809809
2022-03-24,28690.67840020,0.01507427,-0.05405034
2022-03-25,28830.78888856,0.00488348,-0.04943081
2022-03-28,29035.86212790,0.00711299,-0.04266942
2022-03-29,29395.06720063,0.01237108,-0.03082620
2022-03-30,29213.55575153,-0.00617489,-0.03681075
2022-03-31,28763.92134332,-0.01539129,-0.05163548
2022-04-01,28845.43830088,0.00283400,-0.04894781
2022-04-04,29092.54880520,0.00856671,-0.04080042
2022-04-05,28725.06971804,-0.01263138,-0.05291644
2022-04-06,28437.84115766,-0.00999923,-0.06238654
2022-04-07,28581.13316726,0.00503878,-0.05766212
2022-04-08,28504.71076214,-0.00267388,-0.06018181
2022-04-11,28017.49527791,-0.01709245,-0.07624561
2022-04-12,27913.68913861,-0.00370505,-0.07966817
2022-04-13,28233.39598562,0.01145341,-0.06912723
2022-04-14,27881.84509698,-0.01245160,-0.08071808
2022-04-18,27893.30886960,0.00041116,-0.08034012
2022-04-19,28343.58164128,0.01614268,-0.06549434
2022-04-20,28322.55889032,-0.00074171,-0.06618747
2022-04-21,27899.03560781,-0.01495357,-0.08015130
2022-04-22,27133.51217807,-0.02743906,-0.10539109
2022-04-25,27290.82347345,0.00579768,-0.10020444
2022-04-26,26500.45946727,-0.02896080,-0.12626323
2022-04-27,26574.96884117,0.00281163,-0.12380661
2022-04-28,27246.23687301,0.02525941,-0.10167448
2022-04-29,26239.33585487,-0.03695560,-0.13487264
2022-05-02,26397.28345449,0.00601950,-0.12966501
2022-05-03,26518.28834158,0.00458399,-0.12567540
2022-05-04,27325.84903630,0.03045297,-0.09904962
2022-05-05,26354.61400374,-0.03554272,-0.13107185
2022-05-06,26197.30270836,-0.00596902,-0.13625850
2022-05-09,25358.54045397,-0.03201712,-0.16391302
2022-05-10,25417.13192554,0.00231052,-0.16198122
2022-05-11,25013.35054855,-0.01588619,-0.17529415
2022-05-12,24987.23530438,-0.00104405,-0.17615518
2022-05-13,25584.62408885,0.02390776,-0.15645890
2022-05-16,25480.81794955,-0.00405736,-0.15988145
2022-05-17,26004.96996860,0.02057046,-0.14259983
2022-05-18,24956.66593049,-0.04031168,-0.17716307
2022-05-19,24803.81700178,-0.00612457,-0.18220260
2022-05-20,24814.64035168,0.00043636,-0.18184575
2022-05-23,25278.92623144,0.01871016,-0.16653795
2022-05-24,25085.95306896,-0.00763376,-0.17290040
2022-05-25,25307.58669259,0.00883497,-0.16559300
2022-05-26,25813.26323690,0.01998122,-0.14892052
2022-05-27,26446.96048890,0.02454929,-0.12802713
2022-05-31,26298.56568992,-0.00561103,-0.13291980
2022-06-01,26085.84856268,-0.00808854,-0.13993322
2022-06-02,26582.61890678,0.01904367,-0.12355439
2022-06-03,26146.35306546,-0.01641170,-0.13793834
2022-06-06,26225.96316952,0.00304479,-0.13531355
2022-06-07,26477.52986280,0.00959228,-0.12701924
2022-06-08,26189.65882046,-0.01087228,-0.13651053
2022-06-09,25566.79521454,-0.02378281,-0.15704673
2022-06-10,24825.46987928,-0.02899563,-0.18148869
2022-06-13,23882.88707093,-0.03796838,-0.21256624
2022-06-14,23810.92909172,-0.00301295,-0.21493874
2022-06-15,24150.38196273,0.01425618,-0.20374676
2022-06-16,23351.10146015,-0.03309598,-0.23009954
2022-06-17,23401.43950965,0.00215570,-0.22843986
2022-06-21,23990.53368732,0.02517342,-0.20901706
2022-06-22,23947.04054174,-0.00181293,-0.21045106
2022-06-23,24181.78120915,0.00980249,-0.20271151
2022-06-24,24950.61589206,0.03179396,-0.17736255
2022-06-27,24855.31234250,-0.00381969,-0.18050477
2022-06-28,24347.44682921,-0.02043288,-0.19724941
2022-06-29,24327.62049497,-0.00081431,-0.19790310
2022-06-30,24129.97286440,-0.00812441,-0.20441966
2022-07-01,24385.18852573,0.01057671,-0.19600504
2022-07-05,24431.24130294,0.00188856,-0.19448665
2022-07-06,24513.75287199,0.00337730,-0.19176620
2022-07-07,24880.90248123,0.01497729,-0.17966104
2022-07-08,24860.43366502,-0.00082267,-0.18033591
2022-07-11,24576.44016604,-0.01142351,-0.18969936
2022-07-12,24358.96002352,-0.00884913,-0.19686981
2022-07-13,24231.03815921,-0.00525153,-0.20108748
2022-07-14,24172.19134225,-0.00242857,-0.20302769
2022-07-15,24634.00201908,0.01910504,-0.18780151
2022-07-18,24430.59882098,-0.00825701,-0.19450784
2022-07-19,25090.69961034,0.02701943,-0.17274390
2022-07-20,25250.60142592,0.00637295,-0.16747184
2022-07-21,25507.73629616,0.01018332,-0.15899394
2022-07-22,25271.07024212,-0.00927821,-0.16679697
2022-07-25,25301.77758490,0.00121512,-0.16578453
2022-07-26,25002.43041452,-0.01183107,-0.17565419
2022-07-27,25651.65225458,0.02596635,-0.15424894
2022-07-28,25973.38539085,0.01254239,-0.14364120
2022-07-29,26352.03995744,0.01457856,-0.13115672
2022-08-01,26274.00928819,-0.00296109,-0.13372944
2022-08-02,26100.66889167,-0.00659741,-0.13944458
2022-08-03,26509.39449679,0.01565958,-0.12596864
2022-08-04,26491.48119376,-0.00067573,-0.12655925
2022-08-05,26446.70926198,-0.00169005,-0.12803541
2022-08-08,26416.00809692,-0.00116087,-0.12904765
2022-08-09,26311.11056198,-0.00397098,-0.13250619
2022-08-10,26863.74594781,0.02100388,-0.11428545
2022-08-11,26863.74594781,0.00000000,-0.11428545
2022-08-12,27318.52433014,0.01692908,-0.09929112
2022-08-15,27431.09870078,0.00412081,-0.09557947
2022-08-16,27484.82625445,0.00195864,-0.09380804
2022-08-17,27289.73619629,-0.00709810,-0.10024028
2022-08-18,27369.05182945,0.00290643,-0.09762520
2022-08-19,27001.27209368,-0.01343780,-0.10975113
2022-08-22,26439.03242629,-0.02082271,-0.12828852
2022-08-23,26375.07046452,-0.00241922,-0.13039739
2022-08-24,26459.50330173,0.00320124,-0.12761358
2022-08-25,26833.04478274,0.01411748,-0.11529769
2022-08-26,25924.76886351,-0.03384916,-0.14524411
2022-08-29,25753.35385363,-0.00661202,-0.15089577
2022-08-30,25470.63914085,-0.01097778,-0.16021706
2022-08-31,25276.82786889,-0.00760920,-0.16660713
2022-09-01,25356.14350205,0.00313788,-0.16399205
2022-09-02,25088.77834218,-0.01054439,-0.17280725
2022-09-06,24994.11727458,-0.00377304,-0.17592828
2022-09-07,25443.13391167,0.01796489,-0.16112392
2022-09-08,25609.43789521,0.00653630,-0.15564077
2022-09-09,26007.28661027,0.01553524,-0.14252345
2022-09-12,26286.80332793,0.01074763,-0.13330761
2022-09-13,25143.78880053,-0.04348245,-0.17099352
2022-09-14,25239.73277281,0.00381581,-0.16783018
2022-09-15,24953.17758294,-0.01135334,-0.17727809
2022-09-16,24762.81553303,-0.00762877,-0.18355444
2022-09-19,24954.84762418,0.00775486,-0.17722303
2022-09-20,24668.40569235,-0.01147841,-0.18666720
2022-09-21,24238.09104608,-0.01744396,-0.20085494
2022-09-22,24034.49222046,-0.00839995,-0.20756772
2022-09-23,23631.79812064,-0.01675484,-0.22084480
2022-09-26,23398.02117616,-0.00989247,-0.22855257
2022-09-27,23338.28888728,-0.00255288,-0.23052198
2022-09-28,23797.50698467,0.01967660,-0.21538127
2022-09-29,23300.39686646,-0.02088917,-0.23177130
2022-09-30,22940.09422039,-0.01546337,-0.24365071
2022-10-03,23545.73642693,0.02640103,-0.22368231
2022-10-04,24275.34264417,0.03098677,-0.19962673
2022-10-05,24218.82276507,-0.00232828,-0.20149023
2022-10-06,23968.98583090,-0.01031582,-0.20972751
2022-10-07,23300.39686646,-0.02789392,-0.23177130
2022-10-10,23122.49320066,-0.00763522,-0.23763690
2022-10-11,22976.05467686,-0.00633316,-0.24246507
2022-10-12,22900.26445752,-0.00329866,-0.24496392
2022-10-13,23504.63405556,0.02639138,-0.22503748
2022-10-14,22968.99561228,-0.02278863,-0.24269781
2022-10-17,23559.22854803,0.02569694,-0.22323746
2022-10-18,23836.03942821,0.01174957,-0.21411083
2022-10-19,23667.12433210,-0.00708654,-0.21968007
2022-10-20,23468.67153985,-0.00838517,-0.22622318
2022-10-21,24038.99371263,0.02430143,-0.20741930
2022-10-24,24333.14542795,0.01223644,-0.19772094
2022-10-25,24721.70698395,0.01596841,-0.18490982
2022-10-26,24535.45311194,-0.00753402,-0.19105073
2022-10-27,24404.43415512,-0.00533999,-0.19537050
2022-10-28,24985.03397999,0.02379075,-0.17622776
2022-10-31,24804.55832712,-0.00722335,-0.18217816
2022-11-01,24696.01388338,-0.00437599,-0.18575694
2022-11-02,24076.23913302,-0.02509615,-0.20619130
2022-11-03,23828.33376320,-0.01029668,-0.21436489
2022-11-04,24171.29351490,0.01439294,-0.20305730
2022-11-07,24402.50465001,0.00956553,-0.19543412
2022-11-08,24534.16608879,0.00539541,-0.19109316
2022-11-09,24028.71400132,-0.02060197,-0.20775823
2022-11-10,25349.19563627,0.05495432,-0.16422112
2022-11-11,25594.53519674,0.00967840,-0.15613212
2022-11-14,25376.80794577,-0.00850679,-0.16331073
2022-11-15,25593.24611435,0.00852898,-0.15617463
2022-11-16,25398.00161341,-0.00762875,-0.16261196
2022-11-17,25320.28600743,-0.00305991,-0.16517429
2022-11-18,25435.25115227,0.00454044,-0.16138382
2022-11-21,25342.76875746,-0.00363599,-0.16443302
2022-11-22,25683.80724100,0.01345703,-0.15318877
2022-11-23,25845.65709482,0.00630163,-0.14785248
2022-11-25,25839.87269797,-0.00022381,-0.14804319
2022-11-28,25427.54754650,-0.01595693,-0.16163781
2022-11-29,25383.87318806,-0.00171760,-0.16307778
2022-11-30,26183.48110933,0.03150063,-0.13671421
2022-12-01,26164.21282833,-0.00073589,-0.13734950
2022-12-02,26134.02853176,-0.00115365,-0.13834469
2022-12-05,25663.89441880,-0.01798935,-0.15384531
2022-12-06,25293.95660261,-0.01441472,-0.16604239
2022-12-07,25250.92678537,-0.00170119,-0.16746111
2022-12-08,25448.73915490,0.00783387,-0.16093911
2022-12-09,25258.63450962,-0.00747010,-0.16720698
2022-12-12,25622.79410667,0.01441723,-0.15520041
2022-12-13,25816.75364369,0.00756980,-0.14880544
2022-12-14,25651.69138009,-0.00639361,-0.15424765
2022-12-15,25024.20890548,-0.02446164,-0.17493614
2022-12-16,24728.77222625,-0.01180603,-0.18467687
2022-12-19,24519.07805898,-0.00847976,-0.19159062
2022-12-20,24552.63126735,0.00136845,-0.19048435
2022-12-21,24919.75410650,0.01495248,-0.17838008
2022-12-22,24564.24536427,-0.01426614,-0.19010143
2022-12-23,24705.54815088,0.00575238,-0.18544259
2022-12-27,24608.11535022,-0.00394376,-0.18865501
2022-12-28,24302.29187935,-0.01242775,-0.19873820
2022-12-29,24739.73972273,0.01800027,-0.18431527
2022-12-30,24674.57104805,-0.00263417,-0.18646392
2023-01-03,24570.69901316,-0.00420968,-0.18988865
2023-01-04,24760.38563332,0.00772003,-0.18363456
2023-01-05,24477.78829705,-0.01141328,-0.19295197
2023-01-06,25039.10954472,0.02293186,-0.17444486
2023-01-09,25024.92140150,-0.00056664,-0.17491265
2023-01-10,25200.41575996,0.00701278,-0.16912649
2023-01-11,25519.14652862,0.01264784,-0.15861774
2023-01-12,25612.06136320,0.00364099,-0.15555428
2023-01-13,25711.41543203,0.00387919,-0.15227851
2023-01-17,25664.32068087,-0.00183167,-0.15383125
2023-01-18,25259.12872651,-0.01578814,-0.16719069
2023-01-19,25075.24503634,-0.00727989,-0.17325345
2023-01-20,25542.37472245,0.01862912,-0.15785189
2023-01-23,25848.84685300,0.01199858,-0.14774731
2023-01-24,25821.10481156,-0.00107324,-0.14866198
2023-01-25,25830.78528490,0.00037491,-0.14834281
2023-01-26,26114.67376280,0.01099032,-0.13898283
2023-01-27,26174.67581174,0.00229764,-0.13700452
2023-01-30,25846.27074746,-0.01254667,-0.14783225
2023-01-31,26226.28852897,0.01470300,-0.13530282
2023-02-01,26505.02479579,0.01062812,-0.12611271
2023-02-02,26890.85580347,0.01455690,-0.11339162
2023-02-03,26605.02752428,-0.01062920,-0.12281556
2023-02-06,26442.43428588,-0.00611137,-0.12817636
2023-02-07,26788.26461402,0.01307861,-0.11677412
2023-02-08,26495.34226321,-0.01093473,-0.12643195
2023-02-09,26265.64672656,-0.00866928,-0.13400516
2023-02-10,26326.94403560,0.00233374,-0.13198415
2023-02-13,26635.99844939,0.01173909,-0.12179443
2023-02-14,26623.73981128,-0.00046023,-0.12219860
2023-02-15,26710.19481927,0.00324729,-0.11934813
2023-02-16,26342.42537968,-0.01376888,-0.13147372
2023-02-17,26276.61834152,-0.00249814,-0.13364342
2023-02-21,25749.48660646,-0.02006087,-0.15102328
2023-02-22,25714.00183375,-0.00137808,-0.15219323
2023-02-23,25850.78253582,0.00531931,-0.14768349
2023-02-24,25574.63472996,-0.01068238,-0.15678826
2023-02-27,25661.73839761,0.00340586,-0.15391639
2023-02-28,25566.89199868,-0.00369602,-0.15704354
2023-03-01,25468.81877530,-0.00383595,-0.16027707
2023-03-02,25666.89884564,0.00777736,-0.15374625
2023-03-03,26078.54033041,0.01603783,-0.14017417
2023-03-06,26096.60807622,0.00069282,-0.13957847
2023-03-07,25696.57862914,-0.01532879,-0.15276769
2023-03-08,25738.51910998,0.00163214,-0.15138488
2023-03-09,25263.64669258,-0.01844987,-0.16704173
2023-03-10,24899.10819592,-0.01442937,-0.17906079
2023-03-13,24863.61930473,-0.00142531,-0.18023088
2023-03-14,25274.61624831,0.01653005,-0.16668005
2023-03-15,25116.54097599,-0.00625431,-0.17189189
2023-03-16,25557.21564382,0.01754520,-0.15736257
2023-03-17,25258.38122346,-0.01169276,-0.16721533
2023-03-20,25501.25793643,0.00961569,-0.15920753
2023-03-21,25836.10223494,0.01313050,-0.14816751
2023-03-22,25395.68703098,-0.01704650,-0.16268827
2023-03-23,25464.33993473,0.00270333,-0.16042474
2023-03-24,25631.43466530,0.00656191,-0.15491553
2023-03-27,25679.36340746,0.00186992,-0.15333529
2023-03-28,25621.72330341,-0.00224461,-0.15523572
2023-03-29,25994.13220405,0.01453489,-0.14295716
2023-03-30,26146.33247309,0.00585518,-0.13793902
2023-03-31,26514.85765267,0.01409472,-0.12578852
2023-04-03,26615.89205891,0.00381048,-0.12245735
2023-04-04,26468.22211137,-0.00554819,-0.12732612
2023-04-05,26398.92260718,-0.00261822,-0.12961097
2023-04-06,26501.90299243,0.00390093,-0.12621564
2023-04-10,26529.10139529,0.00102628,-0.12531889
2023-04-11,26536.23047393,0.00026873,-0.12508384
2023-04-12,26428.06698904,-0.00407607,-0.12865006
2023-04-13,26779.10306842,0.01328270,-0.11707618
2023-04-14,26713.69346300,-0.00244256,-0.11923277
2023-04-17,26809.54682885,0.00358817,-0.11607243
2023-04-18,26827.02975134,0.00065212,-0.11549601
2023-04-19,26822.49942985,-0.00016887,-0.11564537
2023-04-20,26676.12680164,-0.00545708,-0.12047137
2023-04-21,26696.84890400,0.00077680,-0.11978815
2023-04-24,26724.70214423,0.00104332,-0.11886981
2023-04-25,26300.47872113,-0.01587383,-0.13285672
2023-04-26,26189.07811561,-0.00423569,-0.13652967
2023-04-27,26710.45016466,0.01990800,-0.11933971
2023-04-28,26938.43035686,0.00853524,-0.11182306
2023-05-01,26911.22989477,-0.00100973,-0.11271987
2023-05-02,26608.76915798,-0.01123920,-0.12269220
2023-05-03,26426.12718775,-0.00686398,-0.12871402
2023-05-04,26238.95077754,-0.00708301,-0.13488534
2023-05-05,26724.70214423,0.01851261,-0.11886981
2023-05-08,26731.82710440,0.00026661,-0.11863490
2023-05-09,26614.59885805,-0.00438534,-0.12249999
2023-05-10,26738.95000533,0.00467229,-0.11840005
2023-05-11,26692.31446403,-0.00174411,-0.11993765
2023-05-12,26657.34244134,-0.00131019,-0.12109070
2023-05-15,26749.31002689,0.00344999,-0.11805847
2023-05-16,26570.56001466,-0.00668242,-0.12395197
2023-05-17,26893.09213490,0.01213870,-0.11331789
2023-05-18,27152.15856949,0.00963320,-0.10477631
2023-05-19,27112.65004759,-0.00145508,-0.10607893
2023-05-22,27123.66284730,0.00040619,-0.10571583
2023-05-23,26819.26024998,-0.01122277,-0.11575217
2023-05-24,26624.96299808,-0.00724469,-0.12215827
2023-05-25,26855.52753277,0.00865971,-0.11455642
2023-05-26,27203.32855076,0.01295082,-0.10308920
2023-05-30,27213.68651308,0.00038076,-0.10274769
2023-05-31,27062.78150414,-0.00554519,-0.10772312
2023-06-01,27319.91019667,0.00950119,-0.09924543
2023-06-02,27714.98511944,0.01446106,-0.08621956
2023-06-05,27661.87533688,-0.00191628,-0.08797062
2023-06-06,27722.10596113,0.00217739,-0.08598478
2023-06-07,27626.25259528,-0.00345765,-0.08914513
2023-06-08,27793.35144432,0.00604855,-0.08363577
2023-06-09,27843.21998778,0.00179426,-0.08199158
2023-06-12,28095.81218111,0.00907195,-0.07366345
2023-06-13,28281.04879002,0.00659303,-0.06755609
2023-06-14,28314.72555261,0.00119079,-0.06644574
2023-06-15,28665.76163199,0.01239765,-0.05487186
2023-06-16,28568.12084839,-0.00340618,-0.05809114
2023-06-20,28419.90108455,-0.00518829,-0.06297804
2023-06-21,28274.28419633,-0.00512376,-0.06777912
2023-06-22,28376.34616187,0.00360971,-0.06441407
2023-06-23,28161.82102450,-0.00756000,-0.07148710
2023-06-26,28046.76115476,-0.00408567,-0.07528070
2023-06-27,28354.24642993,0.01096331,-0.06514271
2023-06-28,28368.54577195,0.00050431,-0.06467126
2023-06-29,28480.36028411,0.00394150,-0.06098466
2023-06-30,28816.44424333,0.01180055,-0.04990376
2023-07-03,28849.60001894,0.00115059,-0.04881060
2023-07-05,28806.69787440,-0.00148710,-0.05022511
2023-07-06,28581.11875260,-0.00783079,-0.05766259
2023-07-07,28508.95896816,-0.00252474,-0.06004175
2023-07-10,28581.11875260,0.00253113,-0.05766259
2023-07-11,28763.13677401,0.00636847,-0.05166134
2023-07-12,28994.56824749,0.00804611,-0.04403090
2023-07-13,29224.69210545,0.00793679,-0.03644358
2023-07-14,29206.49462771,-0.00062267,-0.03704356
2023-07-17,29307.90175586,0.00347207,-0.03370010
2023-07-18,29525.67636928,0.00743058,-0.02651994
2023-07-19,29591.33514237,0.00222379,-0.02435512
2023-07-20,29395.01160123,-0.00663449,-0.03082803
2023-07-21,29395.01160123,0.00000000,-0.03082803
2023-07-24,29526.32708818,0.00446727,-0.02649848
2023-07-25,29606.93592221,0.00273007,-0.02384076
2023-07-26,29611.49095454,0.00015385,-0.02369057
2023-07-27,29415.16329492,-0.00663012,-0.03016362
2023-07-28,29703.14553606,0.00979026,-0.02066867
2023-07-31,29759.70248143,0.00190407,-0.01880395
2023-08-01,29674.54479278,-0.00286151,-0.02161165
2023-08-02,29261.74807603,-0.01391080,-0.03522182
2023-08-03,29177.88976595,-0.00286580,-0.03798668
2023-08-04,29045.92150085,-0.00452289,-0.04233775
2023-08-07,29299.44858780,0.00872849,-0.03397881
2023-08-08,29172.03741428,-0.00434859,-0.03817963
2023-08-09,28977.01325171,-0.00668531,-0.04460970
2023-08-10,28987.41239877,0.00035888,-0.04426684
2023-08-11,28970.51429960,-0.00058295,-0.04482398
2023-08-14,29130.42847060,0.00551989,-0.03955151
2023-08-15,28791.09297610,-0.01164883,-0.05073961
2023-08-16,28579.81937402,-0.00733816,-0.05770543
2023-08-17,28362.04887908,-0.00761973,-0.06488546
2023-08-18,28375.69338372,0.00048108,-0.06443560
2023-08-21,28560.31633999,0.00650638,-0.05834846
2023-08-22,28482.95904126,-0.00270856,-0.06089898
2023-08-23,28800.19686306,0.01113781,-0.05043945
2023-08-24,28401.05288790,-0.01385907,-0.06359948
2023-08-25,28601.27044629,0.00704965,-0.05699818
2023-08-28,28782.64598575,0.00634152,-0.05101811
2023-08-29,29198.69011932,0.01445469,-0.03730088
2023-08-30,29318.95162183,0.00411873,-0.03333578
2023-08-31,29276.05153653,-0.00146322,-0.03475022
2023-09-01,29330.65220670,0.00186503,-0.03295000
2023-09-05,29203.89175209,-0.00432177,-0.03712938
2023-09-06,29007.56821094,-0.00672251,-0.04360229
2023-09-07,28918.50826809,-0.00307023,-0.04653865
2023-09-08,28962.06113154,0.00150605,-0.04510268
2023-09-11,29152.53643949,0.00657672,-0.03882259
2023-09-12,28992.61609078,-0.00548564,-0.04409527
2023-09-13,29026.41846683,0.00116590,-0.04298078
2023-09-14,29276.70019619,0.00862255,-0.03472884
2023-09-15,28923.96318702,-0.01204839,-0.04635880
2023-09-18,28940.92512254,0.00058643,-0.04579955
2023-09-19,28880.90865894,-0.00207376,-0.04777833
2023-09-20,28615.39475317,-0.00919341,-0.05653249
2023-09-21,28142.42918927,-0.01652836,-0.07212646
2023-09-22,28079.14883496,-0.00224857,-0.07421286
2023-09-25,28197.22754621,0.00420521,-0.07031973
2023-09-26,27782.97700810,-0.01469118,-0.08397783
2023-09-27,27794.06805881,0.00039920,-0.08361215
2023-09-28,27955.19923891,0.00579732,-0.07829955
2023-09-29,27887.35355607,-0.00242694,-0.08053647
2023-10-02,27876.26250536,-0.00039771,-0.08090214
2023-10-03,27503.10816091,-0.01338610,-0.09320528
2023-10-04,27703.38749642,0.00728206,-0.08660194
2023-10-05,27692.94716461,-0.00037686,-0.08694617
2023-10-06,28021.74142469,0.01187285,-0.07610561
2023-10-09,28201.14627430,0.00640234,-0.07019052
2023-10-10,28347.92251297,0.00520462,-0.06535122
2023-10-11,28464.04700826,0.00409640,-0.06152252
2023-10-12,28290.51510270,-0.00609653,-0.06724398
2023-10-13,28149.60563037,-0.00498080,-0.07188985
2023-10-16,28445.77745722,0.01052135,-0.06212488
2023-10-17,28444.47396018,-0.00004582,-0.06216786
2023-10-18,28065.44873092,-0.01332509,-0.07466456
2023-10-19,27818.85509509,-0.00878638,-0.08279490
2023-10-20,27477.01556835,-0.01228805,-0.09406557
2023-10-23,27429.39159327,-0.00173323,-0.09563576
2023-10-24,27636.19253249,0.00753939,-0.08881740
2023-10-25,27239.55258957,-0.01435219,-0.10189487
2023-10-26,26913.37150129,-0.01197454,-0.11264926
2023-10-27,26791.37818043,-0.00453281,-0.11667146
2023-10-30,27111.69044313,0.01195580,-0.10611056
2023-10-31,27281.95845798,0.00628024,-0.10049672
2023-11-01,27572.91423741,0.01066477,-0.09090373
2023-11-02,28101.32887714,0.01916427,-0.07348157
2023-11-03,28357.70800739,0.00912338,-0.06502858
2023-11-06,28422.94669613,0.00230056,-0.06287762
2023-11-07,28503.83970487,0.00284605,-0.06021053
2023-11-08,28524.71213153,0.00073227,-0.05952235
2023-11-09,28302.25687232,-0.00779869,-0.06685684
2023-11-10,28743.90761851,0.01560479,-0.05229534
2023-11-13,28716.51152890,-0.00095311,-0.05319861
2023-11-14,29273.63399224,0.01940077,-0.03482993
2023-11-15,29335.60673103,0.00211702,-0.03278665
2023-11-16,29371.48893649,0.00122316,-0.03160359
2023-11-17,29408.01980162,0.00124375,-0.03039915
2023-11-20,29634.38761122,0.00769749,-0.02293566
2023-11-21,29569.80787833,-0.00217922,-0.02506489
2023-11-22,29683.96786149,0.00386069,-0.02130097
2023-11-24,29702.23535329,0.00061540,-0.02069867
2023-11-27,29648.74255264,-0.00180097,-0.02246237
2023-11-28,29678.09697668,0.00099007,-0.02149453
2023-11-29,29657.22249078,-0.00070336,-0.02218278
2023-11-30,29773.99770498,0.00393750,-0.01833263
2023-12-01,29950.13660464,0.00591586,-0.01252522
2023-12-04,29792.91179721,-0.00524955,-0.01770902
2023-12-05,29787.04709012,-0.00019685,-0.01790238
2023-12-06,29667.01210368,-0.00402977,-0.02186001
2023-12-07,29893.37991328,0.00763029,-0.01439652
2023-12-08,30021.89689709,0.00429918,-0.01015923
2023-12-11,30138.66799282,0.00388953,-0.00630922
2023-12-12,30276.31563368,0.00456714,-0.00177089
2023-12-13,30693.83212173,0.01379020,0.00000000
2023-12-14,30792.33984413,0.00320937,0.00000000
2023-12-15,30741.63936891,-0.00164653,-0.00164653
2023-12-18,30914.56585878,0.00562516,0.00000000
2023-12-19,31102.55360838,0.00608088,0.00000000
2023-12-20,30671.55735464,-0.01385726,-0.01385726
2023-12-21,30962.38134290,0.00948188,-0.00450678
2023-12-22,31024.60736785,0.00200973,-0.00250610
2023-12-26,31155.60779154,0.00422247,0.00000000
2023-12-27,31211.94439854,0.00180823,0.00000000
2023-12-28,31223.73147137,0.00037765,0.00000000
2023-12-29,31133.33714292,-0.00289505,-0.00289505
2024-01-02,30959.10509677,-0.00559632,-0.00847517
2024-01-03,30706.27197270,-0.00816668,-0.01657263
2024-01-04,30607.36475832,-0.00322108,-0.01974033
2024-01-05,30649.28464679,0.00136960,-0.01839776
2024-01-08,31086.83339279,0.01427599,-0.00438442
2024-01-09,31039.66862758,-0.00151719,-0.00589497
2024-01-10,31215.21446696,0.00565553,-0.00027277
2024-01-11,31201.46288199,-0.00044054,-0.00071319
2024-01-12,31223.07457475,0.00069265,-0.00002104
2024-01-16,31108.44714479,-0.00367124,-0.00369220
2024-01-17,30935.52477339,-0.00555870,-0.00923037
2024-01-18,31210.62854607,0.00889281,-0.00041965
2024-01-19,31599.70902981,0.01246628,0.00000000
2024-01-22,31666.51685717,0.00211419,0.00000000
2024-01-23,31758.87157929,0.00291648,0.00000000
2024-01-24,31793.59031582,0.00109320,0.00000000
2024-01-25,31966.51268722,0.00543891,0.00000000
2024-01-26,31925.90659198,-0.00127027,-0.00127027
2024-01-29,32178.73559757,0.00791924,0.00000000
2024-01-30,32153.84559944,-0.00077349,-0.00077349
2024-01-31,31629.18288959,-0.01631726,-0.01707813
2024-02-01,32043.14925299,0.01308811,-0.00421354
2024-02-02,32380.48110985,0.01052743,0.00000000
2024-02-05,32262.57743375,-0.00364120,-0.00364120
2024-02-06,32356.24388986,0.00290325,-0.00074851
2024-02-07,32626.11102274,0.00834050,0.00000000
2024-02-08,32640.51950432,0.00044162,0.00000000
2024-02-09,32829.16003206,0.00577934,0.00000000
2024-02-12,32814.75360971,-0.00043883,-0.00043883
2024-02-13,32362.79226365,-0.01377311,-0.01420590
2024-02-14,32656.89661652,0.00908773,-0.00524727
2024-02-15,32882.22039293,0.00689973,0.00000000
2024-02-16,32718.46574485,-0.00498004,-0.00498004
2024-02-20,32538.33810304,-0.00550538,-0.01045800
2024-02-21,32567.81608130,0.00090595,-0.00956153
2024-02-22,33241.82083917,0.02069542,0.00000000
2024-02-23,33264.74426593,0.00068960,0.00000000
2024-02-26,33142.91156555,-0.00366252,-0.00366252
2024-02-27,33204.48481235,0.00185781,-0.00181151
2024-02-28,33160.60041174,-0.00132164,-0.00313076
2024-02-29,33279.80758489,0.00359484,0.00000000
2024-03-01,33592.24738438,0.00938827,0.00000000
2024-03-04,33556.22309156,-0.00107240,-0.00107240
2024-03-05,33220.86192455,-0.00999401,-0.01105569
2024-03-06,33389.19837506,0.00506719,-0.00604452
2024-03-07,33720.63051779,0.00992633,0.00000000
2024-03-08,33518.23840508,-0.00600203,-0.00600203
2024-03-11,33489.41320496,-0.00085999,-0.00685685
2024-03-12,33849.67260705,0.01075741,0.00000000
2024-03-13,33796.61430542,-0.00156747,-0.00156747
2024-03-14,33729.80235958,-0.00197688,-0.00354125
2024-03-15,33498.19173247,-0.00686665,-0.01038358
2024-03-18,33697.27671049,0.00594316,-0.00450214
2024-03-19,33884.53960865,0.00555721,0.00000000
2024-03-20,34197.94930879,0.00924934,0.00000000
2024-03-21,34310.96229691,0.00330467,0.00000000
2024-03-22,34245.91511722,-0.00189581,-0.00189581
2024-03-25,34151.29935283,-0.00276283,-0.00465341
2024-03-26,34088.22286299,-0.00184697,-0.00649179
2024-03-27,34374.69568338,0.00840386,0.00000000
2024-03-28,34368.12465797,-0.00019116,-0.00019116
2024-04-01,34308.33676969,-0.00173963,-0.00193046
2024-04-02,34090.19355284,-0.00635832,-0.00827650
2024-04-03,34127.64283769,0.00109854,-0.00718706
2024-04-04,33711.07771715,-0.01220609,-0.01930542
2024-04-05,34063.25461385,0.01044692,-0.00906018
2024-04-08,34082.31285268,0.00055950,-0.00850576
2024-04-09,34121.73282738,0.00115661,-0.00735898
2024-04-10,33780.06627654,-0.01001317,-0.01729846
2024-04-11,34034.99982239,0.00754686,-0.00988215
2024-04-12,33565.21577973,-0.01380297,-0.02354871
2024-04-15,33144.70516101,-0.01252817,-0.03578186
2024-04-16,33084.25419840,-0.00182385,-0.03754045
2024-04-17,32888.45576270,-0.00591818,-0.04323645
2024-04-18,32820.77893730,-0.00205777,-0.04520525
2024-04-19,32534.31023539,-0.00872827,-0.05353896
2024-04-22,32833.91892887,0.00920901,-0.04482299
2024-04-23,33223.54716966,0.01186664,-0.03348825
2024-04-24,33207.77959162,-0.00047459,-0.03394695
2024-04-25,33081.62661193,-0.00379890,-0.03761689
2024-04-26,33395.04043055,0.00947395,-0.02849931
2024-04-29,33513.30653236,0.00354143,-0.02505882
2024-04-30,32982.41257123,-0.01584129,-0.04050314
2024-05-01,32875.31371189,-0.00324715,-0.04361877
2024-05-02,33182.81546096,0.00935358,-0.03467319
2024-05-03,33594.12746780,0.01239533,-0.02270764
2024-05-06,33941.03889538,0.01032655,-0.01261558
2024-05-07,33978.49229871,0.00110348,-0.01152602
2024-05-08,33981.77472256,0.00009660,-0.01143053
2024-05-09,34177.58139521,0.00576211,-0.00573428
2024-05-10,34221.60376470,0.00128805,-0.00445362
2024-05-13,34226.19792254,0.00013425,-0.00431997
2024-05-14,34383.23328015,0.00458816,0.00000000
2024-05-15,34809.00936798,0.01238325,0.00000000
2024-05-16,34737.38498518,-0.00205764,-0.00205764
2024-05-17,34787.32560193,0.00143766,-0.00062294
2024-05-20,34827.39835477,0.00115194,0.00000000
2024-05-21,34912.81550729,0.00245258,0.00000000
2024-05-22,34812.28767336,-0.00287940,-0.00287940
2024-05-23,34558.02132031,-0.00730393,-0.01016229
2024-05-24,34786.65840913,0.00661604,-0.00361349
2024-05-28,34810.97388012,0.00069899,-0.00291703
2024-05-29,34567.20139905,-0.00700275,-0.00989935
2024-05-30,34337.90535438,-0.00663334,-0.01646702
2024-05-31,34650.66227637,0.00910821,-0.00750880
2024-06-03,34678.90677165,0.00081512,-0.00669980
2024-06-04,34717.67808668,0.00111801,-0.00558928
2024-06-05,35130.30388676,0.01188518,0.00000000
2024-06-06,35129.64081243,-0.00001887,-0.00001887
2024-06-07,35086.93223617,-0.00121574,-0.00123459
2024-06-10,35195.33871103,0.00308965,0.00000000
2024-06-11,35280.10514464,0.00240846,0.00000000
2024-06-12,35569.85627040,0.00821288,0.00000000
2024-06-13,35641.48889016,0.00201386,0.00000000
2024-06-14,35663.16853774,0.00060827,0.00000000
2024-06-17,35947.00553471,0.00795883,0.00000000
2024-06-18,36038.34093449,0.00254083,0.00000000
2024-06-20,35940.43245008,-0.00271679,-0.00271679
2024-06-21,35892.25454023,-0.00134049,-0.00405364
2024-06-24,35775.58228788,-0.00325062,-0.00729109
2024-06-25,35913.34936449,0.00385087,-0.00346829
2024-06-26,35958.17483643,0.00124816,-0.00222447
2024-06-27,36014.85739526,0.00157635,-0.00065163
2024-06-28,35873.13658353,-0.00393507,-0.00458413
2024-07-01,35946.96434997,0.00205802,-0.00253554
2024-07-02,36188.87939924,0.00672978,0.00000000
2024-07-03,36350.37300505,0.00446252,0.00000000
2024-07-05,36559.98686207,0.00576648,0.00000000
2024-07-08,36602.17239212,0.00115387,0.00000000
2024-07-09,36637.76836363,0.00097251,0.00000000
2024-07-10,37000.31351884,0.00989539,0.00000000
2024-07-11,36681.26768692,-0.00862279,-0.00862279
2024-07-12,36912.63532405,0.00630751,-0.00236966
2024-07-15,37014.14747329,0.00275007,0.00000000
2024-07-16,37233.65390506,0.00593034,0.00000000
2024-07-17,36711.59613008,-0.01402113,-0.01402113
2024-07-18,36429.46829985,-0.00768498,-0.02159835
2024-07-19,36187.56148753,-0.00664042,-0.02809535
2024-07-22,36560.64581792,0.01030974,-0.01807526
2024-07-23,36503.30018477,-0.00156851,-0.01961542
2024-07-24,35676.04288773,-0.02266253,-0.04183342
2024-07-25,35490.15967839,-0.00521031,-0.04682576
2024-07-26,35887.63361231,0.01119955,-0.03615064
2024-07-29,35908.73255504,0.00058792,-0.03558397
2024-07-30,35726.79896235,-0.00506656,-0.04047024
2024-07-31,36307.52851915,0.01625473,-0.02487334
2024-08-01,35793.37821440,-0.01416098,-0.03868209
2024-08-02,35126.95968580,-0.01861849,-0.05658038
2024-08-05,34103.93484162,-0.02912364,-0.08405619
2024-08-06,34418.35562715,0.00921949,-0.07561166
2024-08-07,34188.31002020,-0.00668381,-0.08179009
2024-08-08,34978.64931554,0.02311724,-0.06056361
2024-08-09,35132.89028848,0.00440957,-0.05642110
2024-08-12,35151.35340781,0.00052552,-0.05592523
2024-08-13,35729.43066729,0.01644538,-0.04039956
2024-08-14,35842.14918452,0.00315478,-0.03737223
2024-08-15,36456.49784527,0.01714040,-0.02087241
2024-08-16,36538.23720043,0.00224211,-0.01867710
2024-08-19,36887.59500161,0.00956143,-0.00929425
2024-08-20,36827.60942657,-0.00162617,-0.01090531
2024-08-21,36954.16601672,0.00343646,-0.00750632
2024-08-22,36664.13071625,-0.00784851,-0.01529593
2024-08-23,37053.70541687,0.01062550,-0.00483295
2024-08-26,36965.37238470,-0.00238392,-0.00720535
2024-08-27,37016.12845933,0.00137307,-0.00584217
2024-08-28,36801.24295548,-0.00580519,-0.01161344
2024-08-29,36804.53361627,0.00008942,-0.01152507
2024-08-30,37155.87652197,0.00954619,-0.00208890
2024-09-03,36391.24474187,-0.02057903,-0.02262494
2024-09-04,36316.75801957,-0.00204683,-0.02462546
2024-09-05,36228.42910587,-0.00243218,-0.02699775
2024-09-06,35618.69725457,-0.01683020,-0.04337357
2024-09-09,36017.48910020,0.01119614,-0.03266305
2024-09-10,36174.37413351,0.00435580,-0.02844953
2024-09-11,36545.48983329,0.01025908,-0.01848231
2024-09-12,36853.32106028,0.00842323,-0.01021476
2024-09-13,37045.79794663,0.00522278,-0.00504533
2024-09-16,37100.50363790,0.00147670,-0.00357607
2024-09-17,37115.66785948,0.00040873,-0.00316880
2024-09-18,37005.58928414,-0.00296582,-0.00612523
2024-09-19,37637.06667861,0.01706438,0.00000000
2024-09-20,37572.00302502,-0.00172871,-0.00172871
2024-09-23,37665.88364178,0.00249869,0.00000000
2024-09-24,37773.66410858,0.00286149,0.00000000
2024-09-25,37690.35561479,-0.00220546,-0.00220546
2024-09-26,37839.78209154,0.00396458,0.00000000
2024-09-27,37784.90754283,-0.00145018,-0.00145018
2024-09-30,37936.32324256,0.00400731,0.00000000
2024-10-01,37596.47499803,-0.00895839,-0.00895839
2024-10-02,37612.32700478,0.00042164,-0.00854053
2024-10-03,37543.57319841,-0.00182796,-0.01035288
2024-10-04,37884.74759159,0.00908742,-0.00135953
2024-10-07,37542.25116823,-0.00904048,-0.01038772
2024-10-08,37897.30893755,0.00945755,-0.00102842
2024-10-09,38159.80400182,0.00692648,0.00000000
2024-10-10,38093.01470759,-0.00175025,-0.00175025
2024-10-11,38321.13698714,0.00598856,0.00000000
2024-10-14,38634.53639109,0.00817824,0.00000000
2024-10-15,38334.35728895,-0.00776971,-0.00776971
2024-10-16,38500.97427653,0.00434641,-0.00345707
2024-10-17,38504.27729274,0.00008579,-0.00337157
2024-10-18,38652.38585778,0.00384655,0.00000000
2024-10-21,38588.91193518,-0.00164217,-0.00164217
2024-10-22,38568.41017119,-0.00053129,-0.00217259
2024-10-23,38215.99646223,-0.00913737,-0.01129010
2024-10-24,38298.65423711,0.00216291,-0.00915161
2024-10-25,38285.42157988,-0.00034551,-0.00949396
2024-10-28,38403.77828813,0.00309143,-0.00643188
2024-10-29,38465.93429901,0.00161849,-0.00482380
2024-10-30,38349.55857680,-0.00302542,-0.00783463
2024-10-31,37597.79290974,-0.01960298,-0.02728403
2024-11-01,37756.47359775,0.00422048,-0.02317871
2024-11-04,37675.15020847,-0.00215389,-0.02528267
2024-11-05,38130.70286394,0.01209159,-0.01349679
2024-11-06,39078.84973078,0.02486571,0.00000000
2024-11-07,39381.01393743,0.00773217,0.00000000
2024-11-08,39551.59289707,0.00433150,0.00000000
2024-11-11,39589.28517190,0.00095299,0.00000000
2024-11-12,39466.31165420,-0.00310623,-0.00310623
2024-11-13,39485.47903259,0.00048566,-0.00262208
2024-11-14,39231.58746069,-0.00643000,-0.00903522
2024-11-15,38729.08008218,-0.01280874,-0.02172823
2024-11-18,38887.76900714,0.00409741,-0.01771985
2024-11-19,39029.92225865,0.00365547,-0.01412915
2024-11-20,39043.14667894,0.00033883,-0.01379511
2024-11-21,39252.74406206,0.00536835,-0.00850081
2024-11-22,39374.39966805,0.00309929,-0.00542787
2024-11-25,39507.96590109,0.00339221,-0.00205407
2024-11-26,39714.25203105,0.00522138,0.00000000
2024-11-27,39593.91845524,-0.00302998,-0.00302998
2024-11-29,39839.87372758,0.00621195,0.00000000
2024-12-02,39911.28394974,0.00179243,0.00000000
2024-12-03,39929.79649075,0.00046384,0.00000000
2024-12-04,40177.74510455,0.00620961,0.00000000
2024-12-05,40111.62712159,-0.00164564,-0.00164564
2024-12-06,40187.66650862,0.00189569,0.00000000
2024-12-09,39980.70906739,-0.00514978,-0.00514978
2024-12-10,39856.40940103,-0.00310899,-0.00824276
2024-12-11,40164.52068426,0.00773053,-0.00057594
2024-12-12,39957.57147998,-0.00515254,-0.00572551
2024-12-13,39949.63929889,-0.00019852,-0.00592289
2024-12-16,40120.21825853,0.00426985,-0.00167833
2024-12-17,39954.91918267,-0.00412009,-0.00579151
2024-12-18,38764.12829665,-0.02980336,-0.03542227
2024-12-19,38752.22178807,-0.00030715,-0.03571854
2024-12-20,39217.67937370,0.01201112,-0.02413644
2024-12-23,39452.52712144,0.00598831,-0.01829266
2024-12-24,39891.04164961,0.01111499,-0.00738099
2024-12-26,39893.69394692,0.00006649,-0.00731499
2024-12-27,39473.74961840,-0.01052658,-0.01776458
2024-12-30,39023.29563385,-0.01141148,-0.02897334
