Date;value;daily_return;drawdown
2016-02-01;10000,00000000;;0,00000000
2016-02-02;9819,78051435;-0,01802195;-0,01802195
2016-02-03;9878,64985770;0,00599498;-0,01213501
2016-02-04;9894,14060956;0,00156810;-0,01058594
2016-02-05;9705,65421789;-0,01905030;-0,02943458
2016-02-08;9575,00719440;-0,01346092;-0,04249928
2016-02-09;9575,52218199;0,00005378;-0,04244778
2016-02-10;9567,26275312;-0,00086256;-0,04327372
2016-02-11;9442,81240423;-0,01300794;-0,05571876
2016-02-12;9637,49640513;0,02061716;-0,03625036
2016-02-16;9800,15490752;0,01687767;-0,01998451
2016-02-17;9960,23660268;0,01633461;-0,00397634
2016-02-18;9919,44603411;-0,00409534;-0,00805540
2016-02-19;9914,79899548;-0,00046848;-0,00852010
2016-02-22;10058,35529040;0,01447899;0,00000000
2016-02-23;9931,32533037;-0,01262930;-0,01262930
2016-02-24;9976,76200293;0,00457509;-0,00811199
2016-02-25;10097,60276549;0,01211222;0,00000000
2016-02-26;10074,36289914;-0,00230152;-0,00230152
2016-02-29;9995,35763458;-0,00784221;-0,01012568
2016-03-01;10230,31721646;0,02350687;0,00000000
2016-03-02;10276,27541910;0,00449235;0,00000000
2016-03-03;10316,55660793;0,00391982;0,00000000
2016-03-04;10350,11865744;0,00325322;0,00000000
2016-03-07;10358,37902096;0,00079809;0,00000000
2016-03-08;10245,29111145;-0,01091753;-0,01091753
2016-03-09;10295,89915664;0,00493964;-0,00603182
2016-03-10;10304,15765088;0,00080211;-0,00523454
2016-03-11;10470,43882457;0,01613729;0,00000000
2016-03-14;10457,01363091;-0,00128220;-0,00128220
2016-03-15;10439,97324308;-0,00162957;-0,00290968
2016-03-16;10500,38848383;0,00578692;0,00000000
2016-03-17;10567,00694168;0,00634438;0,00000000
2016-03-18;10608,52746543;0,00392926;0,00000000
2016-03-21;10623,57987032;0,00141890;0,00000000
2016-03-22;10617,87388262;-0,00053711;-0,00053711
2016-03-23;10547,80098898;-0,00659952;-0,00713308
2016-03-24;10543,12778038;-0,00044305;-0,00757297
2016-03-28;10549,35716744;0,00059085;-0,00698660
2016-03-29;10646,93937082;0,00925006;0,00000000
2016-03-30;10693,65556789;0,00438776;0,00000000
2016-03-31;10667,70524055;-0,00242670;-0,00242670
2016-04-01;10740,37083032;0,00681174;0,00000000
2016-04-04;10705,59187729;-0,00323815;-0,00323815
2016-04-05;10598,67166850;-0,00998732;-0,01319313
2016-04-06;10714,41769905;0,01092081;-0,00241641
2016-04-07;10586,21009045;-0,01196590;-0,01435339
2016-04-08;10614,75872177;0,00269678;-0,01169532
2016-04-11;10589,84304281;-0,00234727;-0,01401514
2016-04-12;10688,46643706;0,00931302;-0,00483264
2016-04-13;10796,43064066;0,01010100;0,00000000
2016-04-14;10796,94843217;0,00004796;0,00000000
2016-04-15;10785,00931885;-0,00110579;-0,00110579
2016-04-18;10860,79193875;0,00702666;0,00000000
2016-04-19;10895,05123098;0,00315440;0,00000000
2016-04-20;10905,43416585;0,00095300;0,00000000
2016-04-21;10846,77979009;-0,00537845;-0,00537845
2016-04-22;10846,77979009;0,00000000;-0,00537845
2016-04-25;10828,08882498;-0,00172318;-0,00709237
2016-04-26;10844,17961683;0,00148602;-0,00561688
2016-04-27;10866,50353430;0,00205861;-0,00356984
2016-04-28;10767,88014005;-0,00907591;-0,01261335
2016-04-29;10709,74635973;-0,00539881;-0,01794406
2016-05-02;10794,87259291;0,00794848;-0,01013821
2016-05-03;10700,92334190;-0,00870314;-0,01875311
2016-05-04;10641,23244848;-0,00557811;-0,02422661
2016-05-05;10639,15287065;-0,00019543;-0,02441730
2016-05-06;10678,08350220;0,00365919;-0,02084747
2016-05-09;10686,91025860;0,00082662;-0,02003807
2016-05-10;10819,78640259;0,01243354;-0,00785368
2016-05-11;10718,57124685;-0,00935464;-0,01713484
2016-05-12;10721,68453842;0,00029046;-0,01684936
2016-05-13;10628,25401356;-0,00871416;-0,02541670
2016-05-16;10733,10492559;0,00986530;-0,01580214
2016-05-17;10632,92535288;-0,00933370;-0,02498835
2016-05-18;10636,03864444;0,00029280;-0,02470287
2016-05-19;10599,18385216;-0,00346509;-0,02808236
2016-05-20;10666,14719280;0,00631778;-0,02194199
2016-05-23;10651,61257942;-0,00136269;-0,02327478
2016-05-24;10789,68159280;0,01296226;-0,01061421
2016-05-25;10862,86871265;0,00678307;-0,00390314
2016-05-26;10865,98387350;0,00028677;-0,00361749
2016-05-27;10912,70007057;0,00429931;0,00000000
2016-05-31;10891,93513549;-0,00190282;-0,00190282
2016-06-01;10914,25718368;0,00204941;0,00000000
2016-06-02;10947,47715432;0,00304372;0,00000000
2016-06-03;10914,77404055;-0,00298727;-0,00298727
2016-06-06;10970,31512474;0,00508862;0,00000000
2016-06-07;10987,44523817;0,00156150;0,00000000
2016-06-08;11023,25697030;0,00325933;0,00000000
2016-06-09;11008,20456541;-0,00136551;-0,00136551
2016-06-10;10903,87518346;-0,00947742;-0,01082999
2016-06-13;10819,78640259;-0,00771183;-0,01845830
2016-06-14;10798,50647992;-0,00196676;-0,02038876
2016-06-15;10783,45594431;-0,00139376;-0,02175410
2016-06-16;10815,63846264;0,00298443;-0,01883459
2016-06-17;10775,35446988;-0,00372461;-0,02248904
2016-06-20;10844,74787899;0,00644001;-0,01619386
2016-06-21;10875,53310795;0,00283872;-0,01340111
2016-06-22;10857,79360812;-0,00163114;-0,01501039
2016-06-23;10999,18994602;0,01302257;-0,00218330
2016-06-24;10604,21876710;-0,03590912;-0,03801401
2016-06-27;10414,29770040;-0,01790995;-0,05524313
2016-06-28;10602,13264678;0,01803626;-0,03820326
2016-06-29;10782,65962956;0,01702742;-0,02182634
2016-06-30;10929,79653691;0,01364570;-0,00847848
2016-07-01;10952,75227218;0,00210029;-0,00639600
2016-07-05;10873,96758307;-0,00719314;-0,01354313
2016-07-06;10939,18688227;0,00599775;-0,00762661
2016-07-07;10932,40325267;-0,00062012;-0,00824200
2016-07-08;11095,19540882;0,01489079;0,00000000
2016-07-11;11134,32324976;0,00352656;0,00000000
2016-07-12;11215,19686312;0,00726345;0,00000000
2016-07-13;11213,63320752;-0,00013942;-0,00013942
2016-07-14;11276,24392167;0,00558345;0,00000000
2016-07-15;11261,11394152;-0,00134176;-0,00134176
2016-07-18;11291,37296719;0,00268704;0,00000000
2016-07-19;11279,89556687;-0,00101648;-0,00101648
2016-07-20;11326,85290151;0,00416292;0,00000000
2016-07-21;11284,07061143;-0,00377707;-0,00377707
2016-07-22;11334,68052591;0,00448508;0,00000000
2016-07-25;11303,89623159;-0,00271594;-0,00271594
2016-07-26;11309,11340167;0,00046154;-0,00225565
2016-07-27;11297,11540591;-0,00106091;-0,00331418
2016-07-28;11310,15739647;0,00115445;-0,00216355
2016-07-29;11328,42029567;0,00161473;-0,00055231
2016-08-01;11319,02714639;-0,00082917;-0,00138102
2016-08-02;11246,50268752;-0,00640730;-0,00777947
2016-08-03;11279,37590608;0,00292297;-0,00487924
2016-08-04;11291,37296719;0,00106363;-0,00382080
2016-08-05;11383,72585014;0,00817907;0,00000000
2016-08-08;11376,94128590;-0,00059599;-0,00059599
2016-08-09;11383,72585014;0,00059634;0,00000000
2016-08-10;11355,55014086;-0,00247509;-0,00247509
2016-08-11;11408,24711030;0,00464064;0,00000000
2016-08-12;11398,33336558;-0,00086900;-0,00086900
2016-08-15;11431,20284557;0,00288371;0,00000000
2016-08-16;11372,24658054;-0,00515749;-0,00515749
2016-08-17;11393,64146415;0,00188132;-0,00328586
2016-08-18;11419,20858839;0,00224398;-0,00104926
2016-08-19;11402,50841014;-0,00146246;-0,00251019
2016-08-22;11401,98968399;-0,00004549;-0,00255556
2016-08-23;11424,94354998;0,00201315;-0,00054756
2016-08-24;11366,50694574;-0,00511483;-0,00565959
2016-08-25;11358,68025598;-0,00068857;-0,00634427
2016-08-26;11337,28911095;-0,00188324;-0,00821556
2016-08-29;11393,11806478;0,00492437;-0,00333165
2016-08-30;11374,33457014;-0,00164867;-0,00497483
2016-08-31;11341,98662023;-0,00284394;-0,00780462
2016-09-01;11342,50534638;0,00004574;-0,00775924
2016-09-02;11393,64146415;0,00450836;-0,00328586
2016-09-06;11428,07459974;0,00302214;-0,00027366
2016-09-07;11427,03340886;-0,00009111;-0,00036474
2016-09-08;11400,94288526;-0,00228323;-0,00264714
2016-09-09;11128,06395417;-0,02393477;-0,02651855
2016-09-12;11287,72225663;0,01434736;-0,01255166
2016-09-13;11125,45443449;-0,01437560;-0,02674683
2016-09-14;11121,28032457;-0,00037519;-0,02711198
2016-09-15;11232,41670216;0,00999313;-0,01738978
2016-09-16;11188,99511715;-0,00386574;-0,02118830
2016-09-19;11191,09619174;0,00018778;-0,02100450
2016-09-20;11191,61678717;0,00004652;-0,02095895
2016-09-21;11317,47096793;0,01124540;-0,00994925
2016-09-22;11388,78880434;0,00630157;-0,00371037
2016-09-23;11326,38744993;-0,00547919;-0,00916924
2016-09-26;11234,61871805;-0,00810221;-0,01719715
2016-09-27;11304,36074852;0,00620778;-0,01109613
2016-09-28;11360,47289880;0,00496376;-0,00618745
2016-09-29;11257,69315282;-0,00904714;-0,01517860
2016-09-30;11342,64460800;0,00754608;-0,00774706
2016-10-03;11315,37550119;-0,00240412;-0,01013256
2016-10-04;11257,69315282;-0,00509770;-0,01517860
2016-10-05;11307,50768719;0,00442493;-0,01082083
2016-10-06;11315,37550119;0,00069580;-0,01013256
2016-10-07;11276,57198092;-0,00342927;-0,01352709
2016-10-10;11335,30299729;0,00520823;-0,00838931
2016-10-11;11192,13925190;-0,01262990;-0,02091325
2016-10-12;11206,82527724;0,00131217;-0,01962852
2016-10-13;11170,11815834;-0,00327543;-0,02283965
2016-10-14;11175,88770168;0,00051652;-0,02233493
2016-10-17;11137,07950820;-0,00347249;-0,02572987
2016-10-18;11206,82527724;0,00626248;-0,01962852
2016-10-19;11236,71792335;0,00266736;-0,01701351
2016-10-20;11215,74175924;-0,00186675;-0,01884851
2016-10-21;11220,98136072;0,00046716;-0,01839015
2016-10-24;11268,70136300;0,00425275;-0,01421561
2016-10-25;11230,94744538;-0,00335033;-0,01751831
2016-10-26;11208,39921389;-0,00200769;-0,01949083
2016-10-27;11178,50563313;-0,00266707;-0,02210592
2016-10-28;11145,46885227;-0,00295538;-0,02499597
2016-10-31;11145,99225163;0,00004696;-0,02495018
2016-11-01;11065,23733778;-0,00724520;-0,03201461
2016-11-02;10998,64224597;-0,00601841;-0,03784034
2016-11-03;10948,29683511;-0,00457742;-0,04224455
2016-11-04;10936,23434907;-0,00110177;-0,04329977
2016-11-07;11177,45976905;0,02205745;-0,02219741
2016-11-08;11227,79863742;0,00450361;-0,01779377
2016-11-09;11346,83647611;0,01060206;-0,00738036
2016-11-10;11375,15331629;0,00249557;-0,00490320
2016-11-11;11348,93568142;-0,00230482;-0,00719672
2016-11-14;11357,85029414;0,00078550;-0,00641687
2016-11-15;11446,47021806;0,00780253;0,00000000
2016-11-16;11424,97252387;-0,00187811;-0,00187811
2016-11-17;11483,70447489;0,00514066;0,00000000
2016-11-18;11458,01397794;-0,00223713;-0,00223713
2016-11-21;11544,53095800;0,00755078;0,00000000
2016-11-22;11567,08386269;0,00195356;0,00000000
2016-11-23;11573,37213218;0,00054363;0,00000000
2016-11-25;11616,37686698;0,00371583;0,00000000
2016-11-28;11561,84052264;-0,00469478;-0,00469478
2016-11-29;11584,38688485;0,00195007;-0,00275387
2016-11-30;11556,59624796;-0,00239897;-0,00514624
2016-12-01;11514,11958573;-0,00367553;-0,00880286
2016-12-02;11519,88819442;0,00050100;-0,00830626
2016-12-05;11589,10962945;0,00600886;-0,00234731
2016-12-06;11625,81674835;0,00316738;0,00000000
2016-12-07;11777,88762933;0,01308045;0,00000000
2016-12-08;11806,73254208;0,00244907;0,00000000
2016-12-09;11878,04757457;0,00604020;0,00000000
2016-12-12;11864,41208653;-0,00114796;-0,00114796
2016-12-13;11943,59960622;0,00667437;0,00000000
2016-12-14;11845,01453228;-0,00825422;-0,00825422
2016-12-15;11893,78320256;0,00411723;-0,00417097
2016-12-16;11870,51716624;-0,00195615;-0,00611896
2016-12-19;11896,36561763;0,00217753;-0,00395475
2016-12-20;11942,25652607;0,00385756;-0,00011245
2016-12-21;11909,02720901;-0,00278250;-0,00289464
2016-12-22;11888,45387548;-0,00172754;-0,00461718
2016-12-23;11905,86064286;0,00146417;-0,00315976
2016-12-27;11935,39812513;0,00248092;-0,00068668
2016-12-28;11836,75697268;-0,00826459;-0,00894560
2016-12-29;11834,12315232;-0,00022251;-0,00916612
2016-12-30;11790,86606425;-0,00365528;-0,01278790
2017-01-03;11881,06646733;0,00765002;-0,00523570
2017-01-04;11951,75342058;0,00594955;0,00000000
2017-01-05;11942,25652607;-0,00079460;-0,00079460
2017-01-06;11984,98554156;0,00357797;0,00000000
2017-01-09;11945,42309221;-0,00330100;-0,00330100
2017-01-10;11945,42309221;0,00000000;-0,00330100
2017-01-11;11979,17954720;0,00282589;-0,00048444
2017-01-12;11949,11305772;-0,00250990;-0,00299312
2017-01-13;11976,54572683;0,00229579;-0,00070420
2017-01-17;11934,34197998;-0,00352387;-0,00422558
2017-01-18;11960,71943859;0,00221021;-0,00202471
2017-01-19;11916,40900931;-0,00370466;-0,00572187
2017-01-20;11960,19136602;0,00367412;-0,00206877
2017-01-23;11929,06686212;-0,00260234;-0,00466573
2017-01-24;12005,55513652;0,00641192;0,00000000
2017-01-25;12109,47047219;0,00865560;0,00000000
2017-01-26;12096,80981546;-0,00104552;-0,00104552
2017-01-27;12077,82163428;-0,00156969;-0,00261356
2017-01-30;12002,91757759;-0,00620179;-0,00879914
2017-01-31;12001,86236709;-0,00008791;-0,00888628
2017-02-01;12006,60847774;0,00039545;-0,00849434
2017-02-02;12014,52395847;0,00065926;-0,00784068
2017-02-03;12097,33695339;0,00689274;-0,00100199
2017-02-06;12075,71121328;-0,00178764;-0,00278784
2017-02-07;12076,23648193;0,00004350;-0,00274446
2017-02-08;12092,06183552;0,00131045;-0,00143761
2017-02-09;12163,79839143;0,00593253;0,00000000
2017-02-10;12211,79878622;0,00394617;0,00000000
2017-02-13;12278,26676675;0,00544293;0,00000000
2017-02-14;12327,32050276;0,00399517;0,00000000
2017-02-15;12391,67245444;0,00522027;0,00000000
2017-02-16;12381,12315335;-0,00085132;-0,00085132
2017-02-17;12400,64127638;0,00157644;0,00000000
2017-02-21;12474,48638400;0,00595494;0,00000000
2017-02-22;12463,41274891;-0,00088770;-0,00088770
2017-02-23;12471,85162899;0,00067709;-0,00021121
2017-02-24;12487,67791723;0,00126896;0,00000000
2017-02-27;12507,19417098;0,00156284;0,00000000
2017-02-28;12473,43584671;-0,00269911;-0,00269911
2017-03-01;12648,03065849;0,01399733;0,00000000
2017-03-02;12568,38329507;-0,00629721;-0,00629721
2017-03-03;12576,29316795;0,00062935;-0,00567183
2017-03-06;12538,84207424;-0,00297791;-0,00863285
2017-03-07;12501,38911126;-0,00298696;-0,01159402
2017-03-08;12478,18382664;-0,00185622;-0,01342872
2017-03-09;12494,00824560;0,00126817;-0,01217758
2017-03-10;12537,78779838;0,00350404;-0,00871621
2017-03-13;12544,11719211;0,00050483;-0,00821578
2017-03-14;12496,11679732;-0,00382653;-0,01201087
2017-03-15;12604,25017106;0,00865336;-0,00346145
2017-03-16;12579,45879945;-0,00196691;-0,00542154
2017-03-17;12557,36573848;-0,00175628;-0,00716830
2017-03-20;12543,59472739;-0,00109665;-0,00825709
2017-03-21;12382,54007019;-0,01283959;-0,02099067
2017-03-22;12411,67472188;0,00235288;-0,01868717
2017-03-23;12398,43178335;-0,00106697;-0,01973421
2017-03-24;12389,42464110;-0,00072647;-0,02044635
2017-03-27;12376,70977515;-0,00102627;-0,02145163
2017-03-28;12466,77558981;0,00727704;-0,01433069
2017-03-29;12478,42870277;0,00093473;-0,01340936
2017-03-30;12518,16312620;0,00318425;-0,01026781
2017-03-31;12489,02660523;-0,00232754;-0,01257145
2017-04-03;12467,30553167;-0,00173921;-0,01428880
2017-04-04;12475,24998628;0,00063722;-0,01366068
2017-04-05;12438,16527213;-0,00297266;-0,01659273
2017-04-06;12473,12741494;0,00281088;-0,01382850
2017-04-07;12460,41628755;-0,00101908;-0,01483348
2017-04-10;12467,83266960;0,00059520;-0,01424712
2017-04-11;12453,00084015;-0,00118961;-0,01541978
2017-04-12;12398,43178335;-0,00438200;-0,01973421
2017-04-13;12317,90585672;-0,00649485;-0,02610089
2017-04-17;12427,04303567;0,00886004;-0,01747210
2017-04-18;12389,95738688;-0,00298427;-0,02040423
2017-04-19;12367,17736425;-0,00183859;-0,02220530
2017-04-20;12467,83266960;0,00813891;-0,01424712
2017-04-21;12428,10011546;-0,00318681;-0,01738852
2017-04-24;12564,78398981;0,01099797;-0,00658179
2017-04-25;12637,89446904;0,00581868;-0,00080140
2017-04-26;12629,94814514;-0,00062877;-0,00142967
2017-04-27;12640,53950511;0,00083859;-0,00059228
2017-04-28;12612,99280971;-0,00217923;-0,00277022
2017-05-01;12644,78090923;0,00252027;-0,00025694
2017-05-02;12649,54851664;0,00037704;0,00000000
2017-05-03;12634,18487606;-0,00121456;-0,00121456
2017-05-04;12649,01764015;0,00117402;-0,00004197
2017-05-05;12698,81815489;0,00393711;0,00000000
2017-05-08;12696,69745283;-0,00016700;-0,00016700
2017-05-09;12685,04340523;-0,00091788;-0,00108473
2017-05-10;12707,82342786;0,00179582;0,00000000
2017-05-11;12681,86375410;-0,00204281;-0,00204281
2017-05-12;12660,67355703;-0,00167091;-0,00371030
2017-05-15;12730,60812370;0,00552376;0,00000000
2017-05-16;12718,94940289;-0,00091580;-0,00091580
2017-05-17;12493,26427079;-0,01774401;-0,01864356
2017-05-18;12543,59472739;0,00402861;-0,01469006
2017-05-19;12625,17866845;0,00650403;-0,00828157
2017-05-22;12689,28200543;0,00507742;-0,00324620
2017-05-23;12717,35957733;0,00221270;-0,00104068
2017-05-24;12747,02697479;0,00233283;0,00000000
2017-05-25;12807,95066064;0,00477944;0,00000000
2017-05-26;12805,30655921;-0,00020644;-0,00020644
2017-05-30;12794,17591097;-0,00086922;-0,00107548
2017-05-31;12790,99906377;-0,00024830;-0,00132352
2017-06-01;12892,71705675;0,00795231;0,00000000
2017-06-02;12935,63206595;0,00332862;0,00000000
2017-06-05;12926,09404720;-0,00073734;-0,00073734
2017-06-06;12884,77073285;-0,00319689;-0,00393188
2017-06-07;12908,60876991;0,00185009;-0,00208906
2017-06-08;12914,96807217;0,00049264;-0,00159745
2017-06-09;12895,36863531;-0,00151758;-0,00311260
2017-06-12;12892,71705675;-0,00020562;-0,00331758
2017-06-13;12955,76144466;0,00488992;0,00000000
2017-06-14;12939,33605108;-0,00126781;-0,00126781
2017-06-15;12914,43626103;-0,00192435;-0,00318971
2017-06-16;12917,25794438;0,00021849;-0,00297192
2017-06-19;13024,79782064;0,00832529;0,00000000
2017-06-20;12936,95925719;-0,00674395;-0,00674395
2017-06-21;12933,76091323;-0,00024723;-0,00698951
2017-06-22;12927,90444821;-0,00045280;-0,00743915
2017-06-23;12943,34286014;0,00119419;-0,00625384
2017-06-26;12951,86398869;0,00065834;-0,00559961
2017-06-27;12847,51778319;-0,00805646;-0,01361096
2017-06-28;12962,51236181;0,00895072;-0,00478207
2017-06-29;12848,58420940;-0,00878905;-0,01352909
2017-06-30;12872,54001131;0,00186447;-0,01168984
2017-07-03;12894,36763403;0,00169567;-0,01001399
2017-07-05;12924,18083560;0,00231211;-0,00772503
2017-07-06;12805,99352088;-0,00914467;-0,01679906
2017-07-07;12889,04391480;0,00648528;-0,01042273
2017-07-10;12902,88502402;0,00107387;-0,00936005
2017-07-11;12893,30307711;-0,00074262;-0,01009572
2017-07-12;12990,19177633;0,00751465;-0,00265694
2017-07-13;13012,01752977;0,00168017;-0,00098123
2017-07-14;13072,70755519;0,00466415;0,00000000
2017-07-17;13071,11492570;-0,00012183;-0,00012183
2017-07-18;13078,03314370;0,00052928;0,00000000
2017-07-19;13148,83973110;0,00541416;0,00000000
2017-07-20;13154,69526147;0,00044533;0,00000000
2017-07-21;13142,98233144;-0,00089040;-0,00089040
2017-07-24;13139,78679140;-0,00024314;-0,00113332
2017-07-25;13171,73097609;0,00243110;0,00000000
2017-07-26;13172,26091795;0,00004023;0,00000000
2017-07-27;13160,01711142;-0,00092951;-0,00092951
2017-07-28;13144,58056878;-0,00117299;-0,00210141
2017-07-31;13137,12306250;-0,00056734;-0,00266756
2017-08-01;13166,40538757;0,00222898;-0,00044453
2017-08-02;13172,79272909;0,00048512;0,00000000
2017-08-03;13147,23962447;-0,00193984;-0,00193984
2017-08-04;13171,19823031;0,00182233;-0,00012104
2017-08-07;13195,68584337;0,00185918;0,00000000
2017-08-08;13163,20984753;-0,00246111;-0,00246111
2017-08-09;13162,68084032;-0,00004019;-0,00250120
2017-08-10;12976,88247824;-0,01411554;-0,01658143
2017-08-11;12996,04917599;0,00147699;-0,01512893
2017-08-14;13124,88112526;0,00991316;-0,00536575
2017-08-15;13123,28475720;-0,00012163;-0,00548672
2017-08-16;13146,17693684;0,00174439;-0,00375190
2017-08-17;12941,21374630;-0,01559109;-0,01928449
2017-08-18;12920,98716485;-0,00156296;-0,02081731
2017-08-21;12931,10185753;0,00078281;-0,02005079
2017-08-22;13066,32114832;0,01045690;-0,00980356
2017-08-23;13019,47410141;-0,00358533;-0,01335374
2017-08-24;12989,13002334;-0,00233067;-0,01565328
2017-08-25;13019,47410141;0,00233611;-0,01335374
2017-08-28;13020,00404326;0,00004070;-0,01331358
2017-08-29;13034,90970940;0,00114483;-0,01218399
2017-08-30;13096,66429174;0,00473763;-0,00750409
2017-08-31;13175,45739263;0,00601627;-0,00153296
2017-09-01;13194,08667138;0,00141394;-0,00012119
2017-09-05;13099,32708600;-0,00718197;-0,00730229
2017-09-06;13144,04314979;0,00341362;-0,00391360
2017-09-07;13142,44771638;-0,00012138;-0,00403451
2017-09-08;13127,01304302;-0,00117441;-0,00520419
2017-09-11;13267,02330725;0,01066581;0,00000000
2017-09-12;13311,74217497;0,00337068;0,00000000
2017-09-13;13318,12951648;0,00047983;0,00000000
2017-09-14;13313,87222345;-0,00031966;-0,00031966
2017-09-15;13331,79304378;0,00134603;0,00000000
2017-09-18;13360,15007355;0,00212702;0,00000000
2017-09-19;13373,52479656;0,00100109;0,00000000
2017-09-20;13378,34100534;0,00036013;0,00000000
2017-09-21;13342,49469147;-0,00267943;-0,00267943
2017-09-22;13345,16870143;0,00020041;-0,00247955
2017-09-25;13317,88370571;-0,00204456;-0,00451904
2017-09-26;13325,90573559;0,00060235;-0,00391941
2017-09-27;13377,80452099;0,00389458;-0,00004010
2017-09-28;13393,85325396;0,00119965;0,00000000
2017-09-29;13440,93302666;0,00351503;0,00000000
2017-10-02;13499,25093139;0,00433883;0,00000000
2017-10-03;13528,14070695;0,00214010;0,00000000
2017-10-04;13544,18943991;0,00118632;0,00000000
2017-10-05;13624,44058188;0,00592513;0,00000000
2017-10-06;13608,92739862;-0,00113863;-0,00113863
2017-10-09;13586,45487311;-0,00165131;-0,00278806
2017-10-10;13622,30025234;0,00263832;-0,00015709
2017-10-11;13643,69700523;0,00157072;0,00000000
2017-10-12;13623,37228640;-0,00148968;-0,00148968
2017-10-13;13639,95656907;0,00121734;-0,00027415
2017-10-16;13658,14469693;0,00133344;0,00000000
2017-10-17;13667,77898378;0,00070539;0,00000000
2017-10-18;13681,15277214;0,00097849;0,00000000
2017-10-19;13684,89507759;0,00027354;0,00000000
2017-10-20;13755,51567128;0,00516048;0,00000000
2017-10-23;13702,01864853;-0,00388913;-0,00388913
2017-10-24;13726,09034602;0,00175680;-0,00213917
2017-10-25;13658,14469693;-0,00495011;-0,00707869
2017-10-26;13675,79914437;0,00129259;-0,00579524
2017-10-27;13787,62061435;0,00817659;0,00000000
2017-10-30;13736,25550936;-0,00372545;-0,00372545
2017-10-31;13757,65973938;0,00155823;-0,00217303
2017-11-01;13775,84693260;0,00132197;-0,00085393
2017-11-02;13781,19682181;0,00038835;-0,00046591
2017-11-03;13827,21016830;0,00333885;0,00000000
2017-11-06;13848,60972512;0,00154764;0,00000000
2017-11-07;13838,97637291;-0,00069562;-0,00069562
2017-11-08;13862,51812854;0,00170112;0,00000000
2017-11-09;13812,22692690;-0,00362785;-0,00362785
2017-11-10;13807,94720246;-0,00030985;-0,00393658
2017-11-13;13820,78637577;0,00092984;-0,00301040
2017-11-14;13788,68797519;-0,00232247;-0,00532588
2017-11-15;13719,67122669;-0,00500532;-0,01030454
2017-11-16;13836,30236295;0,00850102;-0,00189113
2017-11-17;13795,64170958;-0,00293869;-0,00482426
2017-11-20;13819,18253057;0,00170640;-0,00312610
2017-11-21;13909,60070517;0,00654295;0,00000000
2017-11-22;13897,29708157;-0,00088454;-0,00088454
2017-11-24;13929,39267822;0,00230948;0,00000000
2017-11-27;13922,43894383;-0,00049921;-0,00049921
2017-11-28;14063,67732728;0,01014466;0,00000000
2017-11-29;14055,11974770;-0,00060849;-0,00060849
2017-11-30;14178,17093793;0,00875490;0,00000000
2017-12-01;14148,74654732;-0,00207533;-0,00207533
2017-12-04;14131,62764958;-0,00120992;-0,00328274
2017-12-05;14080,80276751;-0,00359653;-0,00686747
2017-12-06;14083,47490819;0,00018977;-0,00667900
2017-12-07;14127,88347485;0,00315324;-0,00354682
2017-12-08;14204,92225323;0,00545296;0,00000000
2017-12-11;14247,72510542;0,00301324;0,00000000
2017-12-12;14272,86790232;0,00176469;0,00000000
2017-12-13;14271,26218784;-0,00011250;-0,00011250
2017-12-14;14212,94802168;-0,00408613;-0,00419817
2017-12-15;14331,30544119;0,00832744;0,00000000
2017-12-18;14422,17972095;0,00634096;0,00000000
2017-12-19;14366,79659121;-0,00384014;-0,00384014
2017-12-20;14359,26337895;-0,00052435;-0,00436247
2017-12-21;14388,84292009;0,00205996;-0,00231150
2017-12-22;14385,07818325;-0,00026164;-0,00257253
2017-12-26;14367,86955991;-0,00119628;-0,00376574
2017-12-27;14374,86161461;0,00048665;-0,00328093
2017-12-28;14404,43461326;0,00205727;-0,00123040
2017-12-29;14350,12725614;-0,00377018;-0,00499595
2018-01-02;14452,83410007;0,00715721;0,00000000
2018-01-03;14544,24673345;0,00632489;0,00000000
2018-01-04;14605,55455705;0,00421526;0,00000000
2018-01-05;14702,88534180;0,00666396;0,00000000
2018-01-08;14729,76844158;0,00182842;0,00000000
2018-01-09;14763,10711172;0,00226335;0,00000000
2018-01-10;14740,52523313;-0,00152962;-0,00152962
2018-01-11;14848,07632509;0,00729629;0,00000000
2018-01-12;14944,85940979;0,00651822;0,00000000
2018-01-16;14893,78217446;-0,00341771;-0,00341771
2018-01-17;15035,74303596;0,00953155;0,00000000
2018-01-18;15010,47125851;-0,00168078;-0,00168078
2018-01-19;15078,76365967;0,00454965;0,00000000
2018-01-22;15201,36435260;0,00813069;0,00000000
2018-01-23;15233,63005404;0,00212255;0,00000000
2018-01-24;15227,71377196;-0,00038837;-0,00038837
2018-01-25;15234,17214624;0,00042412;0,00000000
2018-01-26;15410,54651586;0,01157755;0,00000000
2018-01-29;15308,37335236;-0,00663008;-0,00663008
2018-01-30;15151,36288988;-0,01025651;-0,01681859
2018-01-31;15158,88301716;0,00049633;-0,01633060
2018-02-01;15141,67626310;-0,00113509;-0,01744716
2018-02-02;14812,04308287;-0,02176993;-0,03883726
2018-02-05;14192,56909362;-0,04182232;-0,07903532
2018-02-06;14472,19239936;0,01970209;-0,06089039
2018-02-07;14393,68342956;-0,00542482;-0,06598488
2018-02-08;13853,79137881;-0,03750896;-0,10101881
2018-02-09;14061,89403088;0,01502135;-0,08751490
2018-02-12;14268,38722992;0,01468459;-0,07411543
2018-02-13;14303,88024922;0,00248753;-0,07181227
2018-02-14;14496,92862711;0,01349622;-0,05928524
2018-02-15;14681,90824304;0,01275992;-0,04728179
2018-02-16;14686,21413745;0,00029328;-0,04700238
2018-02-20;14594,26128115;-0,00626117;-0,05296926
2018-02-21;14521,66485486;-0,00497431;-0,05768009
2018-02-22;14540,48573517;0,00129606;-0,05645879
2018-02-23;14772,25164630;0,01593935;-0,04141935
2018-02-26;14943,78737574;0,01161202;-0,03028829
2018-02-27;14757,19830677;-0,01248606;-0,04239617
2018-02-28;14607,70516764;-0,01013018;-0,05209688
2018-03-01;14395,29568653;-0,01454092;-0,06588026
2018-03-02;14469,49969657;0,00515474;-0,06106512
2018-03-05;14636,73794338;0,01155798;-0,05021292
2018-03-06;14673,84602357;0,00253527;-0,04780496
2018-03-07;14668,46622583;-0,00036662;-0,04815405
2018-03-08;14739,44572194;0,00483892;-0,04354815
2018-03-09;14995,94786082;0,01740243;-0,02690357
2018-03-12;14977,12884980;-0,00125494;-0,02812474
2018-03-13;14880,33548404;-0,00646275;-0,03440573
2018-03-14;14803,97525555;-0,00513162;-0,03936079
2018-03-15;14787,84614339;-0,00108951;-0,04040742
2018-03-16;14803,87992209;0,00108425;-0,03936697
2018-03-19;14603,57685517;-0,01353044;-0,05236477
2018-03-20;14628,42056672;0,00170121;-0,05075264
2018-03-21;14600,33925625;-0,00191964;-0,05257486
2018-03-22;14235,37288045;-0,02499712;-0,07625775
2018-03-23;13931,94892333;-0,02131479;-0,09594712
2018-03-26;14313,11824797;0,02735937;-0,07121281
2018-03-27;14069,62819111;-0,01701167;-0,08701303
2018-03-28;14028,05252350;-0,00295499;-0,08971090
2018-03-29;14207,29530856;0,01277745;-0,07807972
2018-04-02;13900,63749108;-0,02158453;-0,09797894
2018-04-03;14078,80263423;0,01281705;-0,08641769
2018-04-04;14229,43136304;0,01069897;-0,07664330
2018-04-05;14341,72950029;0,00789196;-0,06935620
2018-04-06;14022,11474466;-0,02228565;-0,09009621
2018-04-09;14091,21654555;0,00492806;-0,08561215
2018-04-10;14315,27633570;0,01590067;-0,07107277
2018-04-11;14240,23208275;-0,00524225;-0,07594244
2018-04-12;14357,38942230;0,00822721;-0,06834002
2018-04-13;14315,27633570;-0,00293320;-0,07107277
2018-04-16;14432,97296353;0,00822175;-0,06343536
2018-04-17;14587,38138345;0,01069831;-0,05341570
2018-04-18;14598,18210316;0,00074042;-0,05271483
2018-04-19;14517,19726744;-0,00554760;-0,05796999
2018-04-20;14394,09934512;-0,00847946;-0,06595789
2018-04-23;14391,94406132;-0,00014973;-0,06609775
2018-04-24;14198,11899615;-0,01346761;-0,07867518
2018-04-25;14233,21011952;0,00247153;-0,07639809
2018-04-26;14377,90106948;0,01016573;-0,06700901
2018-04-27;14391,40196912;0,00093900;-0,06613293
2018-04-30;14280,72823918;-0,00769027;-0,07331461
2018-05-01;14306,09815402;0,00177651;-0,07166834
2018-05-02;14209,99455384;-0,00671767;-0,07790457
2018-05-03;14178,68218695;-0,00220355;-0,07993645
2018-05-04;14362,24301675;0,01294625;-0,06802507
2018-05-07;14410,83877832;0,00338358;-0,06487166
2018-05-08;14410,83877832;0,00000000;-0,06487166
2018-05-09;14550,13030308;0,00966575;-0,05583295
2018-05-10;14686,18235963;0,00935057;-0,04700444
2018-05-11;14730,99656080;0,00305145;-0,04409642
2018-05-14;14738,01104690;0,00047617;-0,04364125
2018-05-15;14636,51269472;-0,00688684;-0,05022754
2018-05-16;14698,05885196;0,00420497;-0,04623377
2018-05-17;14685,64307136;-0,00084472;-0,04703944
2018-05-18;14648,93221389;-0,00249978;-0,04942163
2018-05-21;14759,06665556;0,00751826;-0,04227494
2018-05-22;14718,03401479;-0,00278017;-0,04493757
2018-05-23;14758,52923657;0,00275140;-0,04230981
2018-05-24;14728,29357695;-0,00204869;-0,04427182
2018-05-25;14693,20432287;-0,00238244;-0,04654878
2018-05-29;14524,21642676;-0,01150109;-0,05751451
2018-05-30;14718,03401479;0,01334444;-0,04493757
2018-05-31;14627,87193203;-0,00612596;-0,05078824
2018-06-01;14771,48524009;0,00981779;-0,04146909
2018-06-04;14841,67402931;0,00475164;-0,03691449
2018-06-05;14852,47101045;0,00072748;-0,03621387
2018-06-06;14976,64657467;0,00836060;-0,02815604
2018-06-07;14975,02777522;-0,00010809;-0,02826108
2018-06-08;15019,30081883;0,00295646;-0,02538818
2018-06-11;15039,27224309;0,00132972;-0,02409222
2018-06-12;15058,71185622;0,00129259;-0,02283077
2018-06-13;15010,66286006;-0,00319078;-0,02594870
2018-06-14;15048,45135942;0,00251744;-0,02349658
2018-06-15;15029,25288386;-0,00127578;-0,02474238
2018-06-18;14998,34241291;-0,00205669;-0,02674818
2018-06-19;14940,85540466;-0,00383289;-0,03047855
2018-06-20;14966,34775757;0,00170622;-0,02882434
2018-06-21;14872,52281390;-0,00626906;-0,03491269
2018-06-22;14899,63677019;0,00182309;-0,03315325
2018-06-25;14696,81390919;-0,01361260;-0,04631456
2018-06-26;14729,35532994;0,00221418;-0,04420292
2018-06-27;14607,33504952;-0,00828416;-0,05212089
2018-06-28;14690,84622181;0,00571707;-0,04670180
2018-06-29;14712,00090249;0,00143999;-0,04532906
2018-07-02;14743,45159635;0,00213776;-0,04328821
2018-07-03;14691,39018329;-0,00353116;-0,04666650
2018-07-05;14811,24209492;0,00815797;-0,03888924
2018-07-06;14936,51679780;0,00845808;-0,03076008
2018-07-09;15071,01174125;0,00900444;-0,02203262
2018-07-10;15125,24339239;0,00359841;-0,01851350
2018-07-11;15014,60985204;-0,00731450;-0,02569258
2018-07-12;15150,73481065;0,00906617;-0,01685934
2018-07-13;15162,66083899;0,00078716;-0,01608546
2018-07-16;15149,10853405;-0,00089379;-0,01696487
2018-07-17;15210,38644912;0,00404498;-0,01298851
2018-07-18;15242,38671231;0,00210384;-0,01091199
2018-07-19;15184,89783478;-0,00377165;-0,01464248
2018-07-20;15167,54714590;-0,00114263;-0,01576838
2018-07-23;15195,74622122;0,00185917;-0,01393853
2018-07-24;15272,21299887;0,00503212;-0,00897655
2018-07-25;15402,36933545;0,00852243;-0,00053062
2018-07-26;15366,03046539;-0,00235930;-0,00288867
2018-07-27;15261,90857391;-0,00677611;-0,00964521
2018-07-30;15182,18737379;-0,00522354;-0,01481837
2018-07-31;15257,02880949;0,00492956;-0,00996186
2018-08-01;15231,53832587;-0,00167074;-0,01161595
2018-08-02;15314,51114453;0,00544744;-0,00623180
2018-08-03;15380,13701287;0,00428521;-0,00197329
2018-08-06;15436,53609815;0,00366701;0,00000000
2018-08-07;15487,51426146;0,00330244;0,00000000
2018-08-08;15481,00728581;-0,00042014;-0,00042014
2018-08-09;15459,85540906;-0,00136631;-0,00178588
2018-08-10;15356,27000192;-0,00670028;-0,00847420
2018-08-13;15298,78766688;-0,00374325;-0,01218573
2018-08-14;15396,39790951;0,00638026;-0,00588321
2018-08-15;15281,43417407;-0,00746692;-0,01330621
2018-08-16;15405,08353501;0,00809148;-0,00532240
2018-08-17;15459,30957829;0,00352001;-0,00182112
2018-08-20;15492,39682981;0,00214028;0,00000000
2018-08-21;15528,73009201;0,00234523;0,00000000
2018-08-22;15519,51265538;-0,00059357;-0,00059357
2018-08-23;15498,90754403;-0,00132769;-0,00192048
2018-08-24;15592,18011443;0,00601801;0,00000000
2018-08-27;15715,28270996;0,00789515;0,00000000
2018-08-28;15722,87760857;0,00048328;0,00000000
2018-08-29;15807,47950775;0,00538082;0,00000000
2018-08-30;15743,48645849;-0,00404828;-0,00404828
2018-08-31;15744,03041997;0,00003455;-0,00401386
2018-09-04;15716,91085584;-0,00172253;-0,00572948
2018-09-05;15674,61364482;-0,00269119;-0,00840525
2018-09-06;15627,43386545;-0,00300995;-0,01138990
2018-09-07;15597,05987885;-0,00194363;-0,01331140
2018-09-10;15624,17663906;0,00173858;-0,01159596
2018-09-11;15675,69035208;0,00329705;-0,00833714
2018-09-12;15679,48686674;0,00024219;-0,00809697
2018-09-13;15772,22856065;0,00591484;-0,00223002
2018-09-14;15774,94089092;0,00017197;-0,00205843
2018-09-17;15691,42878399;-0,00529397;-0,00734151
2018-09-18;15776,57090608;0,00542603;-0,00195531
2018-09-19;15793,37950276;0,00106542;-0,00089198
2018-09-20;15921,36560128;0,00810378;0,00000000
2018-09-21;15906,82070684;-0,00091355;-0,00091355
2018-09-24;15853,97606401;-0,00332214;-0,00423265
2018-09-25;15839,26480335;-0,00092792;-0,00515664
2018-09-26;15791,86912175;-0,00299229;-0,00813350
2018-09-27;15835,99542661;0,00279424;-0,00536199
2018-09-28;15837,63665747;0,00010364;-0,00525890
2018-10-01;15892,66275407;0,00347439;-0,00180279
2018-10-02;15883,39297749;-0,00058327;-0,00238501
2018-10-03;15892,11131545;0,00054890;-0,00183742
2018-10-04;15767,89930021;-0,00781595;-0,00963902
2018-10-05;15679,64669048;-0,00559698;-0,01518205
2018-10-08;15679,64669048;0,00000000;-0,01518205
2018-10-09;15656,76853046;-0,00145910;-0,01661899
2018-10-10;15161,02615062;-0,03166314;-0,04775592
2018-10-11;14827,08333742;-0,02202640;-0,06873043
2018-10-12;15033,00640501;0,01388831;-0,05579667
2018-10-15;14948,56900278;-0,00561680;-0,06110007
2018-10-16;15275,42816638;0,02186558;-0,04057048
2018-10-17;15278,15545092;0,00017854;-0,04039918
2018-10-18;15057,52205731;-0,01444110;-0,05425688
2018-10-19;15049,34674619;-0,00054294;-0,05477036
2018-10-22;14981,80112376;-0,00448828;-0,05901281
2018-10-23;14905,52688231;-0,00509113;-0,06380349
2018-10-24;14453,91361125;-0,03029838;-0,09216873
2018-10-25;14713,22528314;0,01794059;-0,07588170
2018-10-26;14454,46131130;-0,01758717;-0,09213433
2018-10-29;14374,37466627;-0,00554062;-0,09716446
2018-10-30;14587,37951417;0,01481837;-0,08378591
2018-10-31;14743,18428882;0,01068079;-0,07400002
2018-11-01;14900,07979036;0,01064190;-0,06414562
2018-11-02;14811,82904992;-0,00592284;-0,06968853
2018-11-05;14893,54384082;0,00551686;-0,06455613
2018-11-06;14987,78843861;0,00632788;-0,05863675
2018-11-07;15308,66122200;0,02140895;-0,03848315
2018-11-08;15280,88086617;-0,00181468;-0,04022800
2018-11-09;15131,60643321;-0,00976871;-0,04960373
2018-11-12;14848,87263983;-0,01868498;-0,06736187
2018-11-13;14821,08854543;-0,00187112;-0,06910695
2018-11-14;14719,76029805;-0,00683676;-0,07547125
2018-11-15;14873,38642285;0,01043673;-0,06582219
2018-11-16;14912,06657042;0,00260063;-0,06339274
2018-11-19;14659,83574419;-0,01691455;-0,07923503
2018-11-20;14388,54009618;-0,01850605;-0,09627475
2018-11-21;14437,56859686;0,00340747;-0,09319534
2018-11-23;14341,14347993;-0,00667876;-0,09925167
2018-11-26;14572,67105743;0,01614429;-0,08470973
2018-11-27;14621,70049275;0,00336448;-0,08163025
2018-11-28;14958,37432906;0,02302563;-0,06048421
2018-11-29;14925,68616956;-0,00218527;-0,06253731
2018-11-30;15016,66325990;0,00609534;-0,05682316
2018-12-03;15215,50174325;0,01324119;-0,04433438
2018-12-04;14722,48477866;-0,03240228;-0,07530013
2018-12-06;14700,14871084;-0,00151714;-0,07670302
2018-12-07;14358,57361336;-0,02323617;-0,09815691
2018-12-10;14385,81655021;0,00189733;-0,09644581
2018-12-11;14389,08405766;0,00022713;-0,09624059
2018-12-12;14461,53841840;0,00503537;-0,09168982
2018-12-13;14456,63622258;-0,00033898;-0,09199772
2018-12-14;14189,69880890;-0,01846470;-0,10876371
2018-12-17;13911,31764201;-0,01961854;-0,12624846
2018-12-18;13896,06522379;-0,00109640;-0,12720645
2018-12-19;13687,96070243;-0,01497579;-0,14027722
2018-12-20;13465,14865897;-0,01627796;-0,15427175
2018-12-21;13189,25457369;-0,02048949;-0,17160029
2018-12-24;12840,75565035;-0,02642294;-0,19348905
2018-12-26;13489,53252679;0,05052482;-0,15274023
2018-12-27;13593,09737182;0,00767742;-0,14623546
2018-12-28;13575,56162387;-0,00129005;-0,14733686
2018-12-31;13694,46767808;0,00875883;-0,13986853
2019-01-02;13708,71348717;0,00104026;-0,13897376
2019-01-03;13381,58608139;-0,02386274;-0,15952021
2019-01-04;13829,81127621;0,03349567;-0,13136777
2019-01-07;13938,85686027;0,00788482;-0,12451876
2019-01-08;14069,81418481;0,00939513;-0,11629351
2019-01-09;14135,57090300;0,00467360;-0,11216341
2019-01-10;14185,43497338;0,00352756;-0,10903152
2019-01-11;14190,91477778;0,00038630;-0,10868734
2019-01-14;14104,33704601;-0,00610093;-0,11412517
2019-01-15;14265,98613534;0,01146095;-0,10397220
2019-01-16;14300,50338868;0,00241955;-0,10180422
2019-01-17;14409,00127270;0,00758700;-0,09498961
2019-01-18;14600,78508035;0,01331000;-0,08294392
2019-01-22;14403,51959902;-0,01351061;-0,09533391
2019-01-23;14433,66179447;0,00209270;-0,09344072
2019-01-24;14441,32585657;0,00053099;-0,09295935
2019-01-25;14563,52184963;0,00846155;-0,08528438
2019-01-28;14452,83783863;-0,00760009;-0,09223629
2019-01-29;14433,66179447;-0,00132680;-0,09344072
2019-01-30;14662,15552494;0,01583061;-0,07908933
2019-01-31;14790,92111465;0,00878217;-0,07100173
2019-02-01;14798,04588848;0,00048170;-0,07055423
2019-02-04;14902,15936819;0,00703562;-0,06401500
2019-02-05;14964,62708216;0,00419186;-0,06009149
2019-02-06;14944,90053403;-0,00131821;-0,06133048
2019-02-07;14802,43029278;-0,00953303;-0,07027885
2019-02-08;14820,51280613;0,00122159;-0,06914311
2019-02-11;14828,73484934;0,00055477;-0,06862670
2019-02-12;15019,41858369;0,01285907;-0,05665010
2019-02-13;15068,18912326;0,00324717;-0,05358689
2019-02-14;15034,76072751;-0,00221847;-0,05568648
2019-02-15;15198,60155167;0,01089747;-0,04539586
2019-02-19;15224,90610823;0,00173072;-0,04374370
2019-02-20;15255,59039588;0,00201540;-0,04181646
2019-02-21;15201,34005191;-0,00355610;-0,04522386
2019-02-22;15295,59119220;0,00620019;-0,03930407
2019-02-25;15316,40940186;0,00136106;-0,03799650
2019-02-26;15305,45446626;-0,00071524;-0,03868457
2019-02-27;15298,87645784;-0,00042978;-0,03909772
2019-02-28;15270,38390502;-0,00186240;-0,04088730
2019-03-01;15365,73231469;0,00624401;-0,03489859
2019-03-04;15309,83700129;-0,00363766;-0,03840931
2019-03-05;15289,01131449;-0,00136028;-0,03971734
2019-03-06;15196,40794756;-0,00605686;-0,04553364
2019-03-07;15069,28826192;-0,00836511;-0,05351786
2019-03-08;15039,14419718;-0,00200036;-0,05541116
2019-03-11;15257,23629995;0,01450163;-0,04171309
2019-03-12;15314,76817100;0,00377079;-0,03809959
2019-03-13;15416,14034655;0,00661924;-0,03173253
2019-03-14;15406,27426856;-0,00063998;-0,03235221
2019-03-15;15482,39055556;0,00494060;-0,02757144
2019-03-18;15538,52794116;0,00362589;-0,02404553
2019-03-19;15542,37866505;0,00024782;-0,02380367
2019-03-20;15495,60452019;-0,00300946;-0,02674149
2019-03-21;15670,62085539;0,01129458;-0,01574895
2019-03-22;15369,01944961;-0,01924630;-0,03469213
2019-03-25;15357,46073547;-0,00075208;-0,03541812
2019-03-26;15471,93284936;0,00745384;-0,02822828
2019-03-27;15391,02932747;-0,00522905;-0,03330972
2019-03-28;15449,37433681;0,00379085;-0,02964515
2019-03-29;15546,78363147;0,00630506;-0,02352700
2019-04-01;15731,16040349;0,01185948;-0,01194654
2019-04-02;15738,86558983;0,00048980;-0,01146259
2019-04-03;15763,62798755;0,00157333;-0,00990729
2019-04-04;15805,45694307;0,00265351;-0,00728007
2019-04-05;15881,96297566;0,00484048;-0,00247483
2019-04-08;15894,07032450;0,00076233;-0,00171438
2019-04-09;15812,61442935;-0,00512492;-0,00683052
2019-04-10;15866,54886442;0,00341085;-0,00344297
2019-04-11;15862,14296336;-0,00027768;-0,00371970
2019-04-12;15969,47347987;0,00676646;0,00000000
2019-04-15;15959,01110046;-0,00065515;-0,00065515
2019-04-16;15969,47347987;0,00065558;-0,00000000
2019-04-17;15930,39050172;-0,00244736;-0,00244736
2019-04-18;15961,75894711;0,00196909;-0,00048308
2019-04-22;15975,51874251;0,00086205;0,00000000
2019-04-23;16119,17504409;0,00899228;0,00000000
2019-04-24;16083,39508978;-0,00221971;-0,00221971
2019-04-25;16073,48975684;-0,00061587;-0,00283422
2019-04-26;16148,34147360;0,00465684;0,00000000
2019-04-29;16173,65157136;0,00156735;0,00000000
2019-04-30;16181,90632703;0,00051038;0,00000000
2019-05-01;16060,27766149;-0,00751634;-0,00751634
2019-05-02;16025,60619226;-0,00215883;-0,00965894
2019-05-03;16182,45589636;0,00978744;0,00000000
2019-05-06;16115,86641241;-0,00411492;-0,00411492
2019-05-07;15846,73445997;-0,01669981;-0,02074601
2019-05-08;15824,71803962;-0,00138933;-0,02210652
2019-05-09;15776,83634433;-0,00302575;-0,02506539
2019-05-10;15856,09209287;0,00502355;-0,02016775
2019-05-13;15457,62441927;-0,02513026;-0,04479119
2019-05-14;15597,41691199;0,00904359;-0,03615267
2019-05-15;15688,77814008;0,00585746;-0,03050697
2019-05-16;15834,07754180;0,00926136;-0,02152815
2019-05-17;15731,71184211;-0,00646490;-0,02785387
2019-05-20;15627,68341479;-0,00661266;-0,03428234
2019-05-21;15768,58158866;0,00901593;-0,02557549
2019-05-22;15720,15219332;-0,00307126;-0,02856820
2019-05-23;15528,07864674;-0,01221830;-0,04043745
2019-05-24;15563,29875066;0,00226816;-0,03826101
2019-05-28;15418,55359147;-0,00930042;-0,04720559
2019-05-29;15315,07566813;-0,00671126;-0,05360004
2019-05-30;15356,90836221;0,00273147;-0,05101497
2019-05-31;15149,97307765;-0,01347506;-0,06380260
2019-06-03;15111,44527668;-0,00254309;-0,06618344
2019-06-04;15439,45685353;0,02170617;-0,04591386
2019-06-05;15573,20127967;0,00866251;-0,03764908
2019-06-06;15674,46784071;0,00650262;-0,03139128
2019-06-07;15831,32782586;0,01000736;-0,02169807
2019-06-10;15903,97565744;0,00458887;-0,01720877
2019-06-11;15900,12493356;-0,00024212;-0,01744673
2019-06-12;15872,05016559;-0,00176569;-0,01918162
2019-06-13;15937,54798801;0,00412661;-0,01513416
2019-06-14;15919,93373016;-0,00110521;-0,01622264
2019-06-17;15925,98646994;0,00038020;-0,01584861
2019-06-18;16092,74711483;0,01047098;-0,00554358
2019-06-19;16129,07289990;0,00225728;-0,00329882
2019-06-20;16283,18036520;0,00955464;0,00000000
2019-06-21;16259,50775972;-0,00145381;-0,00145381
2019-06-24;16239,59989110;-0,00122438;-0,00267641
2019-06-25;16080,32011853;-0,00980811;-0,01245827
2019-06-26;16064,27792805;-0,00099763;-0,01344347
2019-06-27;16121,24621014;0,00354627;-0,00994487
2019-06-28;16204,20313989;0,00514581;-0,00485023
2019-07-01;16351,31013870;0,00907832;0,00000000
2019-07-02;16393,89615401;0,00260444;0,00000000
2019-07-03;16524,96843949;0,00799519;0,00000000
2019-07-05;16506,15970952;-0,00113820;-0,00113820
2019-07-08;16415,46394634;-0,00549466;-0,00662661
2019-07-09;16435,92699214;0,00124657;-0,00538830
2019-07-10;16514,45745871;0,00477798;-0,00063607
2019-07-11;16553,17218802;0,00234429;0,00000000
2019-07-12;16627,28366853;0,00447718;0,00000000
2019-07-15;16632,80927037;0,00033232;0,00000000
2019-07-16;16579,16831280;-0,00322501;-0,00322501
2019-07-17;16466,34210298;-0,00680530;-0,01000836
2019-07-18;16526,62275533;0,00366084;-0,00638416
2019-07-19;16434,82037635;-0,00555482;-0,01190351
2019-07-22;16475,19316007;0,00245654;-0,00947622
2019-07-23;16592,99166384;0,00715005;-0,00239392
2019-07-24;16670,97069179;0,00469952;0,00000000
2019-07-25;16591,32987086;-0,00477722;-0,00477722
2019-07-26;16702,49615699;0,00670026;0,00000000
2019-07-29;16672,07543830;-0,00182133;-0,00182133
2019-07-30;16631,15121596;-0,00245466;-0,00427151
2019-07-31;16449,20077385;-0,01094034;-0,01516512
2019-08-01;16305,96319175;-0,00870787;-0,02374094
2019-08-02;16183,18678618;-0,00752954;-0,03109172
2019-08-05;15696,50388853;-0,03007337;-0,06023006
2019-08-06;15916,61949063;0,01402322;-0,04705145
2019-08-07;15926,02198632;0,00059073;-0,04648851
2019-08-08;16238,48766745;0,01961982;-0,02778079
2019-08-09;16127,88403564;-0,00681120;-0,03440277
2019-08-12;15931,55319602;-0,01217338;-0,04615735
2019-08-13;16179,31363090;0,01555156;-0,03132361
2019-08-14;15700,93035171;-0,02956759;-0,05996504
2019-08-15;15742,40601266;0,00264161;-0,05748184
2019-08-16;15974,69064995;0,01475535;-0,04357465
2019-08-19;16167,14833428;0,01204766;-0,03205197
2019-08-20;16043,26718220;-0,00766252;-0,03946889
2019-08-21;16173,78242120;0,00813520;-0,03165477
2019-08-22;16168,81012725;-0,00030743;-0,03195247
2019-08-23;15753,47403991;-0,02568749;-0,05681918
2019-08-26;15927,67630217;0,01105802;-0,04638946
2019-08-27;15865,18615680;-0,00392337;-0,05013083
2019-08-28;15976,90388154;0,00704169;-0,04344215
2019-08-29;16180,97729316;0,01277303;-0,03122401
2019-08-30;16173,78242120;-0,00044465;-0,03165477
2019-09-03;16079,21350273;-0,00584705;-0,03731674
2019-09-04;16261,72099131;0,01135052;-0,02638978
2019-09-05;16470,76856617;0,01285519;-0,01387383
2019-09-06;16483,48903997;0,00077231;-0,01311224
2019-09-09;16491,78491987;0,00050328;-0,01261555
2019-09-10;16487,91363387;-0,00023474;-0,01284733
2019-09-11;16605,15696046;0,00711086;-0,00582782
2019-09-12;16662,68041973;0,00346419;-0,00238382
2019-09-13;16651,61613106;-0,00066402;-0,00304625
2019-09-16;16600,18279723;-0,00308879;-0,00612563
2019-09-17;16642,21737392;0,00253218;-0,00360897
2019-09-18;16652,16756967;0,00059789;-0,00301324
2019-09-19;16651,06282316;-0,00006634;-0,00307938
2019-09-20;16572,39402962;-0,00472455;-0,00778938
2019-09-23;16568,50218150;-0,00023484;-0,00802239
2019-09-24;16438,48791046;-0,00784707;-0,01580651
2019-09-25;16535,72242711;0,00591505;-0,00998496
2019-09-26;16501,27340261;-0,00208331;-0,01204747
2019-09-27;16412,37775938;-0,00538720;-0,01736976
2019-09-30;16488,49124245;0,00463757;-0,01281275
2019-10-01;16292,36415473;-0,01189479;-0,02455513
2019-10-02;16004,56366859;-0,01766475;-0,04178612
2019-10-03;16135,68455543;0,00819272;-0,03393574
2019-10-04;16354,04116181;0,01353253;-0,02086245
2019-10-07;16283,47945055;-0,00431463;-0,02508707
2019-10-08;16030,68690465;-0,01552448;-0,04022209
2019-10-09;16182,91947865;0,00949632;-0,03110773
2019-10-10;16292,36415473;0,00676297;-0,02455513
2019-10-11;16461,27073701;0,01036722;-0,01444248
2019-10-14;16442,93680504;-0,00111376;-0,01554015
2019-10-15;16605,72335334;0,00990009;-0,00579391
2019-10-16;16579,05615580;-0,00160590;-0,00739051
2019-10-17;16627,94539487;0,00294886;-0,00446345
2019-10-18;16555,16671345;-0,00437689;-0,00882080
2019-10-21;16667,39849113;0,00677926;-0,00210134
2019-10-22;16612,94813383;-0,00326688;-0,00536136
2019-10-23;16661,28406500;0,00290953;-0,00246742
2019-10-24;16688,50830901;0,00163398;-0,00083747
2019-10-25;16756,84557298;0,00409487;0,00000000
2019-10-28;16851,29859588;0,00563668;0,00000000
2019-10-29;16846,29826268;-0,00029673;-0,00029673
2019-10-30;16897,97086479;0,00306730;0,00000000
2019-10-31;16852,96412742;-0,00266344;-0,00266344
2019-11-01;17009,09228811;0,00926414;0,00000000
2019-11-04;17077,42768280;0,00401758;0,00000000
2019-11-05;17058,54044293;-0,00110598;-0,00110598
2019-11-06;17062,43042177;0,00022804;-0,00087819
2019-11-07;17122,43068160;0,00351651;0,00000000
2019-11-08;17164,65966377;0,00246630;0,00000000
2019-11-11;17131,87804010;-0,00190983;-0,00190983
2019-11-12;17167,99072686;0,00210792;0,00000000
2019-11-13;17173,54623724;0,00032360;0,00000000
2019-11-14;17198,54977252;0,00145593;0,00000000
2019-11-15;17323,00292534;0,00723626;0,00000000
2019-11-18;17335,77573907;0,00073733;0,00000000
2019-11-19;17330,78288301;-0,00028801;-0,00028801
2019-11-20;17266,33185931;-0,00371888;-0,00400581
2019-11-21;17238,55056884;-0,00160899;-0,00560835
2019-11-22;17276,88770289;0,00222392;-0,00339691
2019-11-25;17410,78821421;0,00775027;0,00000000
2019-11-26;17450,22635620;0,00226516;0,00000000
2019-11-27;17528,02032509;0,00445805;0,00000000
2019-11-29;17463,01599350;-0,00370860;-0,00370860
2019-12-02;17314,66965976;-0,00849489;-0,01217198
2019-12-03;17198,54977252;-0,00670645;-0,01879679
2019-12-04;17304,66151623;0,00616981;-0,01274296
2019-12-05;17335,77573907;0,00179803;-0,01096784
2019-12-06;17494,12834706;0,00913444;-0,00193359
2019-12-09;17439,12281258;-0,00314423;-0,00507174
2019-12-10;17419,67665696;-0,00111509;-0,00618117
2019-12-11;17469,13228891;0,00283907;-0,00335965
2019-12-12;17619,69559280;0,00861882;0,00000000
2019-12-13;17630,24582853;0,00059878;0,00000000
2019-12-16;17751,37165682;0,00687034;0,00000000
2019-12-17;17755,26163566;0,00021914;0,00000000
2019-12-18;17756,36825145;0,00006233;0,00000000
2019-12-19;17829,14880216;0,00409884;0,00000000
2019-12-20;17907,32036630;0,00438448;0,00000000
2019-12-23;17934,67919872;0,00152780;0,00000000
2019-12-24;17935,23624518;0,00003106;0,00000000
2019-12-26;18030,70989684;0,00532324;0,00000000
2019-12-27;18026,24230942;-0,00024778;-0,00024778
2019-12-30;17926,86185537;-0,00551310;-0,00575951
2019-12-31;17970,41242094;0,00242935;-0,00334415
2020-01-02;18138,46847925;0,00935182;0,00000000
2020-01-03;18001,11727071;-0,00757237;-0,00757237
2020-01-06;18069,79474427;0,00381518;-0,00378608
2020-01-07;18018,98575111;-0,00281182;-0,00658726
2020-01-08;18115,01644923;0,00532942;-0,00129294
2020-01-09;18237,84706401;0,00678060;0,00000000
2020-01-10;18185,36693146;-0,00287754;-0,00287754
2020-01-13;18310,43881709;0,00687761;0,00000000
2020-01-14;18282,51733036;-0,00152489;-0,00152489
2020-01-15;18323,83223293;0,00225980;0,00000000
2020-01-16;18476,25547385;0,00831831;0,00000000
2020-01-17;18533,76584814;0,00311266;0,00000000
2020-01-21;18497,47371016;-0,00195816;-0,00195816
2020-01-22;18499,70750387;0,00012076;-0,00183764
2020-01-23;18520,92013234;0,00114665;-0,00069310
2020-01-24;18356,21569923;-0,00889289;-0,00957982
2020-01-27;18061,97553164;-0,01602946;-0,02545572
2020-01-28;18251,25169556;0,01047926;-0,01524321
2020-01-29;18236,17779390;-0,00082591;-0,01605653
2020-01-30;18295,35743830;0,00324518;-0,01286346
2020-01-31;17963,15399335;-0,01815780;-0,03078769
2020-02-03;18096,59466093;0,00742858;-0,02358782
2020-02-04;18372,40369382;0,01524094;-0,00870639
2020-02-05;18584,57857986;0,01154856;0,00000000
2020-02-06;18647,11171875;0,00336479;0,00000000
2020-02-07;18547,72565686;-0,00532984;-0,00532984
2020-02-10;18686,18721977;0,00746515;0,00000000
2020-02-11;18718,57068607;0,00173302;0,00000000
2020-02-12;18839,17311499;0,00644293;0,00000000
2020-02-13;18819,06710232;-0,00106724;-0,00106724
2020-02-14;18849,22425205;0,00160248;0,00000000
2020-02-18;18800,64718331;-0,00257714;-0,00257714
2020-02-19;18890,53728533;0,00478122;0,00000000
2020-02-20;18812,93398336;-0,00410805;-0,00410805
2020-02-21;18619,19397059;-0,01029823;-0,01436398
2020-02-24;18001,67618646;-0,03316566;-0,04705325
2020-02-25;17456,18750109;-0,03030211;-0,07592954
2020-02-26;17391,98135352;-0,00367813;-0,07932839
2020-02-27;16610,87696778;-0,04491175;-0,12067737
2020-02-28;16541,08727058;-0,00420145;-0,12437179
2020-03-02;17257,42472372;0,04330655;-0,08645136
2020-03-03;16763,30207798;-0,02863247;-0,11260851
2020-03-04;17467,90977754;0,04203275;-0,07530900
2020-03-05;16887,25426283;-0,03324127;-0,10604691
2020-03-06;16608,08425832;-0,01653140;-0,12082520
2020-03-09;15311,08755191;-0,07809430;-0,18948374
2020-03-10;16103,35529835;0,05174471;-0,14754382
2020-03-11;15318,34130629;-0,04874847;-0,18909976
2020-03-12;13852,72682189;-0,09567710;-0,26668434
2020-03-13;15036,94498521;0,08548629;-0,20399591
2020-03-16;13391,54655820;-0,10942372;-0,29109763
2020-03-17;14114,58258854;0,05399197;-0,25282260
2020-03-18;13399,92281729;-0,05063272;-0,29065422
2020-03-19;13428,39480799;0,00212479;-0,28914702
2020-03-20;12849,70951803;-0,04309415;-0,31978062
2020-03-23;12521,16613004;-0,02556816;-0,33717258
2020-03-24;13655,62396821;0,09060321;-0,27711829
2020-03-25;13860,05067440;0,01497015;-0,26629664
2020-03-26;14669,33731192;0,05838988;-0,22345579
2020-03-27;14232,40165443;-0,02978564;-0,24658566
2020-03-30;14694,61002401;0,03247578;-0,22211794
2020-03-31;14475,58047560;-0,01490543;-0,23371261
2020-04-01;13824,10809244;-0,04500492;-0,26819932
2020-04-02;14143,10224597;0,02307521;-0,25131286
2020-04-03;13938,67740906;-0,01445403;-0,26213441
2020-04-06;14874,88558817;0,06716621;-0,21257477
2020-04-07;14890,05015007;0,00101947;-0,21177201
2020-04-08;15389,88345672;0,03356828;-0,18531256
2020-04-09;15624,08130560;0,01521765;-0,17291493
2020-04-13;15481,43067851;-0,00913018;-0,18046637
2020-04-14;15938,01717815;0,02949253;-0,15629625
2020-04-15;15599,36937854;-0,02124780;-0,17422310
2020-04-16;15674,62766444;0,00482444;-0,17023918
2020-04-17;16098,08204977;0,02701528;-0,14782297
2020-04-20;15814,46315068;-0,01761818;-0,16283677
2020-04-21;15334,28349011;-0,03036332;-0,18825583
2020-04-22;15674,62766444;0,02219498;-0,17023918
2020-04-23;15673,50329045;-0,00007173;-0,17029870
2020-04-24;15891,96924991;0,01393855;-0,15873387
2020-04-27;16121,10414460;0,01441828;-0,14660425
2020-04-28;16046,97397126;-0,00459833;-0,15052845
2020-04-29;16467,06177711;0,02617863;-0,12829045
2020-04-30;16313,73941086;-0,00931085;-0,13640681
2020-05-01;15881,86203436;-0,02647323;-0,15926891
2020-05-04;15925,66869175;0,00275828;-0,15694993
2020-05-05;16072,80746839;0,00923910;-0,14916091
2020-05-06;15963,85441385;-0,00677872;-0,15492851
2020-05-07;16156,49154939;0,01206708;-0,14473097
2020-05-08;16423,81590474;0,01654594;-0,13057974
2020-05-11;16427,18248422;0,00020498;-0,13040152
2020-05-12;16099,76814343;-0,01993125;-0,14773371
2020-05-13;15815,02580499;-0,01768611;-0,16280699
2020-05-14;16004,28888392;0,01196729;-0,15278805
2020-05-15;16077,86014152;0,00459697;-0,14889344
2020-05-18;16567,58810190;0,03045977;-0,12296893
2020-05-19;16397,42349186;-0,01027093;-0,13197686
2020-05-20;16675,97663284;0,01698762;-0,11723122
2020-05-21;16560,84933510;-0,00690378;-0,12332566
2020-05-22;16592,29629040;0,00189887;-0,12166096
2020-05-26;16796,72860444;0,01232092;-0,11083902
2020-05-27;17046,64432312;0,01487883;-0,09760934
2020-05-28;17015,19175997;-0,00184509;-0,09927433
2020-05-29;17091,00989627;0,00445591;-0,09526078
2020-06-01;17160,08926576;0,00404185;-0,09160396
2020-06-02;17302,17723854;0,00828014;-0,08408231
2020-06-03;17532,44491899;0,01330860;-0,07189273
2020-06-04;17486,38577505;-0,00262708;-0,07433095
2020-06-05;17934,55395673;0,02562955;-0,05060647
2020-06-08;18151,33662645;0,01208743;-0,03913074
2020-06-09;18015,98928975;-0,00745660;-0,04629556
2020-06-10;17915,46109568;-0,00557994;-0,05161718
2020-06-11;16882,65208700;-0,05764903;-0,10629053
2020-06-12;17084,83565307;0,01197582;-0,09558763
2020-06-15;17244,33039323;0,00933546;-0,08714452
2020-06-16;17576,24970711;0,01924803;-0,06957386
2020-06-17;17503,23175741;-0,00415435;-0,07343918
2020-06-18;17509,97800134;0,00038543;-0,07308205
2020-06-19;17409,90217386;-0,00571536;-0,07837972
2020-06-22;17521,59559791;0,00641551;-0,07246706
2020-06-23;17602,25891688;0,00460365;-0,06819702
2020-06-24;17153,25142694;-0,02550852;-0,09196593
2020-06-25;17337,14031599;0,01072035;-0,08223149
2020-06-26;16925,35773645;-0,02375147;-0,10402984
2020-06-29;17174,11823797;0,01469750;-0,09086131
2020-06-30;17394,11607521;0,01280985;-0,07921539
2020-07-01;17515,95410049;0,00700455;-0,07276570
2020-07-02;17612,41660309;0,00550712;-0,06765931
2020-07-06;17884,30574860;0,01543736;-0,05326643
2020-07-07;17699,84672810;-0,01031402;-0,06303106
2020-07-08;17835,22584262;0,00764860;-0,05586455
2020-07-09;17733,69197405;-0,00569288;-0,06123941
2020-07-10;17914,76385296;0,01021061;-0,05165409
2020-07-13;17759,63762819;-0,00865913;-0,05986593
2020-07-14;17989,78380522;0,01295895;-0,04768279
2020-07-15;18155,06210834;0,00918734;-0,03893352
2020-07-16;18095,27307754;-0,00329324;-0,04209855
2020-07-17;18147,73264798;0,00289908;-0,03932152
2020-07-20;18294,39101877;0,00808136;-0,03155793
2020-07-21;18333,31323854;0,00212755;-0,02949752
2020-07-22;18437,66411724;0,00569187;-0,02397355
2020-07-23;18217,67188786;-0,01193168;-0,03561918
2020-07-24;18100,34631280;-0,00644021;-0,04182999
2020-07-27;18232,34389357;0,00729254;-0,03484249
2020-07-28;18116,71002002;-0,00634224;-0,04096375
2020-07-29;18339,51925955;0,01229855;-0,02916900
2020-07-30;18274,08312348;-0,00356804;-0,03263296
2020-07-31;18418,49087701;0,00790233;-0,02498851
2020-08-03;18546,54426973;0,00695244;-0,01820981
2020-08-04;18618,18081896;0,00386253;-0,01441761
2020-08-05;18733,81469251;0,00621080;-0,00829635
2020-08-06;18859,03612082;0,00668425;-0,00166756
2020-08-07;18872,57534077;0,00071792;-0,00095084
2020-08-10;18928,98657640;0,00298906;0,00000000
2020-08-11;18772,73691228;-0,00825452;-0,00825452
2020-08-12;19034,47211015;0,01394230;0,00000000
2020-08-13;19000,06234060;-0,00180776;-0,00180776
2020-08-14;19000,62312563;0,00002951;-0,00177830
2020-08-17;19060,98415717;0,00317679;0,00000000
2020-08-18;19102,16634062;0,00216055;0,00000000
2020-08-19;19022,62646100;-0,00416392;-0,00416392
2020-08-20;19081,85096820;0,00311337;-0,00106351
2020-08-21;19149,54332938;0,00354747;0,00000000
2020-08-24;19343,59364320;0,01013342;0,00000000
2020-08-25;19411,28039653;0,00349918;0,00000000
2020-08-26;19605,88588754;0,01002538;0,00000000
2020-08-27;19648,75790321;0,00218669;0,00000000
2020-08-28;19775,67851017;0,00645947;0,00000000
2020-08-31;19704,03261451;-0,00362293;-0,00362293
2020-09-01;19889,62442077;0,00941898;0,00000000
2020-09-02;20177,30153420;0,01446368;0,00000000
2020-09-03;19482,91881506;-0,03441405;-0,03441405
2020-09-04;19323,85027152;-0,00816451;-0,04229759
2020-09-08;18795,86181771;-0,02732315;-0,06846504
2020-09-09;19167,03234524;0,01974746;-0,05006959
2020-09-10;18834,22138316;-0,01736372;-0,06656391
2020-09-11;18843,81080721;0,00050915;-0,06608866
2020-09-14;19092,01239298;0,01317152;-0,05378763
2020-09-15;19188,46741844;0,00505211;-0,04900725
2020-09-16;19112,31468041;-0,00396867;-0,05278143
2020-09-17;18944,21749786;-0,00879523;-0,06111244
2020-09-18;18726,12259116;-0,01151248;-0,07192136
2020-09-21;18517,70309554;-0,01112988;-0,08225076
2020-09-22;18706,29510172;0,01018442;-0,07290402
2020-09-23;18272,48114758;-0,02319080;-0,09440412
2020-09-24;18321,18345830;0,00266534;-0,09199040
2020-09-25;18617,38076565;0,01616693;-0,07731067
2020-09-28;18926,60324001;0,01660934;-0,06198541
2020-09-29;18823,52721261;-0,00544609;-0,06709392
2020-09-30;18966,24887247;0,00758209;-0,06002055
2020-10-01;19088,01399570;0,00642010;-0,05398579
2020-10-02;18906,77761985;-0,00949477;-0,06296798
2020-10-05;19242,05977464;0,01773344;-0,04635118
2020-10-06;18968,50883615;-0,01421630;-0,05990854
2020-10-07;19298,69345499;0,01740699;-0,04354438
2020-10-08;19469,72541254;0,00886236;-0,03506793
2020-10-09;19643,59120379;0,00893006;-0,02645103
2020-10-12;19959,61226201;0,01608774;-0,01078882
2020-10-13;19829,35311484;-0,00652614;-0,01724455
2020-10-14;19704,75602720;-0,00628347;-0,02341966
2020-10-15;19680,40674112;-0,00123571;-0,02462642
2020-10-16;19668,51249060;-0,00060437;-0,02521591
2020-10-19;19369,48321883;-0,01520345;-0,04003599
2020-10-20;19447,07343583;0,00400580;-0,03619057
2020-10-21;19410,25976778;-0,00189302;-0,03801508
2020-10-22;19516,73976032;0,00548576;-0,03273787
2020-10-23;19582,99090397;0,00339458;-0,02945442
2020-10-26;19221,10323800;-0,01847969;-0,04738980
2020-10-27;19154,83900937;-0,00344747;-0,05067390
2020-10-28;18500,15239333;-0,03417865;-0,08312059
2020-10-29;18688,17426806;0,01016326;-0,07380210
2020-10-30;18493,34820161;-0,01042510;-0,08345781
2020-11-02;18700,63491147;0,01120872;-0,07318454
2020-11-03;19030,81205318;0,01765593;-0,05682075
2020-11-04;19456,13385266;0,02234911;-0,03574153
2020-11-05;19835,58343654;0,01950283;-0,01693577
2020-11-06;19831,05229348;-0,00022844;-0,01716033
2020-11-09;20080,24273019;0,01256567;-0,00481030
2020-11-10;20050,79216961;-0,00146664;-0,00626989
2020-11-11;20199,74041261;0,00742855;0,00000000
2020-11-12;20003,78156040;-0,00970106;-0,00970106
2020-11-13;20280,72711761;0,01384466;0,00000000
2020-11-16;20533,88604306;0,01248273;0,00000000
2020-11-17;20423,44316962;-0,00537857;-0,00537857
2020-11-18;20177,65856734;-0,01203444;-0,01734827
2020-11-19;20262,60815323;0,00421008;-0,01321123
2020-11-20;20123,85124355;-0,00684793;-0,01996869
2020-11-23;20244,48171173;0,00599440;-0,01409399
2020-11-24;20570,69971111;0,01611392;0,00000000
2020-11-25;20538,98170972;-0,00154190;-0,00154190
2020-11-27;20596,18365224;0,00278504;0,00000000
2020-11-30;20505,00187536;-0,00442712;-0,00442712
2020-12-01;20729,26915597;0,01093720;0,00000000
2020-12-02;20772,87953861;0,00210381;0,00000000
2020-12-03;20767,21747907;-0,00027257;-0,00027257
2020-12-04;20946,17893697;0,00861750;0,00000000
2020-12-07;20903,14242435;-0,00205462;-0,00205462
2020-12-08;20964,30537848;0,00292602;0,00000000
2020-12-09;20776,27789590;-0,00896893;-0,00896893
2020-12-10;20769,47931203;-0,00032723;-0,00929323
2020-12-11;20745,13376452;-0,00117218;-0,01045451
2020-12-14;20652,24720115;-0,00447751;-0,01488521
2020-12-15;20931,45459132;0,01351947;-0,00156699
2020-12-16;20964,30537848;0,00156945;0,00000000
2020-12-17;21081,54122793;0,00559216;0,00000000
2020-12-18;20997,35991753;-0,00399313;-0,00399313
2020-12-21;20922,28388677;-0,00357550;-0,00755435
2020-12-22;20887,01985469;-0,00168548;-0,00922709
2020-12-23;20905,78746042;0,00089853;-0,00833686
2020-12-24;20987,12185214;0,00389052;-0,00447877
2020-12-28;21167,42545555;0,00859115;0,00000000
2020-12-29;21127,03584828;-0,00190810;-0,00190810
2020-12-30;21157,18552087;0,00142707;-0,00048376
2020-12-31;21264,67866504;0,00508069;0,00000000
2021-01-04;20975,18086953;-0,01361402;-0,01361402
2021-01-05;21119,64657084;0,00688746;-0,00682033
2021-01-06;21245,90171289;0,00597809;-0,00088301
2021-01-07;21561,56947655;0,01485782;0,00000000
2021-01-08;21684,42439202;0,00569787;0,00000000
2021-01-11;21538,24829636;-0,00674106;-0,00674106
2021-01-12;21542,79626297;0,00021116;-0,00653133
2021-01-13;21600,81508235;0,00269319;-0,00385573
2021-01-14;21525,16705085;-0,00350209;-0,00734432
2021-01-15;21368,19397405;-0,00729254;-0,01458330
2021-01-19;21535,97524770;0,00785192;-0,00684589
2021-01-20;21834,00258354;0,01383858;0,00000000
2021-01-21;21853,90858288;0,00091170;0,00000000
2021-01-22;21776,55763417;-0,00353946;-0,00353946
2021-01-25;21862,43812321;0,00394371;0,00000000
2021-01-26;21828,31435403;-0,00156084;-0,00156084
2021-01-27;21294,81712193;-0,02444061;-0,02596330
2021-01-28;21477,96390545;0,00860053;-0,01758606
2021-01-29;21047,98011307;-0,02001977;-0,03725376
2021-02-01;21398,33243094;0,01664541;-0,02122845
2021-02-02;21700,91334123;0,01414040;-0,00738823
2021-02-03;21717,97429118;0,00078619;-0,00660786
2021-02-04;21964,81503861;0,01136574;0,00000000
2021-02-05;22051,26378982;0,00393578;0,00000000
2021-02-08;22210,51739242;0,00722197;0,00000000
2021-02-09;22195,73322970;-0,00066564;-0,00066564
2021-02-10;22186,06342647;-0,00043566;-0,00110101
2021-02-11;22221,89759000;0,00161517;0,00000000
2021-02-12;22331,66565211;0,00493963;0,00000000
2021-02-16;22312,32604565;-0,00086602;-0,00086602
2021-02-17;22317,44788227;0,00022955;-0,00063666
2021-02-18;22222,46398288;-0,00425604;-0,00488999
2021-02-19;22183,21837707;-0,00176603;-0,00664739
2021-02-22;22012,58831546;-0,00769185;-0,01428811
2021-02-23;22039,32467649;0,00121459;-0,01309087
2021-02-24;22282,18011163;0,01101919;-0,00221594
2021-02-25;21745,27330653;-0,02409579;-0,02625833
2021-02-26;21633,23032647;-0,00515252;-0,03127556
2021-03-01;22157,62414823;0,02424020;-0,00779349
2021-03-02;21984,72664580;-0,00780307;-0,01553574
2021-03-03;21693,52032523;-0,01324585;-0,02857581
2021-03-04;21425,06505340;-0,01237491;-0,04059709
2021-03-05;21819,21468225;0,01839666;-0,02294728
2021-03-08;21710,58314447;-0,00497871;-0,02781174
2021-03-09;22020,55520148;0,01427746;-0,01393136
2021-03-10;22157,62414823;0,00622459;-0,00779349
2021-03-11;22382,28210908;0,01013908;0,00000000
2021-03-12;22412,42617382;0,00134678;0,00000000
2021-03-15;22546,08367829;0,00596354;0,00000000
2021-03-16;22517,64626933;-0,00126130;-0,00126130
2021-03-17;22594,43082516;0,00340997;0,00000000
2021-03-18;22265,68929313;-0,01454967;-0,01454967
2021-03-19;22224,49215541;-0,00185025;-0,01637300
2021-03-22;22401,95631728;0,00798507;-0,00851867
2021-03-23;22225,63241831;-0,00787092;-0,01632254
2021-03-24;22112,65105796;-0,00508338;-0,02132294
2021-03-25;22237,04065514;0,00562527;-0,01581762
2021-03-26;22595,39163684;0,01611505;0,00000000
2021-03-29;22583,98340002;-0,00050489;-0,00050489
2021-03-30;22524,06912722;-0,00265295;-0,00315651
2021-03-31;22615,35932254;0,00405301;0,00000000
2021-04-01;22859,58868100;0,01079927;0,00000000
2021-04-05;23187,69839523;0,01435326;0,00000000
2021-04-06;23174,00028619;-0,00059075;-0,00059075
2021-04-07;23200,81889569;0,00115727;0,00000000
2021-04-08;23310,94959879;0,00474685;0,00000000
2021-04-09;23480,42070467;0,00727002;0,00000000
2021-04-12;23488,98389210;0,00036469;0,00000000
2021-04-13;23558,59974595;0,00296377;0,00000000
2021-04-14;23478,14391744;-0,00341514;-0,00341514
2021-04-15;23730,35698547;0,01074246;0,00000000
2021-04-16;23809,66881251;0,00334221;0,00000000
2021-04-19;23692,69279345;-0,00491296;-0,00491296
2021-04-20;23519,22515958;-0,00732157;-0,01219856
2021-04-21;23741,76896087;0,00946221;-0,00285178
2021-04-22;23524,93021264;-0,00913322;-0,01195895
2021-04-23;23779,99580720;0,01084235;-0,00124626
2021-04-26;23829,64210606;0,00208773;0,00000000
2021-04-27;23824,50718445;-0,00021548;-0,00021548
2021-04-28;23817,65999921;-0,00028740;-0,00050282
2021-04-29;23969,44581447;0,00637283;0,00000000
2021-04-30;23811,94933831;-0,00657072;-0,00657072
2021-05-03;23863,31163936;0,00215700;-0,00442789
2021-05-04;23716,09061426;-0,00616935;-0,01056992
2021-05-05;23723,50606167;0,00031268;-0,01026055
2021-05-06;23912,95419966;0,00798567;-0,00235682
2021-05-07;24086,99383426;0,00727805;0,00000000
2021-05-10;23848,47139814;-0,00990254;-0,00990254
2021-05-11;23635,62917791;-0,00892477;-0,01873894
2021-05-12;23133,48543693;-0,02124520;-0,03958603
2021-05-13;23411,37872084;0,01201260;-0,02804896
2021-05-14;23770,86809616;0,01535533;-0,01312433
2021-05-17;23710,38182264;-0,00254455;-0,01563549
2021-05-18;23506,09905127;-0,00861575;-0,02411653
2021-05-19;23444,47438413;-0,00262165;-0,02667495
2021-05-20;23696,69119073;0,01075805;-0,01620388
2021-05-21;23677,28802863;-0,00081881;-0,01700942
2021-05-24;23918,65925271;0,01019421;-0,00698861
2021-05-25;23865,59403444;-0,00221857;-0,00919167
2021-05-26;23912,95419966;0,00198445;-0,00722546
2021-05-27;23925,50830724;0,00052499;-0,00670426
2021-05-28;23968,30555158;0,00178877;-0,00492748
2021-06-01;23947,18825656;-0,00088105;-0,00580419
2021-06-02;23984,84871001;0,00157265;-0,00424068
2021-06-03;23895,83343264;-0,00371131;-0,00793625
2021-06-04;24114,38444450;0,00914599;0,00000000
2021-06-07;24090,98475440;-0,00097036;-0,00097036
2021-06-08;24096,11967601;0,00021315;-0,00075742
2021-06-09;24060,17148619;-0,00149187;-0,00224816
2021-06-10;24172,01445293;0,00464847;0,00000000
2021-06-11;24211,95543217;0,00165236;0,00000000
2021-06-14;24266,16652119;0,00223902;0,00000000
2021-06-15;24221,65888250;-0,00183414;-0,00183414
2021-06-16;24086,42557210;-0,00558316;-0,00740706
2021-06-17;24078,43251611;-0,00033185;-0,00773645
2021-06-18;23753,60152504;-0,01349054;-0,02112262
2021-06-21;24093,65782972;0,01431599;-0,00710902
2021-06-22;24222,47202080;0,00534639;-0,00180063
2021-06-23;24193,27942133;-0,00120519;-0,00300365
2021-06-24;24336,39363072;0,00591545;0,00000000
2021-06-25;24422,84238193;0,00355224;0,00000000
2021-06-28;24472,07369986;0,00201579;0,00000000
2021-06-29;24485,23906313;0,00053797;0,00000000
2021-06-30;24505,84791304;0,00084168;0,00000000
2021-07-01;24641,53172076;0,00553679;0,00000000
2021-07-02;24829,87885081;0,00764348;0,00000000
2021-07-06;24784,64966871;-0,00182156;-0,00182156
2021-07-07;24872,24242139;0,00353415;0,00000000
2021-07-08;24669,58218805;-0,00814805;-0,00814805
2021-07-09;24932,92870824;0,01067495;0,00000000
2021-07-12;25022,23746311;0,00358196;0,00000000
2021-07-13;24936,93458265;-0,00340908;-0,00340908
2021-07-14;24974,14453879;0,00149216;-0,00192201
2021-07-15;24888,84539689;-0,00341550;-0,00533094
2021-07-16;24693,63051949;-0,00784347;-0,01313260
2021-07-19;24328,95388263;-0,01476804;-0,02770670
2021-07-20;24677,59767543;0,01433041;-0,01377334
2021-07-21;24877,39416655;0,00809627;-0,00578858
2021-07-22;24929,49109600;0,00209415;-0,00370656
2021-07-23;25185,96799955;0,01028809;0,00000000
2021-07-26;25247,78894145;0,00245458;0,00000000
2021-07-27;25132,72519935;-0,00455738;-0,00455738
2021-07-28;25122,41983975;-0,00041004;-0,00496555
2021-07-29;25226,61182937;0,00414737;-0,00083877
2021-07-30;25104,09899276;-0,00485649;-0,00569119
2021-08-02;25051,43193187;-0,00209795;-0,00777720
2021-08-03;25255,23616667;0,00813543;0,00000000
2021-08-04;25131,00732787;-0,00491893;-0,00491893
2021-08-05;25290,15998917;0,00633292;0,00000000
2021-08-06;25331,95155902;0,00165248;0,00000000
2021-08-09;25311,34457838;-0,00081348;-0,00081348
2021-08-10;25342,82891935;0,00124388;0,00000000
2021-08-11;25405,80320913;0,00248490;0,00000000
2021-08-12;25481,93912361;0,00299679;0,00000000
2021-08-13;25528,31417645;0,00181992;0,00000000
2021-08-16;25588,42285472;0,00235459;0,00000000
2021-08-17;25420,68831316;-0,00655509;-0,00655509
2021-08-18;25142,45481965;-0,01094516;-0,01742851
2021-08-19;25181,38638584;0,00154844;-0,01590706
2021-08-20;25381,75300840;0,00795693;-0,00807669
2021-08-23;25605,02583023;0,00879659;0,00000000
2021-08-24;25645,66966004;0,00158734;0,00000000
2021-08-25;25699,48633026;0,00209847;0,00000000
2021-08-26;25547,77341705;-0,00590334;-0,00590334
2021-08-27;25776,19611475;0,00894100;0,00000000
2021-08-30;25889,54946250;0,00439760;0,00000000
2021-08-31;25851,19550490;-0,00148145;-0,00148145
2021-09-01;25864,93099961;0,00053133;-0,00095090
2021-09-02;25944,51574203;0,00307694;0,00000000
2021-09-03;25938,21625684;-0,00024281;-0,00024281
2021-09-07;25845,46802044;-0,00357574;-0,00381767
2021-09-08;25813,98554876;-0,00121810;-0,00503113
2021-09-09;25703,49594323;-0,00428022;-0,00928982
2021-09-10;25500,83197133;-0,00788469;-0,01710125
2021-09-13;25566,09613332;0,00255930;-0,01458573
2021-09-14;25428,12619196;-0,00539660;-0,01990361
2021-09-15;25640,51978417;0,00835270;-0,01171716
2021-09-16;25599,87595435;-0,00158514;-0,01328372
2021-09-17;25350,50606643;-0,00974106;-0,02289538
2021-09-20;24927,80126377;-0,01667441;-0,03918803
2021-09-21;24904,25576957;-0,00094455;-0,04009556
2021-09-22;25147,19532245;0,00975494;-0,03073175
2021-09-23;25452,73530844;0,01215006;-0,01895508
2021-09-24;25494,66333598;0,00164729;-0,01733902
2021-09-27;25421,72389618;-0,00286097;-0,02015038
2021-09-28;24909,42620756;-0,02015196;-0,03989627
2021-09-29;24951,35423510;0,00168322;-0,03828021
2021-09-30;24646,39185770;-0,01222228;-0,05003462
2021-10-01;24939,28987978;0,01188401;-0,03874522
2021-10-04;24617,67218694;-0,01289602;-0,05114158
2021-10-05;24873,81822733;0,01040497;-0,04126874
2021-10-06;24977,19334008;0,00415598;-0,03728427
2021-10-07;25193,13857082;0,00864570;-0,02896092
2021-10-08;25147,19532245;-0,00182364;-0,03073175
2021-10-11;24965,13833118;-0,00723965;-0,03774892
2021-10-12;24903,68003027;-0,00246176;-0,04011775
2021-10-13;24993,27291622;0,00359758;-0,03666450
2021-10-14;25413,67850026;0,01682075;-0,02046048
2021-10-15;25607,22410755;0,00761580;-0,01300050
2021-10-18;25683,03476671;0,00296052;-0,01007847
2021-10-19;25881,17694198;0,00771491;-0,00244132
2021-10-20;25982,83231397;0,00392777;0,00000000
2021-10-21;26050,60318505;0,00260829;0,00000000
2021-10-22;26023,60325506;-0,00103644;-0,00103644
2021-10-25;26163,16582591;0,00536292;0,00000000
2021-10-26;26186,71318939;0,00090002;0,00000000
2021-10-27;26070,70545916;-0,00443002;-0,00443002
2021-10-28;26322,25306228;0,00964867;0,00000000
2021-10-29;26375,66409799;0,00202912;0,00000000
2021-11-01;26421,03908419;0,00172034;0,00000000
2021-11-02;26527,86115561;0,00404307;0,00000000
2021-11-03;26689,81774206;0,00610515;0,00000000
2021-11-04;26815,59621683;0,00471260;0,00000000
2021-11-05;26908,63606145;0,00346962;0,00000000
2021-11-08;26931,61142420;0,00085383;0,00000000
2021-11-09;26842,58866969;-0,00330551;-0,00330551
2021-11-10;26626,64717752;-0,00804473;-0,01132365
2021-11-11;26635,25709704;0,00032336;-0,01100396
2021-11-12;26836,27049167;0,00754689;-0,00354011
2021-11-15;26845,45988906;0,00034242;-0,00319890
2021-11-16;26951,70995974;0,00395784;0,00000000
2021-11-17;26886,23643800;-0,00242929;-0,00242929
2021-11-18;26977,55654185;0,00339654;0,00000000
2021-11-19;26929,30659772;-0,00178852;-0,00178852
2021-11-22;26853,49967713;-0,00281503;-0,00459852
2021-11-23;26889,10578808;0,00132594;-0,00327868
2021-11-24;26960,89748784;0,00266992;-0,00061752
2021-11-26;26359,58639113;-0,02230308;-0,02290682
2021-11-29;26682,92943259;0,01226662;-0,01092119
2021-11-30;26163,73969593;-0,01945775;-0,03016644
2021-12-01;25873,13528462;-0,01110714;-0,04093852
2021-12-02;26269,41589659;0,01531630;-0,02624925
2021-12-03;26040,83617908;-0,00870136;-0,03472221
2021-12-06;26349,24551515;0,01184330;-0,02329014
2021-12-07;26894,27809535;0,02068494;-0,00308695
2021-12-08;26965,49218654;0,00264793;-0,00044720
2021-12-09;26783,43519526;-0,00675148;-0,00719566
2021-12-10;27035,56040697;0,00941348;0,00000000
2021-12-13;26796,06968203;-0,00885836;-0,00885836
2021-12-14;26611,71160284;-0,00688004;-0,01567746
2021-12-15;27027,51688033;0,01562490;-0,00029752
2021-12-16;26789,17576470;-0,00881846;-0,00911335
2021-12-17;26504,06143886;-0,01064289;-0,01965925
2021-12-20;26222,23518259;-0,01063332;-0,03008353
2021-12-21;26687,91481152;0,01775896;-0,01285883
2021-12-22;26954,76063031;0,00999875;-0,00298865
2021-12-23;27122,47460976;0,00622205;0,00000000
2021-12-27;27506,31514044;0,01415212;0,00000000
2021-12-28;27483,83326852;-0,00081733;-0,00081733
2021-12-29;27518,99262072;0,00127927;0,00000000
2021-12-30;27442,92026188;-0,00276436;-0,00276436
2021-12-31;27373,76051320;-0,00252013;-0,00527752
2022-01-03;27532,24397102;0,00578961;0,00000000
2022-01-04;27523,02840367;-0,00033472;-0,00033472
2022-01-05;26994,52963548;-0,01920206;-0,01953035
2022-01-06;26969,16906706;-0,00093947;-0,02045147
2022-01-07;26862,54887826;-0,00395341;-0,02432403
2022-01-10;26829,12048251;-0,00124442;-0,02553818
2022-01-11;27073,48442938;0,00910816;-0,01666263
2022-01-12;27146,67996101;0,00270359;-0,01400409
2022-01-13;26772,64008340;-0,01377848;-0,02758961
2022-01-14;26783,58660722;0,00040887;-0,02719202
2022-01-18;26309,26154238;-0,01770954;-0,04442001
2022-01-19;26036,07324488;-0,01038373;-0,05434249
2022-01-20;25747,90824847;-0,01106791;-0,06480895
2022-01-21;25242,46522222;-0,01963045;-0,08316717
2022-01-24;25349,65741175;0,00424650;-0,07927383
2022-01-25;25040,16389129;-0,01220898;-0,09051496
2022-01-26;24977,34662132;-0,00250866;-0,09279655
2022-01-27;24854,00756144;-0,00493804;-0,09727636
2022-01-28;25471,26551517;0,02483535;-0,07485690
2022-01-31;25930,03066466;0,01801109;-0,05819407
2022-02-01;26105,24047070;0,00675702;-0,05183026
2022-02-02;26358,82559277;0,00971395;-0,04261979
2022-02-03;25739,25907399;-0,02350509;-0,06512309
2022-02-04;25860,29143811;0,00470225;-0,06072707
2022-02-07;25777,30086126;-0,00320919;-0,06374138
2022-02-08;25989,39162955;0,00822781;-0,05603802
2022-02-09;26369,77211659;0,01463599;-0,04222220
2022-02-10;25896,02466033;-0,01796555;-0,05942920
2022-02-11;25385,39063397;-0,01971863;-0,07797597
2022-02-14;25302,39631856;-0,00326937;-0,08099041
2022-02-15;25710,44406978;0,01612684;-0,06616968
2022-02-16;25739,25907399;0,00112075;-0,06512309
2022-02-17;25189,43552033;-0,02136128;-0,08509326
2022-02-18;25026,33306313;-0,00647503;-0,09101731
2022-02-22;24757,75441859;-0,01073184;-0,10077237
2022-02-23;24318,58683667;-0,01773859;-0,11672340
2022-02-24;24684,56449481;0,01504930;-0,10343071
2022-02-25;25229,20078693;0,02206384;-0,08364895
2022-02-28;25164,65629906;-0,00255832;-0,08599327
2022-03-01;24781,38963839;-0,01523036;-0,09991392
2022-03-02;25237,27422210;0,01839625;-0,08335571
2022-03-03;25111,63033574;-0,00497850;-0,08791923
2022-03-04;24907,60926406;-0,00812456;-0,09532949
2022-03-07;24173,35472915;-0,02947913;-0,12199838
2022-03-08;23990,07522651;-0,00758188;-0,12865529
2022-03-09;24633,26948796;0,02681085;-0,10529380
2022-03-10;24522,03777691;-0,00451551;-0,10933385
2022-03-11;24210,23569141;-0,01271518;-0,12065883
2022-03-14;24033,30053676;-0,00730828;-0,12708530
2022-03-15;24561,80304351;0,02199043;-0,10788953
2022-03-16;25106,43933563;0,02217412;-0,08810777
2022-03-17;25420,54624761;0,01251101;-0,07669908
2022-03-18;25698,97414659;0,01095287;-0,06658628
2022-03-21;25691,45962717;-0,00029241;-0,06685922
2022-03-22;25992,08152842;0,01170124;-0,05594032
2022-03-23;25657,35081226;-0,01287818;-0,06809809
2022-03-24;26044,11677152;0,01507427;-0,05405034
2022-03-25;26171,30281672;0,00488348;-0,04943081
2022-03-28;26357,45914658;0,00711299;-0,04266942
2022-03-29;26683,52947257;0,01237108;-0,03082620
2022-03-30;26518,76148383;-0,00617489;-0,03681075
2022-03-31;26110,60344488;-0,01539129;-0,05163548
2022-04-01;26184,60089911;0,00283400;-0,04894781
2022-04-04;26408,91678109;0,00856671;-0,04080042
2022-04-05;26075,33567424;-0,01263138;-0,05291644
2022-04-06;25814,60241229;-0,00999923;-0,06238654
2022-04-07;25944,67650041;0,00503878;-0,05766212
2022-04-08;25875,30365341;-0,00267388;-0,06018181
2022-04-11;25433,03119170;-0,01709245;-0,07624561
2022-04-12;25338,80061354;-0,00370505;-0,07966817
2022-04-13;25629,01621388;0,01145341;-0,06912723
2022-04-14;25309,89401443;-0,01245160;-0,08071808
2022-04-18;25320,30031534;0,00041116;-0,08034012
2022-04-19;25729,03783215;0,01614268;-0,06549434
2022-04-20;25709,95431752;-0,00074171;-0,06618747
2022-04-21;25325,49879258;-0,01495357;-0,08015130
2022-04-22;24630,59080479;-0,02743906;-0,10539109
2022-04-25;24773,39097456;0,00579768;-0,10020444
2022-04-26;24055,93382064;-0,02896080;-0,12626323
2022-04-27;24123,57010332;0,00281163;-0,12380661
2022-04-28;24732,91724953;0,02525941;-0,10167448
2022-04-29;23818,89746485;-0,03695560;-0,13487264
2022-05-02;23962,27524320;0,00601950;-0,12966501
2022-05-03;24072,11807665;0,00458399;-0,12567540
2022-05-04;24805,18561657;0,03045297;-0,09904962
2022-05-05;23923,54182106;-0,03554272;-0,13107185
2022-05-06;23780,74165129;-0,00596902;-0,13625850
2022-05-09;23019,35072870;-0,03201712;-0,16391302
2022-05-10;23072,53745039;0,00231052;-0,16198122
2022-05-11;22706,00274579;-0,01588619;-0,17529415
2022-05-12;22682,29649321;-0,00104405;-0,17615518
2022-05-13;23224,57935748;0,02390776;-0,15645890
2022-05-16;23130,34877932;-0,00405736;-0,15988145
2022-05-17;23606,15057807;0,02057046;-0,14259983
2022-05-18;22654,54698056;-0,04031168;-0,17716307
2022-05-19;22515,79754800;-0,00612457;-0,18220260
2022-05-20;22525,62250176;0,00043636;-0,18184575
2022-05-23;22947,08049237;0,01871016;-0,16653795
2022-05-24;22771,90807201;-0,00763376;-0,17290040
2022-05-25;22973,09717928;0,00883497;-0,16559300
2022-05-26;23432,12776702;0,01998122;-0,14892052
2022-05-27;24007,36983689;0,02454929;-0,12802713
2022-05-31;23872,66366441;-0,00561103;-0,13291980
2022-06-01;23679,56855443;-0,00808854;-0,13993322
2022-06-02;24130,51449129;0,01904367;-0,12355439
2022-06-03;23734,49184044;-0,01641170;-0,13793834
2022-06-06;23806,75833820;0,00304479;-0,13531355
2022-06-07;24035,11934954;0,00959228;-0,12701924
2022-06-08;23773,80287116;-0,01087228;-0,13651053
2022-06-09;23208,39510147;-0,02378281;-0,15704673
2022-06-10;22535,45306337;-0,02899563;-0,18148869
2022-06-13;21679,81847762;-0,03796838;-0,21256624
2022-06-14;21614,49823713;-0,00301295;-0,21493874
2022-06-15;21922,63839637;0,01425618;-0,20374676
2022-06-16;21197,08724516;-0,03309598;-0,23009954
2022-06-17;21242,78187883;0,00215570;-0,22843986
2022-06-21;21777,53526941;0,02517342;-0,20901706
2022-06-22;21738,05413389;-0,00181293;-0,21045106
2022-06-23;21951,14123025;0,00980249;-0,20271151
2022-06-24;22649,05502582;0,03179396;-0,17736255
2022-06-27;22562,54271897;-0,00381969;-0,18050477
2022-06-28;22101,52508293;-0,02043288;-0,19724941
2022-06-29;22083,52762198;-0,00081431;-0,19790310
2022-06-30;21904,11192821;-0,00812441;-0,20441966
2022-07-01;22135,78530981;0,01057671;-0,19600504
2022-07-05;22177,58996464;0,00188856;-0,19448665
2022-07-06;22252,49028276;0,00337730;-0,19176620
2022-07-07;22585,77230427;0,01497729;-0,17966104
2022-07-08;22567,19162688;-0,00082267;-0,18033591
2022-07-11;22309,39500922;-0,01142351;-0,18969936
2022-07-12;22111,97624664;-0,00884913;-0,19686981
2022-07-13;21995,85449012;-0,00525153;-0,20108748
2022-07-14;21942,43597728;-0,00242857;-0,20302769
2022-07-15;22361,64708919;0,01910504;-0,18780151
2022-07-18;22177,00674821;-0,00825701;-0,19450784
2022-07-19;22776,21677033;0,02701943;-0,17274390
2022-07-20;22921,36849867;0,00637295;-0,16747184
2022-07-21;23154,78405243;0,01018332;-0,15899394
2022-07-22;22939,94917605;-0,00927821;-0,16679697
2022-07-25;22967,82393070;0,00121512;-0,16578453
2022-07-26;22696,08993571;-0,01183107;-0,17565419
2022-07-27;23285,42453343;0,02596635;-0,15424894
2022-07-28;23577,47950868;0,01254239;-0,14364120
2022-07-29;23921,20521676;0,01457856;-0,13115672
2022-08-01;23850,37245940;-0,00296109;-0,13372944
2022-08-02;23693,02178734;-0,00659741;-0,13944458
2022-08-03;24064,04464148;0,01565958;-0,12596864
2022-08-04;24047,78374484;-0,00067573;-0,12655925
2022-08-05;24007,14178431;-0,00169005;-0,12803541
2022-08-08;23979,27263751;-0,00116087;-0,12904765
2022-08-09;23884,05133912;-0,00397098;-0,13250619
2022-08-10;24385,70906641;0,02100388;-0,11428545
2022-08-11;24385,70906641;0,00000000;-0,11428545
2022-08-12;24798,53657538;0,01692908;-0,09929112
2022-08-15;24900,72656243;0,00412081;-0,09557947
2022-08-16;24949,49803664;0,00195864;-0,09380804
2022-08-17;24772,40399290;-0,00709810;-0,10024028
2022-08-18;24844,40318313;0,00290643;-0,09762520
2022-08-19;24510,54916089;-0,01343780;-0,10975113
2022-08-22;24000,17309565;-0,02082271;-0,12828852
2022-08-23;23942,11128274;-0,00241922;-0,13039739
2022-08-24;24018,75564232;0,00320124;-0,12761358
2022-08-25;24357,83991961;0,01411748;-0,11529769
2022-08-26;23533,34759597;-0,03384916;-0,14524411
2022-08-29;23377,74470392;-0,00661202;-0,15089577
2022-08-30;23121,10891128;-0,01097778;-0,16021706
2022-08-31;22945,17569255;-0,00760920;-0,16660713
2022-09-01;23017,17488277;0,00313788;-0,16399205
2022-09-02;22774,47272888;-0,01054439;-0,17280725
2022-09-06;22688,54363847;-0,00377304;-0,17592828
2022-09-07;23096,14089238;0,01796489;-0,16112392
2022-09-08;23247,10422293;0,00653630;-0,15564077
2022-09-09;23608,25352194;0,01553524;-0,14252345
2022-09-12;23861,98631741;0,01074763;-0,13330761
2022-09-13;22824,40876668;-0,04348245;-0,17099352
2022-09-14;22911,50242068;0,00381581;-0,16783018
2022-09-15;22651,38041441;-0,01135334;-0,17727809
2022-09-16;22478,57824545;-0,00762877;-0,18355444
2022-09-19;22652,89640328;0,00775486;-0,17722303
2022-09-20;22392,87720761;-0,01147841;-0,18666720
2022-09-21;22002,25678590;-0,01744396;-0,20085494
2022-09-22;21817,43886298;-0,00839995;-0,20756772
2022-09-23;21451,89114004;-0,01675484;-0,22084480
2022-09-26;21239,67886832;-0,00989247;-0,22855257
2022-09-27;21185,45656360;-0,00255288;-0,23052198
2022-09-28;21602,31424767;0,01967660;-0,21538127
2022-09-29;21151,05987904;-0,02088917;-0,23177130
2022-09-30;20823,99322497;-0,01546337;-0,24365071
2022-10-03;21373,76817726;0,02640103;-0,22368231
2022-10-04;22036,07212331;0,03098677;-0,19962673
2022-10-05;21984,76590076;-0,00232828;-0,20149023
2022-10-06;21757,97508750;-0,01031582;-0,20972751
2022-10-07;21151,05987904;-0,02789392;-0,23177130
2022-10-10;20989,56687488;-0,00763522;-0,23763690
2022-10-11;20856,63652167;-0,00633316;-0,24246507
2022-10-12;20787,83754469;-0,00329866;-0,24496392
2022-10-13;21336,45727982;0,02639138;-0,22503748
2022-10-14;20850,22861804;-0,02278863;-0,24269781
2022-10-17;21386,01572236;0,02569694;-0,22323746
2022-10-18;21637,29227938;0,01174957;-0,21411083
2022-10-19;21483,95869743;-0,00708654;-0,21968007
2022-10-20;21303,81211384;-0,00838517;-0,22622318
2022-10-21;21821,52511658;0,02430143;-0,20741930
2022-10-24;22088,54290945;0,01223644;-0,19772094
2022-10-25;22441,26174015;0,01596841;-0,18490982
2022-10-26;22272,18879165;-0,00753402;-0,19105073
2022-10-27;22153,25563283;-0,00533999;-0,19537050
2022-10-28;22680,29822922;0,02379075;-0,17622776
2022-10-31;22516,47049004;-0,00722335;-0,18217816
2022-11-01;22417,93869068;-0,00437599;-0,18575694
2022-11-02;21855,33484614;-0,02509615;-0,20619130
2022-11-03;21630,29742075;-0,01029668;-0,21436489
2022-11-04;21941,62096970;0,01439294;-0,20305730
2022-11-07;22151,50411425;0,00956553;-0,19543412
2022-11-08;22271,02048950;0,00539541;-0,19109316
2022-11-09;21812,19365365;-0,02060197;-0,20775823
2022-11-10;23010,86792045;0,05495432;-0,16422112
2022-11-11;23233,57621868;0,00967840;-0,15613212
2022-11-14;23035,93314209;-0,00850679;-0,16331073
2022-11-15;23232,40604724;0,00852898;-0,15617463
2022-11-16;23055,17180724;-0,00762875;-0,16261196
2022-11-17;22984,62505025;-0,00305991;-0,16517429
2022-11-18;23088,98527537;0,00454044;-0,16138382
2022-11-21;23005,03388684;-0,00363599;-0,16443302
2022-11-22;23314,61339433;0,01345703;-0,15318877
2022-11-23;23461,53346480;0,00630163;-0,14785248
2022-11-25;23456,28264762;-0,00022381;-0,14804319
2022-11-28;23081,99228603;-0,01595693;-0,16163781
2022-11-29;23042,34665357;-0,00171760;-0,16307778
2022-11-30;23768,19502085;0,03150063;-0,13671421
2022-12-01;23750,70413571;-0,00073589;-0,13734950
2022-12-02;23723,30417905;-0,00115365;-0,13834469
2022-12-05;23296,53742348;-0,01798935;-0,15384531
2022-12-06;22960,72439220;-0,01441472;-0,16604239
2022-12-07;22921,66384545;-0,00170119;-0,16746111
2022-12-08;23101,22908190;0,00783387;-0,16093911
2022-12-09;22928,66057336;-0,00747010;-0,16720698
2022-12-12;23259,22839531;0,01441723;-0,15520041
2022-12-13;23435,29620245;0,00756980;-0,14880544
2022-12-14;23285,46004981;-0,00639361;-0,15424765
2022-12-15;22715,85947737;-0,02446164;-0,17493614
2022-12-16;22447,67525163;-0,01180603;-0,18467687
2022-12-19;22257,32424974;-0,00847976;-0,19159062
2022-12-20;22287,78235410;0,00136845;-0,19048435
2022-12-21;22621,04007491;0,01495248;-0,17838008
2022-12-22;22298,32511269;-0,01426614;-0,19010143
2022-12-23;22426,59347300;0,00575238;-0,18544259
2022-12-27;22338,14832708;-0,00394376;-0,18865501
2022-12-28;22060,53543568;-0,01242775;-0,19873820
2022-12-29;22457,63105523;0,01800027;-0,18431527
2022-12-30;22398,47384223;-0,00263417;-0,18646392
2023-01-03;22304,18344699;-0,00420968;-0,18988865
2023-01-04;22476,37249099;0,00772003;-0,18363456
2023-01-05;22219,84324750;-0,01141328;-0,19295197
2023-01-06;22729,38561233;0,02293186;-0,17444486
2023-01-09;22716,50624944;-0,00056664;-0,17491265
2023-01-10;22875,81219197;0,00701278;-0,16912649
2023-01-11;23165,14175197;0,01264784;-0,15861774
2023-01-12;23249,48569003;0,00364099;-0,15555428
2023-01-13;23339,67487740;0,00387919;-0,15227851
2023-01-17;23296,92436515;-0,00183167;-0,15383125
2023-01-18;22929,10920139;-0,01578814;-0,16719069
2023-01-19;22762,18779812;-0,00727989;-0,17325345
2023-01-20;23186,22726916;0,01862912;-0,15785189
2023-01-23;23464,42898485;0,01199858;-0,14774731
2023-01-24;23439,24599835;-0,00107324;-0,14866198
2023-01-25;23448,03349980;0,00037491;-0,14834281
2023-01-26;23705,73478401;0,01099032;-0,13898283
2023-01-27;23760,20196486;0,00229764;-0,13700452
2023-01-30;23462,09051126;-0,01254667;-0,14783225
2023-01-31;23807,05368498;0,01470300;-0,13530282
2023-02-01;24060,07802202;0,01062812;-0,12611271
2023-02-02;24410,31818288;0,01455690;-0,11339162
2023-02-03;24150,85603368;-0,01062920;-0,12281556
2023-02-06;24003,26115189;-0,00611137;-0,12817636
2023-02-07;24317,19048195;0,01307861;-0,11677412
2023-02-08;24051,28865129;-0,01093473;-0,12643195
2023-02-09;23842,78129935;-0,00866928;-0,13400516
2023-02-10;23898,42425949;0,00233374;-0,13198415
2023-02-13;24178,97005660;0,01173909;-0,12179443
2023-02-14;24167,84221229;-0,00046023;-0,12219860
2023-02-15;24246,32220820;0,00324729;-0,11934813
2023-02-16;23912,47753238;-0,01376888;-0,13147372
2023-02-17;23852,74084152;-0,00249814;-0,13364342
2023-02-21;23374,23418962;-0,02006087;-0,15102328
2023-02-22;23342,02269740;-0,00137808;-0,15219323
2023-02-23;23466,18611128;0,00531931;-0,14768349
2023-02-24;23215,51146352;-0,01068238;-0,15678826
2023-02-27;23294,58028371;0,00340586;-0,15391639
2023-02-28;23208,48295779;-0,00369602;-0,15704354
2023-03-01;23119,45646472;-0,00383595;-0,16027707
2023-03-02;23299,26470801;0,00777736;-0,15374625
2023-03-03;23672,93446750;0,01603783;-0,14017417
2023-03-06;23689,33556040;0,00069282;-0,13957847
2023-03-07;23326,20669022;-0,01532879;-0,15276769
2023-03-08;23364,27838603;0,00163214;-0,15138488
2023-03-09;22933,21040925;-0,01844987;-0,16704173
2023-03-10;22602,29863915;-0,01442937;-0,17906079
2023-03-13;22570,08340836;-0,00142531;-0,18023088
2023-03-14;22943,16808213;0,01653005;-0,16668005
2023-03-15;22799,67440821;-0,00625431;-0,17189189
2023-03-16;23199,69919491;0,01754520;-0,15736257
2023-03-17;22928,43065150;-0,01169276;-0,16721533
2023-03-20;23148,90328673;0,00961569;-0,15920753
2023-03-21;23452,85998964;0,01313050;-0,14816751
2023-03-22;23053,07073266;-0,01704650;-0,16268827
2023-03-23;23115,39077324;0,00270333;-0,16042474
2023-03-24;23267,07190862;0,00656191;-0,15491553
2023-03-27;23310,57948067;0,00186992;-0,15333529
2023-03-28;23258,25636792;-0,00224461;-0,15523572
2023-03-29;23596,31253933;0,01453489;-0,14295716
2023-03-30;23734,47314760;0,00585518;-0,13793902
2023-03-31;24069,00385044;0,01409472;-0,12578852
2023-04-03;24160,71837310;0,00381048;-0,12245735
2023-04-04;24026,67018840;-0,00554819;-0,12732612
2023-04-05;23963,76319282;-0,00261822;-0,12961097
2023-04-06;24057,24418833;0,00390093;-0,12621564
2023-04-10;24081,93368399;0,00102628;-0,12531889
2023-04-11;24088,40514326;0,00026873;-0,12508384
2023-04-12;23990,21916133;-0,00407607;-0,12865006
2023-04-13;24308,87403992;0,01328270;-0,11707618
2023-04-14;24249,49812076;-0,00244256;-0,11923277
2023-04-17;24336,50952629;0,00358817;-0,11607243
2023-04-18;24352,37974269;0,00065212;-0,11549601
2023-04-19;24348,26731912;-0,00016887;-0,11564537
2023-04-20;24215,39678298;-0,00545708;-0,12047137
2023-04-21;24234,20738223;0,00077680;-0,11978815
2023-04-24;24259,49131003;0,00104332;-0,11886981
2023-04-25;23874,40022873;-0,01587383;-0,13285672
2023-04-26;23773,27573323;-0,00423569;-0,13652967
2023-04-27;24246,55399935;0,01990800;-0,11933971
2023-04-28;24453,50423818;0,00853524;-0,11182306
2023-05-01;24428,81287323;-0,00100973;-0,11271987
2023-05-02;24154,25252169;-0,01123920;-0,12269220
2023-05-03;23988,45829633;-0,00686398;-0,12871402
2023-05-04;23818,54790885;-0,00708301;-0,13488534
2023-05-05;24259,49131003;0,01851261;-0,11886981
2023-05-08;24265,95903073;0,00026661;-0,11863490
2023-05-09;24159,54446310;-0,00438534;-0,12249999
2023-05-10;24272,42488214;0,00467229;-0,11840005
2023-05-11;24230,09122010;-0,00174411;-0,11993765
2023-05-12;24198,34517945;-0,00131019;-0,12109070
2023-05-15;24281,82924713;0,00344999;-0,11805847
2023-05-16;24119,56796747;-0,00668242;-0,12395197
2023-05-17;24412,34822470;0,01213870;-0,11331789
2023-05-18;24647,51716633;0,00963320;-0,10477631
2023-05-19;24611,65309427;-0,00145508;-0,10607893
2023-05-22;24621,65002210;0,00040619;-0,10571583
2023-05-23;24345,32693627;-0,01122277;-0,11575217
2023-05-24;24168,95256665;-0,00724469;-0,12215827
2023-05-25;24378,24875620;0,00865971;-0,11455642
2023-05-26;24693,96699051;0,01295082;-0,10308920
2023-05-30;24703,36948621;0,00038076;-0,10274769
2023-05-31;24566,38465722;-0,00554519;-0,10772312
2023-06-01;24799,79460314;0,00950119;-0,09924543
2023-06-02;25158,42597736;0,01446106;-0,08621956
2023-06-05;25110,21528818;-0,00191628;-0,08797062
2023-06-06;25164,88995949;0,00217739;-0,08598478
2023-06-07;25077,87855396;-0,00345765;-0,08914513
2023-06-08;25229,56342792;0,00604855;-0,08363577
2023-06-09;25274,83186496;0,00179426;-0,08199158
2023-06-12;25504,12377946;0,00907195;-0,07366345
2023-06-13;25672,27330195;0,00659303;-0,06755609
2023-06-14;25702,84356331;0,00119079;-0,06644574
2023-06-15;26021,49844191;0,01239765;-0,05487186
2023-06-16;25932,86449835;-0,00340618;-0,05809114
2023-06-20;25798,31721497;-0,00518829;-0,06297804
2023-06-21;25666,13270585;-0,00512376;-0,06777912
2023-06-22;25758,78000095;0,00360971;-0,06441407
2023-06-23;25564,04366011;-0,00756000;-0,07148710
2023-06-26;25459,59744794;-0,00408567;-0,07528070
2023-06-27;25738,71885108;0,01096331;-0,06514271
2023-06-28;25751,69915528;0,00050431;-0,06467126
2023-06-29;25853,19937674;0,00394150;-0,06098466
2023-06-30;26158,28138828;0,01180055;-0,04990376
2023-07-03;26188,37872094;0,00115059;-0,04881060
2023-07-05;26149,43406977;-0,00148710;-0,05022511
2023-07-06;25944,66341542;-0,00783079;-0,05766259
2023-07-07;25879,15998515;-0,00252474;-0,06004175
2023-07-10;25944,66341542;0,00253113;-0,05766259
2023-07-11;26109,89124789;0,00636847;-0,05166134
2023-07-12;26319,97440577;0,00804611;-0,04403090
2023-07-13;26528,87056866;0,00793679;-0,03644358
2023-07-14;26512,35171091;-0,00062267;-0,03704356
2023-07-17;26604,40457387;0,00347207;-0,03370010
2023-07-18;26802,09064398;0,00743058;-0,02651994
2023-07-19;26861,69274644;0,00222379;-0,02435512
2023-07-20;26683,47900192;-0,00663449;-0,03082803
2023-07-21;26683,47900192;0,00000000;-0,03082803
2023-07-24;26802,68133755;0,00446727;-0,02649848
2023-07-25;26875,85443778;0,00273007;-0,02384076
2023-07-26;26879,98929274;0,00015385;-0,02369057
2023-07-27;26701,77180965;-0,00663012;-0,03016362
2023-07-28;26963,18922934;0,00979026;-0,02066867
2023-07-31;27014,52909900;0,00190407;-0,01880395
2023-08-01;26937,22675165;-0,00286151;-0,02161165
2023-08-02;26562,50832415;-0,01391080;-0,03522182
2023-08-03;26486,38549466;-0,00286580;-0,03798668
2023-08-04;26366,59059618;-0,00452289;-0,04233775
2023-08-07;26596,73116536;0,00872849;-0,03397881
2023-08-08;26481,07299113;-0,00434859;-0,03817963
2023-08-09;26304,03876445;-0,00668531;-0,04460970
2023-08-10;26313,47864582;0,00035888;-0,04426684
2023-08-11;26298,13930592;-0,00058295;-0,04482398
2023-08-14;26443,30224995;0,00551989;-0,03955151
2023-08-15;26135,26863986;-0,01164883;-0,05073961
2023-08-16;25943,48389757;-0,00733816;-0,05770543
2023-08-17;25745,80156603;-0,00761973;-0,06488546
2023-08-18;25758,18743810;0,00048108;-0,06443560
2023-08-21;25925,77991412;0,00650638;-0,05834846
2023-08-22;25855,55841244;-0,00270856;-0,06089898
2023-08-23;26143,53274195;0,01113781;-0,05043945
2023-08-24;25781,20766365;-0,01385907;-0,06359948
2023-08-25;25962,95622316;0,00704965;-0,05699818
2023-08-28;26127,60083920;0,00634152;-0,05101811
2023-08-29;26505,26712668;0,01445469;-0,03730088
2023-08-30;26614,43514881;0,00411873;-0,03333578
2023-08-31;26575,49236692;-0,00146322;-0,03475022
2023-09-01;26625,05641731;0,00186503;-0,03295000
2023-09-05;26509,98893665;-0,00432177;-0,03712938
2023-09-06;26331,77519212;-0,00672251;-0,04360229
2023-09-07;26250,93055266;-0,00307023;-0,04653865
2023-09-08;26290,46589740;0,00150605;-0,04510268
2023-09-11;26463,37087696;0,00657672;-0,03882259
2023-09-12;26318,20232507;-0,00548564;-0,04409527
2023-09-13;26348,88661272;0,00116590;-0,04298078
2023-09-14;26576,08119120;0,00862255;-0,03472884
2023-09-15;26255,88228449;-0,01204839;-0,04635880
2023-09-18;26271,27957218;0,00058643;-0,04579955
2023-09-19;26216,79930635;-0,00207376;-0,04777833
2023-09-20;25975,77763827;-0,00919341;-0,05653249
2023-09-21;25546,44061796;-0,01652836;-0,07212646
2023-09-22;25488,99753787;-0,00224857;-0,07421286
2023-09-25;25596,18411956;0,00420521;-0,07031973
2023-09-26;25220,14597795;-0,01469118;-0,08397783
2023-09-27;25230,21393855;0,00039920;-0,08361215
2023-09-28;25376,48162910;0,00579732;-0,07829955
2023-09-29;25314,89434763;-0,00242694;-0,08053647
2023-10-02;25304,82638703;-0,00039771;-0,08090214
2023-10-03;24966,09353502;-0,01338610;-0,09320528
2023-10-04;25147,89817303;0,00728206;-0,08660194
2023-10-05;25138,42090599;-0,00037686;-0,08694617
2023-10-06;25436,88565416;0,01187285;-0,07610561
2023-10-09;25599,74136594;0,00640234;-0,07019052
2023-10-10;25732,97828164;0,00520462;-0,06535122
2023-10-11;25838,39091334;0,00409640;-0,06152252
2023-10-12;25680,86639792;-0,00609653;-0,06724398
2023-10-13;25552,95507074;-0,00498080;-0,07188985
2023-10-16;25821,80663067;0,01052135;-0,06212488
2023-10-17;25820,62337425;-0,00004582;-0,06216786
2023-10-18;25476,56119515;-0,01332509;-0,07466456
2023-10-19;25252,71450331;-0,00878638;-0,08279490
2023-10-20;24942,40784456;-0,01228805;-0,09406557
2023-10-23;24899,17692646;-0,00173323;-0,09563576
2023-10-24;25086,90158512;0,00753939;-0,08881740
2023-10-25;24726,84955549;-0,01435219;-0,10189487
2023-10-26;24430,75692801;-0,01197454;-0,11264926
2023-10-27;24320,01683851;-0,00453281;-0,11667146
2023-10-30;24610,78200818;0,01195580;-0,10611056
2023-10-31;24765,34370935;0,00628024;-0,10049672
2023-11-01;25029,46037432;0,01066477;-0,09090373
2023-11-02;25509,13158980;0,01916427;-0,07348157
2023-11-03;25741,86111654;0,00912338;-0,06502858
2023-11-06;25801,08188518;0,00230056;-0,06287762
2023-11-07;25874,51294652;0,00284605;-0,06021053
2023-11-08;25893,46000346;0,00073227;-0,05952235
2023-11-09;25691,52505209;-0,00779869;-0,06685684
2023-11-10;26092,43587914;0,01560479;-0,05229534
2023-11-13;26067,56693226;-0,00095311;-0,05319861
2023-11-14;26573,29782816;0,01940077;-0,03482993
2023-11-15;26629,55391327;0,00211702;-0,03278665
2023-11-16;26662,12617719;0,00122316;-0,03160359
2023-11-17;26695,28726540;0,00124375;-0,03039915
2023-11-20;26900,77385530;0,00769749;-0,02293566
2023-11-21;26842,15125737;-0,00217922;-0,02506489
2023-11-22;26945,78059267;0,00386069;-0,02130097
2023-11-24;26962,36300606;0,00061540;-0,02069867
2023-11-27;26913,80463016;-0,00180097;-0,02246237
2023-11-28;26940,45126558;0,00099007;-0,02149453
2023-11-29;26921,50233936;-0,00070336;-0,02218278
2023-11-30;27027,50566463;0,00393750;-0,01833263
2023-12-01;27187,39669288;0,00591586;-0,01252522
2023-12-04;27044,67503302;-0,00524955;-0,01770902
2023-12-05;27039,35131378;-0,00019685;-0,01790238
2023-12-06;26930,38891283;-0,00402977;-0,02186001
2023-12-07;27135,87550273;0,00763029;-0,01439652
2023-12-08;27252,53748217;0,00429918;-0,01015923
2023-12-11;27358,53706887;0,00388953;-0,00630922
2023-12-12;27483,48745108;0,00456714;-0,00177089
2023-12-13;27862,49027622;0,01379020;0,00000000
2023-12-14;27951,91118810;0,00320937;0,00000000
2023-12-15;27905,88756054;-0,00164653;-0,00164653
2023-12-18;28062,86250663;0,00562516;0,00000000
2023-12-19;28233,50939179;0,00608088;0,00000000
2023-12-20;27842,27023726;-0,01385726;-0,01385726
2023-12-21;28106,26726809;0,00948188;-0,00450678
2023-12-22;28162,75327505;0,00200973;-0,00250610
2023-12-26;28281,66961032;0,00422247;0,00000000
2023-12-27;28332,80946665;0,00180823;0,00000000
2023-12-28;28343,50924506;0,00037765;0,00000000
2023-12-29;28261,45330993;-0,00289505;-0,00289505
2024-01-02;28103,29323814;-0,00559632;-0,00847517
2024-01-03;27873,78261748;-0,00816668;-0,01657263
2024-01-04;27783,99906461;-0,00322108;-0,01974033
2024-01-05;27822,05206758;0,00136960;-0,01839776
2024-01-08;28219,23928202;0,01427599;-0,00438442
2024-01-09;28176,42521413;-0,00151719;-0,00589497
2024-01-10;28335,77788875;0,00565553;-0,00027277
2024-01-11;28323,29481394;-0,00044054;-0,00071319
2024-01-12;28342,91294364;0,00069265;-0,00002104
2024-01-16;28238,85928100;-0,00367124;-0,00369220
2024-01-17;28081,88807348;-0,00555870;-0,00923037
2024-01-18;28331,61499453;0,00889281;-0,00041965
2024-01-19;28684,80488466;0,01246628;0,00000000
2024-01-22;28745,45004728;0,00211419;0,00000000
2024-01-23;28829,28554024;0,00291648;0,00000000
2024-01-24;28860,80165903;0,00109320;0,00000000
2024-01-25;29017,77286655;0,00543891;0,00000000
2024-01-26;28980,91246641;-0,00127027;-0,00127027
2024-01-29;29210,41934850;0,00791924;0,00000000
2024-01-30;29187,82531958;-0,00077349;-0,00077349
2024-01-31;28711,55993853;-0,01631726;-0,01707813
2024-02-01;29087,34011902;0,01308811;-0,00421354
2024-02-02;29393,55491632;0,01052743;0,00000000
2024-02-05;29286,52722373;-0,00364120;-0,00364120
2024-02-06;29371,55345024;0,00290325;-0,00074851
2024-02-07;29616,52678351;0,00834050;0,00000000
2024-02-08;29629,60615974;0,00044162;0,00000000
2024-02-09;29800,84560775;0,00577934;0,00000000
2024-02-12;29787,76810081;-0,00043883;-0,00043883
2024-02-13;29377,49777158;-0,01377311;-0,01420590
2024-02-14;29644,47257093;0,00908773;-0,00524727
2024-02-15;29849,01143413;0,00689973;0,00000000
2024-02-16;29700,36227648;-0,00498004;-0,00498004
2024-02-20;29536,85044620;-0,00550538;-0,01045800
2024-02-21;29563,60923863;0,00090595;-0,00956153
2024-02-22;30175,44066254;0,02069542;0,00000000
2024-02-23;30196,24952579;0,00068960;0,00000000
2024-02-26;30085,65524039;-0,00366252;-0,00366252
2024-02-27;30141,54868451;0,00185781;-0,00181151
2024-02-28;30101,71238513;-0,00132164;-0,00313076
2024-02-29;30209,92333414;0,00359484;0,00000000
2024-03-01;30493,54223323;0,00938827;0,00000000
2024-03-04;30460,84098875;-0,00107240;-0,00107240
2024-03-05;30156,41509570;-0,00999401;-0,01105569
2024-03-06;30309,22340900;0,00506719;-0,00604452
2024-03-07;30610,08270925;0,00992633;0,00000000
2024-03-08;30426,36018643;-0,00600203;-0,00600203
2024-03-11;30400,19395685;-0,00085999;-0,00685685
2024-03-12;30727,22135597;0,01075741;0,00000000
2024-03-13;30679,05739887;-0,00156747;-0,00156747
2024-03-14;30618,40849769;-0,00197688;-0,00354125
2024-03-15;30408,16271215;-0,00686665;-0,01038358
2024-03-18;30588,88316577;0,00594316;-0,00450214
2024-03-19;30758,87206316;0,00555721;0,00000000
2024-03-20;31043,37139475;0,00924934;0,00000000
2024-03-21;31145,95953917;0,00330467;0,00000000
2024-03-22;31086,91261390;-0,00189581;-0,00189581
2024-03-25;31001,02464772;-0,00276283;-0,00465341
2024-03-26;30943,76662669;-0,00184697;-0,00649179
2024-03-27;31203,81386162;0,00840386;0,00000000
2024-03-28;31197,84897816;-0,00019116;-0,00019116
2024-04-01;31143,57620279;-0,00173963;-0,00193046
2024-04-02;30945,55553094;-0,00635832;-0,00827650
2024-04-03;30979,55031957;0,00109854;-0,00718706
2024-04-04;30601,41110338;-0,01220609;-0,01930542
2024-04-05;30921,10156499;0,01044692;-0,00906018
2024-04-08;30938,40178322;0,00055950;-0,00850576
2024-04-09;30974,18547610;0,00115661;-0,00735898
2024-04-10;30664,03583715;-0,01001317;-0,01729846
2024-04-11;30895,45312692;0,00754686;-0,00988215
2024-04-12;30469,00414953;-0,01380297;-0,02354871
2024-04-15;30087,28338627;-0,01252817;-0,03578186
2024-04-16;30032,40870163;-0,00182385;-0,03754045
2024-04-17;29854,67162438;-0,00591818;-0,04323645
2024-04-18;29793,23762415;-0,00205777;-0,04520525
2024-04-19;29533,19412780;-0,00872827;-0,05353896
2024-04-22;29805,16552178;0,00920901;-0,04482299
2024-04-23;30158,85264130;0,01186664;-0,03348825
2024-04-24;30144,53953801;-0,00047459;-0,03394695
2024-04-25;30030,02349596;-0,00379890;-0,03761689
2024-04-26;30314,52656612;0,00947395;-0,02849931
2024-04-29;30421,88325259;0,00354143;-0,02505882
2024-04-30;29939,96141986;-0,01584129;-0,04050314
2024-05-01;29842,74185747;-0,00324715;-0,04361877
2024-05-02;30121,87821488;0,00935358;-0,03467319
2024-05-03;30495,24888901;0,01239533;-0,02270764
2024-05-06;30810,15959288;0,01032655;-0,01261558
2024-05-07;30844,15812007;0,00110348;-0,01152602
2024-05-08;30847,13775787;0,00009660;-0,01143053
2024-05-09;31024,88231225;0,00576211;-0,00573428
2024-05-10;31064,84385361;0,00128805;-0,00445362
2024-05-13;31069,01422497;0,00013425;-0,00431997
2024-05-14;31211,56391075;0,00458816;0,00000000
2024-05-15;31598,06443177;0,01238325;0,00000000
2024-05-16;31533,04701519;-0,00205764;-0,00205764
2024-05-17;31578,38087716;0,00143766;-0,00062294
2024-05-20;31614,75713288;0,00115194;0,00000000
2024-05-21;31692,29500994;0,00245258;0,00000000
2024-05-22;31601,04033101;-0,00287940;-0,00287940
2024-05-23;31370,22868907;-0,00730393;-0,01016229
2024-05-24;31577,77522932;0,00661604;-0,00361349
2024-05-28;31599,84772817;0,00069899;-0,00291703
2024-05-29;31378,56195464;-0,00700275;-0,00989935
2024-05-30;31170,41724369;-0,00663334;-0,01646702
2024-05-31;31454,32401243;0,00910821;-0,00750880
2024-06-03;31479,96310408;0,00081512;-0,00669980
2024-06-04;31515,15797268;0,00111801;-0,00558928
2024-06-05;31889,72124965;0,01188518;0,00000000
2024-06-06;31889,11934038;-0,00001887;-0,00001887
2024-06-07;31850,35040185;-0,00121574;-0,00123459
2024-06-10;31948,75695923;0,00308965;0,00000000
2024-06-11;32025,70414272;0,00240846;0,00000000
2024-06-12;32288,72727687;0,00821288;0,00000000
2024-06-13;32353,75217059;0,00201386;0,00000000
2024-06-14;32373,43198664;0,00060827;0,00000000
2024-06-17;32631,08653876;0,00795883;0,00000000
2024-06-18;32713,99673642;0,00254083;0,00000000
2024-06-20;32625,11978602;-0,00271679;-0,00271679
2024-06-21;32581,38603068;-0,00134049;-0,00405364
2024-06-24;32475,47616958;-0,00325062;-0,00729109
2024-06-25;32600,53497023;0,00385087;-0,00346829
2024-06-26;32641,22553213;0,00124816;-0,00222447
2024-06-27;32692,67942808;0,00157635;-0,00065163
2024-06-28;32564,03160323;-0,00393507;-0,00458413
2024-07-01;32631,04915309;0,00205802;-0,00253554
2024-07-02;32850,64883295;0,00672978;0,00000000
2024-07-03;32997,24551739;0,00446252;0,00000000
2024-07-05;33187,52361723;0,00576648;0,00000000
2024-07-08;33225,81775776;0,00115387;0,00000000
2024-07-09;33258,13019129;0,00097251;0,00000000
2024-07-10;33587,23249503;0,00989539;0,00000000
2024-07-11;33297,61693466;-0,00862279;-0,00862279
2024-07-12;33507,64214475;0,00630751;-0,00236966
2024-07-15;33599,79034117;0,00275007;0,00000000
2024-07-16;33799,04847865;0,00593034;0,00000000
2024-07-17;33325,14774115;-0,01402113;-0,01402113
2024-07-18;33069,04469429;-0,00768498;-0,02159835
2024-07-19;32849,45249155;-0,00664042;-0,02809535
2024-07-22;33188,12178793;0,01030974;-0,01807526
2024-07-23;33136,06598271;-0,00156851;-0,01961542
2024-07-24;32385,11874670;-0,02266253;-0,04183342
2024-07-25;32216,38226921;-0,00521031;-0,04682576
2024-07-26;32577,19135864;0,01119955;-0,03615064
2024-07-29;32596,34403676;0,00058792;-0,03558397
2024-07-30;32431,19284491;-0,00506656;-0,04047024
2024-07-31;32958,35320615;0,01625473;-0,02487334
2024-08-01;32491,63051706;-0,01416098;-0,03868209
2024-08-02;31886,68553334;-0,01861849;-0,05658038
2024-08-05;30958,02925933;-0,02912364;-0,08405619
2024-08-06;31243,44640909;0,00921949;-0,07561166
2024-08-07;31034,62127897;-0,00668381;-0,08179009
2024-08-08;31752,05600149;0,02311724;-0,06056361
2024-08-09;31892,06906965;0,00440957;-0,05642110
2024-08-12;31908,82906496;0,00052552;-0,05592523
2024-08-13;32433,58178914;0,01644538;-0,04039956
2024-08-14;32535,90262603;0,00315478;-0,03737223
2024-08-15;33093,58090871;0,01714040;-0,02087241
2024-08-16;33167,78024554;0,00224211;-0,01867710
2024-08-19;33484,91165813;0,00956143;-0,00929425
2024-08-20;33430,45943155;-0,00162617;-0,01090531
2024-08-21;33545,34185315;0,00343646;-0,00750632
2024-08-22;33282,06075788;-0,00784851;-0,01529593
2024-08-23;33635,69927604;0,01062550;-0,00483295
2024-08-26;33555,51449363;-0,00238392;-0,00720535
2024-08-27;33601,58859184;0,00137307;-0,00584217
2024-08-28;33406,52512639;-0,00580519;-0,01161344
2024-08-29;33409,51224133;0,00008942;-0,01152507
2024-08-30;33728,44564315;0,00954619;-0,00208890
2024-09-03;33034,34705509;-0,02057903;-0,02262494
2024-09-04;32966,73133453;-0,00204683;-0,02462546
2024-09-05;32886,55029069;-0,00243218;-0,02699775
2024-09-06;32333,06294148;-0,01683020;-0,04337357
2024-09-09;32695,06837231;0,01119614;-0,03266305
2024-09-10;32837,48160041;0,00435580;-0,02844953
2024-09-11;33174,36386182;0,01025908;-0,01848231
2024-09-12;33453,79930457;0,00842323;-0,01021476
2024-09-13;33628,52122763;0,00522278;-0,00504533
2024-09-16;33678,18061147;0,00147670;-0,00357607
2024-09-17;33691,94601472;0,00040873;-0,00316880
2024-09-18;33592,02159920;-0,00296582;-0,00612523
2024-09-19;34165,24858152;0,01706438;0,00000000
2024-09-20;34106,18670197;-0,00172871;-0,00172871
2024-09-23;34191,40733397;0,00249869;0,00000000
2024-09-24;34289,24562917;0,00286149;0,00000000
2024-09-25;34213,62189836;-0,00220546;-0,00220546
2024-09-26;34349,26458184;0,00396458;0,00000000
2024-09-27;34299,45191675;-0,00145018;-0,00145018
2024-09-30;34436,90032803;0,00400731;0,00000000
2024-10-01;34128,40126636;-0,00895839;-0,00895839
2024-10-02;34142,79101028;0,00042164;-0,00854053
2024-10-03;34080,37937481;-0,00182796;-0,01035288
2024-10-04;34390,08225501;0,00908742;-0,00135953
2024-10-07;34079,17929484;-0,00904048;-0,01038772
2024-10-08;34401,48488399;0,00945755;-0,00102842
2024-10-09;34639,76618255;0,00692648;0,00000000
2024-10-10;34579,13784348;-0,00175025;-0,00175025
2024-10-11;34786,21706288;0,00598856;0,00000000
2024-10-14;35070,70704805;0,00817824;0,00000000
2024-10-15;34798,21786255;-0,00776971;-0,00776971
2024-10-16;34949,46532418;0,00434641;-0,00345707
2024-10-17;34952,46365482;0,00008579;-0,00337157
2024-10-18;35086,90999690;0,00384655;0,00000000
2024-10-21;35029,29120417;-0,00164217;-0,00164217
2024-10-22;35010,68061825;-0,00053129;-0,00217259
2024-10-23;34690,77518904;-0,00913737;-0,01129010
2024-10-24;34765,80822629;0,00216291;-0,00915161
2024-10-25;34753,79621091;-0,00034551;-0,00949396
2024-10-28;34861,23514586;0,00309143;-0,00643188
2024-10-29;34917,65759718;0,00161849;-0,00482380
2024-10-30;34812,01691290;-0,00302542;-0,00783463
2024-10-31;34129,59760777;-0,01960298;-0,02728403
2024-11-01;34273,64085102;0,00422048;-0,02317871
2024-11-04;34199,81910944;-0,00215389;-0,02528267
2024-11-05;34613,34946899;0,01209159;-0,01349679
2024-11-06;35474,03485858;0,02486571;0,00000000
2024-11-07;35748,32603331;0,00773217;0,00000000
2024-11-08;35903,16999628;0,00433150;0,00000000
2024-11-11;35937,38536035;0,00095299;0,00000000
2024-11-12;35825,75549193;-0,00310623;-0,00310623
2024-11-13;35843,15478218;0,00048566;-0,00262208
2024-11-14;35612,68334983;-0,00643000;-0,00903522
2024-11-15;35156,52958931;-0,01280874;-0,02172823
2024-11-18;35300,58030970;0,00409741;-0,01771985
2024-11-19;35429,62068407;0,00365547;-0,01412915
2024-11-20;35441,62522232;0,00033883;-0,01379511
2024-11-21;35631,88836789;0,00536835;-0,00850081
2024-11-22;35742,32189491;0,00309929;-0,00542787
2024-11-25;35863,56735734;0,00339221;-0,00205407
2024-11-26;36050,82469514;0,00522138;0,00000000
2024-11-27;35941,59124809;-0,00302998;-0,00302998
2024-11-29;36164,85846206;0,00621195;0,00000000
2024-12-02;36229,68147317;0,00179243;0,00000000
2024-12-03;36246,48633129;0,00046384;0,00000000
2024-12-04;36471,56301163;0,00620961;0,00000000
2024-12-05;36411,54405896;-0,00164564;-0,00164564
2024-12-06;36480,56921924;0,00189569;0,00000000
2024-12-09;36292,70249504;-0,00514978;-0,00514978
2024-12-10;36179,86880808;-0,00310899;-0,00824276
2024-12-11;36459,55847338;0,00773053;-0,00057594
2024-12-12;36271,69922631;-0,00515254;-0,00572551
2024-12-13;36264,49874651;-0,00019852;-0,00592289
2024-12-16;36419,34270947;0,00426985;-0,00167833
2024-12-17;36269,29158924;-0,00412009;-0,00579151
2024-12-18;35188,34479344;-0,02980336;-0,03542227
2024-12-19;35177,53659660;-0,00030715;-0,03571854
2024-12-20;35600,05820949;0,01201112;-0,02413644
2024-12-23;35813,24250859;0,00598831;-0,01829266
2024-12-24;36211,30641696;0,01111499;-0,00738099
2024-12-26;36213,71405403;0,00006649;-0,00731499
2024-12-27;35832,50734371;-0,01052658;-0,01776458
2024-12-30;35423,60532996;-0,01141148;-0,02897334
2024-12-31;35294,73319110;-0,00363803;-0,03250596
2025-01-02;35208,01339379;-0,00245702;-0,03488311
2025-01-03;35648,22964371;0,01250330;-0,02281597
2025-01-06;35853,58538377;0,00576062;-0,01718679
2025-01-07;35448,30230276;-0,01130384;-0,02829635
2025-01-08;35500,08519259;0,00146080;-0,02687688
2025-01-10;34958,08645941;-0,01526753;-0,04173407
2025-01-13;35012,29194058;0,00155058;-0,04024820
2025-01-14;35060,47085194;0,00137606;-0,03892753
2025-01-15;35698,21428288;0,01818981;-0,02144580
2025-01-16;35629,56671786;-0,00192300;-0,02332756
2025-01-17;35987,28401248;0,01003990;-0,01352186
2025-01-21;36316,68540156;0,00915327;-0,00449236
2025-01-22;36520,84480022;0,00562164;0,00000000
2025-01-23;36720,17770904;0,00545806;0,00000000
2025-01-24;36612,97804237;-0,00291937;-0,00291937
2025-01-27;36095,07811128;-0,01414526;-0,01702333
2025-01-28;36405,21840381;0,00859232;-0,00857728
2025-01-29;36242,01874387;-0,00448286;-0,01302170
2025-01-30;36436,53637855;0,00536719;-0,00772440
2025-01-31;36242,61691457;-0,00532212;-0,01300541
2025-02-03;35998,72028856;-0,00672955;-0,01964744
2025-02-04;36240,20927750;0,00670827;-0,01307097
2025-02-05;36387,14991008;0,00405463;-0,00906934
2025-02-06;36513,61441188;0,00347553;-0,00562533
2025-02-07;36179,38653295;-0,00915351;-0,01472736
2025-02-10;36425,08888676;0,00679122;-0,00803615
2025-02-11;36452,79914447;0,00076075;-0,00728152
2025-02-12;36335,35954312;-0,00322169;-0,01047975
2025-02-13;36718,97389050;0,01055760;-0,00003278
2025-02-14;36717,16442413;-0,00004928;-0,00008206
2025-02-18;36824,96226150;0,00293590;0,00000000
2025-02-19;36911,67832025;0,00235482;0,00000000
2025-02-20;36758,11668572;-0,00416025;-0,00416025
2025-02-21;36129,40937092;-0,01710390;-0,02119299
2025-02-24;35965,00215388;-0,00455051;-0,02564706
2025-02-25;35786,13789872;-0,00497329;-0,03049280
2025-02-26;35804,20639244;0,00050490;-0,03000329
2025-02-27;35232,70288945;-0,01596191;-0,04548629
2025-02-28;35782,52644312;0,01560549;-0,03059064
2025-03-03;35155,62111756;-0,01751987;-0,04757457
2025-03-04;34739,48871546;-0,01183687;-0,05884830
2025-03-05;35112,85565104;0,01074762;-0,04873316
2025-03-06;34489,56925821;-0,01775095;-0,06561904
2025-03-07;34682,87559722;0,00560478;-0,06038205
2025-03-10;33759,07946015;-0,02663551;-0,08540925
2025-03-11;33478,44767600;-0,00831278;-0,09301204
2025-03-12;33656,09689692;0,00530638;-0,08819923
2025-03-13;33207,44644012;-0,01333044;-0,10035393
2025-03-14;33893,36878242;0,02065568;-0,08177113
2025-03-17;34154,73199289;0,00771134;-0,07469035
2025-03-18;33785,57842219;-0,01080827;-0,08469135
2025-03-19;34153,52817435;0,01089073;-0,07472297
2025-03-20;34054,76645313;-0,00289170;-0,07739859
2025-03-21;34065,99710803;0,00032978;-0,07709433
2025-03-24;34676,07140551;0,01790860;-0,06056638
2025-03-25;34759,42649263;0,00240382;-0,05830815
2025-03-26;34344,45678483;-0,01193834;-0,06955039
2025-03-27;34253,25070727;-0,00265563;-0,07202132
2025-03-28;33563,44773255;-0,02013832;-0,09070925
2025-03-31;33788,74498833;0,00671258;-0,08460556
2025-04-01;33884,18686217;0,00282466;-0,08201988
2025-04-02;34098,61236548;0,00632819;-0,07621073
2025-04-03;32418,21627927;-0,04928048;-0,12173551
2025-04-04;30520,35336560;-0,05854310;-0,17315184
2025-04-07;30465,99273391;-0,00178113;-0,17462456
2025-04-08;29988,80953469;-0,01566281;-0,18755226
2025-04-09;33138,21565867;0,10501938;-0,10222951
2025-04-10;31686,13011316;-0,04381906;-0,14156897
2025-04-11;32251,50236647;0,01784289;-0,12625207
2025-04-14;32564,38676708;0,00970139;-0,11777550
2025-04-15;32473,17695095;-0,00280091;-0,12024653
2025-04-16;31751,36062805;-0,02222808;-0,13980176
2025-04-17;31796,66458148;0,00142684;-0,13857440
2025-04-21;31039,81601765;-0,02380277;-0,15907871
2025-04-22;31847,40441115;0,02601782;-0,13719977
2025-04-23;32340,89150053;0,01549536;-0,12383037
2025-04-24;33021,63592770;0,02104903;-0,10538785
2025-04-25;33260,23126588;0,00722542;-0,09892390
2025-04-28;33272,90874616;0,00038116;-0,09858044
2025-04-29;33482,51149820;0,00629950;-0,09290195
2025-04-30;33495,79836488;0,00039683;-0,09254198
2025-05-01;33733,17866882;0,00708687;-0,08611095
2025-05-02;34233,91857794;0,01484414;-0,07254506
2025-05-05;34037,61390829;-0,00573422;-0,07786328
2025-05-06;33753,11644598;-0,00835833;-0,08557080
2025-05-07;33895,06235322;0,00420542;-0,08172525
2025-05-08;34131,23883863;0,00696787;-0,07532682
2025-05-09;34087,74435156;-0,00127433;-0,07650516
2025-05-12;35214,25680048;0,03304743;-0,04598603
2025-05-13;35446,81435314;0,00660407;-0,03968565
2025-05-14;35492,11456801;0,00127798;-0,03845839
2025-05-15;35665,46443702;0,00488418;-0,03376205
2025-05-16;35891,37481778;0,00633415;-0,02764175
2025-05-19;35930,63350857;0,00109382;-0,02657817
2025-05-20;35809,82919703;-0,00336215;-0,02985096
2025-05-21;35206,40207147;-0,01685088;-0,04619883
2025-05-22;35220,30206312;0,00039481;-0,04582225
2025-05-23;34979,89725857;-0,00682575;-0,05233523
2025-05-27;35707,14571915;0,02079047;-0,03263283
2025-05-28;35500,56746772;-0,00578535;-0,03822939
2025-05-29;35640,70390859;0,00394744;-0,03443285
2025-05-30;35600,83956996;-0,00111851;-0,03551285
2025-06-02;35801,37629732;0,00563292;-0,03007997
2025-06-03;36005,53569598;0,00570256;-0,02454894
2025-06-04;35995,86776203;-0,00026851;-0,02481086
2025-06-05;35821,91224518;-0,00483265;-0,02952361
2025-06-06;36189,76853317;0,01026903;-0,01955776
2025-06-09;36222,38005205;0,00090113;-0,01867426
2025-06-10;36427,75448495;0,00566982;-0,01311032
2025-06-11;36323,85971140;-0,00285208;-0,01592500
2025-06-12;36468,22447141;0,00397438;-0,01201392
2025-06-13;36060,50384479;-0,01118016;-0,02305976
2025-06-16;36403,59212721;0,00951424;-0,01376492
2025-06-17;36092,52093153;-0,00854507;-0,02219236
2025-06-18;36087,07757816;-0,00015082;-0,02233983
2025-06-20;36002,32800560;-0,00234847;-0,02463584
2025-06-23;36357,94048706;0,00987749;-0,01500170
2025-06-24;36759,59715820;0,01104729;-0,00412014
2025-06-25;36780,18918457;0,00056018;-0,00356226
2025-06-26;37067,95415433;0,00782391;0,00000000
2025-06-27;37252,11595875;0,00496822;0,00000000
2025-06-30;37430,22876197;0,00478128;0,00000000
2025-07-01;37418,11580529;-0,00032361;-0,00032361
2025-07-02;37587,74580026;0,00453337;0,00000000
2025-07-03;37883,98610113;0,00788130;0,00000000
2025-07-07;37601,67196188;-0,00745207;-0,00745207
2025-07-08;37581,07993551;-0,00054764;-0,00799563
2025-07-09;37806,44074694;0,00599666;-0,00204692
2025-07-10;37913,06841288;0,00282036;0,00000000
2025-07-11;37779,78476510;-0,00351551;-0,00351551
2025-07-14;37851,87555021;0,00190818;-0,00161403
2025-07-15;37690,12645422;-0,00427321;-0,00588035
2025-07-16;37816,13111229;0,00334317;-0,00255683
2025-07-17;38047,55214062;0,00611964;0,00000000
2025-07-18;38019,69234025;-0,00073224;-0,00073224
2025-07-21;38091,77938679;0,00189604;0,00000000
2025-07-22;38097,23395587;0,00014320;0,00000000
2025-07-23;38421,34153425;0,00850738;0,00000000
2025-07-24;38434,06387734;0,00033113;0,00000000
2025-07-25;38596,42235973;0,00422434;0,00000000
2025-07-28;38586,73199438;-0,00025107;-0,00025107
2025-07-29;38484,95324969;-0,00263766;-0,00288807
2025-07-30;38436,49020724;-0,00125927;-0,00414370
2025-07-31;38292,30863701;-0,00375116;-0,00787932
2025-08-01;37664,67802948;-0,01639051;-0,02414069
2025-08-04;38237,17225269;0,01519976;-0,00930786
2025-08-05;38043,30886722;-0,00507002;-0,01433069
2025-08-06;38334,71520112;0,00765986;-0,00678061
2025-08-07;38302,60091163;-0,00083773;-0,00761266
2025-08-08;38601,26754241;0,00779755;0,00000000
2025-08-11;38524,93722245;-0,00197740;-0,00197740
2025-08-12;38935,07296327;0,01064598;0,00000000
2025-08-13;39068,35661105;0,00342323;0,00000000
2025-08-14;39071,98675949;0,00009292;0,00000000
2025-08-15;38980,51150511;-0,00234120;-0,00234120
2025-08-18;38972,02495830;-0,00021771;-0,00255840
2025-08-19;38760,59778563;-0,00542510;-0,00796962
2025-08-20;38657,60774526;-0,00265708;-0,01060553
2025-08-21;38502,52451402;-0,00401171;-0,01457469
2025-08-22;39093,79755866;0,01535673;0,00000000
2025-08-25;38921,74497235;-0,00440102;-0,00440102
2025-08-26;39084,70910258;0,00418697;-0,00023248
2025-08-27;39173,76176562;0,00227845;0,00000000
2025-08-28;39312,49250534;0,00354142;0,00000000
2025-08-29;39078,04697640;-0,00596364;-0,00596364
2025-09-02;38788,46506314;-0,00741035;-0,01332979
2025-09-03;38998,68467871;0,00541964;-0,00798239
2025-09-04;39324,60920059;0,00835732;0,00000000
2025-09-05;39210,72123778;-0,00289610;-0,00289610
2025-09-08;39307,04167483;0,00245648;-0,00044673
2025-09-09;39397,91875851;0,00231198;0,00000000
2025-09-10;39511,81045989;0,00289081;0,00000000
2025-09-11;39840,15757312;0,00831010;0,00000000
2025-09-12;39826,83332076;-0,00033444;-0,00033444
2025-09-15;40038,86614127;0,00532387;0,00000000
2025-09-16;39983,73723408;-0,00137688;-0,00137688
2025-09-17;39934,05915740;-0,00124246;-0,00261763
2025-09-18;40120,65103030;0,00467250;0,00000000
2025-09-19;40319,36333701;0,00495287;0,00000000
2025-09-22;40510,11623485;0,00473105;0,00000000
2025-09-23;40289,59686753;-0,00544356;-0,00544356
2025-09-24;40161,40888641;-0,00318166;-0,00860791
2025-09-25;39976,12925048;-0,00461337;-0,01318157
2025-09-26;40205,15385745;0,00572903;-0,00752805
2025-09-29;40318,14830278;0,00281045;-0,00473877
2025-09-30;40470,02010508;0,00376683;-0,00098978
2025-10-01;40607,92088295;0,00340748;0,00000000
2025-10-02;40654,69409317;0,00115182;0,00000000
2025-10-03;40654,09218390;-0,00001481;-0,00001481
2025-10-06;40799,88881502;0,00358627;0,00000000
2025-10-07;40648,62266056;-0,00370751;-0,00370751
2025-10-08;40891,01264411;0,00596306;0,00000000
2025-10-09;40772,55241401;-0,00289697;-0,00289697
2025-10-10;39670,55748668;-0,02702786;-0,02984654
2025-10-13;40279,26720724;0,01534412;-0,01496039
2025-10-14;40230,06018999;-0,00122165;-0,01616376
2025-10-15;40408,66274547;0,00443953;-0,01179599
2025-10-16;40133,47431469;-0,00681013;-0,01852579
2025-10-17;40361,28014885;0,00567621;-0,01295474
2025-10-20;40781,05765365;0,01040050;-0,00268898
2025-10-21;40780,44826725;-0,00001494;-0,00270388
2025-10-22;40568,43413958;-0,00519892;-0,00788874
2025-10-23;40809,00344107;0,00592996;-0,00200556
2025-10-24;41142,51725372;0,00817255;0,00000000
2025-10-27;41627,90286867;0,01179766;0,00000000
2025-10-28;41738,46350696;0,00265593;0,00000000
2025-10-29;41758,51717970;0,00048046;0,00000000
2025-10-30;41299,25293153;-0,01099810;-0,01099810
2025-10-31;41434,71990236;0,00328013;-0,00775404
2025-11-03;41512,48209343;0,00187674;-0,00589185
2025-11-04;41020,41192091;-0,01185355;-0,01767556
2025-11-05;41162,56344932;0,00346539;-0,01427143
2025-11-06;40720,91532828;-0,01072936;-0,02484767
2025-11-07;40761,00771949;0,00098457;-0,02388757
2025-11-10;41397,05757963;0,01560437;-0,00865595
2025-11-11;41491,82277286;0,00228918;-0,00638659
2025-11-12;41514,90842334;0,00055639;-0,00583375
2025-11-13;40826,01392037;-0,01659391;-0,02233085
2025-11-14;40819,32936279;-0,00016373;-0,02249093
2025-11-17;40439,03486279;-0,00931653;-0,03159792
2025-11-18;40099,44587896;-0,00839755;-0,03973013
2025-11-19;40254,36087470;0,00386327;-0,03602035
2025-11-20;39640,79475576;-0,01524223;-0,05071354
2025-11-21;40035,66218945;0,00996114;-0,04125757
2025-11-24;40624,93136225;0,01471861;-0,02714622
2025-11-25;41007,04280575;0,00940584;-0,01799571
2025-11-26;41290,13830548;0,00690358;-0,01121637
2025-11-28;41515,51780974;0,00545843;-0,00581916
2025-12-01;41325,97620757;-0,00456556;-0,01035815
2025-12-02;41402,52710297;0,00185237;-0,00852497
2025-12-03;41545,89366562;0,00346275;-0,00509174
2025-12-04;41576,26952151;0,00073114;-0,00436432
2025-12-05;41655,23926968;0,00189939;-0,00247322
2025-12-08;41530,09822056;-0,00300421;-0,00547000
2025-12-09;41494,25657990;-0,00086303;-0,00632830
2025-12-10;41769,45248782;0,00663214;0,00000000
2025-12-11;41866,65148809;0,00232704;0,00000000
2025-12-12;41416,49812740;-0,01075207;-0,01075207
2025-12-15;41353,92199499;-0,00151090;-0,01224673
2025-12-16;41240,93128823;-0,00273229;-0,01494555
2025-12-17;40787,13282483;-0,01100359;-0,02578469
2025-12-18;41095,12717997;0,00755126;-0,01842814
2025-12-19;41467,59312092;0,00906351;-0,00953165
2025-12-22;41725,92809222;0,00622980;-0,00336123
2025-12-23;41916,63612725;0,00457049;0,00000000
2025-12-24;42064,08520493;0,00351767;0,00000000
2025-12-26;42059,81950012;-0,00010141;-0,00010141
2025-12-29;41909,93287684;-0,00356365;-0,00366470
2025-12-30;41858,75189627;-0,00122121;-0,00488144
2025-12-31;41548,62655801;-0,00740885;-0,01225413
2026-01-02;41624,78490389;0,00183299;-0,01044360
2026-01-05;41902,01459219;0,00666021;-0,00385295
2026-01-06;42151,21250603;0,00594716;0,00000000
2026-01-07;42015,34176997;-0,00322341;-0,00322341
2026-01-08;42011,07606516;-0,00010153;-0,00332461
2026-01-09;42288,91140129;0,00661338;0,00000000
2026-01-12;42355,32330332;0,00157043;0,00000000
2026-01-13;42270,63354782;-0,00199951;-0,00199951
2026-01-14;42062,86269356;-0,00491525;-0,00690493
2026-01-15;42177,41238271;0,00272330;-0,00420044
2026-01-16;42142,07171001;-0,00083791;-0,00503482
2026-01-20;41284,19398414;-0,02035680;-0,02528913
2026-01-21;41760,65937852;0,01154111;-0,01403989
2026-01-22;41978,78606303;0,00522326;-0,00888996
2026-01-23;41994,01324593;0,00036274;-0,00853045
2026-01-26;42207,26857780;0,00507823;-0,00349554
2026-01-27;42375,42931599;0,00398417;0,00000000
2026-01-28;42371,16361118;-0,00010066;-0,00010066
2026-01-29;42287,08324209;-0,00198438;-0,00208484
2026-01-30;42160,96268845;-0,00298248;-0,00506111
