Date;value;daily_return;drawdown
2014-01-02;10000,00000000;;0,00000000
2014-01-03;10014,84132484;0,00148413;0,00000000
2014-01-06;10003,74029571;-0,00110846;-0,00110846
2014-01-07;10031,11108623;0,00273606;0,00000000
2014-01-08;10008,48283040;-0,00225581;-0,00225581
2014-01-09;9989,05259895;-0,00194138;-0,00419280
2014-01-10;10040,84607568;0,00518502;0,00000000
2014-01-13;10049,78900550;0,00089066;0,00000000
2014-01-14;10049,89556093;0,00001060;0,00000000
2014-01-15;10104,49037442;0,00543238;0,00000000
2014-01-16;10107,99293029;0,00034663;0,00000000
2014-01-17;10106,46325976;-0,00015133;-0,00015133
2014-01-21;10082,36474366;-0,00238447;-0,00253544
2014-01-22;10059,54086303;-0,00226374;-0,00479344
2014-01-23;10087,20151900;0,00274969;-0,00205693
2014-01-24;10022,11142468;-0,00645274;-0,00849640
2014-01-27;9935,64728432;-0,00862734;-0,01705043
2014-01-28;9928,70789040;-0,00069843;-0,01773696
2014-01-29;9942,27150637;0,00136610;-0,01639509
2014-01-30;9926,17840692;-0,00161865;-0,01798720
2014-01-31;9927,07113818;0,00008994;-0,01789888
2014-02-03;9886,01365467;-0,00413591;-0,02196077
2014-02-04;9884,16632373;-0,00018686;-0,02214353
2014-02-05;9893,62998257;0,00095746;-0,02120727
2014-02-06;9949,95583751;0,00569314;-0,01563486
2014-02-07;10016,85340985;0,00672340;-0,00901658
2014-02-10;10042,30218763;0,00254060;-0,00649889
2014-02-11;10125,82586039;0,00831718;0,00000000
2014-02-12;10129,41729417;0,00035468;0,00000000
2014-02-13;10169,35214597;0,00394246;0,00000000
2014-02-14;10205,86254129;0,00359024;0,00000000
2014-02-18;10238,83618394;0,00323085;0,00000000
2014-02-19;10203,54732872;-0,00344657;-0,00344657
2014-02-20;10233,06392529;0,00289278;-0,00056376
2014-02-21;10240,52769313;0,00072938;0,00000000
2014-02-24;10293,58572828;0,00518118;0,00000000
2014-02-25;10284,41240407;-0,00089117;-0,00089117
2014-02-26;10264,43797385;-0,00194220;-0,00283164
2014-02-27;10279,10907144;0,00142931;-0,00140638
2014-02-28;10277,75155475;-0,00013207;-0,00153826
2014-03-03;10270,16988814;-0,00073768;-0,00227480
2014-03-04;10320,74441788;0,00492441;0,00000000
2014-03-05;10313,76644693;-0,00067611;-0,00067611
2014-03-06;10361,50190899;0,00462832;0,00000000
2014-03-07;10318,45495584;-0,00415451;-0,00415451
2014-03-10;10323,69048848;0,00050740;-0,00364922
2014-03-11;10327,50682510;0,00036967;-0,00328090
2014-03-12;10366,46099736;0,00377189;0,00000000
2014-03-13;10317,10180241;-0,00476143;-0,00476143
2014-03-14;10312,07799530;-0,00048694;-0,00524605
2014-03-17;10326,50025191;0,00139858;-0,00385481
2014-03-18;10361,29571886;0,00336953;-0,00049827
2014-03-19;10284,95016533;-0,00736834;-0,00786294
2014-03-20;10309,97522581;0,00243317;-0,00544890
2014-03-21;10322,79930572;0,00124385;-0,00421182
2014-03-24;10241,21153772;-0,00790365;-0,01208218
2014-03-25;10272,61083367;0,00306597;-0,00905325
2014-03-26;10226,64867246;-0,00447424;-0,01348699
2014-03-27;10182,16423892;-0,00434985;-0,01777818
2014-03-28;10207,89175289;0,00252672;-0,01529637
2014-03-31;10213,55358597;0,00055465;-0,01475020
2014-04-01;10253,01316668;0,00386345;-0,01094374
2014-04-02;10286,53196164;0,00326917;-0,00771035
2014-04-03;10270,10208828;-0,00159722;-0,00929526
2014-04-04;10256,72266638;-0,00130275;-0,01058590
2014-04-07;10187,38083812;-0,00676062;-0,01727496
2014-04-08;10209,01682540;0,00212380;-0,01518784
2014-04-09;10259,38400324;0,00493360;-0,01032918
2014-04-10;10206,09885627;-0,00519380;-0,01546932
2014-04-11;10155,61305421;-0,00494663;-0,02033943
2014-04-14;10199,90779650;0,00436160;-0,01606654
2014-04-15;10154,80191211;-0,00442219;-0,02041768
2014-04-16;10199,63793322;0,00441525;-0,01609258
2014-04-17;10194,01306336;-0,00055148;-0,01663518
2014-04-22;10209,82501886;0,00155110;-0,01510988
2014-04-23;10186,91272956;-0,00224414;-0,01732011
2014-04-24;10223,08550686;0,00355091;-0,01383071
2014-04-25;10188,33504503;-0,00339921;-0,01718291
2014-04-28;10203,51396791;0,00148983;-0,01571867
2014-04-29;10234,41171426;0,00302815;-0,01273813
2014-04-30;10224,32639765;-0,00098543;-0,01371101
2014-05-01;10228,72822473;0,00043052;-0,01328638
2014-05-02;10244,27353525;0,00151977;-0,01178681
2014-05-06;10229,68743249;-0,00142383;-0,01319385
2014-05-07;10185,33057164;-0,00433609;-0,01747273
2014-05-08;10218,21881050;0,00322898;-0,01430017
2014-05-09;10215,81213740;-0,00023553;-0,01453233
2014-05-12;10283,18421089;0,00659488;-0,00803329
2014-05-13;10292,52448452;0,00090831;-0,00713228
2014-05-14;10312,55896326;0,00194651;-0,00519966
2014-05-15;10242,21701462;-0,00682100;-0,01198519
2014-05-16;10258,53678596;0,00159338;-0,01041090
2014-05-19;10281,88072825;0,00227556;-0,00815903
2014-05-20;10259,61159630;-0,00216586;-0,01030722
2014-05-21;10271,54208579;0,00116286;-0,00915635
2014-05-22;10299,66713776;0,00273815;-0,00644327
2014-05-23;10326,94442413;0,00264837;-0,00381196
2014-05-27;10312,28681124;-0,00141936;-0,00522591
2014-05-28;10304,16822666;-0,00078727;-0,00600907
2014-05-29;10321,33927364;0,00166642;-0,00435266
2014-05-30;10312,62096347;-0,00084469;-0,00519368
2014-06-02;10298,87997927;-0,00133244;-0,00651920
2014-06-03;10297,25274086;-0,00015800;-0,00667617
2014-06-04;10302,22104527;0,00048249;-0,00619690
2014-06-05;10338,89701085;0,00356001;-0,00265896
2014-06-06;10369,90758553;0,00299941;0,00000000
2014-06-09;10385,81169054;0,00153368;0,00000000
2014-06-10;10401,43469975;0,00150426;0,00000000
2014-06-11;10382,92277048;-0,00177975;-0,00177975
2014-06-12;10381,09576999;-0,00017596;-0,00195540
2014-06-13;10381,41310356;0,00003057;-0,00192489
2014-06-16;10365,12020057;-0,00156943;-0,00349130
2014-06-17;10371,48796366;0,00061435;-0,00287910
2014-06-18;10402,53660983;0,00299365;0,00000000
2014-06-19;10495,95680017;0,00898052;0,00000000
2014-06-20;10488,92249220;-0,00067019;-0,00067019
2014-06-23;10500,44144764;0,00109820;0,00000000
2014-06-24;10500,92440512;0,00004599;0,00000000
2014-06-25;10493,69765119;-0,00068820;-0,00068820
2014-06-26;10472,42715471;-0,00202698;-0,00271378
2014-06-27;10495,68397691;0,00222077;-0,00049904
2014-06-30;10521,10115016;0,00242168;0,00000000
2014-07-01;10553,13102289;0,00304435;0,00000000
2014-07-02;10553,87737523;0,00007072;0,00000000
2014-07-03;10564,40414727;0,00099743;0,00000000
2014-07-07;10554,64082785;-0,00092417;-0,00092417
2014-07-08;10510,47968358;-0,00418405;-0,00510435
2014-07-09;10548,99537043;0,00366450;-0,00145856
2014-07-10;10540,09317156;-0,00084389;-0,00230122
2014-07-11;10560,66155373;0,00195144;-0,00035426
2014-07-14;10544,86127245;-0,00149615;-0,00184988
2014-07-15;10494,61644248;-0,00476486;-0,00660593
2014-07-16;10540,79916899;0,00440061;-0,00223439
2014-07-17;10543,63862708;0,00026938;-0,00196561
2014-07-18;10565,81203765;0,00210301;0,00000000
2014-07-21;10560,95127063;-0,00046005;-0,00046005
2014-07-22;10590,51365789;0,00279922;0,00000000
2014-07-23;10597,63012536;0,00067197;0,00000000
2014-07-24;10588,13804743;-0,00089568;-0,00089568
2014-07-25;10596,66119896;0,00080497;-0,00009143
2014-07-28;10595,86338117;-0,00007529;-0,00016671
2014-07-29;10588,06270123;-0,00073620;-0,00090279
2014-07-30;10578,80930961;-0,00087395;-0,00177595
2014-07-31;10465,86936006;-0,01067605;-0,01243304
2014-08-01;10457,22628481;-0,00082583;-0,01324861
2014-08-04;10468,23776332;0,00105300;-0,01220956
2014-08-05;10435,79440853;-0,00309922;-0,01527093
2014-08-06;10458,01263424;0,00212904;-0,01317441
2014-08-07;10445,04277944;-0,00124018;-0,01439825
2014-08-08;10465,47466546;0,00195613;-0,01247028
2014-08-11;10507,44528185;0,00401039;-0,00850991
2014-08-12;10490,75503255;-0,00158842;-0,01008481
2014-08-13;10562,07259584;0,00679813;-0,00335523
2014-08-14;10575,46551346;0,00126802;-0,00209147
2014-08-15;10550,22790778;-0,00238643;-0,00447291
2014-08-18;10590,79760850;0,00384539;-0,00064472
2014-08-19;10624,43399175;0,00317600;0,00000000
2014-08-20;10612,31384677;-0,00114078;-0,00114078
2014-08-21;10617,99443399;0,00053528;-0,00060611
2014-08-22;10620,80819162;0,00026500;-0,00034127
2014-08-26;10650,87783673;0,00283120;0,00000000
2014-08-27;10644,88222193;-0,00056292;-0,00056292
2014-08-28;10647,98477446;0,00029146;-0,00027163
2014-08-29;10658,71149230;0,00100739;0,00000000
2014-09-02;10632,58508634;-0,00245118;-0,00245118
2014-09-03;10640,08222802;0,00070511;-0,00174780
2014-09-04;10638,64635831;-0,00013495;-0,00188251
2014-09-05;10664,18557855;0,00240061;0,00000000
2014-09-08;10670,03985292;0,00054897;0,00000000
2014-09-09;10646,73776934;-0,00218388;-0,00218388
2014-09-10;10637,02366417;-0,00091240;-0,00309429
2014-09-11;10617,63252548;-0,00182299;-0,00491163
2014-09-12;10575,00012802;-0,00401525;-0,00890716
2014-09-15;10552,62616118;-0,00211574;-0,01100405
2014-09-16;10587,69142857;0,00332289;-0,00771772
2014-09-17;10560,77358496;-0,00254237;-0,01024047
2014-09-18;10590,00038092;0,00276749;-0,00750133
2014-09-19;10575,43110866;-0,00137576;-0,00886677
2014-09-22;10524,52357903;-0,00481375;-0,01363784
2014-09-23;10513,86101293;-0,00101312;-0,01463714
2014-09-24;10531,95034420;0,00172052;-0,01294180
2014-09-25;10458,95272017;-0,00693106;-0,01978316
2014-09-26;10486,57888097;0,00264139;-0,01719403
2014-09-29;10483,21417199;-0,00032086;-0,01750937
2014-09-30;10485,51506054;0,00021948;-0,01729373
2014-10-01;10429,02020010;-0,00538790;-0,02258845
2014-10-02;10394,95102809;-0,00326677;-0,02578142
2014-10-03;10421,00727250;0,00250663;-0,02333942
2014-10-06;10456,97178469;0,00345116;-0,01996882
2014-10-07;10386,28719227;-0,00675957;-0,02659340
2014-10-08;10448,19024057;0,00596007;-0,02079183
2014-10-09;10405,42101940;-0,00409346;-0,02480017
2014-10-10;10300,93852396;-0,01004116;-0,03459231
2014-10-13;10266,65480456;-0,00332821;-0,03780539
2014-10-14;10286,45677400;0,00192877;-0,03594955
2014-10-15;10219,67298074;-0,00649240;-0,04220855
2014-10-16;10208,68066017;-0,00107560;-0,04323875
2014-10-17;10276,50000395;0,00664330;-0,03688270
2014-10-20;10304,50136902;0,00272480;-0,03425840
2014-10-21;10399,82620632;0,00925080;-0,02532452
2014-10-22;10405,92000646;0,00058595;-0,02475341
2014-10-23;10431,95409239;0,00250185;-0,02231348
2014-10-24;10445,50146729;0,00129864;-0,02104382
2014-10-27;10433,36430404;-0,00116195;-0,02218132
2014-10-28;10491,49404284;0,00557152;-0,01673338
2014-10-29;10467,61647119;-0,00227590;-0,01897119
2014-10-30;10468,49754539;0,00008417;-0,01888862
2014-10-31;10504,50586202;0,00343968;-0,01551391
2014-11-03;10504,02844492;-0,00004545;-0,01555865
2014-11-04;10480,69498989;-0,00222138;-0,01774547
2014-11-05;10460,15400386;-0,00195989;-0,01967058
2014-11-06;10481,90329198;0,00207925;-0,01763223
2014-11-07;10556,49093319;0,00711585;-0,01064185
2014-11-10;10519,14341258;-0,00353787;-0,01414207
2014-11-11;10560,03550947;0,00388740;-0,01030965
2014-11-12;10555,13563620;-0,00046400;-0,01076886
2014-11-13;10598,23528192;0,00408329;-0,00672955
2014-11-14;10693,18088174;0,00895862;0,00000000
2014-11-17;10671,68722605;-0,00201003;-0,00201003
2014-11-18;10728,00151393;0,00527698;0,00000000
2014-11-19;10667,10417841;-0,00567648;-0,00567648
2014-11-20;10706,33770349;0,00367799;-0,00201937
2014-11-21;10751,16024070;0,00418654;0,00000000
2014-11-24;10755,34836005;0,00038955;0,00000000
2014-11-25;10760,46227271;0,00047548;0,00000000
2014-11-26;10780,80156476;0,00189019;0,00000000
2014-11-28;10752,53775684;-0,00262168;-0,00262168
2014-12-01;10777,05799298;0,00228041;-0,00034724
2014-12-02;10773,58223159;-0,00032251;-0,00066965
2014-12-03;10801,15000761;0,00255883;0,00000000
2014-12-04;10779,04669650;-0,00204638;-0,00204638
2014-12-05;10784,98068482;0,00055051;-0,00149700
2014-12-08;10759,44957939;-0,00236728;-0,00386074
2014-12-09;10761,31324493;0,00017321;-0,00368820
2014-12-10;10704,63963096;-0,00526642;-0,00893519
2014-12-11;10719,10660762;0,00135147;-0,00759580
2014-12-12;10613,34781083;-0,00986638;-0,01738724
2014-12-15;10504,90803477;-0,01021730;-0,02742689
2014-12-16;10502,04340722;-0,00027269;-0,02769211
2014-12-17;10531,52184278;0,00280692;-0,02496291
2014-12-18;10684,58001854;0,01453334;-0,01079237
2014-12-19;10721,03659589;0,00341207;-0,00741712
2014-12-22;10720,71826687;-0,00002969;-0,00744659
2014-12-23;10760,74369825;0,00373347;-0,00374093
2014-12-24;10756,83253880;-0,00036347;-0,00410303
2014-12-29;10784,12111607;0,00253686;-0,00157658
2014-12-30;10766,72787011;-0,00161286;-0,00318690
2014-12-31;10697,34910692;-0,00644381;-0,00961017
2015-01-02;10706,30433265;0,00083714;-0,00878107
2015-01-05;10670,97133527;-0,00330020;-0,01205230
2015-01-06;10647,26457418;-0,00222161;-0,01424713
2015-01-07;10683,31656994;0,00338603;-0,01090934
2015-01-08;10794,73620740;0,01042931;-0,00059381
2015-01-09;10777,46904583;-0,00159959;-0,00219245
2015-01-12;10765,55262537;-0,00110568;-0,00329570
2015-01-13;10778,66511942;0,00121800;-0,00208171
2015-01-14;10688,94583666;-0,00832378;-0,01038817
2015-01-15;10736,24603563;0,00442515;-0,00600899
2015-01-16;10814,29606193;0,00726977;0,00000000
2015-01-20;10884,00857617;0,00644633;0,00000000
2015-01-21;10925,91659057;0,00385042;0,00000000
2015-01-22;11023,04775185;0,00888998;0,00000000
2015-01-23;11020,25664333;-0,00025321;-0,00025321
2015-01-26;10971,71879001;-0,00440442;-0,00465651
2015-01-27;10872,91578077;-0,00900524;-0,01361982
2015-01-28;10852,07833112;-0,00191645;-0,01551018
2015-01-29;10807,86310973;-0,00407436;-0,01952134
2015-01-30;10836,60175638;0,00265905;-0,01691420
2015-02-02;10857,16513217;0,00189759;-0,01504871
2015-02-03;10878,19389661;0,00193686;-0,01314100
2015-02-04;10897,60960406;0,00178483;-0,01137962
2015-02-05;10929,15943289;0,00289511;-0,00851746
2015-02-06;10864,57279745;-0,00590957;-0,01437669
2015-02-09;10855,49468357;-0,00083557;-0,01520025
2015-02-10;10886,25130340;0,00283328;-0,01241004
2015-02-11;10873,54768163;-0,00116694;-0,01356250
2015-02-12;10917,18757937;0,00401340;-0,00960353
2015-02-13;10975,58099533;0,00534876;-0,00430614
2015-02-17;10946,51232577;-0,00264849;-0,00694322
2015-02-18;10946,75431856;0,00002211;-0,00692126
2015-02-19;10957,55082266;0,00098627;-0,00594182
2015-02-20;10963,37192431;0,00053124;-0,00541373
2015-02-23;10970,28485518;0,00063055;-0,00478660
2015-02-24;10991,72866210;0,00195472;-0,00284124
2015-02-25;10972,84129711;-0,00171833;-0,00455468
2015-02-26;11010,67065040;0,00344754;-0,00112284
2015-02-27;10996,20883268;-0,00131344;-0,00243480
2015-03-02;11024,34657895;0,00255886;0,00000000
2015-03-03;10986,65438763;-0,00341900;-0,00341900
2015-03-04;10973,37581240;-0,00120861;-0,00462347
2015-03-05;10987,67652619;0,00130322;-0,00332628
2015-03-06;10884,81665352;-0,00936139;-0,01265653
2015-03-09;10880,79885546;-0,00036912;-0,01302097
2015-03-10;10764,51444116;-0,01068712;-0,02356894
2015-03-11;10760,88849776;-0,00033684;-0,02389784
2015-03-12;10808,19885569;0,00439651;-0,01960640
2015-03-13;10806,40562910;-0,00016591;-0,01976906
2015-03-16;10869,56264901;0,00584441;-0,01404019
2015-03-17;10861,86818686;-0,00070789;-0,01473814
2015-03-18;10962,33743973;0,00924972;-0,00562475
2015-03-19;10971,07680289;0,00079722;-0,00483201
2015-03-20;11023,42136603;0,00477114;-0,00008392
2015-03-23;11040,23968474;0,00152569;0,00000000
2015-03-24;11052,77341145;0,00113528;0,00000000
2015-03-25;10936,63045051;-0,01050804;-0,01050804
2015-03-26;10941,41746599;0,00043770;-0,01007493
2015-03-27;10923,58707743;-0,00162962;-0,01168814
2015-03-30;10973,39458660;0,00455963;-0,00718180
2015-03-31;10913,94284430;-0,00541781;-0,01256070
2015-04-01;10940,07429953;0,00239432;-0,01019646
2015-04-02;10950,43207173;0,00094677;-0,00925934
2015-04-07;11023,37321284;0,00666103;-0,00265998
2015-04-08;11001,71388998;-0,00196485;-0,00461961
2015-04-09;11027,55175506;0,00234853;-0,00228193
2015-04-10;11109,11054682;0,00739591;0,00000000
2015-04-13;11082,00268890;-0,00244015;-0,00244015
2015-04-14;11025,79239206;-0,00507221;-0,00749998
2015-04-15;11086,17903341;0,00547685;-0,00206421
2015-04-16;11045,88775437;-0,00363437;-0,00569108
2015-04-17;10971,84624588;-0,00670308;-0,01235601
2015-04-20;11035,78678271;0,00582769;-0,00660033
2015-04-21;11051,72456286;0,00144419;-0,00516567
2015-04-22;11030,67292532;-0,00190483;-0,00706066
2015-04-23;11067,16057070;0,00330783;-0,00377618
2015-04-24;11054,95712022;-0,00110267;-0,00487469
2015-04-27;11117,31300498;0,00564054;0,00000000
2015-04-28;11111,09488103;-0,00055932;-0,00055932
2015-04-29;11041,71408342;-0,00624428;-0,00680011
2015-04-30;10961,01576021;-0,00730850;-0,01405890
2015-05-01;11025,94351574;0,00592352;-0,00821867
2015-05-05;10992,53926482;-0,00302960;-0,01122337
2015-05-06;10947,57964558;-0,00409001;-0,01526748
2015-05-07;10955,22427193;0,00069829;-0,01457985
2015-05-08;11017,20731789;0,00565785;-0,00900449
2015-05-11;10952,34320008;-0,00588753;-0,01483900
2015-05-12;10927,31124325;-0,00228553;-0,01709062
2015-05-13;10979,24478596;0,00475264;-0,01241921
2015-05-14;11061,17624872;0,00746240;-0,00504949
2015-05-15;11056,84744112;-0,00039135;-0,00543886
2015-05-18;11096,76142190;0,00360989;-0,00184861
2015-05-19;11087,78268446;-0,00080913;-0,00265625
2015-05-20;11083,63075803;-0,00037446;-0,00302971
2015-05-21;11078,96034847;-0,00042138;-0,00344981
2015-05-22;11098,37528350;0,00175241;-0,00170344
2015-05-26;10995,50377119;-0,00926906;-0,01095672
2015-05-27;11087,18778412;0,00833832;-0,00270976
2015-05-28;11084,87440349;-0,00020865;-0,00291785
2015-05-29;11045,43381328;-0,00355805;-0,00646552
2015-06-01;11069,37015508;0,00216708;-0,00431245
2015-06-02;11051,30360969;-0,00163212;-0,00593753
2015-06-03;11059,92132701;0,00077979;-0,00516237
2015-06-04;10986,79321099;-0,00661199;-0,01174023
2015-06-05;10957,73459831;-0,00264487;-0,01435404
2015-06-08;10911,97855845;-0,00417568;-0,01846979
2015-06-09;10883,16818777;-0,00264025;-0,02106128
2015-06-10;10965,07360175;0,00752588;-0,01369390
2015-06-11;10971,28380541;0,00056636;-0,01313530
2015-06-12;10907,48763170;-0,00581483;-0,01887375
2015-06-15;10877,13670654;-0,00278258;-0,02160381
2015-06-16;10885,74786429;0,00079168;-0,02082924
2015-06-17;10880,91083708;-0,00044434;-0,02126433
2015-06-18;10943,04787462;0,00571065;-0,01567511
2015-06-19;10911,87813626;-0,00284836;-0,01847882
2015-06-22;10956,26924271;0,00406815;-0,01448585
2015-06-23;10946,85270765;-0,00085947;-0,01533287
2015-06-24;10924,44786725;-0,00204669;-0,01734818
2015-06-25;10903,00015841;-0,00196328;-0,01927740
2015-06-26;10866,32449778;-0,00336381;-0,02257636
2015-06-29;10753,64550814;-0,01036956;-0,03271182
2015-06-30;10733,39259883;-0,00188335;-0,03453356
2015-07-01;10781,61818470;0,00449304;-0,03019568
2015-07-02;10780,18532135;-0,00013290;-0,03032457
2015-07-06;10753,63104100;-0,00246325;-0,03271312
2015-07-07;10717,97146530;-0,00331605;-0,03592069
2015-07-08;10697,04790228;-0,00195219;-0,03780276
2015-07-09;10708,59551723;0,00107951;-0,03676405
2015-07-10;10773,13832947;0,00602720;-0,03095844
2015-07-13;10828,33862425;0,00512388;-0,02599319
2015-07-14;10841,55243403;0,00122030;-0,02480461
2015-07-15;10825,95006483;-0,00143913;-0,02620804
2015-07-16;10872,51319160;0,00430107;-0,02201969
2015-07-17;10889,38545651;0,00155183;-0,02050204
2015-07-20;10858,19225850;-0,00286455;-0,02330786
2015-07-21;10827,16894281;-0,00285713;-0,02609840
2015-07-22;10728,97844047;-0,00906890;-0,03493061
2015-07-23;10733,50663629;0,00042205;-0,03452330
2015-07-24;10716,29658048;-0,00160340;-0,03607134
2015-07-27;10639,74631275;-0,00714335;-0,04295702
2015-07-28;10675,74708265;0,00338361;-0,03971876
2015-07-29;10722,40484750;0,00437044;-0,03552191
2015-07-30;10712,95597735;-0,00088123;-0,03637183
2015-07-31;10734,37222282;0,00199910;-0,03444544
2015-08-03;10692,42329372;-0,00390791;-0,03821874
2015-08-04;10672,67916375;-0,00184655;-0,03999472
2015-08-05;10713,49267312;0,00382411;-0,03632356
2015-08-06;10680,90189696;-0,00304203;-0,03925509
2015-08-07;10683,60067447;0,00025267;-0,03901233
2015-08-10;10775,19729636;0,00857357;-0,03077324
2015-08-11;10702,92809372;-0,00670700;-0,03727384
2015-08-12;10703,01107718;0,00000775;-0,03726637
2015-08-13;10710,10843847;0,00066312;-0,03662797
2015-08-14;10720,58863703;0,00097853;-0,03568527
2015-08-17;10754,32517047;0,00314689;-0,03265068
2015-08-18;10727,84806341;-0,00246200;-0,03503229
2015-08-19;10701,73801445;-0,00243386;-0,03738088
2015-08-20;10634,84024846;-0,00625111;-0,04339832
2015-08-21;10464,04155174;-0,01606030;-0,05876163
2015-08-24;10205,01882638;-0,02475360;-0,08206067
2015-08-25;10229,06248467;0,00235606;-0,07989795
2015-08-26;10315,39686020;0,00844011;-0,07213219
2015-08-27;10489,53739239;0,01688161;-0,05646829
2015-08-28;10534,83120415;0,00431800;-0,05239412
2015-09-01;10350,12905205;-0,01753252;-0,06900804
2015-09-02;10410,43940500;0,00582701;-0,06358313
2015-09-03;10455,81246711;0,00435842;-0,05950184
2015-09-04;10347,30566557;-0,01037765;-0,06926200
2015-09-08;10439,76794599;0,00893588;-0,06094504
2015-09-09;10397,63987587;-0,00403535;-0,06473445
2015-09-10;10387,68945198;-0,00095699;-0,06562949
2015-09-11;10402,02674102;0,00138022;-0,06433985
2015-09-14;10402,13870586;0,00001076;-0,06432978
2015-09-15;10455,12758993;0,00509404;-0,05956344
2015-09-16;10507,45481818;0,00500493;-0,05485662
2015-09-17;10518,17688032;0,00102042;-0,05389217
2015-09-18;10443,42717730;-0,00710672;-0,06061589
2015-09-21;10474,19373970;0,00294602;-0,05784844
2015-09-22;10363,56590286;-0,01056194;-0,06779940
2015-09-23;10405,57646743;0,00405368;-0,06402055
2015-09-24;10409,23226357;0,00035133;-0,06369172
2015-09-25;10470,46542970;0,00588258;-0,05818381
2015-09-28;10302,03926774;-0,01608583;-0,07333370
2015-09-29;10272,27935672;-0,00288874;-0,07601060
2015-09-30;10345,77927422;0,00715517;-0,06939930
2015-10-01;10341,99627909;-0,00036566;-0,06973958
2015-10-02;10430,16545337;0,00852535;-0,06180878
2015-10-05;10572,49538215;0,01364599;-0,04900623
2015-10-06;10610,34196075;0,00357972;-0,04560194
2015-10-07;10600,50736701;-0,00092689;-0,04648656
2015-10-08;10625,41857866;0,00235000;-0,04424580
2015-10-09;10709,05840712;0,00787167;-0,03672242
2015-10-12;10708,48438482;-0,00005360;-0,03677405
2015-10-13;10722,97578785;0,00135326;-0,03547055
2015-10-14;10700,27128636;-0,00211737;-0,03751282
2015-10-15;10744,70474901;0,00415255;-0,03351604
2015-10-16;10760,54941428;0,00147465;-0,03209081
2015-10-19;10750,63731436;-0,00092115;-0,03298240
2015-10-20;10765,74955603;0,00140571;-0,03162306
2015-10-21;10718,23997156;-0,00441303;-0,03589654
2015-10-22;10814,14056945;0,00894742;-0,02727030
2015-10-23;10938,79419319;0,01152691;-0,01605773
2015-10-26;10921,11875816;-0,00161585;-0,01764763
2015-10-27;10898,67843488;-0,00205476;-0,01966613
2015-10-28;10954,49780207;0,00512166;-0,01464519
2015-10-29;10917,33809485;-0,00339219;-0,01798770
2015-10-30;10859,88037398;-0,00526298;-0,02315601
2015-11-02;10884,63413074;0,00227938;-0,02092942
2015-11-03;10881,96523239;-0,00024520;-0,02116948
2015-11-04;10865,07385550;-0,00155224;-0,02268886
2015-11-05;10867,70815053;0,00024246;-0,02245190
2015-11-06;10863,39690238;-0,00039670;-0,02283970
2015-11-09;10805,21839401;-0,00535546;-0,02807285
2015-11-10;10778,79801619;-0,00244515;-0,03044935
2015-11-11;10771,04532268;-0,00071925;-0,03114671
2015-11-12;10714,91859407;-0,00521089;-0,03619529
2015-11-13;10611,34962503;-0,00966587;-0,04551130
2015-11-16;10657,69907788;0,00436791;-0,04134218
2015-11-17;10678,95670968;0,00199458;-0,03943006
2015-11-18;10727,39419890;0,00453579;-0,03507312
2015-11-19;10780,93298466;0,00499085;-0,03025731
2015-11-20;10821,61813040;0,00377381;-0,02659769
2015-11-23;10790,58921642;-0,00286731;-0,02938874
2015-11-24;10801,29009338;0,00099169;-0,02842620
2015-11-25;10786,35343971;-0,00138286;-0,02976974
2015-11-27;10782,62337270;-0,00034581;-0,03010526
2015-11-30;10793,10428236;0,00097202;-0,02916251
2015-12-01;10839,40797146;0,00429012;-0,02499750
2015-12-02;10810,06767054;-0,00270682;-0,02763665
2015-12-03;10741,67514526;-0,00632674;-0,03378855
2015-12-04;10855,96758108;0,01064009;-0,02350797
2015-12-07;10805,73157501;-0,00462750;-0,02802669
2015-12-08;10798,21695494;-0,00069543;-0,02870262
2015-12-09;10717,65171615;-0,00746098;-0,03594945
2015-12-10;10714,31075309;-0,00031173;-0,03624997
2015-12-11;10605,34796849;-0,01016984;-0,04605115
2015-12-14;10581,51484399;-0,00224727;-0,04819493
2015-12-15;10658,52086279;0,00727741;-0,04126826
2015-12-16;10747,33276844;0,00833248;-0,03327965
2015-12-17;10680,19660858;-0,00624677;-0,03931853
2015-12-18;10612,77799589;-0,00631249;-0,04538282
2015-12-21;10661,61855200;0,00460205;-0,04098962
2015-12-22;10697,49782623;0,00336527;-0,03776229
2015-12-23;10755,46396129;0,00541866;-0,03254825
2015-12-24;10765,59051566;0,00094153;-0,03163736
2015-12-29;10833,98482718;0,00635305;-0,02548531
2015-12-30;10777,95284790;-0,00517187;-0,03052538
2015-12-31;10716,39646494;-0,00571132;-0,03606236
2016-01-04;10643,78159827;-0,00677605;-0,04259405
2016-01-05;10662,56746513;0,00176496;-0,04090427
2016-01-06;10642,30643160;-0,00190020;-0,04272674
2016-01-07;10547,45381349;-0,00891279;-0,05125872
2016-01-08;10477,16514078;-0,00666404;-0,05758117
2016-01-11;10454,11236060;-0,00220029;-0,05965476
2016-01-12;10515,62589458;0,00588415;-0,05412163
2016-01-13;10446,06347979;-0,00661515;-0,06037876
2016-01-14;10436,26592572;-0,00093792;-0,06126004
2016-01-15;10345,88459384;-0,00866031;-0,06938983
2016-01-19;10394,63529576;0,00471209;-0,06500471
2016-01-20;10303,46855453;-0,00877056;-0,07320514
2016-01-21;10373,30201557;0,00677767;-0,06692363
2016-01-22;10468,92201095;0,00921789;-0,05832264
2016-01-25;10462,91733357;-0,00057357;-0,05886275
2016-01-26;10511,46023677;0,00463952;-0,05449633
2016-01-27;10480,67101778;-0,00292911;-0,05726581
2016-01-28;10454,35444934;-0,00251096;-0,05963298
2016-01-29;10629,85820221;0,01678762;-0,04384646
2016-02-01;10652,37261641;0,00211804;-0,04182129
2016-02-02;10558,67572665;-0,00879587;-0,05024931
2016-02-03;10519,74467110;-0,00368712;-0,05375115
2016-02-04;10584,79429935;0,00618357;-0,04789995
2016-02-05;10513,88668097;-0,00669901;-0,05427807
2016-02-08;10455,23730870;-0,00557828;-0,05955357
2016-02-09;10424,70400903;-0,00292038;-0,06230004
2016-02-10;10458,54662316;0,00324639;-0,05925590
2016-02-11;10496,33494813;0,00361315;-0,05585685
2016-02-12;10562,21176614;0,00627617;-0,04993124
2016-02-16;10609,86066331;0,00451126;-0,04564523
2016-02-17;10746,26119794;0,01285602;-0,03337603
2016-02-18;10794,00386221;0,00444272;-0,02908159
2016-02-19;10768,31230106;-0,00238017;-0,03139254
2016-02-22;10841,59530087;0,00680543;-0,02480075
2016-02-23;10810,24654630;-0,00289153;-0,02762056
2016-02-24;10816,65659198;0,00059296;-0,02704398
2016-02-25;10921,90166670;0,00972991;-0,01757721
2016-02-26;10937,54643242;0,00143242;-0,01616997
2016-02-29;10934,72131077;-0,00025830;-0,01642409
2016-03-01;11027,80418487;0,00851260;-0,00805130
2016-03-02;11054,98824239;0,00246505;-0,00560610
2016-03-03;11083,93531106;0,00261846;-0,00300232
2016-03-04;11120,42210290;0,00329186;0,00000000
2016-03-07;11105,04895663;-0,00138242;-0,00138242
2016-03-08;11053,35051358;-0,00465540;-0,00603139
2016-03-09;11069,75444511;0,00148407;-0,00455627
2016-03-10;11076,80243799;0,00063669;-0,00392248
2016-03-11;11121,27227467;0,00401468;0,00000000
2016-03-14;11106,00682516;-0,00137264;-0,00137264
2016-03-15;11132,46708712;0,00238252;0,00000000
2016-03-16;11239,62693653;0,00962589;0,00000000
2016-03-17;11208,69233158;-0,00275228;-0,00275228
2016-03-18;11220,16874059;0,00102388;-0,00173121
2016-03-21;11224,92863488;0,00042423;-0,00130772
2016-03-22;11275,14427801;0,00447358;0,00000000
2016-03-23;11203,05827765;-0,00639336;-0,00639336
2016-03-24;11164,01078568;-0,00348543;-0,00985650
2016-03-29;11244,90761390;0,00724622;-0,00268171
2016-03-30;11262,49278061;0,00156383;-0,00112207
2016-03-31;11259,01794966;-0,00030853;-0,00143025
2016-04-01;11289,85454994;0,00273884;0,00000000
2016-04-04;11247,34158276;-0,00376559;-0,00376559
2016-04-05;11239,89272225;-0,00066228;-0,00442537
2016-04-06;11279,98729881;0,00356717;-0,00087399
2016-04-07;11256,50859252;-0,00208145;-0,00295362
2016-04-08;11273,90263214;0,00154524;-0,00141294
2016-04-11;11277,66024064;0,00033330;-0,00108011
2016-04-12;11315,54145560;0,00335896;0,00000000
2016-04-13;11364,50682446;0,00432727;0,00000000
2016-04-14;11359,58175530;-0,00043337;-0,00043337
2016-04-15;11347,55975028;-0,00105831;-0,00149123
2016-04-18;11351,04680332;0,00030730;-0,00118439
2016-04-19;11377,88616054;0,00236448;0,00000000
2016-04-20;11383,46829273;0,00049061;0,00000000
2016-04-21;11385,34692353;0,00016503;0,00000000
2016-04-22;11266,04191570;-0,01047882;-0,01047882
2016-04-25;11239,90895088;-0,00231962;-0,01277414
2016-04-26;11231,29975190;-0,00076595;-0,01353030
2016-04-27;11230,25569898;-0,00009296;-0,01362200
2016-04-28;11231,00016767;0,00006629;-0,01355661
2016-04-29;11199,00443813;-0,00284888;-0,01636687
2016-05-03;11187,33003554;-0,00104245;-0,01739226
2016-05-04;11155,63597570;-0,00283303;-0,02017602
2016-05-05;11151,84757906;-0,00033959;-0,02050876
2016-05-06;11200,47592098;0,00436056;-0,01623763
2016-05-09;11159,45064255;-0,00366282;-0,01984097
2016-05-10;11229,94886365;0,00631736;-0,01364895
2016-05-11;11226,54590290;-0,00030303;-0,01394784
2016-05-12;11171,92387090;-0,00486544;-0,01874541
2016-05-13;11199,61848542;0,00247895;-0,01631294
2016-05-16;11241,48042601;0,00373780;-0,01263611
2016-05-17;11200,86284004;-0,00361319;-0,01620364
2016-05-18;11128,36611516;-0,00647242;-0,02257119
2016-05-19;11070,87881046;-0,00516584;-0,02762042
2016-05-20;11153,20061327;0,00743589;-0,02038992
2016-05-23;11149,96502506;-0,00029010;-0,02067411
2016-05-24;11165,16830370;0,00136353;-0,01933877
2016-05-25;11190,44074427;0,00226351;-0,01711904
2016-05-26;11199,17668040;0,00078066;-0,01635174
2016-05-27;11213,09156651;0,00124249;-0,01512957
2016-05-31;11241,82294272;0,00256231;-0,01260603
2016-06-01;11248,46684134;0,00059100;-0,01202248
2016-06-02;11235,50353391;-0,00115245;-0,01316107
2016-06-03;11281,81276765;0,00412169;-0,00909363
2016-06-06;11332,46916443;0,00449009;-0,00464437
2016-06-07;11340,98617387;0,00075156;-0,00389630
2016-06-08;11390,22836782;0,00434197;0,00000000
2016-06-09;11399,33750470;0,00079973;0,00000000
2016-06-10;11377,45386070;-0,00191973;-0,00191973
2016-06-13;11355,04826106;-0,00196930;-0,00388525
2016-06-14;11344,51004349;-0,00092806;-0,00480971
2016-06-15;11362,19375220;0,00155879;-0,00325841
2016-06-16;11333,06201223;-0,00256392;-0,00581398
2016-06-17;11322,69202232;-0,00091502;-0,00672368
2016-06-20;11311,29664857;-0,00100642;-0,00772333
2016-06-21;11285,62291004;-0,00226974;-0,00997554
2016-06-22;11278,20976922;-0,00065687;-0,01062586
2016-06-23;11310,82183815;0,00289160;-0,00776498
2016-06-24;11434,14580597;0,01090318;0,00000000
2016-06-27;11386,50822411;-0,00416626;-0,00416626
2016-06-28;11433,51390739;0,00412819;-0,00005526
2016-06-29;11525,29775481;0,00802761;0,00000000
2016-06-30;11655,34974631;0,01128405;0,00000000
2016-07-01;11743,30600555;0,00754643;0,00000000
2016-07-05;11762,25429885;0,00161354;0,00000000
2016-07-06;11814,95211489;0,00448025;0,00000000
2016-07-07;11823,92949961;0,00075983;0,00000000
2016-07-08;11920,01525927;0,00812638;0,00000000
2016-07-11;11946,13018356;0,00219085;0,00000000
2016-07-12;11890,63466733;-0,00464548;-0,00464548
2016-07-13;11924,01777128;0,00280751;-0,00185101
2016-07-14;11911,29328099;-0,00106713;-0,00291617
2016-07-15;11914,63419100;0,00028048;-0,00263650
2016-07-18;11932,61840521;0,00150942;-0,00113106
2016-07-19;11953,66723090;0,00176397;0,00000000
2016-07-20;11975,76272679;0,00184843;0,00000000
2016-07-21;11982,19482922;0,00053709;0,00000000
2016-07-22;12008,50385887;0,00219568;0,00000000
2016-07-25;11970,36103975;-0,00317632;-0,00317632
2016-07-26;11992,49451475;0,00184902;-0,00133317
2016-07-27;12073,24712000;0,00673360;0,00000000
2016-07-28;12054,39565798;-0,00156142;-0,00156142
2016-07-29;12088,03577619;0,00279069;0,00000000
2016-08-01;12120,46575897;0,00268282;0,00000000
2016-08-02;12055,09301854;-0,00539358;-0,00539358
2016-08-03;12049,01923325;-0,00050384;-0,00589470
2016-08-04;12134,37020100;0,00708364;0,00000000
2016-08-05;12164,01442536;0,00244300;0,00000000
2016-08-08;12169,06514274;0,00041522;0,00000000
2016-08-09;12218,57143467;0,00406821;0,00000000
2016-08-10;12211,67691839;-0,00056427;-0,00056427
2016-08-11;12237,42798850;0,00210873;0,00000000
2016-08-12;12232,68044899;-0,00038795;-0,00038795
2016-08-15;12290,22843249;0,00470445;0,00000000
2016-08-16;12232,73526425;-0,00467796;-0,00467796
2016-08-17;12203,88076192;-0,00235879;-0,00702572
2016-08-18;12205,90114433;0,00016555;-0,00686133
2016-08-19;12196,00650920;-0,00081064;-0,00766641
2016-08-22;12168,10846098;-0,00228747;-0,00993635
2016-08-23;12190,69000673;0,00185580;-0,00809899
2016-08-24;12122,53250823;-0,00559095;-0,01364465
2016-08-25;12126,22858251;0,00030489;-0,01334392
2016-08-26;12134,02920975;0,00064329;-0,01270922
2016-08-30;12122,38158043;-0,00095991;-0,01365694
2016-08-31;12088,56658997;-0,00278947;-0,01640831
2016-09-01;12062,80775993;-0,00213084;-0,01850419
2016-09-02;12143,62467524;0,00669968;-0,01192848
2016-09-06;12187,14696986;0,00358396;-0,00838727
2016-09-07;12210,23021407;0,00189406;-0,00650909
2016-09-08;12173,48594152;-0,00300930;-0,00949881
2016-09-09;12041,35549774;-0,01085395;-0,02024966
2016-09-12;12047,23049474;0,00048790;-0,01977164
2016-09-13;12013,15710118;-0,00282832;-0,02254403
2016-09-14;12041,53713133;0,00236241;-0,02023488
2016-09-15;12097,46881307;0,00464490;-0,01568397
2016-09-16;12085,59699136;-0,00098135;-0,01664993
2016-09-19;12117,86471871;0,00266993;-0,01402445
2016-09-20;12141,42858724;0,00194456;-0,01210717
2016-09-21;12233,42585750;0,00757714;-0,00462177
2016-09-22;12282,88654474;0,00404308;-0,00059738
2016-09-23;12279,58015007;-0,00026919;-0,00086640
2016-09-26;12212,45201636;-0,00546665;-0,00632831
2016-09-27;12231,07750890;0,00152512;-0,00481284
2016-09-28;12233,55684119;0,00020271;-0,00461111
2016-09-29;12228,85941178;-0,00038398;-0,00499332
2016-09-30;12234,29817643;0,00044475;-0,00455079
2016-10-03;12254,94180425;0,00168736;-0,00287111
2016-10-04;12185,00319361;-0,00570697;-0,00856170
2016-10-05;12189,74164870;0,00038888;-0,00817615
2016-10-06;12186,34921660;-0,00027830;-0,00845218
2016-10-07;12231,96444499;0,00374314;-0,00474068
2016-10-10;12300,17137810;0,00557612;0,00000000
2016-10-11;12247,40459816;-0,00428992;-0,00428992
2016-10-12;12255,47103671;0,00065862;-0,00363412
2016-10-13;12213,15392730;-0,00345292;-0,00707449
2016-10-14;12244,43483638;0,00256125;-0,00453136
2016-10-17;12224,89410868;-0,00159589;-0,00612002
2016-10-18;12251,57159517;0,00218223;-0,00395115
2016-10-19;12292,48476608;0,00333942;-0,00062492
2016-10-20;12265,59877703;-0,00218719;-0,00281074
2016-10-21;12286,83557169;0,00173141;-0,00108420
2016-10-24;12334,70572402;0,00389605;0,00000000
2016-10-25;12344,69804500;0,00081010;0,00000000
2016-10-26;12286,76073158;-0,00469330;-0,00469330
2016-10-27;12297,02311703;0,00083524;-0,00386198
2016-10-28;12313,84802748;0,00136821;-0,00249905
2016-10-31;12290,79533419;-0,00187209;-0,00436647
2016-11-01;12242,40384279;-0,00393721;-0,00828649
2016-11-02;12203,80385374;-0,00315297;-0,01141334
2016-11-03;12132,96359348;-0,00580477;-0,01715185
2016-11-04;12102,82238886;-0,00248424;-0,01959349
2016-11-07;12198,18752554;0,00787958;-0,01186830
2016-11-08;12224,78028084;0,00218006;-0,00971411
2016-11-09;12208,70175309;-0,00131524;-0,01101658
2016-11-10;12103,82768593;-0,00859011;-0,01951205
2016-11-11;12026,31078874;-0,00640433;-0,02579142
2016-11-14;11990,45839164;-0,00298116;-0,02869569
2016-11-15;12087,71557829;0,00811122;-0,02081723
2016-11-16;12104,40413405;0,00138062;-0,01946535
2016-11-17;12127,24709417;0,00188716;-0,01761493
2016-11-18;12127,95530073;0,00005840;-0,01755756
2016-11-21;12146,74860255;0,00154959;-0,01603518
2016-11-22;12174,21335634;0,00226108;-0,01381036
2016-11-23;12104,32697542;-0,00574053;-0,01947160
2016-11-25;12121,84509760;0,00144726;-0,01805252
2016-11-28;12151,10261792;0,00241362;-0,01568248
2016-11-29;12125,96573577;-0,00206869;-0,01771872
2016-11-30;12056,26023401;-0,00574845;-0,02336532
2016-12-01;11939,32394757;-0,00969922;-0,03283791
2016-12-02;11935,60848074;-0,00031120;-0,03313889
2016-12-05;11970,62890523;0,00293411;-0,03030201
2016-12-06;11984,73840788;0,00117868;-0,02915905
2016-12-07;12113,72132467;0,01076226;-0,01871060
2016-12-08;12167,38737865;0,00443019;-0,01436331
2016-12-09;12178,14062698;0,00088378;-0,01349222
2016-12-12;12149,59716357;-0,00234383;-0,01580443
2016-12-13;12211,26553549;0,00507575;-0,01080889
2016-12-14;12154,96165090;-0,00461081;-0,01536987
2016-12-15;12206,59635938;0,00424804;-0,01118713
2016-12-16;12162,25226491;-0,00363280;-0,01477928
2016-12-19;12226,81430680;0,00530840;-0,00954934
2016-12-20;12251,81711513;0,00204492;-0,00752395
2016-12-21;12241,21711753;-0,00086518;-0,00838262
2016-12-22;12231,10573526;-0,00082601;-0,00920171
2016-12-23;12257,46812206;0,00215536;-0,00706619
2016-12-28;12270,04346568;0,00102593;-0,00604750
2016-12-29;12287,10943155;0,00139086;-0,00466505
2016-12-30;12236,08205933;-0,00415292;-0,00879859
2017-01-03;12302,42004896;0,00542151;-0,00342479
2017-01-04;12346,68506275;0,00359807;0,00000000
2017-01-05;12362,08931374;0,00124764;0,00000000
2017-01-06;12412,67341724;0,00409187;0,00000000
2017-01-09;12472,98229361;0,00485865;0,00000000
2017-01-10;12490,01941611;0,00136592;0,00000000
2017-01-11;12515,09877323;0,00200795;0,00000000
2017-01-12;12486,65909882;-0,00227243;-0,00227243
2017-01-13;12543,64542463;0,00456378;0,00000000
2017-01-17;12490,49123636;-0,00423754;-0,00423754
2017-01-18;12491,23669400;0,00005968;-0,00417811
2017-01-19;12477,59123436;-0,00109240;-0,00526595
2017-01-20;12510,39141628;0,00262873;-0,00265106
2017-01-23;12475,48923715;-0,00278986;-0,00543352
2017-01-24;12495,47270559;0,00160182;-0,00384041
2017-01-25;12529,21866965;0,00270066;-0,00115012
2017-01-26;12499,85559991;-0,00234357;-0,00349100
2017-01-27;12524,21481226;0,00194876;-0,00154904
2017-01-30;12474,69897967;-0,00395361;-0,00549652
2017-01-31;12473,37354172;-0,00010625;-0,00560219
2017-02-01;12485,05396249;0,00093643;-0,00467101
2017-02-02;12531,27928008;0,00370245;-0,00098585
2017-02-03;12598,52099219;0,00536591;0,00000000
2017-02-06;12634,99665083;0,00289523;0,00000000
2017-02-07;12635,18747557;0,00001510;0,00000000
2017-02-08;12642,42036732;0,00057244;0,00000000
2017-02-09;12659,63440747;0,00136161;0,00000000
2017-02-10;12695,54685435;0,00283677;0,00000000
2017-02-13;12715,88035727;0,00160162;0,00000000
2017-02-14;12735,95724405;0,00157888;0,00000000
2017-02-15;12785,46509220;0,00388725;0,00000000
2017-02-16;12799,67612611;0,00111150;0,00000000
2017-02-17;12820,50609391;0,00162738;0,00000000
2017-02-21;12851,16235319;0,00239119;0,00000000
2017-02-22;12863,00837246;0,00092179;0,00000000
2017-02-23;12857,50828270;-0,00042759;-0,00042759
2017-02-24;12887,51242865;0,00233359;0,00000000
2017-02-27;12891,07059392;0,00027609;0,00000000
2017-02-28;12886,66753472;-0,00034156;-0,00034156
2017-03-01;13013,02854922;0,00980556;0,00000000
2017-03-02;12955,34371182;-0,00443285;-0,00443285
2017-03-03;12961,16132159;0,00044905;-0,00398579
2017-03-06;12934,69137862;-0,00204225;-0,00601990
2017-03-07;12926,24002002;-0,00065339;-0,00666936
2017-03-08;12926,51627249;0,00002137;-0,00664813
2017-03-09;12906,82746940;-0,00152313;-0,00816113
2017-03-10;12951,42937008;0,00345568;-0,00473365
2017-03-13;12936,71651453;-0,00113600;-0,00586428
2017-03-14;12921,45009193;-0,00118008;-0,00703744
2017-03-15;12993,05612119;0,00554164;-0,00153480
2017-03-16;12994,77957861;0,00013264;-0,00140236
2017-03-17;12999,18144012;0,00033874;-0,00106410
2017-03-20;13018,16707788;0,00146053;0,00000000
2017-03-21;12916,57178475;-0,00780412;-0,00780412
2017-03-22;12931,28753147;0,00113929;-0,00667372
2017-03-23;12923,41436928;-0,00060885;-0,00727850
2017-03-24;12936,95758127;0,00104796;-0,00623817
2017-03-27;12909,57402735;-0,00211669;-0,00834165
2017-03-28;12973,31682374;0,00493764;-0,00344520
2017-03-29;13021,64359685;0,00372509;0,00000000
2017-03-30;13002,30020978;-0,00148548;-0,00148548
2017-03-31;12982,14945678;-0,00154978;-0,00303296
2017-04-03;12979,66745540;-0,00019119;-0,00322357
2017-04-04;13003,71834007;0,00185297;-0,00137657
2017-04-05;12994,60630086;-0,00070073;-0,00207634
2017-04-06;12971,14543821;-0,00180543;-0,00387802
2017-04-07;12994,68932479;0,00181510;-0,00206996
2017-04-10;12988,77639426;-0,00045503;-0,00252404
2017-04-11;12965,89695810;-0,00176148;-0,00428108
2017-04-12;12975,01493622;0,00070323;-0,00358086
2017-04-13;12962,98037642;-0,00092752;-0,00450505
2017-04-18;12921,35233705;-0,00321130;-0,00770189
2017-04-19;12888,88885119;-0,00251239;-0,01019493
2017-04-20;12930,63587878;0,00323899;-0,00698896
2017-04-21;12943,44756613;0,00099080;-0,00600508
2017-04-24;13029,06168043;0,00661448;0,00000000
2017-04-25;13031,63025171;0,00019714;0,00000000
2017-04-26;13051,36399919;0,00151430;0,00000000
2017-04-27;13018,87210882;-0,00248954;-0,00248954
2017-04-28;13029,92390126;0,00084891;-0,00164275
2017-05-02;13062,08964864;0,00246861;0,00000000
2017-05-03;13016,71858653;-0,00347349;-0,00347349
2017-05-04;13003,23016751;-0,00103624;-0,00450613
2017-05-05;13018,19036535;0,00115050;-0,00336082
2017-05-08;13038,29830287;0,00154460;-0,00182140
2017-05-09;13033,54966277;-0,00036421;-0,00218495
2017-05-10;13050,87921538;0,00132961;-0,00085824
2017-05-11;13055,63412171;0,00036434;-0,00049422
2017-05-12;13086,10074076;0,00233360;0,00000000
2017-05-15;13129,34433165;0,00330454;0,00000000
2017-05-16;13167,24136430;0,00288644;0,00000000
2017-05-17;13054,71662988;-0,00854581;-0,00854581
2017-05-18;13025,53483754;-0,00223534;-0,01076205
2017-05-19;13086,85471273;0,00470767;-0,00610505
2017-05-22;13151,94476602;0,00497370;-0,00116172
2017-05-23;13153,65471282;0,00013001;-0,00103185
2017-05-24;13196,65156959;0,00326881;0,00000000
2017-05-25;13239,27594375;0,00322994;0,00000000
2017-05-26;13304,94522950;0,00496019;0,00000000
2017-05-30;13283,40736950;-0,00161879;-0,00161879
2017-05-31;13277,70839218;-0,00042903;-0,00204712
2017-06-01;13308,07861290;0,00228731;0,00000000
2017-06-02;13398,59167012;0,00680136;0,00000000
2017-06-05;13392,87986000;-0,00042630;-0,00042630
2017-06-06;13415,65803126;0,00170077;0,00000000
2017-06-07;13391,81697072;-0,00177711;-0,00177711
2017-06-08;13387,86009631;-0,00029547;-0,00207205
2017-06-09;13339,42328763;-0,00361796;-0,00568252
2017-06-12;13304,68135061;-0,00260446;-0,00827218
2017-06-13;13337,82406501;0,00249106;-0,00580173
2017-06-14;13292,84270909;-0,00337247;-0,00915463
2017-06-15;13239,37745529;-0,00402211;-0,01313991
2017-06-16;13232,65126983;-0,00050804;-0,01364128
2017-06-19;13324,85116395;0,00696761;-0,00676872
2017-06-20;13305,22083064;-0,00147321;-0,00823196
2017-06-21;13308,02584583;0,00021082;-0,00802288
2017-06-22;13330,07529285;0,00165685;-0,00637932
2017-06-23;13344,26519114;0,00106450;-0,00532161
2017-06-26;13303,79582363;-0,00303272;-0,00833818
2017-06-27;13229,32466874;-0,00559774;-0,01388925
2017-06-28;13245,46941913;0,00122038;-0,01268582
2017-06-29;13117,59863716;-0,00965393;-0,02221728
2017-06-30;13096,48860493;-0,00160929;-0,02379081
2017-07-03;13062,94241384;-0,00256146;-0,02629134
2017-07-05;13108,79498518;0,00351013;-0,02287350
2017-07-06;13041,20479001;-0,00515610;-0,02791166
2017-07-07;13085,44755597;0,00339254;-0,02461381
2017-07-10;13133,42961156;0,00366683;-0,02103724
2017-07-11;13144,55901594;0,00084741;-0,02020766
2017-07-12;13240,80292051;0,00732196;-0,01303366
2017-07-13;13235,39344856;-0,00040855;-0,01343688
2017-07-14;13261,44896148;0,00196862;-0,01149471
2017-07-17;13295,86453173;0,00259516;-0,00892938
2017-07-18;13335,93874060;0,00301404;-0,00594226
2017-07-19;13367,23063386;0,00234643;-0,00360977
2017-07-20;13409,94532166;0,00319548;-0,00042582
2017-07-21;13423,09045352;0,00098025;0,00000000
2017-07-24;13410,98164226;-0,00090209;-0,00090209
2017-07-25;13411,13684506;0,00001157;-0,00089053
2017-07-26;13441,90836154;0,00229447;0,00000000
2017-07-27;13422,75011329;-0,00142526;-0,00142526
2017-07-28;13410,30730419;-0,00092699;-0,00235094
2017-07-31;13381,34934458;-0,00215938;-0,00450524
2017-08-01;13404,87212577;0,00175788;-0,00275528
2017-08-02;13400,61565478;-0,00031753;-0,00307194
2017-08-03;13428,21014861;0,00205920;-0,00101907
2017-08-04;13452,73977776;0,00182672;0,00000000
2017-08-07;13483,27825670;0,00227006;0,00000000
2017-08-08;13505,15919518;0,00162282;0,00000000
2017-08-09;13491,82837639;-0,00098709;-0,00098709
2017-08-10;13408,17352180;-0,00620041;-0,00718138
2017-08-11;13425,94213608;0,00132521;-0,00586569
2017-08-14;13516,48959886;0,00674422;0,00000000
2017-08-15;13535,92700786;0,00143805;0,00000000
2017-08-16;13582,36999014;0,00343109;0,00000000
2017-08-17;13484,52892722;-0,00720353;-0,00720353
2017-08-18;13457,35997379;-0,00201482;-0,00920384
2017-08-21;13441,65845124;-0,00116676;-0,01035987
2017-08-22;13541,41906058;0,00742175;-0,00301501
2017-08-23;13556,67834287;0,00112686;-0,00189154
2017-08-24;13533,44378685;-0,00171388;-0,00360218
2017-08-25;13533,71604604;0,00002012;-0,00358214
2017-08-29;13566,05949510;0,00238984;-0,00120086
2017-08-30;13615,02152182;0,00360916;0,00000000
2017-08-31;13709,25964299;0,00692163;0,00000000
2017-09-01;13699,86826797;-0,00068504;-0,00068504
2017-09-05;13653,85072272;-0,00335898;-0,00404171
2017-09-06;13633,44640136;-0,00149440;-0,00553008
2017-09-07;13680,58422362;0,00345751;-0,00209168
2017-09-08;13620,24461209;-0,00441060;-0,00649306
2017-09-11;13672,47190879;0,00383453;-0,00268342
2017-09-12;13677,77653384;0,00038798;-0,00229649
2017-09-13;13667,55951705;-0,00074698;-0,00304175
2017-09-14;13610,90016339;-0,00414554;-0,00717467
2017-09-15;13561,56613773;-0,00362460;-0,01077327
2017-09-18;13572,72832096;0,00082307;-0,00995906
2017-09-19;13600,81764633;0,00206954;-0,00791013
2017-09-20;13555,86684117;-0,00330501;-0,01118899
2017-09-21;13505,92906331;-0,00368385;-0,01483162
2017-09-22;13528,19023296;0,00164825;-0,01320782
2017-09-25;13503,46196730;-0,00182791;-0,01501158
2017-09-26;13501,43467073;-0,00015013;-0,01515946
2017-09-27;13531,24695613;0,00220808;-0,01298485
2017-09-28;13541,24225511;0,00073868;-0,01225576
2017-09-29;13588,86034833;0,00351652;-0,00878233
2017-10-02;13624,72958377;0,00263961;-0,00616591
2017-10-03;13654,24883857;0,00216659;-0,00401268
2017-10-04;13656,46525316;0,00016232;-0,00385100
2017-10-05;13739,53221936;0,00608261;0,00000000
2017-10-06;13779,46080675;0,00290611;0,00000000
2017-10-09;13794,45427518;0,00108810;0,00000000
2017-10-10;13788,44885550;-0,00043535;-0,00043535
2017-10-11;13823,54598452;0,00254540;0,00000000
2017-10-12;13827,53413067;0,00028850;0,00000000
2017-10-13;13843,61964291;0,00116330;0,00000000
2017-10-16;13848,10844730;0,00032425;0,00000000
2017-10-17;13854,45928307;0,00045861;0,00000000
2017-10-18;13860,52417410;0,00043776;0,00000000
2017-10-19;13852,19153389;-0,00060118;-0,00060118
2017-10-20;13877,38440305;0,00181869;0,00000000
2017-10-23;13870,20617786;-0,00051726;-0,00051726
2017-10-24;13885,19889683;0,00108093;0,00000000
2017-10-25;13795,00968763;-0,00649535;-0,00649535
2017-10-26;13834,42633562;0,00285731;-0,00365660
2017-10-27;13996,64479547;0,01172571;0,00000000
2017-10-30;13982,97063628;-0,00097696;-0,00097696
2017-10-31;13986,00825988;0,00021724;-0,00075993
2017-11-01;14010,72195649;0,00176703;0,00000000
2017-11-02;14074,55209796;0,00455581;0,00000000
2017-11-03;14100,19480283;0,00182192;0,00000000
2017-11-06;14122,88106791;0,00160893;0,00000000
2017-11-07;14108,83298223;-0,00099470;-0,00099470
2017-11-08;14161,04155898;0,00370042;0,00000000
2017-11-09;14105,14210282;-0,00394741;-0,00394741
2017-11-10;14053,06217010;-0,00369227;-0,00762510
2017-11-13;14083,66132404;0,00217740;-0,00546430
2017-11-14;14070,15962375;-0,00095868;-0,00641774
2017-11-15;14004,15262726;-0,00469128;-0,01107891
2017-11-16;14086,92042338;0,00591023;-0,00523416
2017-11-17;14073,82863342;-0,00092936;-0,00615865
2017-11-20;14056,71685645;-0,00121586;-0,00736702
2017-11-21;14142,05624448;0,00607108;-0,00134067
2017-11-22;14142,45718916;0,00002835;-0,00131236
2017-11-24;14165,40403945;0,00162255;0,00000000
2017-11-27;14168,55451047;0,00022241;0,00000000
2017-11-28;14229,72625045;0,00431743;0,00000000
2017-11-29;14052,80780069;-0,01243302;-0,01243302
2017-11-30;14070,87708425;0,00128581;-0,01116319
2017-12-01;14020,85691743;-0,00355487;-0,01467838
2017-12-04;13990,99213351;-0,00213003;-0,01677714
2017-12-05;13966,99646484;-0,00171508;-0,01846345
2017-12-06;13987,44141053;0,00146380;-0,01702667
2017-12-07;13980,32863031;-0,00050851;-0,01752652
2017-12-08;14031,67495086;0,00367275;-0,01391814
2017-12-11;14083,45308794;0,00369009;-0,01027941
2017-12-12;14111,16783957;0,00196789;-0,00833174
2017-12-13;14127,13072112;0,00113122;-0,00720994
2017-12-14;14087,14971123;-0,00283009;-0,01001963
2017-12-15;14185,74761262;0,00699914;-0,00309062
2017-12-18;14252,36715080;0,00469623;0,00000000
2017-12-19;14230,53665697;-0,00153171;-0,00153171
2017-12-20;14206,90663059;-0,00166052;-0,00318968
2017-12-21;14233,37666657;0,00186318;-0,00133244
2017-12-22;14237,72962089;0,00030583;-0,00102702
2017-12-27;14241,24462954;0,00024688;-0,00078040
2017-12-28;14248,51718037;0,00051067;-0,00027013
2017-12-29;14237,99092253;-0,00073876;-0,00100869
2018-01-02;14303,10034745;0,00457294;0,00000000
2018-01-03;14386,42004382;0,00582529;0,00000000
2018-01-04;14454,33044553;0,00472045;0,00000000
2018-01-05;14512,40235929;0,00401761;0,00000000
2018-01-08;14538,46259705;0,00179572;0,00000000
2018-01-09;14545,59477970;0,00049057;0,00000000
2018-01-10;14520,79402063;-0,00170504;-0,00170504
2018-01-11;14555,71145737;0,00240465;0,00000000
2018-01-12;14614,49171746;0,00403830;0,00000000
2018-01-16;14591,60910186;-0,00156575;-0,00156575
2018-01-17;14623,71866245;0,00220055;0,00000000
2018-01-18;14611,75803675;-0,00081789;-0,00081789
2018-01-19;14659,25497875;0,00325060;0,00000000
2018-01-22;14697,42340160;0,00260371;0,00000000
2018-01-23;14760,15212886;0,00426801;0,00000000
2018-01-24;14689,71510148;-0,00477211;-0,00477211
2018-01-25;14643,78961930;-0,00312637;-0,00788356
2018-01-26;14780,38521581;0,00932789;0,00000000
2018-01-29;14740,00946268;-0,00273171;-0,00273171
2018-01-30;14623,82831377;-0,00788203;-0,01059221
2018-01-31;14647,99255529;0,00165239;-0,00895732
2018-02-01;14649,26250629;0,00008670;-0,00887140
2018-02-02;14448,37579170;-0,01371309;-0,02246284
2018-02-05;14213,24646828;-0,01627375;-0,03837104
2018-02-06;14174,78861165;-0,00270578;-0,04097299
2018-02-07;14223,56108879;0,00344079;-0,03767318
2018-02-08;13912,30787093;-0,02188293;-0,05873171
2018-02-09;13979,86063678;0,00485561;-0,05416128
2018-02-12;14157,03657522;0,01267366;-0,04217405
2018-02-13;14162,83073329;0,00040928;-0,04178203
2018-02-14;14328,24211116;0,01167926;-0,03059075
2018-02-15;14440,30385592;0,00782104;-0,02300896
2018-02-16;14478,80536584;0,00266625;-0,02040406
2018-02-20;14442,31352555;-0,00252036;-0,02287300
2018-02-21;14413,67871414;-0,00198270;-0,02481035
2018-02-22;14431,05996484;0,00120589;-0,02363438
2018-02-23;14517,68009223;0,00600234;-0,01777390
2018-02-26;14662,94937596;0,01000637;-0,00794538
2018-02-27;14589,95207318;-0,00497835;-0,01288418
2018-02-28;14553,09954232;-0,00252588;-0,01537752
2018-03-01;14416,14342578;-0,00941079;-0,02464359
2018-03-02;14405,94471703;-0,00070745;-0,02533361
2018-03-05;14486,12686222;0,00556591;-0,01990871
2018-03-06;14541,16672622;0,00379949;-0,01618486
2018-03-07;14547,85828179;0,00046018;-0,01573213
2018-03-08;14611,37744693;0,00436622;-0,01143460
2018-03-09;14739,61113528;0,00877629;-0,00275866
2018-03-12;14772,87451554;0,00225673;-0,00050815
2018-03-13;14673,59772827;-0,00672021;-0,00722495
2018-03-14;14654,31326735;-0,00131423;-0,00852968
2018-03-15;14645,49561015;-0,00060171;-0,00912626
2018-03-16;14635,84292313;-0,00065909;-0,00977933
2018-03-19;14451,46022364;-0,01259802;-0,02225416
2018-03-20;14455,75881574;0,00029745;-0,02196332
2018-03-21;14461,44072084;0,00039305;-0,02157890
2018-03-22;14248,17317688;-0,01474732;-0,03600800
2018-03-23;14087,28552744;-0,01129181;-0,04689321
2018-03-26;14232,44088353;0,01030400;-0,03707240
2018-03-27;14147,74175846;-0,00595113;-0,04280291
2018-03-28;14026,39191984;-0,00857733;-0,05101310
2018-03-29;14181,37515231;0,01104940;-0,04052736
2018-04-03;14073,41891405;-0,00761254;-0,04783139
2018-04-04;14141,31956459;0,00482474;-0,04323742
2018-04-05;14261,62110455;0,00850709;-0,03509815
2018-04-06;14088,70994519;-0,01212423;-0,04679684
2018-04-09;14132,77419396;0,00312763;-0,04381557
2018-04-10;14282,29282423;0,01057957;-0,03369955
2018-04-11;14255,29600410;-0,00189023;-0,03552608
2018-04-12;14290,61712629;0,00247775;-0,03313635
2018-04-13;14282,30678844;-0,00058152;-0,03369861
2018-04-16;14320,56611937;0,00267879;-0,03111009
2018-04-17;14463,76537657;0,00999955;-0,02142162
2018-04-18;14486,65966669;0,00158287;-0,01987266
2018-04-19;14412,31088546;-0,00513222;-0,02490289
2018-04-20;14335,85129211;-0,00530516;-0,03007594
2018-04-23;14332,89064703;-0,00020652;-0,03027625
2018-04-24;14244,17323109;-0,00618978;-0,03627862
2018-04-25;14180,47081223;-0,00447217;-0,04058855
2018-04-26;14300,44555133;0,00846056;-0,03247139
2018-04-27;14360,55263153;0,00420316;-0,02840471
2018-04-30;14323,39652063;-0,00258737;-0,03091859
2018-05-01;14360,13011406;0,00256459;-0,02843330
2018-05-02;14380,88060706;0,00144501;-0,02702938
2018-05-03;14359,10732783;-0,00151404;-0,02850250
2018-05-04;14534,38679464;0,01220685;-0,01664357
2018-05-08;14602,84359526;0,00470999;-0,01201198
2018-05-09;14656,15964867;0,00365107;-0,00840476
2018-05-10;14813,51830732;0,01073669;0,00000000
2018-05-11;14804,34276901;-0,00061940;-0,00061940
2018-05-14;14796,74573257;-0,00051316;-0,00113225
2018-05-15;14689,25521906;-0,00726447;-0,00838849
2018-05-16;14718,35889466;0,00198129;-0,00642382
2018-05-17;14706,79138694;-0,00078592;-0,00720470
2018-05-18;14678,17952891;-0,00194549;-0,00913617
2018-05-21;14765,89470912;0,00597589;-0,00321487
2018-05-22;14767,76908581;0,00012694;-0,00308834
2018-05-23;14782,59308009;0,00100381;-0,00208764
2018-05-24;14787,58210528;0,00033749;-0,00175085
2018-05-25;14796,16766396;0,00058059;-0,00117127
2018-05-29;14733,59306486;-0,00422911;-0,00539543
2018-05-30;14791,55889592;0,00393426;-0,00148239
2018-05-31;14785,21186591;-0,00042910;-0,00191085
2018-06-01;14869,51328754;0,00570174;0,00000000
2018-06-04;14946,80506120;0,00519800;0,00000000
2018-06-05;14957,90172877;0,00074241;0,00000000
2018-06-06;15000,71565360;0,00286229;0,00000000
2018-06-07;14964,28341003;-0,00242870;-0,00242870
2018-06-08;14959,39638239;-0,00032658;-0,00275449
2018-06-11;15003,12849531;0,00292339;0,00000000
2018-06-12;15011,83589243;0,00058037;0,00000000
2018-06-13;15007,12626777;-0,00031373;-0,00031373
2018-06-14;15053,02783241;0,00305865;0,00000000
2018-06-15;14974,70181727;-0,00520334;-0,00520334
2018-06-18;14980,00348335;0,00035404;-0,00485114
2018-06-19;14939,70353306;-0,00269025;-0,00752834
2018-06-20;14952,45588964;0,00085359;-0,00668118
2018-06-21;14862,88235804;-0,00599056;-0,01263171
2018-06-22;14870,87935597;0,00053805;-0,01210045
2018-06-25;14677,19578560;-0,01302435;-0,02496721
2018-06-26;14704,07514275;0,00183137;-0,02318156
2018-06-27;14656,39286422;-0,00324279;-0,02634918
2018-06-28;14694,14535871;0,00257584;-0,02384122
2018-06-29;14723,98936815;0,00203101;-0,02185862
2018-07-02;14710,92246647;-0,00088746;-0,02272668
2018-07-03;14690,79496644;-0,00136820;-0,02406379
2018-07-05;14765,53803225;0,00508775;-0,01909847
2018-07-06;14848,64347796;0,00562834;-0,01357762
2018-07-09;14942,99549820;0,00635425;-0,00730965
2018-07-10;14956,24157685;0,00088644;-0,00642969
2018-07-11;14883,83763203;-0,00484105;-0,01123961
2018-07-12;15001,60557556;0,00791247;-0,00341607
2018-07-13;15003,68468186;0,00013859;-0,00327796
2018-07-16;14979,41413124;-0,00161764;-0,00489029
2018-07-17;15023,25115262;0,00292648;-0,00197812
2018-07-18;15065,43788259;0,00280810;0,00000000
2018-07-19;15048,52117130;-0,00112288;-0,00112288
2018-07-20;15039,26063627;-0,00061538;-0,00173757
2018-07-23;15045,09994574;0,00038827;-0,00134997
2018-07-24;15100,90827029;0,00370940;0,00000000
2018-07-25;15175,00421390;0,00490672;0,00000000
2018-07-26;15100,97661727;-0,00487826;-0,00487826
2018-07-27;15010,92705576;-0,00596316;-0,01081233
2018-07-30;14889,95396410;-0,00805900;-0,01878420
2018-07-31;14925,00247746;0,00235384;-0,01647457
2018-08-01;14948,69592787;0,00158750;-0,01491323
2018-08-02;15012,89169126;0,00429441;-0,01068287
2018-08-03;15067,46005028;0,00363477;-0,00708693
2018-08-06;15117,49509330;0,00332074;-0,00378973
2018-08-07;15170,71443840;0,00352038;-0,00028269
2018-08-08;15214,11430555;0,00286077;0,00000000
2018-08-09;15219,83846389;0,00037624;0,00000000
2018-08-10;15149,59733866;-0,00461510;-0,00461510
2018-08-13;15101,20956192;-0,00319400;-0,00779436
2018-08-14;15150,76841950;0,00328178;-0,00453816
2018-08-15;15019,41301176;-0,00866988;-0,01316870
2018-08-16;15086,46301160;0,00446422;-0,00876326
2018-08-17;15109,33054066;0,00151576;-0,00726078
2018-08-20;15129,36049636;0,00132567;-0,00594474
2018-08-21;15130,36112498;0,00006614;-0,00587899
2018-08-22;15146,61325735;0,00107414;-0,00481117
2018-08-23;15147,02803239;0,00002738;-0,00478392
2018-08-24;15258,71853953;0,00737376;0,00000000
2018-08-28;15353,94803387;0,00624099;0,00000000
2018-08-29;15387,63148751;0,00219380;0,00000000
2018-08-30;15340,67503038;-0,00305157;-0,00305157
2018-08-31;15328,65368884;-0,00078363;-0,00383281
2018-09-04;15327,29440721;-0,00008868;-0,00392114
2018-09-05;15210,04434153;-0,00764976;-0,01154090
2018-09-06;15146,24847104;-0,00419433;-0,01568682
2018-09-07;15116,15847579;-0,00198663;-0,01764229
2018-09-10;15117,90561470;0,00011558;-0,01752875
2018-09-11;15175,71155456;0,00382367;-0,01377210
2018-09-12;15179,95801214;0,00027982;-0,01349613
2018-09-13;15225,78896251;0,00301918;-0,01051770
2018-09-14;15233,60555184;0,00051338;-0,01000972
2018-09-17;15146,14025722;-0,00574160;-0,01569385
2018-09-18;15195,67672804;0,00327057;-0,01247461
2018-09-19;15198,02492316;0,00015453;-0,01232201
2018-09-20;15275,70042463;0,00511089;-0,00727409
2018-09-21;15307,80533753;0,00210170;-0,00518768
2018-09-24;15295,86418505;-0,00078007;-0,00596371
2018-09-25;15300,55406089;0,00030661;-0,00565892
2018-09-26;15261,23538548;-0,00256976;-0,00821414
2018-09-27;15295,47767365;0,00224374;-0,00598882
2018-09-28;15337,42660078;0,00274257;-0,00326268
2018-10-01;15373,57360210;0,00235678;-0,00091358
2018-10-02;15403,55099814;0,00194993;0,00000000
2018-10-03;15417,47458699;0,00090392;0,00000000
2018-10-04;15249,48480935;-0,01089606;-0,01089606
2018-10-05;15136,75744973;-0,00739221;-0,01820772
2018-10-08;15022,19050309;-0,00756879;-0,02563871
2018-10-09;15049,70263619;0,00183143;-0,02385423
2018-10-10;14685,63353409;-0,02419112;-0,04746828
2018-10-11;14563,24985857;-0,00833356;-0,05540627
2018-10-12;14736,89036956;0,01192320;-0,04414369
2018-10-15;14682,07424142;-0,00371965;-0,04769914
2018-10-16;14866,23181482;0,01254302;-0,03575441
2018-10-17;14855,19146658;-0,00074265;-0,03647051
2018-10-18;14748,57028621;-0,00717737;-0,04338611
2018-10-19;14757,60926072;0,00061287;-0,04279983
2018-10-22;14785,18686326;0,00186870;-0,04101111
2018-10-23;14700,29170223;-0,00574191;-0,04651753
2018-10-24;14468,44070337;-0,01577186;-0,06155573
2018-10-25;14669,19718918;0,01387547;-0,04853437
2018-10-26;14493,60399868;-0,01197020;-0,05992360
2018-10-29;14440,87167718;-0,00363832;-0,06334390
2018-10-30;14504,06525332;0,00437602;-0,05924507
2018-10-31;14679,68516671;0,01210832;-0,04785410
2018-11-01;14724,31356260;0,00304015;-0,04495944
2018-11-02;14624,73140904;-0,00676311;-0,05141848
2018-11-05;14602,28341706;-0,00153493;-0,05287449
2018-11-06;14622,56111898;0,00138867;-0,05155925
2018-11-07;14822,42059265;0,01366788;-0,03859607
2018-11-08;14841,27258054;0,00127186;-0,03737331
2018-11-09;14715,07372080;-0,00850324;-0,04555875
2018-11-12;14484,95240643;-0,01563848;-0,06048476
2018-11-13;14459,24281102;-0,00177492;-0,06215232
2018-11-14;14378,53562129;-0,00558170;-0,06738710
2018-11-15;14572,98139355;0,01352334;-0,05477507
2018-11-16;14595,89109090;0,00157207;-0,05328911
2018-11-19;14364,51250429;-0,01585231;-0,06829666
2018-11-20;14187,67426809;-0,01231077;-0,07976665
2018-11-21;14281,57805880;0,00661869;-0,07367591
2018-11-23;14189,05070749;-0,00647879;-0,07967737
2018-11-26;14332,41111675;0,01010359;-0,07037881
2018-11-27;14349,74163667;0,00120918;-0,06925472
2018-11-28;14560,77799723;0,01470663;-0,05556660
2018-11-29;14561,07906618;0,00002068;-0,05554707
2018-11-30;14607,70925215;0,00320239;-0,05252257
2018-12-03;14818,74897600;0,01444715;-0,03883422
2018-12-04;14609,31461158;-0,01413307;-0,05241844
2018-12-06;14402,36213467;-0,01416579;-0,06584168
2018-12-07;14291,50179874;-0,00769737;-0,07303225
2018-12-10;14325,68138923;0,00239160;-0,07081531
2018-12-11;14413,64926136;0,00614057;-0,06510958
2018-12-12;14467,44822843;0,00373250;-0,06162010
2018-12-13;14450,88011004;-0,00114520;-0,06269473
2018-12-14;14283,49040926;-0,01158336;-0,07355188
2018-12-17;14144,69445030;-0,00971723;-0,08255439
2018-12-18;14129,78844732;-0,00105382;-0,08352121
2018-12-19;14032,56003400;-0,00688109;-0,08982759
2018-12-20;13879,99892814;-0,01087194;-0,09972292
2018-12-21;13696,92006253;-0,01319012;-0,11159769
2018-12-24;13507,83162409;-0,01380518;-0,12386224
2018-12-27;13863,38454388;0,02632198;-0,10080056
2018-12-28;13934,49124038;0,00512910;-0,09618847
2018-12-31;13993,56394570;0,00423932;-0,09235693
2019-01-02;14032,68093057;0,00279536;-0,08981975
2019-01-03;13766,59902253;-0,01896159;-0,10707821
2019-01-04;14009,09412715;0,01761474;-0,09134962
2019-01-07;14086,63601032;0,00553511;-0,08632014
2019-01-08;14149,77184599;0,00448197;-0,08222506
2019-01-09;14268,34992195;0,00838021;-0,07453391
2019-01-10;14269,10199928;0,00005271;-0,07448513
2019-01-11;14246,74959090;-0,00156649;-0,07593494
2019-01-14;14174,79539108;-0,00505057;-0,08060199
2019-01-15;14309,96783868;0,00953611;-0,07183451
2019-01-16;14319,06665495;0,00063584;-0,07124435
2019-01-17;14326,92628081;0,00054889;-0,07073456
2019-01-18;14458,59365296;0,00919020;-0,06219442
2019-01-22;14325,88849430;-0,00917829;-0,07080187
2019-01-23;14289,63193623;-0,00253084;-0,07315353
2019-01-24;14342,51116886;0,00370053;-0,06972370
2019-01-25;14460,29782690;0,00821242;-0,06208389
2019-01-28;14359,77006917;-0,00695198;-0,06860427
2019-01-29;14338,06571735;-0,00151147;-0,07001204
2019-01-30;14559,72581194;0,01545955;-0,05563484
2019-01-31;14583,29667234;0,00161891;-0,05410600
2019-02-01;14638,79677664;0,00380573;-0,05050618
2019-02-04;14715,54061992;0,00524250;-0,04552847
2019-02-05;14846,20886993;0,00887961;-0,03705313
2019-02-06;14838,66367722;-0,00050822;-0,03754252
2019-02-07;14703,23345231;-0,00912685;-0,04632673
2019-02-08;14737,45255654;0,00232732;-0,04410723
2019-02-11;14777,51591061;0,00271847;-0,04150866
2019-02-12;14889,36318869;0,00756875;-0,03425408
2019-02-13;14913,65901453;0,00163176;-0,03267822
2019-02-14;14951,86007098;0,00256148;-0,03020044
2019-02-15;15035,18552592;0,00557292;-0,02479583
2019-02-19;15026,20772102;-0,00059712;-0,02537814
2019-02-20;15041,30654554;0,00100483;-0,02439881
2019-02-21;14999,69284321;-0,00276663;-0,02709794
2019-02-22;15107,60951728;0,00719459;-0,02009830
2019-02-25;15150,30971103;0,00282640;-0,01732871
2019-02-26;15097,89473368;-0,00345966;-0,02072842
2019-02-27;15040,16525523;-0,00382368;-0,02447284
2019-02-28;15020,09505056;-0,00133444;-0,02577462
2019-03-01;15037,29540006;0,00114516;-0,02465898
2019-03-04;15024,68710362;-0,00083847;-0,02547677
2019-03-05;15021,98814674;-0,00017963;-0,02565183
2019-03-06;14974,87963117;-0,00313597;-0,02870736
2019-03-07;14892,88596533;-0,00547541;-0,03402559
2019-03-08;14911,85673054;0,00127381;-0,03279512
2019-03-11;15046,63685371;0,00903845;-0,02405308
2019-03-12;15131,83390256;0,00566220;-0,01852707
2019-03-13;15170,86106391;0,00257914;-0,01599571
2019-03-14;15131,34586131;-0,00260468;-0,01855873
2019-03-15;15233,68372135;0,00676330;-0,01192094
2019-03-18;15286,29459203;0,00345359;-0,00850853
2019-03-19;15324,70511904;0,00251274;-0,00601716
2019-03-20;15305,06027692;-0,00128191;-0,00729136
2019-03-21;15522,54732992;0,01421014;0,00000000
2019-03-22;15280,76954324;-0,01557591;-0,01557591
2019-03-25;15270,81970460;-0,00065113;-0,01621690
2019-03-26;15301,95449461;0,00203884;-0,01421112
2019-03-27;15228,79613980;-0,00478098;-0,01892416
2019-03-28;15277,78414158;0,00321680;-0,01576824
2019-03-29;15380,68021978;0,00673501;-0,00913942
2019-04-01;15460,07453356;0,00516195;-0,00402465
2019-04-02;15527,21487050;0,00434282;0,00000000
2019-04-03;15566,64142589;0,00253919;0,00000000
2019-04-04;15562,28300210;-0,00027998;-0,00027998
2019-04-05;15627,42257701;0,00418573;0,00000000
2019-04-08;15654,51314239;0,00173353;0,00000000
2019-04-09;15624,92174180;-0,00189028;-0,00189028
2019-04-10;15658,41484268;0,00214357;0,00000000
2019-04-11;15630,51092895;-0,00178204;-0,00178204
2019-04-12;15677,70151831;0,00301913;0,00000000
2019-04-15;15675,14477615;-0,00016308;-0,00016308
2019-04-16;15717,86579912;0,00272540;0,00000000
2019-04-17;15739,48170897;0,00137524;0,00000000
2019-04-18;15766,72900567;0,00173114;0,00000000
2019-04-23;15897,22254302;0,00827651;0,00000000
2019-04-24;15903,25139977;0,00037924;0,00000000
2019-04-25;15904,37648497;0,00007075;0,00000000
2019-04-26;15897,80068378;-0,00041346;-0,00041346
2019-04-29;15908,05251757;0,00064486;0,00000000
2019-04-30;15877,81799211;-0,00190058;-0,00190058
2019-05-01;15851,46464705;-0,00165976;-0,00355718
2019-05-02;15772,75600844;-0,00496539;-0,00850491
2019-05-03;15842,72797922;0,00443626;-0,00410638
2019-05-07;15631,42764512;-0,01333737;-0,01738898
2019-05-08;15630,80846464;-0,00003961;-0,01742791
2019-05-09;15518,86531721;-0,00716170;-0,02446479
2019-05-10;15542,67170427;0,00153403;-0,02296829
2019-05-13;15332,11517989;-0,01354700;-0,03620414
2019-05-14;15477,08764985;0,00945548;-0,02709099
2019-05-15;15568,78697560;0,00592484;-0,02132665
2019-05-16;15687,03764634;0,00759537;-0,01389327
2019-05-17;15627,66102216;-0,00378508;-0,01762576
2019-05-20;15479,54612440;-0,00947774;-0,02693645
2019-05-21;15560,25267372;0,00521375;-0,02186313
2019-05-22;15565,48573157;0,00033631;-0,02153417
2019-05-23;15413,95758835;-0,00973488;-0,03105942
2019-05-24;15431,81824903;0,00115873;-0,02993668
2019-05-28;15410,12074527;-0,00140602;-0,03130061
2019-05-29;15321,16174698;-0,00577276;-0,03689269
2019-05-30;15397,75853780;0,00499941;-0,03207772
2019-05-31;15307,34152840;-0,00587209;-0,03776144
2019-06-03;15242,15705723;-0,00425838;-0,04185902
2019-06-04;15454,71216955;0,01394521;-0,02849754
2019-06-05;15560,07599302;0,00681759;-0,02187424
2019-06-06;15658,82237831;0,00634614;-0,01566692
2019-06-07;15832,04319450;0,01106219;-0,00477804
2019-06-10;15923,30467538;0,00576435;0,00000000
2019-06-11;15901,96907416;-0,00133990;-0,00133990
2019-06-12;15860,66233644;-0,00259759;-0,00393400
2019-06-13;15913,45118641;0,00332829;-0,00061881
2019-06-14;15875,23004177;-0,00240181;-0,00301914
2019-06-17;15906,70660367;0,00198275;-0,00104238
2019-06-18;16083,12830409;0,01109103;0,00000000
2019-06-19;16092,11056923;0,00055849;0,00000000
2019-06-20;16267,64494442;0,01090810;0,00000000
2019-06-21;16269,90480928;0,00013892;0,00000000
2019-06-24;16312,82762535;0,00263817;0,00000000
2019-06-25;16190,33429995;-0,00750902;-0,00750902
2019-06-26;16221,45599277;0,00192224;-0,00560121
2019-06-27;16240,61706243;0,00118122;-0,00442661
2019-06-28;16256,97017788;0,00100693;-0,00342414
2019-07-01;16358,60609817;0,00625184;0,00000000
2019-07-02;16462,49114236;0,00635048;0,00000000
2019-07-03;16560,02560393;0,00592465;0,00000000
2019-07-05;16514,46450141;-0,00275127;-0,00275127
2019-07-08;16444,10901025;-0,00426023;-0,00699978
2019-07-09;16484,47853204;0,00245495;-0,00456201
2019-07-10;16581,91546683;0,00591083;0,00000000
2019-07-11;16576,23248018;-0,00034272;-0,00034272
2019-07-12;16642,16593946;0,00397759;0,00000000
2019-07-15;16692,54148995;0,00302698;0,00000000
2019-07-16;16647,71218204;-0,00268559;-0,00268559
2019-07-17;16643,54213503;-0,00025049;-0,00293540
2019-07-18;16685,00277935;0,00249109;-0,00045162
2019-07-19;16641,62333235;-0,00259991;-0,00305035
2019-07-22;16695,69721029;0,00324932;0,00000000
2019-07-23;16756,04149093;0,00361436;0,00000000
2019-07-24;16816,06532233;0,00358222;0,00000000
2019-07-25;16772,95861150;-0,00256342;-0,00256342
2019-07-26;16839,77184373;0,00398339;0,00000000
2019-07-29;16919,10712197;0,00471118;0,00000000
2019-07-30;16893,87879553;-0,00149111;-0,00149111
2019-07-31;16736,10900313;-0,00933887;-0,01081606
2019-08-01;16803,48996875;0,00402608;-0,00683353
2019-08-02;16564,19684106;-0,01424068;-0,02097689
2019-08-05;16245,87465799;-0,01921748;-0,03979125
2019-08-06;16336,27715223;0,00556464;-0,03444803
2019-08-07;16434,50217334;0,00601269;-0,02864247
2019-08-08;16700,77509511;0,01620207;-0,01290447
2019-08-09;16608,21837920;-0,00554206;-0,01837501
2019-08-12;16551,69810767;-0,00340315;-0,02171563
2019-08-13;16724,22979602;0,01042381;-0,01151818
2019-08-14;16456,67247131;-0,01599819;-0,02733210
2019-08-15;16424,32634666;-0,00196553;-0,02924391
2019-08-16;16570,20002568;0,00888156;-0,02062208
2019-08-19;16688,10579054;0,00711553;-0,01365328
2019-08-20;16655,31675426;-0,00196481;-0,01559127
2019-08-21;16743,32767399;0,00528425;-0,01038940
2019-08-22;16658,93619223;-0,00504031;-0,01537734
2019-08-23;16464,32172665;-0,01168229;-0,02687999
2019-08-27;16556,28403255;0,00558555;-0,02144458
2019-08-28;16587,21706108;0,00186836;-0,01961629
2019-08-29;16737,26254558;0,00904585;-0,01074788
2019-08-30;16722,84413684;-0,00086146;-0,01160008
2019-09-03;16721,43744793;-0,00008412;-0,01168322
2019-09-04;16856,94759929;0,00810398;-0,00367392
2019-09-05;16923,86499799;0,00396972;0,00000000
2019-09-06;16910,85143900;-0,00076895;-0,00076895
2019-09-09;16835,75619996;-0,00444065;-0,00520619
2019-09-10;16753,02305388;-0,00491413;-0,01009474
2019-09-11;16890,37548649;0,00819867;-0,00197883
2019-09-12;16959,20735403;0,00407521;0,00000000
2019-09-13;16856,99257813;-0,00602710;-0,00602710
2019-09-16;16847,28870243;-0,00057566;-0,00659929
2019-09-17;16860,99726737;0,00081370;-0,00579096
2019-09-18;16839,22293142;-0,00129140;-0,00707488
2019-09-19;16901,57253268;0,00370264;-0,00339844
2019-09-20;16846,22089642;-0,00327494;-0,00666225
2019-09-23;16875,13453417;0,00171633;-0,00495736
2019-09-24;16821,42209313;-0,00318293;-0,00812451
2019-09-25;16837,82007944;0,00097483;-0,00715760
2019-09-26;16853,79663424;0,00094885;-0,00621555
2019-09-27;16793,66025874;-0,00356812;-0,00976149
2019-09-30;16808,64186408;0,00089210;-0,00887810
2019-10-01;16756,64627065;-0,00309338;-0,01194402
2019-10-02;16537,00407134;-0,01310777;-0,02489522
2019-10-03;16592,36384636;0,00334763;-0,02163093
2019-10-04;16788,28433215;0,01180787;-0,01007848
2019-10-07;16766,93010315;-0,00127197;-0,01133763
2019-10-08;16647,54021456;-0,00712056;-0,01837746
2019-10-09;16754,15259826;0,00640409;-0,01209106
2019-10-10;16771,11091118;0,00101219;-0,01109111
2019-10-11;16792,29449215;0,00126310;-0,00984202
2019-10-14;16803,38767292;0,00066061;-0,00918791
2019-10-15;16847,22733073;0,00260898;-0,00660290
2019-10-16;16777,45802135;-0,00414129;-0,01071685
2019-10-17;16769,53130630;-0,00047246;-0,01118425
2019-10-18;16691,08937373;-0,00467765;-0,01580958
2019-10-21;16725,22588455;0,00204519;-0,01379672
2019-10-22;16670,36244632;-0,00328028;-0,01703175
2019-10-23;16700,00757334;0,00177831;-0,01528372
2019-10-24;16853,22574756;0,00917474;-0,00624921
2019-10-25;16948,49462607;0,00565286;-0,00063168
2019-10-28;17014,99659102;0,00392377;0,00000000
2019-10-29;16940,25535134;-0,00439267;-0,00439267
2019-10-30;16998,54325424;0,00344079;-0,00096699
2019-10-31;16993,87236534;-0,00027478;-0,00124151
2019-11-01;17113,05838831;0,00701347;0,00000000
2019-11-04;17187,51205760;0,00435069;0,00000000
2019-11-05;17135,80031715;-0,00300868;-0,00300868
2019-11-06;17147,71192206;0,00069513;-0,00231564
2019-11-07;17196,63847600;0,00285324;0,00000000
2019-11-08;17211,27190165;0,00085095;0,00000000
2019-11-11;17176,48129350;-0,00202139;-0,00202139
2019-11-12;17239,80510788;0,00368666;0,00000000
2019-11-13;17246,12429865;0,00036655;0,00000000
2019-11-14;17238,11281933;-0,00046454;-0,00046454
2019-11-15;17313,75419658;0,00438803;0,00000000
2019-11-18;17323,44518692;0,00055973;0,00000000
2019-11-19;17350,04041842;0,00153522;0,00000000
2019-11-20;17307,07956793;-0,00247612;-0,00247612
2019-11-21;17237,13833730;-0,00404119;-0,00650731
2019-11-22;17258,89330823;0,00126210;-0,00525342
2019-11-25;17354,08004397;0,00551523;0,00000000
2019-11-26;17408,99637895;0,00316446;0,00000000
2019-11-27;17428,65992723;0,00112950;0,00000000
2019-11-29;17398,99288158;-0,00170220;-0,00170220
2019-12-02;17250,84834753;-0,00851455;-0,01020225
2019-12-03;17149,71004022;-0,00586280;-0,01600524
2019-12-04;17187,69836082;0,00221510;-0,01382559
2019-12-05;17197,83645250;0,00058985;-0,01324390
2019-12-06;17307,12074958;0,00635454;-0,00697352
2019-12-09;17249,06190903;-0,00335462;-0,01030475
2019-12-10;17245,01618602;-0,00023455;-0,01053688
2019-12-11;17316,59564280;0,00415073;-0,00642989
2019-12-12;17428,04640592;0,00643607;-0,00003520
2019-12-13;17424,83307312;-0,00018438;-0,00021957
2019-12-16;17545,41133104;0,00691991;0,00000000
2019-12-17;17587,78650057;0,00241517;0,00000000
2019-12-18;17610,21758495;0,00127538;0,00000000
2019-12-19;17693,06891621;0,00470473;0,00000000
2019-12-20;17748,31280387;0,00312235;0,00000000
2019-12-23;17839,61759030;0,00514442;0,00000000
2019-12-24;17858,54069672;0,00106073;0,00000000
2019-12-27;17904,91300064;0,00259665;0,00000000
2019-12-30;17831,80579822;-0,00408308;-0,00408308
2019-12-31;17826,48965648;-0,00029813;-0,00437999
2020-01-02;18039,19223621;0,01193183;0,00000000
2020-01-03;18010,03695528;-0,00161622;-0,00161622
2020-01-06;18024,23328837;0,00078825;-0,00082925
2020-01-07;18066,90772638;0,00236761;0,00000000
2020-01-08;18135,11808089;0,00377543;0,00000000
2020-01-09;18238,49841522;0,00570056;0,00000000
2020-01-10;18251,35732848;0,00070504;0,00000000
2020-01-13;18346,95529691;0,00523786;0,00000000
2020-01-14;18316,12388911;-0,00168046;-0,00168046
2020-01-15;18348,65296896;0,00177598;0,00000000
2020-01-16;18439,43740765;0,00494774;0,00000000
2020-01-17;18536,62011484;0,00527037;0,00000000
2020-01-21;18526,41823971;-0,00055036;-0,00055036
2020-01-22;18521,56276083;-0,00026208;-0,00081230
2020-01-23;18537,13946327;0,00084100;0,00000000
2020-01-24;18553,41909950;0,00087822;0,00000000
2020-01-27;18290,36276290;-0,01417832;-0,01417832
2020-01-28;18476,33981091;0,01016803;-0,00415445
2020-01-29;18519,77620332;0,00235092;-0,00181330
2020-01-30;18502,54446016;-0,00093045;-0,00274206
2020-01-31;18251,44950176;-0,01357083;-0,01627568
2020-02-03;18414,04428698;0,00890860;-0,00751208
2020-02-04;18636,37297366;0,01207387;0,00000000
2020-02-05;18738,43624610;0,00547656;0,00000000
2020-02-06;18876,96445264;0,00739273;0,00000000
2020-02-07;18804,78356633;-0,00382375;-0,00382375
2020-02-10;18909,10575285;0,00554764;0,00000000
2020-02-11;18907,66149594;-0,00007638;-0,00007638
2020-02-12;18989,67824526;0,00433775;0,00000000
2020-02-13;18952,07756590;-0,00198006;-0,00198006
2020-02-14;19009,49957546;0,00302985;0,00000000
2020-02-18;18989,11388710;-0,00107239;-0,00107239
2020-02-19;19179,14588304;0,01000742;0,00000000
2020-02-20;19095,28017624;-0,00437276;-0,00437276
2020-02-21;18911,94142635;-0,00960126;-0,01393203
2020-02-24;18464,68554509;-0,02364939;-0,03725194
2020-02-25;18056,10472992;-0,02212769;-0,05855533
2020-02-26;18124,11910498;0,00376684;-0,05500906
2020-02-27;17572,10587512;-0,03045738;-0,08379101
2020-02-28;17366,12488490;-0,01172204;-0,09453085
2020-03-02;17905,40338749;0,03105347;-0,06641289
2020-03-03;17744,20207453;-0,00900294;-0,07481792
2020-03-04;18101,75517038;0,02015042;-0,05617511
2020-03-05;17907,56004241;-0,01072797;-0,06630044
2020-03-06;17552,72424216;-0,01981486;-0,08480157
2020-03-09;16762,33416369;-0,04502948;-0,12601248
2020-03-10;17102,25598539;0,02027891;-0,10828897
2020-03-11;16776,20480417;-0,01906481;-0,12528926
2020-03-12;15670,71013987;-0,06589659;-0,18292972
2020-03-13;16303,46265552;0,04037804;-0,14993802
2020-03-16;15361,71309474;-0,05776378;-0,19904081
2020-03-17;15869,06628145;0,03302712;-0,17258744
2020-03-18;15478,03366587;-0,02464119;-0,19297586
2020-03-19;15505,88765411;0,00179958;-0,19152356
2020-03-20;15249,06968007;-0,01656261;-0,20491404
2020-03-23;15214,45479663;-0,00226997;-0,20671886
2020-03-24;16173,62439099;0,06304331;-0,15670779
2020-03-25;16250,04500458;0,00472501;-0,15272322
2020-03-26;16700,53825816;0,02772258;-0,12923452
2020-03-27;16190,29389745;-0,03055257;-0,15583864
2020-03-30;16547,85722785;0,02208504;-0,13719530
2020-03-31;16378,93700187;-0,01020798;-0,14600279
2020-04-01;15904,08702406;-0,02899150;-0,17076146
2020-04-02;16098,16703637;0,01220315;-0,16064213
2020-04-03;16048,89430354;-0,00306077;-0,16321121
2020-04-06;16814,82136805;0,04772460;-0,12327580
2020-04-07;16899,78491501;0,00505290;-0,11884580
2020-04-08;16992,55035946;0,00548915;-0,11400901
2020-04-09;17170,37130403;0,01046464;-0,10473744
2020-04-14;17558,95702332;0,02263118;-0,08447659
2020-04-15;17323,62756788;-0,01340225;-0,09674666
2020-04-16;17442,13270951;0,00684067;-0,09056781
2020-04-17;17526,97387395;0,00486415;-0,08614419
2020-04-20;17487,36465163;-0,00225990;-0,08820941
2020-04-21;17046,62478308;-0,02520333;-0,11118958
2020-04-22;17435,52476119;0,02281390;-0,09091234
2020-04-23;17471,99250568;0,00209158;-0,08901092
2020-04-24;17562,59175119;0,00518540;-0,08428708
2020-04-27;17691,58687873;0,00734488;-0,07756127
2020-04-28;17606,86161045;-0,00478901;-0,08197885
2020-04-29;17998,40186843;0,02223794;-0,06156395
2020-04-30;17788,98813284;-0,01163513;-0,07248278
2020-05-01;17526,74026245;-0,01474215;-0,08615637
2020-05-04;17612,79474399;0,00490990;-0,08166949
2020-05-05;17830,93997163;0,01238561;-0,07029541
2020-05-06;17853,13932363;0,00124499;-0,06913794
2020-05-07;18076,66255174;0,01252011;-0,05748344
2020-05-11;18233,02341451;0,00864987;-0,04933079
2020-05-12;18121,95803749;-0,00609144;-0,05512174
2020-05-13;17926,94126567;-0,01076135;-0,06528991
2020-05-14;17996,69130831;0,00389079;-0,06165314
2020-05-15;18117,65176876;0,00672126;-0,05534627
2020-05-18;18436,44620466;0,01759579;-0,03872434
2020-05-19;18425,34759013;-0,00060199;-0,03930302
2020-05-20;18634,75630237;0,01136525;-0,02838445
2020-05-21;18426,48036153;-0,01117675;-0,03924395
2020-05-22;18480,42869175;0,00292776;-0,03643109
2020-05-26;18498,70787317;0,00098911;-0,03547801
2020-05-27;18577,27678952;0,00424727;-0,03138143
2020-05-28;18642,41320855;0,00350624;-0,02798522
2020-05-29;18682,10734001;0,00212924;-0,02591557
2020-06-01;18725,30105370;0,00231204;-0,02366345
2020-06-02;18776,28309141;0,00272263;-0,02100525
2020-06-03;18855,55355395;0,00422184;-0,01687209
2020-06-04;18821,34208256;-0,00181440;-0,01865588
2020-06-05;19036,46621806;0,01142980;-0,00743931
2020-06-08;19121,92898277;0,00448942;-0,00298329
2020-06-09;19164,74713458;0,00223922;-0,00075075
2020-06-10;19327,30046057;0,00848189;0,00000000
2020-06-11;18694,08074277;-0,03276297;-0,03276297
2020-06-12;18785,64735619;0,00489816;-0,02802529
2020-06-15;18816,58931917;0,00164711;-0,02642434
2020-06-16;19140,99152529;0,01724022;-0,00963968
2020-06-17;19176,27353285;0,00184327;-0,00781418
2020-06-18;19218,84889200;0,00222021;-0,00561131
2020-06-19;19256,94347234;0,00198215;-0,00364029
2020-06-22;19364,03610802;0,00556125;0,00000000
2020-06-23;19496,59371637;0,00684556;0,00000000
2020-06-24;19192,36535412;-0,01560418;-0,01560418
2020-06-25;19278,64575901;0,00449556;-0,01117877
2020-06-26;19155,58224581;-0,00638341;-0,01749082
2020-06-29;19284,30710824;0,00671997;-0,01088839
2020-06-30;19436,10930113;0,00787180;-0,00310231
2020-07-01;19433,67162703;-0,00012542;-0,00322734
2020-07-02;19560,80151352;0,00654173;0,00000000
2020-07-06;19789,17363410;0,01167499;0,00000000
2020-07-07;19670,70408081;-0,00598658;-0,00598658
2020-07-08;19782,28260904;0,00567232;-0,00034822
2020-07-09;19764,47248826;-0,00090031;-0,00124822
2020-07-10;19788,73030311;0,00122734;-0,00002240
2020-07-13;19738,69927110;-0,00252826;-0,00255060
2020-07-14;19787,08323700;0,00245122;-0,00010563
2020-07-15;19913,15182341;0,00637126;0,00000000
2020-07-16;19737,94134432;-0,00879873;-0,00879873
2020-07-17;19858,52158541;0,00610906;-0,00274342
2020-07-20;20071,23947475;0,01071167;0,00000000
2020-07-21;20050,13435247;-0,00105151;-0,00105151
2020-07-22;20160,22542540;0,00549079;0,00000000
2020-07-23;19984,92245348;-0,00869549;-0,00869549
2020-07-24;19815,96792277;-0,00845410;-0,01707607
2020-07-27;20001,51131289;0,00936333;-0,00787264
2020-07-28;19933,65271227;-0,00339267;-0,01123860
2020-07-29;20079,00987773;0,00729205;-0,00402850
2020-07-30;20020,55935696;-0,00291103;-0,00692780
2020-07-31;20243,56851167;0,01113901;0,00000000
2020-08-03;20560,51401386;0,01565660;0,00000000
2020-08-04;20677,74066298;0,00570154;0,00000000
2020-08-05;20770,41330451;0,00448176;0,00000000
2020-08-06;20931,25120249;0,00774361;0,00000000
2020-08-07;20778,13474285;-0,00731521;-0,00731521
2020-08-10;20726,70178179;-0,00247534;-0,00977244
2020-08-11;20407,43085631;-0,01540385;-0,02502575
2020-08-12;20631,31846697;0,01097089;-0,01432942
2020-08-13;20704,95997104;0,00356940;-0,01081117
2020-08-14;20658,39478867;-0,00224899;-0,01303584
2020-08-17;20825,39853085;0,00808406;-0,00505716
2020-08-18;20850,99044278;0,00122888;-0,00383449
2020-08-19;20749,53317679;-0,00486582;-0,00868166
2020-08-20;20862,25445448;0,00543247;-0,00329635
2020-08-21;20970,03706473;0,00516639;0,00000000
2020-08-24;21099,07364694;0,00615338;0,00000000
2020-08-25;21140,09642745;0,00194429;0,00000000
2020-08-26;21393,99707034;0,01201038;0,00000000
2020-08-27;21372,39940243;-0,00100952;-0,00100952
2020-08-28;21473,48344997;0,00472965;0,00000000
2020-09-01;21689,35346472;0,01005286;0,00000000
2020-09-02;21822,57725923;0,00614236;0,00000000
2020-09-03;21128,67515706;-0,03179744;-0,03179744
2020-09-04;20906,25688905;-0,01052684;-0,04198956
2020-09-08;20529,18279158;-0,01803642;-0,05926864
2020-09-09;20936,20039171;0,01982629;-0,04061742
2020-09-10;20786,07925837;-0,00717041;-0,04749659
2020-09-11;20701,70180718;-0,00405933;-0,05136311
2020-09-14;20935,68123056;0,01130242;-0,04064121
2020-09-15;21058,29754574;0,00585681;-0,03502243
2020-09-16;20883,34269618;-0,00830812;-0,04303958
2020-09-17;20724,02719967;-0,00762883;-0,05034007
2020-09-18;20557,48314478;-0,00803628;-0,05797180
2020-09-21;20436,21431902;-0,00589901;-0,06352884
2020-09-22;20632,06659492;0,00958359;-0,05455408
2020-09-23;20293,07732711;-0,01643021;-0,07008796
2020-09-24;20288,43500112;-0,00022876;-0,07030069
2020-09-25;20518,49018979;0,01133923;-0,05975862
2020-09-28;20789,23340515;0,01319508;-0,04735205
2020-09-29;20792,21836612;0,00014358;-0,04721527
2020-09-30;20845,09994069;0,00254333;-0,04479202
2020-10-01;20997,65275528;0,00731840;-0,03780142
2020-10-02;20716,08989525;-0,01340925;-0,05070379
2020-10-05;20986,98521205;0,01307657;-0,03829025
2020-10-06;20809,36578461;-0,00846331;-0,04642951
2020-10-07;20997,98338487;0,00906407;-0,03778627
2020-10-08;21101,23979041;0,00491744;-0,03305464
2020-10-09;21322,56018269;0,01048850;-0,02291283
2020-10-12;21613,54819314;0,01364695;-0,00957857
2020-10-13;21511,13976860;-0,00473816;-0,01427134
2020-10-14;21438,93583633;-0,00335658;-0,01758002
2020-10-15;21367,75578534;-0,00332013;-0,02084179
2020-10-16;21385,26154609;0,00081926;-0,02003960
2020-10-19;21163,21956100;-0,01038294;-0,03021447
2020-10-20;21192,54633136;0,00138574;-0,02887060
2020-10-21;21123,09027859;-0,00327738;-0,03205336
2020-10-22;21046,18046386;-0,00364103;-0,03557769
2020-10-23;21079,12289832;0,00156525;-0,03406813
2020-10-26;20800,59608097;-0,01321340;-0,04683137
2020-10-27;20827,50955401;0,00129388;-0,04559808
2020-10-28;20263,06910024;-0,02710072;-0,07146306
2020-10-29;20412,33306686;0,00736631;-0,06462317
2020-10-30;20172,20661185;-0,01176379;-0,07562675
2020-11-02;20320,02882971;0,00732801;-0,06885293
2020-11-03;20555,81506485;0,01160364;-0,05804824
2020-11-04;21043,30677188;0,02371551;-0,03570937
2020-11-05;21458,09931515;0,01971138;-0,01670187
2020-11-06;21467,42600997;0,00043465;-0,01627449
2020-11-09;21401,74170152;-0,00305972;-0,01928441
2020-11-10;21125,98917688;-0,01288458;-0,03192052
2020-11-11;21388,13869172;0,01240886;-0,01990776
2020-11-12;21331,57846662;-0,00264447;-0,02249958
2020-11-13;21426,31398032;0,00444109;-0,01815841
2020-11-16;21596,80219614;0,00795695;-0,01034594
2020-11-17;21499,61595898;-0,00450003;-0,01479941
2020-11-18;21373,66286836;-0,00585839;-0,02057110
2020-11-19;21413,65758710;0,00187122;-0,01873838
2020-11-20;21328,46801373;-0,00397828;-0,02264211
2020-11-23;21234,55893800;-0,00440299;-0,02694541
2020-11-24;21379,66733839;0,00683360;-0,02029595
2020-11-25;21382,46622067;0,00013091;-0,02016769
2020-11-27;21456,02472663;0,00344013;-0,01679694
2020-11-30;21421,82480359;-0,00159395;-0,01836412
2020-12-01;21682,23058226;0,01215610;-0,00643126
2020-12-02;21724,93261195;0,00196945;-0,00447448
2020-12-03;21714,40679507;-0,00048450;-0,00495681
2020-12-04;21834,10118346;0,00551221;0,00000000
2020-12-07;21965,52286976;0,00601910;0,00000000
2020-12-08;22006,72311969;0,00187568;0,00000000
2020-12-09;21758,19632316;-0,01129322;-0,01129322
2020-12-10;21780,78759493;0,00103829;-0,01026666
2020-12-11;21757,45740529;-0,00107114;-0,01132680
2020-12-14;21775,21372045;0,00081610;-0,01051994
2020-12-15;21940,40564456;0,00758624;-0,00301351
2020-12-16;22050,98072254;0,00503979;0,00000000
2020-12-17;22160,95100344;0,00498709;0,00000000
2020-12-18;22138,71121756;-0,00100356;-0,00100356
2020-12-21;22134,59821197;-0,00018578;-0,00118915
2020-12-22;22237,93883340;0,00466874;0,00000000
2020-12-23;22141,40840369;-0,00434080;-0,00434080
2020-12-24;22185,02606119;0,00196996;-0,00237939
2020-12-29;22344,44635324;0,00718594;0,00000000
2020-12-30;22332,82934279;-0,00051991;-0,00051991
2020-12-31;22330,19289658;-0,00011805;-0,00063790
2021-01-04;22251,39579231;-0,00352872;-0,00416437
2021-01-05;22322,34628026;0,00318859;-0,00098906
2021-01-06;22189,72005800;-0,00594141;-0,00692460
2021-01-07;22492,32564822;0,01363720;0,00000000
2021-01-08;22448,86496788;-0,00193224;-0,00193224
2021-01-11;22366,09902420;-0,00368687;-0,00561199
2021-01-12;22277,94849071;-0,00394126;-0,00953112
2021-01-13;22339,46231102;0,00276120;-0,00679624
2021-01-14;22247,21949491;-0,00412914;-0,01089732
2021-01-15;22068,92968385;-0,00801403;-0,01882402
2021-01-19;22239,29431458;0,00771966;-0,01124967
2021-01-20;22551,68699623;0,01404688;0,00000000
2021-01-21;22671,00415032;0,00529083;0,00000000
2021-01-22;22599,46191927;-0,00315567;-0,00315567
2021-01-25;22660,96049618;0,00272124;-0,00044302
2021-01-26;22670,93489739;0,00044016;-0,00000305
2021-01-27;22364,04178278;-0,01353685;-0,01353987
2021-01-28;22416,38912429;0,00234069;-0,01123087
2021-01-29;22075,85469948;-0,01519131;-0,02625157
2021-02-01;22416,88621003;0,01544817;-0,01120894
2021-02-02;22623,58608982;0,00922072;-0,00209157
2021-02-03;22575,72961844;-0,00211534;-0,00420248
2021-02-04;22693,49961273;0,00521666;0,00000000
2021-02-05;22728,77928404;0,00155462;0,00000000
2021-02-08;22909,69847745;0,00795992;0,00000000
2021-02-09;22892,85885389;-0,00073504;-0,00073504
2021-02-10;22869,42287376;-0,00102372;-0,00175802
2021-02-11;22990,65084044;0,00530088;0,00000000
2021-02-12;23041,09567832;0,00219415;0,00000000
2021-02-16;22953,81223643;-0,00378816;-0,00378816
2021-02-17;22795,51118180;-0,00689650;-0,01065854
2021-02-18;22677,11361321;-0,00519390;-0,01579708
2021-02-19;22701,10244433;0,00105784;-0,01475595
2021-02-22;22448,93892862;-0,01110799;-0,02570003
2021-02-23;22353,96180426;-0,00423081;-0,02982210
2021-02-24;22556,92940210;0,00907971;-0,02101316
2021-02-25;22098,44684994;-0,02032557;-0,04091163
2021-02-26;22023,94465975;-0,00337138;-0,04414508
2021-03-01;22445,66991125;0,01914849;-0,02584190
2021-03-02;22284,27229376;-0,00719059;-0,03284668
2021-03-03;21951,17838140;-0,01494749;-0,04730319
2021-03-04;21628,27687959;-0,01470998;-0,06131734
2021-03-05;21760,41714581;0,00610961;-0,05558236
2021-03-08;21651,51365188;-0,00500466;-0,06030885
2021-03-09;22057,94356874;0,01877143;-0,04266950
2021-03-10;22049,04193890;-0,00040356;-0,04305584
2021-03-11;22305,14079187;0,01161497;-0,03194097
2021-03-12;22226,25479254;-0,00353667;-0,03536468
2021-03-15;22380,86739390;0,00695630;-0,02865438
2021-03-16;22501,30856574;0,00538143;-0,02342715
2021-03-17;22495,01624222;-0,00027964;-0,02370024
2021-03-18;22186,90793480;-0,01369674;-0,03707236
2021-03-19;22141,40585037;-0,00205085;-0,03904718
2021-03-22;22368,16355536;0,01024134;-0,02920573
2021-03-23;22288,92709986;-0,00354238;-0,03264465
2021-03-24;22178,77300051;-0,00494210;-0,03742542
2021-03-25;22106,65701315;-0,00325158;-0,04055531
2021-03-26;22420,33799880;0,01418944;-0,02694133
2021-03-29;22338,46147438;-0,00365189;-0,03049483
2021-03-30;22215,79133696;-0,00549143;-0,03581880
2021-03-31;22423,01016158;0,00932755;-0,02682535
2021-04-01;22697,96523893;0,01226218;-0,01489211
2021-04-06;22990,46739311;0,01288671;-0,00219730
2021-04-07;23063,95043605;0,00319624;0,00000000
2021-04-08;23305,44171126;0,01047051;0,00000000
2021-04-09;23404,48214593;0,00424967;0,00000000
2021-04-12;23334,96838237;-0,00297010;-0,00297010
2021-04-13;23484,27788969;0,00639853;0,00000000
2021-04-14;23351,26871389;-0,00566375;-0,00566375
2021-04-15;23630,14669439;0,01194273;0,00000000
2021-04-16;23653,56040446;0,00099084;0,00000000
2021-04-19;23469,21995784;-0,00779335;-0,00779335
2021-04-20;23319,10320607;-0,00639632;-0,01413982
2021-04-21;23517,63155639;0,00851355;-0,00574665
2021-04-22;23435,96929278;-0,00347238;-0,00919908
2021-04-23;23588,24279886;0,00649743;-0,00276143
2021-04-26;23666,69283131;0,00332581;0,00000000
2021-04-27;23600,89973864;-0,00277999;-0,00277999
2021-04-28;23520,24555242;-0,00341742;-0,00618791
2021-04-29;23480,77030372;-0,00167835;-0,00785587
2021-04-30;23344,85958697;-0,00578817;-0,01359857
2021-05-04;23043,53573771;-0,01290750;-0,02633055
2021-05-05;23089,85261143;0,00200997;-0,02437350
2021-05-06;23260,19456424;0,00737735;-0,01717596
2021-05-07;23432,63168633;0,00741340;-0,00988990
2021-05-10;23107,86595005;-0,01385955;-0,02361238
2021-05-11;22949,64791917;-0,00684693;-0,03029764
2021-05-12;22578,55014451;-0,01617009;-0,04597781
2021-05-13;22752,89371111;0,00772165;-0,03861119
2021-05-14;23078,12125894;0,01429390;-0,02486919
2021-05-17;23017,77747880;-0,00261476;-0,02741893
2021-05-18;22938,21659610;-0,00345650;-0,03078065
2021-05-19;22889,79227299;-0,00211108;-0,03282675
2021-05-20;23212,90367484;0,01411596;-0,01917417
2021-05-21;23170,76134230;-0,00181547;-0,02095483
2021-05-24;23417,51418362;0,01064932;-0,01052866
2021-05-25;23453,29201969;0,00152782;-0,00901693
2021-05-26;23453,03211793;-0,00001108;-0,00902791
2021-05-27;23384,57330847;-0,00291897;-0,01192053
2021-05-28;23456,45482358;0,00307389;-0,00888329
2021-06-01;23402,43609548;-0,00230294;-0,01116577
2021-06-02;23501,71409440;0,00424221;-0,00697092
2021-06-03;23326,64588707;-0,00744917;-0,01436816
2021-06-04;23588,70154165;0,01123418;-0,00329540
2021-06-07;23604,17296926;0,00065588;-0,00264168
2021-06-08;23601,81267024;-0,00009999;-0,00274141
2021-06-09;23631,29921683;0,00124933;-0,00149550
2021-06-10;23719,00427800;0,00371139;0,00000000
2021-06-11;23764,11194353;0,00190175;0,00000000
2021-06-14;23866,58434297;0,00431207;0,00000000
2021-06-15;23799,68318307;-0,00280313;-0,00280313
2021-06-16;23679,14549647;-0,00506468;-0,00785361
2021-06-17;23723,25102825;0,00186263;-0,00600561
2021-06-18;23566,85991750;-0,00659231;-0,01255833
2021-06-21;23740,57857317;0,00737131;-0,00527959
2021-06-22;23861,40698021;0,00508953;-0,00021693
2021-06-23;23829,78950608;-0,00132505;-0,00154169
2021-06-24;23955,29210873;0,00526663;0,00000000
2021-06-25;23971,30423428;0,00066842;0,00000000
2021-06-28;24091,88483280;0,00503021;0,00000000
2021-06-29;24178,72501968;0,00360454;0,00000000
2021-06-30;24175,52218362;-0,00013247;-0,00013247
2021-07-01;24236,65675314;0,00252878;0,00000000
2021-07-02;24440,74371781;0,00842059;0,00000000
2021-07-06;24487,67706328;0,00192029;0,00000000
2021-07-07;24607,33812637;0,00488658;0,00000000
2021-07-08;24429,13851572;-0,00724173;-0,00724173
2021-07-09;24597,86860392;0,00690692;-0,00038483
2021-07-12;24610,00624581;0,00049344;0,00000000
2021-07-13;24690,14172856;0,00325622;0,00000000
2021-07-14;24789,56134612;0,00402669;0,00000000
2021-07-15;24662,71992547;-0,00511673;-0,00511673
2021-07-16;24511,87431543;-0,00611634;-0,01120177
2021-07-19;24267,16130957;-0,00998345;-0,02107339
2021-07-20;24542,40881410;0,01134239;-0,00997002
2021-07-21;24670,90514047;0,00523569;-0,00478654
2021-07-22;24758,27654030;0,00354148;-0,00126202
2021-07-23;24926,23834738;0,00678407;0,00000000
2021-07-26;24894,93033389;-0,00125603;-0,00125603
2021-07-27;24711,66748359;-0,00736145;-0,00860823
2021-07-28;24744,51747014;0,00132933;-0,00729035
2021-07-29;24846,79161685;0,00413320;-0,00318727
2021-07-30;24802,80268691;-0,00177041;-0,00495204
2021-08-02;24788,21813961;-0,00058802;-0,00553715
2021-08-03;24836,85626030;0,00196215;-0,00358586
2021-08-04;24877,18786137;0,00162386;-0,00196783
2021-08-05;24946,59928139;0,00279016;0,00000000
2021-08-06;24872,42508441;-0,00297332;-0,00297332
2021-08-09;24773,92193000;-0,00396034;-0,00692188
2021-08-10;24702,59985366;-0,00287892;-0,00978087
2021-08-11;24754,68857630;0,00210863;-0,00769286
2021-08-12;24852,25894113;0,00394149;-0,00378169
2021-08-13;24985,34715392;0,00535518;0,00000000
2021-08-16;25024,38932065;0,00156260;0,00000000
2021-08-17;24951,73849196;-0,00290320;-0,00290320
2021-08-18;24780,47857974;-0,00686365;-0,00974692
2021-08-19;24849,00847348;0,00276548;-0,00700840
2021-08-20;25064,19982639;0,00865996;0,00000000
2021-08-23;25302,74737985;0,00951746;0,00000000
2021-08-24;25299,02189977;-0,00014724;-0,00014724
2021-08-25;25275,06874778;-0,00094680;-0,00109390
2021-08-26;25184,34192133;-0,00358958;-0,00467955
2021-08-27;25371,76115232;0,00744190;0,00000000
2021-08-31;25447,99017398;0,00300448;0,00000000
2021-09-01;25470,63238259;0,00088974;0,00000000
2021-09-02;25450,38800636;-0,00079481;-0,00079481
2021-09-03;25520,71972639;0,00276348;0,00000000
2021-09-07;25473,39699287;-0,00185429;-0,00185429
2021-09-08;25394,57690846;-0,00309421;-0,00494276
2021-09-09;25332,32822123;-0,00245126;-0,00738190
2021-09-10;25167,00332630;-0,00652624;-0,01385997
2021-09-13;25161,48047952;-0,00021945;-0,01407638
2021-09-14;25165,34955372;0,00015377;-0,01392477
2021-09-15;25238,02711466;0,00288800;-0,01107698
2021-09-16;25188,63953969;-0,00195687;-0,01301218
2021-09-17;24968,32836419;-0,00874645;-0,02164482
2021-09-20;24691,74675749;-0,01107730;-0,03248235
2021-09-21;24768,85316234;0,00312276;-0,02946103
2021-09-22;24949,35799010;0,00728757;-0,02238815
2021-09-23;25108,57778896;0,00638172;-0,01614931
2021-09-24;25115,96069760;0,00029404;-0,01586002
2021-09-27;24990,14285288;-0,00500948;-0,02079004
2021-09-28;24536,90459921;-0,01813668;-0,03854966
2021-09-29;24567,40236669;0,00124293;-0,03735464
2021-09-30;24483,81760270;-0,00340226;-0,04062982
2021-10-01;24603,30113137;0,00488010;-0,03594799
2021-10-04;24262,22305453;-0,01386310;-0,04931274
2021-10-05;24500,40263771;0,00981689;-0,03997995
2021-10-06;24537,05571160;0,00149602;-0,03854374
2021-10-07;24753,91088154;0,00883786;-0,03004652
2021-10-08;24684,48319287;-0,00280472;-0,03276697
2021-10-11;24630,50265028;-0,00218682;-0,03488213
2021-10-12;24535,99185981;-0,00383714;-0,03858543
2021-10-13;24646,81960862;0,00451695;-0,03424277
2021-10-14;25023,30861080;0,01527536;-0,01949048
2021-10-15;25083,02163130;0,00238630;-0,01715070
2021-10-18;25207,43057964;0,00495989;-0,01227587
2021-10-19;25351,15092202;0,00570151;-0,00664436
2021-10-20;25368,87931557;0,00069931;-0,00594969
2021-10-21;25405,67739353;0,00145052;-0,00450780
2021-10-22;25412,58238562;0,00027179;-0,00423724
2021-10-25;25502,52213547;0,00353918;-0,00071305
2021-10-26;25541,86844205;0,00154284;0,00000000
2021-10-27;25537,07830558;-0,00018754;-0,00018754
2021-10-28;25656,12032677;0,00466154;0,00000000
2021-10-29;25725,60450790;0,00270829;0,00000000
2021-11-01;25768,67448183;0,00167421;0,00000000
2021-11-02;25927,05354243;0,00614619;0,00000000
2021-11-03;25947,66618873;0,00079502;0,00000000
2021-11-04;26315,20369994;0,01416457;0,00000000
2021-11-05;26479,18871501;0,00623157;0,00000000
2021-11-08;26535,05440619;0,00210980;0,00000000
2021-11-09;26475,53444372;-0,00224307;-0,00224307
2021-11-10;26318,73409794;-0,00592246;-0,00815225
2021-11-11;26422,18787719;0,00393080;-0,00425349
2021-11-12;26608,96896341;0,00706910;0,00000000
2021-11-15;26591,28162301;-0,00066471;-0,00066471
2021-11-16;26721,11694891;0,00488263;0,00000000
2021-11-17;26666,96303564;-0,00202663;-0,00202663
2021-11-18;26782,59619417;0,00433620;0,00000000
2021-11-19;26866,21876744;0,00312227;0,00000000
2021-11-22;26661,09846404;-0,00763488;-0,00763488
2021-11-23;26535,14320502;-0,00472431;-0,01232312
2021-11-24;26666,66995539;0,00495670;-0,00742750
2021-11-26;26164,02510091;-0,01884918;-0,02613668
2021-11-29;26568,20123010;0,01544778;-0,01109265
2021-11-30;26375,29423236;-0,00726082;-0,01827293
2021-12-01;26271,33108665;-0,00394169;-0,02214259
2021-12-02;26254,76335511;-0,00063064;-0,02275927
2021-12-03;26068,45116047;-0,00709632;-0,02969408
2021-12-06;26234,03279433;0,00635180;-0,02353089
2021-12-07;26883,00758729;0,02473790;0,00000000
2021-12-08;26937,52672167;0,00202801;0,00000000
2021-12-09;26788,94834538;-0,00551567;-0,00551567
2021-12-10;27032,56798788;0,00909404;0,00000000
2021-12-13;26820,04010793;-0,00786192;-0,00786192
2021-12-14;26472,43358367;-0,01296070;-0,02072072
2021-12-15;26856,95044963;0,01452518;-0,00649652
2021-12-16;26576,19467127;-0,01045375;-0,01688235
2021-12-17;26439,48759244;-0,00514397;-0,02193948
2021-12-20;26148,18810430;-0,01101759;-0,03271535
2021-12-21;26559,79740111;0,01574141;-0,01748893
2021-12-22;26828,82658899;0,01012919;-0,00753689
2021-12-23;26946,16153166;0,00437347;-0,00319638
2021-12-29;27203,99390319;0,00956843;0,00000000
2021-12-30;27146,83572021;-0,00210110;-0,00210110
2021-12-31;27070,85873312;-0,00279874;-0,00489396
2022-01-04;27033,13316773;-0,00139359;-0,00628072
2022-01-05;26580,40103914;-0,01674731;-0,02292284
2022-01-06;26356,01353637;-0,00844184;-0,03117117
2022-01-07;26216,79178560;-0,00528235;-0,03628887
2022-01-10;26131,49820480;-0,00325340;-0,03942420
2022-01-11;26414,59310090;0,01083347;-0,02901783
2022-01-12;26516,60328874;0,00386189;-0,02526800
2022-01-13;26143,33633054;-0,01407673;-0,03898904
2022-01-14;26151,66655709;0,00031864;-0,03868283
2022-01-18;25812,73848187;-0,01296009;-0,05114159
2022-01-19;25638,96392342;-0,00673212;-0,05752942
2022-01-20;25507,92107105;-0,00511108;-0,06234646
2022-01-21;25133,64683389;-0,01467286;-0,07610453
2022-01-24;24985,86732963;-0,00587975;-0,08153680
2022-01-25;24746,35049599;-0,00958609;-0,09034127
2022-01-26;24875,29901077;0,00521081;-0,08560121
2022-01-27;24761,65238331;-0,00456865;-0,08977879
2022-01-28;25201,82347312;0,01777632;-0,07359840
2022-01-31;25675,76587076;0,01880588;-0,05617661
2022-02-01;25758,33139084;0,00321570;-0,05314155
2022-02-02;25892,97548430;0,00522721;-0,04819213
2022-02-03;25445,00554564;-0,01730083;-0,06465920
2022-02-04;25479,49128112;0,00135530;-0,06339152
2022-02-07;25460,52296310;-0,00074445;-0,06408879
2022-02-08;25630,23656363;0,00666575;-0,05785023
2022-02-09;26031,78286773;0,01566690;-0,04308967
2022-02-10;25624,58227625;-0,01564244;-0,05805808
2022-02-11;25236,77963329;-0,01513401;-0,07231344
2022-02-14;25167,23095073;-0,00275585;-0,07487000
2022-02-15;25533,34098546;0,01454709;-0,06141205
2022-02-16;25516,39143692;-0,00066382;-0,06203510
2022-02-17;25136,53208498;-0,01488688;-0,07599847
2022-02-18;24934,95929419;-0,00801912;-0,08340814
2022-02-22;24777,64051838;-0,00630917;-0,08919107
2022-02-23;24451,71993763;-0,01315382;-0,10117169
2022-02-24;24752,44610949;0,01229877;-0,09011720
2022-02-25;25135,92470984;0,01549255;-0,07602079
2022-02-28;25170,51304592;0,00137605;-0,07474935
2022-03-01;24916,88677952;-0,01007632;-0,08407248
2022-03-02;25207,27580433;0,01165431;-0,07339798
2022-03-03;25030,80964999;-0,00700060;-0,07988475
2022-03-04;24811,24514864;-0,00877177;-0,08795579
2022-03-07;24404,20185142;-0,01640560;-0,10291842
2022-03-08;24351,66998086;-0,00215257;-0,10484945
2022-03-09;24850,45165717;0,02048244;-0,08651459
2022-03-10;24596,73255090;-0,01020984;-0,09584112
2022-03-11;24418,83136865;-0,00723272;-0,10238065
2022-03-14;24106,97961370;-0,01277095;-0,11384410
2022-03-15;24460,72003480;0,01467378;-0,10084085
2022-03-16;24990,31848675;0,02165098;-0,08137318
2022-03-17;25154,28761047;0,00656131;-0,07534579
2022-03-18;25427,46672214;0,01086014;-0,06530391
2022-03-21;25451,41972677;0,00094201;-0,06442341
2022-03-22;25634,48189322;0,00719261;-0,05769418
2022-03-23;25494,76394642;-0,00545039;-0,06283011
2022-03-24;25848,70503417;0,01388289;-0,04981948
2022-03-25;25852,55738942;0,00014903;-0,04967787
2022-03-28;25991,73511225;0,00538352;-0,04456179
2022-03-29;26375,04812721;0,01474750;-0,03047147
2022-03-30;26219,96442636;-0,00587994;-0,03617224
2022-03-31;26001,27222647;-0,00834067;-0,04421122
2022-04-01;25882,80768943;-0,00455611;-0,04856589
2022-04-04;26189,50199915;0,01184934;-0,03729202
2022-04-05;25877,51034808;-0,01191285;-0,04876062
2022-04-06;25468,46396385;-0,01580702;-0,06379688
2022-04-07;25489,66869354;0,00083259;-0,06301741
2022-04-08;25439,54651609;-0,00196637;-0,06485987
2022-04-11;25049,90561167;-0,01531635;-0,07918280
2022-04-12;25046,83080596;-0,00012275;-0,07929582
2022-04-13;25217,32941584;0,00680719;-0,07302841
2022-04-14;24911,75208279;-0,01211775;-0,08426122
2022-04-19;25151,80853700;0,00963627;-0,07543691
2022-04-20;25188,59766074;0,00146268;-0,07408457
2022-04-21;24967,45859193;-0,00877933;-0,08221349
2022-04-22;24507,61178146;-0,01841785;-0,09911714
2022-04-25;24520,11437675;0,00051015;-0,09865756
2022-04-26;24110,21216926;-0,01671698;-0,11372528
2022-04-27;24280,80674461;0,00707561;-0,10745434
2022-04-28;24810,38688195;0,02181065;-0,08798734
2022-04-29;24292,33969702;-0,02088025;-0,10703039
2022-05-03;24401,30736967;0,00448568;-0,10302482
2022-05-04;24777,54558663;0,01541877;-0,08919456
2022-05-05;24266,53525471;-0,02062393;-0,10797895
2022-05-06;24146,30421444;-0,00495460;-0,11239856
2022-05-09;23461,36131243;-0,02836637;-0,13757659
2022-05-10;23561,67576222;0,00427573;-0,13388910
2022-05-11;23316,45184052;-0,01040775;-0,14290336
2022-05-12;23072,94889803;-0,01044340;-0,15185436
2022-05-13;23531,15582956;0,01985905;-0,13501099
2022-05-16;23434,27040671;-0,00411733;-0,13857243
2022-05-17;23718,95231812;0,01214810;-0,12810772
2022-05-18;23130,54629740;-0,02480742;-0,14973712
2022-05-19;22954,06216077;-0,00762992;-0,15622455
2022-05-20;22956,09272997;0,00008846;-0,15614991
2022-05-23;23301,50635311;0,01504671;-0,14345274
2022-05-24;23097,51509523;-0,00875442;-0,15095132
2022-05-25;23263,04720339;0,00716666;-0,14486647
2022-05-26;23619,18089959;0,01530899;-0,13177525
2022-05-27;24080,88353496;0,01954778;-0,11480338
2022-05-31;23962,31528592;-0,00492375;-0,11916186
2022-06-01;23963,64133242;0,00005534;-0,11911312
2022-06-06;24004,18861228;0,00169203;-0,11762263
2022-06-07;24112,08447088;0,00449488;-0,11365645
2022-06-08;24034,48876257;-0,00321813;-0,11650882
2022-06-09;23632,29935776;-0,01673384;-0,13129302
2022-06-10;23091,37415079;-0,02288923;-0,15117706
2022-06-13;22399,69166483;-0,02995415;-0,17660283
2022-06-14;22448,62530047;0,00218457;-0,17480406
2022-06-15;22732,75304910;0,01265680;-0,16435972
2022-06-16;22097,17319492;-0,02795877;-0,18772320
2022-06-17;22196,86273106;0,00451142;-0,18405868
2022-06-21;22546,75572188;0,01576317;-0,17119685
2022-06-22;22517,09198444;-0,00131565;-0,17228727
2022-06-23;22639,27168797;0,00542609;-0,16779603
2022-06-24;23153,52968717;0,02271531;-0,14889226
2022-06-27;23126,97033696;-0,00114710;-0,14986857
2022-06-28;22805,42717245;-0,01390338;-0,16168827
2022-06-29;22772,76977882;-0,00143200;-0,16288873
2022-06-30;22531,56244705;-0,01059192;-0,17175535
2022-07-01;22609,25609952;0,00344821;-0,16889938
2022-07-05;22650,67021547;0,00183173;-0,16737703
2022-07-06;22774,04078031;0,00544666;-0,16284201
2022-07-07;23064,54344827;0,01275587;-0,15216334
2022-07-08;23096,41424680;0,00138181;-0,15099179
2022-07-11;22904,33527677;-0,00831640;-0,15805248
2022-07-12;22750,13554850;-0,00673234;-0,16372075
2022-07-13;22646,65605922;-0,00454852;-0,16752459
2022-07-14;22652,71531464;0,00026756;-0,16730185
2022-07-15;22960,49302245;0,01358679;-0,15598816
2022-07-18;22862,54229080;-0,00426606;-0,15958876
2022-07-19;23222,84716305;0,01575962;-0,14634420
2022-07-20;23453,39124921;0,00992747;-0,13786956
2022-07-21;23680,90726924;0,00970077;-0,12950623
2022-07-22;23514,25852291;-0,00703726;-0,13563212
2022-07-25;23424,53880753;-0,00381555;-0,13893016
2022-07-26;23179,71944802;-0,01045141;-0,14792955
2022-07-27;23733,92183292;0,02390893;-0,12755745
2022-07-28;24011,57466690;0,01169857;-0,11735112
2022-07-29;24260,59847753;0,01037099;-0,10819718
2022-08-01;24249,73240218;-0,00044789;-0,10859661
2022-08-02;24143,35734456;-0,00438665;-0,11250688
2022-08-03;24527,41991873;0,01590759;-0,09838901
2022-08-04;24654,08336629;0,00516416;-0,09373295
2022-08-05;24587,53592004;-0,00269925;-0,09617919
2022-08-08;24569,10636307;-0,00074955;-0,09685664
2022-08-09;24409,11497516;-0,00651189;-0,10273782
2022-08-10;24764,93452858;0,01457732;-0,08965814
2022-08-11;24763,39313925;-0,00006224;-0,08971480
2022-08-12;25089,67190528;0,01317585;-0,07772101
2022-08-15;25173,65413652;0,00334728;-0,07463389
2022-08-16;25151,22705651;-0,00089089;-0,07545829
2022-08-17;25013,98125079;-0,00545682;-0,08050335
2022-08-18;25119,50500652;0,00421859;-0,07662437
2022-08-19;24883,98855535;-0,00937584;-0,08528179
2022-08-22;24442,00512577;-0,01776176;-0,10152880
2022-08-23;24367,91813037;-0,00303113;-0,10425218
2022-08-24;24434,91963248;0,00274958;-0,10178925
2022-08-25;24664,93972263;0,00941358;-0,09333388
2022-08-26;24060,07117578;-0,02452341;-0,11556842
2022-08-30;23665,65861370;-0,01639283;-0,13006676
2022-08-31;23517,98194213;-0,00624013;-0,13549525
2022-09-01;23372,17053278;-0,00620000;-0,14085518
2022-09-02;23388,58685456;0,00070239;-0,14025172
2022-09-06;23194,12712839;-0,00831430;-0,14739993
2022-09-07;23429,12731652;0,01013188;-0,13876148
2022-09-08;23529,60307475;0,00428850;-0,13506807
2022-09-09;23825,59338150;0,01257949;-0,12418767
2022-09-12;24058,26135273;0,00976546;-0,11563495
2022-09-13;23317,69538479;-0,03078219;-0,14285765
2022-09-14;23260,20297407;-0,00246561;-0,14497103
2022-09-15;22959,77084883;-0,01291614;-0,15601470
2022-09-16;22846,49401663;-0,00493371;-0,16017868
2022-09-20;22856,54450393;0,00043991;-0,15980923
2022-09-21;22765,25128938;-0,00399418;-0,16316511
2022-09-22;22525,79021069;-0,01051871;-0,17196753
2022-09-23;22379,34488834;-0,00650123;-0,17735076
2022-09-26;22393,69024069;0,00064101;-0,17682344
2022-09-27;22328,38413382;-0,00291627;-0,17922404
2022-09-28;22547,40285359;0,00980898;-0,17117307
2022-09-29;22060,80310778;-0,02158119;-0,18906014
2022-09-30;21866,23051995;-0,00881983;-0,19621249
2022-10-03;22167,26669546;0,01376717;-0,18514661
2022-10-04;22692,77086926;0,02370631;-0,16582944
2022-10-05;22723,22743474;0,00134213;-0,16470988
2022-10-06;22709,03224688;-0,00062470;-0,16523168
2022-10-07;22141,94027208;-0,02497209;-0,18607759
2022-10-10;21877,71463787;-0,01193326;-0,19579034
2022-10-11;21659,45503540;-0,00997634;-0,20381341
2022-10-12;21645,37980993;-0,00064984;-0,20433081
2022-10-13;21813,23867098;0,00775495;-0,19816043
2022-10-14;21578,62969885;-0,01075535;-0,20678450
2022-10-17;21855,56048768;0,01283357;-0,19660471
2022-10-18;22037,18659165;0,00831029;-0,18992826
2022-10-19;21991,31380451;-0,00208161;-0,19161452
2022-10-20;21995,96146317;0,00021134;-0,19144367
2022-10-21;22309,13918319;0,01423796;-0,17993147
2022-10-24;22518,07002468;0,00936526;-0,17225132
2022-10-25;22735,10551234;0,00963828;-0,16427325
2022-10-26;22537,37122427;-0,00869731;-0,17154182
2022-10-27;22358,54743151;-0,00793455;-0,17811526
2022-10-28;22776,64774255;0,01869980;-0,16274618
2022-10-31;22680,90796492;-0,00420342;-0,16626551
2022-11-01;22642,88658938;-0,00167636;-0,16766315
2022-11-02;22229,10037615;-0,01827445;-0,18287365
2022-11-03;21949,30797262;-0,01258676;-0,19315862
2022-11-04;22199,24811401;0,01138715;-0,18397099
2022-11-07;22334,26696007;0,00608214;-0,17900779
2022-11-08;22553,68231595;0,00982416;-0,17094224
2022-11-09;22286,70180859;-0,01183756;-0,18075626
2022-11-10;23266,47004317;0,04396201;-0,14474065
2022-11-11;23489,61102499;0,00959067;-0,13653815
2022-11-14;23468,93572983;-0,00088019;-0,13729816
2022-11-15;23582,78094766;0,00485089;-0,13311328
2022-11-16;23350,32333211;-0,00985709;-0,14165826
2022-11-17;23313,74505205;-0,00156650;-0,14300286
2022-11-18;23298,91111584;-0,00063627;-0,14354814
2022-11-21;23183,49324741;-0,00495379;-0,14779082
2022-11-22;23417,02613523;0,01007324;-0,13920632
2022-11-23;23512,00015956;0,00405577;-0,13571514
2022-11-25;23452,74847132;-0,00252006;-0,13789319
2022-11-28;23171,58438138;-0,01198853;-0,14822858
2022-11-29;23054,75916190;-0,00504174;-0,15252300
2022-11-30;23666,92017903;0,02655248;-0,13002038
2022-12-01;23755,30593493;0,00373457;-0,12677138
2022-12-02;23651,33477397;-0,00437676;-0,13059329
2022-12-05;23392,67712257;-0,01093628;-0,14010137
2022-12-06;23065,49056153;-0,01398671;-0,15212852
2022-12-07;23020,03528745;-0,00197070;-0,15379942
2022-12-08;23228,24080243;0,00904454;-0,14614593
2022-12-09;23154,71169366;-0,00316550;-0,14884881
2022-12-12;23344,36504687;0,00819070;-0,14187729
2022-12-13;23629,19730638;0,01220133;-0,13140705
2022-12-14;23506,22113200;-0,00520442;-0,13592757
2022-12-15;22921,99219646;-0,02485423;-0,15740342
2022-12-16;22766,20569529;-0,00679638;-0,16313003
2022-12-19;22592,62047885;-0,00762469;-0,16951090
2022-12-20;22673,39523651;0,00357527;-0,16654167
2022-12-21;22961,66661053;0,01271408;-0,15594502
2022-12-22;22581,88246820;-0,01653992;-0,16990562
2022-12-23;22620,73356877;0,00172045;-0,16847748
2022-12-28;22357,76029425;-0,01162532;-0,17814420
2022-12-29;22690,92822917;0,01490167;-0,16589717
2022-12-30;22672,77511308;-0,00080002;-0,16656447
2023-01-03;22634,16399011;-0,00170297;-0,16798379
2023-01-04;22735,33522346;0,00446985;-0,16426480
2023-01-05;22500,49170016;-0,01032945;-0,17289749
2023-01-06;22888,18916654;0,01723062;-0,15864600
2023-01-09;23052,48960111;0,00717839;-0,15260643
2023-01-10;23071,61066410;0,00082946;-0,15190355
2023-01-11;23333,94848918;0,01137059;-0,14226019
2023-01-12;23490,36391679;0,00670334;-0,13651047
2023-01-13;23570,32665350;0,00340407;-0,13357109
2023-01-17;23600,31231593;0,00127218;-0,13246884
2023-01-18;23375,51030766;-0,00952538;-0,14073241
2023-01-19;23207,04180660;-0,00720705;-0,14692519
2023-01-20;23534,45371834;0,01410830;-0,13488976
2023-01-23;23899,65611422;0,01551778;-0,12146517
2023-01-24;23924,60309890;0,00104382;-0,12054814
2023-01-25;23861,35148435;-0,00264379;-0,12287322
2023-01-26;24052,43777955;0,00800819;-0,11584902
2023-01-27;24138,47507015;0,00357707;-0,11268635
2023-01-30;23900,62959421;-0,00985338;-0,12142939
2023-01-31;24092,02036444;0,00800777;-0,11439399
2023-02-01;24431,05478511;0,01407248;-0,10193132
2023-02-02;24837,20382843;0,01662429;-0,08700157
2023-02-03;24721,30596584;-0,00466630;-0,09126189
2023-02-06;24535,92135491;-0,00749898;-0,09807650
2023-02-07;24813,36310398;0,01130757;-0,08787793
2023-02-08;24662,96090275;-0,00606134;-0,09340662
2023-02-09;24552,83998985;-0,00446503;-0,09745458
2023-02-10;24473,06768653;-0,00324901;-0,10038696
2023-02-13;24689,17603481;0,00883046;-0,09244297
2023-02-14;24698,10933460;0,00036183;-0,09211458
2023-02-15;24821,96665164;0,00501485;-0,08756167
2023-02-16;24623,35189678;-0,00800157;-0,09486262
2023-02-17;24408,43827735;-0,00872804;-0,10276269
2023-02-21;24004,13054813;-0,01656426;-0,11762476
2023-02-22;23972,12184971;-0,00133347;-0,11880138
2023-02-23;24150,12856251;0,00742557;-0,11225798
2023-02-24;23909,07640992;-0,00998140;-0,12111889
2023-02-27;23997,41850385;0,00369492;-0,11787149
2023-02-28;23932,56347873;-0,00270258;-0,12025552
2023-03-01;23895,62021153;-0,00154364;-0,12161353
2023-03-02;24055,76729901;0,00670194;-0,11572663
2023-03-03;24428,85293876;0,01550920;-0,10201226
2023-03-06;24507,13133265;0,00320434;-0,09913480
2023-03-07;24294,10973404;-0,00869223;-0,10696533
2023-03-08;24377,49315468;0,00343225;-0,10390021
2023-03-09;24214,66773665;-0,00667933;-0,10988556
2023-03-10;23930,72886025;-0,01172590;-0,12032296
2023-03-13;23921,14624496;-0,00040043;-0,12067521
2023-03-14;24231,06202402;0,01295572;-0,10928292
2023-03-15;24171,54124164;-0,00245638;-0,11147086
2023-03-16;24586,21219215;0,01715534;-0,09622785
2023-03-17;24623,84658784;0,00153071;-0,09484443
2023-03-20;24642,01876419;0,00073799;-0,09417643
2023-03-21;24785,88385523;0,00583820;-0,08888805
2023-03-22;24737,48404374;-0,00195272;-0,09066720
2023-03-23;24937,04738442;0,00806724;-0,08333139
2023-03-24;24867,14266461;-0,00280325;-0,08590104
2023-03-27;24788,63952834;-0,00315690;-0,08878676
2023-03-28;24732,41388813;-0,00226820;-0,09085357
2023-03-29;25027,92806537;0,01194846;-0,07999068
2023-03-30;25248,12284721;0,00879796;-0,07189647
2023-03-31;25448,31829342;0,00792912;-0,06453742
2023-04-03;25483,34588217;0,00137642;-0,06324983
2023-04-04;25432,63660039;-0,00198990;-0,06511387
2023-04-05;25274,48254158;-0,00621855;-0,07092750
2023-04-06;25336,55616584;0,00245598;-0,06864572
2023-04-11;25257,61016983;-0,00311589;-0,07154772
2023-04-12;25202,74117565;-0,00217237;-0,07356467
2023-04-13;25483,72475417;0,01114893;-0,06323590
2023-04-14;25403,86148225;-0,00313389;-0,06617162
2023-04-17;25459,46615300;0,00218883;-0,06412763
2023-04-18;25511,48218789;0,00204309;-0,06221556
2023-04-19;25434,04337739;-0,00303545;-0,06506216
2023-04-20;25358,32599643;-0,00297701;-0,06784548
2023-04-21;25293,13839449;-0,00257066;-0,07024173
2023-04-24;25235,89102457;-0,00226336;-0,07234610
2023-04-25;24991,49755269;-0,00968436;-0,08132984
2023-04-26;25075,75113341;0,00337129;-0,07823273
2023-04-27;25340,13878350;0,01054356;-0,06851403
2023-04-28;25498,31113932;0,00624197;-0,06269972
2023-05-02;25412,68209052;-0,00335822;-0,06584738
2023-05-03;25346,37456153;-0,00260923;-0,06828480
2023-05-04;25231,18163913;-0,00454475;-0,07251921
2023-05-05;25528,30158522;0,01177590;-0,06159729
2023-05-09;25469,16175078;-0,00231664;-0,06377123
2023-05-10;25616,62023258;0,00578969;-0,05835076
2023-05-11;25575,30645777;-0,00161277;-0,05986942
2023-05-12;25564,02932870;-0,00044094;-0,06028396
2023-05-15;25672,20822341;0,00423168;-0,05630738
2023-05-16;25634,27801762;-0,00147748;-0,05770167
2023-05-17;25786,53697868;0,00593966;-0,05210474
2023-05-18;26085,32715580;0,01158706;-0,04112142
2023-05-19;26116,52411937;0,00119596;-0,03997464
2023-05-22;26172,00703733;0,00212444;-0,03793512
2023-05-23;25956,20802468;-0,00824541;-0,04586775
2023-05-24;25747,16071983;-0,00805385;-0,05355218
2023-05-25;26220,27845576;0,01837553;-0,03616070
2023-05-26;26683,08773943;0,01765081;-0,01914815
2023-05-30;26736,23810606;0,00199191;-0,01719438
2023-05-31;26560,57038433;-0,00657040;-0,02365180
2023-06-01;26738,99674815;0,00671772;-0,01709297
2023-06-02;26902,58326944;0,00611790;-0,01107965
2023-06-05;26885,38160297;-0,00063941;-0,01171197
2023-06-06;26888,54776232;0,00011777;-0,01159558
2023-06-07;26614,15765988;-0,01020472;-0,02168197
2023-06-08;26767,41562362;0,00575851;-0,01604832
2023-06-09;26826,29097855;0,00219952;-0,01388410
2023-06-12;27174,79926170;0,01299130;-0,00107317
2023-06-13;27260,34446121;0,00314796;0,00000000
2023-06-14;27396,14693499;0,00498169;0,00000000
2023-06-15;27590,57925088;0,00709707;0,00000000
2023-06-16;27468,76301734;-0,00441514;-0,00441514
2023-06-20;27285,23809903;-0,00668122;-0,01106686
2023-06-21;27077,39578063;-0,00761739;-0,01859995
2023-06-22;27133,48478199;0,00207143;-0,01656705
2023-06-23;26955,73552869;-0,00655092;-0,02300944
2023-06-26;26861,15032270;-0,00350891;-0,02643761
2023-06-27;27120,84419624;0,00966801;-0,01702520
2023-06-28;27213,42836406;0,00341376;-0,01366955
2023-06-29;27261,13166140;0,00175293;-0,01194058
2023-06-30;27532,78246908;0,00996477;-0,00209480
2023-07-03;27538,39241779;0,00020376;-0,00189147
2023-07-05;27399,82842283;-0,00503167;-0,00691362
2023-07-06;27244,68772419;-0,00566210;-0,01253658
2023-07-07;27188,73610765;-0,00205367;-0,01456451
2023-07-10;27225,59220764;0,00135557;-0,01322868
2023-07-11;27269,90977878;0,00162779;-0,01162243
2023-07-12;27539,74103661;0,00989484;-0,00184259
2023-07-13;27713,32548111;0,00630305;0,00000000
2023-07-14;27696,88874747;-0,00059310;-0,00059310
2023-07-17;27892,18856250;0,00705133;0,00000000
2023-07-18;28137,06471148;0,00877938;0,00000000
2023-07-19;28242,47737875;0,00374640;0,00000000
2023-07-20;27923,61497806;-0,01129017;-0,01129017
2023-07-21;27904,78674815;-0,00067428;-0,01195683
2023-07-24;27928,49651885;0,00084967;-0,01111733
2023-07-25;28107,35493017;0,00640415;-0,00478437
2023-07-26;27892,12576373;-0,00765740;-0,01240513
2023-07-27;27876,76374362;-0,00055077;-0,01294906
2023-07-28;28101,22724256;0,00805199;-0,00500134
2023-07-31;28141,92917144;0,00144840;-0,00356018
2023-08-01;28149,99714945;0,00028669;-0,00327451
2023-08-02;27705,68126750;-0,01578387;-0,01900669
2023-08-03;27609,65444893;-0,00346596;-0,02240678
2023-08-04;27448,48758550;-0,00583734;-0,02811332
2023-08-07;27441,90082292;-0,00023997;-0,02834654
2023-08-08;27288,76208755;-0,00558047;-0,03376883
2023-08-09;27106,51990516;-0,00667829;-0,04022159
2023-08-10;27155,95139946;0,00182360;-0,03847134
2023-08-11;26992,09707683;-0,00603383;-0,04427304
2023-08-14;27220,44734620;0,00845989;-0,03618769
2023-08-15;27007,21368133;-0,00783358;-0,04373780
2023-08-16;26820,97768476;-0,00689579;-0,05033198
2023-08-17;26625,88644059;-0,00727383;-0,05723970
2023-08-18;26598,42606795;-0,00103134;-0,05821201
2023-08-21;26877,83037944;0,01050454;-0,04831896
2023-08-22;26913,34976318;0,00132151;-0,04706130
2023-08-23;27256,00805464;0,01273191;-0,03492857
2023-08-24;26938,34493265;-0,01165479;-0,04617628
2023-08-25;27072,78251635;0,00499057;-0,04141616
2023-08-29;27636,98744566;0,02084030;-0,02143898
2023-08-30;27744,19582410;0,00387916;-0,01764298
2023-08-31;27841,86191112;0,00352023;-0,01418486
2023-09-01;27922,67224270;0,00290248;-0,01132355
2023-09-05;27941,42008855;0,00067142;-0,01065973
2023-09-06;27749,67825719;-0,00686228;-0,01744886
2023-09-07;27542,03046076;-0,00748289;-0,02480119
2023-09-08;27599,76164938;0,00209611;-0,02275706
2023-09-11;27670,18111066;0,00255145;-0,02026367
2023-09-12;27420,40806968;-0,00902679;-0,02910755
2023-09-13;27441,67886663;0,00077573;-0,02835440
2023-09-14;27631,99297577;0,00693522;-0,02161582
2023-09-15;27374,26109089;-0,00932730;-0,03074151
2023-09-18;27442,06750727;0,00247701;-0,02834064
2023-09-19;27396,14373173;-0,00167348;-0,02996669
2023-09-20;27221,63708538;-0,00636975;-0,03614556
2023-09-21;26899,05469185;-0,01185022;-0,04756745
2023-09-22;26956,04117793;0,00211853;-0,04554969
2023-09-25;26952,82681066;-0,00011924;-0,04566351
2023-09-26;26646,96586672;-0,01134801;-0,05649333
2023-09-27;26614,39140777;-0,00122245;-0,05764671
2023-09-28;26693,42944727;0,00296975;-0,05484816
2023-09-29;26720,02598064;0,00099637;-0,05390644
2023-10-02;26808,91063128;0,00332652;-0,05075924
2023-10-03;26494,14903402;-0,01174093;-0,06190421
2023-10-04;26632,06692313;0,00520560;-0,05702086
2023-10-05;26642,16892048;0,00037932;-0,05666318
2023-10-06;26941,17910692;0,01122319;-0,04607593
2023-10-09;27114,87352140;0,00644717;-0,03992581
2023-10-10;27235,89902541;0,00446344;-0,03564058
2023-10-11;27350,63578092;0,00421270;-0,03157802
2023-10-12;27418,46295598;0,00247991;-0,02917642
2023-10-13;27306,41852455;-0,00408646;-0,03314365
2023-10-16;27449,13493962;0,00522648;-0,02809040
2023-10-17;27399,32260441;-0,00181471;-0,02985414
2023-10-18;27268,54603601;-0,00477299;-0,03448463
2023-10-19;27193,24511452;-0,00276146;-0,03715086
2023-10-20;26853,44750373;-0,01249566;-0,04918230
2023-10-23;26819,61924288;-0,00125974;-0,05038008
2023-10-24;26952,23568002;0,00494475;-0,04568444
2023-10-25;26795,04939895;-0,00583203;-0,05125004
2023-10-26;26474,79795718;-0,01195189;-0,06258939
2023-10-27;26558,14144377;0,00314803;-0,05963839
2023-10-30;26691,85495416;0,00503475;-0,05490391
2023-10-31;26806,59949772;0,00429886;-0,05084107
2023-11-01;27111,88628348;0,01138849;-0,04003158
2023-11-02;27477,14468736;0,01347226;-0,02709864
2023-11-03;27630,87240033;0,00559475;-0,02165550
2023-11-06;27674,54498340;0,00158057;-0,02010916
2023-11-07;27865,69229444;0,00690697;-0,01334108
2023-11-08;27896,48628428;0,00110509;-0,01225073
2023-11-09;27893,88575989;-0,00009322;-0,01234281
2023-11-10;28221,16136763;0,01173288;-0,00075475
2023-11-13;28190,34767529;-0,00109186;-0,00184579
2023-11-14;28542,10326695;0,01247787;0,00000000
2023-11-15;28599,19091622;0,00200012;0,00000000
2023-11-16;28685,44208456;0,00301586;0,00000000
2023-11-17;28694,31722415;0,00030940;0,00000000
2023-11-20;28907,27272264;0,00742152;0,00000000
2023-11-21;28803,86091368;-0,00357736;-0,00357736
2023-11-22;28916,57492934;0,00391316;0,00000000
2023-11-24;28846,20299156;-0,00243362;-0,00243362
2023-11-27;28866,20877854;0,00069353;-0,00174177
2023-11-28;28921,36803561;0,00191086;0,00000000
2023-11-29;28939,28952710;0,00061966;0,00000000
2023-11-30;28953,89079360;0,00050455;0,00000000
2023-12-01;29096,78479395;0,00493523;0,00000000
2023-12-04;28813,25703372;-0,00974430;-0,00974430
2023-12-05;28915,34132698;0,00354296;-0,00623586
2023-12-06;28823,34479810;-0,00318158;-0,00939760
2023-12-07;29028,05124937;0,00710211;-0,00236224
2023-12-08;29141,02318066;0,00389182;0,00000000
2023-12-11;29248,54786707;0,00368980;0,00000000
2023-12-12;29372,65911711;0,00424333;0,00000000
2023-12-13;29638,32512552;0,00904467;0,00000000
2023-12-14;29620,51963596;-0,00060076;-0,00060076
2023-12-15;29696,87404366;0,00257775;0,00000000
2023-12-18;29798,24419670;0,00341350;0,00000000
2023-12-19;29872,57414623;0,00249444;0,00000000
2023-12-20;29679,26168119;-0,00647124;-0,00647124
2023-12-21;29845,04369687;0,00558579;-0,00092160
2023-12-22;29870,83661744;0,00086423;-0,00005816
2023-12-27;30002,20957082;0,00439803;0,00000000
2023-12-28;30038,99127776;0,00122597;0,00000000
2023-12-29;29989,13627315;-0,00165968;-0,00165968
2024-01-02;29566,79278361;-0,01408322;-0,01571952
2024-01-03;29306,80402111;-0,00879327;-0,02437456
2024-01-04;29197,64258244;-0,00372478;-0,02800855
2024-01-05;29154,94551491;-0,00146235;-0,02942994
2024-01-08;29509,18907256;0,01215038;-0,01763715
2024-01-09;29585,36266297;0,00258135;-0,01510133
2024-01-10;29722,59930332;0,00463867;-0,01053271
2024-01-11;29784,72848079;0,00209030;-0,00846443
2024-01-12;29913,40620357;0,00432026;-0,00418074
2024-01-16;29936,79024137;0,00078172;-0,00340228
2024-01-17;29740,51562330;-0,00655630;-0,00993627
2024-01-18;30118,67233912;0,01271520;0,00000000
2024-01-19;30545,05118409;0,01415663;0,00000000
2024-01-22;30659,75837296;0,00375534;0,00000000
2024-01-23;30744,55982729;0,00276589;0,00000000
2024-01-24;30862,65199321;0,00384108;0,00000000
2024-01-25;30963,49382865;0,00326744;0,00000000
2024-01-26;30785,18506990;-0,00575868;-0,00575868
2024-01-29;30978,36925745;0,00627523;0,00000000
2024-01-30;30899,55025709;-0,00254432;-0,00254432
2024-01-31;30485,09861630;-0,01341287;-0,01592307
2024-02-01;30705,90807368;0,00724319;-0,00879521
2024-02-02;30955,15079901;0,00811709;-0,00074951
2024-02-05;31005,03249972;0,00161142;0,00000000
2024-02-06;30948,25884382;-0,00183111;-0,00183111
2024-02-07;31184,66730938;0,00763883;0,00000000
2024-02-08;31246,11581243;0,00197047;0,00000000
2024-02-09;31470,86650651;0,00719292;0,00000000
2024-02-12;31397,30342017;-0,00233750;-0,00233750
2024-02-13;30950,87280684;-0,01421876;-0,01652302
2024-02-14;31169,39626730;0,00706033;-0,00957934
2024-02-15;31209,80552304;0,00129644;-0,00829532
2024-02-16;31109,84304544;-0,00320292;-0,01147167
2024-02-20;30871,80962066;-0,00765139;-0,01903528
2024-02-21;30771,71691392;-0,00324220;-0,02221577
2024-02-22;31425,71183591;0,02125312;-0,00143481
2024-02-23;31424,00376785;-0,00005435;-0,00148908
2024-02-26;31420,19066521;-0,00012134;-0,00161025
2024-02-27;31416,42362012;-0,00011989;-0,00172995
2024-02-28;31355,06370788;-0,00195312;-0,00367968
2024-02-29;31572,39565486;0,00693132;0,00000000
2024-03-01;32023,28673632;0,01428118;0,00000000
2024-03-04;32079,35326834;0,00175081;0,00000000
2024-03-05;31620,08637418;-0,01431659;-0,01431659
2024-03-06;31823,14399758;0,00642179;-0,00798673
2024-03-07;32144,82054213;0,01010826;0,00000000
2024-03-08;31895,98987111;-0,00774093;-0,00774093
2024-03-11;31824,89166437;-0,00222906;-0,00995273
2024-03-12;32201,64832678;0,01183843;0,00000000
2024-03-13;32056,04904777;-0,00452149;-0,00452149
2024-03-14;32035,25929448;-0,00064854;-0,00516710
2024-03-15;31728,29430022;-0,00958210;-0,01469968
2024-03-18;31880,93837671;0,00481098;-0,00995943
2024-03-19;31970,40372350;0,00280623;-0,00718114
2024-03-20;32228,24855466;0,00806511;0,00000000
2024-03-21;32388,73231211;0,00497960;0,00000000
2024-03-22;32362,09942789;-0,00082229;-0,00082229
2024-03-25;32230,54342203;-0,00406513;-0,00488407
2024-03-26;32197,44651413;-0,00102688;-0,00590594
2024-03-27;32305,20738462;0,00334688;-0,00257883
2024-03-28;32353,97271701;0,00150952;-0,00107320
2024-04-02;32303,58682256;-0,00155733;-0,00262886
2024-04-03;32401,84465529;0,00304170;0,00000000
2024-04-04;32124,55519795;-0,00855783;-0,00855783
2024-04-05;32335,88117943;0,00657833;-0,00203579
2024-04-08;32358,83031015;0,00070971;-0,00132753
2024-04-09;32413,42906464;0,00168729;0,00000000
2024-04-10;32190,78850118;-0,00686878;-0,00686878
2024-04-11;32621,14845330;0,01336904;0,00000000
2024-04-12;32319,05479883;-0,00926067;-0,00926067
2024-04-15;32063,46056491;-0,00790847;-0,01709590
2024-04-16;31970,56464128;-0,00289725;-0,01994362
2024-04-17;31658,12794009;-0,00977264;-0,02952136
2024-04-18;31515,64299671;-0,00450074;-0,03388923
2024-04-19;31165,50418732;-0,01111000;-0,04462272
2024-04-22;31232,98712533;0,00216531;-0,04255403
2024-04-23;31513,10899966;0,00896878;-0,03396691
2024-04-24;31583,96842156;0,00224857;-0,03179471
2024-04-25;31460,08956714;-0,00392221;-0,03559221
2024-04-26;31792,47405323;0,01056527;-0,02540298
2024-04-29;31827,02238729;0,00108668;-0,02434390
2024-04-30;31349,03830021;-0,01501818;-0,03899649
2024-05-01;31162,40292097;-0,00595346;-0,04471779
2024-05-02;31406,74896004;0,00784105;-0,03722737
2024-05-03;31937,41426714;0,01689654;-0,02095984
2024-05-07;32223,73589508;0,00896508;-0,01218267
2024-05-08;32274,54145849;0,00157665;-0,01062522
2024-05-09;32369,09794123;0,00292975;-0,00772660
2024-05-10;32488,59353945;0,00369166;-0,00406347
2024-05-13;32498,39522037;0,00030170;-0,00376300
2024-05-14;32676,51561883;0,00548090;0,00000000
2024-05-15;33164,39608001;0,01493061;0,00000000
2024-05-16;33121,44711591;-0,00129503;-0,00129503
2024-05-17;33110,98213518;-0,00031596;-0,00161058
2024-05-20;33371,35605067;0,00786367;0,00000000
2024-05-21;33363,19462700;-0,00024456;-0,00024456
2024-05-22;33299,60583159;-0,00190596;-0,00215005
2024-05-23;33064,89729259;-0,00704839;-0,00918329
2024-05-24;33189,02274515;0,00375399;-0,00546377
2024-05-28;33288,77590175;0,00300561;-0,00247458
2024-05-29;33100,44832584;-0,00565739;-0,00811797
2024-05-30;32688,03022378;-0,01245959;-0,02047642
2024-05-31;32654,35467767;-0,00103021;-0,02148553
2024-06-03;32787,25466854;0,00406990;-0,01750308
2024-06-04;32760,40456716;-0,00081892;-0,01830766
2024-06-05;33292,50834523;0,01624228;-0,00236274
2024-06-06;33300,75336797;0,00024765;-0,00211567
2024-06-07;33200,50739903;-0,00301032;-0,00511962
2024-06-10;33269,90298190;0,00209020;-0,00304012
2024-06-11;33591,89689251;0,00967823;0,00000000
2024-06-12;34059,96274789;0,01393389;0,00000000
2024-06-13;34147,75002980;0,00257743;0,00000000
2024-06-14;34302,40530563;0,00452900;0,00000000
2024-06-17;34575,04963478;0,00794826;0,00000000
2024-06-18;34676,02894762;0,00292058;0,00000000
2024-06-20;34564,80458677;-0,00320753;-0,00320753
2024-06-21;34432,28492707;-0,00383395;-0,00702918
2024-06-24;34008,40526015;-0,01231053;-0,01925318
2024-06-25;34302,91078012;0,00865979;-0,01076012
2024-06-26;34251,60172644;-0,00149576;-0,01223979
2024-06-27;34314,82142788;0,00184574;-0,01041663
2024-06-28;34352,33489755;0,00109321;-0,00933481
2024-07-01;34462,71958483;0,00321331;-0,00615149
2024-07-02;34551,40189130;0,00257328;-0,00359404
2024-07-03;34874,84563799;0,00936123;0,00000000
2024-07-05;35011,31554033;0,00391313;0,00000000
2024-07-08;35089,51315207;0,00223350;0,00000000
2024-07-09;35101,45507029;0,00034033;0,00000000
2024-07-10;35406,61374547;0,00869362;0,00000000
2024-07-11;34977,36266429;-0,01212347;-0,01212347
2024-07-12;35168,83139953;0,00547408;-0,00671576
2024-07-15;35226,71905903;0,00164599;-0,00508082
2024-07-16;35267,54515659;0,00115895;-0,00392776
2024-07-17;34423,70951960;-0,02392669;-0,02776047
2024-07-18;34352,49644146;-0,00206872;-0,02977176
2024-07-19;33946,83062794;-0,01180892;-0,04122911
2024-07-22;34407,98597358;0,01358464;-0,02820455
2024-07-23;34412,79680442;0,00013982;-0,02806868
2024-07-24;33487,34957445;-0,02689253;-0,05420637
2024-07-25;33210,83221252;-0,00825737;-0,06201614
2024-07-26;33509,83158940;0,00900307;-0,05357141
2024-07-29;33432,40198347;-0,00231065;-0,05575828
2024-07-30;33038,07682737;-0,01179470;-0,06689532
2024-07-31;33979,60659355;0,02849832;-0,04030341
2024-08-01;33233,39730882;-0,02196050;-0,06137883
2024-08-02;32483,62043042;-0,02256095;-0,08255501
2024-08-05;31746,60272810;-0,02268890;-0,10337083
2024-08-06;32008,88070764;0,00826161;-0,09596323
2024-08-07;31843,49164581;-0,00516697;-0,10063437
2024-08-08;32497,03159453;0,02052350;-0,08217623
2024-08-09;32602,90077278;0,00325781;-0,07918614
2024-08-12;32841,29839170;0,00731216;-0,07245300
2024-08-13;33411,57827710;0,01736472;-0,05634641
2024-08-14;33531,14957618;0,00357874;-0,05296932
2024-08-15;34152,31197983;0,01852494;-0,03542563
2024-08-16;34283,88441514;0,00385252;-0,03170959
2024-08-19;34598,20829321;0,00916827;-0,02283205
2024-08-20;34537,82762463;-0,00174520;-0,02453740
2024-08-21;34641,44699685;0,00300017;-0,02161084
2024-08-22;34141,03523213;-0,01444546;-0,03574413
2024-08-23;34473,24024652;0,00973037;-0,02636156
2024-08-27;34354,78412637;-0,00343618;-0,02970715
2024-08-28;34058,42146803;-0,00862653;-0,03807741
2024-08-29;34007,10327582;-0,00150677;-0,03952681
2024-08-30;34183,38557412;0,00518369;-0,03454801
2024-09-03;33318,45935077;-0,02530253;-0,05897639
2024-09-04;33176,47648812;-0,00426139;-0,06298646
2024-09-05;33136,56196972;-0,00120310;-0,06411378
2024-09-06;32557,15999596;-0,01748528;-0,08047801
2024-09-09;32952,62528499;0,01214680;-0,06930876
2024-09-10;33240,05999274;0,00872266;-0,06119065
2024-09-11;33789,47140669;0,01652859;-0,04567345
2024-09-12;34163,32896976;0,01106432;-0,03511448
2024-09-13;34361,59726824;0,00580354;-0,02951473
2024-09-16;34245,58268890;-0,00337629;-0,03279136
2024-09-17;34255,21068572;0,00028115;-0,03251943
2024-09-18;33986,05519922;-0,00785736;-0,04012128
2024-09-19;34683,11597758;0,02051020;-0,02043397
2024-09-20;34603,18677237;-0,00230456;-0,02269144
2024-09-23;34609,63737735;0,00018642;-0,02250925
2024-09-24;34810,42669278;0,00580154;-0,01683830
2024-09-25;34878,92360456;0,00196771;-0,01490372
2024-09-26;35143,70059821;0,00759132;-0,00742554
2024-09-27;34961,67033324;-0,00517960;-0,01256668
2024-09-30;34933,58280067;-0,00080338;-0,01335996
2024-10-01;34576,24273995;-0,01022913;-0,02345243
2024-10-02;34728,12387153;0,00439264;-0,01916280
2024-10-03;34858,35564820;0,00375004;-0,01548462
2024-10-04;35071,81576714;0,00612364;-0,00945580
2024-10-07;34976,36398104;-0,00272161;-0,01215168
2024-10-08;35257,50347783;0,00803799;-0,00421137
2024-10-09;35496,88126881;0,00678941;0,00000000
2024-10-10;35552,30579419;0,00156139;0,00000000
2024-10-11;35671,68126827;0,00335774;0,00000000
2024-10-14;35962,57896022;0,00815486;0,00000000
2024-10-15;35514,80827053;-0,01245102;-0,01245102
2024-10-16;35629,41106491;0,00322690;-0,00926429
2024-10-17;35763,83151993;0,00377274;-0,00552651
2024-10-18;35874,62733375;0,00309799;-0,00244564
2024-10-21;35938,91017162;0,00179187;-0,00065815
2024-10-22;35982,83491578;0,00122221;0,00000000
2024-10-23;35611,17211767;-0,01032889;-0,01032889
2024-10-24;35702,29566642;0,00255885;-0,00779647
2024-10-25;35844,58865276;0,00398554;-0,00384201
2024-10-28;35832,57981334;-0,00033503;-0,00417574
2024-10-29;36127,49447677;0,00823035;0,00000000
2024-10-30;35857,54449901;-0,00747215;-0,00747215
2024-10-31;35110,17912899;-0,02084263;-0,02815903
2024-11-01;35227,29404377;0,00333564;-0,02491732
2024-11-04;35181,45608121;-0,00130121;-0,02618611
2024-11-05;35474,57280388;0,00833157;-0,01807271
2024-11-06;36036,68052037;0,01584537;-0,00251371
2024-11-07;36494,40794911;0,01270171;0,00000000
2024-11-08;36483,29344255;-0,00030455;-0,00030455
2024-11-11;36322,78006643;-0,00439964;-0,00470285
2024-11-12;36321,21277063;-0,00004315;-0,00474580
2024-11-13;36227,79479234;-0,00257200;-0,00730559
2024-11-14;36152,18844507;-0,00208697;-0,00937731
2024-11-15;35590,68484031;-0,01553166;-0,02476333
2024-11-18;35779,06721306;0,00529302;-0,01960138
2024-11-19;35960,31901505;0,00506586;-0,01463482
2024-11-20;35951,71391132;-0,00023929;-0,01487061
2024-11-21;36308,49194226;0,00992381;-0,00509437
2024-11-22;36477,62261608;0,00465816;-0,00045994
2024-11-25;36342,98549999;-0,00369095;-0,00414920
2024-11-26;36458,17103858;0,00316940;-0,00099294
2024-11-27;36118,28211532;-0,00932271;-0,01030640
2024-11-29;36389,08809739;0,00749775;-0,00288592
2024-12-02;36588,95548179;0,00549251;0,00000000
2024-12-03;36666,10944077;0,00210867;0,00000000
2024-12-04;37041,85925903;0,01024788;0,00000000
2024-12-05;36903,98968341;-0,00372199;-0,00372199
2024-12-06;36987,24741618;0,00225606;-0,00147433
2024-12-09;36862,96108482;-0,00336025;-0,00482962
2024-12-10;36642,93505693;-0,00596876;-0,01076955
2024-12-11;37014,11435835;0,01012963;-0,00074901
2024-12-12;36846,82524168;-0,00451960;-0,00526523
2024-12-13;36867,10823000;0,00055047;-0,00471766
2024-12-16;37051,86214049;0,00501135;0,00000000
2024-12-17;36874,45059729;-0,00478820;-0,00478820
2024-12-18;36152,16157017;-0,01958779;-0,02428220
2024-12-19;36048,67405623;-0,00286255;-0,02707524
2024-12-20;36416,46210991;0,01020254;-0,01714894
2024-12-23;36610,40082348;0,00532558;-0,01191469
2024-12-24;36869,93502839;0,00708908;-0,00491007
2024-12-27;36595,17399251;-0,00745217;-0,01232565
2024-12-30;36295,38773308;-0,00819196;-0,02041664
