Date;value;daily_return;drawdown
2016-02-01;10000,00000000;;0,00000000
2016-02-02;9920,42015563;-0,00795798;-0,00795798
2016-02-03;9891,49077389;-0,00291614;-0,01085092
2016-02-04;9954,90669316;0,00641116;-0,00450933
2016-02-05;9904,10917024;-0,00510276;-0,00958908
2016-02-08;9862,04116634;-0,00424753;-0,01379588
2016-02-09;9834,17952211;-0,00282514;-0,01658205
2016-02-10;9867,21356197;0,00335910;-0,01327864
2016-02-11;9922,18918329;0,00557154;-0,00778108
2016-02-12;9974,10050951;0,00523184;-0,00258995
2016-02-16;9997,17770389;0,00231371;-0,00028223
2016-02-17;10117,16647516;0,01200226;0,00000000
2016-02-18;10173,50427628;0,00556854;0,00000000
2016-02-19;10146,78534163;-0,00262633;-0,00262633
2016-02-22;10200,11893421;0,00525621;0,00000000
2016-02-23;10183,38285168;-0,00164077;-0,00164077
2016-02-24;10188,63307536;0,00051557;-0,00112605
2016-02-25;10281,94045134;0,00915799;0,00000000
2016-02-26;10291,48549808;0,00092833;0,00000000
2016-02-29;10298,08943114;0,00064169;0,00000000
2016-03-01;10370,29396143;0,00701145;0,00000000
2016-03-02;10397,61718356;0,00263476;0,00000000
2016-03-03;10431,90148747;0,00329732;0,00000000
2016-03-04;10463,66243116;0,00304460;0,00000000
2016-03-07;10453,79885058;-0,00094265;-0,00094265
2016-03-08;10406,58943380;-0,00451601;-0,00545440
2016-03-09;10415,69911817;0,00087538;-0,00458380
2016-03-10;10430,31093761;0,00140286;-0,00318736
2016-03-11;10457,64598897;0,00262073;-0,00057498
2016-03-14;10436,59474239;-0,00201300;-0,00258683
2016-03-15;10460,14470803;0,00225648;-0,00033618
2016-03-16;10563,52837823;0,00988358;0,00000000
2016-03-17;10534,14227588;-0,00278185;-0,00278185
2016-03-18;10542,68081456;0,00081056;-0,00197354
2016-03-21;10542,40867987;-0,00002581;-0,00199930
2016-03-22;10588,46113538;0,00436830;0,00000000
2016-03-23;10513,26054672;-0,00710213;-0,00710213
2016-03-24;10477,87111150;-0,00336617;-0,01044439
2016-03-29;10556,80557224;0,00753344;-0,00298963
2016-03-30;10564,72829794;0,00075049;-0,00224139
2016-03-31;10564,21080495;-0,00004898;-0,00229026
2016-04-01;10586,95083163;0,00215255;-0,00014264
2016-04-04;10546,23943858;-0,00384543;-0,00398752
2016-04-05;10548,50936155;0,00021524;-0,00377314
2016-04-06;10579,03748161;0,00289407;-0,00088999
2016-04-07;10568,36119406;-0,00100919;-0,00189829
2016-04-08;10582,92982678;0,00137851;-0,00052239
2016-04-11;10593,62232139;0,00101035;0,00000000
2016-04-12;10626,21817586;0,00307693;0,00000000
2016-04-13;10661,96845006;0,00336435;0,00000000
2016-04-14;10650,31334720;-0,00109315;-0,00109315
2016-04-15;10643,82419335;-0,00060929;-0,00170177
2016-04-18;10644,41412066;0,00005542;-0,00164644
2016-04-19;10677,42727292;0,00310145;0,00000000
2016-04-20;10679,37442646;0,00018236;0,00000000
2016-04-21;10683,82692488;0,00041693;0,00000000
2016-04-22;10575,78232277;-0,01011291;-0,01011291
2016-04-25;10553,44904857;-0,00211174;-0,01220329
2016-04-26;10549,41441366;-0,00038230;-0,01258093
2016-04-27;10550,65906810;0,00011798;-0,01246443
2016-04-28;10562,74301739;0,00114533;-0,01133338
2016-04-29;10546,95355858;-0,00149483;-0,01281127
2016-05-03;10534,39399110;-0,00119082;-0,01398684
2016-05-04;10504,29902287;-0,00285683;-0,01680371
2016-05-05;10500,00041847;-0,00040922;-0,01720605
2016-05-06;10546,00262493;0,00438116;-0,01290027
2016-05-09;10498,08638189;-0,00454355;-0,01738521
2016-05-10;10560,14109869;0,00591105;-0,01157692
2016-05-11;10563,10820247;0,00028097;-0,01129920
2016-05-12;10511,04816451;-0,00492848;-0,01617199
2016-05-13;10538,37461477;0,00259978;-0,01361425
2016-05-16;10573,65754064;0,00334804;-0,01031179
2016-05-17;10541,37081660;-0,00305351;-0,01333381
2016-05-18;10467,09366613;-0,00704625;-0,02028611
2016-05-19;10416,37362037;-0,00484567;-0,02503347
2016-05-20;10485,65629656;0,00665132;-0,01854866
2016-05-23;10482,77827500;-0,00027447;-0,01881804
2016-05-24;10483,52340634;0,00007108;-0,01874829
2016-05-25;10503,31491500;0,00188787;-0,01689582
2016-05-26;10508,26314633;0,00047111;-0,01643267
2016-05-27;10516,25074310;0,00076013;-0,01568503
2016-05-31;10542,97294808;0,00254104;-0,01318385
2016-06-01;10548,02526116;0,00047921;-0,01271096
2016-06-02;10535,38444407;-0,00119841;-0,01389413
2016-06-03;10590,63027622;0,00524384;-0,00872315
2016-06-06;10635,96815164;0,00428094;-0,00447955
2016-06-07;10642,27761706;0,00059322;-0,00388899
2016-06-08;10693,60464744;0,00482294;0,00000000
2016-06-09;10704,50474626;0,00101931;0,00000000
2016-06-10;10688,81056423;-0,00146613;-0,00146613
2016-06-13;10675,03683153;-0,00128861;-0,00275285
2016-06-14;10665,72295056;-0,00087249;-0,00362294
2016-06-15;10685,71554233;0,00187447;-0,00175526
2016-06-16;10654,03127311;-0,00296511;-0,00471516
2016-06-17;10652,98318426;-0,00009837;-0,00481307
2016-06-20;10639,16728719;-0,00129690;-0,00610373
2016-06-21;10604,79902520;-0,00323035;-0,00931437
2016-06-22;10598,47314434;-0,00059651;-0,00990533
2016-06-23;10621,24905128;0,00214898;-0,00777763
2016-06-24;10763,46802606;0,01339004;0,00000000
2016-06-27;10728,55364326;-0,00324379;-0,00324379
2016-06-28;10760,44776076;0,00297283;-0,00028060
2016-06-29;10840,42780450;0,00743278;0,00000000
2016-06-30;10955,87076675;0,01064930;0,00000000
2016-07-01;11042,35155428;0,00789356;0,00000000
2016-07-05;11065,24662849;0,00207339;0,00000000
2016-07-06;11113,88737561;0,00439581;0,00000000
2016-07-07;11119,72329105;0,00052510;0,00000000
2016-07-08;11204,60447588;0,00763339;0,00000000
2016-07-11;11221,85187985;0,00153931;0,00000000
2016-07-12;11161,60712923;-0,00536852;-0,00536852
2016-07-13;11195,87741691;0,00307037;-0,00231463
2016-07-14;11179,10962901;-0,00149768;-0,00380884
2016-07-15;11180,44264873;0,00011924;-0,00369005
2016-07-18;11195,88459110;0,00138116;-0,00231399
2016-07-19;11215,41649548;0,00174456;-0,00057347
2016-07-20;11224,57884913;0,00081694;0,00000000
2016-07-21;11239,52301676;0,00133138;0,00000000
2016-07-22;11257,26521217;0,00157855;0,00000000
2016-07-25;11220,30469074;-0,00328326;-0,00328326
2016-07-26;11241,58384920;0,00189649;-0,00139300
2016-07-27;11320,41055261;0,00701206;0,00000000
2016-07-28;11301,39747587;-0,00167954;-0,00167954
2016-07-29;11336,05959481;0,00306706;0,00000000
2016-08-01;11365,55043391;0,00260151;0,00000000
2016-08-02;11314,14117436;-0,00452325;-0,00452325
2016-08-03;11305,41691826;-0,00077109;-0,00529086
2016-08-04;11380,59843984;0,00665004;0,00000000
2016-08-05;11394,88164009;0,00125505;0,00000000
2016-08-08;11398,95574548;0,00035754;0,00000000
2016-08-09;11444,41987644;0,00398845;0,00000000
2016-08-10;11441,57740885;-0,00024837;-0,00024837
2016-08-11;11459,69619461;0,00158359;0,00000000
2016-08-12;11453,99154537;-0,00049780;-0,00049780
2016-08-15;11505,99209861;0,00453995;0,00000000
2016-08-16;11459,75099694;-0,00401887;-0,00401887
2016-08-17;11434,34453876;-0,00221702;-0,00622698
2016-08-18;11438,70026215;0,00038093;-0,00584842
2016-08-19;11425,00774374;-0,00119703;-0,00703845
2016-08-22;11399,49445480;-0,00223311;-0,00925584
2016-08-23;11418,27035190;0,00164708;-0,00762401
2016-08-24;11353,63467051;-0,00566072;-0,01324157
2016-08-25;11355,53346071;0,00016724;-0,01307655
2016-08-26;11361,47365860;0,00052311;-0,01256028
2016-08-30;11347,27051124;-0,00125011;-0,01379469
2016-08-31;11316,01496052;-0,00275446;-0,01651115
2016-09-01;11294,76103849;-0,00187822;-0,01835835
2016-09-02;11370,93012069;0,00674375;-0,01173840
2016-09-06;11418,27420485;0,00416361;-0,00762367
2016-09-07;11435,91853407;0,00154527;-0,00609018
2016-09-08;11401,70202815;-0,00299202;-0,00906398
2016-09-09;11287,07303666;-0,01005367;-0,01902653
2016-09-12;11287,46985161;0,00003516;-0,01899204
2016-09-13;11255,45934113;-0,00283593;-0,02177411
2016-09-14;11281,30066608;0,00229589;-0,01952821
2016-09-15;11324,32518987;0,00381379;-0,01578890
2016-09-16;11313,30369001;-0,00097326;-0,01674679
2016-09-19;11342,64073536;0,00259315;-0,01419707
2016-09-20;11364,45634974;0,00192333;-0,01230105
2016-09-21;11451,19084381;0,00763208;-0,00476284
2016-09-22;11495,41079273;0,00386160;-0,00091963
2016-09-23;11494,76618076;-0,00005608;-0,00097566
2016-09-26;11435,82158234;-0,00512795;-0,00609861
2016-09-27;11446,47192406;0,00093131;-0,00517297
2016-09-28;11446,53858838;0,00000582;-0,00516718
2016-09-29;11442,36529273;-0,00036459;-0,00552988
2016-09-30;11444,40849177;0,00017856;-0,00535231
2016-10-03;11461,90151996;0,00152852;-0,00383197
2016-10-04;11382,76783418;-0,00690406;-0,01070957
2016-10-05;11385,34339646;0,00022627;-0,01048573
2016-10-06;11376,24462558;-0,00079917;-0,01127651
2016-10-07;11417,55036451;0,00363088;-0,00768658
2016-10-10;11478,09300640;0,00530259;-0,00242474
2016-10-11;11431,61770277;-0,00404904;-0,00646397
2016-10-12;11438,89015666;0,00063617;-0,00583191
2016-10-13;11404,05103621;-0,00304567;-0,00885982
2016-10-14;11427,87305144;0,00208891;-0,00678942
2016-10-17;11412,34379923;-0,00135889;-0,00813909
2016-10-18;11437,79775697;0,00223039;-0,00592685
2016-10-19;11477,07274551;0,00343379;-0,00251342
2016-10-20;11452,05868529;-0,00217948;-0,00468742
2016-10-21;11471,11564451;0,00166406;-0,00303116
2016-10-24;11510,09373852;0,00339793;0,00000000
2016-10-25;11523,55865503;0,00116984;0,00000000
2016-10-26;11471,02628548;-0,00455869;-0,00455869
2016-10-27;11481,15662204;0,00088312;-0,00367960
2016-10-28;11498,89941655;0,00154538;-0,00213990
2016-10-31;11479,98081241;-0,00164525;-0,00378163
2016-11-01;11441,98634983;-0,00330963;-0,00707874
2016-11-02;11413,15394266;-0,00251988;-0,00958078
2016-11-03;11355,50082367;-0,00505146;-0,01458385
2016-11-04;11329,71850209;-0,00227047;-0,01682121
2016-11-07;11400,01213342;0,00620436;-0,01072121
2016-11-08;11420,40153699;0,00178854;-0,00895185
2016-11-09;11405,89750493;-0,00127001;-0,01021049
2016-11-10;11308,79604368;-0,00851327;-0,01863683
2016-11-11;11227,89342926;-0,00715395;-0,02565746
2016-11-14;11195,14276746;-0,00291690;-0,02849952
2016-11-15;11282,60469386;0,00781249;-0,02090968
2016-11-16;11293,73234448;0,00098627;-0,01994404
2016-11-17;11310,50133483;0,00148481;-0,01848885
2016-11-18;11306,48375758;-0,00035521;-0,01883749
2016-11-21;11323,07653920;0,00146755;-0,01739759
2016-11-22;11346,25167902;0,00204672;-0,01538648
2016-11-23;11274,96664750;-0,00628269;-0,02157250
2016-11-25;11287,03764199;0,00107060;-0,02052500
2016-11-28;11318,26582490;0,00276673;-0,01781505
2016-11-29;11293,33160344;-0,00220301;-0,01997882
2016-11-30;11227,76497487;-0,00580578;-0,02566861
2016-12-01;11128,02347520;-0,00888347;-0,03432405
2016-12-02;11126,08992741;-0,00017375;-0,03449184
2016-12-05;11152,46238809;0,00237033;-0,03220327
2016-12-06;11164,37872520;0,00106849;-0,03116918
2016-12-07;11275,68359132;0,00996964;-0,02151029
2016-12-08;11321,70799026;0,00408174;-0,01751635
2016-12-09;11324,91764168;0,00028350;-0,01723782
2016-12-12;11301,58884886;-0,00205995;-0,01926226
2016-12-13;11352,16441654;0,00447508;-0,01487338
2016-12-14;11296,24967475;-0,00492547;-0,01972559
2016-12-15;11334,85395081;0,00341744;-0,01637556
2016-12-16;11299,33184162;-0,00313388;-0,01945812
2016-12-19;11357,48890226;0,00514695;-0,01441133
2016-12-20;11375,26328135;0,00156499;-0,01286889
2016-12-21;11366,83603054;-0,00074084;-0,01360019
2016-12-22;11356,54965411;-0,00090495;-0,01449283
2016-12-23;11381,34992149;0,00218379;-0,01234070
2016-12-28;11397,46741505;0,00141613;-0,01094204
2016-12-29;11419,04929604;0,00189357;-0,00906919
2016-12-30;11372,91828178;-0,00403983;-0,01307238
2017-01-03;11433,22051243;0,00530227;-0,00783943
2017-01-04;11473,74126330;0,00354412;-0,00432309
2017-01-05;11494,28082317;0,00179014;-0,00254069
2017-01-06;11533,99305831;0,00345496;0,00000000
2017-01-09;11590,77962599;0,00492341;0,00000000
2017-01-10;11608,31667965;0,00151302;0,00000000
2017-01-11;11630,38973925;0,00190149;0,00000000
2017-01-12;11607,95257307;-0,00192918;-0,00192918
2017-01-13;11659,36913144;0,00442943;0,00000000
2017-01-17;11620,15852513;-0,00336301;-0,00336301
2017-01-18;11615,42494445;-0,00040736;-0,00376900
2017-01-19;11603,24529385;-0,00104858;-0,00481363
2017-01-20;11632,39571438;0,00251226;-0,00231345
2017-01-23;11604,55407727;-0,00239346;-0,00470137
2017-01-24;11618,68170672;0,00121742;-0,00348968
2017-01-25;11642,55536033;0,00205476;-0,00144208
2017-01-26;11612,10813878;-0,00261517;-0,00405348
2017-01-27;11633,48284891;0,00184073;-0,00222021
2017-01-30;11594,26518465;-0,00337110;-0,00558383
2017-01-31;11600,61492878;0,00054766;-0,00503923
2017-02-01;11607,98165914;0,00063503;-0,00440740
2017-02-02;11651,85751076;0,00377980;-0,00064426
2017-02-03;11711,47610675;0,00511666;0,00000000
2017-02-06;11750,61602026;0,00334201;0,00000000
2017-02-07;11748,60576226;-0,00017108;-0,00017108
2017-02-08;11757,62458650;0,00076765;0,00000000
2017-02-09;11768,67059531;0,00093948;0,00000000
2017-02-10;11800,97046862;0,00274456;0,00000000
2017-02-13;11814,46377341;0,00114341;0,00000000
2017-02-14;11831,94947310;0,00148002;0,00000000
2017-02-15;11877,03761233;0,00381071;0,00000000
2017-02-16;11891,65737870;0,00123093;0,00000000
2017-02-17;11907,60344681;0,00134095;0,00000000
2017-02-21;11933,86553808;0,00220549;0,00000000
2017-02-22;11944,49945089;0,00089107;0,00000000
2017-02-23;11944,87025895;0,00003104;0,00000000
2017-02-24;11973,44377220;0,00239212;0,00000000
2017-02-27;11974,55895575;0,00009314;0,00000000
2017-02-28;11971,90114688;-0,00022195;-0,00022195
2017-03-01;12080,16450481;0,00904312;0,00000000
2017-03-02;12024,25907927;-0,00462787;-0,00462787
2017-03-03;12028,50250194;0,00035291;-0,00427660
2017-03-06;12002,07566548;-0,00219702;-0,00646422
2017-03-07;11990,58919492;-0,00095704;-0,00741507
2017-03-08;11987,11116049;-0,00029006;-0,00770299
2017-03-09;11967,16634333;-0,00166386;-0,00935403
2017-03-10;12006,26783304;0,00326740;-0,00611719
2017-03-13;11992,98303266;-0,00110649;-0,00721691
2017-03-14;11977,86306278;-0,00126073;-0,00846855
2017-03-15;12048,24999562;0,00587642;-0,00264189
2017-03-16;12052,73058225;0,00037189;-0,00227099
2017-03-17;12056,54271861;0,00031629;-0,00195542
2017-03-20;12075,19183124;0,00154680;-0,00041164
2017-03-21;11993,70173884;-0,00674855;-0,00715742
2017-03-22;12006,97102687;0,00110635;-0,00605898
2017-03-23;11999,27336074;-0,00064110;-0,00669620
2017-03-24;12011,99136238;0,00105990;-0,00564340
2017-03-27;11990,82232032;-0,00176233;-0,00739578
2017-03-28;12043,72989619;0,00441234;-0,00301607
2017-03-29;12087,32624654;0,00361984;0,00000000
2017-03-30;12065,47107403;-0,00180811;-0,00180811
2017-03-31;12049,77384448;-0,00130100;-0,00310676
2017-04-03;12050,42139870;0,00005374;-0,00305319
2017-04-04;12072,35846916;0,00182044;-0,00123830
2017-04-05;12065,71403081;-0,00055038;-0,00178801
2017-04-06;12042,78038291;-0,00190073;-0,00368534
2017-04-07;12065,01158991;0,00184602;-0,00184612
2017-04-10;12060,23017185;-0,00039630;-0,00224169
2017-04-11;12047,88083738;-0,00102397;-0,00326337
2017-04-12;12060,99093746;0,00108817;-0,00217875
2017-04-13;12053,94587715;-0,00058412;-0,00276160
2017-04-18;12015,58201155;-0,00318268;-0,00593549
2017-04-19;11982,75471462;-0,00273206;-0,00865134
2017-04-20;12018,37848714;0,00297292;-0,00570414
2017-04-21;12031,91386591;0,00112622;-0,00458434
2017-04-24;12101,24469487;0,00576224;0,00000000
2017-04-25;12096,65580531;-0,00037921;-0,00037921
2017-04-26;12117,01513434;0,00168305;0,00000000
2017-04-27;12085,53941445;-0,00259765;-0,00259765
2017-04-28;12096,11056122;0,00087469;-0,00172522
2017-05-02;12117,34481966;0,00175546;0,00000000
2017-05-03;12069,92141947;-0,00391368;-0,00391368
2017-05-04;12053,49179480;-0,00136120;-0,00526956
2017-05-05;12066,19136534;0,00105360;-0,00422151
2017-05-08;12082,09519700;0,00131805;-0,00290902
2017-05-09;12074,56429473;-0,00062331;-0,00353052
2017-05-10;12089,44274392;0,00123221;-0,00230266
2017-05-11;12095,25038795;0,00048039;-0,00182337
2017-05-12;12123,21264360;0,00231184;0,00000000
2017-05-15;12161,84067567;0,00318629;0,00000000
2017-05-16;12195,90146018;0,00280063;0,00000000
2017-05-17;12113,26237305;-0,00677597;-0,00677597
2017-05-18;12081,74032547;-0,00260228;-0,00936061
2017-05-19;12137,02964252;0,00457627;-0,00482718
2017-05-22;12194,38432135;0,00472559;-0,00012440
2017-05-23;12192,42702920;-0,00016051;-0,00028489
2017-05-24;12231,49374996;0,00320418;0,00000000
2017-05-25;12267,01528752;0,00290410;0,00000000
2017-05-26;12329,55606067;0,00509829;0,00000000
2017-05-30;12307,17296011;-0,00181540;-0,00181540
2017-05-31;12305,12942342;-0,00016604;-0,00198114
2017-06-01;12331,88521161;0,00217436;0,00000000
2017-06-02;12412,94651859;0,00657331;0,00000000
2017-06-05;12408,60793602;-0,00034952;-0,00034952
2017-06-06;12435,20594733;0,00214351;0,00000000
2017-06-07;12410,88139822;-0,00195610;-0,00195610
2017-06-08;12402,85495410;-0,00064673;-0,00260156
2017-06-09;12362,09049275;-0,00328670;-0,00587971
2017-06-12;12331,49454921;-0,00247498;-0,00834014
2017-06-13;12359,93541404;0,00230636;-0,00605302
2017-06-14;12318,29813766;-0,00336873;-0,00940136
2017-06-15;12270,00577572;-0,00392038;-0,01328488
2017-06-16;12264,62428072;-0,00043859;-0,01371764
2017-06-19;12338,48567328;0,00602231;-0,00777794
2017-06-20;12321,84578410;-0,00134862;-0,00911607
2017-06-21;12324,30738964;0,00019978;-0,00891811
2017-06-22;12345,92585594;0,00175413;-0,00717962
2017-06-23;12359,00297644;0,00105923;-0,00612800
2017-06-26;12319,32942730;-0,00321009;-0,00931842
2017-06-27;12260,21502569;-0,00479851;-0,01407222
2017-06-28;12271,97385888;0,00095910;-0,01312661
2017-06-29;12160,35130157;-0,00909573;-0,02210294
2017-06-30;12141,12280579;-0,00158125;-0,02364924
2017-07-03;12104,12961343;-0,00304693;-0,02662411
2017-07-05;12144,76912469;0,00335749;-0,02335601
2017-07-06;12086,47455106;-0,00479997;-0,02804388
2017-07-07;12117,57737395;0,00257336;-0,02554269
2017-07-10;12159,05720281;0,00342311;-0,02220701
2017-07-11;12169,22121732;0,00083592;-0,02138965
2017-07-12;12252,71855837;0,00686135;-0,01467506
2017-07-13;12246,58562793;-0,00050054;-0,01516825
2017-07-14;12271,83563459;0,00206180;-0,01313772
2017-07-17;12304,29433544;0,00264498;-0,01052750
2017-07-18;12342,43505016;0,00309979;-0,00746034
2017-07-19;12367,92879390;0,00206554;-0,00541022
2017-07-20;12405,99952665;0,00307818;-0,00234869
2017-07-21;12422,67900317;0,00134447;-0,00100738
2017-07-24;12412,22235226;-0,00084174;-0,00184827
2017-07-25;12410,68763247;-0,00012365;-0,00197169
2017-07-26;12440,85190563;0,00243051;0,00000000
2017-07-27;12424,53581088;-0,00131149;-0,00131149
2017-07-28;12418,06582768;-0,00052074;-0,00183155
2017-07-31;12394,15752212;-0,00192528;-0,00375331
2017-08-01;12413,29721458;0,00154425;-0,00221486
2017-08-02;12407,16140522;-0,00049429;-0,00270805
2017-08-03;12433,41660710;0,00211613;-0,00059765
2017-08-04;12450,62175693;0,00138378;0,00000000
2017-08-07;12475,61531707;0,00200741;0,00000000
2017-08-08;12496,16789614;0,00164742;0,00000000
2017-08-09;12490,57368963;-0,00044767;-0,00044767
2017-08-10;12426,05202282;-0,00516563;-0,00561099
2017-08-11;12442,24322259;0,00130300;-0,00431530
2017-08-14;12514,24443841;0,00578684;0,00000000
2017-08-15;12527,19330140;0,00103473;0,00000000
2017-08-16;12571,72830029;0,00355507;0,00000000
2017-08-17;12493,00897340;-0,00626162;-0,00626162
2017-08-18;12468,34160243;-0,00197449;-0,00822375
2017-08-21;12456,35147462;-0,00096165;-0,00917748
2017-08-22;12538,61842137;0,00660442;-0,00263368
2017-08-23;12554,45171132;0,00126276;-0,00137424
2017-08-24;12532,41680793;-0,00175515;-0,00312698
2017-08-25;12535,22978073;0,00022446;-0,00290322
2017-08-29;12569,18578224;0,00270885;-0,00020224
2017-08-30;12610,57816837;0,00329316;0,00000000
2017-08-31;12698,40042409;0,00696417;0,00000000
2017-09-01;12691,64114657;-0,00053229;-0,00053229
2017-09-05;12659,21539837;-0,00255489;-0,00308582
2017-09-06;12638,50223740;-0,00163621;-0,00471699
2017-09-07;12684,87936940;0,00366951;-0,00106478
2017-09-08;12633,20390328;-0,00407378;-0,00513423
2017-09-11;12667,49129519;0,00271407;-0,00243410
2017-09-12;12673,41471728;0,00046761;-0,00196763
2017-09-13;12660,85364809;-0,00099114;-0,00295681
2017-09-14;12613,77812978;-0,00371819;-0,00666401
2017-09-15;12566,53028794;-0,00374573;-0,01038478
2017-09-18;12570,55091758;0,00031995;-0,01006816
2017-09-19;12595,63554806;0,00199551;-0,00809274
2017-09-20;12552,66892218;-0,00341123;-0,01147637
2017-09-21;12506,08526360;-0,00371106;-0,01514483
2017-09-22;12528,21303837;0,00176936;-0,01340227
2017-09-25;12515,06190553;-0,00104972;-0,01443792
2017-09-26;12506,28306436;-0,00070146;-0,01512926
2017-09-27;12524,37239720;0,00144642;-0,01370472
2017-09-28;12534,12270331;0,00077851;-0,01293688
2017-09-29;12572,37948086;0,00305221;-0,00992416
2017-10-02;12599,36086161;0,00214608;-0,00779937
2017-10-03;12625,24960708;0,00205477;-0,00576063
2017-10-04;12628,61769210;0,00026677;-0,00549540
2017-10-05;12696,93907090;0,00541004;-0,00011508
2017-10-06;12733,91145629;0,00291191;0,00000000
2017-10-09;12751,24347423;0,00136109;0,00000000
2017-10-10;12747,39854090;-0,00030153;-0,00030153
2017-10-11;12779,24436511;0,00249822;0,00000000
2017-10-12;12783,56767641;0,00033831;0,00000000
2017-10-13;12801,23984512;0,00138241;0,00000000
2017-10-16;12800,26953607;-0,00007580;-0,00007580
2017-10-17;12802,05609550;0,00013957;0,00000000
2017-10-18;12804,58448463;0,00019750;0,00000000
2017-10-19;12801,48286399;-0,00024223;-0,00024223
2017-10-20;12818,08794878;0,00129712;0,00000000
2017-10-23;12814,27091480;-0,00029778;-0,00029778
2017-10-24;12824,29627804;0,00078236;0,00000000
2017-10-25;12746,94771034;-0,00603141;-0,00603141
2017-10-26;12775,90419391;0,00227164;-0,00377347
2017-10-27;12914,07320282;0,01081481;0,00000000
2017-10-30;12902,59843402;-0,00088855;-0,00088855
2017-10-31;12901,98175270;-0,00004780;-0,00093630
2017-11-01;12925,53398819;0,00182547;0,00000000
2017-11-02;12982,59528750;0,00441462;0,00000000
2017-11-03;13000,42742698;0,00137354;0,00000000
2017-11-06;13024,23412662;0,00183122;0,00000000
2017-11-07;13009,52736288;-0,00112918;-0,00112918
2017-11-08;13056,25470096;0,00359178;0,00000000
2017-11-09;13010,80455255;-0,00348110;-0,00348110
2017-11-10;12960,96579657;-0,00383057;-0,00729833
2017-11-13;12988,95482737;0,00215949;-0,00515461
2017-11-14;12978,90222523;-0,00077393;-0,00592455
2017-11-15;12921,38325577;-0,00443173;-0,01033003
2017-11-16;12991,08219031;0,00539408;-0,00499167
2017-11-17;12987,33014048;-0,00028882;-0,00527905
2017-11-20;12964,72263145;-0,00174074;-0,00701059
2017-11-21;13038,06313850;0,00565693;-0,00139332
2017-11-22;13044,13906481;0,00046601;-0,00092796
2017-11-24;13061,01305520;0,00129361;0,00000000
2017-11-27;13066,38969425;0,00041166;0,00000000
2017-11-28;13119,19833637;0,00404156;0,00000000
2017-11-29;12965,74262697;-0,01169703;-0,01169703
2017-11-30;12974,88693376;0,00070527;-0,01100002
2017-12-01;12934,34521577;-0,00312463;-0,01409028
2017-12-04;12911,24590092;-0,00178589;-0,01585100
2017-12-05;12885,66649899;-0,00198117;-0,01780077
2017-12-06;12901,04843588;0,00119372;-0,01662830
2017-12-07;12886,14164711;-0,00115547;-0,01776455
2017-12-08;12930,20174868;0,00341918;-0,01440611
2017-12-11;12971,30215528;0,00317864;-0,01127326
2017-12-12;12996,77515196;0,00196380;-0,00933161
2017-12-13;13015,07912626;0,00140835;-0,00793640
2017-12-14;12979,27952465;-0,00275062;-0,01066520
2017-12-15;13064,03089952;0,00652974;-0,00420509
2017-12-18;13122,53236135;0,00447806;0,00000000
2017-12-19;13105,47448782;-0,00129989;-0,00129989
2017-12-20;13085,98269332;-0,00148730;-0,00278526
2017-12-21;13111,24868307;0,00193077;-0,00085987
2017-12-22;13118,36443743;0,00054272;-0,00031762
2017-12-27;13128,73333669;0,00079041;0,00000000
2017-12-28;13137,25938677;0,00064942;0,00000000
2017-12-29;13132,44174464;-0,00036672;-0,00036672
2018-01-02;13193,37785793;0,00464012;0,00000000
2018-01-03;13263,34388607;0,00530312;0,00000000
2018-01-04;13324,92517901;0,00464297;0,00000000
2018-01-05;13372,27917449;0,00355379;0,00000000
2018-01-08;13394,21732069;0,00164057;0,00000000
2018-01-09;13398,68710478;0,00033371;0,00000000
2018-01-10;13379,10140253;-0,00146176;-0,00146176
2018-01-11;13410,00688536;0,00230998;0,00000000
2018-01-12;13467,63981004;0,00429776;0,00000000
2018-01-16;13448,52126301;-0,00141959;-0,00141959
2018-01-17;13468,58841508;0,00149215;0,00000000
2018-01-18;13456,61885856;-0,00088870;-0,00088870
2018-01-19;13499,33104989;0,00317407;0,00000000
2018-01-22;13531,42745379;0,00237763;0,00000000
2018-01-23;13588,53221132;0,00422016;0,00000000
2018-01-24;13536,05218927;-0,00386208;-0,00386208
2018-01-25;13491,25867428;-0,00330920;-0,00715850
2018-01-26;13608,47083648;0,00868801;0,00000000
2018-01-29;13571,66392285;-0,00270471;-0,00270471
2018-01-30;13469,66228290;-0,00751578;-0,01020016
2018-01-31;13492,65049622;0,00170667;-0,00851090
2018-02-01;13495,65155164;0,00022242;-0,00829037
2018-02-02;13319,93805626;-0,01302001;-0,02120244
2018-02-05;13126,77177645;-0,01450204;-0,03539700
2018-02-06;13077,71490857;-0,00373716;-0,03900188
2018-02-07;13121,57657354;0,00335392;-0,03577876
2018-02-08;12859,83968743;-0,01994706;-0,05501214
2018-02-09;12911,91869257;0,00404974;-0,05118519
2018-02-12;13065,51521016;0,01189572;-0,03989836
2018-02-13;13073,37550549;0,00060161;-0,03932075
2018-02-14;13223,70083732;0,01149859;-0,02827430
2018-02-15;13317,53310738;0,00709576;-0,02137916
2018-02-16;13350,30233353;0,00246061;-0,01897116
2018-02-20;13310,01253895;-0,00301789;-0,02193180
2018-02-21;13284,01268773;-0,00195341;-0,02384237
2018-02-22;13302,50139642;0,00139180;-0,02248375
2018-02-23;13371,96431013;0,00522179;-0,01737936
2018-02-26;13496,32180446;0,00929987;-0,00824112
2018-02-27;13428,97564654;-0,00498996;-0,01318996
2018-02-28;13399,07470533;-0,00222660;-0,01538719
2018-03-01;13281,43065112;-0,00878001;-0,02403210
2018-03-02;13272,17919457;-0,00069657;-0,02471193
2018-03-05;13339,06833227;0,00503980;-0,01979668
2018-03-06;13393,07679805;0,00404889;-0,01582794
2018-03-07;13393,39760640;0,00002395;-0,01580436
2018-03-08;13447,27823884;0,00402292;-0,01184502
2018-03-09;13555,20798738;0,00802614;-0,00391395
2018-03-12;13583,64482814;0,00209785;-0,00182431
2018-03-13;13500,85443145;-0,00609486;-0,00790805
2018-03-14;13483,65249622;-0,00127414;-0,00917211
2018-03-15;13472,19252886;-0,00084992;-0,01001423
2018-03-16;13462,75615823;-0,00070043;-0,01070765
2018-03-19;13307,34412080;-0,01154385;-0,02212789
2018-03-20;13308,65093537;0,00009820;-0,02203186
2018-03-21;13325,08653460;0,00123496;-0,02082411
2018-03-22;13142,39087855;-0,01371065;-0,03424925
2018-03-23;13015,95999882;-0,00962008;-0,04353985
2018-03-26;13135,80835959;0,00920780;-0,03473296
2018-03-27;13067,19602444;-0,00522331;-0,03977484
2018-03-28;12954,16414652;-0,00865005;-0,04808084
2018-03-29;13085,45722910;0,01013520;-0,03843294
2018-04-03;12996,79613357;-0,00677554;-0,04494808
2018-04-04;13053,67514843;0,00437639;-0,04076841
2018-04-05;13155,76045270;0,00782043;-0,03326681
2018-04-06;13013,24569673;-0,01083288;-0,04373931
2018-04-09;13051,26096602;0,00292127;-0,04094581
2018-04-10;13177,91874284;0,00970464;-0,03163854
2018-04-11;13159,77341593;-0,00137695;-0,03297192
2018-04-12;13180,94891235;0,00160911;-0,03141587
2018-04-13;13178,48449920;-0,00018697;-0,03159696
2018-04-16;13210,92632585;0,00246173;-0,02921302
2018-04-17;13332,30933931;0,00918808;-0,02029335
2018-04-18;13353,31333496;0,00157542;-0,01874990
2018-04-19;13290,62628985;-0,00469449;-0,02335637
2018-04-20;13222,49558304;-0,00512622;-0,02836287
2018-04-23;13216,63610923;-0,00044314;-0,02879344
2018-04-24;13146,47570985;-0,00530849;-0,03394908
2018-04-25;13085,85831914;-0,00461092;-0,03840347
2018-04-26;13184,86294117;0,00756577;-0,03112825
2018-04-27;13241,13485107;0,00426792;-0,02699319
2018-04-30;13206,31537450;-0,00262964;-0,02955185
2018-05-01;13231,22025294;0,00188583;-0,02772175
2018-05-02;13249,90112101;0,00141188;-0,02634901
2018-05-03;13232,58297830;-0,00130704;-0,02762161
2018-05-04;13383,14990723;0,01137850;-0,01655740
2018-05-08;13440,88132610;0,00431374;-0,01231509
2018-05-09;13483,34989907;0,00315966;-0,00919434
2018-05-10;13621,36382856;0,01023588;0,00000000
2018-05-11;13612,84169428;-0,00062564;-0,00062564
2018-05-14;13604,44556189;-0,00061678;-0,00124204
2018-05-15;13503,42862365;-0,00742529;-0,00865811
2018-05-16;13527,35071545;0,00177156;-0,00690189
2018-05-17;13518,31555908;-0,00066792;-0,00756519
2018-05-18;13495,23598235;-0,00170728;-0,00925956
2018-05-21;13570,47205868;0,00557501;-0,00373617
2018-05-22;13572,14532726;0,00012330;-0,00361333
2018-05-23;13583,41652824;0,00083047;-0,00278587
2018-05-24;13592,57144948;0,00067398;-0,00211377
2018-05-25;13599,11779545;0,00048161;-0,00163317
2018-05-29;13545,53823733;-0,00393993;-0,00556667
2018-05-30;13594,86130947;0,00364128;-0,00194566
2018-05-31;13587,93276213;-0,00050964;-0,00245431
2018-06-01;13654,92821998;0,00493051;0,00000000
2018-06-04;13719,82612553;0,00475271;0,00000000
2018-06-05;13730,66823443;0,00079025;0,00000000
2018-06-06;13766,35142533;0,00259879;0,00000000
2018-06-07;13736,80072694;-0,00214659;-0,00214659
2018-06-08;13733,95225899;-0,00020736;-0,00235350
2018-06-11;13772,69658273;0,00282106;0,00000000
2018-06-12;13777,08878059;0,00031891;0,00000000
2018-06-13;13776,28568523;-0,00005829;-0,00005829
2018-06-14;13815,94521851;0,00287883;0,00000000
2018-06-15;13738,90529419;-0,00557616;-0,00557616
2018-06-18;13741,89942159;0,00021793;-0,00535944
2018-06-19;13706,73033529;-0,00255926;-0,00790499
2018-06-20;13715,12746552;0,00061263;-0,00729720
2018-06-21;13637,20188657;-0,00568172;-0,01293747
2018-06-22;13646,63396907;0,00069164;-0,01225477
2018-06-25;13480,47229404;-0,01217602;-0,02428158
2018-06-26;13499,90044707;0,00144121;-0,02287536
2018-06-27;13459,09499672;-0,00302265;-0,02582887
2018-06-28;13487,36695286;0,00210058;-0,02378254
2018-06-29;13516,09703624;0,00213015;-0,02170305
2018-07-02;13496,52771105;-0,00144785;-0,02311948
2018-07-03;13487,30618795;-0,00068325;-0,02378694
2018-07-05;13550,65467780;0,00469690;-0,01920177
2018-07-06;13619,58570572;0,00508691;-0,01421253
2018-07-09;13701,81105411;0,00603729;-0,00826105
2018-07-10;13711,91626413;0,00073751;-0,00752963
2018-07-11;13643,15677598;-0,00501458;-0,01250645
2018-07-12;13744,27519302;0,00741166;-0,00518749
2018-07-13;13744,34488646;0,00000507;-0,00518244
2018-07-16;13724,13245820;-0,00147060;-0,00664542
2018-07-17;13754,37892866;0,00220389;-0,00445618
2018-07-18;13792,22616635;0,00275165;-0,00171679
2018-07-19;13776,75603455;-0,00112166;-0,00283652
2018-07-20;13771,97414033;-0,00034710;-0,00318263
2018-07-23;13772,83936271;0,00006282;-0,00312001
2018-07-24;13820,41052336;0,00345398;0,00000000
2018-07-25;13884,72115015;0,00465331;0,00000000
2018-07-26;13820,59837311;-0,00461823;-0,00461823
2018-07-27;13746,73762500;-0,00534425;-0,00993780
2018-07-30;13644,43800041;-0,00744174;-0,01730558
2018-07-31;13675,47815342;0,00227493;-0,01507002
2018-08-01;13690,08571675;0,00106816;-0,01401796
2018-08-02;13739,75490880;0,00362811;-0,01044070
2018-08-03;13788,95669846;0,00358098;-0,00689711
2018-08-06;13828,84604355;0,00289285;-0,00402422
2018-08-07;13875,50194345;0,00337381;-0,00066398
2018-08-08;13914,20922769;0,00278961;0,00000000
2018-08-09;13918,73222790;0,00032506;0,00000000
2018-08-10;13858,96542854;-0,00429398;-0,00429398
2018-08-13;13809,78192565;-0,00354886;-0,00782760
2018-08-14;13851,90624547;0,00305032;-0,00480115
2018-08-15;13730,67929216;-0,00875164;-0,01351078
2018-08-16;13788,04535167;0,00417795;-0,00938928
2018-08-17;13811,67627499;0,00171387;-0,00769150
2018-08-20;13832,46239845;0,00150497;-0,00619811
2018-08-21;13834,56717319;0,00015216;-0,00604689
2018-08-22;13848,79896211;0,00102871;-0,00502440
2018-08-23;13844,22103690;-0,00033056;-0,00535330
2018-08-24;13947,77883530;0,00748022;0,00000000
2018-08-28;14026,56987774;0,00564900;0,00000000
2018-08-29;14055,39237275;0,00205485;0,00000000
2018-08-30;14012,48032858;-0,00305307;-0,00305307
2018-08-31;14001,12342640;-0,00081048;-0,00386108
2018-09-04;13999,09539518;-0,00014485;-0,00400537
2018-09-05;13901,00213877;-0,00700711;-0,01098441
2018-09-06;13848,43353731;-0,00378164;-0,01472451
2018-09-07;13820,87988925;-0,00198966;-0,01668488
2018-09-10;13821,38676694;0,00003667;-0,01664881
2018-09-11;13870,51737506;0,00355468;-0,01315331
2018-09-12;13879,12436006;0,00062052;-0,01254095
2018-09-13;13913,96656543;0,00251040;-0,01006203
2018-09-14;13918,58324635;0,00033180;-0,00973357
2018-09-17;13847,33719410;-0,00511877;-0,01480252
2018-09-18;13888,55322863;0,00297646;-0,01187012
2018-09-19;13893,21330556;0,00033553;-0,01153857
2018-09-20;13959,66955992;0,00478336;-0,00681040
2018-09-21;13985,91696975;0,00188023;-0,00494297
2018-09-24;13973,72556588;-0,00087169;-0,00581035
2018-09-25;13979,57294789;0,00041846;-0,00539433
2018-09-26;13943,07488419;-0,00261081;-0,00799106
2018-09-27;13967,51504417;0,00175285;-0,00625221
2018-09-28;14006,33713822;0,00277946;-0,00349014
2018-10-01;14035,36875248;0,00207275;-0,00142462
2018-10-02;14067,46111112;0,00228653;0,00000000
2018-10-03;14077,42594499;0,00070836;0,00000000
2018-10-04;13934,83264460;-0,01012922;-0,01012922
2018-10-05;13841,24822875;-0,00671586;-0,01677705
2018-10-08;13737,72855326;-0,00747907;-0,02413065
2018-10-09;13762,12375376;0,00177578;-0,02239772
2018-10-10;13457,40026930;-0,02214218;-0,04404397
2018-10-11;13365,38538536;-0,00683749;-0,05058031
2018-10-12;13507,12174003;0,01060473;-0,04051197
2018-10-15;13466,99575532;-0,00297073;-0,04336234
2018-10-16;13620,23827244;0,01137912;-0,03247665
2018-10-17;13610,68018326;-0,00070176;-0,03315562
2018-10-18;13524,10641918;-0,00636072;-0,03930545
2018-10-19;13532,26147820;0,00060300;-0,03872615
2018-10-22;13552,77318391;0,00151576;-0,03726908
2018-10-23;13482,01194030;-0,00522116;-0,04229566
2018-10-24;13292,31064263;-0,01407070;-0,05577123
2018-10-25;13458,83699450;0,01252802;-0,04394191
2018-10-26;13310,87976031;-0,01099331;-0,05445216
2018-10-29;13267,76231601;-0,00323926;-0,05751503
2018-10-30;13318,04243397;0,00378965;-0,05394335
2018-10-31;13463,36529382;0,01091173;-0,04362024
2018-11-01;13505,68096066;0,00314302;-0,04061431
2018-11-02;13423,89409487;-0,00605574;-0,04642410
2018-11-05;13403,54586863;-0,00151582;-0,04786955
2018-11-06;13417,35596699;0,00103033;-0,04688854
2018-11-07;13584,78861662;0,01247881;-0,03499484
2018-11-08;13600,45274150;0,00115306;-0,03388213
2018-11-09;13489,39603874;-0,00816566;-0,04177112
2018-11-12;13293,28133635;-0,01453843;-0,05570227
2018-11-13;13270,23725780;-0,00173351;-0,05733922
2018-11-14;13206,88246875;-0,00477420;-0,06183968
2018-11-15;13371,65890086;0,01247656;-0,05013467
2018-11-16;13395,88857866;0,00181202;-0,04841349
2018-11-19;13204,48281872;-0,01428840;-0,06201014
2018-11-20;13054,25276097;-0,01137720;-0,07268184
2018-11-21;13136,45652108;0,00629709;-0,06684243
2018-11-23;13056,07781491;-0,00611875;-0,07255219
2018-11-26;13176,21543202;0,00920166;-0,06401813
2018-11-27;13187,48193738;0,00085506;-0,06321781
2018-11-28;13366,16146140;0,01354918;-0,05052518
2018-11-29;13370,74284505;0,00034276;-0,05019974
2018-11-30;13408,21559002;0,00280259;-0,04753784
2018-12-03;13591,33849593;0,01365752;-0,03452957
2018-12-04;13421,68401752;-0,01248254;-0,04658110
2018-12-06;13237,78985480;-0,01370127;-0,05964415
2018-12-07;13154,87187660;-0,00626373;-0,06553429
2018-12-10;13179,34910498;0,00186070;-0,06379553
2018-12-11;13256,24441676;0,00583453;-0,05833322
2018-12-12;13302,83348466;0,00351450;-0,05502373
2018-12-13;13286,86602046;-0,00120031;-0,05615799
2018-12-14;13144,17222546;-0,01073946;-0,06629434
2018-12-17;13030,79697881;-0,00862551;-0,07434804
2018-12-18;13016,22952430;-0,00111793;-0,07538285
2018-12-19;12933,83075793;-0,00633046;-0,08123610
2018-12-20;12811,94998541;-0,00942341;-0,08989399
2018-12-21;12656,09466668;-0,01216484;-0,10096528
2018-12-24;12501,42637003;-0,01222085;-0,11195225
2018-12-27;12800,41926005;0,02391670;-0,09071308
2018-12-28;12866,50688833;0,00516293;-0,08601850
2018-12-31;12916,96213192;0,00392144;-0,08243438
2019-01-02;12951,74047078;0,00269245;-0,07996387
2019-01-03;12735,72222740;-0,01667870;-0,09530888
2019-01-04;12934,26048810;0,01558909;-0,08120557
2019-01-07;13001,56916089;0,00520391;-0,07642425
2019-01-08;13053,69272015;0,00400902;-0,07272162
2019-01-09;13157,80576471;0,00797575;-0,06532588
2019-01-10;13154,20589064;-0,00027359;-0,06558160
2019-01-11;13135,93285980;-0,00138914;-0,06687963
2019-01-14;13076,30277301;-0,00453946;-0,07111550
2019-01-15;13190,61803579;0,00874217;-0,06299503
2019-01-16;13200,14656403;0,00072237;-0,06231817
2019-01-17;13204,86221468;0,00035724;-0,06198319
2019-01-18;13311,98846883;0,00811264;-0,05437340
2019-01-22;13201,06628003;-0,00833250;-0,06225283
2019-01-23;13167,60053225;-0,00253508;-0,06463010
2019-01-24;13210,67097881;0,00327094;-0,06157056
2019-01-25;13318,73786931;0,00818027;-0,05389395
2019-01-28;13235,24611468;-0,00626874;-0,05982485
2019-01-29;13223,13960056;-0,00091472;-0,06068484
2019-01-30;13412,55659207;0,01432466;-0,04722947
2019-01-31;13434,13255290;0,00160864;-0,04569681
2019-02-01;13480,56247479;0,00345612;-0,04239862
2019-02-04;13540,94705698;0,00447938;-0,03810916
2019-02-05;13655,10384952;0,00843049;-0,02999995
2019-02-06;13644,00129985;-0,00081307;-0,03078863
2019-02-07;13530,34360594;-0,00833023;-0,03886238
2019-02-08;13560,60064458;0,00223624;-0,03671305
2019-02-11;13593,50795270;0,00242669;-0,03437546
2019-02-12;13689,60308157;0,00706919;-0,02754927
2019-02-13;13708,49948696;0,00138035;-0,02620695
2019-02-14;13744,79782571;0,00264787;-0,02362848
2019-02-15;13819,37739737;0,00542602;-0,01833066
2019-02-19;13819,20037589;-0,00001281;-0,01834324
2019-02-20;13831,74509534;0,00090777;-0,01745211
2019-02-21;13787,95988427;-0,00316556;-0,02056243
2019-02-22;13881,92398262;0,00681494;-0,01388762
2019-02-25;13917,64094342;0,00257291;-0,01135044
2019-02-26;13871,11434754;-0,00334299;-0,01465549
2019-02-27;13817,00218442;-0,00390107;-0,01849939
2019-02-28;13797,21919486;-0,00143179;-0,01990469
2019-03-01;13800,76089823;0,00025670;-0,01965310
2019-03-04;13789,51776177;-0,00081468;-0,02045176
2019-03-05;13788,55282128;-0,00006998;-0,02052031
2019-03-06;13747,78084829;-0,00295694;-0,02341657
2019-03-07;13678,01512947;-0,00507469;-0,02837243
2019-03-08;13700,90576585;0,00167353;-0,02674638
2019-03-11;13810,58060951;0,00800493;-0,01895555
2019-03-12;13887,43789371;0,00556510;-0,01349594
2019-03-13;13923,70715822;0,00261166;-0,01091952
2019-03-14;13881,62985799;-0,00302199;-0,01390851
2019-03-15;13970,26371864;0,00638498;-0,00761235
2019-03-18;14016,23218764;0,00329045;-0,00434694
2019-03-19;14050,78211430;0,00246499;-0,00189266
2019-03-20;14037,79432498;-0,00092435;-0,00281526
2019-03-21;14219,50372125;0,01294430;0,00000000
2019-03-22;14015,24894646;-0,01436441;-0,01436441
2019-03-25;14012,23840995;-0,00021480;-0,01457613
2019-03-26;14035,36406513;0,00165039;-0,01294979
2019-03-27;13969,64850152;-0,00468214;-0,01757130
2019-03-28;14003,85110067;0,00244835;-0,01516597
2019-03-29;14092,34598012;0,00631932;-0,00894249
2019-04-01;14155,35025291;0,00447082;-0,00451165
2019-04-02;14215,61330672;0,00425726;-0,00027360
2019-04-03;14246,83680950;0,00219642;0,00000000
2019-04-04;14245,84123994;-0,00006988;-0,00006988
2019-04-05;14301,32112782;0,00389446;0,00000000
2019-04-08;14326,52798733;0,00176255;0,00000000
2019-04-09;14304,21821958;-0,00155723;-0,00155723
2019-04-10;14333,12361581;0,00202076;0,00000000
2019-04-11;14302,54261275;-0,00213359;-0,00213359
2019-04-12;14340,95694038;0,00268584;0,00000000
2019-04-15;14338,00361750;-0,00020594;-0,00020594
2019-04-16;14369,64962346;0,00220714;0,00000000
2019-04-17;14385,99056750;0,00113718;0,00000000
2019-04-18;14409,52732506;0,00163609;0,00000000
2019-04-23;14518,39940026;0,00755556;0,00000000
2019-04-24;14525,38480193;0,00048114;0,00000000
2019-04-25;14526,96895689;0,00010906;0,00000000
2019-04-26;14525,51839520;-0,00009985;-0,00009985
2019-04-29;14532,35742161;0,00047083;0,00000000
2019-04-30;14506,81393599;-0,00175770;-0,00175770
2019-05-01;14480,99726692;-0,00177962;-0,00353419
2019-05-02;14411,62894937;-0,00479030;-0,00830756
2019-05-03;14472,70507924;0,00423798;-0,00410479
2019-05-07;14299,11207846;-0,01199451;-0,01605007
2019-05-08;14297,67870859;-0,00010024;-0,01614870
2019-05-09;14202,90537837;-0,00662858;-0,02267024
2019-05-10;14223,77641158;0,00146949;-0,02123406
2019-05-13;14055,97688784;-0,01179711;-0,03278068
2019-05-14;14177,85573412;0,00867096;-0,02439396
2019-05-15;14254,35208063;0,00539548;-0,01913009
2019-05-16;14352,26159511;0,00686875;-0,01239275
2019-05-17;14298,29241379;-0,00376033;-0,01610647
2019-05-20;14173,43225274;-0,00873252;-0,02469834
2019-05-21;14239,29474469;0,00464690;-0,02016622
2019-05-22;14245,76293647;0,00045425;-0,01972113
2019-05-23;14121,81038633;-0,00870101;-0,02825055
2019-05-24;14137,93190863;0,00114160;-0,02714119
2019-05-28;14117,59112366;-0,00143874;-0,02854088
2019-05-29;14041,38481112;-0,00539797;-0,03378479
2019-05-30;14110,56732624;0,00492704;-0,02902420
2019-05-31;14044,02102113;-0,00471606;-0,03360338
2019-06-03;13999,50530017;-0,00316973;-0,03666660
2019-06-04;14177,47946936;0,01271289;-0,02441985
2019-06-05;14267,53849572;0,00635226;-0,01822271
2019-06-06;14352,26137497;0,00593816;-0,01239276
2019-06-07;14501,96419589;0,01043061;-0,00209142
2019-06-10;14574,35452689;0,00499176;0,00000000
2019-06-11;14554,17368803;-0,00138468;-0,00138468
2019-06-12;14522,69648199;-0,00216276;-0,00354445
2019-06-13;14571,41490556;0,00335464;-0,00020170
2019-06-14;14540,73264354;-0,00210565;-0,00230692
2019-06-17;14567,83755740;0,00186407;-0,00044715
2019-06-18;14720,01526315;0,01044614;0,00000000
2019-06-19;14730,63172395;0,00072123;0,00000000
2019-06-20;14894,38977515;0,01111684;0,00000000
2019-06-21;14902,40985020;0,00053846;0,00000000
2019-06-24;14948,32480939;0,00308104;0,00000000
2019-06-25;14847,98107701;-0,00671271;-0,00671271
2019-06-26;14865,69798404;0,00119322;-0,00552750
2019-06-27;14881,71267080;0,00107729;-0,00445616
2019-06-28;14897,10481420;0,00103430;-0,00342647
2019-07-01;14970,41031891;0,00492079;0,00000000
2019-07-02;15073,37057103;0,00687758;0,00000000
2019-07-03;15158,15269887;0,00562463;0,00000000
2019-07-05;15111,63545650;-0,00306879;-0,00306879
2019-07-08;15048,80662488;-0,00415765;-0,00721368
2019-07-09;15084,95608075;0,00240215;-0,00482886
2019-07-10;15177,27264600;0,00611978;0,00000000
2019-07-11;15166,19250961;-0,00073005;-0,00073005
2019-07-12;15225,23920239;0,00389331;0,00000000
2019-07-15;15268,51262228;0,00284222;0,00000000
2019-07-16;15227,66047941;-0,00267558;-0,00267558
2019-07-17;15234,01251756;0,00041714;-0,00225956
2019-07-18;15276,21225389;0,00277010;0,00000000
2019-07-19;15231,70658509;-0,00291340;-0,00291340
2019-07-22;15274,36429080;0,00280059;-0,00012097
2019-07-23;15322,56348406;0,00315556;0,00000000
2019-07-24;15375,14639605;0,00343173;0,00000000
2019-07-25;15334,79284402;-0,00262460;-0,00262460
2019-07-26;15393,83211372;0,00385002;0,00000000
2019-07-29;15468,11310934;0,00482537;0,00000000
2019-07-30;15450,40823990;-0,00114460;-0,00114460
2019-07-31;15309,37144135;-0,00912835;-0,01026251
2019-08-01;15384,26218960;0,00489182;-0,00542089
2019-08-02;15177,10185195;-0,01346573;-0,01881362
2019-08-05;14919,12582795;-0,01699771;-0,03549155
2019-08-06;14998,45589872;0,00531734;-0,03036293
2019-08-07;15091,75654671;0,00622068;-0,02433112
2019-08-08;15322,25019160;0,01527282;-0,00942991
2019-08-09;15241,96326262;-0,00523989;-0,01462039
2019-08-12;15202,42252540;-0,00259420;-0,01717666
2019-08-13;15342,56266676;0,00921828;-0,00811673
2019-08-14;15121,61567300;-0,01440092;-0,02240076
2019-08-15;15098,13343484;-0,00155289;-0,02391886
2019-08-16;15216,41629427;0,00783427;-0,01627198
2019-08-19;15307,79968849;0,00600558;-0,01036412
2019-08-20;15285,01467379;-0,00148846;-0,01183715
2019-08-21;15355,89458089;0,00463722;-0,00725483
2019-08-22;15281,43754614;-0,00484876;-0,01206841
2019-08-23;15133,63206072;-0,00967222;-0,02162391
2019-08-27;15216,65658006;0,00548609;-0,01625644
2019-08-28;15242,33653782;0,00168762;-0,01459626
2019-08-29;15363,99915144;0,00798189;-0,00673088
2019-08-30;15348,79205432;-0,00098979;-0,00771400
2019-09-03;15361,98703962;0,00085968;-0,00686096
2019-09-04;15479,44146398;0,00764578;0,00000000
2019-09-05;15515,83384350;0,00235101;0,00000000
2019-09-06;15499,50358405;-0,00105249;-0,00105249
2019-09-09;15432,91925198;-0,00429590;-0,00534387
2019-09-10;15356,57808587;-0,00494664;-0,01026408
2019-09-11;15477,94747408;0,00790341;-0,00244179
2019-09-12;15537,68206814;0,00385934;0,00000000
2019-09-13;15445,36208590;-0,00594168;-0,00594168
2019-09-16;15442,88952539;-0,00016008;-0,00610082
2019-09-17;15454,39008894;0,00074472;-0,00536064
2019-09-18;15431,37510728;-0,00148922;-0,00684188
2019-09-19;15488,66517453;0,00371257;-0,00315471
2019-09-20;15451,48597258;-0,00240041;-0,00554755
2019-09-23;15479,41016149;0,00180722;-0,00375036
2019-09-24;15438,55752174;-0,00263916;-0,00637962
2019-09-25;15437,01783960;-0,00009973;-0,00647872
2019-09-26;15450,78808430;0,00089203;-0,00559247
2019-09-27;15399,58562116;-0,00331391;-0,00888784
2019-09-30;15399,49372943;-0,00000597;-0,00889376
2019-10-01;15360,01012377;-0,00256395;-0,01143491
2019-10-02;15180,17846381;-0,01170778;-0,02300881
2019-10-03;15227,81252911;0,00313791;-0,01994310
2019-10-04;15394,90423991;0,01097280;-0,00918913
2019-10-07;15372,01236286;-0,00148698;-0,01066245
2019-10-08;15278,89055530;-0,00605788;-0,01665573
2019-10-09;15368,15011601;0,00584202;-0,01091102
2019-10-10;15375,05882174;0,00044955;-0,01046638
2019-10-11;15385,25836343;0,00066338;-0,00980994
2019-10-14;15397,41618448;0,00079023;-0,00902747
2019-10-15;15428,59661855;0,00202504;-0,00702070
2019-10-16;15372,62774589;-0,00362761;-0,01062284
2019-10-17;15367,25640937;-0,00034941;-0,01096854
2019-10-18;15300,66469092;-0,00433335;-0,01525436
2019-10-21;15323,84204275;0,00151479;-0,01376267
2019-10-22;15282,57651469;-0,00269290;-0,01641851
2019-10-23;15310,17655961;0,00180598;-0,01464218
2019-10-24;15444,52497749;0,00877511;-0,00599556
2019-10-25;15525,45243709;0,00523988;-0,00078709
2019-10-28;15573,73929175;0,00311017;0,00000000
2019-10-29;15509,09660130;-0,00415075;-0,00415075
2019-10-30;15562,61162923;0,00345056;-0,00071451
2019-10-31;15564,79830560;0,00014051;-0,00057411
2019-11-01;15665,51153636;0,00647058;0,00000000
2019-11-04;15728,01216205;0,00398970;0,00000000
2019-11-05;15672,37583303;-0,00353740;-0,00353740
2019-11-06;15686,14268100;0,00087841;-0,00266210
2019-11-07;15716,42402579;0,00193045;-0,00073678
2019-11-08;15723,69331423;0,00046253;-0,00027460
2019-11-11;15690,61009889;-0,00210404;-0,00237805
2019-11-12;15747,42295741;0,00362082;0,00000000
2019-11-13;15754,29533030;0,00043641;0,00000000
2019-11-14;15750,30262187;-0,00025344;-0,00025344
2019-11-15;15812,59210292;0,00395481;0,00000000
2019-11-18;15822,19000126;0,00060698;0,00000000
2019-11-19;15844,87411698;0,00143369;0,00000000
2019-11-20;15809,38234512;-0,00223995;-0,00223995
2019-11-21;15746,14823422;-0,00399978;-0,00623078
2019-11-22;15765,04366266;0,00120000;-0,00503825
2019-11-25;15840,33769069;0,00477601;-0,00028630
2019-11-26;15891,55019686;0,00323304;0,00000000
2019-11-27;15903,71760451;0,00076565;0,00000000
2019-11-29;15881,72396966;-0,00138292;-0,00138292
2019-12-02;15756,63833217;-0,00787607;-0,00924811
2019-12-03;15676,82896184;-0,00506513;-0,01426639
2019-12-04;15707,52431811;0,00195801;-0,01233632
2019-12-05;15715,94511095;0,00053610;-0,01180683
2019-12-06;15801,61397637;0,00545108;-0,00642011
2019-12-09;15752,89392252;-0,00308323;-0,00948355
2019-12-10;15750,29472696;-0,00016500;-0,00964698
2019-12-11;15815,58451619;0,00414531;-0,00554167
2019-12-12;15907,21659167;0,00579378;0,00000000
2019-12-13;15904,62796022;-0,00016273;-0,00016273
2019-12-16;16007,56002512;0,00647183;0,00000000
2019-12-17;16045,06525079;0,00234297;0,00000000
2019-12-18;16064,99766455;0,00124228;0,00000000
2019-12-19;16136,54752821;0,00445377;0,00000000
2019-12-20;16182,52516234;0,00284929;0,00000000
2019-12-23;16265,45676029;0,00512476;0,00000000
2019-12-24;16287,69025715;0,00136692;0,00000000
2019-12-27;16330,33161958;0,00261801;0,00000000
2019-12-30;16270,37345311;-0,00367158;-0,00367158
2019-12-31;16264,77361453;-0,00034417;-0,00401449
2020-01-02;16449,64154342;0,01136615;0,00000000
2020-01-03;16437,35906220;-0,00074667;-0,00074667
2020-01-06;16455,33830500;0,00109380;0,00000000
2020-01-07;16495,82002135;0,00246010;0,00000000
2020-01-08;16546,84240363;0,00309305;0,00000000
2020-01-09;16629,44709523;0,00499217;0,00000000
2020-01-10;16646,14305884;0,00100400;0,00000000
2020-01-13;16719,98897689;0,00443622;0,00000000
2020-01-14;16693,95548462;-0,00155703;-0,00155703
2020-01-15;16726,54546650;0,00195220;0,00000000
2020-01-16;16799,63562370;0,00436971;0,00000000
2020-01-17;16884,20253021;0,00503385;0,00000000
2020-01-21;16875,83907152;-0,00049534;-0,00049534
2020-01-22;16869,93796031;-0,00034968;-0,00084485
2020-01-23;16883,34558302;0,00079476;-0,00005075
2020-01-24;16903,30440185;0,00118216;0,00000000
2020-01-27;16686,35240376;-0,01283489;-0,01283489
2020-01-28;16836,24087509;0,00898270;-0,00396748
2020-01-29;16876,52695307;0,00239282;-0,00158415
2020-01-30;16857,86737981;-0,00110565;-0,00268806
2020-01-31;16652,72122374;-0,01216916;-0,01482451
2020-02-03;16785,85220558;0,00799455;-0,00694848
2020-02-04;16961,99701110;0,01049365;0,00000000
2020-02-05;17050,43569769;0,00521393;0,00000000
2020-02-06;17172,56461388;0,00716280;0,00000000
2020-02-07;17114,32206163;-0,00339160;-0,00339160
2020-02-10;17201,54224650;0,00509633;0,00000000
2020-02-11;17199,70435706;-0,00010684;-0,00010684
2020-02-12;17266,75324127;0,00389826;0,00000000
2020-02-13;17239,13038177;-0,00159977;-0,00159977
2020-02-14;17290,43233988;0,00297590;0,00000000
2020-02-18;17282,41560350;-0,00046365;-0,00046365
2020-02-19;17448,63501365;0,00961783;0,00000000
2020-02-20;17382,48762543;-0,00379098;-0,00379098
2020-02-21;17241,00548491;-0,00813935;-0,01189947
2020-02-24;16870,77582902;-0,02147379;-0,03311773
2020-02-25;16511,28742792;-0,02130835;-0,05372040
2020-02-26;16572,54022678;0,00370975;-0,05020993
2020-02-27;16107,46993632;-0,02806270;-0,07686361
2020-02-28;15898,59015358;-0,01296788;-0,08883473
2020-03-02;16355,08721181;0,02871305;-0,06267240
2020-03-03;16249,38307724;-0,00646307;-0,06873042
2020-03-04;16549,38921749;0,01846262;-0,05153674
2020-03-05;16405,76710139;-0,00867839;-0,05976788
2020-03-06;16101,52805275;-0,01854464;-0,07720415
2020-03-09;15436,12831821;-0,04132525;-0,11533892
2020-03-10;15695,60769972;0,01680987;-0,10046788
2020-03-11;15424,06297858;-0,01730068;-0,11603040
2020-03-12;14457,64381410;-0,06265659;-0,17141692
2020-03-13;14957,06070101;0,03454345;-0,14279480
2020-03-16;14172,08060713;-0,05248224;-0,18778285
2020-03-17;14606,24776701;0,03063539;-0,16290026
2020-03-18;14259,57252300;-0,02373472;-0,18276859
2020-03-19;14272,93120666;0,00093682;-0,18200299
2020-03-20;14070,55888775;-0,01417875;-0,19360117
2020-03-23;14069,70631423;-0,00006059;-0,19365003
2020-03-24;14912,75871787;0,05991969;-0,14533379
2020-03-25;14973,39468692;0,00406605;-0,14185868
2020-03-26;15358,71757887;0,02573384;-0,11977541
2020-03-27;14919,85875711;-0,02857392;-0,14492688
2020-03-30;15222,19025901;0,02026370;-0,12759994
2020-03-31;15061,90535587;-0,01052969;-0,13678604
2020-04-01;14664,37671069;-0,02639299;-0,15956883
2020-04-02;14838,40854563;0,01186766;-0,14959488
2020-04-03;14805,12573849;-0,00224302;-0,15150235
2020-04-06;15469,15420045;0,04485125;-0,11344617
2020-04-07;15545,03194116;0,00490510;-0,10909754
2020-04-08;15608,49670138;0,00408264;-0,10546030
2020-04-09;15782,73457379;0,01116301;-0,09547454
2020-04-14;16128,16850326;0,02188682;-0,07567735
2020-04-15;15927,02901753;-0,01247132;-0,08720487
2020-04-16;16023,33585580;0,00604675;-0,08168542
2020-04-17;16078,68767096;0,00345445;-0,07851315
2020-04-20;16056,75765687;-0,00136392;-0,07976999
2020-04-21;15679,19148412;-0,02351447;-0,10140871
2020-04-22;16020,33850388;0,02175795;-0,08185721
2020-04-23;16062,71660731;0,00264527;-0,07942847
2020-04-24;16131,19048186;0,00426291;-0,07550416
2020-04-27;16238,62001756;0,00665974;-0,06934726
2020-04-28;16165,37927574;-0,00451028;-0,07354476
2020-04-29;16498,42309079;0,02060229;-0,05445767
2020-04-30;16301,53399373;-0,01193381;-0,06574159
2020-05-01;16086,14334656;-0,01321291;-0,07808586
2020-05-04;16158,87602174;0,00452145;-0,07391747
2020-05-05;16347,60570353;0,01167963;-0,06310117
2020-05-06;16356,62090363;0,00055147;-0,06258450
2020-05-07;16559,79303236;0,01242140;-0,05094049
2020-05-11;16679,64624894;0,00723760;-0,04407157
2020-05-12;16593,65757824;-0,00515531;-0,04899967
2020-05-13;16433,98974395;-0,00962222;-0,05815041
2020-05-14;16497,58350373;0,00386965;-0,05450578
2020-05-15;16606,53530758;0,00660411;-0,04826164
2020-05-18;16872,41812622;0,01601073;-0,03302361
2020-05-19;16869,85021872;-0,00015220;-0,03317078
2020-05-20;17047,35969690;0,01052229;-0,02299752
2020-05-21;16858,86321369;-0,01105722;-0,03380045
2020-05-22;16909,19683111;0,00298559;-0,03091578
2020-05-26;16916,33586537;0,00042220;-0,03050664
2020-05-27;16984,03934690;0,00400225;-0,02662648
2020-05-28;17044,19770026;0,00354205;-0,02317874
2020-05-29;17078,37735478;0,00200535;-0,02121986
2020-06-01;17121,46729031;0,00252307;-0,01875033
2020-06-02;17157,06826940;0,00207932;-0,01671000
2020-06-03;17210,57778227;0,00311880;-0,01364332
2020-06-04;17191,49246471;-0,00110893;-0,01473712
2020-06-05;17355,20080529;0,00952264;-0,00535481
2020-06-08;17435,29900757;0,00461523;-0,00076430
2020-06-09;17477,82423646;0,00243903;0,00000000
2020-06-10;17623,50693261;0,00833529;0,00000000
2020-06-11;17086,40702362;-0,03047634;-0,03047634
2020-06-12;17163,22904150;0,00449609;-0,02611727
2020-06-15;17183,96395690;0,00120810;-0,02494072
2020-06-16;17461,54638550;0,01615357;-0,00919003
2020-06-17;17493,67618410;0,00184003;-0,00736691
2020-06-18;17526,96951085;0,00190316;-0,00547776
2020-06-19;17572,12450918;0,00257632;-0,00291556
2020-06-22;17663,01699626;0,00517254;0,00000000
2020-06-23;17782,27453454;0,00675182;0,00000000
2020-06-24;17522,70021659;-0,01459736;-0,01459736
2020-06-25;17592,02276958;0,00395616;-0,01069896
2020-06-26;17496,18146565;-0,00544800;-0,01608867
2020-06-29;17604,76372041;0,00620605;-0,00998246
2020-06-30;17732,94151756;0,00728086;-0,00277428
2020-07-01;17726,97360081;-0,00033654;-0,00310989
2020-07-02;17838,22938451;0,00627607;0,00000000
2020-07-06;18035,75411125;0,01107311;0,00000000
2020-07-07;17941,03325350;-0,00525184;-0,00525184
2020-07-08;18035,91111073;0,00528832;0,00000000
2020-07-09;18017,06888396;-0,00104471;-0,00104471
2020-07-10;18036,08166822;0,00105527;0,00000000
2020-07-13;18003,56802149;-0,00180270;-0,00180270
2020-07-14;18044,11341320;0,00225208;0,00000000
2020-07-15;18154,53679046;0,00611963;0,00000000
2020-07-16;17998,09046162;-0,00861748;-0,00861748
2020-07-17;18108,29886305;0,00612334;-0,00254691
2020-07-20;18287,03234531;0,00987025;0,00000000
2020-07-21;18282,99755621;-0,00022064;-0,00022064
2020-07-22;18387,43275228;0,00571215;0,00000000
2020-07-23;18253,10570191;-0,00730537;-0,00730537
2020-07-24;18115,83103022;-0,00752062;-0,01477105
2020-07-27;18287,18870216;0,00945900;-0,00545177
2020-07-28;18240,41463869;-0,00255775;-0,00799558
2020-07-29;18367,36169745;0,00695966;-0,00109156
2020-07-30;18306,41785966;-0,00331805;-0,00440599
2020-07-31;18499,64976388;0,01055542;0,00000000
2020-08-03;18766,59473628;0,01442973;0,00000000
2020-08-04;18887,00854270;0,00641639;0,00000000
2020-08-05;18974,68467205;0,00464214;0,00000000
2020-08-06;19120,60299712;0,00769016;0,00000000
2020-08-07;18978,64010785;-0,00742460;-0,00742460
2020-08-10;18932,08891754;-0,00245282;-0,00985921
2020-08-11;18614,91891026;-0,01675304;-0,02644708
2020-08-12;18797,53425788;0,00981016;-0,01689637
2020-08-13;18880,55287793;0,00441646;-0,01255453
2020-08-14;18836,72285296;-0,00232144;-0,01484682
2020-08-17;18997,17290547;0,00851794;-0,00645535
2020-08-18;19026,03450120;0,00151926;-0,00494590
2020-08-19;18911,54416801;-0,00601756;-0,01093369
2020-08-20;19008,79189133;0,00514224;-0,00584768
2020-08-21;19090,23902146;0,00428471;-0,00158802
2020-08-24;19196,05705419;0,00554304;0,00000000
2020-08-25;19230,34842530;0,00178638;0,00000000
2020-08-26;19452,47872696;0,01155103;0,00000000
2020-08-27;19422,99209178;-0,00151583;-0,00151583
2020-08-28;19521,63437573;0,00507863;0,00000000
2020-09-01;19702,62778098;0,00927143;0,00000000
2020-09-02;19805,19846074;0,00520594;0,00000000
2020-09-03;19218,32565615;-0,02963226;-0,02963226
2020-09-04;19032,18749562;-0,00968545;-0,03903071
2020-09-08;18721,64697761;-0,01631660;-0,05471046
2020-09-09;19072,36310394;0,01873319;-0,03700217
2020-09-10;18948,90424268;-0,00647318;-0,04323583
2020-09-11;18879,22117740;-0,00367742;-0,04675425
2020-09-14;19081,07138277;0,01069166;-0,03656248
2020-09-15;19182,32077680;0,00530627;-0,03145021
2020-09-16;19038,32317950;-0,00750679;-0,03872091
2020-09-17;18897,21644161;-0,00741172;-0,04584564
2020-09-18;18760,39240843;-0,00724043;-0,05275413
2020-09-21;18631,64884209;-0,00686252;-0,05925463
2020-09-22;18793,38805451;0,00868089;-0,05108812
2020-09-23;18493,14742805;-0,01597586;-0,06624781
2020-09-24;18489,22177562;-0,00021228;-0,06644602
2020-09-25;18677,91845780;0,01020577;-0,05691839
2020-09-28;18914,37257443;0,01265955;-0,04497940
2020-09-29;18926,17075080;0,00062377;-0,04438369
2020-09-30;18963,16238737;0,00195452;-0,04251591
2020-10-01;19098,71074056;0,00714798;-0,03567183
2020-10-02;18863,41282030;-0,01232009;-0,04755245
2020-10-05;19095,79308257;0,01231910;-0,03581915
2020-10-06;18936,98568617;-0,00831636;-0,04383762
2020-10-07;19093,31078207;0,00825501;-0,03594449
2020-10-08;19185,59420749;0,00483329;-0,03128493
2020-10-09;19386,98336368;0,01049689;-0,02111643
2020-10-12;19626,70076016;0,01236486;-0,00901267
2020-10-13;19526,46161447;-0,00510728;-0,01407392
2020-10-14;19468,28291374;-0,00297948;-0,01701147
2020-10-15;19410,97581973;-0,00294361;-0,01990501
2020-10-16;19425,07901344;0,00072656;-0,01919291
2020-10-19;19240,08561932;-0,00952343;-0,02853356
2020-10-20;19267,94593588;0,00144803;-0,02712684
2020-10-21;19213,89902426;-0,00280502;-0,02985577
2020-10-22;19139,94089053;-0,00384920;-0,03359005
2020-10-23;19169,21893118;0,00152968;-0,03211175
2020-10-26;18934,65033649;-0,01223673;-0,04395554
2020-10-27;18957,85919115;0,00122573;-0,04278368
2020-10-28;18468,73183521;-0,02580077;-0,06748060
2020-10-29;18588,97045802;0,00651039;-0,06140953
2020-10-30;18391,50842048;-0,01062254;-0,07137975
2020-11-02;18528,59165907;0,00745362;-0,06445817
2020-11-03;18732,12397865;0,01098477;-0,05418146
2020-11-04;19142,77619384;0,02192235;-0,03344689
2020-11-05;19509,60694379;0,01916288;-0,01492495
2020-11-06;19517,11029083;0,00038460;-0,01454609
2020-11-09;19428,19527805;-0,00455575;-0,01903557
2020-11-10;19197,14889080;-0,01189232;-0,03070151
2020-11-11;19412,24182332;0,01120442;-0,01984109
2020-11-12;19372,47768297;-0,00204841;-0,02184885
2020-11-13;19456,22418416;0,00432296;-0,01762034
2020-11-16;19601,41538356;0,00746246;-0,01028937
2020-11-17;19516,11728808;-0,00435163;-0,01459623
2020-11-18;19406,55703985;-0,00561383;-0,02012812
2020-11-19;19436,08626755;0,00152161;-0,01863714
2020-11-20;19369,22447715;-0,00344009;-0,02201311
2020-11-23;19270,40113523;-0,00510208;-0,02700288
2020-11-24;19379,60641010;0,00566700;-0,02148891
2020-11-25;19380,40410671;0,00004116;-0,02144863
2020-11-27;19434,19534770;0,00277555;-0,01873261
2020-11-30;19396,24144318;-0,00195294;-0,02064897
2020-12-01;19633,64186055;0,01223951;-0,00866220
2020-12-02;19677,90659711;0,00225454;-0,00642719
2020-12-03;19675,02937170;-0,00014622;-0,00657247
2020-12-04;19773,27549389;0,00499344;-0,00161185
2020-12-07;19898,45376655;0,00633068;0,00000000
2020-12-08;19935,54188759;0,00186387;0,00000000
2020-12-09;19715,15937094;-0,01105475;-0,01105475
2020-12-10;19732,12156446;0,00086036;-0,01020390
2020-12-11;19714,48036901;-0,00089403;-0,01108881
2020-12-14;19723,72015219;0,00046868;-0,01062533
2020-12-15;19870,80454993;0,00745723;-0,00324733
2020-12-16;19968,42589165;0,00491280;0,00000000
2020-12-17;20069,10289079;0,00504181;0,00000000
2020-12-18;20049,81740310;-0,00096095;-0,00096095
2020-12-21;20043,85790351;-0,00029723;-0,00125790
2020-12-22;20124,37068257;0,00401683;0,00000000
2020-12-23;20047,93841912;-0,00379800;-0,00379800
2020-12-24;20085,14128730;0,00185570;-0,00194935
2020-12-29;20221,64696608;0,00679635;0,00000000
2020-12-30;20217,72575791;-0,00019391;-0,00019391
2020-12-31;20218,00210306;0,00001367;-0,00018025
2021-01-04;20176,41591025;-0,00205689;-0,00223676
2021-01-05;20236,92901809;0,00299920;0,00000000
2021-01-06;20117,59785658;-0,00589670;-0,00589670
2021-01-07;20366,47239817;0,01237099;0,00000000
2021-01-08;20297,76043824;-0,00337378;-0,00337378
2021-01-11;20227,54111181;-0,00345946;-0,00682157
2021-01-12;20156,83500283;-0,00349554;-0,01029326
2021-01-13;20204,76923389;0,00237806;-0,00793967
2021-01-14;20128,18525409;-0,00379039;-0,01169997
2021-01-15;19967,73686467;-0,00797133;-0,01957804
2021-01-19;20117,00510307;0,00747547;-0,01224892
2021-01-20;20393,18307262;0,01372858;0,00000000
2021-01-21;20490,24774588;0,00475966;0,00000000
2021-01-22;20423,76226712;-0,00324474;-0,00324474
2021-01-25;20472,95842104;0,00240877;-0,00084378
2021-01-26;20479,58876819;0,00032386;-0,00052020
2021-01-27;20215,90941751;-0,01287523;-0,01338873
2021-01-28;20259,67701313;0,00216501;-0,01125271
2021-01-29;19973,29969562;-0,01413533;-0,02522898
2021-02-01;20266,47153261;0,01467819;-0,01092111
2021-02-02;20431,21240199;0,00812874;-0,00288114
2021-02-03;20389,77739163;-0,00202803;-0,00490333
2021-02-04;20467,94585588;0,00383371;-0,00108841
2021-02-05;20508,29433621;0,00197130;0,00000000
2021-02-08;20669,30292743;0,00785090;0,00000000
2021-02-09;20656,89935356;-0,00060010;-0,00060010
2021-02-10;20640,54832853;-0,00079155;-0,00139117
2021-02-11;20733,78462895;0,00451714;0,00000000
2021-02-12;20772,84993927;0,00188414;0,00000000
2021-02-16;20686,62693691;-0,00415075;-0,00415075
2021-02-17;20544,66982882;-0,00686226;-0,01098454
2021-02-18;20442,71824984;-0,00496243;-0,01589246
2021-02-19;20467,90476909;0,00123205;-0,01467999
2021-02-22;20269,86406675;-0,00967567;-0,02421362
2021-02-23;20186,37666683;-0,00411879;-0,02823268
2021-02-24;20355,34458974;0,00837039;-0,02009861
2021-02-25;19958,41825007;-0,01949986;-0,03920655
2021-02-26;19871,22464137;-0,00436876;-0,04340402
2021-03-01;20223,31128847;0,01771842;-0,02645466
2021-03-02;20094,57563322;-0,00636571;-0,03265196
2021-03-03;19808,53128180;-0,01423490;-0,04642207
2021-03-04;19529,22070587;-0,01410052;-0,05986801
2021-03-05;19635,26307762;0,00542993;-0,05476316
2021-03-08;19546,63708955;-0,00451361;-0,05902959
2021-03-09;19900,47609692;0,01810230;-0,04199587
2021-03-10;19898,06023051;-0,00012140;-0,04211217
2021-03-11;20111,45489968;0,01072440;-0,03183940
2021-03-12;20046,58257174;-0,00322564;-0,03496234
2021-03-15;20178,82340551;0,00659668;-0,02859629
2021-03-16;20281,44061584;0,00508539;-0,02365633
2021-03-17;20281,18176469;-0,00001276;-0,02366879
2021-03-18;20022,32713438;-0,01276329;-0,03612999
2021-03-19;19987,39964496;-0,00174443;-0,03781139
2021-03-22;20174,14065874;0,00934294;-0,02882172
2021-03-23;20102,37854121;-0,00355713;-0,03227633
2021-03-24;20015,03982086;-0,00434470;-0,03648080
2021-03-25;19949,10335995;-0,00329435;-0,03965496
2021-03-26;20213,47639917;0,01325238;-0,02692811
2021-03-29;20135,71507633;-0,00384700;-0,03067152
2021-03-30;20021,10345537;-0,00569196;-0,03618889
2021-03-31;20204,81098104;0,00917569;-0,02734526
2021-04-01;20443,94911076;0,01183570;-0,01583321
2021-04-06;20698,47628617;0,01245000;-0,00358033
2021-04-07;20757,39834875;0,00284669;-0,00074384
2021-04-08;20969,23517894;0,01020537;0,00000000
2021-04-09;21045,21481798;0,00362339;0,00000000
2021-04-12;20982,21920667;-0,00299335;-0,00299335
2021-04-13;21112,68075221;0,00621772;0,00000000
2021-04-14;20999,62288237;-0,00535497;-0,00535497
2021-04-15;21246,42015711;0,01175246;0,00000000
2021-04-16;21271,13670629;0,00116333;0,00000000
2021-04-19;21112,06150294;-0,00747845;-0,00747845
2021-04-20;20987,90685816;-0,00588074;-0,01331522
2021-04-21;21164,02762080;0,00839154;-0,00503542
2021-04-22;21095,38914715;-0,00324317;-0,00826226
2021-04-23;21216,22925215;0,00572827;-0,00258131
2021-04-26;21284,69178848;0,00322689;0,00000000
2021-04-27;21226,06921299;-0,00275421;-0,00275421
2021-04-28;21163,14792411;-0,00296434;-0,00571039
2021-04-29;21125,80514134;-0,00176452;-0,00746483
2021-04-30;21012,61199067;-0,00535805;-0,01278289
2021-05-04;20763,73692189;-0,01184408;-0,02447557
2021-05-05;20809,69251819;0,00221326;-0,02231647
2021-05-06;20965,89742703;0,00750635;-0,01497764
2021-05-07;21119,18833900;0,00731144;-0,00777570
2021-05-10;20851,66749439;-0,01266719;-0,02034440
2021-05-11;20713,79162157;-0,00661222;-0,02682210
2021-05-12;20395,85078165;-0,01534923;-0,04175964
2021-05-13;20545,21904114;0,00732346;-0,03474200
2021-05-14;20824,93309151;0,01361456;-0,02160044
2021-05-17;20785,83055165;-0,00187768;-0,02343756
2021-05-18;20721,44497517;-0,00309757;-0,02646253
2021-05-19;20677,29515471;-0,00213063;-0,02853678
2021-05-20;20954,22783720;0,01339308;-0,01552590
2021-05-21;20921,39550384;-0,00156686;-0,01706843
2021-05-24;21128,93650538;0,00992004;-0,00731771
2021-05-25;21167,27560057;0,00181453;-0,00551646
2021-05-26;21165,79608992;-0,00006990;-0,00558597
2021-05-27;21109,18647416;-0,00267458;-0,00824561
2021-05-28;21172,56826183;0,00300257;-0,00526780
2021-06-01;21126,68672363;-0,00216703;-0,00742341
2021-06-02;21213,63823938;0,00411572;-0,00333825
2021-06-03;21049,21047066;-0,00775104;-0,01106341
2021-06-04;21277,09162128;0,01082611;-0,00035707
2021-06-07;21294,07466458;0,00079818;0,00000000
2021-06-08;21289,34946324;-0,00022190;-0,00022190
2021-06-09;21313,63835048;0,00114089;0,00000000
2021-06-10;21389,55885645;0,00356206;0,00000000
2021-06-11;21416,87971615;0,00127730;0,00000000
2021-06-14;21496,11906085;0,00369985;0,00000000
2021-06-15;21438,09491536;-0,00269928;-0,00269928
2021-06-16;21322,47706593;-0,00539310;-0,00807783
2021-06-17;21330,62920855;0,00038233;-0,00769859
2021-06-18;21194,49958785;-0,00638188;-0,01403135
2021-06-21;21349,69879641;0,00732262;-0,00681147
2021-06-22;21447,34602386;0,00457371;-0,00226892
2021-06-23;21419,51134079;-0,00129781;-0,00356379
2021-06-24;21525,52446238;0,00494937;0,00000000
2021-06-25;21542,84441273;0,00080462;0,00000000
2021-06-28;21642,23427883;0,00461359;0,00000000
2021-06-29;21706,39005411;0,00296438;0,00000000
2021-06-30;21708,19862788;0,00008332;0,00000000
2021-07-01;21763,23815555;0,00253543;0,00000000
2021-07-02;21939,36697641;0,00809295;0,00000000
2021-07-06;21982,02246526;0,00194424;0,00000000
2021-07-07;22086,50282852;0,00475299;0,00000000
2021-07-08;21935,56705603;-0,00683385;-0,00683385
2021-07-09;22080,34909215;0,00660033;-0,00027862
2021-07-12;22089,86312843;0,00043088;0,00000000
2021-07-13;22158,84498191;0,00312278;0,00000000
2021-07-14;22248,97331795;0,00406738;0,00000000
2021-07-15;22143,05106819;-0,00476077;-0,00476077
2021-07-16;22009,66220677;-0,00602396;-0,01075605
2021-07-19;21803,53489448;-0,00936531;-0,02002063
2021-07-20;22035,78219111;0,01065182;-0,00958207
2021-07-21;22139,71811557;0,00471669;-0,00491057
2021-07-22;22213,21929012;0,00331988;-0,00160700
2021-07-23;22351,87928469;0,00624223;0,00000000
2021-07-26;22323,32917835;-0,00127730;-0,00127730
2021-07-27;22169,50508339;-0,00689073;-0,00815923
2021-07-28;22202,65981510;0,00149551;-0,00667592
2021-07-29;22298,16151559;0,00430136;-0,00240328
2021-07-30;22253,89555303;-0,00198518;-0,00438369
2021-08-02;22242,93488352;-0,00049253;-0,00487406
2021-08-03;22280,45781183;0,00168696;-0,00319532
2021-08-04;22315,07372015;0,00155364;-0,00164664
2021-08-05;22368,96586180;0,00241506;0,00000000
2021-08-06;22286,13713153;-0,00370284;-0,00370284
2021-08-09;22188,26428719;-0,00439165;-0,00807823
2021-08-10;22130,84145370;-0,00258798;-0,01064530
2021-08-11;22186,49435244;0,00251472;-0,00815735
2021-08-12;22268,79902153;0,00370967;-0,00447794
2021-08-13;22392,86255173;0,00557118;0,00000000
2021-08-16;22427,47137285;0,00154553;0,00000000
2021-08-17;22368,23850253;-0,00264109;-0,00264109
2021-08-18;22227,75617244;-0,00628044;-0,00890494
2021-08-19;22279,02309696;0,00230644;-0,00661904
2021-08-20;22460,10225186;0,00812779;0,00000000
2021-08-23;22670,25305581;0,00935663;0,00000000
2021-08-24;22667,58790188;-0,00011756;-0,00011756
2021-08-25;22641,87536558;-0,00113433;-0,00125176
2021-08-26;22567,24620446;-0,00329607;-0,00454370
2021-08-27;22736,35997297;0,00749377;0,00000000
2021-08-31;22797,70759811;0,00269822;0,00000000
2021-09-01;22817,95785045;0,00088826;0,00000000
2021-09-02;22798,77361469;-0,00084075;-0,00084075
2021-09-03;22865,89360973;0,00294402;0,00000000
2021-09-07;22808,98469268;-0,00248881;-0,00248881
2021-09-08;22740,25416495;-0,00301331;-0,00549462
2021-09-09;22691,08823514;-0,00216207;-0,00764481
2021-09-10;22549,32703245;-0,00624744;-0,01384449
2021-09-13;22546,37424446;-0,00013095;-0,01397362
2021-09-14;22555,66477618;0,00041206;-0,01356732
2021-09-15;22608,92894309;0,00236145;-0,01123790
2021-09-16;22548,26672497;-0,00268311;-0,01389086
2021-09-17;22364,01190010;-0,00817157;-0,02194892
2021-09-20;22138,11557937;-0,01010089;-0,03182810
2021-09-21;22210,46438341;0,00326807;-0,02866405
2021-09-22;22357,12365330;0,00660316;-0,02225017
2021-09-23;22479,91812711;0,00549241;-0,01687996
2021-09-24;22485,45954309;0,00024651;-0,01663762
2021-09-27;22382,93333906;-0,00455967;-0,02112143
2021-09-28;21996,69885052;-0,01725576;-0,03801272
2021-09-29;22021,76019718;0,00113932;-0,03691670
2021-09-30;21965,07430371;-0,00257409;-0,03939576
2021-10-01;22061,82291572;0,00440466;-0,03516463
2021-10-04;21780,31302295;-0,01276005;-0,04747597
2021-10-05;21977,65379713;0,00906051;-0,03884562
2021-10-06;22007,38887835;0,00135297;-0,03754521
2021-10-07;22188,41261845;0,00822559;-0,02962845
2021-10-08;22130,17531847;-0,00262467;-0,03217536
2021-10-11;22085,12295410;-0,00203579;-0,03414564
2021-10-12;22008,73347802;-0,00345887;-0,03748640
2021-10-13;22115,09023217;0,00483248;-0,03283508
2021-10-14;22433,65664517;0,01440493;-0,01890313
2021-10-15;22468,96670985;0,00157398;-0,01735891
2021-10-18;22570,71983590;0,00452861;-0,01290891
2021-10-19;22692,76555148;0,00540726;-0,00757145
2021-10-20;22716,97455540;0,00106682;-0,00651272
2021-10-21;22745,97911930;0,00127678;-0,00524425
2021-10-22;22758,98008028;0,00057157;-0,00467568
2021-10-25;22841,22735407;0,00361384;-0,00107874
2021-10-26;22868,19535494;0,00118067;0,00000000
2021-10-27;22866,56413281;-0,00007133;-0,00007133
2021-10-28;22964,30918330;0,00427458;0,00000000
2021-10-29;23016,19939451;0,00225960;0,00000000
2021-11-01;23059,05201736;0,00186185;0,00000000
2021-11-02;23190,74794617;0,00571125;0,00000000
2021-11-03;23198,45591263;0,00033237;0,00000000
2021-11-04;23518,78437279;0,01380818;0,00000000
2021-11-05;23669,57956061;0,00641169;0,00000000
2021-11-08;23717,77856755;0,00203633;0,00000000
2021-11-09;23672,03105015;-0,00192883;-0,00192883
2021-11-10;23554,85875504;-0,00494982;-0,00686910
2021-11-11;23646,79406862;0,00390303;-0,00299288
2021-11-12;23803,47942462;0,00662607;0,00000000
2021-11-15;23787,56835517;-0,00066843;-0,00066843
2021-11-16;23888,81145818;0,00425614;0,00000000
2021-11-17;23850,27026561;-0,00161336;-0,00161336
2021-11-18;23942,00154667;0,00384613;0,00000000
2021-11-19;24004,45348891;0,00260847;0,00000000
2021-11-22;23814,67286415;-0,00790606;-0,00790606
2021-11-23;23699,34670077;-0,00484265;-0,01271042
2021-11-24;23808,95888859;0,00462511;-0,00814410
2021-11-26;23383,23175709;-0,01788096;-0,02587944
2021-11-29;23720,48219760;0,01442275;-0,01182994
2021-11-30;23551,04672142;-0,00714300;-0,01888844
2021-12-01;23473,51225141;-0,00329219;-0,02211845
2021-12-02;23447,37967587;-0,00111328;-0,02320710
2021-12-03;23302,17198811;-0,00619292;-0,02925630
2021-12-06;23438,94828589;0,00586968;-0,02355835
2021-12-07;23987,86568739;0,02341903;-0,00069103
2021-12-08;24032,58185522;0,00186412;0,00000000
2021-12-09;23905,50192187;-0,00528782;-0,00528782
2021-12-10;24107,89736276;0,00846648;0,00000000
2021-12-13;23934,25510773;-0,00720271;-0,00720271
2021-12-14;23633,91659876;-0,01254848;-0,01966081
2021-12-15;23955,19490925;0,01359395;-0,00633413
2021-12-16;23738,85852506;-0,00903088;-0,01530780
2021-12-17;23622,10786451;-0,00491812;-0,02015064
2021-12-20;23370,81994666;-0,01063783;-0,03057411
2021-12-21;23714,77757530;0,01471740;-0,01630668
2021-12-22;23948,96239358;0,00987506;-0,00659265
2021-12-23;24049,85176597;0,00421268;-0,00240774
2021-12-29;24262,11827273;0,00882610;0,00000000
2021-12-30;24222,28554247;-0,00164177;-0,00164177
2021-12-31;24164,33565631;-0,00239242;-0,00403026
2022-01-04;24125,72350221;-0,00159790;-0,00562172
2022-01-05;23748,42281806;-0,01563894;-0,02117274
2022-01-06;23545,30108700;-0,00855306;-0,02954471
2022-01-07;23432,76827040;-0,00477942;-0,03418292
2022-01-10;23359,39419774;-0,00313126;-0,03720714
2022-01-11;23609,42986174;0,01070386;-0,02690154
2022-01-12;23697,39567061;0,00372588;-0,02327590
2022-01-13;23385,99963296;-0,01314052;-0,03611056
2022-01-14;23384,45399559;-0,00006609;-0,03617426
2022-01-18;23102,76000331;-0,01204621;-0,04778471
2022-01-19;22971,79196408;-0,00566893;-0,05318276
2022-01-20;22863,74170190;-0,00470361;-0,05763621
2022-01-21;22545,13118055;-0,01393519;-0,07076823
2022-01-24;22414,51286758;-0,00579364;-0,07615186
2022-01-25;22222,27816055;-0,00857635;-0,08407510
2022-01-26;22319,74541940;0,00438602;-0,08005784
2022-01-27;22215,22418132;-0,00468290;-0,08436584
2022-01-28;22570,59276423;0,01599662;-0,06971879
2022-01-31;22974,86497125;0,01791146;-0,05305610
2022-02-01;23046,88832235;0,00313488;-0,05008755
2022-02-02;23162,06243291;0,00499738;-0,04534047
2022-02-03;22788,14294835;-0,01614362;-0,06075213
2022-02-04;22816,18647227;0,00123062;-0,05959627
2022-02-07;22810,24046327;-0,00026060;-0,05984135
2022-02-08;22952,52905822;0,00623793;-0,05397671
2022-02-09;23293,58007149;0,01485897;-0,03991977
2022-02-10;22950,92818885;-0,01471014;-0,05404269
2022-02-11;22645,90555758;-0,01329021;-0,06661466
2022-02-14;22588,33149484;-0,00254236;-0,06898766
2022-02-15;22885,19111621;0,01314217;-0,05675214
2022-02-16;22879,17860136;-0,00026273;-0,05699996
2022-02-17;22576,42404636;-0,01323275;-0,06947844
2022-02-18;22404,82394955;-0,00760085;-0,07655120
2022-02-22;22274,39481806;-0,00582148;-0,08192704
2022-02-23;22007,60989605;-0,01197720;-0,09292298
2022-02-24;22244,71693052;0,01077387;-0,08315026
2022-02-25;22571,21826806;0,01467770;-0,06969301
2022-02-28;22610,65631994;0,00174727;-0,06806751
2022-03-01;22415,80389987;-0,00861773;-0,07609865
2022-03-02;22648,80265052;0,01039440;-0,06649525
2022-03-03;22506,10293816;-0,00630054;-0,07237684
2022-03-04;22337,18393985;-0,00750548;-0,07933909
2022-03-07;22015,17041979;-0,01441603;-0,09261136
2022-03-08;21994,30198038;-0,00094791;-0,09347149
2022-03-09;22383,68061785;0,01770361;-0,07742266
2022-03-10;22174,57863130;-0,00934172;-0,08604111
2022-03-11;22023,21380910;-0,00682605;-0,09227984
2022-03-14;21747,93924144;-0,01249929;-0,10362570
2022-03-15;22023,84141277;0,01268636;-0,09225398
2022-03-16;22473,84015421;0,02043235;-0,07370659
2022-03-17;22618,00894792;0,00641496;-0,06776446
2022-03-18;22837,16759307;0,00968956;-0,05873150
2022-03-21;22865,76503456;0,00125223;-0,05755282
2022-03-22;23011,87427759;0,00638987;-0,05153070
2022-03-23;22909,56130297;-0,00444609;-0,05574769
2022-03-24;23209,89454292;0,01310952;-0,04336900
2022-03-25;23210,84423020;0,00004092;-0,04332985
2022-03-28;23310,27187823;0,00428367;-0,03923179
2022-03-29;23633,37592041;0,01386102;-0,02591457
2022-03-30;23512,29846765;-0,00512316;-0,03090496
2022-03-31;23331,83526819;-0,00767527;-0,03834302
2022-04-01;23223,11254380;-0,00465984;-0,04282420
2022-04-04;23483,99597146;0,01123378;-0,03207149
2022-04-05;23219,11874195;-0,01127905;-0,04298881
2022-04-06;22877,28941575;-0,01472189;-0,05707782
2022-04-07;22897,48820643;0,00088292;-0,05624530
2022-04-08;22869,16768218;-0,00123684;-0,05741257
2022-04-11;22546,68317327;-0,01410128;-0,07070426
2022-04-12;22553,12267500;0,00028561;-0,07043885
2022-04-13;22696,88690043;0,00637447;-0,06451338
2022-04-14;22440,79812620;-0,01128299;-0,07506847
2022-04-19;22627,71020416;0,00832912;-0,06736461
2022-04-20;22665,47994803;0,00166918;-0,06580787
2022-04-21;22479,23839938;-0,00821697;-0,07348410
2022-04-22;22084,30491224;-0,01756881;-0,08976188
2022-04-25;22071,00656754;-0,00060216;-0,09030999
2022-04-26;21735,34676342;-0,01520818;-0,10414472
2022-04-27;21870,49806139;0,00621804;-0,09857425
2022-04-28;22316,06337687;0,02037289;-0,08020960
2022-04-29;21887,22107864;-0,01921675;-0,09788499
2022-05-03;21959,88750264;0,00332004;-0,09488993
2022-05-04;22276,17569699;0,01440300;-0,08185364
2022-05-05;21855,13016465;-0,01890116;-0,09920767
2022-05-06;21755,77859071;-0,00454592;-0,10330259
2022-05-09;21164,71869681;-0,02716795;-0,12766402
2022-05-10;21237,17373008;0,00342339;-0,12467768
2022-05-11;21047,15162319;-0,00894762;-0,13250973
2022-05-12;20826,81976292;-0,01046849;-0,14159104
2022-05-13;21205,29787474;0,01817263;-0,12599149
2022-05-16;21132,22376103;-0,00344603;-0,12900335
2022-05-17;21361,07688107;0,01082958;-0,11957082
2022-05-18;20871,03255044;-0,02294099;-0,13976874
2022-05-19;20733,23037009;-0,00660256;-0,14544847
2022-05-20;20733,87585840;0,00003113;-0,14542186
2022-05-23;21029,00302279;0,01423406;-0,13325775
2022-05-24;20863,50188375;-0,00787014;-0,14007913
2022-05-25;20997,78887264;0,00643645;-0,13454429
2022-05-26;21296,11228793;0,01420737;-0,12224843
2022-05-27;21682,83663936;0,01815939;-0,10630900
2022-05-31;21575,01674844;-0,00497259;-0,11075296
2022-06-01;21582,92190842;0,00036640;-0,11042714
2022-06-06;21616,54509074;0,00155786;-0,10904131
2022-06-07;21708,95275494;0,00427486;-0,10523259
2022-06-08;21647,74099948;-0,00281965;-0,10775552
2022-06-09;21307,64798864;-0,01571032;-0,12177297
2022-06-10;20864,46675744;-0,02079916;-0,14003936
2022-06-13;20260,40135951;-0,02895187;-0,16493683
2022-06-14;20293,83386608;0,00165014;-0,16355886
2022-06-15;20542,32849768;0,01224483;-0,15331678
2022-06-16;20013,92379514;-0,02572273;-0,17509578
2022-06-17;20090,16902417;0,00380961;-0,17195322
2022-06-21;20381,64831848;0,01450855;-0,15993945
2022-06-22;20361,47835264;-0,00098961;-0,16077079
2022-06-23;20455,27860954;0,00460675;-0,15690467
2022-06-24;20887,30027718;0,02112030;-0,13909824
2022-06-27;20867,43200932;-0,00095121;-0,13991714
2022-06-28;20600,62192114;-0,01278596;-0,15091413
2022-06-29;20570,35919146;-0,00146902;-0,15216145
2022-06-30;20360,20653968;-0,01021628;-0,16082321
2022-07-01;20427,24347302;0,00329255;-0,15806018
2022-07-05;20440,72737263;0,00066009;-0,15750442
2022-07-06;20533,03999256;0,00451611;-0,15369962
2022-07-07;20777,45066315;0,01190329;-0,14362586
2022-07-08;20805,72492667;0,00136081;-0,14246049
2022-07-11;20640,14582869;-0,00795834;-0,14928509
2022-07-12;20509,93860661;-0,00630844;-0,15465178
2022-07-13;20423,78841156;-0,00420041;-0,15820259
2022-07-14;20413,02064390;-0,00052722;-0,15864640
2022-07-15;20673,03489374;0,01273767;-0,14792951
2022-07-18;20592,96279260;-0,00387326;-0,15122981
2022-07-19;20894,37880595;0,01463685;-0,13880649
2022-07-20;21081,63537482;0,00896205;-0,13108843
2022-07-21;21283,37484734;0,00956944;-0,12277343
2022-07-22;21147,17175510;-0,00639951;-0,12838724
2022-07-25;21069,81074233;-0,00365822;-0,13157580
2022-07-26;20863,06605913;-0,00981237;-0,14009709
2022-07-27;21332,84908907;0,02251745;-0,12073427
2022-07-28;21576,79388380;0,01143517;-0,11067972
2022-07-29;21788,72556201;0,00982220;-0,10194463
2022-08-01;21784,50106686;-0,00019388;-0,10211875
2022-08-02;21690,82309500;-0,00430021;-0,10597983
2022-08-03;22014,35543831;0,01491563;-0,09264495
2022-08-04;22134,62708700;0,00546333;-0,08768778
2022-08-05;22069,50673341;-0,00294201;-0,09037181
2022-08-08;22065,42159005;-0,00018510;-0,09054019
2022-08-09;21933,07849362;-0,00599776;-0,09599491
2022-08-10;22227,60692572;0,01342850;-0,08385547
2022-08-11;22226,60460666;-0,00004509;-0,08389678
2022-08-12;22507,77994417;0,01265040;-0,07230771
2022-08-15;22568,17360213;0,00268323;-0,06981850
2022-08-16;22548,81398808;-0,00085783;-0,07061643
2022-08-17;22428,10965469;-0,00535302;-0,07559145
2022-08-18;22515,85506399;0,00391230;-0,07197489
2022-08-19;22315,07629050;-0,00891722;-0,08025029
2022-08-22;21939,33281842;-0,01683810;-0,09573713
2022-08-23;21881,00123781;-0,00265877;-0,09814135
2022-08-24;21941,82179988;0,00277961;-0,09563454
2022-08-25;22135,99950298;0,00884966;-0,08763121
2022-08-26;21622,37173227;-0,02320328;-0,10880116
2022-08-30;21283,61549378;-0,01566693;-0,12276351
2022-08-31;21154,07839804;-0,00608624;-0,12810258
2022-09-01;21021,94440340;-0,00624627;-0,13354868
2022-09-02;21051,43793993;0,00140299;-0,13233306
2022-09-06;20879,45576442;-0,00816962;-0,13942157
2022-09-07;21084,51345607;0,00982103;-0,13096980
2022-09-08;21166,64737086;0,00389546;-0,12758453
2022-09-09;21419,50579142;0,01194608;-0,11716258
2022-09-12;21618,33665476;0,00928270;-0,10896747
2022-09-13;20989,49186312;-0,02908849;-0,13488626
2022-09-14;20933,83767639;-0,00265153;-0,13718013
2022-09-15;20669,70518599;-0,01261749;-0,14806675
2022-09-16;20576,69142772;-0,00450000;-0,15190046
2022-09-20;20581,15469671;0,00021691;-0,15171650
2022-09-21;20512,87735297;-0,00331747;-0,15453065
2022-09-22;20307,32617794;-0,01002059;-0,16300275
2022-09-23;20173,80766554;-0,00657489;-0,16850592
2022-09-26;20182,70207866;0,00044089;-0,16813933
2022-09-27;20125,64414997;-0,00282707;-0,17049105
2022-09-28;20326,87056633;0,00999851;-0,16219720
2022-09-29;19912,33399708;-0,02039353;-0,17928296
2022-09-30;19751,61052813;-0,00807155;-0,18590742
2022-10-03;20016,30402988;0,01340111;-0,17499767
2022-10-04;20471,42660837;0,02273759;-0,15623911
2022-10-05;20492,67621121;0,00103801;-0,15536327
2022-10-06;20484,47267934;-0,00040032;-0,15570139
2022-10-07;20000,14593247;-0,02364360;-0,17566365
2022-10-10;19765,52348803;-0,01173104;-0,18533397
2022-10-11;19579,77827605;-0,00939743;-0,19298974
2022-10-12;19573,15055402;-0,00033850;-0,19326292
2022-10-13;19699,25591970;0,00644277;-0,18806529
2022-10-14;19499,31220455;-0,01014981;-0,19630628
2022-10-17;19729,53076978;0,01180650;-0,18681747
2022-10-18;19886,47642333;0,00795486;-0,18034871
2022-10-19;19838,52552643;-0,00241123;-0,18232508
2022-10-20;19841,57311668;0,00015362;-0,18219947
2022-10-21;20114,87262907;0,01377408;-0,17093502
2022-10-24;20288,92474931;0,00865291;-0,16376120
2022-10-25;20470,79801351;0,00896416;-0,15626501
2022-10-26;20314,22514043;-0,00764860;-0,16271840
2022-10-27;20162,22909914;-0,00748225;-0,16898315
2022-10-28;20498,71545902;0,01668895;-0,15511435
2022-10-31;20417,02702247;-0,00398505;-0,15848127
2022-11-01;20395,22059785;-0,00106805;-0,15938005
2022-11-02;20045,47310257;-0,01714850;-0,17379543
2022-11-03;19813,23428584;-0,01158560;-0,18336750
2022-11-04;20044,39970827;0,01166722;-0,17383967
2022-11-07;20151,08072333;0,00532224;-0,16944265
2022-11-08;20354,95419597;0,01011725;-0,16103969
2022-11-09;20131,27322706;-0,01098902;-0,17025904
2022-11-10;20971,35033144;0,04172995;-0,13563399
2022-11-11;21162,84515594;0,00913126;-0,12774124
2022-11-14;21151,69796056;-0,00052673;-0,12820069
2022-11-15;21246,94679448;0,00450313;-0,12427487
2022-11-16;21048,52257662;-0,00933895;-0,13245322
2022-11-17;21010,10061078;-0,00182540;-0,13403684
2022-11-18;20991,53097070;-0,00088384;-0,13480222
2022-11-21;20892,41548434;-0,00472169;-0,13888741
2022-11-22;21087,28533316;0,00932730;-0,13085555
2022-11-23;21170,22411106;0,00393312;-0,12743711
2022-11-25;21122,42636129;-0,00225778;-0,12940716
2022-11-28;20881,73380790;-0,01139512;-0,13932767
2022-11-29;20788,56072534;-0,00446194;-0,14316794
2022-11-30;21307,54532500;0,02496491;-0,12177720
2022-12-01;21398,42125896;0,00426496;-0,11803162
2022-12-02;21307,95248493;-0,00422782;-0,12176042
2022-12-05;21076,91328161;-0,01084286;-0,13128305
2022-12-06;20803,79109889;-0,01295836;-0,14254020
2022-12-07;20773,01783441;-0,00147921;-0,14380857
2022-12-08;20947,80273564;0,00841404;-0,13660454
2022-12-09;20889,01068919;-0,00280660;-0,13902774
2022-12-12;21036,81787922;0,00707583;-0,13293565
2022-12-13;21293,97022122;0,01222392;-0,12233672
2022-12-14;21189,08215469;-0,00492572;-0,12665984
2022-12-15;20684,60451778;-0,02380838;-0,14745265
2022-12-16;20561,09945263;-0,00597087;-0,15254310
2022-12-19;20413,86311354;-0,00716092;-0,15861167
2022-12-20;20496,89721237;0,00406753;-0,15518930
2022-12-21;20740,46759395;0,01188328;-0,14515017
2022-12-22;20410,88600393;-0,01589075;-0,15873438
2022-12-23;20447,18875316;0,00177860;-0,15723811
2022-12-28;20232,35819085;-0,01050661;-0,16609267
2022-12-29;20516,53279337;0,01404555;-0,15437999
2022-12-30;20504,50723779;-0,00058614;-0,15487564
2023-01-03;20482,29079669;-0,00108349;-0,15579132
2023-01-04;20577,25787321;0,00463655;-0,15187711
2023-01-05;20372,17600420;-0,00996643;-0,16032987
2023-01-06;20711,67815481;0,01666499;-0,14633677
2023-01-09;20851,54770206;0,00675317;-0,14057184
2023-01-10;20867,30108008;0,00075550;-0,13992254
2023-01-11;21088,43504054;0,01059715;-0,13080817
2023-01-12;21231,18153509;0,00676895;-0,12492465
2023-01-13;21309,40262895;0,00368426;-0,12170065
2023-01-17;21327,91137984;0,00086857;-0,12093779
2023-01-18;21135,18019850;-0,00903657;-0,12888149
2023-01-19;21006,16533797;-0,00610427;-0,13419904
2023-01-20;21276,04370818;0,01284758;-0,12307559
2023-01-23;21586,04395130;0,01457039;-0,11029846
2023-01-24;21611,21381195;0,00116602;-0,10926105
2023-01-25;21560,79715690;-0,00233289;-0,11133905
2023-01-26;21712,08763542;0,00701692;-0,10510338
2023-01-27;21784,57121372;0,00333840;-0,10211586
2023-01-30;21584,42849711;-0,00918736;-0,11036505
2023-01-31;21747,93549742;0,00757523;-0,10362586
2023-02-01;22042,69977888;0,01355367;-0,09147670
2023-02-02;22366,15836088;0,01467418;-0,07814486
2023-02-03;22250,23945292;-0,00518278;-0,08292264
2023-02-06;22096,41445098;-0,00691341;-0,08926277
2023-02-07;22325,62657468;0,01037327;-0,07981544
2023-02-08;22203,10723712;-0,00548783;-0,08486526
2023-02-09;22103,34782768;-0,00449304;-0,08897700
2023-02-10;22037,28039312;-0,00298902;-0,09170007
2023-02-13;22213,08992003;0,00797782;-0,08445381
2023-02-14;22218,52199069;0,00024454;-0,08422992
2023-02-15;22317,06605355;0,00443522;-0,08016828
2023-02-16;22153,61319519;-0,00732412;-0,08690523
2023-02-17;21974,10394159;-0,00810293;-0,09430398
2023-02-21;21629,60510623;-0,01567749;-0,10850302
2023-02-22;21598,48703787;-0,00143868;-0,10978560
2023-02-23;21744,49856504;0,00676027;-0,10376751
2023-02-24;21537,86789452;-0,00950266;-0,11228411
2023-02-27;21615,08644266;0,00358525;-0,10910143
2023-02-28;21562,91568428;-0,00241363;-0,11125173
2023-03-01;21539,78939862;-0,00107250;-0,11220491
2023-03-02;21673,25221946;0,00619611;-0,10670404
2023-03-03;21996,74320666;0,01492582;-0,09337087
2023-03-06;22059,08853670;0,00283430;-0,09080121
2023-03-07;21865,34663738;-0,00878286;-0,09878658
2023-03-08;21933,84977289;0,00313295;-0,09596312
2023-03-09;21806,28937088;-0,00581569;-0,10122071
2023-03-10;21583,43711860;-0,01021963;-0,11040591
2023-03-13;21589,46576051;0,00027932;-0,11015743
2023-03-14;21843,62777337;0,01177250;-0,09968175
2023-03-15;21796,66745514;-0,00214984;-0,10161729
2023-03-16;22146,53486929;0,01605142;-0,08719698
2023-03-17;22203,70985972;0,00258167;-0,08484042
2023-03-20;22218,18153294;0,00065177;-0,08424395
2023-03-21;22324,65100882;0,00479200;-0,07985565
2023-03-22;22302,19999709;-0,00100566;-0,08078100
2023-03-23;22477,95692317;0,00788070;-0,07353692
2023-03-24;22404,94850790;-0,00324800;-0,07654607
2023-03-27;22333,57772920;-0,00318549;-0,07948772
2023-03-28;22293,90119010;-0,00177654;-0,08112305
2023-03-29;22536,53723679;0,01088352;-0,07112244
2023-03-30;22730,15896101;0,00859146;-0,06314203
2023-03-31;22892,52293038;0,00714311;-0,05644995
2023-04-03;22930,73859948;0,00166935;-0,05487483
2023-04-04;22905,04182618;-0,00112063;-0,05593396
2023-04-05;22772,96146970;-0,00576643;-0,06137786
2023-04-06;22818,01287246;0,00197828;-0,05952099
2023-04-11;22754,06957813;-0,00280232;-0,06215651
2023-04-12;22713,97512346;-0,00176208;-0,06380907
2023-04-13;22960,45199055;0,01085133;-0,05365015
2023-04-14;22878,92502945;-0,00355076;-0,05701041
2023-04-17;22922,31496623;0,00189650;-0,05522203
2023-04-18;22968,93064924;0,00203364;-0,05330069
2023-04-19;22898,48351155;-0,00306706;-0,05620427
2023-04-20;22840,37638412;-0,00253760;-0,05859925
2023-04-21;22776,60009401;-0,00279226;-0,06122788
2023-04-24;22731,73744317;-0,00196968;-0,06307697
2023-04-25;22534,58806765;-0,00867287;-0,07120278
2023-04-26;22594,38849816;0,00265372;-0,06873801
2023-04-27;22813,56883528;0,00970065;-0,05970416
2023-04-28;22946,05142452;0,00580718;-0,05424369
2023-05-02;22888,27935877;-0,00251773;-0,05662485
2023-05-03;22842,63334979;-0,00199430;-0,05850622
2023-05-04;22750,60304472;-0,00402888;-0,06229939
2023-05-05;22982,20341659;0,01017997;-0,05275363
2023-05-09;22942,61414150;-0,00172261;-0,05438536
2023-05-10;23063,37074601;0,00526342;-0,04940820
2023-05-11;23023,39565054;-0,00173327;-0,05105583
2023-05-12;23012,72378075;-0,00046352;-0,05149569
2023-05-15;23104,12555133;0,00397179;-0,04772843
2023-05-16;23059,66091962;-0,00192453;-0,04956110
2023-05-17;23181,79836958;0,00529658;-0,04452702
2023-05-18;23420,13908812;0,01028137;-0,03470345
2023-05-19;23455,81477072;0,00152329;-0,03323302
2023-05-22;23502,14841317;0,00197536;-0,03132331
2023-05-23;23323,20608528;-0,00761387;-0,03869869
2023-05-24;23137,65768475;-0,00795553;-0,04634635
2023-05-25;23519,74776686;0,01651378;-0,03059793
2023-05-26;23910,55535468;0,01661615;-0,01449020
2023-05-30;23958,12158211;0,00198934;-0,01252968
2023-05-31;23810,83912597;-0,00614750;-0,01860015
2023-06-01;23966,99248671;0,00655808;-0,01216406
2023-06-02;24095,16110515;0,00534771;-0,00688139
2023-06-05;24089,28015369;-0,00024407;-0,00712379
2023-06-06;24093,20206893;0,00016281;-0,00696214
2023-06-07;23853,08436768;-0,00996620;-0,01685895
2023-06-08;23990,84365457;0,00577532;-0,01118099
2023-06-09;24036,62241893;0,00190818;-0,00929415
2023-06-12;24326,76860830;0,01207100;0,00000000
2023-06-13;24391,47445503;0,00265986;0,00000000
2023-06-14;24503,81314800;0,00460565;0,00000000
2023-06-15;24670,59090942;0,00680620;0,00000000
2023-06-16;24568,76138621;-0,00412757;-0,00412757
2023-06-20;24404,03304045;-0,00670479;-0,01080468
2023-06-21;24231,41565264;-0,00707331;-0,01780157
2023-06-22;24266,54349061;0,00144968;-0,01637770
2023-06-23;24120,28812504;-0,00602704;-0,02230602
2023-06-26;24044,03023612;-0,00316157;-0,02539707
2023-06-27;24254,15620466;0,00873922;-0,01687980
2023-06-28;24333,78755752;0,00328320;-0,01365202
2023-06-29;24374,17931771;0,00165990;-0,01201477
2023-06-30;24606,52747843;0,00953255;-0,00259675
2023-07-03;24613,75946931;0,00029391;-0,00230361
2023-07-05;24493,87256784;-0,00487073;-0,00716312
2023-07-06;24356,71981796;-0,00559947;-0,01272248
2023-07-07;24316,94296955;-0,00163310;-0,01433480
2023-07-10;24347,86591233;0,00127166;-0,01308136
2023-07-11;24388,31999941;0,00166150;-0,01144160
2023-07-12;24628,31188675;0,00984044;-0,00171374
2023-07-13;24771,44004816;0,00581153;0,00000000
2023-07-14;24755,59833383;-0,00063952;-0,00063952
2023-07-17;24917,90239579;0,00655626;0,00000000
2023-07-18;25133,71288657;0,00866086;0,00000000
2023-07-19;25229,49483255;0,00381090;0,00000000
2023-07-20;24960,93948600;-0,01064450;-0,01064450
2023-07-21;24942,13973085;-0,00075317;-0,01138965
2023-07-24;24958,40534761;0,00065213;-0,01074494
2023-07-25;25111,16813792;0,00612070;-0,00469001
2023-07-26;24936,79468109;-0,00694406;-0,01160151
2023-07-27;24913,29418154;-0,00094240;-0,01253298
2023-07-28;25106,31674136;0,00774777;-0,00488231
2023-07-31;25142,08927606;0,00142484;-0,00346442
2023-08-01;25140,09423663;-0,00007935;-0,00354350
2023-08-02;24764,94147830;-0,01492249;-0,01841311
2023-08-03;24683,18979442;-0,00330111;-0,02165343
2023-08-04;24554,69865379;-0,00520561;-0,02674632
2023-08-07;24544,86382832;-0,00040053;-0,02713614
2023-08-08;24410,94848109;-0,00545594;-0,03244402
2023-08-09;24256,55634688;-0,00632471;-0,03856353
2023-08-10;24299,44816979;0,00176826;-0,03686347
2023-08-11;24160,61918508;-0,00571326;-0,04236611
2023-08-14;24347,57834168;0,00773818;-0,03495577
2023-08-15;24164,79199866;-0,00750737;-0,04220072
2023-08-16;24003,61665132;-0,00666984;-0,04858909
2023-08-17;23837,61780106;-0,00691558;-0,05516864
2023-08-18;23812,41619231;-0,00105722;-0,05616754
2023-08-21;24046,25528571;0,00982005;-0,04689906
2023-08-22;24080,09085832;0,00140710;-0,04555795
2023-08-23;24376,47482644;0,01230826;-0,03381043
2023-08-24;24114,46596047;-0,01074843;-0,04419545
2023-08-25;24224,35479787;0,00455697;-0,03983988
2023-08-29;24709,57662036;0,02003033;-0,02060756
2023-08-30;24800,50665471;0,00367995;-0,01700344
2023-08-31;24881,66476505;0,00327244;-0,01378664
2023-09-01;24950,76087485;0,00277699;-0,01104794
2023-09-05;24958,34473362;0,00030395;-0,01074735
2023-09-06;24793,73584525;-0,00659534;-0,01727181
2023-09-07;24623,58137189;-0,00686280;-0,02401608
2023-09-08;24673,12573900;0,00201207;-0,02205233
2023-09-11;24732,35320646;0,00240048;-0,01970478
2023-09-12;24522,89149451;-0,00846914;-0,02800703
2023-09-13;24537,94340307;0,00061379;-0,02741044
2023-09-14;24700,72486760;0,00663387;-0,02095840
2023-09-15;24494,24987696;-0,00835907;-0,02914228
2023-09-18;24554,65011790;0,00246589;-0,02674825
2023-09-19;24513,67566342;-0,00166870;-0,02837231
2023-09-20;24372,87427876;-0,00574379;-0,03395314
2023-09-21;24094,32969350;-0,01142847;-0,04499357
2023-09-22;24145,63694221;0,00212943;-0,04295995
2023-09-25;24136,19676649;-0,00039097;-0,04333412
2023-09-26;23873,90423017;-0,01086719;-0,05373039
2023-09-27;23834,52871590;-0,00164931;-0,05529108
2023-09-28;23894,87291259;0,00253180;-0,05289927
2023-09-29;23907,95495664;0,00054748;-0,05238075
2023-10-02;23970,57277367;0,00261912;-0,04989882
2023-10-03;23703,57792464;-0,01113844;-0,06048147
2023-10-04;23815,56265148;0,00472438;-0,05604283
2023-10-05;23822,57136174;0,00029429;-0,05576503
2023-10-06;24075,68073457;0,01062477;-0,04573275
2023-10-09;24239,07480589;0,00678669;-0,03925644
2023-10-10;24343,25112929;0,00429787;-0,03512729
2023-10-11;24442,82036250;0,00409022;-0,03118075
2023-10-12;24499,75000556;0,00232909;-0,02892427
2023-10-13;24436,93980829;-0,00256371;-0,03141383
2023-10-16;24551,87999918;0,00470354;-0,02685804
2023-10-17;24512,75601789;-0,00159352;-0,02840877
2023-10-18;24417,00510800;-0,00390617;-0,03220396
2023-10-19;24364,92367510;-0,00213300;-0,03426827
2023-10-20;24080,39428175;-0,01167783;-0,04554592
2023-10-23;24047,04125787;-0,00138507;-0,04686791
2023-10-24;24158,63816216;0,00464077;-0,04244463
2023-10-25;24032,77605797;-0,00520982;-0,04743332
2023-10-26;23766,15565681;-0,01109403;-0,05800113
2023-10-27;23844,96831436;0,00331617;-0,05487730
2023-10-30;23950,13228661;0,00441032;-0,05070900
2023-10-31;24041,65416731;0,00382135;-0,04708143
2023-11-01;24293,54453865;0,01047725;-0,03709746
2023-11-02;24605,88686917;0,01285701;-0,02471742
2023-11-03;24736,20192331;0,00529609;-0,01955223
2023-11-06;24762,94726558;0,00108122;-0,01849215
2023-11-07;24919,42487322;0,00631902;-0,01228998
2023-11-08;24933,94692566;0,00058276;-0,01171438
2023-11-09;24938,76805910;0,00019336;-0,01152329
2023-11-10;25197,50461177;0,01037487;-0,00126797
2023-11-13;25180,08185105;-0,00069145;-0,00195854
2023-11-14;25480,77943673;0,01194188;0,00000000
2023-11-15;25528,03124144;0,00185441;0,00000000
2023-11-16;25609,11239919;0,00317616;0,00000000
2023-11-17;25618,83941320;0,00037983;0,00000000
2023-11-20;25792,83069017;0,00679154;0,00000000
2023-11-21;25717,37437883;-0,00292548;-0,00292548
2023-11-22;25809,73256080;0,00359128;0,00000000
2023-11-24;25753,63275040;-0,00217359;-0,00217359
2023-11-27;25777,22672740;0,00091614;-0,00125944
2023-11-28;25835,16734630;0,00224774;0,00000000
2023-11-29;25851,88196335;0,00064697;0,00000000
2023-11-30;25859,96356006;0,00031261;0,00000000
2023-12-01;25998,75704081;0,00536712;0,00000000
2023-12-04;25740,88668546;-0,00991856;-0,00991856
2023-12-05;25822,66173458;0,00317685;-0,00677322
2023-12-06;25751,88747435;-0,00274078;-0,00949544
2023-12-07;25923,59603179;0,00666780;-0,00289095
2023-12-08;26004,70375483;0,00312872;0,00000000
2023-12-11;26083,35316908;0,00302443;0,00000000
2023-12-12;26186,39462746;0,00395047;0,00000000
2023-12-13;26431,55168757;0,00936200;0,00000000
2023-12-14;26423,17768191;-0,00031682;-0,00031682
2023-12-15;26478,16966773;0,00208120;0,00000000
2023-12-18;26568,92661466;0,00342761;0,00000000
2023-12-19;26636,72582658;0,00255182;0,00000000
2023-12-20;26475,38346829;-0,00605714;-0,00605714
2023-12-21;26617,71918767;0,00537615;-0,00071355
2023-12-22;26643,23803820;0,00095872;0,00000000
2023-12-27;26765,97604234;0,00460672;0,00000000
2023-12-28;26792,40419244;0,00098738;0,00000000
2023-12-29;26749,66563895;-0,00159517;-0,00159517
2024-01-02;26398,71346966;-0,01311987;-0,01469412
2024-01-03;26171,76758028;-0,00859685;-0,02316465
2024-01-04;26082,58299426;-0,00340766;-0,02649337
2024-01-05;26044,91781037;-0,00144407;-0,02789919
2024-01-08;26329,57139366;0,01092933;-0,01727478
2024-01-09;26395,69054108;0,00251121;-0,01480694
2024-01-10;26507,58524749;0,00423913;-0,01063059
2024-01-11;26559,53147687;0,00195967;-0,00869174
2024-01-12;26678,54056773;0,00448084;-0,00424985
2024-01-16;26689,16157234;0,00039811;-0,00385343
2024-01-17;26510,85530850;-0,00668085;-0,01050853
2024-01-18;26833,41959850;0,01216725;0,00000000
2024-01-19;27191,19337806;0,01333314;0,00000000
2024-01-22;27285,12601298;0,00345452;0,00000000
2024-01-23;27359,45360862;0,00272411;0,00000000
2024-01-24;27450,47940718;0,00332703;0,00000000
2024-01-25;27538,93263840;0,00322228;0,00000000
2024-01-26;27391,58888500;-0,00535038;-0,00535038
2024-01-29;27559,50999013;0,00613039;0,00000000
2024-01-30;27499,02473648;-0,00219471;-0,00219471
2024-01-31;27152,73064938;-0,01259296;-0,01476004
2024-02-01;27344,72200387;0,00707079;-0,00779361
2024-02-02;27546,89483182;0,00739349;-0,00045774
2024-02-05;27584,22827423;0,00135527;0,00000000
2024-02-06;27543,34281482;-0,00148220;-0,00148220
2024-02-07;27738,83246623;0,00709753;0,00000000
2024-02-08;27789,34363414;0,00182096;0,00000000
2024-02-09;27971,94174919;0,00657080;0,00000000
2024-02-12;27912,63287466;-0,00212030;-0,00212030
2024-02-13;27523,27108626;-0,01394930;-0,01604003
2024-02-14;27705,62625325;0,00662549;-0,00952081
2024-02-15;27749,40270479;0,00158006;-0,00795580
2024-02-16;27673,17425282;-0,00274703;-0,01068097
2024-02-20;27477,94140031;-0,00705495;-0,01766057
2024-02-21;27395,35411661;-0,00300558;-0,02061307
2024-02-22;27942,17088572;0,01996020;-0,00106431
2024-02-23;27947,74862054;0,00019962;-0,00086491
2024-02-26;27941,69408236;-0,00021664;-0,00108136
2024-02-27;27936,71290025;-0,00017827;-0,00125944
2024-02-28;27888,90487425;-0,00171130;-0,00296858
2024-02-29;28073,83648527;0,00663101;0,00000000
2024-03-01;28470,42900572;0,01412677;0,00000000
2024-03-04;28534,04834681;0,00223458;0,00000000
2024-03-05;28158,23759433;-0,01317061;-0,01317061
2024-03-06;28336,83595092;0,00634267;-0,00691148
2024-03-07;28610,30441868;0,00965064;0,00000000
2024-03-08;28413,02765400;-0,00689530;-0,00689530
2024-03-11;28354,48586449;-0,00206039;-0,00894148
2024-03-12;28657,68040832;0,01069300;0,00000000
2024-03-13;28546,21281351;-0,00388962;-0,00388962
2024-03-14;28523,90921538;-0,00078132;-0,00466790
2024-03-15;28265,24464639;-0,00906834;-0,01369391
2024-03-18;28396,39278950;0,00463991;-0,00911754
2024-03-19;28469,73601995;0,00258284;-0,00655826
2024-03-20;28696,84242683;0,00797712;0,00000000
2024-03-21;28837,16165287;0,00488971;0,00000000
2024-03-22;28806,20062763;-0,00107365;-0,00107365
2024-03-25;28699,29309354;-0,00371127;-0,00478093
2024-03-26;28677,44978073;-0,00076111;-0,00553840
2024-03-27;28774,06636827;0,00336908;-0,00218799
2024-03-28;28830,54535561;0,00196284;-0,00022944
2024-04-02;28816,38310546;-0,00049122;-0,00072055
2024-04-03;28908,55720532;0,00319867;0,00000000
2024-04-04;28674,24035774;-0,00810545;-0,00810545
2024-04-05;28865,58909908;0,00667319;-0,00148635
2024-04-08;28893,10277618;0,00095317;-0,00053460
2024-04-09;28941,58181960;0,00167788;0,00000000
2024-04-10;28747,82403759;-0,00669479;-0,00669479
2024-04-11;29126,94051198;0,01318766;0,00000000
2024-04-12;28863,51445722;-0,00904407;-0,00904407
2024-04-15;28674,38566421;-0,00655252;-0,01553733
2024-04-16;28592,27594370;-0,00286352;-0,01835636
2024-04-17;28323,29346997;-0,00940752;-0,02759119
2024-04-18;28211,48947708;-0,00394742;-0,03142970
2024-04-19;27924,59883818;-0,01016928;-0,04127937
2024-04-22;27952,28328765;0,00099140;-0,04032889
2024-04-23;28183,20740480;0,00826137;-0,03240069
2024-04-24;28240,42098358;0,00203006;-0,03043641
2024-04-25;28138,61574205;-0,00360495;-0,03393164
2024-04-26;28424,84429119;0,01017209;-0,02410470
2024-04-29;28449,16018429;0,00085545;-0,02326988
2024-04-30;28029,47783171;-0,01475201;-0,03767861
2024-05-01;27882,70466990;-0,00523639;-0,04271770
2024-05-02;28082,33423819;0,00715962;-0,03586392
2024-05-03;28524,27591913;0,01573736;-0,02069097
2024-05-07;28774,27989027;0,00876460;-0,01210771
2024-05-08;28814,08575784;0,00138338;-0,01074108
2024-05-09;28912,79546191;0,00342574;-0,00735213
2024-05-10;29022,29532645;0,00378725;-0,00359273
2024-05-13;29016,00846910;-0,00021662;-0,00380857
2024-05-14;29172,64697056;0,00539835;0,00000000
2024-05-15;29593,36980678;0,01442183;0,00000000
2024-05-16;29555,65876708;-0,00127431;-0,00127431
2024-05-17;29564,26018043;0,00029102;-0,00098365
2024-05-20;29786,77317279;0,00752642;0,00000000
2024-05-21;29776,40930221;-0,00034794;-0,00034794
2024-05-22;29700,06404424;-0,00256395;-0,00291099
2024-05-23;29481,41719600;-0,00736183;-0,01025139
2024-05-24;29583,57784098;0,00346526;-0,00682166
2024-05-28;29677,03995930;0,00315926;-0,00368396
2024-05-29;29508,42480141;-0,00568167;-0,00934470
2024-05-30;29169,32222596;-0,01149172;-0,02072903
2024-05-31;29132,65863981;-0,00125692;-0,02195990
2024-06-03;29256,23961006;0,00424201;-0,01781105
2024-06-04;29221,62228183;-0,00118325;-0,01897322
2024-06-05;29680,33796984;0,01569782;-0,00357324
2024-06-06;29698,67322883;0,00061776;-0,00295769
2024-06-07;29573,27930165;-0,00422221;-0,00716741
2024-06-10;29640,45889879;0,00227163;-0,00491206
2024-06-11;29908,75015612;0,00905152;0,00000000
2024-06-12;30301,41681720;0,01312882;0,00000000
2024-06-13;30362,92369786;0,00202984;0,00000000
2024-06-14;30507,56403696;0,00476372;0,00000000
2024-06-17;30726,98923077;0,00719248;0,00000000
2024-06-18;30818,78198635;0,00298737;0,00000000
2024-06-20;30744,92951112;-0,00239635;-0,00239635
2024-06-21;30614,96090076;-0,00422732;-0,00661353
2024-06-24;30271,46219481;-0,01121996;-0,01775929
2024-06-25;30507,11245770;0,00778457;-0,01011297
2024-06-26;30454,63653019;-0,00172012;-0,01181570
2024-06-27;30520,84386391;0,00217397;-0,00966742
2024-06-28;30554,02706668;0,00108723;-0,00859070
2024-07-01;30646,27509990;0,00301918;-0,00559746
2024-07-02;30719,19375842;0,00237936;-0,00323141
2024-07-03;31000,83429138;0,00916823;0,00000000
2024-07-05;31131,07889939;0,00420133;0,00000000
2024-07-08;31180,72574763;0,00159477;0,00000000
2024-07-09;31193,48540362;0,00040922;0,00000000
2024-07-10;31450,53032548;0,00824034;0,00000000
2024-07-11;31117,15876112;-0,01059987;-0,01059987
2024-07-12;31276,10768457;0,00510808;-0,00554594
2024-07-15;31328,55266788;0,00167684;-0,00387840
2024-07-16;31387,81672056;0,00189169;-0,00199404
2024-07-17;30681,20331617;-0,02251235;-0,02446150
2024-07-18;30611,95831970;-0,00225692;-0,02666321
2024-07-19;30252,56363431;-0,01174034;-0,03809051
2024-07-22;30635,19488184;0,01264789;-0,02592438
2024-07-23;30647,22320475;0,00039263;-0,02554193
2024-07-24;29870,51940621;-0,02534337;-0,05023797
2024-07-25;29622,38502473;-0,00830700;-0,05812765
2024-07-26;29883,67846676;0,00882081;-0,04981957
2024-07-29;29818,57830876;-0,00217845;-0,05188949
2024-07-30;29506,34181918;-0,01047121;-0,06181735
2024-07-31;30313,11870641;0,02734249;-0,03616510
2024-08-01;29689,61239031;-0,02056886;-0,05599009
2024-08-02;29053,81817220;-0,02141470;-0,07620578
2024-08-05;28423,05850140;-0,02171004;-0,09626139
2024-08-06;28633,74030693;0,00741236;-0,08956256
2024-08-07;28502,42480870;-0,00458604;-0,09373786
2024-08-08;29059,85127718;0,01955716;-0,07601395
2024-08-09;29151,64154132;0,00315866;-0,07309539
2024-08-12;29371,17675923;0,00753080;-0,06611506
2024-08-13;29842,98508168;0,01606365;-0,05111345
2024-08-14;29935,05582084;0,00308517;-0,04818598
2024-08-15;30457,27084443;0,01744493;-0,03158164
2024-08-16;30594,18764414;0,00449537;-0,02722824
2024-08-19;30853,30178814;0,00846939;-0,01898946
2024-08-20;30807,27769697;-0,00149171;-0,02045284
2024-08-21;30891,48668439;0,00273341;-0,01777533
2024-08-22;30461,73605026;-0,01391162;-0,03143967
2024-08-23;30750,14757235;0,00946799;-0,02226935
2024-08-27;30658,70637603;-0,00297368;-0,02517681
2024-08-28;30404,50316234;-0,00829139;-0,03325944
2024-08-29;30373,85269169;-0,00100809;-0,03423401
2024-08-30;30508,57041389;0,00443532;-0,02995053
2024-09-03;29788,98664328;-0,02358628;-0,05283039
2024-09-04;29666,60182415;-0,00410839;-0,05672173
2024-09-05;29641,55319064;-0,00084434;-0,05751818
2024-09-06;29148,10522593;-0,01664717;-0,07320783
2024-09-09;29485,80134285;0,01158553;-0,06247046
2024-09-10;29729,31275498;0,00825860;-0,05472778
2024-09-11;30178,75751194;0,01511790;-0,04043725
2024-09-12;30518,62235722;0,01126172;-0,02963091
2024-09-13;30699,07849178;0,00591298;-0,02389314
2024-09-16;30600,03452254;-0,00322628;-0,02704234
2024-09-17;30605,45666201;0,00017719;-0,02686993
2024-09-18;30369,11260044;-0,00772229;-0,03438472
2024-09-19;30970,09345575;0,01978921;-0,01527595
2024-09-20;30918,46915491;-0,00166691;-0,01691740
2024-09-23;30926,13175289;0,00024783;-0,01667376
2024-09-24;31111,60662903;0,00599735;-0,01077641
2024-09-25;31167,82642765;0,00180704;-0,00898884
2024-09-26;31392,88572563;0,00722089;-0,00183287
2024-09-27;31233,50339086;-0,00507702;-0,00690058
2024-09-30;31197,12300946;-0,00116479;-0,00805733
2024-10-01;30918,94978102;-0,00891663;-0,01690212
2024-10-02;31045,55704320;0,00409481;-0,01287652
2024-10-03;31155,83992352;0,00355229;-0,00936997
2024-10-04;31329,99528794;0,00558981;-0,00383253
2024-10-07;31249,73190128;-0,00256187;-0,00638458
2024-10-08;31469,81533776;0,00704273;0,00000000
2024-10-09;31663,25424476;0,00614681;0,00000000
2024-10-10;31720,76140603;0,00181621;0,00000000
2024-10-11;31835,51885787;0,00361774;0,00000000
2024-10-14;32076,72776847;0,00757672;0,00000000
2024-10-15;31709,82750155;-0,01143821;-0,01143821
2024-10-16;31813,07089102;0,00325588;-0,00821957
2024-10-17;31935,24392766;0,00384034;-0,00441079
2024-10-18;32040,75823548;0,00330401;-0,00112136
2024-10-21;32092,65188993;0,00161961;0,00000000
2024-10-22;32144,32173995;0,00161002;0,00000000
2024-10-23;31818,29672310;-0,01014254;-0,01014254
2024-10-24;31904,05071141;0,00269512;-0,00747476
2024-10-25;32026,79239907;0,00384721;-0,00365630
2024-10-28;32016,08648707;-0,00033428;-0,00398936
2024-10-29;32274,35467967;0,00806683;0,00000000
2024-10-30;32059,99001764;-0,00664195;-0,00664195
2024-10-31;31417,68066547;-0,02003461;-0,02654349
2024-11-01;31508,51796352;0,00289128;-0,02372896
2024-11-04;31470,64030262;-0,00120214;-0,02490257
2024-11-05;31716,84789755;0,00782341;-0,01727399
2024-11-06;32148,35621317;0,01360502;-0,00390398
2024-11-07;32551,17526214;0,01253000;0,00000000
2024-11-08;32535,01482151;-0,00049646;-0,00049646
2024-11-11;32373,74276695;-0,00495688;-0,00545088
2024-11-12;32361,66105731;-0,00037319;-0,00582204
2024-11-13;32272,55340464;-0,00275349;-0,00855950
2024-11-14;32206,79056705;-0,00203773;-0,01057979
2024-11-15;31736,83918857;-0,01459169;-0,02501710
2024-11-18;31919,64127162;0,00575993;-0,01940127
2024-11-19;32080,58012693;0,00504200;-0,01445709
2024-11-20;32080,24332149;-0,00001050;-0,01446743
2024-11-21;32393,06559513;0,00975124;-0,00485726
2024-11-22;32555,86449718;0,00502573;0,00000000
2024-11-25;32404,79600581;-0,00464029;-0,00464029
2024-11-26;32503,10079786;0,00303365;-0,00162071
2024-11-27;32220,14772313;-0,00870542;-0,01031202
2024-11-29;32459,30677711;0,00742266;-0,00296591
2024-12-02;32615,37509694;0,00480812;0,00000000
2024-12-03;32681,69234013;0,00203331;0,00000000
2024-12-04;32996,13670917;0,00962142;0,00000000
2024-12-05;32872,23349126;-0,00375508;-0,00375508
2024-12-06;32941,68990664;0,00211292;-0,00165010
2024-12-09;32850,05501183;-0,00278173;-0,00442724
2024-12-10;32685,95825723;-0,00499533;-0,00940045
2024-12-11;33007,65550964;0,00984206;0,00000000
2024-12-12;32850,59485500;-0,00475831;-0,00475831
2024-12-13;32850,97449272;0,00001156;-0,00474681
2024-12-16;33004,48438719;0,00467292;-0,00009607
2024-12-17;32851,55258507;-0,00463367;-0,00472929
2024-12-18;32229,42953427;-0,01893740;-0,02357714
2024-12-19;32138,35460174;-0,00282583;-0,02633634
2024-12-20;32457,57784632;0,00993278;-0,01666515
2024-12-23;32611,93648765;0,00475570;-0,01198870
2024-12-24;32832,06356444;0,00674989;-0,00531973
2024-12-27;32603,74187015;-0,00695423;-0,01223697
2024-12-30;32350,17586718;-0,00777721;-0,01991900
2024-12-31;32275,36454911;-0,00231255;-0,02218549
2025-01-02;32392,31608416;0,00362355;-0,01864232
2025-01-03;32590,52517620;0,00611902;-0,01263738
2025-01-06;32845,27094238;0,00781656;-0,00491960
2025-01-07;32498,29971890;-0,01056381;-0,01543144
2025-01-08;32566,57821981;0,00210099;-0,01336288
2025-01-10;32259,65590946;-0,00942446;-0,02266140
2025-01-13;32076,46395381;-0,00567867;-0,02821138
2025-01-14;32182,98429644;0,00332083;-0,02498424
2025-01-15;32631,64563002;0,01394095;-0,01139160
2025-01-16;32583,83267239;-0,00146523;-0,01284014
2025-01-17;32900,50577214;0,00971872;-0,00324621
2025-01-21;33089,75167381;0,00575207;0,00000000
2025-01-22;33552,18751686;0,01397520;0,00000000
2025-01-23;33563,25456892;0,00032985;0,00000000
2025-01-24;33383,28145382;-0,00536221;-0,00536221
2025-01-27;32391,60288209;-0,02970584;-0,03490876
2025-01-28;32925,66157169;0,01648757;-0,01899676
2025-01-29;32798,17886606;-0,00387183;-0,02279504
2025-01-30;32924,69527288;0,00385742;-0,01902555
2025-01-31;32923,17331662;-0,00004623;-0,01907089
2025-02-03;32617,35318129;-0,00928890;-0,02818265
2025-02-04;32908,45405560;0,00892472;-0,01950945
2025-02-05;33151,08011928;0,00737276;-0,01228053
2025-02-06;33290,52378213;0,00420631;-0,00812587
2025-02-07;33143,90300958;-0,00440428;-0,01249437
2025-02-10;33515,04904248;0,01119802;-0,00143626
2025-02-11;33485,17656991;-0,00089132;-0,00232629
2025-02-12;33418,11231654;-0,00200280;-0,00432444
2025-02-13;33728,05741420;0,00927476;0,00000000
2025-02-14;33670,88648551;-0,00169506;-0,00169506
2025-02-18;33933,15729652;0,00778925;0,00000000
2025-02-19;33953,57371296;0,00060167;0,00000000
2025-02-20;33836,40989761;-0,00345071;-0,00345071
2025-02-21;33377,85218809;-0,01355220;-0,01695614
2025-02-24;33107,52881811;-0,00809888;-0,02491770
2025-02-25;32714,86546975;-0,01186024;-0,03648241
2025-02-26;32974,53715258;0,00793742;-0,02883457
2025-02-27;32288,95842888;-0,02079116;-0,04902622
2025-02-28;32389,31008098;0,00310792;-0,04607066
2025-03-03;32025,53178274;-0,01123143;-0,05678465
2025-03-04;31817,26412171;-0,00650318;-0,06291855
2025-03-05;32011,75698267;0,00611281;-0,05719035
2025-03-06;31613,83451018;-0,01243051;-0,06890995
2025-03-07;31681,41549598;0,00213770;-0,06691956
2025-03-10;30951,45174154;-0,02304076;-0,08841844
2025-03-11;30838,69476038;-0,00364303;-0,09173936
2025-03-12;31136,89385154;0,00966964;-0,08295680
2025-03-13;30902,32235639;-0,00753355;-0,08986540
2025-03-14;31450,89176437;0,01775172;-0,07370894
2025-03-17;31607,12228406;0,00496744;-0,06910764
2025-03-18;31437,98201275;-0,00535133;-0,07408916
2025-03-19;31707,04110461;0,00855841;-0,06616484
2025-03-20;31600,59860802;-0,00335706;-0,06929978
2025-03-21;31580,17445221;-0,00064632;-0,06990131
2025-03-24;31940,54092654;0,01141116;-0,05928780
2025-03-25;32020,22215945;0,00249467;-0,05694103
2025-03-26;31668,02494391;-0,01099921;-0,06731394
2025-03-27;31552,00172763;-0,00366373;-0,07073105
2025-03-28;31130,90708033;-0,01334605;-0,08313312
2025-03-31;31179,71032950;0,00156768;-0,08169577
2025-04-01;31363,58146951;0,00589714;-0,07628040
2025-04-02;31478,79182227;0,00367338;-0,07288723
2025-04-03;30149,17339138;-0,04223855;-0,11204713
2025-04-04;28845,54928263;-0,04323913;-0,15044144
2025-04-07;28645,86088511;-0,00692268;-0,15632266
2025-04-08;28633,49234941;-0,00043177;-0,15668693
2025-04-09;30249,04565143;0,05642180;-0,10910569
2025-04-10;30031,27007177;-0,00719942;-0,11551961
2025-04-11;30399,62789944;0,01226581;-0,10467074
2025-04-14;30626,95741252;0,00747804;-0,09797544
2025-04-15;30723,34762059;0,00314723;-0,09513656
2025-04-16;30431,68258550;-0,00949327;-0,10372667
2025-04-17;30250,73438491;-0,00594605;-0,10905595
2025-04-22;30286,33716119;0,00117692;-0,10800738
2025-04-23;30687,00884350;0,01322945;-0,09620681
2025-04-24;31329,76896405;0,02094568;-0,07727625
2025-04-25;31490,80930433;0,00514017;-0,07253329
2025-04-28;31548,82804560;0,00184240;-0,07082452
2025-04-29;31581,85962742;0,00104700;-0,06985168
2025-04-30;31603,63107615;0,00068937;-0,06921047
2025-05-01;31828,05304063;0,00710114;-0,06260079
2025-05-02;32129,59611447;0,00947413;-0,05371975
2025-05-06;32281,59393144;0,00473077;-0,04924312
2025-05-07;32290,51049251;0,00027621;-0,04898051
2025-05-08;32380,10503656;0,00277464;-0,04634177
2025-05-09;32401,94631850;0,00067453;-0,04569850
2025-05-12;33076,09695392;0,02080587;-0,02584343
2025-05-13;33497,62325325;0,01274414;-0,01342864
2025-05-14;33435,20369987;-0,00186340;-0,01526702
2025-05-15;33587,51971633;0,00455556;-0,01078102
2025-05-16;33582,23959171;-0,00015720;-0,01093653
2025-05-19;33613,15981358;0,00092073;-0,01002586
2025-05-20;33708,67099422;0,00284148;-0,00721287
2025-05-21;33417,16452530;-0,00864782;-0,01579831
2025-05-22;33268,39141301;-0,00445200;-0,02017998
2025-05-23;33163,86387398;-0,00314195;-0,02325852
2025-05-27;33528,67265590;0,01100019;-0,01251418
2025-05-28;33458,58213175;-0,00209047;-0,01457848
2025-05-29;33521,03535529;0,00186658;-0,01273911
2025-05-30;33428,15712209;-0,00277074;-0,01547456
2025-06-02;33726,25126089;0,00891746;-0,00669510
2025-06-03;33978,72707440;0,00748603;0,00000000
2025-06-04;34053,47860366;0,00219995;0,00000000
2025-06-05;33976,48706788;-0,00226090;-0,00226090
2025-06-06;34065,22502463;0,00261175;0,00000000
2025-06-09;34172,76387485;0,00315685;0,00000000
2025-06-10;34294,61748257;0,00356581;0,00000000
2025-06-11;34324,16457872;0,00086157;0,00000000
2025-06-12;34528,37787321;0,00594955;0,00000000
2025-06-13;34363,83003944;-0,00476558;-0,00476558
2025-06-16;34555,65367202;0,00558214;0,00000000
2025-06-17;34432,60988928;-0,00356074;-0,00356074
2025-06-18;34438,01144377;0,00015687;-0,00340443
2025-06-20;34317,63452440;-0,00349547;-0,00688799
2025-06-23;34509,46626097;0,00558989;-0,00133661
2025-06-24;34746,69996185;0,00687445;0,00000000
2025-06-25;34906,41890104;0,00459666;0,00000000
2025-06-26;35006,26783512;0,00286047;0,00000000
2025-06-27;34943,03376436;-0,00180636;-0,00180636
2025-06-30;35200,77447150;0,00737603;0,00000000
2025-07-01;35114,03838470;-0,00246404;-0,00246404
2025-07-02;35417,69293404;0,00864767;0,00000000
2025-07-03;35636,86734381;0,00618827;0,00000000
2025-07-07;35465,40398500;-0,00481140;-0,00481140
2025-07-08;35510,04753414;0,00125879;-0,00355867
2025-07-09;35662,58328539;0,00429557;0,00000000
2025-07-10;35674,28817251;0,00032821;0,00000000
2025-07-11;35667,22766486;-0,00019792;-0,00019792
2025-07-14;35661,96447408;-0,00014756;-0,00034545
2025-07-15;35810,43302404;0,00416322;0,00000000
2025-07-16;35802,35795721;-0,00022549;-0,00022549
2025-07-17;36060,80239489;0,00721864;0,00000000
2025-07-18;36067,34195791;0,00018135;0,00000000
2025-07-21;36212,07330149;0,00401281;0,00000000
2025-07-22;36081,01332386;-0,00361923;-0,00361923
2025-07-23;36122,22559877;0,00114222;-0,00248115
2025-07-24;36220,74663765;0,00272744;0,00000000
2025-07-25;36241,37437020;0,00056950;0,00000000
2025-07-28;36347,21128694;0,00292033;0,00000000
2025-07-29;36377,46040884;0,00083223;0,00000000
2025-07-30;36325,19973933;-0,00143662;-0,00143662
2025-07-31;36266,41061138;-0,00161841;-0,00305271
2025-08-01;35845,14320402;-0,01161591;-0,01463316
2025-08-04;36328,62665627;0,01348812;-0,00134242
2025-08-05;36168,53848623;-0,00440667;-0,00574317
2025-08-06;36385,63277372;0,00600230;0,00000000
2025-08-07;36430,69192481;0,00123838;0,00000000
2025-08-08;36631,80273710;0,00552037;0,00000000
2025-08-11;36440,44390531;-0,00522384;-0,00522384
2025-08-12;36702,88838039;0,00720201;0,00000000
2025-08-13;36733,58913630;0,00083647;0,00000000
2025-08-14;36660,36844487;-0,00199329;-0,00199329
2025-08-15;36532,21240886;-0,00349577;-0,00548209
2025-08-18;36574,99157487;0,00117100;-0,00431751
2025-08-19;36230,45358501;-0,00942004;-0,01369688
2025-08-20;36157,21370644;-0,00202150;-0,01569069
2025-08-21;36094,47328963;-0,00173521;-0,01739868
2025-08-22;36457,42939687;0,01005573;-0,00751791
2025-08-26;36495,43906979;0,00104258;-0,00648317
2025-08-27;36647,31933137;0,00416162;-0,00234853
2025-08-28;36829,58036528;0,00497338;0,00000000
2025-08-29;36595,30393485;-0,00636109;-0,00636109
2025-09-02;36570,78912266;-0,00066989;-0,00702672
2025-09-03;36770,25518846;0,00545425;-0,00161080
2025-09-04;36881,39790713;0,00302263;0,00000000
2025-09-05;36945,29951544;0,00173262;0,00000000
2025-09-08;37217,10430424;0,00735695;0,00000000
2025-09-09;37227,61749157;0,00028248;0,00000000
2025-09-10;37609,24889599;0,01025130;0,00000000
2025-09-11;37713,20460594;0,00276410;0,00000000
2025-09-12;37719,24598964;0,00016019;0,00000000
2025-09-15;37981,01121540;0,00693983;0,00000000
2025-09-16;37890,05045451;-0,00239490;-0,00239490
2025-09-17;37753,97875940;-0,00359122;-0,00597753
2025-09-18;38152,59750129;0,01055832;0,00000000
2025-09-19;38452,35825790;0,00785689;0,00000000
2025-09-22;38892,61636123;0,01144944;0,00000000
2025-09-23;38778,32268978;-0,00293870;-0,00293870
2025-09-24;38577,50246277;-0,00517867;-0,00810215
2025-09-25;38586,02870397;0,00022102;-0,00788293
2025-09-26;38671,15720143;0,00220620;-0,00569412
2025-09-29;38945,18051163;0,00708599;0,00000000
2025-09-30;39093,22802973;0,00380143;0,00000000
2025-10-01;39333,75425009;0,00615263;0,00000000
2025-10-02;39462,84579749;0,00328195;0,00000000
2025-10-03;39463,24448911;0,00001010;0,00000000
2025-10-06;39822,42884247;0,00910174;0,00000000
2025-10-07;39718,91108763;-0,00259948;-0,00259948
2025-10-08;40252,19043299;0,01342633;0,00000000
2025-10-09;40091,48642276;-0,00399243;-0,00399243
2025-10-10;39228,09301310;-0,02153558;-0,02544203
2025-10-13;39931,51821383;0,01793167;-0,00796658
2025-10-14;39756,00508165;-0,00439535;-0,01232692
2025-10-15;40115,71372239;0,00904791;-0,00339054
2025-10-16;40325,47153508;0,00522882;0,00000000
2025-10-17;40113,63894633;-0,00525307;-0,00525307
2025-10-20;40789,86759719;0,01685782;0,00000000
2025-10-21;40235,70027707;-0,01358591;-0,01358591
2025-10-22;39997,18424105;-0,00592797;-0,01943334
2025-10-23;40332,84125888;0,00839202;-0,01120441
2025-10-24;43654,81260590;0,08236393;0,00000000
2025-10-27;40872,89312442;-0,06372538;-0,06372538
2025-10-28;41079,55318713;0,00505616;-0,05899142
2025-10-29;41241,45263485;0,00394112;-0,05528279
2025-10-30;41155,78597270;-0,00207720;-0,05724516
2025-10-31;41106,93495612;-0,00118698;-0,05836419
2025-11-03;41208,50840706;0,00247096;-0,05603745
2025-11-04;40523,14318940;-0,01663164;-0,07173709
2025-11-05;40703,85579008;0,00445949;-0,06759751
2025-11-06;40174,75222155;-0,01299886;-0,07971768
2025-11-07;40034,44030872;-0,00349254;-0,08293180
2025-11-10;40928,16732140;0,02232395;-0,06245921
2025-11-11;40851,36097266;-0,00187661;-0,06421862
2025-11-12;41133,32733458;0,00690225;-0,05775962
2025-11-13;40444,85022268;-0,01673770;-0,07353055
2025-11-14;40367,17324499;-0,00192057;-0,07530990
2025-11-17;39902,60867642;-0,01150847;-0,08595167
2025-11-18;39543,20828015;-0,00900694;-0,09418445
2025-11-19;39722,60421967;0,00453671;-0,09007503
2025-11-20;39172,58024410;-0,01384662;-0,10267442
2025-11-21;39102,78412129;-0,00178176;-0,10427323
2025-11-24;39806,84470042;0,01800538;-0,08814533
2025-11-25;39856,06011092;0,00123636;-0,08701795
2025-11-26;40250,84444401;0,00990525;-0,07797464
2025-11-28;40544,42076416;0,00729367;-0,07124969
2025-12-01;40595,67011790;0,00126403;-0,07007572
2025-12-02;40750,16720704;0,00380575;-0,06653666
2025-12-03;40732,52635054;-0,00043290;-0,06694076
2025-12-04;40819,85886476;0,00214405;-0,06494023
2025-12-05;40983,60629587;0,00401146;-0,06118927
2025-12-08;41085,40621356;0,00248392;-0,05885735
2025-12-09;41205,73114494;0,00292865;-0,05610106
2025-12-10;41311,47986105;0,00256636;-0,05367868
2025-12-11;41294,94262897;-0,00040031;-0,05405750
2025-12-12;40752,37011100;-0,01313896;-0,06648620
2025-12-15;40584,33738330;-0,00412326;-0,07033532
2025-12-16;40536,97901046;-0,00116691;-0,07142016
2025-12-17;40158,44112311;-0,00933809;-0,08009132
2025-12-18;40517,08620798;0,00893075;-0,07187584
2025-12-19;40981,28127121;0,01145677;-0,06124253
2025-12-22;41297,34841235;0,00771248;-0,05400239
2025-12-23;41541,13828547;0,00590328;-0,04841790
2025-12-24;41544,92735851;0,00009121;-0,04833110
2025-12-29;41175,93867539;-0,00888168;-0,05678352
2025-12-30;41158,09619398;-0,00043332;-0,05719224
2025-12-31;40885,12361235;-0,00663229;-0,06344522
2026-01-02;40927,39078994;0,00103380;-0,06247700
2026-01-05;41293,26741285;0,00893965;-0,05409587
2026-01-06;41694,65247029;0,00972035;-0,04490135
2026-01-07;41628,15359099;-0,00159490;-0,04642464
2026-01-08;41362,15802070;-0,00638980;-0,05251780
2026-01-09;41766,30244965;0,00977087;-0,04326007
2026-01-12;42025,32217244;0,00620164;-0,03732671
2026-01-13;41980,01170159;-0,00107817;-0,03836463
2026-01-14;41783,55264478;-0,00467982;-0,04286492
2026-01-15;41933,70603927;0,00359360;-0,03942536
2026-01-16;41885,79729569;-0,00114249;-0,04052280
2026-01-20;41597,97765633;-0,00687153;-0,04711588
2026-01-21;42021,47853246;0,01018080;-0,03741475
2026-01-22;42409,41333883;0,00923182;-0,02852834
2026-01-23;42518,34096564;0,00256848;-0,02603314
2026-01-26;42789,12368077;0,00636861;-0,01983032
2026-01-27;43330,49045715;0,01265197;-0,00742924
2026-01-28;43893,46899897;0,01299266;0,00000000
2026-01-29;43536,37507283;-0,00813547;-0,00813547
2026-01-30;42006,98679716;-0,03512898;-0,04297865
