Date;SWDA.L;XLK;IAU;BIL
2014-01-02;0,250000;0,250000;0,250000;0,250000
2014-01-03;0,249524;0,248430;0,252361;0,249684
2014-01-06;0,249170;0,248282;0,252641;0,249907
2014-01-07;0,250169;0,249859;0,250693;0,249279
2014-01-08;0,249736;0,250423;0,249998;0,249843
2014-01-09;0,249325;0,249284;0,251117;0,250274
2014-01-10;0,249088;0,248491;0,253384;0,249037
2014-01-13;0,250752;0,245598;0,254834;0,248816
2014-01-14;0,249125;0,249743;0,252318;0,248813
2014-01-15;0,250593;0,251400;0,250539;0,247469
2014-01-16;0,250506;0,251243;0,250868;0,247383
2014-01-17;0,249554;0,249883;0,253197;0,247366
2014-01-21;0,248950;0,251741;0,251297;0,248012
2014-01-22;0,248573;0,252031;0,250821;0,248575
2014-01-23;0,245699;0,250850;0,255558;0,247893
2014-01-24;0,244458;0,247616;0,258477;0,249448
2014-01-27;0,243195;0,247424;0,257761;0,251619
2014-01-28;0,244160;0,246103;0,257942;0,251795
2014-01-29;0,243668;0,243849;0,260976;0,251507
2014-01-30;0,245177;0,247233;0,255675;0,251914
2014-01-31;0,244519;0,247781;0,255864;0,251837
2014-02-03;0,243830;0,243593;0,259694;0,252883
2014-02-04;0,243343;0,244568;0,259104;0,252985
2014-02-05;0,243057;0,244548;0,259707;0,252688
2014-02-06;0,244856;0,245862;0,258025;0,251257
2014-02-07;0,244429;0,247534;0,258403;0,249634
2014-02-10;0,244648;0,247399;0,259005;0,248947
2014-02-11;0,244554;0,248358;0,260194;0,246893
2014-02-12;0,243584;0,249247;0,260310;0,246860
2014-02-13;0,242472;0,250074;0,261564;0,245890
2014-02-14;0,241398;0,249664;0,263927;0,245011
2014-02-18;0,243140;0,248998;0,263694;0,244168
2014-02-19;0,243775;0,249028;0,262131;0,245066
2014-02-20;0,242454;0,249138;0,264048;0,244359
2014-02-21;0,244025;0,247991;0,263856;0,244128
2014-02-24;0,244251;0,247674;0,265153;0,242923
2014-02-25;0,243649;0,247208;0,266004;0,243139
2014-02-26;0,244431;0,247895;0,264061;0,243613
2014-02-27;0,243161;0,249534;0,264094;0,243212
2014-02-28;0,243756;0,249842;0,263105;0,243297
2014-03-03;0,240348;0,247344;0,268831;0,243477
2014-03-04;0,244169;0,249349;0,264252;0,242231
2014-03-05;0,243262;0,249860;0,264430;0,242447
2014-03-06;0,243767;0,249050;0,265852;0,241330
2014-03-07;0,243458;0,249336;0,264922;0,242284
2014-03-10;0,244048;0,248799;0,264991;0,242161
2014-03-11;0,243652;0,248160;0,266116;0,242072
2014-03-12;0,241823;0,247636;0,269379;0,241162
2014-03-13;0,240734;0,245466;0,271484;0,242316
2014-03-14;0,240035;0,244078;0,273453;0,242434
2014-03-17;0,241280;0,246611;0,270014;0,242096
2014-03-18;0,242858;0,248987;0,266873;0,241283
2014-03-19;0,243534;0,249805;0,263534;0,243127
2014-03-20;0,243709;0,251117;0,262691;0,242484
2014-03-21;0,244630;0,249547;0,263587;0,242235
2014-03-24;0,243546;0,251327;0,260961;0,244165
2014-03-25;0,244134;0,252079;0,260368;0,243419
2014-03-26;0,245901;0,250159;0,259481;0,244459
2014-03-27;0,244959;0,250346;0,259168;0,245527
2014-03-28;0,246095;0,250688;0,258308;0,244909
2014-03-31;0,246422;0,252494;0,256311;0,244773
2014-04-01;0,246963;0,254498;0,254709;0,243831
2014-04-02;0,247437;0,253806;0,255720;0,243036
2014-04-03;0,248038;0,252969;0,255514;0,243478
2014-04-04;0,248670;0,248457;0,259130;0,243743
2014-04-07;0,246745;0,248198;0,259655;0,245402
2014-04-08;0,243850;0,249896;0,261372;0,244882
2014-04-09;0,243423;0,251989;0,260909;0,243679
2014-04-10;0,244075;0,247465;0,263509;0,244952
2014-04-11;0,243318;0,245901;0,264611;0,246169
2014-04-14;0,242107;0,247268;0,265525;0,245100
2014-04-15;0,242249;0,249624;0,261938;0,246189
2014-04-16;0,243352;0,250961;0,260581;0,245107
2014-04-17;0,244674;0,250751;0,259279;0,245296
2014-04-22;0,246203;0,252378;0,256611;0,244809
2014-04-23;0,246963;0,250229;0,257394;0,245413
2014-04-24;0,246038;0,251287;0,258130;0,244545
2014-04-25;0,245017;0,248941;0,260663;0,245379
2014-04-28;0,244807;0,250935;0,259244;0,245014
2014-04-29;0,245560;0,251910;0,258256;0,244274
2014-04-30;0,245287;0,252922;0,257276;0,244515
2014-05-01;0,246211;0,253091;0,256342;0,244356
2014-05-02;0,245529;0,252014;0,258418;0,244039
2014-05-06;0,244181;0,250848;0,260638;0,244333
2014-05-07;0,244469;0,252079;0,258054;0,245397
2014-05-08;0,246001;0,251962;0,257430;0,244608
2014-05-09;0,245492;0,252300;0,257490;0,244719
2014-05-12;0,245675;0,254027;0,257236;0,243062
2014-05-13;0,246782;0,253935;0,256389;0,242895
2014-05-14;0,246966;0,252272;0,258340;0,242423
2014-05-15;0,245373;0,252480;0,258059;0,244088
2014-05-16;0,245393;0,253669;0,257238;0,243699
2014-05-19;0,245655;0,254749;0,256450;0,243146
2014-05-20;0,245265;0,253850;0,257211;0,243674
2014-05-21;0,245082;0,255282;0,256298;0,243338
2014-05-22;0,246049;0,255067;0,256211;0,242673
2014-05-23;0,246061;0,256523;0,255331;0,242085
2014-05-27;0,248351;0,259089;0,250184;0,242376
2014-05-28;0,249824;0,258605;0,248951;0,242620
2014-05-29;0,250020;0,259687;0,248129;0,242164
2014-05-30;0,249874;0,260182;0,247523;0,242421
2014-06-02;0,251179;0,260115;0,246014;0,242692
2014-06-03;0,250861;0,259743;0,246666;0,242730
2014-06-04;0,251148;0,260100;0,246139;0,242613
2014-06-05;0,250258;0,260893;0,247097;0,241752
2014-06-06;0,251337;0,261275;0,246358;0,241030
2014-06-09;0,251611;0,261695;0,245981;0,240713
2014-06-10;0,251182;0,261438;0,247028;0,240351
2014-06-11;0,250515;0,261290;0,247468;0,240727
2014-06-12;0,249747;0,259080;0,250350;0,240822
2014-06-13;0,247711;0,260576;0,250950;0,240762
2014-06-16;0,247491;0,260986;0,250330;0,241194
2014-06-17;0,247796;0,261441;0,249770;0,240993
2014-06-18;0,247816;0,262025;0,249834;0,240326
2014-06-19;0,246362;0,259219;0,256231;0,238187
2014-06-20;0,247431;0,258822;0,255400;0,238347
2014-06-23;0,246508;0,259285;0,256122;0,238085
2014-06-24;0,247700;0,257916;0,256311;0,238074
2014-06-25;0,246215;0,259112;0,256487;0,238186
2014-06-26;0,245760;0,259366;0,256204;0,238670
2014-06-27;0,245817;0,260353;0,255637;0,238193
2014-06-30;0,245023;0,259792;0,257619;0,237566
2014-07-01;0,245028;0,261637;0,256438;0,236897
2014-07-02;0,245010;0,261889;0,256221;0,236880
2014-07-03;0,246062;0,262775;0,254571;0,236592
2014-07-07;0,245042;0,263288;0,254807;0,236863
2014-07-08;0,244043;0,262021;0,256078;0,237858
2014-07-09;0,243976;0,262348;0,256739;0,236938
2014-07-10;0,242484;0,261826;0,258553;0,237138
2014-07-11;0,242211;0,262666;0,258448;0,236676
2014-07-14;0,245369;0,264952;0,252648;0,237031
2014-07-15;0,244638;0,265745;0,251452;0,238165
2014-07-16;0,244915;0,267015;0,250949;0,237122
2014-07-17;0,243975;0,263495;0,255472;0,237058
2014-07-18;0,244235;0,266113;0,253143;0,236509
2014-07-21;0,243974;0,265898;0,253459;0,236669
2014-07-22;0,245107;0,267376;0,251559;0,235957
2014-07-23;0,245489;0,267668;0,250993;0,235850
2014-07-24;0,247201;0,267706;0,249032;0,236062
2014-07-25;0,245362;0,267154;0,251612;0,235872
2014-07-28;0,245232;0,267645;0,251234;0,235890
2014-07-29;0,246208;0,267304;0,250425;0,236063
2014-07-30;0,245876;0,267807;0,250047;0,236270
2014-07-31;0,245914;0,265589;0,249730;0,238767
2014-08-01;0,244657;0,264378;0,251948;0,239017
2014-08-04;0,244349;0,266006;0,250879;0,238765
2014-08-05;0,244781;0,264306;0,251457;0,239456
2014-08-06;0,243179;0,262927;0,254948;0,238947
2014-08-07;0,242473;0,262161;0,256070;0,239296
2014-08-08;0,242301;0,263352;0,255570;0,238776
2014-08-11;0,244640;0,263589;0,253949;0,237823
2014-08-12;0,243574;0,263872;0,254353;0,238201
2014-08-13;0,245468;0,264655;0,253233;0,236644
2014-08-14;0,245804;0,264792;0,253111;0,236293
2014-08-15;0,245744;0,265425;0,251921;0,236910
2014-08-18;0,246989;0,266898;0,250162;0,235951
2014-08-19;0,248437;0,267730;0,248577;0,235255
2014-08-20;0,248622;0,268036;0,247870;0,235473
2014-08-21;0,250273;0,269168;0,245161;0,235398
2014-08-22;0,249811;0,269164;0,245690;0,235336
2014-08-26;0,251329;0,268805;0,245194;0,234671
2014-08-27;0,251026;0,268890;0,245332;0,234752
2014-08-28;0,250013;0,268410;0,246842;0,234735
2014-08-29;0,250157;0,269343;0,246001;0,234499
2014-09-02;0,252257;0,270072;0,242647;0,235024
2014-09-03;0,253613;0,268408;0,243069;0,234909
2014-09-04;0,254884;0,268311;0,241915;0,234890
2014-09-05;0,253830;0,269272;0,242520;0,234378
2014-09-08;0,256651;0,269525;0,239626;0,234199
2014-09-09;0,256569;0,268174;0,240546;0,234711
2014-09-10;0,255616;0,270027;0,239381;0,234977
2014-09-11;0,254893;0,271124;0,238629;0,235355
2014-09-12;0,255622;0,271071;0,237004;0,236303
2014-09-15;0,255066;0,270025;0,238104;0,236804
2014-09-16;0,255117;0,271150;0,237713;0,236020
2014-09-17;0,255268;0,272381;0,235729;0,236622
2014-09-18;0,255061;0,273245;0,235674;0,236020
2014-09-19;0,256010;0,273039;0,234606;0,236345
2014-09-22;0,254847;0,272523;0,235141;0,237489
2014-09-23;0,253303;0,272187;0,236781;0,237729
2014-09-24;0,253618;0,273487;0,235575;0,237321
2014-09-25;0,253626;0,269373;0,238024;0,238977
2014-09-26;0,253460;0,271598;0,236594;0,238348
2014-09-29;0,253541;0,271617;0,236469;0,238372
2014-09-30;0,254440;0,272377;0,234812;0,238372
2014-10-01;0,253244;0,269597;0,237496;0,239663
2014-10-02;0,251339;0,270343;0,237870;0,240449
2014-10-03;0,255560;0,271865;0,232832;0,239743
2014-10-06;0,254832;0,270998;0,235251;0,238918
2014-10-07;0,253373;0,268570;0,237460;0,240597
2014-10-08;0,250512;0,272048;0,238269;0,239171
2014-10-09;0,251769;0,268626;0,239450;0,240154
2014-10-10;0,250924;0,264402;0,242083;0,242590
2014-10-13;0,249711;0,262357;0,244532;0,243400
2014-10-14;0,250587;0,262269;0,244265;0,242879
2014-10-15;0,246687;0,262162;0,246685;0,244466
2014-10-16;0,246952;0,260902;0,247363;0,244783
2014-10-17;0,249062;0,262245;0,245526;0,243167
2014-10-20;0,247593;0,263408;0,246493;0,242506
2014-10-21;0,249247;0,266086;0,244436;0,240231
2014-10-22;0,251883;0,264692;0,243281;0,240143
2014-10-23;0,252668;0,266982;0,240859;0,239491
2014-10-24;0,251710;0,268966;0,240143;0,239181
2014-10-27;0,250969;0,269553;0,240019;0,239459
2014-10-28;0,251435;0,271744;0,238689;0,238132
2014-10-29;0,253366;0,272090;0,235816;0,238728
2014-10-30;0,255205;0,272956;0,233183;0,238655
2014-10-31;0,258490;0,276245;0,227376;0,237889
2014-11-03;0,258552;0,277416;0,226184;0,237848
2014-11-04;0,256716;0,277966;0,226888;0,238430
2014-11-05;0,259385;0,279264;0,222505;0,238846
2014-11-06;0,260805;0,278548;0,222245;0,238402
2014-11-07;0,259760;0,276919;0,226655;0,236666
2014-11-10;0,261133;0,278651;0,222658;0,237558
2014-11-11;0,260670;0,277707;0,224984;0,236638
2014-11-12;0,260841;0,278718;0,223693;0,236748
2014-11-13;0,262015;0,279070;0,223181;0,235734
2014-11-14;0,260920;0,278534;0,226906;0,233641
2014-11-17;0,260903;0,278558;0,226377;0,234162
2014-11-18;0,261741;0,278030;0,227346;0,232882
2014-11-19;0,262100;0,277805;0,225882;0,234212
2014-11-20;0,261238;0,278191;0,227217;0,233354
2014-11-21;0,262744;0,277431;0,227444;0,232381
2014-11-24;0,262104;0,278787;0,226768;0,232341
2014-11-25;0,261734;0,278788;0,227247;0,232231
2014-11-26;0,261045;0,280785;0,226428;0,231742
2014-11-28;0,263788;0,282854;0,220956;0,232402
2014-12-01;0,259719;0,279023;0,229436;0,231822
2014-12-02;0,262149;0,279179;0,226775;0,231897
2014-12-03;0,260895;0,279461;0,228340;0,231305
2014-12-04;0,260355;0,280034;0,227832;0,231780
2014-12-05;0,263580;0,279548;0,225170;0,231703
2014-12-08;0,262346;0,277350;0,228051;0,232252
2014-12-09;0,257898;0,277236;0,232705;0,232161
2014-12-10;0,258575;0,274491;0,233544;0,233391
2014-12-11;0,258766;0,275323;0,232836;0,233076
2014-12-12;0,256037;0,273952;0,234561;0,235450
2014-12-15;0,256375;0,275076;0,230772;0,237776
2014-12-16;0,258450;0,271471;0,232238;0,237841
2014-12-17;0,257027;0,275808;0,229989;0,237175
2014-12-18;0,258272;0,279629;0,228270;0,233829
2014-12-19;0,260929;0,278987;0,227102;0,232983
2014-12-22;0,261870;0,282351;0,222790;0,232990
2014-12-23;0,263684;0,282036;0,222157;0,232123
2014-12-24;0,263633;0,281871;0,222238;0,232258
2014-12-29;0,263796;0,280958;0,223627;0,231620
2014-12-30;0,261875;0,279407;0,226724;0,231994
2014-12-31;0,263279;0,278125;0,225047;0,233550
2015-01-02;0,263304;0,277354;0,226038;0,233303
2015-01-05;0,261512;0,274025;0,230336;0,234127
2015-01-06;0,261056;0,271324;0,233023;0,234597
2015-01-07;0,262442;0,272698;0,231055;0,233805
2015-01-08;0,264902;0,275815;0,227890;0,231392
2015-01-09;0,262054;0,275389;0,230794;0,231763
2015-01-12;0,262100;0,272486;0,233395;0,232019
2015-01-13;0,263783;0,271954;0,232525;0,231737
2015-01-14;0,259743;0,272689;0,233886;0,233682
2015-01-15;0,260609;0,268003;0,238736;0,232653
2015-01-16;0,260042;0,268663;0,240321;0,230973
2015-01-20;0,259247;0,269190;0,242069;0,229494
2015-01-21;0,261577;0,268619;0,241140;0,228664
2015-01-22;0,261851;0,270625;0,240925;0,226599
2015-01-23;0,263589;0,270628;0,239076;0,226706
2015-01-26;0,263940;0,270711;0,237640;0,227709
2015-01-27;0,262416;0,265296;0,242509;0,229779
2015-01-28;0,263260;0,265341;0,241230;0,230169
2015-01-29;0,263168;0,268956;0,236765;0,231111
2015-01-30;0,263199;0,264923;0,241380;0,230498
2015-02-02;0,263621;0,267139;0,239179;0,230061
2015-02-03;0,264660;0,269665;0,236008;0,229667
2015-02-04;0,264527;0,269712;0,236553;0,229208
2015-02-05;0,263571;0,271436;0,236448;0,228546
2015-02-06;0,266252;0,272188;0,231655;0,229905
2015-02-09;0,265311;0,272018;0,232624;0,230047
2015-02-10;0,264465;0,275281;0,230807;0,229447
2015-02-11;0,265306;0,276662;0,228368;0,229665
2015-02-12;0,263908;0,279312;0,228033;0,228747
2015-02-13;0,264854;0,279596;0,227970;0,227579
2015-02-17;0,266423;0,280470;0,224923;0,228184
2015-02-18;0,265600;0,280727;0,225495;0,228179
2015-02-19;0,266107;0,281435;0,224504;0,227954
2015-02-20;0,266638;0,282730;0,222849;0,227783
2015-02-23;0,266470;0,282749;0,223093;0,227689
2015-02-24;0,267291;0,283048;0,222466;0,227195
2015-02-25;0,266983;0,281765;0,223616;0,227636
2015-02-26;0,267213;0,282561;0,223421;0,226805
2015-02-27;0,266799;0,281951;0,224098;0,227152
2015-03-02;0,267646;0,283450;0,222380;0,226523
2015-03-03;0,267175;0,282524;0,222952;0,227350
2015-03-04;0,268170;0,281751;0,222455;0,227625
2015-03-05;0,269449;0,281057;0,222165;0,227329
2015-03-06;0,272286;0,280209;0,218078;0,229427
2015-03-09;0,270645;0,281635;0,218158;0,229562
2015-03-10;0,269754;0,278862;0,219342;0,232042
2015-03-11;0,272486;0,277151;0,218243;0,232120
2015-03-12;0,274119;0,277735;0,217093;0,231053
2015-03-13;0,275090;0,276250;0,217518;0,231142
2015-03-16;0,276058;0,277888;0,216254;0,229799
2015-03-17;0,276835;0,278152;0,215051;0,229962
2015-03-18;0,275499;0,279344;0,217304;0,227854
2015-03-19;0,277055;0,278334;0,216939;0,227673
2015-03-20;0,276217;0,278802;0,218390;0,226592
2015-03-23;0,276034;0,278377;0,219392;0,226197
2015-03-24;0,276960;0,277146;0,219905;0,225990
2015-03-25;0,276339;0,272889;0,222432;0,228340
2015-03-26;0,274726;0,272968;0,224066;0,228240
2015-03-27;0,274307;0,273611;0,223468;0,228613
2015-03-30;0,277044;0,275661;0,219769;0,227525
2015-03-31;0,276045;0,274317;0,220774;0,228865
2015-04-01;0,274423;0,273265;0,224093;0,228218
2015-04-02;0,275702;0,272941;0,223305;0,228052
2015-04-07;0,276886;0,273166;0,223355;0,226593
2015-04-08;0,275757;0,274558;0,222647;0,227039
2015-04-09;0,278309;0,274635;0,220598;0,226457
2015-04-10;0,280294;0,273660;0,221252;0,224795
2015-04-13;0,280694;0,273547;0,220464;0,225295
2015-04-14;0,279356;0,274089;0,220061;0,226494
2015-04-15;0,279022;0,275008;0,220761;0,225210
2015-04-16;0,277895;0,275030;0,220994;0,226081
2015-04-17;0,276124;0,273066;0,223253;0,227557
2015-04-20;0,277195;0,276132;0,220434;0,226239
2015-04-21;0,276986;0,275603;0,221449;0,225962
2015-04-22;0,275701;0,278946;0,219010;0,226344
2015-04-23;0,275458;0,279136;0,219809;0,225597
2015-04-24;0,275286;0,281862;0,217006;0,225846
2015-04-27;0,274168;0,281061;0,220142;0,224629
2015-04-28;0,270957;0,282128;0,222159;0,224755
2015-04-29;0,269466;0,282527;0,221840;0,226167
2015-04-30;0,271882;0,280653;0,219634;0,227832
2015-05-01;0,273766;0,282407;0,217386;0,226441
2015-05-05;0,272970;0,279125;0,220727;0,227179
2015-05-06;0,272360;0,277895;0,221633;0,228112
2015-05-07;0,272602;0,279746;0,219750;0,227902
2015-05-08;0,271499;0,282172;0,219659;0,226670
2015-05-11;0,269838;0,282392;0,219808;0,227962
2015-05-12;0,267710;0,281518;0,222237;0,228535
2015-05-13;0,266156;0,281371;0,225019;0,227454
2015-05-14;0,265803;0,283794;0,224684;0,225719
2015-05-15;0,265859;0,282990;0,225343;0,225808
2015-05-18;0,267133;0,283339;0,224532;0,224996
2015-05-19;0,270293;0,282852;0,221678;0,225178
2015-05-20;0,269444;0,283153;0,222140;0,225262
2015-05-21;0,268607;0,284512;0,221474;0,225407
2015-05-22;0,270272;0,283819;0,220897;0,225012
2015-05-26;0,270838;0,282335;0,219710;0,227117
2015-05-27;0,271589;0,285278;0,217893;0,225239
2015-05-28;0,271883;0,284751;0,218129;0,225237
2015-05-29;0,270995;0,283675;0,219289;0,226041
2015-06-01;0,271979;0,283844;0,218624;0,225552
2015-06-02;0,270566;0,283720;0,219743;0,225971
2015-06-03;0,272068;0,284087;0,218050;0,225795
2015-06-04;0,271436;0,283348;0,217969;0,227248
2015-06-05;0,271579;0,283176;0,217395;0,227850
2015-06-08;0,271174;0,281185;0,218885;0,228756
2015-06-09;0,269522;0,281266;0,219851;0,229361
2015-06-10;0,268661;0,283514;0,220128;0,227698
2015-06-11;0,269660;0,283485;0,219236;0,227619
2015-06-12;0,268342;0,282626;0,220133;0,228900
2015-06-15;0,267009;0,281688;0,221714;0,229589
2015-06-16;0,266605;0,283323;0,220766;0,229307
2015-06-17;0,265078;0,283582;0,221831;0,229509
2015-06-18;0,263958;0,284480;0,223456;0,228106
2015-06-19;0,264615;0,282919;0,223708;0,228758
2015-06-22;0,268108;0,284091;0,219921;0,227881
2015-06-23;0,268483;0,284534;0,218957;0,228027
2015-06-24;0,269081;0,283789;0,218635;0,228495
2015-06-25;0,268645;0,283682;0,218679;0,228994
2015-06-26;0,268244;0,282235;0,219805;0,229717
2015-06-29;0,265817;0,279118;0,222891;0,232175
2015-06-30;0,265141;0,279916;0,222331;0,232613
2015-07-01;0,267324;0,280548;0,220556;0,231572
2015-07-02;0,267408;0,280989;0,219999;0,231603
2015-07-06;0,266160;0,280536;0,221130;0,232175
2015-07-07;0,265719;0,281875;0,219509;0,232896
2015-07-08;0,268306;0,277814;0,220529;0,233352
2015-07-09;0,269786;0,276430;0,220684;0,233100
2015-07-10;0,269587;0,279152;0,219557;0,231704
2015-07-13;0,269865;0,281951;0,217661;0,230523
2015-07-14;0,270216;0,282679;0,216813;0,230292
2015-07-15;0,270508;0,283153;0,215765;0,230573
2015-07-16;0,270803;0,285545;0,214067;0,229586
2015-07-17;0,269609;0,289501;0,211609;0,229280
2015-07-20;0,271838;0,291870;0,206403;0,229889
2015-07-21;0,272228;0,290763;0,206411;0,230598
2015-07-22;0,271531;0,288689;0,207123;0,232657
2015-07-23;0,273231;0,287958;0,206252;0,232559
2015-07-24;0,271606;0,286863;0,208547;0,232984
2015-07-27;0,269800;0,286335;0,209256;0,234609
2015-07-28;0,269679;0,287953;0,208550;0,233817
2015-07-29;0,270519;0,288595;0,208035;0,232851
2015-07-30;0,271101;0,289391;0,206451;0,233056
2015-07-31;0,272130;0,287868;0,207411;0,232591
2015-08-03;0,272607;0,287436;0,206454;0,233504
2015-08-04;0,272420;0,286268;0,207427;0,233885
2015-08-05;0,273201;0,287954;0,205851;0,232994
2015-08-06;0,273048;0,285979;0,207268;0,233705
2015-08-07;0,272240;0,286111;0,208003;0,233646
2015-08-10;0,271978;0,288124;0,208188;0,231710
2015-08-11;0,270273;0,285730;0,210773;0,233224
2015-08-12;0,266238;0,287016;0,213524;0,233222
2015-08-13;0,269306;0,286013;0,211614;0,233067
2015-08-14;0,268453;0,287154;0,211604;0,232789
2015-08-17;0,268933;0,287873;0,211136;0,232058
2015-08-18;0,268369;0,287096;0,211853;0,232682
2015-08-19;0,265679;0,285897;0,215123;0,233301
2015-08-20;0,264183;0,280667;0,220434;0,234717
2015-08-21;0,261854;0,274360;0,225238;0,238548
2015-08-24;0,255449;0,270230;0,229718;0,244603
2015-08-25;0,261796;0,267466;0,226709;0,244028
2015-08-26;0,257615;0,278595;0,221752;0,242038
2015-08-27;0,264028;0,280335;0,217669;0,237968
2015-08-28;0,264592;0,279680;0,218731;0,236997
2015-09-01;0,261684;0,273032;0,224057;0,241226
2015-09-02;0,260876;0,278003;0,221344;0,239776
2015-09-03;0,265232;0,277005;0,218975;0,238788
2015-09-04;0,262875;0,275631;0,220254;0,241239
2015-09-08;0,261555;0,280837;0,218505;0,239103
2015-09-09;0,265096;0,278276;0,216557;0,240071
2015-09-10;0,261245;0,281337;0,217170;0,240249
2015-09-11;0,261087;0,282275;0,216668;0,239970
2015-09-14;0,261590;0,281574;0,216868;0,239968
2015-09-15;0,262782;0,283756;0,214763;0,238699
2015-09-16;0,262475;0,283517;0,216497;0,237511
2015-09-17;0,262558;0,281296;0,218877;0,237268
2015-09-18;0,259548;0,279631;0,221854;0,238967
2015-09-21;0,260293;0,281594;0,219796;0,238317
2015-09-22;0,258399;0,279816;0,220924;0,240861
2015-09-23;0,260138;0,279387;0,220639;0,239836
2015-09-24;0,255950;0,279289;0,225009;0,239752
2015-09-25;0,261794;0,277168;0,222688;0,238350
2015-09-28;0,258971;0,275260;0,223469;0,242299
2015-09-29;0,258850;0,274851;0,223297;0,243001
2015-09-30;0,261184;0,278324;0,219270;0,241222
2015-10-01;0,261126;0,278567;0,218943;0,241363
2015-10-02;0,258616;0,280126;0,221935;0,239323
2015-10-05;0,263998;0,281802;0,218151;0,236049
2015-10-06;0,263899;0,281141;0,219753;0,235207
2015-10-07;0,262307;0,282708;0,219559;0,235426
2015-10-08;0,263723;0,283349;0,218054;0,234874
2015-10-09;0,264908;0,282361;0,219692;0,233039
2015-10-12;0,263546;0,282716;0,220686;0,233052
2015-10-13;0,264171;0,281723;0,221369;0,232737
2015-10-14;0,259222;0,281775;0,225772;0,233231
2015-10-15;0,259668;0,284206;0,223859;0,232266
2015-10-16;0,261781;0,284330;0,221965;0,231924
2015-10-19;0,261190;0,285677;0,220995;0,232138
2015-10-20;0,261264;0,284531;0,222444;0,231761
2015-10-21;0,262274;0,283615;0,221271;0,232840
2015-10-22;0,262480;0,287437;0,219309;0,230775
2015-10-23;0,263339;0,292092;0,216425;0,228145
2015-10-26;0,263524;0,291430;0,216582;0,228464
2015-10-27;0,263100;0,290358;0,217607;0,228935
2015-10-28;0,264259;0,293204;0,214770;0,227768
2015-10-29;0,264869;0,293400;0,213188;0,228543
2015-10-30;0,263701;0,293006;0,213540;0,229752
2015-11-02;0,264117;0,294952;0,211701;0,229230
2015-11-03;0,265633;0,296565;0,208466;0,229336
2015-11-04;0,266143;0,297361;0,206853;0,229643
2015-11-05;0,267774;0,296417;0,206222;0,229587
2015-11-06;0,269382;0,297541;0,203398;0,229678
2015-11-09;0,267715;0,296242;0,205078;0,230965
2015-11-10;0,268517;0,295007;0,204995;0,231481
2015-11-11;0,268466;0,295084;0,204751;0,231698
2015-11-12;0,267416;0,294045;0,205628;0,232912
2015-11-13;0,266553;0,291075;0,207238;0,235134
2015-11-16;0,265048;0,294255;0,206534;0,234162
2015-11-17;0,269056;0,293738;0,203561;0,233645
2015-11-18;0,268135;0,296829;0,202446;0,232590
2015-11-19;0,267829;0,296707;0,203978;0,231486
2015-11-20;0,269449;0,297747;0,202239;0,230565
2015-11-23;0,270810;0,296847;0,201065;0,231278
2015-11-24;0,269956;0,296620;0,202425;0,230999
2015-11-25;0,271062;0,296085;0,201534;0,231319
2015-11-27;0,272230;0,296863;0,199457;0,231449
2015-11-30;0,271429;0,296913;0,200433;0,231225
2015-12-01;0,271387;0,298267;0,200160;0,230186
2015-12-02;0,274412;0,297188;0,197588;0,230811
2015-12-03;0,271455;0,295212;0,201001;0,232332
2015-12-04;0,267287;0,299290;0,203537;0,229886
2015-12-07;0,268286;0,299197;0,201563;0,230954
2015-12-08;0,268181;0,298662;0,202093;0,231064
2015-12-09;0,267544;0,296486;0,203219;0,232750
2015-12-10;0,266448;0,297395;0,203282;0,232874
2015-12-11;0,264322;0,294196;0,206165;0,235318
2015-12-14;0,262778;0,297132;0,204243;0,235848
2015-12-15;0,267448;0,296284;0,202175;0,234093
2015-12-16;0,266903;0,297838;0,203049;0,232209
2015-12-17;0,271391;0,295001;0,199991;0,233618
2015-12-18;0,269692;0,291117;0,204037;0,235153
2015-12-21;0,267963;0,292738;0,205274;0,234025
2015-12-22;0,269279;0,293880;0,203602;0,233240
2015-12-23;0,271351;0,294748;0,201918;0,231983
2015-12-24;0,270754;0,294335;0,203096;0,231816
2015-12-29;0,273369;0,296264;0,200066;0,230302
2015-12-30;0,273423;0,295289;0,199739;0,231550
2015-12-31;0,273470;0,292815;0,200886;0,232829
2016-01-04;0,269352;0,290957;0,205222;0,234468
2016-01-05;0,271000;0,289689;0,205256;0,234055
2016-01-06;0,269933;0,286661;0,209008;0,234398
2016-01-07;0,268867;0,280695;0,213880;0,236558
2016-01-08;0,267405;0,280340;0,214110;0,238145
2016-01-11;0,265779;0,282781;0,212770;0,238670
2016-01-12;0,267678;0,284471;0,210525;0,237326
2016-01-13;0,269561;0,278650;0,212934;0,238854
2016-01-14;0,267292;0,284177;0,209505;0,239026
2016-01-15;0,266524;0,278586;0,213776;0,241114
2016-01-19;0,269832;0,277562;0,212571;0,240036
2016-01-20;0,262716;0,277813;0,217311;0,242160
2016-01-21;0,265870;0,277497;0,216051;0,240582
2016-01-22;0,266257;0,282591;0,212872;0,238280
2016-01-25;0,266662;0,279462;0,215407;0,238469
2016-01-26;0,264980;0,280889;0,216815;0,237316
2016-01-27;0,267968;0,275912;0,218054;0,238065
2016-01-28;0,264765;0,280181;0,216389;0,238665
2016-01-29;0,267575;0,284240;0,213410;0,234776
2016-02-01;0,265626;0,284670;0,215527;0,234177
2016-02-02;0,264243;0,282062;0,217440;0,236255
2016-02-03;0,259417;0,282758;0,220645;0,237181
2016-02-04;0,260856;0,281297;0,222072;0,235775
2016-02-05;0,260613;0,275250;0,226772;0,237365
2016-02-08;0,257090;0,272800;0,231466;0,238644
2016-02-09;0,256934;0,272334;0,231337;0,239396
2016-02-10;0,257361;0,271873;0,232198;0,238569
2016-02-11;0,250717;0,270335;0,241186;0,237762
2016-02-12;0,253489;0,272395;0,237888;0,236227
2016-02-16;0,259347;0,276006;0,229481;0,235167
2016-02-17;0,261786;0,278093;0,227939;0,232182
2016-02-18;0,260043;0,275777;0,232975;0,231205
2016-02-19;0,259832;0,276639;0,231772;0,231757
2016-02-22;0,265262;0,278418;0,226129;0,230190
2016-02-23;0,263889;0,274820;0,230483;0,230807
2016-02-24;0,261786;0,276757;0,230736;0,230721
2016-02-25;0,264372;0,277511;0,229669;0,228448
2016-02-26;0,268278;0,276377;0,227224;0,228121
2016-02-29;0,266518;0,274506;0,230746;0,228230
2016-03-01;0,266703;0,280294;0,226700;0,226304
2016-03-02;0,266047;0,280400;0,227855;0,225698
2016-03-03;0,264117;0,279668;0,231058;0,225157
2016-03-04;0,265807;0,279475;0,230299;0,224419
2016-03-07;0,265369;0,278146;0,231755;0,224729
2016-03-08;0,264848;0,277724;0,231697;0,225731
2016-03-09;0,265216;0,279695;0,229643;0,225446
2016-03-10;0,262339;0,279253;0,233106;0,225302
2016-03-11;0,265029;0,282418;0,228200;0,224352
2016-03-14;0,266910;0,283136;0,225293;0,224661
2016-03-15;0,267222;0,283516;0,225135;0,224127
2016-03-16;0,266220;0,284072;0,227670;0,222039
2016-03-17;0,263761;0,285902;0,227735;0,222603
2016-03-18;0,264617;0,286069;0,226939;0,222375
2016-03-21;0,265583;0,286932;0,225156;0,222329
2016-03-22;0,268042;0,285719;0,224900;0,221339
2016-03-23;0,270472;0,285914;0,220899;0,222715
2016-03-24;0,267268;0,287706;0,221483;0,223542
2016-03-29;0,264503;0,289369;0,224194;0,221934
2016-03-30;0,266754;0,290617;0,221041;0,221588
2016-03-31;0,266182;0,290118;0,222044;0,221656
2016-04-01;0,267273;0,291543;0,220133;0,221051
2016-04-04;0,267301;0,291532;0,219281;0,221886
2016-04-05;0,266588;0,288908;0,222422;0,222082
2016-04-06;0,267694;0,290688;0,220326;0,221292
2016-04-07;0,267223;0,287108;0,223963;0,221706
2016-04-08;0,268679;0,286665;0,223244;0,221412
2016-04-11;0,266769;0,285786;0,226156;0,221290
2016-04-12;0,267085;0,286781;0,225584;0,220549
2016-04-13;0,269687;0,288461;0,222205;0,219647
2016-04-14;0,272584;0,288522;0,219152;0,219742
2016-04-15;0,271481;0,287724;0,220868;0,219927
2016-04-18;0,271166;0,288868;0,220059;0,219907
2016-04-19;0,270989;0,286569;0,223054;0,219388
2016-04-20;0,271873;0,287011;0,221835;0,219281
2016-04-21;0,272152;0,285928;0,222723;0,219197
2016-04-22;0,272044;0,283924;0,222466;0,221566
2016-04-25;0,269960;0,284649;0,223358;0,222033
2016-04-26;0,269604;0,283491;0,224653;0,222252
2016-04-27;0,270286;0,282206;0,225236;0,222272
2016-04-28;0,269940;0,278647;0,229156;0,222258
2016-04-29;0,265540;0,277010;0,234509;0,222942
2016-05-03;0,266429;0,276772;0,233625;0,223174
2016-05-04;0,266384;0,276701;0,233157;0,223759
2016-05-05;0,266380;0,276927;0,232858;0,223835
2016-05-06;0,265599;0,277762;0,233726;0,222912
2016-05-09;0,267991;0,278784;0,229494;0,223732
2016-05-10;0,268043;0,280640;0,228990;0,222327
2016-05-11;0,267890;0,278691;0,231122;0,222297
2016-05-12;0,266985;0,279263;0,230368;0,223384
2016-05-13;0,268910;0,277521;0,230738;0,222832
2016-05-16;0,267393;0,280352;0,230253;0,222002
2016-05-17;0,266812;0,278542;0,231839;0,222807
2016-05-18;0,265806;0,280886;0,229000;0,224308
2016-05-19;0,263953;0,280814;0,229809;0,225423
2016-05-20;0,266536;0,282109;0,227547;0,223808
2016-05-23;0,266991;0,281662;0,227424;0,223922
2016-05-24;0,266769;0,286555;0,223157;0,223519
2016-05-25;0,266966;0,287882;0,222089;0,223063
2016-05-26;0,267557;0,288578;0,220976;0,222889
2016-05-27;0,268540;0,289599;0,219200;0,222661
2016-05-31;0,269071;0,289448;0,219389;0,222092
2016-06-01;0,270784;0,288557;0,218698;0,221961
2016-06-02;0,270815;0,288628;0,218388;0,222169
2016-06-03;0,268444;0,286790;0,223461;0,221305
2016-06-06;0,270774;0,286028;0,222833;0,220364
2016-06-07;0,270339;0,286982;0,222480;0,220199
2016-06-08;0,269401;0,286323;0,225029;0,219247
2016-06-09;0,268724;0,286159;0,226141;0,218976
2016-06-10;0,268593;0,284509;0,227501;0,219397
2016-06-13;0,268660;0,281893;0,229618;0,219830
2016-06-14;0,267146;0,282804;0,230017;0,220034
2016-06-15;0,267332;0,281651;0,231326;0,219691
2016-06-16;0,267230;0,282959;0,229506;0,220304
2016-06-17;0,265522;0,281330;0,232690;0,220458
2016-06-20;0,264859;0,282791;0,231622;0,220728
2016-06-21;0,265694;0,285401;0,227674;0,221230
2016-06-22;0,266382;0,284605;0,227637;0,221376
2016-06-23;0,266126;0,287644;0,225492;0,220738
2016-06-24;0,273983;0,273605;0,234103;0,218309
2016-06-27;0,274991;0,269226;0,236561;0,219222
2016-06-28;0,275242;0,273426;0,233012;0,218321
2016-06-29;0,276110;0,275421;0,231886;0,216582
2016-06-30;0,280120;0,275332;0,230382;0,214166
2016-07-01;0,281026;0,273900;0,232420;0,212655
2016-07-05;0,282229;0,271446;0,234013;0,212312
2016-07-06;0,282173;0,272114;0,234395;0,211319
2016-07-07;0,283561;0,271907;0,233327;0,211205
2016-07-08;0,283926;0,273936;0,232682;0,209456
2016-07-11;0,285773;0,274948;0,230235;0,209044
2016-07-12;0,284184;0,278471;0,227416;0,209928
2016-07-13;0,284139;0,277754;0,228721;0,209386
2016-07-14;0,283294;0,279852;0,227199;0,209656
2016-07-15;0,284496;0,279525;0,226428;0,209551
2016-07-18;0,283361;0,280964;0,226440;0,209235
2016-07-19;0,285020;0,279850;0,226217;0,208913
2016-07-20;0,285857;0,282979;0,222637;0,208527
2016-07-21;0,284385;0,281345;0,225854;0,208415
2016-07-22;0,286042;0,282393;0,223607;0,207959
2016-07-25;0,285590;0,282922;0,222913;0,208575
2016-07-26;0,285414;0,283017;0,223379;0,208190
2016-07-27;0,284159;0,283452;0,225545;0,206843
2016-07-28;0,283774;0,284080;0,225025;0,207121
2016-07-29;0,282418;0,284330;0,226662;0,206590
2016-08-01;0,283313;0,284119;0,226576;0,205992
2016-08-02;0,279609;0,283511;0,229725;0,207155
2016-08-03;0,279356;0,284636;0,228793;0,207214
2016-08-04;0,282554;0,284159;0,227531;0,205756
2016-08-05;0,285544;0,286204;0,222997;0,205255
2016-08-08;0,286074;0,286024;0,222732;0,205170
2016-08-09;0,287500;0,285471;0,222690;0,204338
2016-08-10;0,286973;0,284723;0,223850;0,204454
2016-08-11;0,288993;0,285152;0,221831;0,204024
2016-08-12;0,289708;0,284960;0,221229;0,204103
2016-08-15;0,290793;0,285011;0,221050;0,203147
2016-08-16;0,288373;0,284233;0,223293;0,204102
2016-08-17;0,286811;0,284784;0,223821;0,204584
2016-08-18;0,285729;0,284858;0,224818;0,204595
2016-08-19;0,286910;0,285271;0,223103;0,204716
2016-08-22;0,285621;0,285925;0,223268;0,205186
2016-08-23;0,286085;0,286427;0,222682;0,204806
2016-08-24;0,285870;0,286451;0,221677;0,206002
2016-08-25;0,285870;0,286973;0,221263;0,205894
2016-08-26;0,286553;0,286911;0,220773;0,205762
2016-08-30;0,287263;0,287309;0,219423;0,206005
2016-08-31;0,286455;0,287623;0,219341;0,206581
2016-09-01;0,283139;0,289157;0,220681;0,207022
2016-09-02;0,284333;0,288512;0,221465;0,205689
2016-09-06;0,281460;0,288939;0,224646;0,204955
2016-09-07;0,282997;0,289120;0,223360;0,204523
2016-09-08;0,284587;0,287622;0,222651;0,205140
2016-09-09;0,285043;0,283650;0,223871;0,207436
2016-09-12;0,281277;0,288241;0,223238;0,207245
2016-09-13;0,282688;0,286964;0,222469;0,207878
2016-09-14;0,282328;0,287640;0,222644;0,207388
2016-09-15;0,282154;0,291020;0,220397;0,206429
2016-09-16;0,283041;0,290236;0,220091;0,206632
2016-09-19;0,285328;0,288911;0,219679;0,206082
2016-09-20;0,286552;0,288167;0,219599;0,205682
2016-09-21;0,285602;0,289219;0,221044;0,204135
2016-09-22;0,285995;0,289808;0,220839;0,203357
2016-09-23;0,288173;0,287345;0,221070;0,203412
2016-09-26;0,286308;0,287221;0,221941;0,204530
2016-09-27;0,285657;0,289943;0,220226;0,204174
2016-09-28;0,285943;0,290430;0,219493;0,204133
2016-09-29;0,287947;0,288780;0,219061;0,204211
2016-09-30;0,287389;0,290170;0,218276;0,204165
2016-10-03;0,289998;0,288832;0,217393;0,203777
2016-10-04;0,294168;0,289453;0,211388;0,204991
2016-10-05;0,293751;0,290377;0,210960;0,204911
2016-10-06;0,295129;0,291129;0,208774;0,204968
2016-10-07;0,298375;0,289253;0,208167;0,204204
2016-10-10;0,299588;0,289643;0,207697;0,203072
2016-10-11;0,300750;0,287615;0,207733;0,203902
2016-10-12;0,300509;0,287910;0,207768;0,203812
2016-10-13;0,299438;0,287083;0,209005;0,204474
2016-10-14;0,301339;0,287442;0,207268;0,203951
2016-10-17;0,300313;0,287293;0,208116;0,204278
2016-10-18;0,299058;0,288245;0,208865;0,203833
2016-10-19;0,299433;0,287829;0,209539;0,203199
2016-10-20;0,300132;0,287128;0,209141;0,203600
2016-10-21;0,300213;0,287417;0,209122;0,203248
2016-10-24;0,300670;0,289073;0,207798;0,202459
2016-10-25;0,300725;0,287816;0,209164;0,202295
2016-10-26;0,300044;0,287540;0,209123;0,203293
2016-10-27;0,300692;0,286938;0,209291;0,203079
2016-10-28;0,300880;0,286244;0,210030;0,202846
2016-10-31;0,299131;0,286660;0,210938;0,203271
2016-11-01;0,297691;0,285305;0,212975;0,204030
2016-11-02;0,295699;0,284381;0,215200;0,204720
2016-11-03;0,293174;0,283285;0,217671;0,205870
2016-11-04;0,291685;0,283500;0,218387;0,206428
2016-11-07;0,294972;0,287374;0,212884;0,204769
2016-11-08;0,295924;0,288147;0,211560;0,204369
2016-11-09;0,295624;0,288161;0,211667;0,204548
2016-11-10;0,297315;0,285993;0,210371;0,206321
2016-11-11;0,296737;0,288701;0,207003;0,207560
2016-11-14;0,300697;0,285165;0,205867;0,208272
2016-11-15;0,300542;0,286866;0,205951;0,206641
2016-11-16;0,299563;0,289110;0,204972;0,206356
2016-11-17;0,299866;0,290403;0,203718;0,206012
2016-11-18;0,302106;0,290141;0,201797;0,205955
2016-11-21;0,299428;0,292628;0,202351;0,205592
2016-11-22;0,300266;0,292884;0,201722;0,205128
2016-11-23;0,301565;0,293408;0,198714;0,206312
2016-11-25;0,302345;0,294210;0,197386;0,206059
2016-11-28;0,301574;0,293746;0,199162;0,205518
2016-11-29;0,300984;0,294539;0,198533;0,205944
2016-11-30;0,303073;0,292729;0,197063;0,207135
2016-12-01;0,302602;0,289498;0,198640;0,209260
2016-12-02;0,300491;0,290646;0,199584;0,209279
2016-12-05;0,300799;0,292589;0,197945;0,208667
2016-12-06;0,300709;0,293112;0,197712;0,208467
2016-12-07;0,302113;0,295511;0,196128;0,206247
2016-12-08;0,304805;0,294941;0,194917;0,205337
2016-12-09;0,305184;0,296816;0,192844;0,205156
2016-12-12;0,303994;0,296596;0,193817;0,205593
2016-12-13;0,304270;0,298810;0,192321;0,204599
2016-12-14;0,304856;0,299155;0,190442;0,205547
2016-12-15;0,308871;0,299228;0,187223;0,204678
2016-12-16;0,307703;0,298147;0,188771;0,205379
2016-12-19;0,308145;0,298709;0,188806;0,204339
2016-12-20;0,309880;0,299196;0,187047;0,203878
2016-12-21;0,309675;0,298845;0,187381;0,204099
2016-12-22;0,310447;0,298482;0,186848;0,204223
2016-12-23;0,310939;0,298145;0,187133;0,203784
2016-12-28;0,311522;0,296379;0,188484;0,203615
2016-12-29;0,309804;0,296028;0,190792;0,203376
2016-12-30;0,310364;0,294945;0,190555;0,204135
2017-01-03;0,310017;0,295963;0,190896;0,203123
2017-01-04;0,310611;0,295930;0,191064;0,202395
2017-01-05;0,308137;0,296044;0,193720;0,202099
2017-01-06;0,310105;0,297002;0,191574;0,201319
2017-01-09;0,312151;0,295506;0,191997;0,200346
2017-01-10;0,312062;0,295163;0,192746;0,200029
2017-01-11;0,311689;0,295943;0,192697;0,199671
2017-01-12;0,309996;0,295900;0,193978;0,200126
2017-01-13;0,311567;0,295448;0,193768;0,199217
2017-01-17;0,307077;0,295570;0,197288;0,200065
2017-01-18;0,308239;0,296329;0,195423;0,200009
2017-01-19;0,308070;0,296234;0,195468;0,200228
2017-01-20;0,307725;0,297068;0,195460;0,199747
2017-01-23;0,303944;0,298438;0,197357;0,200262
2017-01-24;0,304048;0,299812;0,196199;0,199941
2017-01-25;0,304531;0,301863;0,194159;0,199446
2017-01-26;0,305710;0,301737;0,192595;0,199959
2017-01-27;0,305620;0,302341;0,192556;0,199483
2017-01-30;0,304217;0,301089;0,194333;0,200362
2017-01-31;0,303152;0,299625;0,196884;0,200339
2017-02-01;0,302025;0,301616;0,196194;0,200165
2017-02-02;0,304187;0,299908;0,196478;0,199427
2017-02-03;0,305321;0,300262;0,196098;0,198319
2017-02-06;0,304398;0,299572;0,198196;0,197833
2017-02-07;0,303727;0,300749;0,197694;0,197830
2017-02-08;0,302429;0,301108;0,198746;0,197717
2017-02-09;0,303764;0,301642;0,197146;0,197448
2017-02-10;0,304398;0,301671;0,197085;0,196846
2017-02-13;0,305484;0,302538;0,195446;0,196532
2017-02-14;0,305375;0,303057;0,195303;0,196265
2017-02-15;0,306292;0,302876;0,195370;0,195462
2017-02-16;0,305376;0,303239;0,196139;0,195245
2017-02-17;0,306071;0,303794;0,195164;0,194970
2017-02-21;0,306037;0,304638;0,194862;0,194463
2017-02-22;0,306165;0,304705;0,194847;0,194284
2017-02-23;0,303962;0,304777;0,196894;0,194367
2017-02-24;0,303908;0,304763;0,197415;0,193914
2017-02-27;0,305090;0,304505;0,196545;0,193861
2017-02-28;0,306215;0,303161;0,196612;0,194012
2017-03-01;0,308784;0,304461;0,194703;0,192052
2017-03-02;0,310159;0,303801;0,193133;0,192907
2017-03-03;0,309898;0,304355;0,192884;0,192863
2017-03-06;0,310206;0,304517;0,191977;0,193300
2017-03-07;0,311305;0,304716;0,190637;0,193342
2017-03-08;0,312276;0,305055;0,189331;0,193338
2017-03-09;0,312263;0,305463;0,188642;0,193633
2017-03-10;0,312651;0,306024;0,188317;0,193008
2017-03-13;0,311623;0,306661;0,188531;0,193185
2017-03-14;0,312317;0,306330;0,187940;0,193413
2017-03-15;0,310758;0,306710;0,190143;0,192390
2017-03-16;0,309501;0,306841;0,191251;0,192406
2017-03-17;0,308910;0,307400;0,191348;0,192341
2017-03-20;0,308864;0,307240;0,191878;0,192018
2017-03-21;0,306118;0,305132;0,195179;0,193571
2017-03-22;0,304344;0,306697;0,195608;0,193351
2017-03-23;0,305263;0,306072;0,195239;0,193426
2017-03-24;0,305391;0,305983;0,195359;0,193266
2017-03-27;0,302777;0,306632;0,196915;0,193676
2017-03-28;0,304657;0,307320;0,195299;0,192724
2017-03-29;0,306235;0,306697;0,195059;0,192009
2017-03-30;0,306245;0,307730;0,193730;0,192295
2017-03-31;0,305139;0,307630;0,194679;0,192551
2017-04-03;0,304305;0,307401;0,195689;0,192605
2017-04-04;0,305038;0,307063;0,195651;0,192249
2017-04-05;0,305657;0,306010;0,195950;0,192383
2017-04-06;0,305154;0,306621;0,195493;0,192731
2017-04-07;0,306100;0,305892;0,195625;0,192382
2017-04-10;0,306361;0,305455;0,195714;0,192470
2017-04-11;0,303654;0,304838;0,198656;0,192852
2017-04-12;0,303603;0,303585;0,200139;0,192674
2017-04-13;0,303154;0,302653;0,201298;0,192895
2017-04-18;0,297978;0,306353;0,202110;0,193559
2017-04-19;0,298075;0,306892;0,200986;0,194046
2017-04-20;0,297235;0,308682;0,200663;0,193420
2017-04-21;0,297917;0,307740;0,201114;0,193228
2017-04-24;0,300242;0,309340;0,198501;0,191917
2017-04-25;0,300870;0,310889;0,196362;0,191879
2017-04-26;0,301262;0,310074;0,197033;0,191631
2017-04-27;0,298941;0,312114;0,196878;0,192067
2017-04-28;0,298162;0,312654;0,197196;0,191988
2017-05-02;0,298677;0,314924;0,194938;0,191461
2017-05-03;0,299718;0,315446;0,192707;0,192128
2017-05-04;0,300960;0,315543;0,191127;0,192369
2017-05-05;0,300493;0,316331;0,191069;0,192106
2017-05-08;0,300474;0,317223;0,190452;0,191852
2017-05-09;0,300947;0,317740;0,189391;0,191922
2017-05-10;0,300466;0,318524;0,189301;0,191709
2017-05-11;0,300639;0,318006;0,189715;0,191639
2017-05-12;0,300865;0,318067;0,189917;0,191151
2017-05-15;0,300716;0,318789;0,189932;0,190563
2017-05-16;0,300610;0,319350;0,190025;0,190015
2017-05-17;0,299612;0,313323;0,195370;0,191695
2017-05-18;0,297818;0,315865;0,194193;0,192124
2017-05-19;0,298353;0,316217;0,194247;0,191182
2017-05-22;0,298638;0,317159;0,193926;0,190278
2017-05-23;0,299279;0,317687;0,192781;0,190253
2017-05-24;0,299501;0,317957;0,192950;0,189591
2017-05-25;0,299610;0,319197;0,192170;0,189022
2017-05-26;0,301613;0,317453;0,192803;0,188131
2017-05-30;0,300002;0,319321;0,192324;0,188353
2017-05-31;0,299259;0,318950;0,193357;0,188434
2017-06-01;0,299841;0,319011;0,193074;0,188074
2017-06-02;0,300448;0,319763;0,193026;0,186763
2017-06-05;0,299515;0,320179;0,193423;0,186883
2017-06-06;0,299164;0,319021;0,195290;0,186525
2017-06-07;0,297770;0,320596;0,194695;0,186939
2017-06-08;0,298291;0,321418;0,193338;0,186953
2017-06-09;0,305254;0,314611;0,192463;0,187673
2017-06-12;0,305814;0,313574;0,192491;0,188122
2017-06-13;0,304935;0,315041;0,192328;0,187696
2017-06-14;0,305254;0,314586;0,191871;0,188289
2017-06-15;0,304658;0,314442;0,191851;0,189050
2017-06-16;0,304773;0,314050;0,191948;0,189229
2017-06-19;0,306417;0,316506;0,189199;0,187878
2017-06-20;0,308412;0,314429;0,189003;0,188155
2017-06-21;0,306290;0,316115;0,189438;0,188157
2017-06-22;0,306495;0,315705;0,189914;0,187887
2017-06-23;0,304512;0,317342;0,190500;0,187646
2017-06-26;0,306032;0,316611;0,189182;0,188176
2017-06-27;0,306402;0,313162;0,191201;0,189235
2017-06-28;0,303087;0,316699;0,191127;0,189087
2017-06-29;0,303192;0,314052;0,191867;0,190888
2017-06-30;0,302636;0,314271;0,191855;0,191238
2017-07-03;0,306395;0,312890;0,188965;0,191750
2017-07-05;0,304801;0,314894;0,189267;0,191037
2017-07-06;0,304363;0,313643;0,189925;0,192070
2017-07-07;0,305023;0,316203;0,187353;0,191420
2017-07-10;0,304951;0,317339;0,186989;0,190721
2017-07-11;0,304533;0,317757;0,187151;0,190559
2017-07-12;0,304903;0,319537;0,186426;0,189133
2017-07-13;0,304312;0,320293;0,186185;0,189210
2017-07-14;0,301174;0,322500;0,187406;0,188921
2017-07-17;0,302176;0,321722;0,187712;0,188391
2017-07-18;0,301386;0,322221;0,188568;0,187825
2017-07-19;0,301705;0,323099;0,187812;0,187385
2017-07-20;0,302942;0,322743;0,187527;0,186788
2017-07-21;0,302292;0,322034;0,189068;0,186605
2017-07-24;0,300563;0,323110;0,189553;0,186774
2017-07-25;0,301973;0,322490;0,188766;0,186772
2017-07-26;0,300890;0,322982;0,189743;0,186385
2017-07-27;0,301241;0,322211;0,189857;0,186692
2017-07-28;0,299401;0,322173;0,191602;0,186824
2017-07-31;0,299301;0,321296;0,192174;0,187228
2017-08-01;0,299012;0,322360;0,191680;0,186949
2017-08-02;0,298478;0,323360;0,191113;0,187049
2017-08-03;0,300178;0,321968;0,191190;0,186665
2017-08-04;0,302135;0,322107;0,189434;0,186324
2017-08-07;0,301919;0,323330;0,188848;0,185902
2017-08-08;0,303184;0,322361;0,188854;0,185601
2017-08-09;0,300479;0,322512;0,191224;0,185785
2017-08-10;0,300940;0,318129;0,193987;0,186944
2017-08-11;0,298856;0,319893;0,194514;0,186737
2017-08-14;0,299931;0,322814;0,191810;0,185446
2017-08-15;0,301795;0,322851;0,190135;0,185220
2017-08-16;0,301732;0,322688;0,191034;0,184546
2017-08-17;0,302047;0,318671;0,193357;0,185926
2017-08-18;0,301327;0,318978;0,193434;0,186260
2017-08-21;0,299956;0,319239;0,194286;0,186519
2017-08-22;0,301128;0,321609;0,192078;0,185185
2017-08-23;0,302071;0,320470;0,192483;0,184977
2017-08-24;0,301772;0,320742;0,192191;0,185294
2017-08-25;0,300949;0,320680;0,193120;0,185250
2017-08-29;0,298098;0,321912;0,195142;0,184849
2017-08-30;0,298302;0,323074;0,194440;0,184184
2017-08-31;0,299016;0,322774;0,195253;0,182958
2017-09-01;0,298337;0,322721;0,195847;0,183095
2017-09-05;0,296759;0,320944;0,198665;0,183632
2017-09-06;0,296277;0,321700;0,198036;0,183987
2017-09-07;0,295602;0,321691;0,199354;0,183353
2017-09-08;0,295327;0,320465;0,200082;0,184125
2017-09-11;0,296432;0,323752;0,196394;0,183422
2017-09-12;0,295239;0,324397;0,196933;0,183431
2017-09-13;0,296539;0,324199;0,195694;0,183568
2017-09-14;0,293983;0,324443;0,197282;0,184292
2017-09-15;0,291015;0,326954;0,197069;0,184963
2017-09-18;0,293336;0,326963;0,194891;0,184810
2017-09-19;0,292807;0,327731;0,194953;0,184509
2017-09-20;0,293351;0,327481;0,194047;0,185121
2017-09-21;0,293929;0,326903;0,193362;0,185806
2017-09-22;0,293990;0,326533;0,193977;0,185500
2017-09-25;0,294528;0,323274;0,196358;0,185840
2017-09-26;0,295430;0,324496;0,194206;0,185868
2017-09-27;0,295713;0,327073;0,191756;0,185458
2017-09-28;0,295417;0,327221;0,192081;0,185281
2017-09-29;0,296358;0,328297;0,190633;0,184712
2017-10-02;0,299248;0,327931;0,188587;0,184234
2017-10-03;0,299835;0,327996;0,188333;0,183836
2017-10-04;0,299748;0,327722;0,188765;0,183766
2017-10-05;0,301729;0,328872;0,186705;0,182695
2017-10-06;0,302535;0,328412;0,186927;0,182125
2017-10-09;0,300794;0,328876;0,188402;0,181927
2017-10-10;0,299551;0,329348;0,189095;0,182007
2017-10-11;0,299628;0,329604;0,189224;0,181544
2017-10-12;0,300570;0,328690;0,189169;0,181572
2017-10-13;0,298129;0,329889;0,190621;0,181361
2017-10-16;0,298565;0,330981;0,189192;0,181262
2017-10-17;0,300214;0,330830;0,187738;0,181219
2017-10-18;0,300462;0,331502;0,186897;0,181139
2017-10-19;0,299807;0,330720;0,188225;0,181248
2017-10-20;0,300173;0,332350;0,186518;0,180959
2017-10-23;0,300973;0,330944;0,187070;0,181013
2017-10-24;0,301634;0,331511;0,185959;0,180897
2017-10-25;0,298569;0,331872;0,187479;0,182079
2017-10-26;0,300877;0,332291;0,185272;0,181561
2017-10-27;0,299383;0,337284;0,183876;0,179456
2017-10-30;0,297530;0,338370;0,184508;0,179593
2017-10-31;0,296938;0,339754;0,183715;0,179593
2017-11-01;0,297504;0,339208;0,183992;0,179296
2017-11-02;0,300269;0,337831;0,183457;0,178443
2017-11-03;0,299760;0,339893;0,182228;0,178119
2017-11-06;0,298608;0,340095;0,183425;0,177872
2017-11-07;0,298495;0,340595;0,182862;0,178049
2017-11-08;0,298472;0,341205;0,182931;0,177392
2017-11-09;0,297864;0,339827;0,184252;0,178056
2017-11-10;0,296570;0,341087;0,183587;0,178755
2017-11-13;0,297907;0,340239;0,183487;0,178367
2017-11-14;0,297482;0,339868;0,184112;0,178538
2017-11-15;0,297155;0,338936;0,184529;0,179380
2017-11-16;0,296381;0,341660;0,183594;0,178365
2017-11-17;0,295871;0,339779;0,185859;0,178492
2017-11-20;0,295931;0,341482;0,183839;0,178748
2017-11-21;0,296267;0,342997;0,183027;0,177708
2017-11-22;0,295142;0,342347;0,184808;0,177703
2017-11-24;0,294999;0,343711;0,183914;0,177376
2017-11-27;0,294264;0,343634;0,184764;0,177337
2017-11-28;0,296255;0,343271;0,183822;0,176652
2017-11-29;0,296313;0,339911;0,184939;0,178837
2017-11-30;0,295708;0,342479;0,183205;0,178607
2017-12-01;0,294210;0,341924;0,184610;0,179256
2017-12-04;0,298638;0,337151;0,184552;0,179658
2017-12-05;0,298812;0,337838;0,183363;0,179987
2017-12-06;0,297999;0,339503;0,182794;0,179704
2017-12-07;0,297925;0,341782;0,180478;0,179815
2017-12-08;0,298861;0,342145;0,179818;0,179177
2017-12-11;0,299257;0,343835;0,178410;0,178498
2017-12-12;0,300423;0,343053;0,178358;0,178167
2017-12-13;0,299636;0,342772;0,179646;0,177947
2017-12-14;0,298356;0,343316;0,179857;0,178471
2017-12-15;0,299029;0,344818;0,178903;0,177250
2017-12-18;0,298517;0,346236;0,178805;0,176441
2017-12-19;0,299419;0,344638;0,179228;0,176715
2017-12-20;0,297916;0,345104;0,179970;0,177009
2017-12-21;0,299470;0,343771;0,180079;0,176680
2017-12-22;0,298824;0,343453;0,181058;0,176665
2017-12-27;0,298972;0,341452;0,182935;0,176640
2017-12-28;0,297859;0,341863;0,183728;0,176550
2017-12-29;0,298153;0,340307;0,184898;0,176642
2018-01-02;0,294790;0,342942;0,186410;0,175857
2018-01-03;0,296431;0,343800;0,184892;0,174877
2018-01-04;0,296969;0,343915;0,185042;0,174074
2018-01-05;0,296470;0,346141;0,184012;0,173378
2018-01-08;0,296409;0,346823;0,183682;0,173086
2018-01-09;0,298507;0,345768;0,182724;0,173001
2018-01-10;0,298075;0,345158;0,183471;0,173297
2018-01-11;0,297938;0,345735;0,183464;0,172862
2018-01-12;0,296236;0,346367;0,185174;0,172223
2018-01-16;0,296520;0,345560;0,185465;0,172456
2018-01-17;0,294141;0,349982;0,183762;0,172115
2018-01-18;0,293229;0,350891;0,183625;0,172255
2018-01-19;0,294397;0,350426;0,183460;0,171716
2018-01-22;0,292379;0,352918;0,183414;0,171289
2018-01-23;0,292849;0,352958;0,183632;0,170561
2018-01-24;0,289737;0,351917;0,186948;0,171397
2018-01-25;0,289711;0,352400;0,185953;0,171935
2018-01-26;0,290275;0,354680;0,184662;0,170383
2018-01-29;0,292892;0,352413;0,183883;0,170813
2018-01-30;0,291187;0,352000;0,184624;0,172189
2018-01-31;0,288406;0,354058;0,185613;0,171923
2018-02-01;0,287447;0,354337;0,186315;0,171901
2018-02-02;0,290642;0,348619;0,186429;0,174310
2018-02-05;0,293006;0,339566;0,190254;0,177174
2018-02-06;0,283662;0,350269;0,188395;0,177674
2018-02-07;0,291609;0,344594;0,186713;0,177084
2018-02-08;0,289922;0,337708;0,191344;0,181026
2018-02-09;0,285377;0,344314;0,190118;0,180191
2018-02-12;0,287476;0,346106;0,188482;0,177936
2018-02-13;0,285723;0,346820;0,189594;0,177863
2018-02-14;0,284445;0,349109;0,190636;0,175810
2018-02-15;0,283222;0,353011;0,189303;0,174465
2018-02-16;0,286214;0,351549;0,188218;0,174020
2018-02-20;0,286718;0,352752;0,186071;0,174459
2018-02-21;0,288456;0,351192;0,185564;0,174787
2018-02-22;0,287708;0,351190;0,186507;0,174595
2018-02-23;0,284903;0,356401;0,185105;0,173592
2018-02-26;0,286209;0,358399;0,183558;0,171834
2018-02-27;0,288255;0,356557;0,182457;0,172732
2018-02-28;0,288840;0,354908;0,183064;0,173188
2018-03-01;0,288590;0,352341;0,184219;0,174851
2018-03-02;0,283824;0,355957;0,185226;0,174994
2018-03-05;0,284470;0,357595;0,183910;0,174025
2018-03-06;0,284371;0,357023;0,185240;0,173366
2018-03-07;0,284023;0,358838;0,183853;0,173286
2018-03-08;0,285886;0,358834;0,182765;0,172514
2018-03-09;0,285185;0,362446;0,181318;0,171051
2018-03-12;0,285648;0,362758;0,180910;0,170684
2018-03-13;0,284567;0,361030;0,182564;0,171839
2018-03-14;0,284079;0,361195;0,182661;0,172065
2018-03-15;0,284609;0,361619;0,181621;0,172150
2018-03-16;0,284905;0,361484;0,181310;0,172301
2018-03-19;0,282602;0,358838;0,184060;0,174500
2018-03-20;0,283866;0,358574;0,183132;0,174429
2018-03-21;0,283063;0,356278;0,186261;0,174398
2018-03-22;0,282386;0,352276;0,188311;0,177028
2018-03-23;0,280977;0,346804;0,193150;0,179069
2018-03-26;0,274412;0,356297;0,192067;0,177224
2018-03-27;0,282716;0,346933;0,192027;0,178324
2018-03-28;0,281521;0,347605;0,190988;0,179886
2018-03-29;0,282528;0,350612;0,188901;0,177959
2018-04-03;0,281179;0,348279;0,191247;0,179295
2018-04-04;0,279457;0,351444;0,190626;0,178473
2018-04-05;0,285109;0,349919;0,187985;0,176987
2018-04-06;0,283975;0,345528;0,191338;0,179159
2018-04-09;0,283052;0,347139;0,191188;0,178620
2018-04-10;0,281527;0,351967;0,189776;0,176731
2018-04-11;0,280878;0,350554;0,191464;0,177104
2018-04-12;0,280663;0,353889;0,188782;0,176666
2018-04-13;0,280089;0,352924;0,190218;0,176769
2018-04-16;0,278973;0,354688;0,190004;0,176335
2018-04-17;0,279450;0,357692;0,188268;0,174589
2018-04-18;0,281552;0,356183;0,187970;0,174295
2018-04-19;0,281909;0,354065;0,188794;0,175232
2018-04-20;0,284624;0,351023;0,188186;0,176167
2018-04-23;0,287217;0,349823;0,186757;0,176203
2018-04-24;0,287861;0,345865;0,188954;0,177320
2018-04-25;0,286073;0,347472;0,188319;0,178136
2018-04-26;0,286360;0,350829;0,186151;0,176661
2018-04-27;0,289084;0,348725;0,186251;0,175940
2018-04-30;0,290863;0,347348;0,185412;0,176378
2018-05-01;0,289642;0,350800;0,183618;0,175940
2018-05-02;0,291018;0,349924;0,183353;0,175705
2018-05-03;0,288269;0,351248;0,184511;0,175972
2018-05-04;0,289791;0,353601;0,182720;0,173888
2018-05-08;0,289875;0,355170;0,181863;0,173091
2018-05-09;0,288389;0,358234;0,180915;0,172462
2018-05-10;0,290337;0,359047;0,179987;0,170630
2018-05-11;0,290694;0,358756;0,179815;0,170735
2018-05-14;0,290950;0,358889;0,179338;0,170823
2018-05-15;0,292148;0,358100;0,177642;0,172111
2018-05-16;0,292071;0,358993;0,177148;0,171789
2018-05-17;0,293517;0,357415;0,177144;0,171924
2018-05-18;0,293336;0,356610;0,177776;0,172278
2018-05-21;0,294303;0,357580;0,176862;0,171255
2018-05-22;0,295050;0,357019;0,176697;0,171233
2018-05-23;0,292974;0,359284;0,176663;0,171080
2018-05-24;0,292163;0,358751;0,178026;0,171060
2018-05-25;0,293239;0,358286;0,177496;0,170979
2018-05-29;0,292197;0,357847;0,178250;0,171705
2018-05-30;0,292227;0,359066;0,177694;0,171014
2018-05-31;0,292210;0,359323;0,177343;0,171125
2018-06-01;0,290836;0,363368;0,175630;0,170165
2018-06-04;0,291868;0,364388;0,174440;0,169304
2018-06-05;0,290420;0,365387;0,175014;0,169178
2018-06-06;0,290082;0,366726;0,174515;0,168677
2018-06-07;0,291281;0,364673;0,174940;0,169106
2018-06-08;0,291341;0,364182;0,175278;0,169199
2018-06-11;0,292843;0,363526;0,174907;0,168724
2018-06-12;0,292042;0,365087;0,174245;0,168626
2018-06-13;0,293151;0,363328;0,174861;0,168660
2018-06-14;0,292257;0,364795;0,174747;0,168201
2018-06-15;0,292906;0,365303;0,172710;0,169081
2018-06-18;0,293189;0,365581;0,172227;0,169003
2018-06-19;0,293557;0,364678;0,172269;0,169496
2018-06-20;0,294117;0,365132;0,171419;0,169333
2018-06-21;0,293091;0,364510;0,172027;0,170372
2018-06-22;0,294208;0,363134;0,172359;0,170299
2018-06-25;0,293069;0,360287;0,174060;0,172584
2018-06-26;0,293930;0,361081;0,172740;0,172249
2018-06-27;0,297544;0,357312;0,172297;0,172848
2018-06-28;0,295418;0,360754;0,171425;0,172403
2018-06-29;0,296249;0,359867;0,171792;0,172092
2018-07-02;0,294151;0,363402;0,170228;0,172220
2018-07-03;0,295879;0,359590;0,172037;0,172494
2018-07-05;0,293811;0,362832;0,171736;0,171620
2018-07-06;0,293798;0,365014;0,170491;0,170697
2018-07-09;0,295078;0,365465;0,169837;0,169619
2018-07-10;0,295098;0,366009;0,169406;0,169488
2018-07-11;0,295084;0,366354;0,168250;0,170312
2018-07-12;0,294171;0,369223;0,167631;0,168975
2018-07-13;0,295358;0,368765;0,166906;0,168970
2018-07-16;0,294923;0,368497;0,167317;0,169263
2018-07-17;0,296200;0,370164;0,164868;0,168769
2018-07-18;0,298760;0,368520;0,164406;0,168314
2018-07-19;0,299830;0,367616;0,164032;0,168522
2018-07-20;0,298160;0,367944;0,165252;0,168644
2018-07-23;0,297414;0,369677;0,164349;0,168560
2018-07-24;0,297953;0,370331;0,163741;0,167974
2018-07-25;0,295805;0,373147;0,163913;0,167136
2018-07-26;0,299347;0,369218;0,163462;0,167973
2018-07-27;0,301458;0,365082;0,164442;0,169018
2018-07-30;0,301680;0,362311;0,165637;0,170372
2018-07-31;0,302030;0,362431;0,165530;0,170010
2018-08-01;0,300987;0,365122;0,164142;0,169749
2018-08-02;0,300367;0,368133;0,162459;0,169042
2018-08-03;0,300886;0,368116;0,162569;0,168430
2018-08-06;0,302049;0,368865;0,161195;0,167891
2018-08-07;0,302794;0,368979;0,160907;0,167320
2018-08-08;0,303383;0,368929;0,160863;0,166825
2018-08-09;0,303615;0,368941;0,160664;0,166780
2018-08-10;0,303459;0,367681;0,161270;0,167590
2018-08-13;0,303943;0,368354;0,159558;0,168145
2018-08-14;0,303853;0,369414;0,159175;0,167559
2018-08-15;0,303741;0,369293;0,157905;0,169061
2018-08-16;0,305357;0,369270;0,157063;0,168310
2018-08-17;0,304581;0,369266;0,158079;0,168073
2018-08-20;0,305222;0,368223;0,158704;0,167851
2018-08-21;0,304088;0,368803;0,159250;0,167858
2018-08-22;0,303449;0,369516;0,159357;0,167678
2018-08-23;0,303997;0,370311;0,157963;0,167728
2018-08-24;0,302772;0,371300;0,159428;0,166500
2018-08-28;0,303603;0,373020;0,157890;0,165486
2018-08-29;0,301091;0,375575;0,158229;0,165106
2018-08-30;0,300846;0,375581;0,157890;0,165683
2018-08-31;0,300155;0,376174;0,157876;0,165795
2018-09-04;0,302208;0,374764;0,157204;0,165824
2018-09-05;0,301146;0,372939;0,158831;0,167084
2018-09-06;0,300468;0,371791;0,159917;0,167825
2018-09-07;0,300996;0,371269;0,159539;0,168196
2018-09-10;0,299917;0,372387;0,159521;0,168176
2018-09-11;0,299121;0,374135;0,159190;0,167554
2018-09-12;0,299766;0,372472;0,160255;0,167507
2018-09-13;0,298068;0,375709;0,159219;0,167003
2018-09-14;0,299539;0,375216;0,158309;0,166935
2018-09-17;0,299636;0,372649;0,159779;0,167936
2018-09-18;0,299698;0,373794;0,159120;0,167389
2018-09-19;0,300206;0,372782;0,159649;0,167363
2018-09-20;0,298783;0,375281;0,159388;0,166548
2018-09-21;0,302833;0,373014;0,157954;0,166199
2018-09-24;0,300420;0,375156;0,158077;0,166347
2018-09-25;0,300672;0,374591;0,158441;0,166296
2018-09-26;0,301239;0,374152;0,157884;0,166724
2018-09-27;0,301804;0,375516;0,156293;0,166387
2018-09-28;0,301356;0,375886;0,156826;0,165932
2018-10-01;0,301606;0,376794;0,156046;0,165553
2018-10-02;0,301122;0,376111;0,157519;0,165249
2018-10-03;0,301021;0,376913;0,156967;0,165100
2018-10-04;0,300298;0,374189;0,158558;0,166955
2018-10-05;0,299265;0,372223;0,160295;0,168217
2018-10-08;0,300111;0,370834;0,159556;0,169500
2018-10-09;0,299667;0,371478;0,159684;0,169171
2018-10-10;0,300428;0,362239;0,163929;0,173403
2018-10-11;0,295109;0,360659;0,169353;0,174879
2018-10-12;0,292561;0,367834;0,166786;0,172819
2018-10-15;0,294944;0,363161;0,168412;0,173483
2018-10-16;0,292848;0,369473;0,166326;0,171353
2018-10-17;0,294448;0,368048;0,166025;0,171480
2018-10-18;0,296184;0,363444;0,167653;0,172720
2018-10-19;0,296752;0,363065;0,167550;0,172633
2018-10-22;0,295450;0,365390;0,166811;0,172348
2018-10-23;0,291785;0,366095;0,168776;0,173344
2018-10-24;0,296788;0,355299;0,171772;0,176141
2018-10-25;0,294485;0,362489;0,169277;0,173749
2018-10-26;0,292968;0,359540;0,171619;0,175873
2018-10-29;0,297063;0,354759;0,171663;0,176515
2018-10-30;0,296894;0,357170;0,170189;0,175746
2018-10-31;0,297753;0,361291;0,167293;0,173663
2018-11-01;0,293490;0,364406;0,168930;0,173174
2018-11-02;0,295848;0,359718;0,170080;0,174354
2018-11-05;0,295402;0,359904;0,170053;0,174641
2018-11-06;0,294848;0,361656;0,169098;0,174398
2018-11-07;0,293856;0,367261;0,166818;0,172066
2018-11-08;0,295469;0,366485;0,166180;0,171866
2018-11-09;0,297502;0,363231;0,165890;0,173378
2018-11-12;0,300666;0,356004;0,167218;0,176113
2018-11-13;0,298979;0,357060;0,167515;0,176445
2018-11-14;0,297912;0,354753;0,169919;0,177416
2018-11-15;0,298308;0,358790;0,167796;0,175107
2018-11-16;0,298813;0,357650;0,168686;0,174851
2018-11-19;0,300951;0,349559;0,171843;0,177648
2018-11-20;0,299953;0,346310;0,173836;0,179901
2018-11-21;0,301556;0,346551;0,173135;0,178758
2018-11-23;0,300629;0,345629;0,173819;0,179923
2018-11-26;0,299862;0,349914;0,172081;0,178143
2018-11-27;0,301187;0,350185;0,170700;0,177928
2018-11-28;0,298341;0,357198;0,169093;0,175368
2018-11-29;0,301371;0,353722;0,169523;0,175384
2018-11-30;0,300517;0,355946;0,168693;0,174843
2018-12-03;0,301602;0,358624;0,167427;0,172347
2018-12-04;0,304196;0,349987;0,170980;0,174837
2018-12-06;0,293508;0,355814;0,173290;0,177388
2018-12-07;0,299173;0,345936;0,176107;0,178784
2018-12-10;0,296659;0,349865;0,175099;0,178377
2018-12-11;0,300692;0,348155;0,173885;0,177269
2018-12-12;0,300120;0,349558;0,173674;0,176648
2018-12-13;0,299007;0,350541;0,173582;0,176870
2018-12-14;0,300189;0,345969;0,174880;0,178962
2018-12-17;0,299673;0,341951;0,177637;0,180738
2018-12-18;0,295928;0,345020;0,178123;0,180929
2018-12-19;0,298692;0,340539;0,178607;0,182162
2018-12-20;0,294389;0,338107;0,183299;0,184205
2018-12-21;0,296249;0,332216;0,184827;0,186708
2018-12-24;0,293498;0,327876;0,189284;0,189342
2018-12-27;0,288932;0,341201;0,185340;0,184527
2018-12-28;0,292407;0,338687;0,185301;0,183605
2018-12-31;0,291887;0,340443;0,184819;0,182850
2019-01-02;0,293512;0,339714;0,184454;0,182320
2019-01-03;0,295591;0,328804;0,189701;0,185905
2019-01-04;0,294795;0,337432;0,185065;0,182707
2019-01-07;0,295228;0,338576;0,184494;0,181701
2019-01-08;0,295994;0,339890;0,183225;0,180891
2019-01-09;0,296449;0,341429;0,182735;0,179387
2019-01-10;0,295991;0,342919;0,181693;0,179398
2019-01-11;0,295199;0,342810;0,182273;0,179718
2019-01-14;0,294395;0,341351;0,183644;0,180611
2019-01-15;0,296212;0,343229;0,181615;0,178944
2019-01-16;0,295730;0,343333;0,182088;0,178850
2019-01-17;0,294024;0,345344;0,181841;0,178791
2019-01-18;0,296845;0,347409;0,178584;0,177163
2019-01-22;0,295773;0,344725;0,180679;0,178823
2019-01-23;0,292950;0,346783;0,180990;0,179277
2019-01-24;0,293044;0,348399;0,179882;0,178675
2019-01-25;0,291167;0,350451;0,181182;0,177200
2019-01-28;0,290456;0,348194;0,182890;0,178460
2019-01-29;0,291813;0,344969;0,184488;0,178730
2019-01-30;0,291131;0,350275;0,182547;0,176047
2019-01-31;0,292501;0,349340;0,182396;0,175763
2019-02-01;0,293406;0,350063;0,181417;0,175114
2019-02-04;0,292341;0,353827;0,179613;0,174219
2019-02-05;0,295193;0,353664;0,178457;0,172686
2019-02-06;0,294740;0,355035;0,177413;0,172812
2019-02-07;0,292586;0,353391;0,179620;0,174403
2019-02-08;0,291585;0,354605;0,179774;0,174036
2019-02-11;0,294535;0,353487;0,178432;0,173546
2019-02-12;0,294727;0,355478;0,177516;0,172280
2019-02-13;0,296117;0,355363;0,176521;0,171999
2019-02-14;0,296276;0,355072;0,177055;0,171597
2019-02-15;0,296245;0,355916;0,177194;0,170646
2019-02-19;0,293164;0,356231;0,179821;0,170785
2019-02-20;0,293604;0,356282;0,179500;0,170614
2019-02-21;0,293717;0,357424;0,177753;0,171106
2019-02-22;0,293361;0,359399;0,177319;0,169921
2019-02-25;0,293785;0,360111;0,176681;0,169423
2019-02-26;0,290412;0,362125;0,177433;0,170030
2019-02-27;0,289146;0,363157;0,176995;0,170701
2019-02-28;0,290164;0,362619;0,176251;0,170967
2019-03-01;0,291582;0,364657;0,172971;0,170790
2019-03-04;0,292808;0,363582;0,172696;0,170914
2019-03-05;0,293596;0,362573;0,172867;0,170964
2019-03-06;0,293536;0,361814;0,173129;0,171520
2019-03-07;0,293208;0,360348;0,173941;0,172503
2019-03-08;0,292164;0,359838;0,175696;0,172302
2019-03-11;0,291681;0,364278;0,173283;0,170758
2019-03-12;0,292404;0,364360;0,173420;0,169816
2019-03-13;0,290577;0,365804;0,174222;0,169397
2019-03-14;0,290048;0,367521;0,172591;0,169840
2019-03-15;0,289689;0,369472;0,172122;0,168717
2019-03-18;0,290276;0,369764;0,171805;0,168155
2019-03-19;0,290889;0,369592;0,171786;0,167733
2019-03-20;0,289886;0,369058;0,173107;0,167949
2019-03-21;0,291318;0,373028;0,170004;0,165650
2019-03-22;0,288624;0,369998;0,173107;0,168271
2019-03-25;0,288399;0,368623;0,174597;0,168380
2019-03-26;0,288638;0,369889;0,173417;0,168056
2019-03-27;0,288296;0,369539;0,173283;0,168882
2019-03-28;0,291506;0,369869;0,170248;0,168377
2019-03-29;0,292363;0,371004;0,169383;0,167251
2019-04-01;0,291747;0,374137;0,167696;0,166421
2019-04-02;0,292858;0,373810;0,167649;0,165683
2019-04-03;0,291880;0,375885;0,166954;0,165282
2019-04-04;0,292807;0,374405;0,167406;0,165382
2019-04-05;0,294113;0,374621;0,166573;0,164693
2019-04-08;0,293100;0,375401;0,167092;0,164408
2019-04-09;0,292846;0,374335;0,168082;0,164737
2019-04-10;0,291211;0,376144;0,168260;0,164385
2019-04-11;0,292405;0,376322;0,166541;0,164732
2019-04-12;0,292196;0,377797;0,165771;0,164236
2019-04-15;0,292479;0,377711;0,165529;0,164281
2019-04-16;0,293827;0,378597;0,163741;0,163835
2019-04-17;0,292922;0,380184;0,163248;0,163645
2019-04-18;0,292917;0,380603;0,163100;0,163380
2019-04-23;0,294254;0,382475;0,161231;0,162039
2019-04-24;0,293812;0,382475;0,161700;0,162013
2019-04-25;0,293791;0,382351;0,161820;0,162037
2019-04-26;0,294045;0,381054;0,162814;0,162087
2019-04-29;0,295047;0,380906;0,162048;0,162000
2019-04-30;0,292525;0,382262;0,162886;0,162326
2019-05-01;0,293377;0,381925;0,162095;0,162603
2019-05-02;0,292371;0,381826;0,162370;0,163432
2019-05-03;0,291080;0,383742;0,162450;0,162728
2019-05-07;0,291950;0,377632;0,165454;0,164964
2019-05-08;0,292770;0,377203;0,165056;0,164971
2019-05-09;0,289691;0,377340;0,166790;0,166179
2019-05-10;0,289282;0,377953;0,166805;0,165960
2019-05-13;0,292327;0,368709;0,170743;0,168221
2019-05-14;0,293331;0,371134;0,168871;0,166664
2019-05-15;0,293733;0,372960;0,167606;0,165700
2019-05-16;0,296720;0,373541;0,165270;0,164469
2019-05-17;0,298387;0,371950;0,164551;0,165112
2019-05-20;0,298181;0,368983;0,166126;0,166710
2019-05-21;0,297717;0,371579;0,164858;0,165845
2019-05-22;0,299849;0,369522;0,164803;0,165826
2019-05-23;0,298255;0,366601;0,167652;0,167493
2019-05-24;0,298830;0,366277;0,167594;0,167299
2019-05-28;0,299559;0,365742;0,167147;0,167553
2019-05-29;0,297518;0,365701;0,168255;0,168525
2019-05-30;0,297611;0,366136;0,168511;0,167742
2019-05-31;0,297134;0,362152;0,171981;0,168733
2019-06-03;0,298163;0,357327;0,175064;0,169447
2019-06-04;0,295731;0,364188;0,172928;0,167153
2019-06-05;0,295386;0,366429;0,172163;0,166021
2019-06-06;0,295137;0,368354;0,171481;0,165028
2019-06-07;0,295167;0,371094;0,170535;0,163205
2019-06-10;0,296847;0,372744;0,168104;0,162305
2019-06-11;0,296318;0,373244;0,167932;0,162505
2019-06-12;0,295630;0,372126;0,169298;0,162946
2019-06-13;0,295873;0,372006;0,169662;0,162459
2019-06-14;0,297414;0,369647;0,170071;0,162868
2019-06-17;0,298646;0,369206;0,169602;0,162545
2019-06-18;0,298938;0,371773;0,168527;0,160762
2019-06-19;0,296775;0,372907;0,169610;0,160708
2019-06-20;0,294803;0,374287;0,171919;0,158991
2019-06-21;0,295377;0,372466;0,173189;0,158969
2019-06-24;0,293922;0,372197;0,175313;0,158568
2019-06-25;0,295072;0,368131;0,177029;0,159768
2019-06-26;0,294247;0,371384;0,174873;0,159496
2019-06-27;0,294126;0,371899;0,174667;0,159308
2019-06-28;0,294608;0,371477;0,174750;0,159165
2019-07-01;0,296349;0,375035;0,170448;0,158167
2019-07-02;0,296206;0,373655;0,172952;0,157187
2019-07-03;0,297068;0,374305;0,172315;0,156312
2019-07-05;0,297888;0,374635;0,170751;0,156726
2019-07-08;0,298778;0,373367;0,170458;0,157397
2019-07-09;0,298653;0,373767;0,170551;0,157028
2019-07-10;0,297152;0,374511;0,172214;0,156123
2019-07-11;0,296873;0,376040;0,170877;0,156210
2019-07-12;0,295887;0,377294;0,171211;0,155608
2019-07-15;0,296760;0,377407;0,170695;0,155139
2019-07-16;0,299772;0,374890;0,169764;0,155574
2019-07-17;0,297918;0,374008;0,172462;0,155613
2019-07-18;0,294433;0,375861;0,174429;0,155277
2019-07-19;0,296497;0,375213;0,172608;0,155682
2019-07-22;0,294717;0,378309;0,171797;0,155177
2019-07-23;0,296075;0,379025;0,170299;0,154602
2019-07-24;0,294674;0,380801;0,170442;0,154083
2019-07-25;0,295525;0,380211;0,169751;0,154513
2019-07-26;0,297260;0,379530;0,169327;0,153883
2019-07-29;0,299631;0,377521;0,169653;0,153195
2019-07-30;0,300390;0,375657;0,170529;0,153424
2019-07-31;0,301649;0,373465;0,169999;0,154887
2019-08-01;0,302413;0,370079;0,173199;0,154308
2019-08-02;0,298964;0,369305;0,175193;0,156537
2019-08-05;0,298503;0,360823;0,181087;0,159587
2019-08-06;0,294853;0,364795;0,181631;0,158721
2019-08-07;0,294212;0,364874;0,183106;0,157807
2019-08-08;0,295510;0,367861;0,181321;0,155308
2019-08-09;0,296555;0,365717;0,181571;0,156157
2019-08-12;0,297281;0,362151;0,183844;0,156724
2019-08-13;0,296544;0,367391;0,180941;0,155124
2019-08-14;0,295319;0,361890;0,185161;0,157629
2019-08-15;0,293240;0,361944;0,186807;0,158009
2019-08-16;0,293804;0,365576;0,184020;0,156600
2019-08-19;0,295419;0,368511;0,180576;0,155494
2019-08-20;0,294610;0,367378;0,182195;0,155817
2019-08-21;0,294791;0,369745;0,180483;0,154981
2019-08-22;0,292302;0,370736;0,181145;0,155817
2019-08-23;0,292784;0,362710;0,186865;0,157642
2019-08-27;0,290458;0,365135;0,187606;0,156801
2019-08-28;0,291852;0,364781;0,186876;0,156491
2019-08-29;0,293262;0,367799;0,183817;0,155122
2019-08-30;0,293483;0,368023;0,183221;0,155273
2019-09-03;0,294988;0,363565;0,186131;0,155316
2019-09-04;0,293397;0,366794;0,185758;0,154051
2019-09-05;0,292890;0,372980;0,180671;0,153459
2019-09-06;0,294143;0,372946;0,179317;0,153594
2019-09-09;0,294673;0,371806;0,179242;0,154279
2019-09-10;0,294557;0,371748;0,178620;0,155074
2019-09-11;0,295341;0,372574;0,178289;0,153797
2019-09-12;0,295912;0,373069;0,177813;0,153206
2019-09-13;0,295770;0,372577;0,177518;0,154135
2019-09-16;0,294784;0,371873;0,179119;0,154224
2019-09-17;0,293576;0,373085;0,179223;0,154115
2019-09-18;0,293800;0,373522;0,178330;0,154348
2019-09-19;0,294709;0,372968;0,178544;0,153779
2019-09-20;0,294615;0,369830;0,181254;0,154301
2019-09-23;0,293642;0,370346;0,181941;0,154070
2019-09-24;0,294111;0,367929;0,183398;0,154562
2019-09-25;0,293793;0,371951;0,179845;0,154412
2019-09-26;0,294014;0,372013;0,179675;0,154299
2019-09-27;0,297355;0,368353;0,179441;0,154851
2019-09-30;0,296840;0,371904;0,176527;0,154730
2019-10-01;0,297258;0,369583;0,177953;0,155205
2019-10-02;0,292802;0,367451;0,182480;0,157267
2019-10-03;0,289731;0,370716;0,182759;0,156793
2019-10-04;0,291963;0,372447;0,180626;0,154964
2019-10-07;0,294250;0,371347;0,179225;0,155178
2019-10-08;0,294400;0,367156;0,182153;0,156291
2019-10-09;0,293343;0,370240;0,181120;0,155296
2019-10-10;0,293109;0,372412;0,179306;0,155173
2019-10-11;0,289856;0,377073;0,178077;0,154994
2019-10-14;0,289946;0,376593;0,178586;0,154875
2019-10-15;0,288629;0,379760;0,177122;0,154489
2019-10-16;0,287413;0,378702;0,178736;0,155148
2019-10-17;0,287549;0,378140;0,179072;0,155239
2019-10-18;0,288081;0,376290;0,179661;0,155968
2019-10-21;0,286360;0,379560;0,178414;0,155667
2019-10-22;0,288502;0,375687;0,179632;0,156179
2019-10-23;0,288936;0,375345;0,179817;0,155902
2019-10-24;0,288683;0,377368;0,179431;0,154518
2019-10-25;0,287774;0,379781;0,178795;0,153650
2019-10-28;0,287392;0,383087;0,176488;0,153032
2019-10-29;0,288318;0,381295;0,176646;0,153741
2019-10-30;0,287175;0,382316;0,177278;0,153231
2019-10-31;0,285457;0,382193;0,179060;0,153290
2019-11-01;0,285899;0,384067;0,177813;0,152220
2019-11-04;0,287356;0,384391;0,176676;0,151578
2019-11-05;0,288623;0,385098;0,174262;0,152018
2019-11-06;0,288422;0,384649;0,175000;0,151929
2019-11-07;0,290203;0,386579;0,171687;0,151530
2019-11-08;0,289620;0,388415;0,170563;0,151401
2019-11-11;0,288613;0,389383;0,170296;0,151708
2019-11-12;0,289294;0,389258;0,170281;0,151167
2019-11-13;0,288089;0,389971;0,170828;0,151112
2019-11-14;0,287459;0,389702;0,171640;0,151199
2019-11-15;0,287815;0,391138;0,170526;0,150522
2019-11-18;0,286408;0,392084;0,171038;0,150470
2019-11-19;0,286758;0,392243;0,170776;0,150223
2019-11-20;0,287348;0,390840;0,171199;0,150613
2019-11-21;0,287414;0,390444;0,170917;0,151224
2019-11-22;0,289035;0,389457;0,170458;0,151050
2019-11-25;0,288147;0,392957;0,168674;0,150221
2019-11-26;0,289173;0,392075;0,168988;0,149764
2019-11-27;0,288605;0,393815;0,167953;0,149627
2019-11-29;0,287706;0,393326;0,169086;0,149883
2019-12-02;0,287247;0,391034;0,170538;0,151181
2019-12-03;0,284828;0,389855;0,173261;0,152056
2019-12-04;0,285178;0,390574;0,172511;0,151737
2019-12-05;0,283878;0,391788;0,172654;0,151680
2019-12-06;0,285918;0,393620;0,169740;0,150723
2019-12-09;0,285446;0,392875;0,170433;0,151246
2019-12-10;0,284597;0,393282;0,170839;0,151282
2019-12-11;0,283572;0,394301;0,171470;0,150657
2019-12-12;0,284659;0,395966;0,169649;0,149726
2019-12-13;0,281086;0,398668;0,170526;0,149721
2019-12-16;0,282454;0,399467;0,169354;0,148724
2019-12-17;0,285366;0,397578;0,168706;0,148350
2019-12-18;0,286288;0,397028;0,168491;0,148193
2019-12-19;0,286405;0,398020;0,168059;0,147515
2019-12-20;0,286433;0,399085;0,167418;0,147064
2019-12-23;0,288006;0,398178;0,167504;0,146312
2019-12-24;0,287082;0,397886;0,168859;0,146173
2019-12-27;0,284722;0,399770;0,169714;0,145794
2019-12-30;0,283498;0,399094;0,171000;0,146408
2019-12-31;0,281899;0,400480;0,171169;0,146451
2020-01-02;0,281610;0,403184;0,170434;0,144772
2020-01-03;0,282650;0,399296;0,173047;0,145006
2020-01-06;0,280529;0,399932;0,174662;0,144876
2020-01-07;0,281702;0,398815;0,174948;0,144534
2020-01-08;0,281398;0,401567;0,173014;0,144022
2020-01-09;0,281967;0,403817;0,170995;0,143221
2020-01-10;0,282259;0,402593;0,172027;0,143120
2020-01-13;0,282366;0,405504;0,169754;0,142375
2020-01-14;0,283302;0,404274;0,169810;0,142614
2020-01-15;0,282943;0,404024;0,170656;0,142377
2020-01-16;0,281378;0,407441;0,169474;0,141707
2020-01-17;0,281976;0,408036;0,169039;0,140949
2020-01-21;0,281620;0,408092;0,169246;0,141042
2020-01-22;0,279960;0,409671;0,169290;0,141079
2020-01-23;0,278163;0,411259;0,169602;0,140976
2020-01-24;0,279820;0,408967;0,170361;0,140852
2020-01-27;0,278059;0,404971;0,174077;0,142893
2020-01-28;0,279249;0,408566;0,170730;0,141455
2020-01-29;0,279078;0,408659;0,171125;0,141139
2020-01-30;0,274757;0,412575;0,171398;0,141270
2020-01-31;0,275105;0,406773;0,174909;0,143214
2020-02-03;0,277421;0,408510;0,172107;0,141961
2020-02-04;0,277727;0,414209;0,167796;0,140268
2020-02-05;0,278996;0,414364;0,167106;0,139534
2020-02-06;0,279514;0,415077;0,166883;0,138526
2020-02-07;0,280223;0,412860;0,167860;0,139057
2020-02-10;0,278315;0,416143;0,167267;0,138275
2020-02-11;0,280202;0,414774;0,166724;0,138301
2020-02-12;0,278936;0,417453;0,165893;0,137718
2020-02-13;0,277489;0,417171;0,167332;0,138007
2020-02-14;0,277205;0,417714;0,167491;0,137590
2020-02-18;0,275867;0,416604;0,169777;0,137753
2020-02-19;0,277141;0,417389;0,169082;0,136388
2020-02-20;0,277559;0,414859;0,170596;0,136987
2020-02-21;0,277355;0,409491;0,174809;0,138345
2020-02-24;0,275605;0,402075;0,180639;0,141680
2020-02-25;0,275748;0,398019;0,181346;0,144886
2020-02-26;0,275817;0,398330;0,181479;0,144374
2020-02-27;0,275315;0,388683;0,187060;0,148942
2020-02-28;0,270396;0,396298;0,182614;0,150692
2020-03-02;0,269161;0,406588;0,178054;0,146197
2020-03-03;0,272496;0,394701;0,185246;0,147557
2020-03-04;0,269731;0,403511;0,182052;0,144706
2020-03-05;0,270775;0,395014;0,187904;0,146307
2020-03-06;0,264432;0,394481;0,191822;0,149265
2020-03-09;0,260539;0,381721;0,201369;0,156371
2020-03-10;0,254745;0,399088;0,192937;0,153230
2020-03-11;0,260198;0,387626;0,195934;0,156242
2020-03-12;0,256953;0,374468;0,201297;0,167283
2020-03-13;0,249208;0,402161;0,187805;0,160825
2020-03-16;0,264178;0,367856;0,197263;0,170703
2020-03-17;0,260807;0,380338;0,193609;0,165246
2020-03-18;0,261410;0,375255;0,193877;0,169457
2020-03-19;0,264539;0,375937;0,190408;0,169116
2020-03-20;0,266854;0,364751;0,196375;0,172021
2020-03-23;0,259988;0,362241;0,205397;0,172374
2020-03-24;0,260258;0,375657;0,201933;0,162152
2020-03-25;0,266420;0,373409;0,198782;0,161389
2020-03-26;0,260935;0,385837;0,196192;0,157036
2020-03-27;0,257226;0,380009;0,200816;0,161949
2020-03-30;0,257108;0,387457;0,196985;0,158450
2020-03-31;0,262138;0,384140;0,193620;0,160102
2020-04-01;0,257651;0,376757;0,200725;0,164867
2020-04-02;0,254610;0,380920;0,201573;0,162898
2020-04-03;0,256835;0,376187;0,203634;0,163344
2020-04-06;0,254904;0,389686;0,199489;0,155921
2020-04-07;0,262905;0,384253;0,197739;0,155103
2020-04-08;0,258992;0,392429;0,194307;0,154273
2020-04-09;0,261705;0,388456;0,197197;0,152642
2020-04-14;0,255794;0,396667;0,198226;0,149313
2020-04-15;0,255075;0,393289;0,200311;0,151325
2020-04-16;0,256360;0,395375;0,197985;0,150280
2020-04-17;0,258663;0,398687;0,193065;0,149585
2020-04-20;0,261597;0,393188;0,195307;0,149908
2020-04-21;0,260888;0,386454;0,198875;0,153784
2020-04-22;0,259326;0,392381;0,197939;0,150354
2020-04-23;0,261496;0,388874;0,199574;0,150056
2020-04-24;0,257959;0,395070;0,197706;0,149266
2020-04-27;0,260839;0,395552;0,195431;0,148177
2020-04-28;0,263649;0,392165;0,195296;0,148890
2020-04-29;0,262886;0,399379;0,192100;0,145636
2020-04-30;0,259766;0,402276;0,190576;0,147382
2020-05-01;0,258607;0,397084;0,194748;0,149561
2020-05-04;0,256387;0,400389;0,194394;0,148830
2020-05-05;0,259568;0,400934;0,192488;0,147010
2020-05-06;0,259363;0,403549;0,190245;0,146843
2020-05-07;0,259301;0,404536;0,191152;0,145011
2020-05-11;0,259474;0,409654;0,187089;0,143783
2020-05-12;0,262633;0,403654;0,189048;0,144665
2020-05-13;0,260234;0,401015;0,192514;0,146238
2020-05-14;0,256007;0,404550;0,193755;0,145688
2020-05-15;0,257814;0,403880;0,193623;0,144683
2020-05-18;0,262293;0,406620;0,188905;0,142181
2020-05-19;0,261851;0,405378;0,190504;0,142267
2020-05-20;0,260801;0,409602;0,188928;0,140668
2020-05-21;0,261064;0,408454;0,188208;0,142274
2020-05-22;0,260615;0,408744;0,188797;0,141843
2020-05-26;0,264256;0,407917;0,186108;0,141718
2020-05-27;0,264839;0,408510;0,185548;0,141104
2020-05-28;0,267754;0,406285;0,185351;0,140611
2020-05-29;0,262958;0,410534;0,186196;0,140312
2020-06-01;0,263532;0,409461;0,187003;0,140003
2020-06-02;0,263041;0,412185;0,185150;0,139623
2020-06-03;0,266291;0,413650;0,181024;0,139036
2020-06-04;0,266467;0,410991;0,183253;0,139289
2020-06-05;0,267742;0,417038;0,177534;0,137685
2020-06-08;0,267151;0,417263;0,178502;0,137085
2020-06-09;0,265071;0,418291;0,179860;0,136778
2020-06-10;0,261806;0,421699;0,180851;0,135643
2020-06-11;0,263184;0,410983;0,185627;0,140207
2020-06-12;0,261004;0,414272;0,185170;0,139554
2020-06-15;0,258785;0,417585;0,184306;0,139324
2020-06-16;0,262375;0,419260;0,181402;0,136963
2020-06-17;0,263594;0,418407;0,181288;0,136711
2020-06-18;0,263914;0,419354;0,180339;0,136393
2020-06-19;0,266180;0,415638;0,182059;0,136123
2020-06-22;0,261147;0,421127;0,182356;0,135371
2020-06-23;0,261747;0,421283;0,182519;0,134450
2020-06-24;0,260136;0,418309;0,184974;0,136581
2020-06-25;0,258317;0,421771;0,183928;0,135985
2020-06-26;0,261048;0,416120;0,185988;0,136844
2020-06-29;0,261462;0,417861;0,184747;0,135930
2020-06-30;0,259149;0,422029;0,183953;0,134869
2020-07-01;0,259127;0,422769;0,183218;0,134886
2020-07-02;0,261050;0,422469;0,182458;0,134023
2020-07-06;0,261229;0,424893;0,181416;0,132462
2020-07-07;0,260073;0,422982;0,183685;0,133260
2020-07-08;0,256317;0,427461;0,183713;0,132509
2020-07-09;0,254417;0,429396;0,183559;0,132628
2020-07-10;0,256074;0,428750;0,182696;0,132480
2020-07-13;0,262777;0,420928;0,183479;0,132816
2020-07-14;0,258889;0,424739;0,183881;0,132491
2020-07-15;0,260872;0,424337;0,183140;0,131652
2020-07-16;0,261534;0,422814;0,182846;0,132806
2020-07-17;0,262464;0,422302;0,183219;0,132014
2020-07-20;0,258765;0,428504;0,182116;0,130615
2020-07-21;0,259982;0,424648;0,184617;0,130753
2020-07-22;0,257936;0,425717;0,186323;0,130024
2020-07-23;0,260778;0,418296;0,189747;0,131179
2020-07-24;0,258113;0,416752;0,192852;0,132283
2020-07-27;0,254798;0,419401;0,194745;0,131056
2020-07-28;0,255374;0,415906;0,197203;0,131517
2020-07-29;0,253421;0,418877;0,197138;0,130565
2020-07-30;0,250480;0,422452;0,196137;0,130931
2020-07-31;0,246212;0,428230;0,196055;0,129503
2020-08-03;0,247563;0,432014;0,192931;0,127493
2020-08-04;0,246439;0,430666;0,196111;0,126784
2020-08-05;0,246404;0,430331;0,197060;0,126205
2020-08-06;0,243580;0,433025;0,198160;0,125235
2020-08-07;0,247934;0,429718;0,196176;0,126171
2020-08-10;0,247889;0,429572;0,196054;0,126485
2020-08-11;0,254605;0,428446;0,188500;0,128449
2020-08-12;0,253883;0,433423;0,185638;0,127055
2020-08-13;0,252065;0,432071;0,189247;0,126617
2020-08-14;0,251410;0,432741;0,188960;0,126889
2020-08-17;0,250708;0,432135;0,191285;0,125871
2020-08-18;0,248078;0,433224;0,192968;0,125731
2020-08-19;0,250915;0,434813;0,187928;0,126345
2020-08-20;0,248095;0,438220;0,188022;0,125663
2020-08-21;0,248025;0,441508;0,185450;0,125017
2020-08-24;0,249627;0,442603;0,183518;0,124252
2020-08-25;0,248669;0,443972;0,183361;0,123998
2020-08-26;0,246604;0,447620;0,183250;0,122526
2020-08-27;0,247740;0,448439;0,181171;0,122650
2020-08-28;0,244122;0,450240;0,183552;0,122086
2020-09-01;0,241013;0,455712;0,182404;0,120871
2020-09-02;0,243836;0,456959;0,179073;0,120133
2020-09-03;0,247608;0,445067;0,183261;0,124065
2020-09-04;0,245256;0,443531;0,185814;0,125398
2020-09-08;0,252326;0,431258;0,188715;0,127701
2020-09-09;0,251167;0,436672;0,186956;0,125205
2020-09-10;0,256400;0,429894;0,187597;0,126109
2020-09-11;0,256478;0,428347;0,188565;0,126610
2020-09-14;0,254467;0,432446;0,187865;0,125222
2020-09-15;0,254985;0,434178;0,186371;0,124466
2020-09-16;0,254979;0,431049;0,188437;0,125536
2020-09-17;0,253967;0,430764;0,188768;0,126501
2020-09-18;0,255128;0,426770;0,190605;0,127498
2020-09-21;0,251258;0,432871;0,187617;0,128254
2020-09-22;0,252292;0,435549;0,185122;0,127037
2020-09-23;0,257752;0,429023;0,184066;0,129159
2020-09-24;0,254438;0,431525;0,184834;0,129203
2020-09-25;0,253124;0,436887;0,182249;0,127740
2020-09-28;0,252866;0,439447;0,181597;0,126090
2020-09-29;0,252729;0,437908;0,183291;0,126072
2020-09-30;0,252189;0,440458;0,181615;0,125739
2020-10-01;0,251510;0,441867;0,181798;0,124825
2020-10-02;0,252793;0,436517;0,184168;0,126522
2020-10-05;0,251888;0,440330;0,182894;0,124889
2020-10-06;0,254797;0,437207;0,182028;0,125968
2020-10-07;0,253662;0,441223;0,180292;0,124823
2020-10-08;0,254142;0,441338;0,180308;0,124212
2020-10-09;0,251948;0,443436;0,181693;0,122923
2020-10-12;0,250554;0,449405;0,178760;0,121281
2020-10-13;0,252921;0,448655;0,176578;0,121845
2020-10-14;0,252201;0,447781;0,177762;0,122256
2020-10-15;0,251046;0,447248;0,179043;0,122663
2020-10-16;0,253622;0,445594;0,178208;0,122576
2020-10-19;0,253845;0,442016;0,180277;0,123862
2020-10-20;0,252476;0,442926;0,180921;0,123677
2020-10-21;0,249194;0,443712;0,183010;0,124084
2020-10-22;0,250529;0,443240;0,181679;0,124551
2020-10-23;0,252286;0,442063;0,181295;0,124356
2020-10-26;0,252095;0,438261;0,183622;0,126021
2020-10-27;0,250380;0,439886;0,183890;0,125845
2020-10-28;0,251898;0,432959;0,185793;0,129350
2020-10-29;0,250907;0,436962;0,183712;0,128418
2020-10-30;0,251050;0,432374;0,186630;0,129947
2020-11-02;0,253550;0,430312;0,187136;0,129002
2020-11-03;0,253586;0,432878;0,186013;0,127522
2020-11-04;0,254341;0,439300;0,181804;0,124554
2020-11-05;0,251436;0,444191;0,182212;0,122160
2020-11-06;0,249905;0,445574;0,182427;0,122094
2020-11-09;0,258789;0,443707;0,175023;0,122482
2020-11-10;0,257009;0,441119;0,177805;0,124067
2020-11-11;0,256566;0,446049;0,174839;0,122546
2020-11-12;0,257394;0,443248;0,176486;0,122871
2020-11-13;0,255839;0,445034;0,176786;0,122341
2020-11-16;0,257451;0,445783;0,175391;0,121375
2020-11-17;0,257170;0,445310;0,175596;0,121924
2020-11-18;0,258562;0,443149;0,175646;0,122643
2020-11-19;0,256678;0,445885;0,175024;0,122414
2020-11-20;0,257728;0,443055;0,176315;0,122902
2020-11-23;0,258223;0,444903;0,173428;0,123446
2020-11-24;0,259672;0,448029;0,169691;0,122608
2020-11-25;0,258924;0,448927;0,169571;0,122579
2020-11-27;0,260931;0,449771;0,167126;0,122172
2020-11-30;0,257637;0,453501;0,166509;0,122353
2020-12-01;0,257529;0,453787;0,167809;0,120875
2020-12-02;0,258404;0,452207;0,168738;0,120650
2020-12-03;0,256978;0,452137;0,170177;0,120709
2020-12-04;0,256919;0,454162;0,168858;0,120060
2020-12-07;0,257707;0,452734;0,170243;0,119316
2020-12-08;0,257057;0,453353;0,170498;0,119092
2020-12-09;0,260066;0,449744;0,169737;0,120453
2020-12-10;0,260666;0,449928;0,169078;0,120328
2020-12-11;0,260413;0,449470;0,169647;0,120470
2020-12-14;0,260370;0,450729;0,168542;0,120359
2020-12-15;0,256082;0,454795;0,169671;0,119452
2020-12-16;0,255873;0,455582;0,169679;0,118866
2020-12-17;0,254175;0,456907;0,170641;0,118277
2020-12-18;0,255405;0,455767;0,170432;0,118395
2020-12-21;0,255191;0,456308;0,170084;0,118417
2020-12-22;0,255947;0,458123;0,168063;0,117867
2020-12-23;0,255255;0,456630;0,169746;0,118368
2020-12-24;0,253116;0,458754;0,169981;0,118148
2020-12-29;0,255575;0,458445;0,168675;0,117305
2020-12-30;0,254128;0,458437;0,170081;0,117353
2020-12-31;0,252602;0,459162;0,170855;0,117380
2021-01-04;0,253497;0,453275;0,175433;0,117796
2021-01-05;0,252573;0,454766;0,175252;0,117409
2021-01-06;0,258733;0,449595;0,173549;0,118123
2021-01-07;0,257312;0,455501;0,170653;0,116534
2021-01-08;0,258654;0,459334;0,165265;0,116747
2021-01-11;0,260176;0,457226;0,165406;0,117192
2021-01-12;0,258512;0,456840;0,167005;0,117643
2021-01-13;0,258224;0,458477;0,165980;0,117319
2021-01-14;0,259271;0,456337;0,166574;0,117818
2021-01-15;0,260006;0,455307;0,165917;0,118770
2021-01-19;0,258369;0,457705;0,166066;0,117860
2021-01-20;0,257078;0,460317;0,166378;0,116227
2021-01-21;0,255167;0,463807;0,165410;0,115616
2021-01-22;0,255812;0,463496;0,164723;0,115969
2021-01-25;0,253956;0,466101;0,164276;0,115667
2021-01-26;0,254356;0,466209;0,163832;0,115603
2021-01-27;0,253986;0,463686;0,165139;0,117190
2021-01-28;0,253815;0,464502;0,164754;0,116929
2021-01-29;0,253414;0,460558;0,167295;0,118733
2021-02-01;0,251907;0,464914;0,166252;0,116926
2021-02-02;0,254562;0,466906;0,162687;0,115845
2021-02-03;0,254869;0,466289;0,162752;0,116091
2021-02-04;0,254752;0,471271;0,158476;0,115501
2021-02-05;0,255283;0,469498;0,159897;0,115322
2021-02-08;0,254623;0,470679;0,160287;0,114411
2021-02-09;0,254258;0,470473;0,160773;0,114495
2021-02-10;0,253460;0,470266;0,161674;0,114600
2021-02-11;0,253703;0,472931;0,159357;0,114008
2021-02-12;0,253376;0,474326;0,158551;0,113746
2021-02-16;0,254455;0,474584;0,156771;0,114191
2021-02-17;0,255159;0,473659;0,156198;0,114984
2021-02-18;0,253706;0,473802;0,156920;0,115572
2021-02-19;0,254528;0,472607;0,157403;0,115462
2021-02-22;0,254362;0,467377;0,161515;0,116746
2021-02-23;0,252781;0,468057;0,161919;0,117243
2021-02-24;0,252607;0,470943;0,160275;0,116175
2021-02-25;0,256943;0,463906;0,160553;0,118598
2021-02-26;0,255972;0,467946;0,157083;0,118999
2021-03-01;0,255360;0,473945;0,153944;0,116751
2021-03-02;0,256690;0,469804;0,155909;0,117596
2021-03-03;0,259026;0,464934;0,156645;0,119394
2021-03-04;0,260046;0,461448;0,157330;0,121176
2021-03-05;0,255781;0,467307;0,156471;0,120440
2021-03-08;0,264970;0,458294;0,155703;0,121033
2021-03-09;0,259968;0,465151;0,156078;0,118803
2021-03-10;0,260861;0,463479;0,156809;0,118851
2021-03-11;0,259542;0,467950;0,155009;0,117499
2021-03-12;0,260202;0,466241;0,155654;0,117903
2021-03-15;0,259910;0,467953;0,155048;0,117089
2021-03-16;0,260180;0,468952;0,154406;0,116462
2021-03-17;0,259317;0,468698;0,155478;0,116507
2021-03-18;0,263084;0,462020;0,156783;0,118112
2021-03-19;0,262198;0,461581;0,157866;0,118355
2021-03-22;0,261070;0,465886;0,155889;0,117155
2021-03-23;0,262565;0,464635;0,155216;0,117585
2021-03-24;0,264011;0,461277;0,156556;0,118156
2021-03-25;0,262467;0,462496;0,156496;0,118541
2021-03-26;0,260627;0,467622;0,154869;0,116883
2021-03-29;0,262242;0,466894;0,153553;0,117311
2021-03-30;0,265254;0,465026;0,151748;0,117972
2021-03-31;0,262474;0,468059;0,152598;0,116869
2021-04-01;0,260245;0,471685;0,152604;0,115466
2021-04-06;0,260712;0,473281;0,152036;0,113972
2021-04-07;0,261114;0,474274;0,151004;0,113609
2021-04-08;0,260351;0,476141;0,151064;0,112444
2021-04-09;0,260014;0,478684;0,149346;0,111956
2021-04-12;0,261104;0,477808;0,148799;0,112289
2021-04-13;0,260341;0,479245;0,148839;0,111575
2021-04-14;0,261779;0,476865;0,149146;0,112211
2021-04-15;0,259981;0,479330;0,149790;0,110899
2021-04-16;0,260013;0,478755;0,150443;0,110789
2021-04-19;0,258579;0,478509;0,151266;0,111647
2021-04-20;0,257535;0,477319;0,152781;0,112365
2021-04-21;0,257509;0,478061;0,153012;0,111417
2021-04-22;0,261439;0,474096;0,152647;0,111817
2021-04-23;0,259975;0,478071;0,150859;0,111096
2021-04-26;0,259469;0,478924;0,150893;0,110715
2021-04-27;0,259010;0,479087;0,150867;0,111036
2021-04-28;0,260502;0,476261;0,151832;0,111405
2021-04-29;0,260290;0,476658;0,151460;0,111592
2021-04-30;0,262956;0,472900;0,151891;0,112254
2021-05-04;0,262419;0,469173;0,154699;0,113709
2021-05-05;0,264287;0,467102;0,155118;0,113493
2021-05-06;0,262487;0,468336;0,156515;0,112662
2021-05-07;0,262600;0,468869;0,156710;0,111821
2021-05-10;0,263602;0,463455;0,159550;0,113393
2021-05-11;0,259937;0,465238;0,160650;0,114174
2021-05-12;0,262764;0,459585;0,161613;0,116038
2021-05-13;0,261630;0,462107;0,161115;0,115149
2021-05-14;0,260726;0,465627;0,160121;0,113526
2021-05-17;0,260197;0,463415;0,162552;0,113836
2021-05-18;0,261168;0,461301;0,163299;0,114231
2021-05-19;0,257811;0,463900;0,163828;0,114460
2021-05-20;0,258667;0,466192;0,162273;0,112867
2021-05-21;0,259683;0,464482;0,162750;0,113085
2021-05-24;0,259150;0,467754;0,161215;0,111881
2021-05-25;0,258710;0,467175;0,162405;0,111710
2021-05-26;0,259004;0,467147;0,162137;0,111712
2021-05-27;0,259200;0,466048;0,162702;0,112051
2021-05-28;0,259370;0,466270;0,162652;0,111707
2021-06-01;0,260239;0,465050;0,162758;0,111953
2021-06-02;0,259409;0,466280;0,162831;0,111480
2021-06-03;0,261513;0,465409;0,160760;0,112317
2021-06-04;0,259077;0,469083;0,160759;0,111081
2021-06-07;0,259019;0,468675;0,161322;0,110984
2021-06-08;0,259446;0,468756;0,160803;0,110995
2021-06-09;0,260303;0,468505;0,160335;0,110857
2021-06-10;0,258941;0,470205;0,160408;0,110447
2021-06-11;0,259313;0,472105;0,158332;0,110249
2021-06-14;0,258663;0,474846;0,156727;0,109764
2021-06-15;0,260120;0,473259;0,156548;0,110072
2021-06-16;0,261533;0,473098;0,154724;0,110645
2021-06-17;0,262201;0,477682;0,149690;0,110427
2021-06-18;0,262534;0,476459;0,149835;0,111172
2021-06-21;0,261056;0,478042;0,150556;0,110346
2021-06-22;0,261102;0,479934;0,149176;0,109788
2021-06-23;0,260786;0,480039;0,149242;0,109933
2021-06-24;0,261771;0,480532;0,148328;0,109369
2021-06-25;0,262343;0,479649;0,148712;0,109296
2021-06-28;0,261051;0,482244;0,147967;0,108737
2021-06-29;0,261725;0,484015;0,145913;0,108347
2021-06-30;0,261368;0,483556;0,146716;0,108361
2021-07-01;0,261968;0,483152;0,146780;0,108100
2021-07-02;0,260836;0,485434;0,146544;0,107185
2021-07-06;0,259648;0,486347;0,147037;0,106968
2021-07-07;0,260097;0,486620;0,146835;0,106448
2021-07-08;0,259365;0,485536;0,147863;0,107236
2021-07-09;0,259576;0,486646;0,147276;0,106501
2021-07-12;0,259684;0,486793;0,147075;0,106448
2021-07-13;0,259886;0,487201;0,146811;0,106103
2021-07-14;0,257803;0,488824;0,147708;0,105666
2021-07-15;0,257976;0,487293;0,148510;0,106221
2021-07-16;0,259671;0,485447;0,148008;0,106874
2021-07-19;0,258884;0,483589;0,149587;0,107940
2021-07-20;0,260227;0,485262;0,147781;0,106730
2021-07-21;0,259982;0,487388;0,146457;0,106174
2021-07-22;0,258703;0,489250;0,146237;0,105811
2021-07-23;0,259388;0,490780;0,144745;0,105086
2021-07-26;0,258953;0,491143;0,144674;0,105230
2021-07-27;0,257891;0,490108;0,146002;0,105999
2021-07-28;0,258847;0,488850;0,146446;0,105858
2021-07-29;0,257972;0,489100;0,147495;0,105434
2021-07-30;0,258132;0,489648;0,146611;0,105609
2021-08-02;0,259579;0,488179;0,146570;0,105671
2021-08-03;0,258075;0,490347;0,146113;0,105464
2021-08-04;0,258207;0,490539;0,145961;0,105293
2021-08-05;0,258248;0,491871;0,144880;0,105000
2021-08-06;0,259949;0,492925;0,141801;0,105325
2021-08-09;0,261195;0,493287;0,139774;0,105744
2021-08-10;0,262546;0,491153;0,140263;0,106037
2021-08-11;0,262121;0,490184;0,141880;0,105814
2021-08-12;0,262173;0,491063;0,141366;0,105399
2021-08-13;0,261408;0,491109;0,142634;0,104849
2021-08-16;0,259696;0,492557;0,143084;0,104663
2021-08-17;0,261845;0,489898;0,143290;0,104967
2021-08-18;0,263378;0,486479;0,144450;0,105693
2021-08-19;0,261105;0,489884;0,143586;0,105424
2021-08-20;0,261153;0,491933;0,142395;0,104519
2021-08-23;0,260147;0,493584;0,142758;0,103511
2021-08-24;0,260643;0,493093;0,142737;0,103526
2021-08-25;0,261182;0,493279;0,141915;0,103624
2021-08-26;0,261454;0,491944;0,142593;0,104009
2021-08-27;0,260166;0,493021;0,143572;0,103241
2021-08-31;0,260090;0,494220;0,142770;0,102920
2021-09-01;0,260541;0,493905;0,142726;0,102829
2021-09-02;0,260872;0,493769;0,142426;0,102933
2021-09-03;0,259452;0,494363;0,143559;0,102627
2021-09-07;0,260802;0,495405;0,140975;0,102818
2021-09-08;0,260782;0,495041;0,141040;0,103137
2021-09-09;0,260259;0,494383;0,141968;0,103390
2021-09-10;0,260881;0,492723;0,142315;0,104081
2021-09-13;0,260143;0,492988;0,142765;0,104104
2021-09-14;0,259936;0,492283;0,143704;0,104076
2021-09-15;0,258645;0,495163;0,142415;0,103777
2021-09-16;0,260114;0,496417;0,139478;0,103991
2021-09-17;0,261607;0,492997;0,140498;0,104898
2021-09-20;0,261382;0,489439;0,143094;0,106084
2021-09-21;0,262609;0,488108;0,143541;0,105742
2021-09-22;0,261891;0,491220;0,141912;0,104977
2021-09-23;0,261614;0,494643;0,139420;0,104323
2021-09-24;0,261579;0,494845;0,139295;0,104281
2021-09-27;0,262390;0,492513;0,140291;0,104806
2021-09-28;0,265092;0,486742;0,141424;0,106742
2021-09-29;0,267162;0,485524;0,140692;0,106621
2021-09-30;0,265752;0,483684;0,143579;0,106985
2021-10-01;0,261723;0,488588;0,143224;0,106465
2021-10-04;0,262148;0,483983;0,145931;0,107939
2021-10-05;0,263123;0,486108;0,143868;0,106901
2021-10-06;0,260670;0,488549;0,144039;0,106741
2021-10-07;0,263533;0,488691;0,141970;0,105806
2021-10-08;0,263208;0,488234;0,142454;0,106104
2021-10-11;0,264554;0,486599;0,142510;0,106336
2021-10-12;0,263557;0,485952;0,143745;0,106746
2021-10-13;0,261389;0,486727;0,145618;0,106266
2021-10-14;0,261327;0,490212;0,143805;0,104656
2021-10-15;0,261419;0,492966;0,141198;0,104418
2021-10-18;0,261298;0,494686;0,140125;0,103891
2021-10-19;0,260149;0,496762;0,139787;0,103302
2021-10-20;0,260797;0,495039;0,140934;0,103230
2021-10-21;0,260088;0,496226;0,140606;0,103081
2021-10-22;0,261177;0,494375;0,141395;0,103053
2021-10-25;0,261164;0,494248;0,141887;0,102700
2021-10-26;0,261999;0,494884;0,140597;0,102520
2021-10-27;0,261924;0,494542;0,140995;0,102539
2021-10-28;0,260381;0,497194;0,140340;0,102085
2021-10-29;0,261437;0,497978;0,138775;0,101810
2021-11-01;0,262716;0,496407;0,139237;0,101640
2021-11-02;0,263182;0,497718;0,138103;0,100997
2021-11-03;0,261999;0,500227;0,136858;0,100916
2021-11-04;0,263181;0,500955;0,136346;0,099518
2021-11-05;0,263341;0,500429;0,137329;0,098901
2021-11-08;0,261636;0,502065;0,137595;0,098704
2021-11-09;0,261389;0,501127;0,138580;0,098904
2021-11-10;0,263746;0,495796;0,140965;0,099494
2021-11-11;0,263550;0,496165;0,141170;0,099115
2021-11-12;0,262531;0,498674;0,140376;0,098419
2021-11-15;0,262745;0,498498;0,140272;0,098485
2021-11-16;0,262060;0,501300;0,138645;0,097995
2021-11-17;0,260815;0,500801;0,140189;0,098194
2021-11-18;0,259493;0,503614;0,139113;0,097781
2021-11-19;0,259155;0,505707;0,137661;0,097477
2021-11-22;0,262334;0,503916;0,135524;0,098227
2021-11-23;0,261079;0,505142;0,135097;0,098682
2021-11-24;0,261213;0,506309;0,134272;0,098206
2021-11-26;0,260195;0,503153;0,136570;0,100082
2021-11-29;0,259130;0,507887;0,134414;0,098570
2021-11-30;0,259029;0,507331;0,134359;0,099280
2021-12-01;0,262418;0,502366;0,135532;0,099684
2021-12-02;0,258133;0,507304;0,134816;0,099747
2021-12-03;0,260220;0,502381;0,136950;0,100449
2021-12-06;0,260544;0,503957;0,135685;0,099815
2021-12-07;0,260717;0,508960;0,132918;0,097405
2021-12-08;0,259837;0,510256;0,132688;0,097219
2021-12-09;0,262104;0,507550;0,132599;0,097747
2021-12-10;0,258067;0,513069;0,131988;0,096877
2021-12-13;0,259523;0,509446;0,133387;0,097645
2021-12-14;0,259470;0,507657;0,133946;0,098927
2021-12-15;0,256344;0,513648;0,132498;0,097510
2021-12-16;0,261627;0,504362;0,135482;0,098530
2021-12-17;0,261426;0,503580;0,135943;0,099050
2021-12-20;0,259869;0,503134;0,136854;0,100142
2021-12-21;0,258815;0,507872;0,134733;0,098580
2021-12-22;0,258418;0,509354;0,134637;0,097591
2021-12-23;0,258503;0,509967;0,134364;0,097166
2021-12-29;0,257253;0,513721;0,132781;0,096245
2021-12-30;0,258144;0,511407;0,133990;0,096459
2021-12-31;0,257624;0,510348;0,135299;0,096729
2022-01-04;0,258334;0,510442;0,134359;0,096864
2022-01-05;0,262100;0,503173;0,136212;0,098514
2022-01-06;0,260017;0,504895;0,135735;0,099353
2022-01-07;0,260153;0,502908;0,137058;0,099880
2022-01-10;0,257255;0,504641;0,137908;0,100195
2022-01-11;0,257528;0,505219;0,138143;0,099111
2022-01-12;0,257728;0,505642;0,137889;0,098740
2022-01-13;0,260804;0,499580;0,139456;0,100161
2022-01-14;0,257258;0,503644;0,138969;0,100129
2022-01-18;0,259943;0,498005;0,140630;0,101422
2022-01-19;0,259651;0,494377;0,143840;0,102131
2022-01-20;0,262636;0,490499;0,144208;0,102656
2022-01-21;0,262065;0,487908;0,145853;0,104173
2022-01-24;0,254429;0,493338;0,147432;0,104801
2022-01-25;0,258253;0,486586;0,149369;0,105792
2022-01-26;0,261655;0,486906;0,146184;0,105255
2022-01-27;0,263408;0,485772;0,145070;0,105750
2022-01-28;0,255883;0,498160;0,142077;0,103880
2022-01-31;0,256532;0,501250;0,140233;0,101985
2022-02-01;0,257426;0,500939;0,139988;0,101647
2022-02-02;0,256779;0,502385;0,139707;0,101129
2022-02-03;0,258610;0,496396;0,142084;0,102910
2022-02-04;0,257516;0,497720;0,142015;0,102748
2022-02-07;0,259155;0,494783;0,143237;0,102825
2022-02-08;0,257686;0,497583;0,142576;0,102155
2022-02-09;0,257715;0,500774;0,140942;0,100568
2022-02-10;0,259797;0,495429;0,142607;0,102166
2022-02-11;0,260952;0,487678;0,147634;0,103736
2022-02-14;0,258369;0,488867;0,148752;0,104012
2022-02-15;0,257757;0,494524;0,145177;0,102543
2022-02-16;0,256195;0,494354;0,146841;0,102611
2022-02-17;0,257930;0,486809;0,151111;0,104150
2022-02-18;0,257060;0,485773;0,152164;0,105003
2022-02-22;0,256482;0,484336;0,153512;0,105670
2022-02-23;0,258178;0,478508;0,156247;0,107067
2022-02-24;0,252022;0,488842;0,153371;0,105766
2022-02-25;0,257392;0,487927;0,150528;0,104153
2022-02-28;0,257833;0,486373;0,151785;0,104009
2022-03-01;0,257204;0,481502;0,156201;0,105093
2022-03-02;0,257039;0,486263;0,152815;0,103883
2022-03-03;0,256748;0,483850;0,154776;0,104627
2022-03-04;0,256262;0,479581;0,158605;0,105552
2022-03-07;0,259328;0,469737;0,163622;0,107313
2022-03-08;0,255564;0,468466;0,168425;0,107544
2022-03-09;0,257171;0,477225;0,160218;0,105386
2022-03-10;0,257384;0,473717;0,162426;0,106473
2022-03-11;0,261631;0,468772;0,162360;0,107237
2022-03-14;0,263355;0,466036;0,161973;0,108636
2022-03-15;0,261441;0,474726;0,156791;0,107042
2022-03-16;0,261124;0,479769;0,154311;0,104796
2022-03-17;0,261724;0,480021;0,154141;0,104113
2022-03-18;0,261397;0,484583;0,151037;0,102983
2022-03-21;0,261854;0,483207;0,152052;0,102886
2022-03-22;0,261216;0,486651;0,149981;0,102151
2022-03-23;0,262813;0,481793;0,152661;0,102734
2022-03-24;0,259337;0,487545;0,151791;0,101327
2022-03-25;0,260275;0,487195;0,151240;0,101290
2022-03-28;0,261231;0,490344;0,147677;0,100747
2022-03-29;0,261626;0,493480;0,145611;0,099283
2022-03-30;0,262812;0,489780;0,147515;0,099892
2022-03-31;0,263646;0,486582;0,149039;0,100733
2022-04-01;0,262900;0,487364;0,148543;0,101194
2022-04-04;0,261630;0,490806;0,147566;0,099998
2022-04-05;0,264174;0,486264;0,148370;0,101192
2022-04-06;0,263663;0,482384;0,151124;0,102829
2022-04-07;0,263031;0,482732;0,151494;0,102743
2022-04-08;0,267232;0,476924;0,152909;0,102934
2022-04-11;0,267312;0,472139;0,156002;0,104547
2022-04-12;0,268144;0,470100;0,157197;0,104560
2022-04-13;0,264744;0,474434;0,156969;0,103853
2022-04-14;0,268034;0,468590;0,158261;0,105115
2022-04-19;0,266690;0,474373;0,154826;0,104112
2022-04-20;0,267303;0,473237;0,155477;0,103983
2022-04-21;0,269460;0,469330;0,156306;0,104904
2022-04-22;0,270736;0,464754;0,157650;0,106860
2022-04-25;0,266948;0,471497;0,154738;0,106817
2022-04-26;0,272141;0,461650;0,157587;0,108621
2022-04-27;0,271638;0,465194;0,155310;0,107858
2022-04-28;0,268089;0,473489;0,152843;0,105579
2022-04-29;0,272658;0,463433;0,156102;0,107807
2022-05-03;0,270534;0,469193;0,152947;0,107326
2022-05-04;0,263877;0,478293;0,152111;0,105719
2022-05-05;0,272514;0,464877;0,154664;0,107945
2022-05-06;0,272345;0,463433;0,155739;0,108483
2022-05-09;0,271949;0,458505;0,157909;0,111638
2022-05-10;0,269428;0,463513;0,155897;0,111162
2022-05-11;0,275219;0,453604;0,158845;0,112332
2022-05-12;0,274747;0,453664;0,158059;0,113530
2022-05-13;0,275281;0,459614;0,153774;0,111331
2022-05-16;0,274936;0,457438;0,155846;0,111779
2022-05-17;0,271437;0,465037;0,153089;0,110437
2022-05-18;0,274723;0,455047;0,156983;0,113247
2022-05-19;0,271767;0,453517;0,160574;0,114142
2022-05-20;0,270780;0,454483;0,160605;0,114132
2022-05-23;0,270448;0,458029;0,159082;0,112440
2022-05-24;0,269737;0,455215;0,161626;0,113421
2022-05-25;0,270647;0,457246;0,159481;0,112626
2022-05-26;0,271068;0,461171;0,156809;0,110952
2022-05-27;0,269631;0,467634;0,153934;0,108801
2022-05-31;0,270965;0,466593;0,153115;0,109328
2022-06-01;0,271433;0,465172;0,154072;0,109323
2022-06-06;0,273234;0,464287;0,153330;0,109150
2022-06-07;0,269980;0,467722;0,153647;0,108650
2022-06-08;0,272955;0,463933;0,154100;0,109013
2022-06-09;0,273657;0,459230;0,156232;0,110880
2022-06-10;0,272590;0,451923;0,162034;0,113453
2022-06-13;0,275179;0,445230;0,162622;0,116969
2022-06-14;0,275283;0,447061;0,160955;0,116701
2022-06-15;0,272884;0,450789;0,161072;0,115255
2022-06-16;0,268965;0,444877;0,167562;0,118596
2022-06-17;0,269630;0,446932;0,165388;0,118050
2022-06-21;0,270349;0,451193;0,162214;0,116244
2022-06-22;0,270542;0,449873;0,163176;0,116410
2022-06-23;0,268895;0,454143;0,161180;0,115781
2022-06-24;0,269289;0,460017;0,157509;0,113185
2022-06-27;0,271693;0,457439;0,157553;0,113315
2022-06-28;0,275616;0,449995;0,159452;0,114938
2022-06-29;0,273699;0,451551;0,159634;0,115115
2022-06-30;0,273125;0,450293;0,160222;0,116360
2022-07-01;0,274654;0,449769;0,159625;0,115952
2022-07-05;0,273687;0,454584;0,155989;0,115740
2022-07-06;0,276180;0,456012;0,152695;0,115113
2022-07-07;0,275897;0,459577;0,150863;0,113663
2022-07-08;0,276611;0,459150;0,150746;0,113494
2022-07-11;0,277873;0,456624;0,151045;0,114458
2022-07-12;0,279780;0,453439;0,151560;0,115221
2022-07-13;0,276897;0,454313;0,153043;0,115747
2022-07-14;0,275196;0,458349;0,150726;0,115729
2022-07-15;0,277193;0,460165;0,148476;0,114165
2022-07-18;0,278473;0,457668;0,149205;0,114655
2022-07-19;0,275513;0,464314;0,147297;0,112876
2022-07-20;0,276800;0,466931;0,144504;0,111766
2022-07-21;0,275207;0,468949;0,145115;0,110729
2022-07-22;0,276173;0,465756;0,146546;0,111526
2022-07-25;0,276826;0,464575;0,146658;0,111940
2022-07-26;0,276979;0,461873;0,148025;0,113123
2022-07-27;0,272951;0,470491;0,146076;0,110481
2022-07-28;0,272514;0,472131;0,146140;0,109216
2022-07-29;0,272364;0,474456;0,145074;0,108106
2022-08-01;0,272269;0,473649;0,145920;0,108163
2022-08-02;0,273337;0,472364;0,145647;0,108652
2022-08-03;0,271933;0,477332;0,143796;0,106939
2022-08-04;0,271220;0,477049;0,145319;0,106413
2022-08-05;0,271911;0,477237;0,144129;0,106724
2022-08-08;0,274172;0,473534;0,145479;0,106816
2022-08-09;0,273769;0,471864;0,146863;0,107504
2022-08-10;0,271749;0,477782;0,144498;0,105971
2022-08-11;0,274040;0,475942;0,144040;0,105978
2022-08-12;0,272805;0,479105;0,143467;0,104622
2022-08-15;0,274028;0,480519;0,141191;0,104262
2022-08-16;0,274963;0,479646;0,141024;0,104366
2022-08-17;0,275315;0,478832;0,140914;0,104939
2022-08-18;0,276212;0,479299;0,139946;0,104544
2022-08-19;0,279249;0,475047;0,140171;0,105533
2022-08-22;0,280637;0,470151;0,141758;0,107453
2022-08-23;0,278639;0,470336;0,143269;0,107756
2022-08-24;0,279900;0,469340;0,143263;0,107496
2022-08-25;0,278272;0,472827;0,142397;0,106505
2022-08-26;0,282576;0,464014;0,144227;0,109183
2022-08-30;0,282903;0,460652;0,145431;0,111015
2022-08-31;0,284008;0,459030;0,145225;0,111736
2022-09-01;0,283122;0,459641;0,144781;0,112457
2022-09-02;0,288190;0,453346;0,146074;0,112390
2022-09-06;0,286158;0,454119;0,146391;0,113332
2022-09-07;0,284591;0,456752;0,146450;0,112208
2022-09-08;0,287000;0,456362;0,144885;0,111753
2022-09-09;0,286152;0,459603;0,143880;0,110365
2022-09-12;0,285026;0,462456;0,143232;0,109285
2022-09-13;0,289608;0,451815;0,145796;0,112781
2022-09-14;0,286748;0,454579;0,145613;0,113060
2022-09-15;0,290776;0,449924;0,144723;0,114577
2022-09-16;0,288992;0,449640;0,146224;0,115145
2022-09-20;0,288957;0,450447;0,145515;0,115082
2022-09-21;0,292543;0,445189;0,146699;0,115568
2022-09-22;0,289600;0,445340;0,148212;0,116848
2022-09-23;0,293401;0,442391;0,146596;0,117612
2022-09-26;0,298643;0,439035;0,144811;0,117512
2022-09-27;0,295697;0,440892;0,145517;0,117894
2022-09-28;0,294926;0,441222;0,147090;0,116761
2022-09-29;0,291099;0,439204;0,150334;0,119363
2022-09-30;0,293232;0,434623;0,151720;0,120425
2022-10-03;0,286020;0,442003;0,153220;0,118757
2022-10-04;0,285846;0,446258;0,151851;0,116045
2022-10-05;0,286111;0,447139;0,150860;0,115890
2022-10-06;0,289443;0,443754;0,150815;0,115987
2022-10-07;0,291673;0,436402;0,152967;0,118958
2022-10-10;0,292934;0,434248;0,152410;0,120408
2022-10-11;0,292872;0,431901;0,153606;0,121621
2022-10-12;0,292819;0,430851;0,154629;0,121700
2022-10-13;0,286101;0,440814;0,152282;0,120803
2022-10-14;0,292822;0,433074;0,151987;0,122117
2022-10-17;0,288221;0,440619;0,150591;0,120569
2022-10-18;0,290097;0,440691;0,149636;0,119576
2022-10-19;0,291899;0,440337;0,147939;0,119825
2022-10-20;0,291933;0,440498;0,147716;0,119852
2022-10-21;0,287646;0,445935;0,148236;0,118183
2022-10-24;0,288671;0,447908;0,146347;0,117073
2022-10-25;0,286656;0,452114;0,145274;0,115956
2022-10-26;0,289545;0,445927;0,147529;0,116999
2022-10-27;0,289130;0,444377;0,148521;0,117973
2022-10-28;0,284793;0,455189;0,144224;0,115795
2022-10-31;0,288920;0,451078;0,143719;0,116284
2022-11-01;0,290056;0,448054;0,145401;0,116489
2022-11-02;0,293655;0,440630;0,147019;0,118696
2022-11-03;0,298214;0,433124;0,148414;0,120249
2022-11-04;0,293765;0,436068;0,151245;0,118921
2022-11-07;0,291471;0,440668;0,149671;0,118189
2022-11-08;0,290806;0,440567;0,151574;0,117052
2022-11-09;0,294550;0,434249;0,152682;0,118519
2022-11-10;0,285585;0,450145;0,150730;0,113541
2022-11-11;0,283724;0,453499;0,150328;0,112450
2022-11-14;0,286621;0,450012;0,150819;0,112549
2022-11-15;0,284165;0,453268;0,150537;0,112030
2022-11-16;0,283658;0,451509;0,151675;0,113158
2022-11-17;0,283042;0,452801;0,150785;0,113372
2022-11-18;0,283064;0,453605;0,149887;0,113444
2022-11-21;0,285199;0,450962;0,149817;0,114022
2022-11-22;0,283569;0,455109;0,148412;0,112909
2022-11-23;0,281483;0,457286;0,148753;0,112478
2022-11-25;0,282150;0,455781;0,149308;0,112762
2022-11-28;0,284528;0,451436;0,149894;0,114142
2022-11-29;0,284486;0,449281;0,151475;0,114758
2022-11-30;0,279196;0,459634;0,149380;0,111790
2022-12-01;0,278423;0,458564;0,151614;0,111399
2022-12-02;0,278401;0,457908;0,151791;0,111901
2022-12-05;0,280849;0,455275;0,150726;0,113150
2022-12-06;0,279994;0,451847;0,153366;0,114793
2022-12-07;0,279541;0,450445;0,154994;0,115020
2022-12-08;0,278486;0,453710;0,153741;0,114063
2022-12-09;0,278506;0,452352;0,154729;0,114413
2022-12-12;0,275860;0,458479;0,152165;0,113496
2022-12-13;0,276567;0,458303;0,153002;0,112128
2022-12-14;0,276984;0,456820;0,153445;0,112751
2022-12-15;0,278624;0,450941;0,154785;0,115650
2022-12-16;0,278403;0,448017;0,157138;0,116442
2022-12-19;0,279284;0,445439;0,157926;0,117351
2022-12-20;0,278474;0,444525;0,160055;0,116945
2022-12-21;0,280527;0,446213;0,157771;0,115490
2022-12-22;0,281841;0,442276;0,158374;0,117509
2022-12-23;0,282055;0,441977;0,158660;0,117307
2022-12-28;0,284431;0,435799;0,161044;0,118726
2022-12-29;0,282621;0,440645;0,159700;0,117034
2022-12-30;0,281965;0,440396;0,160524;0,117115
2023-01-03;0,283562;0,436964;0,162146;0,117328
2023-01-04;0,284106;0,436149;0,162951;0,116793
2023-01-05;0,287119;0,432143;0,162688;0,118050
2023-01-06;0,283819;0,437268;0,162875;0,116038
2023-01-09;0,283532;0,439199;0,162033;0,115236
2023-01-10;0,280878;0,441547;0,162446;0,115128
2023-01-11;0,281443;0,444149;0,160575;0,113834
2023-01-12;0,281025;0,444470;0,161342;0,113162
2023-01-13;0,280273;0,444222;0,162714;0,112791
2023-01-17;0,280252;0,445664;0,161437;0,112647
2023-01-18;0,279569;0,444148;0,162540;0,113743
2023-01-19;0,276880;0,442152;0,166349;0,114619
2023-01-20;0,275757;0,447797;0,163409;0,113037
2023-01-23;0,276477;0,450993;0,161220;0,111309
2023-01-24;0,276849;0,450322;0,161624;0,111205
2023-01-25;0,275024;0,450574;0,162890;0,111512
2023-01-26;0,275115;0,454133;0,160065;0,110687
2023-01-27;0,275966;0,454409;0,159320;0,110304
2023-01-30;0,278008;0,450169;0,160422;0,111402
2023-01-31;0,276848;0,452821;0,159802;0,110529
2023-02-01;0,274299;0,457047;0,159652;0,109002
2023-02-02;0,277274;0,461849;0,153610;0,107267
2023-02-03;0,281513;0,460152;0,150542;0,107793
2023-02-06;0,281387;0,457971;0,152022;0,108620
2023-02-07;0,277965;0,464168;0,150450;0,107417
2023-02-08;0,278763;0,461371;0,151794;0,108072
2023-02-09;0,279285;0,460891;0,151232;0,108592
2023-02-10;0,278797;0,460262;0,151983;0,108958
2023-02-13;0,277913;0,464131;0,149928;0,108028
2023-02-14;0,276107;0,465945;0,149959;0,107989
2023-02-15;0,279056;0,465786;0,147685;0,107474
2023-02-16;0,281328;0,461396;0,148876;0,108400
2023-02-17;0,280419;0,459640;0,150575;0,109366
2023-02-21;0,280011;0,456284;0,152497;0,111208
2023-02-22;0,280472;0,456224;0,151911;0,111393
2023-02-23;0,278362;0,460370;0,150660;0,110608
2023-02-24;0,280463;0,456722;0,151079;0,111736
2023-02-27;0,280133;0,457482;0,151049;0,111336
2023-02-28;0,278429;0,457715;0,152206;0,111650
2023-03-01;0,279696;0,455065;0,153410;0,111829
2023-03-02;0,278928;0,457606;0,152345;0,111121
2023-03-03;0,278677;0,460307;0,151569;0,109448
2023-03-06;0,279505;0,461030;0,150355;0,109110
2023-03-07;0,281739;0,459293;0,148901;0,110067
2023-03-08;0,280343;0,461507;0,148435;0,109714
2023-03-09;0,280794;0,457950;0,150780;0,110476
2023-03-10;0,277042;0,455236;0,155911;0,111811
2023-03-13;0,270595;0,457900;0,159624;0,111881
2023-03-14;0,270436;0,462475;0,156627;0,110462
2023-03-15;0,267138;0,463879;0,158188;0,110794
2023-03-16;0,266273;0,468849;0,155905;0,108973
2023-03-17;0,263493;0,467480;0,160197;0,108830
2023-03-20;0,262722;0,468395;0,160121;0,108762
2023-03-21;0,266209;0,469440;0,156220;0,108131
2023-03-22;0,266794;0,465677;0,159163;0,108366
2023-03-23;0,263076;0,469465;0,159914;0,107545
2023-03-24;0,261613;0,472013;0,158502;0,107871
2023-03-27;0,264396;0,469842;0,157561;0,108201
2023-03-28;0,263592;0,468699;0,159238;0,108471
2023-03-29;0,263382;0,472869;0,156559;0,107190
2023-03-30;0,262962;0,474191;0,156569;0,106278
2023-03-31;0,262879;0,477191;0,154510;0,105419
2023-04-03;0,263468;0,475778;0,155454;0,105300
2023-04-04;0,261716;0,474102;0,158660;0,105521
2023-04-05;0,262604;0,471628;0,159528;0,106239
2023-04-06;0,262854;0,473139;0,158016;0,105991
2023-04-11;0,265489;0,469906;0,158260;0,106345
2023-04-12;0,265712;0,468249;0,159439;0,106600
2023-04-13;0,263030;0,471700;0,159787;0,105482
2023-04-14;0,266199;0,470556;0,157432;0,105814
2023-04-17;0,266693;0,471234;0,156468;0,105606
2023-04-18;0,266190;0,471723;0,156685;0,105402
2023-04-19;0,266090;0,471800;0,156376;0,105734
2023-04-20;0,266179;0,470101;0,157590;0,106131
2023-04-21;0,267447;0,469786;0,156374;0,106393
2023-04-24;0,267345;0,468781;0,157229;0,106646
2023-04-25;0,269538;0,463261;0,159524;0,107677
2023-04-26;0,265987;0,468567;0,158107;0,107339
2023-04-27;0,263731;0,473517;0,156499;0,106254
2023-04-28;0,263107;0,475688;0,155610;0,105594
2023-05-02;0,262585;0,473114;0,158371;0,105931
2023-05-03;0,263313;0,470354;0,160113;0,106219
2023-05-04;0,260969;0,470239;0,162054;0,106739
2023-05-05;0,260447;0,476421;0,157612;0,105520
2023-05-09;0,261341;0,473612;0,159259;0,105788
2023-05-10;0,260001;0,476631;0,158178;0,105191
2023-05-11;0,262191;0,475262;0,157117;0,105430
2023-05-12;0,262801;0,474843;0,156857;0,105499
2023-05-15;0,261653;0,476757;0,156524;0,105066
2023-05-16;0,261999;0,477965;0,154826;0,105210
2023-05-17;0,260533;0,481473;0,153381;0,104612
2023-05-18;0,261222;0,485700;0,149608;0,103470
2023-05-19;0,260870;0,484904;0,150879;0,103346
2023-05-22;0,261745;0,484798;0,150318;0,103139
2023-05-23;0,262704;0,481610;0,151690;0,103996
2023-05-24;0,261464;0,481960;0,151736;0,104840
2023-05-25;0,258051;0,491420;0,147513;0,103016
2023-05-26;0,256554;0,496609;0,145586;0,101251
2023-05-30;0,254508;0,498269;0,146162;0,101061
2023-05-31;0,253496;0,497386;0,147367;0,101752
2023-06-01;0,252257;0,499089;0,147524;0,101129
2023-06-02;0,256104;0,498894;0,144476;0,100525
2023-06-05;0,257639;0,496342;0,145430;0,100589
2023-06-06;0,257667;0,496164;0,145569;0,100600
2023-06-07;0,259236;0,493786;0,145330;0,101648
2023-06-08;0,256178;0,496276;0,146424;0,101121
2023-06-09;0,255773;0,497645;0,145672;0,100910
2023-06-12;0,254740;0,501946;0,143687;0,099627
2023-06-13;0,255099;0,503409;0,142156;0,099336
2023-06-14;0,253489;0,506080;0,141566;0,098865
2023-06-15;0,251283;0,508984;0,141522;0,098211
2023-06-16;0,252359;0,507026;0,141958;0,098658
2023-06-20;0,252223;0,506986;0,141447;0,099343
2023-06-21;0,254237;0,503318;0,142339;0,100105
2023-06-22;0,253071;0,506377;0,140610;0,099942
2023-06-23;0,253315;0,504185;0,141888;0,100612
2023-06-26;0,254030;0,502330;0,142662;0,100977
2023-06-27;0,252005;0,507326;0,140637;0,100032
2023-06-28;0,254553;0,505896;0,139849;0,099703
2023-06-29;0,255015;0,505897;0,139527;0,099561
2023-06-30;0,253455;0,508867;0,139067;0,098611
2023-07-03;0,254588;0,507681;0,139116;0,098616
2023-07-05;0,254416;0,507101;0,139358;0,099125
2023-07-06;0,251923;0,508628;0,139727;0,099722
2023-07-07;0,251512;0,507452;0,141098;0,099938
2023-07-10;0,251094;0,508097;0,140984;0,099825
2023-07-11;0,250666;0,508365;0,141295;0,099674
2023-07-12;0,250370;0,509090;0,141821;0,098719
2023-07-13;0,248346;0,512502;0,141009;0,098143
2023-07-14;0,249102;0,512049;0,140637;0,098212
2023-07-17;0,247773;0,514965;0,139728;0,097535
2023-07-18;0,246964;0,516268;0,140082;0,096686
2023-07-19;0,250963;0,513057;0,139634;0,096346
2023-07-20;0,253433;0,508556;0,140512;0,097500
2023-07-21;0,253641;0,508639;0,140155;0,097565
2023-07-24;0,253935;0,509101;0,139471;0,097493
2023-07-25;0,252132;0,511653;0,139332;0,096883
2023-07-26;0,252530;0,508667;0,141161;0,097642
2023-07-27;0,255728;0,507473;0,139050;0,097749
2023-07-28;0,253760;0,510274;0,138988;0,096978
2023-07-31;0,253356;0,510710;0,139086;0,096849
2023-08-01;0,254031;0,511422;0,137700;0,096846
2023-08-02;0,255559;0,506768;0,139263;0,098410
2023-08-03;0,255075;0,506458;0,139671;0,098796
2023-08-04;0,257148;0,502503;0,140951;0,099398
2023-08-07;0,255867;0,504033;0,140678;0,099421
2023-08-08;0,256454;0,502964;0,140581;0,100001
2023-08-09;0,258683;0,499805;0,140827;0,100685
2023-08-10;0,260073;0,498954;0,140416;0,100556
2023-08-11;0,259273;0,498281;0,141268;0,101178
2023-08-14;0,257987;0,501976;0,139697;0,100340
2023-08-15;0,257529;0,500956;0,140371;0,101143
2023-08-16;0,257944;0,499627;0,140561;0,101868
2023-08-17;0,257481;0,498506;0,141354;0,102659
2023-08-18;0,255906;0,499778;0,141540;0,102776
2023-08-21;0,253833;0,504027;0,140421;0,101719
2023-08-22;0,255102;0,502793;0,140509;0,101596
2023-08-23;0,254058;0,505431;0,140171;0,100340
2023-08-24;0,257054;0,499604;0,141785;0,101557
2023-08-25;0,255817;0,502184;0,140925;0,101074
2023-08-29;0,255356;0,505899;0,139723;0,099022
2023-08-30;0,253990;0,507749;0,139601;0,098661
2023-08-31;0,254309;0,508428;0,138884;0,098379
2023-09-01;0,254855;0,508515;0,138520;0,098110
2023-09-05;0,254571;0,509991;0,137373;0,098066
2023-09-06;0,255571;0,508084;0,137601;0,098743
2023-09-07;0,257116;0,504512;0,138830;0,099542
2023-09-08;0,257570;0,504508;0,138577;0,099345
2023-09-11;0,256610;0,505845;0,138453;0,099092
2023-09-12;0,259754;0,501196;0,139023;0,100027
2023-09-13;0,259361;0,502070;0,138609;0,099961
2023-09-14;0,260737;0,502228;0,137730;0,099305
2023-09-15;0,262538;0,497213;0,139988;0,100262
2023-09-18;0,261198;0,498368;0,140409;0,100025
2023-09-19;0,260368;0,498938;0,140491;0,100203
2023-09-20;0,263391;0,494245;0,141507;0,100857
2023-09-21;0,263183;0,492546;0,142148;0,102122
2023-09-22;0,263213;0,492554;0,142316;0,101917
2023-09-25;0,262268;0,494200;0,141591;0,101940
2023-09-26;0,263935;0,490872;0,142071;0,103122
2023-09-27;0,263981;0,492231;0,140506;0,103282
2023-09-28;0,263396;0,494253;0,139341;0,103010
2023-09-29;0,263844;0,495454;0,137785;0,102918
2023-10-02;0,262340;0,499113;0,135954;0,102593
2023-10-03;0,262556;0,496477;0,137132;0,103834
2023-10-04;0,260248;0,500062;0,136383;0,103308
2023-10-05;0,259991;0,500539;0,136134;0,103336
2023-10-06;0,258278;0,504246;0,135287;0,102190
2023-10-09;0,257905;0,503607;0,136942;0,101546
2023-10-10;0,260702;0,502140;0,136063;0,101095
2023-10-11;0,258145;0,504669;0,136493;0,100693
2023-10-12;0,259887;0,503892;0,135733;0,100488
2023-10-13;0,259720;0,498714;0,140644;0,100922
2023-10-16;0,259405;0,500887;0,139300;0,100408
2023-10-17;0,260184;0,499469;0,139745;0,100602
2023-10-18;0,259733;0,496712;0,142460;0,101095
2023-10-19;0,258749;0,495236;0,144596;0,101419
2023-10-20;0,257436;0,493022;0,146817;0,102725
2023-10-23;0,256386;0,494216;0,146532;0,102866
2023-10-24;0,256687;0,495170;0,145772;0,102371
2023-10-25;0,257525;0,492198;0,147294;0,102983
2023-10-26;0,257777;0,488635;0,149315;0,104274
2023-10-27;0,255501;0,489929;0,150589;0,103981
2023-10-30;0,254852;0,492709;0,148968;0,103471
2023-10-31;0,255333;0,494094;0,147545;0,103028
2023-11-01;0,254749;0,497973;0,145379;0,101899
2023-11-02;0,255769;0,499671;0,143983;0,100578
2023-11-03;0,254289;0,502006;0,143677;0,100029
2023-11-06;0,253298;0,504511;0,142309;0,099882
2023-11-07;0,253525;0,506528;0,140729;0,099218
2023-11-08;0,252868;0,508835;0,139178;0,099120
2023-11-09;0,254590;0,506508;0,139719;0,099183
2023-11-10;0,251637;0,513712;0,136607;0,098044
2023-11-13;0,252995;0,511265;0,137578;0,098162
2023-11-14;0,250910;0,515065;0,137062;0,096962
2023-11-15;0,252103;0,514687;0,136420;0,096790
2023-11-16;0,250207;0,515701;0,137551;0,096541
2023-11-17;0,251487;0,514472;0,137508;0,096532
2023-11-20;0,249853;0,518085;0,136241;0,095821
2023-11-21;0,249873;0,515740;0,138191;0,096197
2023-11-22;0,251047;0,516019;0,137070;0,095863
2023-11-24;0,249488;0,516270;0,138134;0,096108
2023-11-27;0,249041;0,515885;0,139022;0,096052
2023-11-28;0,247656;0,515878;0,140576;0,095889
2023-11-29;0,247467;0,515949;0,140744;0,095840
2023-11-30;0,247669;0,516442;0,140055;0,095834
2023-12-01;0,247755;0,515072;0,141790;0,095383
2023-12-04;0,249755;0,513806;0,140118;0,096322
2023-12-05;0,249856;0,515064;0,139077;0,096003
2023-12-06;0,251311;0,512337;0,140032;0,096319
2023-12-07;0,250156;0,514900;0,139262;0,095682
2023-12-08;0,250541;0,517283;0,136845;0,095332
2023-12-11;0,250214;0,519882;0,134903;0,095002
2023-12-12;0,250052;0,521122;0,134225;0,094601
2023-12-13;0,249196;0,521001;0,136040;0,093763
2023-12-14;0,249169;0,520033;0,136938;0,093860
2023-12-15;0,249769;0,521306;0,135275;0,093650
2023-12-18;0,250120;0,521086;0,135451;0,093342
2023-12-19;0,249093;0,521768;0,136030;0,093110
2023-12-20;0,252861;0,517230;0,136171;0,093737
2023-12-21;0,250222;0,520134;0,136367;0,093278
2023-12-22;0,249548;0,520362;0,136883;0,093207
2023-12-27;0,248999;0,520214;0,137967;0,092820
2023-12-28;0,250079;0,520197;0,136957;0,092767
2023-12-29;0,250670;0,519470;0,136939;0,092921
2024-01-02;0,254072;0,513094;0,138575;0,094259
2024-01-03;0,253776;0,512371;0,138727;0,095126
2024-01-04;0,254616;0,510516;0,139354;0,095513
2024-01-05;0,253689;0,511125;0,139522;0,095663
2024-01-08;0,251001;0,517661;0,136813;0,094525
2024-01-09;0,252062;0,517149;0,136497;0,094292
2024-01-10;0,251395;0,519145;0,135583;0,093877
2024-01-11;0,250022;0,520698;0,135548;0,093733
2024-01-12;0,250213;0,520135;0,136301;0,093350
2024-01-16;0,250756;0,521027;0,134929;0,093287
2024-01-17;0,249933;0,521880;0,134263;0,093923
2024-01-18;0,247739;0,525781;0,133695;0,092785
2024-01-19;0,245866;0,530392;0,132242;0,091500
2024-01-22;0,246870;0,530730;0,131233;0,091167
2024-01-23;0,246291;0,531399;0,131384;0,090926
2024-01-24;0,246577;0,533011;0,129825;0,090588
2024-01-25;0,246250;0,533497;0,129912;0,090342
2024-01-26;0,248224;0,530408;0,130493;0,090875
2024-01-29;0,247117;0,531934;0,130630;0,090318
2024-01-30;0,249417;0,528890;0,131134;0,090558
2024-01-31;0,250529;0,524824;0,132848;0,091799
2024-02-01;0,247939;0,527613;0,133263;0,091185
2024-02-02;0,249854;0,528777;0,130898;0,090471
2024-02-05;0,250572;0,529127;0,129975;0,090325
2024-02-06;0,250862;0,527666;0,130961;0,090511
2024-02-07;0,249703;0,530595;0,129867;0,089834
2024-02-08;0,249616;0,531209;0,129477;0,089697
2024-02-09;0,248302;0,534514;0,128118;0,089066
2024-02-12;0,250896;0,531693;0,128117;0,089294
2024-02-13;0,251079;0,530210;0,128129;0,090582
2024-02-14;0,250906;0,531998;0,127129;0,089967
2024-02-15;0,252032;0,530194;0,127875;0,089899
2024-02-16;0,254026;0,527006;0,128759;0,090208
2024-02-20;0,252847;0,525669;0,130570;0,090913
2024-02-21;0,253755;0,524065;0,130961;0,091219
2024-02-22;0,252445;0,529951;0,128235;0,089369
2024-02-23;0,252894;0,528743;0,128979;0,089384
2024-02-26;0,252556;0,529323;0,128727;0,089395
2024-02-27;0,252117;0,529850;0,128608;0,089425
2024-02-28;0,252879;0,528383;0,129128;0,089610
2024-02-29;0,251572;0,530590;0,128806;0,089032
2024-03-01;0,250068;0,532673;0,129457;0,087802
2024-03-04;0,249237;0,531742;0,131362;0,087658
2024-03-05;0,250793;0,526207;0,134069;0,088932
2024-03-06;0,250351;0,526995;0,134271;0,088384
2024-03-07;0,248861;0,529954;0,133648;0,087537
2024-03-08;0,249779;0,526146;0,135845;0,088230
2024-03-11;0,249311;0,525872;0,136380;0,088437
2024-03-12;0,248846;0,530376;0,133347;0,087431
2024-03-13;0,250239;0,527029;0,134904;0,087828
2024-03-14;0,250205;0,527472;0,134401;0,087923
2024-03-15;0,251364;0,524540;0,135303;0,088793
2024-03-18;0,252208;0,524594;0,134820;0,088378
2024-03-19;0,251667;0,525839;0,134344;0,088150
2024-03-20;0,250242;0,527468;0,134836;0,087454
2024-03-21;0,253683;0,525230;0,134038;0,087049
2024-03-22;0,253957;0,525838;0,133076;0,087130
2024-03-25;0,253997;0,524488;0,134011;0,087505
2024-03-26;0,254896;0,522861;0,134639;0,087604
2024-03-27;0,253720;0,523777;0,135134;0,087369
2024-03-28;0,254281;0,521860;0,136621;0,087238
2024-04-02;0,253146;0,519086;0,140352;0,087417
2024-04-03;0,252833;0,518888;0,141128;0,087152
2024-04-04;0,255409;0,515089;0,141560;0,087942
2024-04-05;0,252014;0,517589;0,143010;0,087387
2024-04-08;0,252225;0,516621;0,143819;0,087334
2024-04-09;0,250095;0,518352;0,144356;0,087197
2024-04-10;0,252692;0,515540;0,143949;0,087819
2024-04-11;0,249616;0,518903;0,144792;0,086689
2024-04-12;0,252992;0,515275;0,144224;0,087509
2024-04-15;0,254155;0,509522;0,148098;0,088225
2024-04-16;0,251205;0,511611;0,148693;0,088491
2024-04-17;0,252321;0,509208;0,149097;0,089374
2024-04-18;0,254263;0,505671;0,150238;0,089828
2024-04-19;0,255937;0,500817;0,152399;0,090847
2024-04-22;0,256766;0,504200;0,148364;0,090670
2024-04-23;0,256388;0,507127;0,146611;0,089874
2024-04-24;0,255913;0,508299;0,146115;0,089672
2024-04-25;0,253206;0,509193;0,147527;0,090075
2024-04-26;0,254831;0,509556;0,146481;0,089133
2024-04-29;0,253760;0,511193;0,145991;0,089055
2024-04-30;0,256689;0,507557;0,145331;0,090423
2024-05-01;0,256132;0,505368;0,147518;0,090983
2024-05-02;0,255111;0,508664;0,145901;0,090324
2024-05-03;0,253641;0,514147;0,143378;0,088833
2024-05-07;0,255178;0,513881;0,142888;0,088053
2024-05-08;0,255233;0,514529;0,142304;0,087934
2024-05-09;0,255300;0,512876;0,144099;0,087725
2024-05-10;0,255010;0,512886;0,144702;0,087402
2024-05-13;0,254350;0,515151;0,143105;0,087395
2024-05-14;0,252673;0,516883;0,143516;0,086928
2024-05-15;0,250416;0,520744;0,143181;0,085659
2024-05-16;0,251726;0,519607;0,142859;0,085807
2024-05-17;0,250343;0,518621;0,145192;0,085844
2024-05-20;0,249494;0,520623;0,144690;0,085193
2024-05-21;0,248672;0,521601;0,144504;0,085223
2024-05-22;0,248672;0,523766;0,142158;0,085404
2024-05-23;0,250501;0,523193;0,140239;0,086067
2024-05-24;0,248740;0,525633;0,139873;0,085754
2024-05-28;0,247362;0,526274;0,140876;0,085488
2024-05-29;0,247719;0,525913;0,140375;0,085993
2024-05-30;0,250104;0,520396;0,142403;0,087097
2024-05-31;0,249298;0,521752;0,141745;0,087206
2024-06-03;0,249732;0,520948;0,142454;0,086866
2024-06-04;0,249326;0,522463;0,141254;0,086957
2024-06-05;0,248283;0,525533;0,140608;0,085576
2024-06-06;0,249106;0,523650;0,141679;0,085564
2024-06-07;0,250651;0,526453;0,137036;0,085860
2024-06-10;0,249622;0,526694;0,137984;0,085700
2024-06-11;0,246665;0,531348;0,137099;0,084888
2024-06-12;0,245068;0,535637;0,135555;0,083739
2024-06-13;0,243853;0,538486;0,134128;0,083533
2024-06-14;0,243520;0,538067;0,135211;0,083202
2024-06-17;0,242087;0,541913;0,133444;0,082555
2024-06-18;0,243052;0,541013;0,133602;0,082332
2024-06-20;0,245022;0,536656;0,135706;0,082615
2024-06-21;0,245140;0,537780;0,134120;0,082961
2024-06-24;0,248474;0,531134;0,136379;0,084013
2024-06-25;0,245972;0,536233;0,134503;0,083292
2024-06-26;0,246648;0,536420;0,133506;0,083425
2024-06-27;0,246224;0,535692;0,134794;0,083290
2024-06-28;0,247396;0,534823;0,134555;0,083226
2024-07-01;0,245351;0,537140;0,134521;0,082989
2024-07-02;0,244599;0,538441;0,134175;0,082785
2024-07-03;0,242905;0,540643;0,134409;0,082044
2024-07-05;0,242379;0,540182;0,135688;0,081751
2024-07-08;0,242019;0,542658;0,133737;0,081586
2024-07-09;0,242536;0,542034;0,133871;0,081559
2024-07-10;0,240743;0,545161;0,133223;0,080873
2024-07-11;0,242825;0,538036;0,137264;0,081875
2024-07-12;0,242191;0,539887;0,136457;0,081465
2024-07-15;0,242002;0,539968;0,136681;0,081349
2024-07-16;0,241991;0,537547;0,139208;0,081254
2024-07-17;0,245476;0,529303;0,141948;0,083274
2024-07-18;0,244744;0,530447;0,141354;0,083455
2024-07-19;0,246660;0,528389;0,140470;0,084480
2024-07-22;0,244364;0,533651;0,138618;0,083366
2024-07-23;0,246105;0,531453;0,139088;0,083354
2024-07-24;0,248410;0,523538;0,142366;0,085686
2024-07-25;0,249987;0,522248;0,141365;0,086399
2024-07-26;0,248620;0,524156;0,141548;0,085675
2024-07-29;0,249401;0,523038;0,141687;0,085874
2024-07-30;0,252234;0,515982;0,144875;0,086908
2024-07-31;0,249180;0,522932;0,143369;0,084518
2024-08-01;0,252748;0,514734;0,146082;0,086437
2024-08-02;0,250543;0,511814;0,149162;0,088480
2024-08-05;0,252480;0,506250;0,150736;0,090535
2024-08-06;0,253009;0,508927;0,148252;0,089812
2024-08-07;0,257531;0,503281;0,148890;0,090299
2024-08-08;0,251736;0,511578;0,148194;0,088492
2024-08-09;0,251467;0,512208;0,148100;0,088224
2024-08-12;0,250219;0,512644;0,149524;0,087612
2024-08-13;0,247744;0,519378;0,146751;0,086126
2024-08-14;0,248745;0,520359;0,145067;0,085829
2024-08-15;0,247273;0,525590;0,142860;0,084277
2024-08-16;0,246078;0,524450;0,145473;0,083999
2024-08-19;0,244512;0,528253;0,143999;0,083236
2024-08-20;0,244543;0,527319;0,144738;0,083400
2024-08-21;0,243842;0,528836;0,144154;0,083169
2024-08-22;0,246892;0,524242;0,144479;0,084388
2024-08-23;0,244024;0,527600;0,144765;0,083611
2024-08-27;0,244007;0,525944;0,146122;0,083926
2024-08-28;0,245760;0,523200;0,146374;0,084666
2024-08-29;0,248607;0,519262;0,147338;0,084794
2024-08-30;0,246617;0,523450;0,145531;0,084402
2024-09-03;0,252292;0,512371;0,148709;0,086628
2024-09-04;0,250341;0,513242;0,149409;0,087008
2024-09-05;0,248943;0,513076;0,150859;0,087122
2024-09-06;0,250236;0,508662;0,152380;0,088721
2024-09-09;0,250364;0,510789;0,151190;0,087656
2024-09-10;0,248611;0,513946;0,150516;0,086927
2024-09-11;0,243790;0,522846;0,147851;0,085513
2024-09-12;0,245190;0,521404;0,148820;0,084587
2024-09-13;0,245430;0,520995;0,149431;0,084145
2024-09-16;0,244939;0,520768;0,149845;0,084448
2024-09-17;0,246899;0,519602;0,149066;0,084434
2024-09-18;0,246871;0,518938;0,149070;0,085121
2024-09-19;0,244642;0,523611;0,148319;0,083428
2024-09-20;0,243503;0,522262;0,150577;0,083658
2024-09-23;0,243488;0,522069;0,150792;0,083651
2024-09-24;0,242144;0,522610;0,152068;0,083178
2024-09-25;0,242303;0,523076;0,151589;0,083032
2024-09-26;0,240387;0,526011;0,151195;0,082407
2024-09-27;0,242572;0,523816;0,150748;0,082863
2024-09-30;0,241592;0,525775;0,149695;0,082939
2024-10-01;0,245124;0,518267;0,152794;0,083815
2024-10-02;0,244567;0,519819;0,152156;0,083458
2024-10-03;0,245285;0,520024;0,151527;0,083164
2024-10-04;0,244467;0,522612;0,150245;0,082676
2024-10-07;0,246474;0,520433;0,150174;0,082920
2024-10-08;0,243971;0,525928;0,147842;0,082258
2024-10-09;0,244016;0,528226;0,146045;0,081713
2024-10-10;0,244199;0,527265;0,146942;0,081594
2024-10-11;0,244267;0,526413;0,147954;0,081366
2024-10-14;0,243755;0,528965;0,146582;0,080699
2024-10-15;0,245435;0,523859;0,148963;0,081743
2024-10-16;0,245502;0,523795;0,149222;0,081480
2024-10-17;0,245816;0,523419;0,149574;0,081191
2024-10-18;0,244705;0,523662;0,150666;0,080967
2024-10-21;0,243564;0,525170;0,150426;0,080840
2024-10-22;0,243442;0,523987;0,151821;0,080750
2024-10-23;0,244992;0,521870;0,151544;0,081593
2024-10-24;0,244234;0,522065;0,152307;0,081393
2024-10-25;0,244146;0,522694;0,152055;0,081106
2024-10-28;0,244110;0,522710;0,152047;0,081133
2024-10-29;0,241593;0,525424;0,152495;0,080488
2024-10-30;0,243441;0,520962;0,154494;0,081103
2024-10-31;0,246824;0,514974;0,155355;0,082847
2024-11-01;0,246093;0,517118;0,154182;0,082607
2024-11-04;0,245247;0,517399;0,154622;0,082733
2024-11-05;0,243932;0,520348;0,153670;0,082049
2024-11-06;0,245737;0,526816;0,146660;0,080787
2024-11-07;0,243722;0,529282;0,147214;0,079782
2024-11-08;0,245066;0,528863;0,146220;0,079850
2024-11-11;0,248120;0,528266;0,143419;0,080194
2024-11-12;0,248653;0,528961;0,142180;0,080207
2024-11-13;0,249963;0,528483;0,141123;0,080431
2024-11-14;0,250573;0,527788;0,141040;0,080599
2024-11-15;0,252292;0,522811;0,142999;0,081898
2024-11-18;0,251832;0,521741;0,144952;0,081475
2024-11-19;0,250007;0,523364;0,145538;0,081091
2024-11-20;0,249422;0,523037;0,146421;0,081119
2024-11-21;0,250335;0,523163;0,146171;0,080331
2024-11-22;0,251671;0,521005;0,147339;0,079985
2024-11-25;0,253226;0,522913;0,143571;0,080290
2024-11-26;0,252686;0,523872;0,143406;0,080036
2024-11-27;0,252528;0,521639;0,145018;0,080816
2024-11-29;0,251907;0,522563;0,145298;0,080232
2024-12-02;0,252358;0,524645;0,143181;0,079815
2024-12-03;0,251741;0,525427;0,143167;0,079665
2024-12-04;0,249386;0,529608;0,142141;0,078865
2024-12-05;0,250318;0,528897;0,141617;0,079169
2024-12-06;0,249897;0,529752;0,141326;0,079025
2024-12-09;0,249426;0,528073;0,143201;0,079300
2024-12-10;0,250377;0,523872;0,145957;0,079794
2024-12-11;0,249033;0,526136;0,145829;0,079002
2024-12-12;0,250649;0,525566;0,144406;0,079378
2024-12-13;0,250468;0,527528;0,142643;0,079360
2024-12-16;0,248722;0,530145;0,142159;0,078973
2024-12-17;0,248748;0,529475;0,142415;0,079362
2024-12-18;0,254009;0,522635;0,142408;0,080948
2024-12-19;0,251088;0,524700;0,143021;0,081191
2024-12-20;0,249419;0,527153;0,143021;0,080407
2024-12-23;0,248501;0,529916;0,141603;0,079981
2024-12-24;0,247993;0,531623;0,140948;0,079435
2024-12-27;0,249122;0,528845;0,141949;0,080084
2024-12-30;0,250135;0,526432;0,142687;0,080746
