Date;value;daily_return;drawdown
2014-01-02;10000,00000000;;0,00000000
2014-01-03;10000,00000000;0,00000000;0,00000000
2014-01-06;10000,00000000;0,00000000;0,00000000
2014-01-07;10000,00000000;0,00000000;0,00000000
2014-01-08;10000,00000000;0,00000000;0,00000000
2014-01-09;10000,00000000;0,00000000;0,00000000
2014-01-10;10000,00000000;0,00000000;0,00000000
2014-01-13;10000,00000000;0,00000000;0,00000000
2014-01-14;10000,00000000;0,00000000;0,00000000
2014-01-15;10000,00000000;0,00000000;0,00000000
2014-01-16;10000,00000000;0,00000000;0,00000000
2014-01-17;10000,00000000;0,00000000;0,00000000
2014-01-21;10000,00000000;0,00000000;0,00000000
2014-01-22;10000,00000000;0,00000000;0,00000000
2014-01-23;10000,00000000;0,00000000;0,00000000
2014-01-24;10000,00000000;0,00000000;0,00000000
2014-01-27;10000,00000000;0,00000000;0,00000000
2014-01-28;10000,00000000;0,00000000;0,00000000
2014-01-29;10000,00000000;0,00000000;0,00000000
2014-01-30;10000,00000000;0,00000000;0,00000000
2014-01-31;10000,00000000;0,00000000;0,00000000
2014-02-03;10000,00000000;0,00000000;0,00000000
2014-02-04;10000,00000000;0,00000000;0,00000000
2014-02-05;10000,00000000;0,00000000;0,00000000
2014-02-06;10000,00000000;0,00000000;0,00000000
2014-02-07;10000,00000000;0,00000000;0,00000000
2014-02-10;10000,00000000;0,00000000;0,00000000
2014-02-11;10000,00000000;0,00000000;0,00000000
2014-02-12;10000,00000000;0,00000000;0,00000000
2014-02-13;10000,00000000;0,00000000;0,00000000
2014-02-14;10000,00000000;0,00000000;0,00000000
2014-02-18;10000,00000000;0,00000000;0,00000000
2014-02-19;10000,00000000;0,00000000;0,00000000
2014-02-20;10000,00000000;0,00000000;0,00000000
2014-02-21;10000,00000000;0,00000000;0,00000000
2014-02-24;10000,00000000;0,00000000;0,00000000
2014-02-25;10000,00000000;0,00000000;0,00000000
2014-02-26;10000,00000000;0,00000000;0,00000000
2014-02-27;10000,00000000;0,00000000;0,00000000
2014-02-28;10000,00000000;0,00000000;0,00000000
2014-03-03;10000,00000000;0,00000000;0,00000000
2014-03-04;10000,00000000;0,00000000;0,00000000
2014-03-05;10000,00000000;0,00000000;0,00000000
2014-03-06;10000,00000000;0,00000000;0,00000000
2014-03-07;10000,00000000;0,00000000;0,00000000
2014-03-10;10000,00000000;0,00000000;0,00000000
2014-03-11;10000,00000000;0,00000000;0,00000000
2014-03-12;10000,00000000;0,00000000;0,00000000
2014-03-13;10000,00000000;0,00000000;0,00000000
2014-03-14;10000,00000000;0,00000000;0,00000000
2014-03-17;10000,00000000;0,00000000;0,00000000
2014-03-18;10000,00000000;0,00000000;0,00000000
2014-03-19;10000,00000000;0,00000000;0,00000000
2014-03-20;10000,00000000;0,00000000;0,00000000
2014-03-21;10000,00000000;0,00000000;0,00000000
2014-03-24;10000,00000000;0,00000000;0,00000000
2014-03-25;10000,00000000;0,00000000;0,00000000
2014-03-26;10000,00000000;0,00000000;0,00000000
2014-03-27;10000,00000000;0,00000000;0,00000000
2014-03-28;10000,00000000;0,00000000;0,00000000
2014-03-31;10000,00000000;0,00000000;0,00000000
2014-04-01;10000,00000000;0,00000000;0,00000000
2014-04-02;10000,00000000;0,00000000;0,00000000
2014-04-03;10000,00000000;0,00000000;0,00000000
2014-04-04;10000,00000000;0,00000000;0,00000000
2014-04-07;10000,00000000;0,00000000;0,00000000
2014-04-08;10000,00000000;0,00000000;0,00000000
2014-04-09;10000,00000000;0,00000000;0,00000000
2014-04-10;10000,00000000;0,00000000;0,00000000
2014-04-11;10000,00000000;0,00000000;0,00000000
2014-04-14;10000,00000000;0,00000000;0,00000000
2014-04-15;10000,00000000;0,00000000;0,00000000
2014-04-16;10000,00000000;0,00000000;0,00000000
2014-04-17;10000,00000000;0,00000000;0,00000000
2014-04-22;10000,00000000;0,00000000;0,00000000
2014-04-23;10000,00000000;0,00000000;0,00000000
2014-04-24;10000,00000000;0,00000000;0,00000000
2014-04-25;10000,00000000;0,00000000;0,00000000
2014-04-28;10000,00000000;0,00000000;0,00000000
2014-04-29;10000,00000000;0,00000000;0,00000000
2014-04-30;10000,00000000;0,00000000;0,00000000
2014-05-01;10000,00000000;0,00000000;0,00000000
2014-05-02;10000,00000000;0,00000000;0,00000000
2014-05-06;10000,00000000;0,00000000;0,00000000
2014-05-07;10000,00000000;0,00000000;0,00000000
2014-05-08;10000,00000000;0,00000000;0,00000000
2014-05-09;10000,00000000;0,00000000;0,00000000
2014-05-12;10000,00000000;0,00000000;0,00000000
2014-05-13;10000,00000000;0,00000000;0,00000000
2014-05-14;10000,00000000;0,00000000;0,00000000
2014-05-15;10000,00000000;0,00000000;0,00000000
2014-05-16;10000,00000000;0,00000000;0,00000000
2014-05-19;10000,00000000;0,00000000;0,00000000
2014-05-20;10000,00000000;0,00000000;0,00000000
2014-05-21;10000,00000000;0,00000000;0,00000000
2014-05-22;10000,00000000;0,00000000;0,00000000
2014-05-23;10000,00000000;0,00000000;0,00000000
2014-05-27;10000,00000000;0,00000000;0,00000000
2014-05-28;10000,00000000;0,00000000;0,00000000
2014-05-29;10000,00000000;0,00000000;0,00000000
2014-05-30;10000,00000000;0,00000000;0,00000000
2014-06-02;10000,00000000;0,00000000;0,00000000
2014-06-03;10000,00000000;0,00000000;0,00000000
2014-06-04;10000,00000000;0,00000000;0,00000000
2014-06-05;10000,00000000;0,00000000;0,00000000
2014-06-06;10000,00000000;0,00000000;0,00000000
2014-06-09;10000,00000000;0,00000000;0,00000000
2014-06-10;10000,00000000;0,00000000;0,00000000
2014-06-11;10000,00000000;0,00000000;0,00000000
2014-06-12;10000,00000000;0,00000000;0,00000000
2014-06-13;10000,00000000;0,00000000;0,00000000
2014-06-16;10000,00000000;0,00000000;0,00000000
2014-06-17;10000,00000000;0,00000000;0,00000000
2014-06-18;10000,00000000;0,00000000;0,00000000
2014-06-19;10000,00000000;0,00000000;0,00000000
2014-06-20;10000,00000000;0,00000000;0,00000000
2014-06-23;10000,00000000;0,00000000;0,00000000
2014-06-24;10000,00000000;0,00000000;0,00000000
2014-06-25;10000,00000000;0,00000000;0,00000000
2014-06-26;10000,00000000;0,00000000;0,00000000
2014-06-27;10000,00000000;0,00000000;0,00000000
2014-06-30;10000,00000000;0,00000000;0,00000000
2014-07-01;10000,00000000;0,00000000;0,00000000
2014-07-02;10000,00000000;0,00000000;0,00000000
2014-07-03;10000,00000000;0,00000000;0,00000000
2014-07-07;10000,00000000;0,00000000;0,00000000
2014-07-08;10000,00000000;0,00000000;0,00000000
2014-07-09;10000,00000000;0,00000000;0,00000000
2014-07-10;10000,00000000;0,00000000;0,00000000
2014-07-11;10000,00000000;0,00000000;0,00000000
2014-07-14;10000,00000000;0,00000000;0,00000000
2014-07-15;10000,00000000;0,00000000;0,00000000
2014-07-16;10000,00000000;0,00000000;0,00000000
2014-07-17;10000,00000000;0,00000000;0,00000000
2014-07-18;10000,00000000;0,00000000;0,00000000
2014-07-21;10000,00000000;0,00000000;0,00000000
2014-07-22;10000,00000000;0,00000000;0,00000000
2014-07-23;10000,00000000;0,00000000;0,00000000
2014-07-24;10000,00000000;0,00000000;0,00000000
2014-07-25;10000,00000000;0,00000000;0,00000000
2014-07-28;10000,00000000;0,00000000;0,00000000
2014-07-29;10000,00000000;0,00000000;0,00000000
2014-07-30;10000,00000000;0,00000000;0,00000000
2014-07-31;10000,00000000;0,00000000;0,00000000
2014-08-01;10000,00000000;0,00000000;0,00000000
2014-08-04;10000,00000000;0,00000000;0,00000000
2014-08-05;10000,00000000;0,00000000;0,00000000
2014-08-06;10000,00000000;0,00000000;0,00000000
2014-08-07;10000,00000000;0,00000000;0,00000000
2014-08-08;10000,00000000;0,00000000;0,00000000
2014-08-11;10000,00000000;0,00000000;0,00000000
2014-08-12;10000,00000000;0,00000000;0,00000000
2014-08-13;10000,00000000;0,00000000;0,00000000
2014-08-14;10000,00000000;0,00000000;0,00000000
2014-08-15;10000,00000000;0,00000000;0,00000000
2014-08-18;10000,00000000;0,00000000;0,00000000
2014-08-19;10000,00000000;0,00000000;0,00000000
2014-08-20;10000,00000000;0,00000000;0,00000000
2014-08-21;10000,00000000;0,00000000;0,00000000
2014-08-22;10000,00000000;0,00000000;0,00000000
2014-08-26;10000,00000000;0,00000000;0,00000000
2014-08-27;10000,00000000;0,00000000;0,00000000
2014-08-28;10000,00000000;0,00000000;0,00000000
2014-08-29;10000,00000000;0,00000000;0,00000000
2014-09-02;10000,00000000;0,00000000;0,00000000
2014-09-03;10000,00000000;0,00000000;0,00000000
2014-09-04;10000,00000000;0,00000000;0,00000000
2014-09-05;10000,00000000;0,00000000;0,00000000
2014-09-08;10000,00000000;0,00000000;0,00000000
2014-09-09;10000,00000000;0,00000000;0,00000000
2014-09-10;10000,00000000;0,00000000;0,00000000
2014-09-11;10000,00000000;0,00000000;0,00000000
2014-09-12;10000,00000000;0,00000000;0,00000000
2014-09-15;10000,00000000;0,00000000;0,00000000
2014-09-16;10000,00000000;0,00000000;0,00000000
2014-09-17;10000,00000000;0,00000000;0,00000000
2014-09-18;10000,00000000;0,00000000;0,00000000
2014-09-19;10000,00000000;0,00000000;0,00000000
2014-09-22;10000,00000000;0,00000000;0,00000000
2014-09-23;10000,00000000;0,00000000;0,00000000
2014-09-24;10000,00000000;0,00000000;0,00000000
2014-09-25;10000,00000000;0,00000000;0,00000000
2014-09-26;10000,00000000;0,00000000;0,00000000
2014-09-29;10000,00000000;0,00000000;0,00000000
2014-09-30;10000,00000000;0,00000000;0,00000000
2014-10-01;10000,00000000;0,00000000;0,00000000
2014-10-02;10000,00000000;0,00000000;0,00000000
2014-10-03;10000,00000000;0,00000000;0,00000000
2014-10-06;10000,00000000;0,00000000;0,00000000
2014-10-07;10000,00000000;0,00000000;0,00000000
2014-10-08;10000,00000000;0,00000000;0,00000000
2014-10-09;10000,00000000;0,00000000;0,00000000
2014-10-10;10000,00000000;0,00000000;0,00000000
2014-10-13;10000,00000000;0,00000000;0,00000000
2014-10-14;10000,00000000;0,00000000;0,00000000
2014-10-15;10000,00000000;0,00000000;0,00000000
2014-10-16;10000,00000000;0,00000000;0,00000000
2014-10-17;10000,00000000;0,00000000;0,00000000
2014-10-20;10000,00000000;0,00000000;0,00000000
2014-10-21;10000,00000000;0,00000000;0,00000000
2014-10-22;10000,00000000;0,00000000;0,00000000
2014-10-23;10000,00000000;0,00000000;0,00000000
2014-10-24;10000,00000000;0,00000000;0,00000000
2014-10-27;10000,00000000;0,00000000;0,00000000
2014-10-28;10000,00000000;0,00000000;0,00000000
2014-10-29;10000,00000000;0,00000000;0,00000000
2014-10-30;10000,00000000;0,00000000;0,00000000
2014-10-31;10000,00000000;0,00000000;0,00000000
2014-11-03;10000,00000000;0,00000000;0,00000000
2014-11-04;10000,00000000;0,00000000;0,00000000
2014-11-05;10000,00000000;0,00000000;0,00000000
2014-11-06;10000,00000000;0,00000000;0,00000000
2014-11-07;10000,00000000;0,00000000;0,00000000
2014-11-10;10000,00000000;0,00000000;0,00000000
2014-11-11;10000,00000000;0,00000000;0,00000000
2014-11-12;10000,00000000;0,00000000;0,00000000
2014-11-13;10000,00000000;0,00000000;0,00000000
2014-11-14;10000,00000000;0,00000000;0,00000000
2014-11-17;10000,00000000;0,00000000;0,00000000
2014-11-18;10000,00000000;0,00000000;0,00000000
2014-11-19;10000,00000000;0,00000000;0,00000000
2014-11-20;10000,00000000;0,00000000;0,00000000
2014-11-21;10000,00000000;0,00000000;0,00000000
2014-11-24;10000,00000000;0,00000000;0,00000000
2014-11-25;10000,00000000;0,00000000;0,00000000
2014-11-26;10000,00000000;0,00000000;0,00000000
2014-11-28;10000,00000000;0,00000000;0,00000000
2014-12-01;10000,00000000;0,00000000;0,00000000
2014-12-02;10000,00000000;0,00000000;0,00000000
2014-12-03;10000,00000000;0,00000000;0,00000000
2014-12-04;10000,00000000;0,00000000;0,00000000
2014-12-05;10000,00000000;0,00000000;0,00000000
2014-12-08;10000,00000000;0,00000000;0,00000000
2014-12-09;10000,00000000;0,00000000;0,00000000
2014-12-10;10000,00000000;0,00000000;0,00000000
2014-12-11;10000,00000000;0,00000000;0,00000000
2014-12-12;10000,00000000;0,00000000;0,00000000
2014-12-15;10000,00000000;0,00000000;0,00000000
2014-12-16;10000,00000000;0,00000000;0,00000000
2014-12-17;10000,00000000;0,00000000;0,00000000
2014-12-18;10000,00000000;0,00000000;0,00000000
2014-12-19;10000,00000000;0,00000000;0,00000000
2014-12-22;10000,00000000;0,00000000;0,00000000
2014-12-23;10000,00000000;0,00000000;0,00000000
2014-12-24;10000,00000000;0,00000000;0,00000000
2014-12-29;10000,00000000;0,00000000;0,00000000
2014-12-30;10000,00000000;0,00000000;0,00000000
2014-12-31;10000,00000000;0,00000000;0,00000000
2015-01-02;10000,00000000;0,00000000;0,00000000
2015-01-05;9876,36043766;-0,01236396;-0,01236396
2015-01-06;9802,15750593;-0,00751319;-0,01978425
2015-01-07;9886,51037819;0,00860554;-0,01134896
2015-01-08;10092,25000831;0,02081014;0,00000000
2015-01-09;10008,32445581;-0,00831584;-0,00831584
2015-01-12;9951,91886805;-0,00563587;-0,01390484
2015-01-13;9991,59602697;0,00398689;-0,00997339
2015-01-14;9834,26584935;-0,01574625;-0,02556260
2015-01-15;9821,69918377;-0,00127784;-0,02680778
2015-01-16;9891,51567730;0,00710839;-0,01988995
2015-01-20;9946,58803623;0,00556764;-0,01443305
2015-01-21;10026,20597819;0,00800455;-0,00654403
2015-01-22;10154,11002012;0,01275697;0,00000000
2015-01-23;10189,64279948;0,00349935;0,00000000
2015-01-26;10153,74089182;-0,00352337;-0,00352337
2015-01-27;9942,16149463;-0,02083758;-0,02428753
2015-01-28;9942,01657662;-0,00001458;-0,02430176
2015-01-29;9957,43612996;0,00155095;-0,02278850
2015-01-30;9919,81215826;-0,00377848;-0,02648087
2015-02-02;9983,39284018;0,00640946;-0,02024114
2015-02-03;9984,52786829;0,00011369;-0,02012975
2015-02-04;10010,71639345;0,00262291;-0,01755963
2015-02-05;10042,83795826;0,00320872;-0,01440726
2015-02-06;9939,95597710;-0,01024431;-0,02450398
2015-02-09;9935,38883985;-0,00045947;-0,02495220
2015-02-10;9953,00312124;0,00177288;-0,02322355
2015-02-11;9922,44708244;-0,00307003;-0,02622228
2015-02-12;9964,96400810;0,00428492;-0,02204972
2015-02-13;10031,64296137;0,00669134;-0,01550593
2015-02-17;9979,36210808;-0,00521159;-0,02063671
2015-02-18;9981,97811212;0,00026214;-0,02037998
2015-02-19;9987,56322108;0,00055952;-0,01983186
2015-02-20;9982,92081170;-0,00046482;-0,02028746
2015-02-23;9991,60630130;0,00087003;-0,01943508
2015-02-24;10013,17746164;0,00215893;-0,01731811
2015-02-25;9999,90150043;-0,00132585;-0,01862100
2015-02-26;10041,59624823;0,00416952;-0,01452912
2015-02-27;10029,24819649;-0,00122969;-0,01574094
2015-03-02;10049,74450916;0,00204365;-0,01372946
2015-03-03;10013,94450830;-0,00356228;-0,01724283
2015-03-04;10011,36057172;-0,00025803;-0,01749642
2015-03-05;10028,34021809;0,00169604;-0,01583005
2015-03-06;9997,93837470;-0,00303159;-0,01881366
2015-03-09;9989,38400123;-0,00085561;-0,01965317
2015-03-10;9887,32939449;-0,01021631;-0,02966870
2015-03-11;9902,08220158;0,00149209;-0,02822087
2015-03-12;9953,81512249;0,00522445;-0,02314386
2015-03-13;9950,35485009;-0,00034763;-0,02348345
2015-03-16;10013,21811105;0,00631769;-0,01731412
2015-03-17;10020,98250953;0,00077541;-0,01655213
2015-03-18;10072,34924607;0,00512592;-0,01151106
2015-03-19;10086,62410458;0,00141723;-0,01011014
2015-03-20;10110,12649490;0,00233006;-0,00780364
2015-03-23;10113,09460776;0,00029358;-0,00751235
2015-03-24;10119,52145746;0,00063550;-0,00688163
2015-03-25;10005,45635575;-0,01127179;-0,01807585
2015-03-26;9988,98409997;-0,00164633;-0,01969242
2015-03-27;9980,22865835;-0,00087651;-0,02055167
2015-03-30;10061,67194378;0,00816046;-0,01255891
2015-03-31;10003,13588336;-0,00581773;-0,01830358
2015-04-01;9987,40278552;-0,00157282;-0,01984761
2015-04-02;10018,08476402;0,00307207;-0,01683651
2015-04-07;10113,00987419;0,00947538;-0,00752067
2015-04-08;10091,91499732;-0,00208591;-0,00959090
2015-04-09;10169,87018403;0,00772452;-0,00194046
2015-04-10;10270,90397509;0,00993462;0,00000000
2015-04-13;10252,39272338;-0,00180230;-0,00180230
2015-04-14;10181,26956508;-0,00693723;-0,00872702
2015-04-15;10244,79765728;0,00623970;-0,00254177
2015-04-16;10184,47099866;-0,00588852;-0,00841532
2015-04-17;10048,38817736;-0,01336180;-0,02166468
2015-04-20;10178,25197732;0,01292384;-0,00902082
2015-04-21;10180,12478133;0,00018400;-0,00883848
2015-04-22;10187,46427770;0,00072096;-0,00812389
2015-04-23;10219,14613647;0,00310989;-0,00503927
2015-04-24;10247,96965498;0,00282054;-0,00223294
2015-04-27;10269,45698663;0,00209674;-0,00014088
2015-04-28;10213,71338791;-0,00542810;-0,00556821
2015-04-29;10125,28986780;-0,00865733;-0,01417734
2015-04-30;10071,39492919;-0,00532280;-0,01942468
2015-05-01;10198,22394229;0,01259299;-0,00707630
2015-05-05;10099,60030837;-0,00967067;-0,01667854
2015-05-06;10026,81230549;-0,00720702;-0,02376535
2015-05-07;10067,67774018;0,00407562;-0,01978660
2015-05-08;10139,44835429;0,00712882;-0,01279884
2015-05-11;10049,35680958;-0,00888525;-0,02157037
2015-05-12;9969,13869012;-0,00798241;-0,02938060
2015-05-13;9981,73585236;0,00126362;-0,02815411
2015-05-14;10086,54123764;0,01049972;-0,01795000
2015-05-15;10071,12334301;-0,00152856;-0,01945112
2015-05-18;10139,36515637;0,00677599;-0,01280694
2015-05-19;10189,50897670;0,00494546;-0,00792481
2015-05-20;10172,76706623;-0,00164305;-0,00955485
2015-05-21;10172,51385065;-0,00002489;-0,00957950
2015-05-22;10214,04193668;0,00408238;-0,00553623
2015-05-26;10108,47640279;-0,01033533;-0,01581434
2015-05-27;10254,40401575;0,01443616;-0,00160648
2015-05-28;10250,08790833;-0,00042090;-0,00202670
2015-05-29;10178,44546198;-0,00698945;-0,00900198
2015-06-01;10223,53129552;0,00442954;-0,00461232
2015-06-02;10175,13794202;-0,00473353;-0,00932401
2015-06-03;10220,51887140;0,00445998;-0,00490562
2015-06-04;10128,27241352;-0,00902561;-0,01388695
2015-06-05;10101,86024673;-0,00260777;-0,01645851
2015-06-08;10020,48649403;-0,00805532;-0,02438125
2015-06-09;9961,02497734;-0,00593399;-0,03017057
2015-06-10;10052,83105979;0,00921653;-0,02123211
2015-06-11;10078,98261591;0,00260141;-0,01868593
2015-06-12;9979,75060352;-0,00984544;-0,02834739
2015-06-15;9909,89885642;-0,00699935;-0,03514833
2015-06-16;9934,60856725;0,00249344;-0,03274253
2015-06-17;9902,51903310;-0,00323008;-0,03586685
2015-06-18;9949,53524874;0,00474790;-0,03128923
2015-06-19;9910,74030588;-0,00389917;-0,03506640
2015-06-22;10042,20131582;0,01326450;-0,02226704
2015-06-23;10048,30467428;0,00060777;-0,02167281
2015-06-24;10028,69857952;-0,00195118;-0,02358170
2015-06-25;9998,31085657;-0,00303008;-0,02654032
2015-06-26;9934,10070344;-0,00642210;-0,03279198
2015-06-29;9733,91173630;-0,02015169;-0,05228286
2015-06-30;9713,93447958;-0,00205234;-0,05422789
2015-07-01;9812,07429791;0,01010299;-0,04467276
2015-07-02;9819,28287181;0,00073466;-0,04397092
2015-07-06;9762,50347233;-0,00578244;-0,04949910
2015-07-07;9741,56274281;-0,00214502;-0,05153794
2015-07-08;9713,50083774;-0,00288064;-0,05427011
2015-07-09;9733,15209758;0,00202309;-0,05235682
2015-07-10;9829,48933780;0,00989785;-0,04297719
2015-07-13;9928,78791653;0,01010211;-0,03330925
2015-07-14;9959,40087745;0,00308325;-0,03032869
2015-07-15;9958,42195720;-0,00009829;-0,03042400
2015-07-16;10044,39580384;0,00863328;-0,02205338
2015-07-17;10096,53002015;0,00519038;-0,01697747
2015-07-20;10150,46380958;0,00534181;-0,01172635
2015-07-21;10112,44566740;-0,00374546;-0,01542788
2015-07-22;9974,74833373;-0,01361662;-0,02883443
2015-07-23;10002,64204906;0,00279643;-0,02611863
2015-07-24;9936,64529325;-0,00659793;-0,03254423
2015-07-27;9820,96734261;-0,01164155;-0,04380692
2015-07-28;9876,32822834;0,00563701;-0,03841685
2015-07-29;9946,48776784;0,00710381;-0,03158594
2015-07-30;9961,79402500;0,00153886;-0,03009569
2015-07-31;9979,49280355;0,00177667;-0,02837249
2015-08-03;9943,65636660;-0,00359101;-0,03186162
2015-08-04;9903,82156669;-0,00400605;-0,03574003
2015-08-05;9983,26351395;0,00802134;-0,02800537
2015-08-06;9919,88077314;-0,00634890;-0,03417647
2015-08-07;9907,89339274;-0,00120842;-0,03534359
2015-08-10;10018,11857340;0,01112499;-0,02461180
2015-08-11;9879,79611750;-0,01380723;-0,03807920
2015-08-12;9816,93984189;-0,00636210;-0,04419904
2015-08-13;9870,92552193;0,00549924;-0,03894287
2015-08-14;9880,49907702;0,00096987;-0,03801076
2015-08-17;9932,37016493;0,00524984;-0,03296047
2015-08-18;9884,56956748;-0,00481261;-0,03761445
2015-08-19;9787,35930410;-0,00983455;-0,04707908
2015-08-20;9616,89262127;-0,01741703;-0,06367612
2015-08-21;9322,42778992;-0,03061954;-0,09234593
2015-08-24;8907,35061138;-0,04452458;-0,13275885
2015-08-25;9012,15538864;0,01176610;-0,12255480
2015-08-26;9168,72020597;0,01737263;-0,10731127
2015-08-27;9477,64002315;0,03369280;-0,07723409
2015-08-28;9520,06205097;0,00447601;-0,07310378
2015-09-01;9198,22866864;-0,03380581;-0,10443826
2015-09-02;9420,26733301;0,02413929;-0,08282004
2015-09-03;9427,35454198;0,00075234;-0,08213001
2015-09-04;9283,26292877;-0,01528442;-0,09615912
2015-09-08;9543,09936055;0,02798977;-0,07086081
2015-09-09;9417,90663106;-0,01311867;-0,08304988
2015-09-10;9512,39186398;0,01003251;-0,07385057
2015-09-11;9557,27173724;0,00471804;-0,06948096
2015-09-14;9533,64940839;-0,00247166;-0,07178088
2015-09-15;9656,48449781;0,01288437;-0,05982136
2015-09-16;9696,64194654;0,00415860;-0,05591154
2015-09-17;9630,50146700;-0,00682097;-0,06235113
2015-09-18;9505,45162478;-0,01298477;-0,07452629
2015-09-21;9600,36449891;0,00998510;-0,06528534
2015-09-22;9439,01210258;-0,01680690;-0,08099500
2015-09-23;9462,74057627;0,00251387;-0,07868474
2015-09-24;9462,74057627;0,00000000;-0,07868474
2015-09-25;9446,13401274;-0,00175494;-0,08030159
2015-09-28;9230,20684136;-0,02285879;-0,10132478
2015-09-29;9189,86363916;-0,00437078;-0,10525270
2015-09-30;9372,57666287;0,01988202;-0,08746332
2015-10-01;9377,31847924;0,00050592;-0,08700164
2015-10-02;9438,80249820;0,00655667;-0,08101541
2015-10-05;9525,54157229;0,00918963;-0,07257028
2015-10-06;9531,03159633;0,00057635;-0,07203576
2015-10-07;9551,89132640;0,00218861;-0,07000481
2015-10-08;9572,75247325;0,00218398;-0,06797372
2015-10-09;9592,51655981;0,00206462;-0,06604944
2015-10-12;9598,00422256;0,00057208;-0,06551514
2015-10-13;9588,12312380;-0,00102950;-0,06647719
2015-10-14;9579,34002984;-0,00091604;-0,06733233
2015-10-15;9637,52956212;0,00607448;-0,06166686
2015-10-16;9646,31407285;0,00091149;-0,06081158
2015-10-19;9663,88167753;0,00182117;-0,05910116
2015-10-20;9651,80315237;-0,00124986;-0,06027715
2015-10-21;9616,66983205;-0,00364008;-0,06369782
2015-10-22;9719,87614471;0,01073202;-0,05364940
2015-10-23;9850,53116081;0,01344205;-0,04092851
2015-10-26;9831,86649584;-0,00189479;-0,04274575
2015-10-27;9804,41826466;-0,00279176;-0,04541817
2015-10-28;9875,78291012;0,00727883;-0,03846994
2015-10-29;9862,60921371;-0,00133394;-0,03975256
2015-10-30;9830,76707425;-0,00322857;-0,04285279
2015-11-02;9873,58737276;0,00435574;-0,03868370
2015-11-03;9925,35808697;0,00524335;-0,03364318
2015-11-04;9932,44416446;0,00071394;-0,03295326
2015-11-05;9951,11465905;0,00187975;-0,03113546
2015-11-06;9995,42775943;0,00445308;-0,02682103
2015-11-09;9891,33482551;-0,01041405;-0,03695577
2015-11-10;9863,72514438;-0,00279130;-0,03964391
2015-11-11;9857,01555981;-0,00068023;-0,04029718
2015-11-12;9771,07979829;-0,00871823;-0,04866409
2015-11-13;9617,45501497;-0,01572240;-0,06362137
2015-11-16;9679,08840816;0,00640849;-0,05762059
2015-11-17;9765,01399013;0,00887745;-0,04925467
2015-11-18;9838,64287185;0,00754007;-0,04208598
2015-11-19;9878,96735003;0,00409858;-0,03815990
2015-11-20;9962,31125159;0,00843650;-0,03004533
2015-11-23;9946,14600411;-0,00162264;-0,03161922
2015-11-24;9936,11984390;-0,00100804;-0,03259539
2015-11-25;9935,29357895;-0,00008316;-0,03267584
2015-11-27;9966,06471613;0,00309715;-0,02967989
2015-11-30;9961,15575568;-0,00049257;-0,03015783
2015-12-01;10023,23009314;0,00623164;-0,02411413
2015-12-02;10038,91058650;0,00156442;-0,02258744
2015-12-03;9886,88541828;-0,01514359;-0,03738897
2015-12-04;9973,41350863;0,00875180;-0,02896439
2015-12-07;9945,49655039;-0,00279914;-0,03168245
2015-12-08;9928,18147454;-0,00174100;-0,03336829
2015-12-09;9808,05019763;-0,01210003;-0,04506456
2015-12-10;9797,62916379;-0,00106250;-0,04607918
2015-12-11;9607,95312241;-0,01935938;-0,06454650
2015-12-14;9601,36550674;-0,00068564;-0,06518788
2015-12-15;9748,97013430;0,01537330;-0,05081674
2015-12-16;9843,59650423;0,00970629;-0,04160369
2015-12-17;9825,79068623;-0,00180887;-0,04333730
2015-12-18;9671,48924810;-0,01570372;-0,05836046
2015-12-21;9707,30839194;0,00370358;-0,05487303
2015-12-22;9783,23335433;0,00782142;-0,04748079
2015-12-23;9890,35080256;0,01094908;-0,03705158
2015-12-24;9881,52038621;-0,00089283;-0,03791133
2015-12-29;10026,07614537;0,01462890;-0,02383703
2015-12-30;9960,12887793;-0,00657757;-0,03025781
2015-12-31;9865,95332115;-0,00945525;-0,03942697
2016-01-04;9690,68846625;-0,01776461;-0,05649118
2016-01-05;9719,89595135;0,00301397;-0,05364747
2016-01-06;9633,99628141;-0,00883751;-0,06201087
2016-01-07;9436,23026703;-0,02052793;-0,08126585
2016-01-08;9340,23799822;-0,01017273;-0,09061189
2016-01-11;9326,07153705;-0,00151671;-0,09199117
2016-01-12;9442,92810261;0,01253010;-0,08061373
2016-01-13;9327,56105495;-0,01221730;-0,09184614
2016-01-14;9359,92256459;0,00346945;-0,08869535
2016-01-15;9180,31767307;-0,01918872;-0,10618211
2016-01-19;9270,25602508;0,00979687;-0,09742550
2016-01-20;9060,14463231;-0,02266511;-0,11788245
2016-01-21;9175,93801557;0,01278052;-0,10660853
2016-01-22;9345,45253253;0,01847381;-0,09010419
2016-01-25;9300,10663058;-0,00485219;-0,09451917
2016-01-26;9333,11742016;0,00354951;-0,09130516
2016-01-27;9286,51418396;-0,00499332;-0,09584257
2016-01-28;9267,58808852;-0,00203802;-0,09768526
2016-01-29;9539,94797427;0,02938843;-0,07116764
2016-02-01;9529,28301471;-0,00111793;-0,07220601
2016-02-02;9358,91317254;-0,01787856;-0,08879363
2016-02-03;9347,40521204;-0,00122963;-0,08991407
2016-02-04;9356,60941266;0,00098468;-0,08901793
2016-02-05;9094,14731119;-0,02805098;-0,11457187
2016-02-08;8962,91675312;-0,01443022;-0,12734879
2016-02-09;8921,47272378;-0,00462394;-0,13138388
2016-02-10;8935,28838558;0,00154859;-0,13003876
2016-02-11;8916,86618937;-0,00206173;-0,13183239
2016-02-12;9041,19433599;0,01394303;-0,11972750
2016-02-16;9202,35800682;0,01782548;-0,10403621
2016-02-17;9391,14413307;0,02051497;-0,08565554
2016-02-18;9354,31057956;-0,00392216;-0,08924175
2016-02-19;9361,21594707;0,00073820;-0,08856942
2016-02-22;9485,54113762;0,01328088;-0,07646482
2016-02-23;9335,89035406;-0,01577673;-0,09103518
2016-02-24;9407,26158405;0,00764482;-0,08408631
2016-02-25;9524,68337779;0,01248204;-0,07265384
2016-02-26;9499,35285800;-0,00265946;-0,07512008
2016-02-29;9432,58914777;-0,00702824;-0,08162035
2016-03-01;9713,47048940;0,02977776;-0,05427307
2016-03-02;9787,05751109;0,00757577;-0,04710846
2016-03-03;9950,58379278;0,01670842;-0,03118715
2016-03-04;9950,58379278;0,00000000;-0,03118715
2016-03-07;9999,64128741;0,00493011;-0,02641079
2016-03-08;9950,58379278;-0,00490593;-0,03118715
2016-03-09;9876,99677108;-0,00739525;-0,03835176
2016-03-10;10032,34732351;0,01572852;-0,02322645
2016-03-11;9860,64453279;-0,01711492;-0,03994385
2016-03-14;9721,64699842;-0,01409619;-0,05347698
2016-03-15;9737,99923671;0,00168204;-0,05188489
2016-03-16;9942,40728376;0,02099076;-0,03198323
2016-03-17;9917,87853645;-0,00246708;-0,03437141
2016-03-18;9893,34978913;-0,00247318;-0,03675959
2016-03-21;9819,76276743;-0,00743803;-0,04392420
2016-03-22;9852,46802377;0,00333055;-0,04073993
2016-03-23;9615,35472038;-0,02406639;-0,06382586
2016-03-24;9607,17821136;-0,00085036;-0,06462194
2016-03-29;9795,23324036;0,01957443;-0,04631245
2016-03-30;9672,58872403;-0,01252084;-0,05825342
2016-03-31;9713,47048940;0,00422656;-0,05427307
2016-04-01;9656,23648574;-0,00589223;-0,05984551
2016-04-04;9616,68144758;-0,00409632;-0,06369668
2016-04-05;9687,00132914;0,00731228;-0,05685017
2016-04-06;9656,23648574;-0,00317589;-0,05984551
2016-04-07;9730,95104555;0,00773744;-0,05257112
2016-04-08;9722,16126993;-0,00090328;-0,05342691
2016-04-11;9792,48115149;0,00723295;-0,04658040
2016-04-12;9796,87624887;0,00044882;-0,04615248
2016-04-13;9739,74124032;-0,00583196;-0,05171529
2016-04-14;9665,02626137;-0,00767115;-0,05898972
2016-04-15;9700,18620215;0,00363785;-0,05556646
2016-04-18;9682,60623176;-0,00181233;-0,05727809
2016-04-19;9766,11140547;0,00862425;-0,04914782
2016-04-20;9739,74124032;-0,00270017;-0,05171529
2016-04-21;9761,71630809;0,00225623;-0,04957574
2016-04-22;9700,18620215;-0,00630321;-0,05556646
2016-04-25;9708,97639692;0,00090619;-0,05471063
2016-04-26;9735,34614293;0,00271602;-0,05214320
2016-04-27;9748,53143508;0,00135437;-0,05085945
2016-04-28;9840,82596528;0,00946753;-0,04187343
2016-04-29;9950,70088502;0,01116521;-0,03117575
2016-05-03;9924,33113900;-0,00265004;-0,03374317
2016-05-04;9897,96097384;-0,00265712;-0,03631063
2016-05-05;9889,17119821;-0,00088804;-0,03716642
2016-05-06;9933,12091462;0,00444423;-0,03288737
2016-05-09;9814,45621927;-0,01194637;-0,04444086
2016-05-10;9836,43128704;0,00223905;-0,04230131
2016-05-11;9884,77610083;0,00491487;-0,03759434
2016-05-12;9840,82596528;-0,00444624;-0,04187343
2016-05-13;9862,80103306;0,00223305;-0,03973389
2016-05-16;9871,59122782;0,00089125;-0,03887805
2016-05-17;9889,17119821;0,00178086;-0,03716642
2016-05-18;9788,08605411;-0,01022180;-0,04700832
2016-05-19;9779,29627848;-0,00089801;-0,04786411
2016-05-20;9766,11140547;-0,00134824;-0,04914782
2016-05-23;9761,71630809;-0,00045004;-0,04957574
2016-05-24;9669,42135875;-0,00945479;-0,05856180
2016-05-25;9656,23648574;-0,00136356;-0,05984551
2016-05-26;9634,26141797;-0,00227574;-0,06198506
2016-05-27;9599,10147719;-0,00364947;-0,06540831
2016-05-31;9616,68144758;0,00183142;-0,06369668
2016-06-01;9603,49615543;-0,00137109;-0,06498044
2016-06-02;9600,90184761;-0,00027014;-0,06523302
2016-06-03;9605,81314286;0,00051155;-0,06475485
2016-06-06;9609,83423661;0,00041861;-0,06436335
2016-06-07;9610,04852412;0,00002230;-0,06434248
2016-06-08;9612,55748108;0,00026108;-0,06409820
2016-06-09;9609,13415559;-0,00035613;-0,06443151
2016-06-10;9608,60036867;-0,00005555;-0,06448348
2016-06-13;9608,24939164;-0,00003653;-0,06451765
2016-06-14;9607,81525030;-0,00004518;-0,06455992
2016-06-15;9608,85728540;0,00010846;-0,06445846
2016-06-16;9609,25090523;0,00004096;-0,06442014
2016-06-17;9607,49362700;-0,00018287;-0,06459123
2016-06-20;9608,73470230;0,00012918;-0,06447040
2016-06-21;9606,80018456;-0,00020133;-0,06465875
2016-06-22;9606,55086059;-0,00002595;-0,06468302
2016-06-23;9607,28552273;0,00007648;-0,06461149
2016-06-24;9612,92418011;0,00058691;-0,06406250
2016-06-27;9611,72681167;-0,00012456;-0,06417908
2016-06-28;9612,72189755;0,00010353;-0,06408220
2016-06-29;9616,14820002;0,00035643;-0,06374860
2016-06-30;9621,24047789;0,00052955;-0,06325281
2016-07-01;9629,33994104;0,00084183;-0,06246422
2016-07-05;9630,60196100;0,00013106;-0,06234135
2016-07-06;9632,81053369;0,00022933;-0,06212632
2016-07-07;9632,98312660;0,00001792;-0,06210951
2016-07-08;9636,68195469;0,00038398;-0,06174939
2016-07-11;9637,20827643;0,00005462;-0,06169814
2016-07-12;9634,17316023;-0,00031494;-0,06199365
2016-07-13;9635,81776985;0,00017071;-0,06183353
2016-07-14;9634,82701491;-0,00010282;-0,06192999
2016-07-15;9634,87245843;0,00000472;-0,06192556
2016-07-18;9635,49592492;0,00006471;-0,06186486
2016-07-19;9636,38794855;0,00009258;-0,06177801
2016-07-20;9636,38669857;-0,00000013;-0,06177813
2016-07-21;9637,37070104;0,00010211;-0,06168233
2016-07-22;9637,95327502;0,00006045;-0,06162561
2016-07-25;9636,24219291;-0,00017754;-0,06179220
2016-07-26;9637,22628984;0,00010212;-0,06169639
2016-07-27;9640,87623503;0,00037873;-0,06134102
2016-07-28;9639,97791231;-0,00009318;-0,06142848
2016-07-29;9641,61620988;0,00016995;-0,06126898
2016-08-01;9642,96954825;0,00014036;-0,06113721
2016-08-02;9642,99676304;0,00000282;-0,06113456
2016-08-03;9640,52625987;-0,00025620;-0,06137510
2016-08-04;9643,66547085;0,00032563;-0,06106945
2016-08-05;9643,91770621;0,00002616;-0,06104490
2016-08-08;9644,08174921;0,00001701;-0,06102892
2016-08-09;9646,03256946;0,00020228;-0,06083899
2016-08-10;9646,01181770;-0,00000215;-0,06084101
2016-08-11;9646,64161997;0,00006529;-0,06077969
2016-08-12;9646,37006348;-0,00002815;-0,06080613
2016-08-15;9648,56597993;0,00022764;-0,06059233
2016-08-16;9646,76938517;-0,00018620;-0,06076725
2016-08-17;9645,70031404;-0,00011082;-0,06087134
2016-08-18;9647,94312464;0,00023252;-0,06065297
2016-08-19;9645,24068765;-0,00028010;-0,06091609
2016-08-22;9644,14108729;-0,00011400;-0,06102315
2016-08-23;9644,88344395;0,00007697;-0,06095087
2016-08-24;9644,07579591;-0,00008374;-0,06102950
2016-08-25;9642,11098432;-0,00020373;-0,06122080
2016-08-26;9642,33603071;0,00002334;-0,06119889
2016-08-30;9643,63545465;0,00013476;-0,06107238
2016-08-31;9642,29109249;-0,00013940;-0,06120327
2016-09-01;9641,40991405;-0,00009139;-0,06128906
2016-09-02;9646,72870247;0,00055166;-0,06077121
2016-09-06;9648,93747244;0,00022897;-0,06055616
2016-09-07;9647,58671334;-0,00013999;-0,06068767
2016-09-08;9646,14990339;-0,00014893;-0,06082756
2016-09-09;9643,53766588;-0,00027081;-0,06108190
2016-09-12;9639,31244949;-0,00043814;-0,06149328
2016-09-13;9639,95496936;0,00006666;-0,06143072
2016-09-14;9641,03550285;0,00011209;-0,06132551
2016-09-15;9642,56583813;0,00015873;-0,06117652
2016-09-16;9642,11094346;-0,00004718;-0,06122081
2016-09-19;9643,38482404;0,00013212;-0,06109678
2016-09-20;9644,33731343;0,00009877;-0,06100404
2016-09-21;9648,07243162;0,00038729;-0,06064038
2016-09-22;9651,91438287;0,00039821;-0,06026632
2016-09-23;9652,00988823;0,00000989;-0,06025702
2016-09-26;9649,57211863;-0,00025257;-0,06049437
2016-09-27;9647,78475392;-0,00018523;-0,06066839
2016-09-28;9647,71626802;-0,00000710;-0,06067506
2016-09-29;9647,58099081;-0,00001402;-0,06068823
2016-09-30;9649,55806472;0,00020493;-0,06049574
2016-10-03;9648,29326192;-0,00013107;-0,06061888
2016-10-04;9646,30987542;-0,00020557;-0,06081199
2016-10-05;9646,34197196;0,00000333;-0,06080886
2016-10-06;9645,70753666;-0,00006577;-0,06087063
2016-10-07;9647,46377543;0,00018207;-0,06069964
2016-10-10;9649,96534280;0,00025930;-0,06045608
2016-10-11;9646,07049272;-0,00040361;-0,06083530
2016-10-12;9648,37610440;0,00023902;-0,06061082
2016-10-13;9645,05173040;-0,00034455;-0,06093449
2016-10-14;9645,87092979;0,00008493;-0,06085473
2016-10-17;9645,30494156;-0,00005868;-0,06090983
2016-10-18;9646,42451122;0,00011607;-0,06080083
2016-10-19;9650,17730041;0,00038903;-0,06043545
2016-10-20;9647,09779352;-0,00031911;-0,06073528
2016-10-21;9647,89255561;0,00008238;-0,06065790
2016-10-24;9649,34687464;0,00015074;-0,06051630
2016-10-25;9650,10394429;0,00007846;-0,06044259
2016-10-26;9649,88926445;-0,00002225;-0,06046349
2016-10-27;9648,35285237;-0,00015922;-0,06061308
2016-10-28;9651,21081513;0,00029621;-0,06033482
2016-10-31;9652,49032360;0,00013257;-0,06021025
2016-11-01;9649,13314346;-0,00034780;-0,06053711
2016-11-02;9650,21936272;0,00011257;-0,06043135
2016-11-03;9646,12440807;-0,00042434;-0,06083005
2016-11-04;9647,13600528;0,00010487;-0,06073156
2016-11-07;9647,33644591;0,00002078;-0,06071204
2016-11-08;9650,01918982;0,00027808;-0,06045084
2016-11-09;9645,41590181;-0,00047702;-0,06089903
2016-11-10;9641,27448047;-0,00042937;-0,06130225
2016-11-11;9633,45846163;-0,00081068;-0,06206323
2016-11-14;9636,05225082;0,00026925;-0,06181070
2016-11-15;9641,66406165;0,00058238;-0,06126432
2016-11-16;9641,96724774;0,00003145;-0,06123480
2016-11-17;9644,49695809;0,00026236;-0,06098850
2016-11-18;9642,10595408;-0,00024791;-0,06122129
2016-11-21;9640,80138487;-0,00013530;-0,06134831
2016-11-22;9641,68302982;0,00009145;-0,06126247
2016-11-23;9638,36930759;-0,00034369;-0,06158510
2016-11-25;9640,70513540;0,00024235;-0,06135768
2016-11-28;9640,20738146;-0,00005163;-0,06140614
2016-11-29;9639,08587089;-0,00011634;-0,06151534
2016-11-30;9636,23725973;-0,00029553;-0,06179268
2016-12-01;9636,57028034;0,00003456;-0,06176026
2016-12-02;9634,57698828;-0,00020685;-0,06195433
2016-12-05;9635,44237278;0,00008982;-0,06187008
2016-12-06;9637,89714177;0,00025476;-0,06163107
2016-12-07;9642,27154862;0,00045388;-0,06120517
2016-12-08;9644,04521537;0,00018395;-0,06103248
2016-12-09;9643,89729035;-0,00001534;-0,06104688
2016-12-12;9641,05254026;-0,00029498;-0,06132386
2016-12-13;9644,92162658;0,00040131;-0,06094715
2016-12-14;9642,38425564;-0,00026308;-0,06119420
2016-12-15;9643,59859153;0,00012594;-0,06107597
2016-12-16;9640,33718782;-0,00033819;-0,06139350
2016-12-19;9644,72988751;0,00045566;-0,06096582
2016-12-20;9643,24732653;-0,00015372;-0,06111017
2016-12-21;9644,94481063;0,00017603;-0,06094490
2016-12-22;9642,46600175;-0,00025701;-0,06118624
2016-12-23;9643,52989499;0,00011033;-0,06108265
2016-12-28;9646,19128977;0,00027598;-0,06082353
2016-12-29;9649,35674310;0,00032816;-0,06051534
2016-12-30;9643,44743699;-0,00061240;-0,06109068
2017-01-03;9649,95587927;0,00067491;-0,06045701
2017-01-04;9651,75716219;0,00018666;-0,06028163
2017-01-05;9651,19225009;-0,00005853;-0,06033663
2017-01-06;9654,46609594;0,00033922;-0,06001788
2017-01-09;9657,05950167;0,00026862;-0,05976538
2017-01-10;9655,98989434;-0,00011076;-0,05986952
2017-01-11;9658,92125774;0,00030358;-0,05958411
2017-01-12;9658,20439506;-0,00007422;-0,05965391
2017-01-13;9660,41540490;0,00022893;-0,05943864
2017-01-17;9659,41888809;-0,00010315;-0,05953566
2017-01-18;9656,82204190;-0,00026884;-0,05978850
2017-01-19;9656,30110796;-0,00005394;-0,05983922
2017-01-20;9659,55033444;0,00033649;-0,05952287
2017-01-23;9656,69769350;-0,00029532;-0,05980061
2017-01-24;9657,05125259;0,00003661;-0,05976618
2017-01-25;9659,62968601;0,00026700;-0,05951514
2017-01-26;9659,99200572;0,00003751;-0,05947986
2017-01-27;9656,90166387;-0,00031991;-0,05978075
2017-01-30;9659,58091848;0,00027744;-0,05951989
2017-01-31;9658,39961243;-0,00012229;-0,05963490
2017-02-01;9659,14930592;0,00007762;-0,05956191
2017-02-02;9661,15117068;0,00020725;-0,05936700
2017-02-03;9661,65387542;0,00005203;-0,05931806
2017-02-06;9667,78459280;0,00063454;-0,05872116
2017-02-07;9667,57020094;-0,00002218;-0,05874203
2017-02-08;9668,16122898;0,00006114;-0,05868449
2017-02-09;9668,31320185;0,00001572;-0,05866969
2017-02-10;9667,70912131;-0,00006248;-0,05872851
2017-02-13;9667,94972598;0,00002489;-0,05870508
2017-02-14;9670,66360531;0,00028071;-0,05844085
2017-02-15;9670,64409731;-0,00000202;-0,05844275
2017-02-16;9671,42405885;0,00008065;-0,05836681
2017-02-17;9673,90357827;0,00025638;-0,05812540
2017-02-21;9672,96783005;-0,00009673;-0,05821651
2017-02-22;9673,42474830;0,00004724;-0,05817202
2017-02-23;9673,84990367;0,00004395;-0,05813063
2017-02-24;9675,19662194;0,00013921;-0,05799951
2017-02-27;9675,07629199;-0,00001244;-0,05801122
2017-02-28;9679,00799811;0,00040637;-0,05762842
2017-03-01;9679,68562793;0,00007001;-0,05756245
2017-03-02;9679,17118305;-0,00005315;-0,05761253
2017-03-03;9681,39389391;0,00022964;-0,05739612
2017-03-06;9683,26462469;0,00019323;-0,05721399
2017-03-07;9679,36200526;-0,00040303;-0,05759395
2017-03-08;9679,73825103;0,00003887;-0,05755732
2017-03-09;9679,57952332;-0,00001640;-0,05757278
2017-03-10;9682,50554558;0,00030229;-0,05728789
2017-03-13;9680,08861279;-0,00024962;-0,05752321
2017-03-14;9680,00824021;-0,00000830;-0,05753103
2017-03-15;9682,66778136;0,00027475;-0,05727210
2017-03-16;9684,43607092;0,00018262;-0,05709993
2017-03-17;9684,46178025;0,00000265;-0,05709743
2017-03-20;9682,57123579;-0,00019521;-0,05728150
2017-03-21;9681,98026064;-0,00006103;-0,05733903
2017-03-22;9682,04708960;0,00000690;-0,05733253
2017-03-23;9679,97222254;-0,00021430;-0,05753454
2017-03-24;9682,24760791;0,00023506;-0,05731300
2017-03-27;9681,28737619;-0,00009917;-0,05740650
2017-03-28;9682,84435756;0,00016082;-0,05725490
2017-03-29;9683,78134406;0,00009677;-0,05716368
2017-03-30;9683,79686554;0,00000160;-0,05716217
2017-03-31;9681,09687077;-0,00027882;-0,05742504
2017-04-03;9681,59197534;0,00005114;-0,05737684
2017-04-04;9682,03508689;0,00004577;-0,05733370
2017-04-05;9681,83049975;-0,00002113;-0,05735362
2017-04-06;9681,53317298;-0,00003071;-0,05738256
2017-04-07;9681,93302836;0,00004130;-0,05734363
2017-04-10;9681,82144665;-0,00001152;-0,05735450
2017-04-11;9682,59325486;0,00007972;-0,05727935
2017-04-12;9680,34854115;-0,00023183;-0,05749790
2017-04-13;9681,84973098;0,00015508;-0,05735174
2017-04-18;9682,76081875;0,00009410;-0,05726304
2017-04-19;9682,50974737;-0,00002593;-0,05728748
2017-04-20;9683,25403800;0,00007687;-0,05721502
2017-04-21;9683,37980564;0,00001299;-0,05720277
2017-04-24;9683,55169893;0,00001775;-0,05718604
2017-04-25;9684,16890491;0,00006374;-0,05712594
2017-04-26;9686,36246004;0,00022651;-0,05691237
2017-04-27;9683,74483959;-0,00027024;-0,05716723
2017-04-28;9687,85061569;0,00042399;-0,05676748
2017-05-02;9686,36661049;-0,00015318;-0,05691197
2017-05-03;9686,21903245;-0,00001524;-0,05692634
2017-05-04;9688,46418752;0,00023179;-0,05670774
2017-05-05;9686,69520907;-0,00018259;-0,05687998
2017-05-08;9689,20944290;0,00025956;-0,05663518
2017-05-09;9689,42077050;0,00002181;-0,05661461
2017-05-10;9691,73474576;0,00023881;-0,05638931
2017-05-11;9691,71545832;-0,00000199;-0,05639119
2017-05-12;9690,17002688;-0,00015946;-0,05654166
2017-05-15;9692,90759121;0,00028251;-0,05627512
2017-05-16;9693,51931209;0,00006311;-0,05621556
2017-05-17;9692,22248407;-0,00013378;-0,05634183
2017-05-18;9691,96248300;-0,00002683;-0,05636714
2017-05-19;9690,98175430;-0,00010119;-0,05646263
2017-05-22;9694,18818816;0,00033087;-0,05615044
2017-05-23;9694,53980927;0,00003627;-0,05611621
2017-05-24;9693,21020511;-0,00013715;-0,05624566
2017-05-25;9696,15357705;0,00030365;-0,05595909
2017-05-26;9699,19653875;0,00031383;-0,05566282
2017-05-30;9694,85448411;-0,00044767;-0,05608557
2017-05-31;9694,45762177;-0,00004094;-0,05612421
2017-06-01;9698,49729086;0,00041670;-0,05573090
2017-06-02;9699,90773647;0,00014543;-0,05559357
2017-06-05;9701,79938299;0,00019502;-0,05540940
2017-06-06;9701,44739518;-0,00003628;-0,05544367
2017-06-07;9704,17810003;0,00028147;-0,05517780
2017-06-08;9701,45691150;-0,00028041;-0,05544274
2017-06-09;9701,91899403;0,00004763;-0,05539775
2017-06-12;9698,67217180;-0,00033466;-0,05571387
2017-06-13;9701,76853248;0,00031926;-0,05541240
2017-06-14;9697,89835530;-0,00039891;-0,05578921
2017-06-15;9695,83135668;-0,00021314;-0,05599046
2017-06-16;9699,65861109;0,00039473;-0,05561783
2017-06-19;9700,01867395;0,00003712;-0,05558277
2017-06-20;9699,38594979;-0,00006523;-0,05564437
2017-06-21;9701,49954156;0,00021791;-0,05543859
2017-06-22;9704,57185436;0,00031668;-0,05513946
2017-06-23;9703,16300380;-0,00014517;-0,05527663
2017-06-26;9699,18798089;-0,00040966;-0,05566365
2017-06-27;9697,33972259;-0,00019056;-0,05584360
2017-06-28;9701,62932742;0,00044235;-0,05542595
2017-06-29;9695,16744239;-0,00066606;-0,05605510
2017-06-30;9696,33557319;0,00012049;-0,05594137
2017-07-03;9695,16188846;-0,00012104;-0,05605564
2017-07-05;9693,71633493;-0,00014910;-0,05619638
2017-07-06;9694,42491009;0,00007310;-0,05612739
2017-07-07;9695,89293183;0,00015143;-0,05598446
2017-07-10;9696,81660527;0,00009526;-0,05589453
2017-07-11;9696,94451685;0,00001319;-0,05588208
2017-07-12;9696,75279129;-0,00001977;-0,05590074
2017-07-13;9696,68886509;-0,00000659;-0,05590697
2017-07-14;9700,79126830;0,00042307;-0,05550755
2017-07-17;9699,29162656;-0,00015459;-0,05565356
2017-07-18;9699,71625560;0,00004378;-0,05561221
2017-07-19;9700,47630023;0,00007836;-0,05553822
2017-07-20;9701,36273472;0,00009138;-0,05545191
2017-07-21;9701,14482978;-0,00002246;-0,05547313
2017-07-24;9700,70836403;-0,00004499;-0,05551562
2017-07-25;9700,99985145;0,00003005;-0,05548724
2017-07-26;9703,28401984;0,00023546;-0,05526485
2017-07-27;9705,01395944;0,00017828;-0,05509642
2017-07-28;9702,15961701;-0,00029411;-0,05537432
2017-07-31;9701,50295375;-0,00006768;-0,05543826
2017-08-01;9704,51042229;0,00031000;-0,05514544
2017-08-02;9706,61685447;0,00021706;-0,05494036
2017-08-03;9707,17813213;0,00005782;-0,05488571
2017-08-04;9708,16992925;0,00010217;-0,05478914
2017-08-07;9708,81590080;0,00006654;-0,05472625
2017-08-08;9709,27106781;0,00004688;-0,05468194
2017-08-09;9708,25644876;-0,00010450;-0,05478072
2017-08-10;9706,19132116;-0,00021272;-0,05498179
2017-08-11;9708,28373545;0,00021558;-0,05477806
2017-08-14;9708,48248146;0,00002047;-0,05475871
2017-08-15;9711,43895667;0,00030452;-0,05447086
2017-08-16;9709,91042178;-0,00015740;-0,05461969
2017-08-17;9709,77816033;-0,00001362;-0,05463256
2017-08-18;9707,17974916;-0,00026761;-0,05488555
2017-08-21;9708,68028201;0,00015458;-0,05473946
2017-08-22;9713,06204938;0,00045132;-0,05431284
2017-08-23;9713,28091182;0,00002253;-0,05429153
2017-08-24;9712,94510829;-0,00003457;-0,05432422
2017-08-25;9710,58345373;-0,00024315;-0,05455416
2017-08-29;9712,47996635;0,00019530;-0,05436951
2017-08-30;9713,49001097;0,00010399;-0,05427117
2017-08-31;9716,97698553;0,00035898;-0,05393167
2017-09-01;9717,24300625;0,00002738;-0,05390577
2017-09-05;9711,52107221;-0,00058884;-0,05446287
2017-09-06;9715,46317413;0,00040592;-0,05407906
2017-09-07;9715,85035772;0,00003985;-0,05404136
2017-09-08;9712,59338038;-0,00033522;-0,05435847
2017-09-11;9714,44359885;0,00019050;-0,05417833
2017-09-12;9718,46264891;0,00041372;-0,05378702
2017-09-13;9718,70135475;0,00002456;-0,05376378
2017-09-14;9715,11662687;-0,00036885;-0,05411280
2017-09-15;9714,15125670;-0,00009937;-0,05420679
2017-09-18;9715,04228021;0,00009172;-0,05412004
2017-09-19;9719,59831122;0,00046897;-0,05367645
2017-09-20;9719,13001995;-0,00004818;-0,05372204
2017-09-21;9718,52637781;-0,00006211;-0,05378082
2017-09-22;9718,74218729;0,00002221;-0,05375980
2017-09-25;9717,78971459;-0,00009800;-0,05385254
2017-09-26;9718,35359590;0,00005803;-0,05379764
2017-09-27;9719,46694565;0,00011456;-0,05368924
2017-09-28;9717,45548716;-0,00020695;-0,05388508
2017-09-29;9722,81505096;0,00055154;-0,05336326
2017-10-02;9724,54266469;0,00017769;-0,05319506
2017-10-03;9725,13444626;0,00006085;-0,05313744
2017-10-04;9723,02556234;-0,00021685;-0,05334276
2017-10-05;9727,08662702;0,00041767;-0,05294737
2017-10-06;9725,71762718;-0,00014074;-0,05308066
2017-10-09;9725,46382545;-0,00002610;-0,05310537
2017-10-10;9725,09829810;-0,00003758;-0,05314096
2017-10-11;9725,64840072;0,00005657;-0,05308740
2017-10-12;9729,85043442;0,00043206;-0,05267828
2017-10-13;9729,56575284;-0,00002926;-0,05270600
2017-10-16;9728,01217492;-0,00015968;-0,05285726
2017-10-17;9730,62915389;0,00026901;-0,05260246
2017-10-18;9730,96075299;0,00003408;-0,05257018
2017-10-19;9730,43828229;-0,00005369;-0,05262104
2017-10-20;9733,33475799;0,00029767;-0,05233904
2017-10-23;9731,11458073;-0,00022810;-0,05255520
2017-10-24;9735,74013168;0,00047534;-0,05210484
2017-10-25;9733,64060714;-0,00021565;-0,05230926
2017-10-26;9735,01942011;0,00014165;-0,05217501
2017-10-27;9737,94331329;0,00030035;-0,05189034
2017-10-30;9735,39120705;-0,00026208;-0,05213882
2017-10-31;9737,62500046;0,00022945;-0,05192133
2017-11-01;9739,02347439;0,00014362;-0,05178517
2017-11-02;9738,29314361;-0,00007499;-0,05185628
2017-11-03;9738,94992362;0,00006744;-0,05179233
2017-11-06;9741,01167836;0,00021170;-0,05159159
2017-11-07;9740,91736724;-0,00000968;-0,05160078
2017-11-08;9741,71923498;0,00008232;-0,05152270
2017-11-09;9738,38253828;-0,00034252;-0,05184757
2017-11-10;9739,70764887;0,00013607;-0,05171856
2017-11-13;9740,32258843;0,00006314;-0,05165868
2017-11-14;9739,92527192;-0,00004079;-0,05169737
2017-11-15;9738,76315264;-0,00011932;-0,05181051
2017-11-16;9742,29910937;0,00036308;-0,05146625
2017-11-17;9739,42961387;-0,00029454;-0,05174563
2017-11-20;9741,72932774;0,00023612;-0,05152172
2017-11-21;9745,37421926;0,00037415;-0,05116685
2017-11-22;9744,85680785;-0,00005309;-0,05121722
2017-11-24;9743,33789428;-0,00015587;-0,05136511
2017-11-27;9743,12028831;-0,00002233;-0,05138629
2017-11-28;9748,63771863;0,00056629;-0,05084910
2017-11-29;9743,51824427;-0,00052515;-0,05134755
2017-11-30;9744,16776178;0,00006666;-0,05128431
2017-12-01;9743,54806744;-0,00006360;-0,05134464
2017-12-04;9744,47035193;0,00009466;-0,05125485
2017-12-05;9745,41245279;0,00009668;-0,05116312
2017-12-06;9744,78221243;-0,00006467;-0,05122448
2017-12-07;9746,23762364;0,00014935;-0,05108278
2017-12-08;9748,28987591;0,00021057;-0,05088297
2017-12-11;9748,47000830;0,00001848;-0,05086543
2017-12-12;9750,02500992;0,00015951;-0,05071403
2017-12-13;9748,89313102;-0,00011609;-0,05082424
2017-12-14;9749,11349166;0,00002260;-0,05080278
2017-12-15;9751,97149296;0,00029315;-0,05052452
2017-12-18;9754,01963313;0,00021002;-0,05032511
2017-12-19;9753,85475458;-0,00001690;-0,05034116
2017-12-20;9753,17605648;-0,00006958;-0,05040724
2017-12-21;9753,69689408;0,00005340;-0,05035653
2017-12-22;9755,49861724;0,00018472;-0,05018111
2017-12-27;9756,12648638;0,00006436;-0,05011998
2017-12-28;9755,95452907;-0,00001763;-0,05013672
2017-12-29;9753,49520893;-0,00025208;-0,05037617
2018-01-02;9754,88096664;0,00014208;-0,05024125
2018-01-03;9759,11892036;0,00043444;-0,04982863
2018-01-04;9762,60455303;0,00035717;-0,04948926
2018-01-05;9763,91267157;0,00013399;-0,04936190
2018-01-08;9765,60713045;0,00017354;-0,04919692
2018-01-09;9765,61119617;0,00000042;-0,04919652
2018-01-10;9765,13431699;-0,00004883;-0,04924295
2018-01-11;9765,28364020;0,00001529;-0,04922842
2018-01-12;9771,04335127;0,00058982;-0,04866764
2018-01-16;9768,44507581;-0,00026592;-0,04892061
2018-01-17;9770,23338824;0,00018307;-0,04874650
2018-01-18;9769,61407838;-0,00006339;-0,04880679
2018-01-19;9772,31600134;0,00027656;-0,04854373
2018-01-22;9774,29150146;0,00020215;-0,04835139
2018-01-23;9776,60908914;0,00023711;-0,04812574
2018-01-24;9776,68789494;0,00000806;-0,04811807
2018-01-25;9774,55412610;-0,00021825;-0,04832582
2018-01-26;9780,54607840;0,00061302;-0,04774243
2018-01-29;9777,09094429;-0,00035327;-0,04807883
2018-01-30;9774,35331005;-0,00028000;-0,04834537
2018-01-31;9776,33603100;0,00020285;-0,04815233
2018-02-01;9776,23423250;-0,00001041;-0,04816224
2018-02-02;9771,05874514;-0,00052939;-0,04866614
2018-02-05;9764,70387033;-0,00065038;-0,04928486
2018-02-06;9761,90357849;-0,00028678;-0,04955751
2018-02-07;9764,81040554;0,00029777;-0,04927449
2018-02-08;9755,67902484;-0,00093513;-0,05016354
2018-02-09;9758,60743351;0,00030017;-0,04987843
2018-02-12;9763,97089538;0,00054961;-0,04935623
2018-02-13;9764,53866397;0,00005815;-0,04930095
2018-02-14;9770,53364951;0,00061395;-0,04871726
2018-02-15;9774,36037302;0,00039166;-0,04834468
2018-02-16;9776,50409286;0,00021932;-0,04813597
2018-02-20;9774,08856307;-0,00024708;-0,04837115
2018-02-21;9772,08486413;-0,00020500;-0,04856623
2018-02-22;9774,12218501;0,00020848;-0,04836787
2018-02-23;9777,79567073;0,00037584;-0,04801021
2018-02-26;9779,92523017;0,00021780;-0,04780288
2018-02-27;9779,17775233;-0,00007643;-0,04787565
2018-02-28;9779,41379618;0,00002414;-0,04785267
2018-03-01;9776,37153923;-0,00031109;-0,04814887
2018-03-02;9776,93947304;0,00005809;-0,04809358
2018-03-05;9778,86311817;0,00019675;-0,04790629
2018-03-06;9781,55879476;0,00027566;-0,04764383
2018-03-07;9780,81438311;-0,00007610;-0,04771631
2018-03-08;9781,50331352;0,00007044;-0,04764923
2018-03-09;9786,73698143;0,00053506;-0,04713967
2018-03-12;9788,66178214;0,00019667;-0,04695226
2018-03-13;9786,28034612;-0,00024329;-0,04718413
2018-03-14;9785,62242432;-0,00006723;-0,04724818
2018-03-15;9783,71211892;-0,00019522;-0,04743417
2018-03-16;9785,26376976;0,00015860;-0,04728310
2018-03-19;9780,55555365;-0,00048115;-0,04774151
2018-03-20;9779,27863292;-0,00013056;-0,04786583
2018-03-21;9783,41491089;0,00042296;-0,04746311
2018-03-22;9778,50440127;-0,00050192;-0,04794121
2018-03-23;9776,98310610;-0,00015558;-0,04808933
2018-03-26;9779,13338431;0,00021993;-0,04787997
2018-03-27;9779,59991957;0,00004771;-0,04783455
2018-03-28;9775,67603500;-0,00040123;-0,04821659
2018-03-29;9781,74574341;0,00062090;-0,04762563
2018-04-03;9777,87484257;-0,00039573;-0,04800251
2018-04-04;9781,53170733;0,00037399;-0,04764647
2018-04-05;9785,79101146;0,00043544;-0,04723177
2018-04-06;9781,94242589;-0,00039328;-0,04760648
2018-04-09;9784,20423728;0,00023122;-0,04738626
2018-04-10;9787,07308111;0,00029321;-0,04710694
2018-04-11;9789,18251052;0,00021553;-0,04690156
2018-04-12;9788,60592098;-0,00005890;-0,04695770
2018-04-13;9789,16293717;0,00005690;-0,04690347
2018-04-16;9792,16820061;0,00030700;-0,04661087
2018-04-17;9795,92193364;0,00038334;-0,04624540
2018-04-18;9795,81435814;-0,00001098;-0,04625587
2018-04-19;9795,94839072;0,00001368;-0,04624282
2018-04-20;9793,41918673;-0,00025819;-0,04648907
2018-04-23;9792,80637054;-0,00006257;-0,04654874
2018-04-24;9792,36694347;-0,00004487;-0,04659152
2018-04-25;9790,55210934;-0,00018533;-0,04676822
2018-04-26;9794,24419083;0,00037711;-0,04640875
2018-04-27;9797,77603791;0,00036060;-0,04606488
2018-04-30;9795,25079917;-0,00025774;-0,04631074
2018-05-01;9795,83726164;0,00005987;-0,04625364
2018-05-02;9797,56960318;0,00017684;-0,04608498
2018-05-03;9797,20057231;-0,00003767;-0,04612091
2018-05-04;9803,98338578;0,00069232;-0,04546052
2018-05-08;9806,65644744;0,00027265;-0,04520026
2018-05-09;9807,50570889;0,00008660;-0,04511757
2018-05-10;9812,27600470;0,00048639;-0,04465313
2018-05-11;9811,91879748;-0,00003640;-0,04468790
2018-05-14;9811,38865939;-0,00005403;-0,04473952
2018-05-15;9808,99902143;-0,00024356;-0,04497218
2018-05-16;9810,61093441;0,00016433;-0,04481524
2018-05-17;9810,46703231;-0,00001467;-0,04482925
2018-05-18;9810,96036511;0,00005029;-0,04478122
2018-05-21;9813,32253140;0,00024077;-0,04455123
2018-05-22;9813,39039471;0,00000692;-0,04454463
2018-05-23;9814,53437804;0,00011657;-0,04443325
2018-05-24;9817,53857959;0,00030610;-0,04414075
2018-05-25;9818,64351686;0,00011255;-0,04403317
2018-05-29;9816,97177104;-0,00017026;-0,04419593
2018-05-30;9817,45008282;0,00004872;-0,04414937
2018-05-31;9819,04107317;0,00016206;-0,04399446
2018-06-01;9820,97435988;0,00019689;-0,04380623
2018-06-04;9823,67735004;0,00027523;-0,04354306
2018-06-05;9824,17476103;0,00005063;-0,04349463
2018-06-06;9824,04576001;-0,00001313;-0,04350719
2018-06-07;9824,45504810;0,00004166;-0,04346735
2018-06-08;9826,60184648;0,00021852;-0,04325833
2018-06-11;9828,93006501;0,00023693;-0,04303165
2018-06-12;9828,60425609;-0,00003315;-0,04306337
2018-06-13;9828,04834288;-0,00005656;-0,04311749
2018-06-14;9832,28861650;0,00043145;-0,04270465
2018-06-15;9828,61941967;-0,00037318;-0,04306189
2018-06-18;9827,46132527;-0,00011783;-0,04317465
2018-06-19;9828,38864853;0,00009436;-0,04308436
2018-06-20;9827,25351805;-0,00011550;-0,04319488
2018-06-21;9825,83488228;-0,00014436;-0,04333300
2018-06-22;9827,51272800;0,00017076;-0,04316964
2018-06-25;9824,69831046;-0,00028638;-0,04344366
2018-06-26;9823,72316027;-0,00009925;-0,04353860
2018-06-27;9824,60795049;0,00009007;-0,04345246
2018-06-28;9824,81664335;0,00002124;-0,04343214
2018-06-29;9828,14231151;0,00033850;-0,04310834
2018-07-02;9825,02343625;-0,00031734;-0,04341201
2018-07-03;9827,99490800;0,00030244;-0,04312270
2018-07-05;9829,71379103;0,00017490;-0,04295534
2018-07-06;9833,39072171;0,00037406;-0,04259735
2018-07-09;9835,95863500;0,00026114;-0,04234733
2018-07-10;9837,07017754;0,00011301;-0,04223911
2018-07-11;9834,08347087;-0,00030362;-0,04252990
2018-07-12;9837,02159850;0,00029877;-0,04224384
2018-07-13;9837,78024742;0,00007712;-0,04216997
2018-07-16;9838,31018556;0,00005387;-0,04211838
2018-07-17;9838,07618620;-0,00002378;-0,04214116
2018-07-18;9840,42543394;0,00023879;-0,04191243
2018-07-19;9840,85253993;0,00004340;-0,04187085
2018-07-20;9842,20875124;0,00013781;-0,04173880
2018-07-23;9840,59593474;-0,00016387;-0,04189583
2018-07-24;9843,95680821;0,00034153;-0,04156861
2018-07-25;9844,91561593;0,00009740;-0,04147525
2018-07-26;9843,97926246;-0,00009511;-0,04156642
2018-07-27;9844,37875552;0,00004058;-0,04152752
2018-07-30;9840,62916957;-0,00038089;-0,04189259
2018-07-31;9843,70855239;0,00031293;-0,04159278
2018-08-01;9843,78223074;0,00000748;-0,04158560
2018-08-02;9845,92040830;0,00021721;-0,04137743
2018-08-03;9846,64749658;0,00007385;-0,04130663
2018-08-06;9848,72350617;0,00021083;-0,04110451
2018-08-07;9850,58807094;0,00018932;-0,04092297
2018-08-08;9850,15900789;-0,00004356;-0,04096475
2018-08-09;9851,34734364;0,00012064;-0,04084905
2018-08-10;9852,42965965;0,00010986;-0,04074367
2018-08-13;9853,24816756;0,00008308;-0,04066398
2018-08-14;9851,83260785;-0,00014366;-0,04080180
2018-08-15;9852,49822826;0,00006756;-0,04073699
2018-08-16;9853,68451992;0,00012041;-0,04062149
2018-08-17;9854,75618180;0,00010876;-0,04051715
2018-08-20;9854,95642694;0,00002032;-0,04049766
2018-08-21;9855,80569610;0,00008618;-0,04041497
2018-08-22;9855,92885054;0,00001250;-0,04040298
2018-08-23;9859,42570396;0,00035480;-0,04006252
2018-08-24;9860,44853076;0,00010374;-0,03996293
2018-08-28;9863,10967608;0,00026988;-0,03970384
2018-08-29;9862,16519508;-0,00009576;-0,03979579
2018-08-30;9865,82578173;0,00037117;-0,03943939
2018-08-31;9864,55007379;-0,00012931;-0,03956360
2018-09-04;9865,72405851;0,00011901;-0,03944929
2018-09-05;9862,73456456;-0,00030302;-0,03974036
2018-09-06;9863,74994859;0,00010295;-0,03964150
2018-09-07;9865,60198828;0,00018776;-0,03946118
2018-09-10;9865,51931751;-0,00000838;-0,03946923
2018-09-11;9867,30647107;0,00018115;-0,03929523
2018-09-12;9867,21831201;-0,00000893;-0,03930381
2018-09-13;9867,83462951;0,00006246;-0,03924380
2018-09-14;9869,31767945;0,00015029;-0,03909941
2018-09-17;9870,03451326;0,00007263;-0,03902962
2018-09-18;9870,80310168;0,00007787;-0,03895479
2018-09-19;9870,78118654;-0,00000222;-0,03895692
2018-09-20;9873,79772897;0,00030560;-0,03866322
2018-09-21;9874,90310877;0,00011195;-0,03855560
2018-09-24;9875,53354744;0,00006384;-0,03849422
2018-09-25;9875,54774156;0,00000144;-0,03849284
2018-09-26;9875,21084181;-0,00003411;-0,03852564
2018-09-27;9878,13359530;0,00029597;-0,03824107
2018-09-28;9878,52180939;0,00003930;-0,03820327
2018-10-01;9879,80275759;0,00012967;-0,03807856
2018-10-02;9880,90203006;0,00011126;-0,03797153
2018-10-03;9881,17950226;0,00002808;-0,03794452
2018-10-04;9880,75842201;-0,00004261;-0,03798551
2018-10-05;9879,92572948;-0,00008427;-0,03806659
2018-10-08;9878,68874213;-0,00012520;-0,03818702
2018-10-09;9877,91850955;-0,00007797;-0,03826201
2018-10-10;9874,64657904;-0,00033124;-0,03858058
2018-10-11;9872,61390975;-0,00020585;-0,03877848
2018-10-12;9875,04386306;0,00024613;-0,03854190
2018-10-15;9875,33759868;0,00002975;-0,03851330
2018-10-16;9878,91069042;0,00036182;-0,03816541
2018-10-17;9878,98669350;0,00000769;-0,03815801
2018-10-18;9877,49732941;-0,00015076;-0,03830302
2018-10-19;9878,74605938;0,00012642;-0,03818144
2018-10-22;9881,22191732;0,00025062;-0,03794039
2018-10-23;9879,41632953;-0,00018273;-0,03811618
2018-10-24;9877,46640748;-0,00019737;-0,03830603
2018-10-25;9881,30425334;0,00038855;-0,03793237
2018-10-26;9879,56377149;-0,00017614;-0,03810183
2018-10-29;9879,28533835;-0,00002818;-0,03812894
2018-10-30;9880,34101872;0,00010686;-0,03802615
2018-10-31;9884,24845161;0,00039548;-0,03764571
2018-11-01;9886,20484685;0,00019793;-0,03745524
2018-11-02;9884,95483158;-0,00012644;-0,03757694
2018-11-05;9885,65260860;0,00007059;-0,03750900
2018-11-06;9886,03468519;0,00003865;-0,03747180
2018-11-07;9890,12058833;0,00041330;-0,03707399
2018-11-08;9891,78920174;0,00016872;-0,03691153
2018-11-09;9892,52524483;0,00007441;-0,03683987
2018-11-12;9888,48810141;-0,00040810;-0,03723293
2018-11-13;9888,90795182;0,00004246;-0,03719205
2018-11-14;9886,13862803;-0,00028004;-0,03746168
2018-11-15;9892,44141950;0,00063754;-0,03684803
2018-11-16;9893,70973110;0,00012821;-0,03672454
2018-11-19;9889,18520621;-0,00045731;-0,03716506
2018-11-20;9888,37556381;-0,00008187;-0,03724389
2018-11-21;9892,12179661;0,00037885;-0,03687915
2018-11-23;9890,60309581;-0,00015353;-0,03702701
2018-11-26;9893,84428728;0,00032770;-0,03671144
2018-11-27;9894,52211766;0,00006851;-0,03664545
2018-11-28;9898,38349479;0,00039025;-0,03626949
2018-11-29;9899,78206818;0,00014129;-0,03613332
2018-11-30;9901,52391001;0,00017595;-0,03596373
2018-12-03;9904,50033463;0,00030060;-0,03567394
2018-12-04;9902,42455792;-0,00020958;-0,03587605
2018-12-06;9899,86459336;-0,00025852;-0,03612529
2018-12-07;9899,69126577;-0,00001751;-0,03614217
2018-12-10;9901,05809866;0,00013807;-0,03600909
2018-12-11;9901,94495749;0,00008957;-0,03592274
2018-12-12;9904,75588335;0,00028388;-0,03564906
2018-12-13;9905,45934717;0,00007102;-0,03558057
2018-12-14;9904,20014161;-0,00012712;-0,03570317
2018-12-17;9902,82328989;-0,00013902;-0,03583722
2018-12-18;9902,03480640;-0,00007962;-0,03591399
2018-12-19;9899,95902089;-0,00020963;-0,03611610
2018-12-20;9898,64377267;-0,00013285;-0,03624415
2018-12-21;9898,31370741;-0,00003334;-0,03627629
2018-12-24;9895,75146426;-0,00025886;-0,03652575
2018-12-27;9902,66170355;0,00069830;-0,03585296
2018-12-28;9905,12666507;0,00024892;-0,03561296
2018-12-31;9906,98777505;0,00018789;-0,03543176
2019-01-02;9906,72295205;-0,00002673;-0,03545754
2019-01-03;9909,97170362;0,00032793;-0,03514124
2019-01-04;9911,05328181;0,00010914;-0,03503593
2019-01-07;9911,05328181;0,00000000;-0,03503593
2019-01-08;9911,05328181;0,00000000;-0,03503593
2019-01-09;9911,05328181;0,00000000;-0,03503593
2019-01-10;9912,13988125;0,00010964;-0,03493014
2019-01-11;9914,30203338;0,00021813;-0,03471963
2019-01-14;9913,22145944;-0,00010899;-0,03482483
2019-01-15;9915,39164557;0,00021892;-0,03461354
2019-01-16;9916,46920676;0,00010868;-0,03450862
2019-01-17;9918,63638014;0,00021854;-0,03429762
2019-01-18;9918,63638014;0,00000000;-0,03429762
2019-01-22;9919,72297958;0,00010955;-0,03419183
2019-01-23;9919,72297958;0,00000000;-0,03419183
2019-01-24;9922,97072690;0,00032740;-0,03387562
2019-01-25;9921,88714021;-0,00010920;-0,03398112
2019-01-28;9922,97072690;0,00010921;-0,03387562
2019-01-29;9922,97072690;0,00000000;-0,03387562
2019-01-30;9925,13790028;0,00021840;-0,03366462
2019-01-31;9925,13790028;0,00000000;-0,03366462
2019-02-01;9926,11503638;0,00009845;-0,03356948
2019-02-04;9927,15770665;0,00010504;-0,03346797
2019-02-05;9927,15770665;0,00000000;-0,03346797
2019-02-06;9929,23919259;0,00020968;-0,03326531
2019-02-07;9929,23919259;0,00000000;-0,03326531
2019-02-08;9931,32164218;0,00020973;-0,03306256
2019-02-11;9930,27897191;-0,00010499;-0,03316407
2019-02-12;9932,36527610;0,00021010;-0,03296094
2019-02-13;9932,36527610;0,00000000;-0,03296094
2019-02-14;9934,44772568;0,00020966;-0,03275819
2019-02-15;9934,44772568;0,00000000;-0,03275819
2019-02-19;9936,52921162;0,00020952;-0,03255553
2019-02-20;9936,52921162;0,00000000;-0,03255553
2019-02-21;9937,57188189;0,00010493;-0,03245402
2019-02-22;9939,65722243;0,00020984;-0,03225098
2019-02-25;9938,61455216;-0,00010490;-0,03235250
2019-02-26;9939,65722243;0,00010491;-0,03225098
2019-02-27;9940,69700175;0,00010461;-0,03214975
2019-02-28;9942,77945133;0,00020949;-0,03194700
2019-03-01;9943,82212160;0,00010487;-0,03184548
2019-03-04;9942,85640141;-0,00009712;-0,03193950
2019-03-05;9943,99521303;0,00011454;-0,03182863
2019-03-06;9944,42377717;0,00004310;-0,03178690
2019-03-07;9945,35069172;0,00009321;-0,03169665
2019-03-08;9946,18661163;0,00008405;-0,03161527
2019-03-11;9948,16901973;0,00019931;-0,03142225
2019-03-12;9950,39732859;0,00022399;-0,03120530
2019-03-13;9951,49718091;0,00011053;-0,03109822
2019-03-14;9951,18751765;-0,00003112;-0,03112837
2019-03-15;9953,53758603;0,00023616;-0,03089956
2019-03-18;9955,41584308;0,00018870;-0,03071669
2019-03-19;9956,00217685;0,00005890;-0,03065960
2019-03-20;9955,36176981;-0,00006432;-0,03072195
2019-03-21;9962,03152505;0,00066997;-0,03007257
2019-03-22;9958,03743402;-0,00040093;-0,03046144
2019-03-25;9957,62558810;-0,00004136;-0,03050154
2019-03-26;9959,31172746;0,00016933;-0,03033737
2019-03-27;9959,44469864;0,00001335;-0,03032443
2019-03-28;9963,24783287;0,00038186;-0,02995414
2019-03-29;9964,82259599;0,00015806;-0,02980082
2019-04-01;9967,70202655;0,00028896;-0,02952047
2019-04-02;9967,61959165;-0,00000827;-0,02952850
2019-04-03;9969,09875033;0,00014840;-0,02938449
2019-04-04;9972,34407466;0,00032554;-0,02906851
2019-04-05;9973,47115065;0,00011302;-0,02895878
2019-04-08;9973,53270943;0,00000617;-0,02895278
2019-04-09;9974,05113005;0,00005198;-0,02890231
2019-04-10;9974,13461057;0,00000837;-0,02889418
2019-04-11;9977,49725354;0,00033714;-0,02856679
2019-04-12;9978,14187358;0,00006461;-0,02850402
2019-04-15;9979,27078510;0,00011314;-0,02839411
2019-04-16;9980,29822756;0,00010296;-0,02829408
2019-04-17;9982,62199461;0,00023284;-0,02806783
2019-04-18;9984,03394013;0,00014144;-0,02793036
2019-04-23;9986,11861875;0,00020880;-0,02772739
2019-04-24;9988,17250755;0,00020567;-0,02752742
2019-04-25;9990,30594169;0,00021360;-0,02731970
2019-04-26;9989,03786528;-0,00012693;-0,02744316
2019-04-29;9990,53287299;0,00014966;-0,02729761
2019-04-30;9990,66436197;0,00001316;-0,02728481
2019-05-01;9991,05952398;0,00003955;-0,02724633
2019-05-02;9991,62233089;0,00005633;-0,02719153
2019-05-03;9993,64189841;0,00020213;-0,02699490
2019-05-07;9992,90091474;-0,00007415;-0,02706705
2019-05-08;9992,78673914;-0,00001143;-0,02707817
2019-05-09;9993,20705920;0,00004206;-0,02703724
2019-05-10;9995,67620173;0,00024708;-0,02679684
2019-05-13;9990,95385085;-0,00047244;-0,02725662
2019-05-14;9993,53248974;0,00025810;-0,02700556
2019-05-15;9995,64084561;0,00021097;-0,02680028
2019-05-16;9997,59897167;0,00019590;-0,02660963
2019-05-17;9997,91107757;0,00003122;-0,02657925
2019-05-20;9997,33127755;-0,00005799;-0,02663570
2019-05-21;9998,48555703;0,00011546;-0,02652331
2019-05-22;10000,14965330;0,00016643;-0,02636129
2019-05-23;10000,65775048;0,00005081;-0,02631182
2019-05-24;10000,68314805;0,00000254;-0,02630935
2019-05-28;10001,49663534;0,00008134;-0,02623015
2019-05-29;10000,95120646;-0,00005453;-0,02628325
2019-05-30;10004,76665922;0,00038151;-0,02591177
2019-05-31;10003,21911967;-0,00015468;-0,02606244
2019-06-03;10001,19191658;-0,00020266;-0,02625982
2019-06-04;10005,93761497;0,00047451;-0,02579776
2019-06-05;10007,02143197;0,00010832;-0,02569224
2019-06-06;10011,15504864;0,00041307;-0,02528978
2019-06-07;10011,71170993;0,00005560;-0,02523558
2019-06-10;10014,59062162;0,00028755;-0,02495529
2019-06-11;10013,51119893;-0,00010779;-0,02506038
2019-06-12;10014,14629221;0,00006342;-0,02499855
2019-06-13;10017,62050356;0,00034693;-0,02466029
2019-06-14;10017,92119329;0,00003002;-0,02463101
2019-06-17;10017,97938738;0,00000581;-0,02462535
2019-06-18;10019,56790946;0,00015857;-0,02447069
2019-06-19;10022,06348961;0,00024907;-0,02422771
2019-06-20;10024,66063619;0,00025914;-0,02397485
2019-06-21;10024,33116336;-0,00003287;-0,02400692
2019-06-24;10025,72385468;0,00013893;-0,02387133
2019-06-25;10024,14045105;-0,00015793;-0,02402549
2019-06-26;10027,05145247;0,00029040;-0,02374207
2019-06-27;10027,27497745;0,00002229;-0,02372031
2019-06-28;10028,33071833;0,00010529;-0,02361752
2019-07-01;10028,97360814;0,00006411;-0,02355492
2019-07-02;10034,66592249;0,00056759;-0,02300071
2019-07-03;10039,92047551;0,00052364;-0,02248911
2019-07-05;10036,60052396;-0,00033068;-0,02281235
2019-07-08;10034,78984234;-0,00018041;-0,02298864
2019-07-09;10036,90320724;0,00021060;-0,02278288
2019-07-10;10041,45139490;0,00045315;-0,02234006
2019-07-11;10042,24441118;0,00007897;-0,02226285
2019-07-12;10045,00496121;0,00027489;-0,02199407
2019-07-15;10046,01891636;0,00010094;-0,02189535
2019-07-16;10045,82422016;-0,00001938;-0,02191431
2019-07-17;10047,57982877;0,00017476;-0,02174338
2019-07-18;10052,67508016;0,00050711;-0,02124729
2019-07-19;10050,50519713;-0,00021585;-0,02145856
2019-07-22;10050,79222876;0,00002856;-0,02143061
2019-07-23;10050,28181856;-0,00005078;-0,02148031
2019-07-24;10053,70090420;0,00034020;-0,02114742
2019-07-25;10054,32453834;0,00006203;-0,02108670
2019-07-26;10054,96121096;0,00006332;-0,02102471
2019-07-29;10059,83664835;0,00048488;-0,02055002
2019-07-30;10060,11909999;0,00002808;-0,02052252
2019-07-31;10057,05720681;-0,00030436;-0,02082064
2019-08-01;10064,25159161;0,00071536;-0,02012017
2019-08-02;10059,34796738;-0,00048723;-0,02059760
2019-08-05;10055,06748294;-0,00042552;-0,02101436
2019-08-06;10058,04864953;0,00029648;-0,02072411
2019-08-07;10063,60601402;0,00055253;-0,02018303
2019-08-08;10070,04302380;0,00063963;-0,01955631
2019-08-09;10067,12711156;-0,00028956;-0,01984021
2019-08-12;10069,79780903;0,00026529;-0,01958018
2019-08-13;10072,62948836;0,00028121;-0,01930448
2019-08-14;10068,10246817;-0,00044944;-0,01974524
2019-08-15;10072,41358602;0,00042820;-0,01932550
2019-08-16;10072,86810540;0,00004513;-0,01928125
2019-08-19;10073,34106799;0,00004695;-0,01923520
2019-08-20;10074,72274078;0,00013716;-0,01910068
2019-08-21;10074,49118704;-0,00002298;-0,01912322
2019-08-22;10075,61612322;0,00011166;-0,01901370
2019-08-23;10074,41592144;-0,00011912;-0,01913055
2019-08-27;10078,91880888;0,00044696;-0,01869214
2019-08-28;10078,33294954;-0,00005813;-0,01874918
2019-08-29;10081,98421938;0,00036229;-0,01839368
2019-08-30;10082,25402056;0,00002676;-0,01836741
2019-09-03;10086,76215059;0,00044714;-0,01792849
2019-09-04;10088,43255182;0,00016560;-0,01776586
2019-09-05;10086,90695689;-0,00015122;-0,01791439
2019-09-06;10086,80308995;-0,00001030;-0,01792451
2019-09-09;10085,01733378;-0,00017704;-0,01809837
2019-09-10;10084,59268849;-0,00004211;-0,01813972
2019-09-11;10086,77353005;0,00021625;-0,01792738
2019-09-12;10090,29931755;0,00034955;-0,01758411
2019-09-13;10087,54129923;-0,00027333;-0,01785263
2019-09-16;10088,39837303;0,00008496;-0,01776919
2019-09-17;10089,62596033;0,00012168;-0,01764967
2019-09-18;10090,53482198;0,00009008;-0,01756118
2019-09-19;10092,41369785;0,00018620;-0,01737824
2019-09-20;10094,28919943;0,00018583;-0,01719564
2019-09-23;10097,47659417;0,00031576;-0,01688531
2019-09-24;10097,43049513;-0,00000457;-0,01688980
2019-09-25;10094,89753060;-0,00025085;-0,01713641
2019-09-26;10097,30675952;0,00023866;-0,01690184
2019-09-27;10096,32997634;-0,00009674;-0,01699695
2019-09-30;10095,29868250;-0,00010215;-0,01709736
2019-10-01;10094,94750183;-0,00003479;-0,01713155
2019-10-02;10092,54906555;-0,00023759;-0,01736506
2019-10-03;10096,64598678;0,00040594;-0,01696618
2019-10-04;10099,92178494;0,00032444;-0,01664724
2019-10-07;10099,83922505;-0,00000817;-0,01665528
2019-10-08;10099,39184663;-0,00004430;-0,01669883
2019-10-09;10100,84216412;0,00014360;-0,01655763
2019-10-10;10101,91064490;0,00010578;-0,01645360
2019-10-11;10101,87266154;-0,00000376;-0,01645730
2019-10-14;10101,48144589;-0,00003873;-0,01649539
2019-10-15;10102,14291409;0,00006548;-0,01643098
2019-10-16;10102,64251925;0,00004946;-0,01638234
2019-10-17;10103,80779400;0,00011534;-0,01626889
2019-10-18;10102,57629111;-0,00012189;-0,01638879
2019-10-21;10103,12476699;0,00005429;-0,01633539
2019-10-22;10103,22443787;0,00000987;-0,01632568
2019-10-23;10104,12705970;0,00008934;-0,01623780
2019-10-24;10109,40136297;0,00052199;-0,01572428
2019-10-25;10110,90102350;0,00014834;-0,01557827
2019-10-28;10109,46177391;-0,00014235;-0,01571840
2019-10-29;10110,19492944;0,00007252;-0,01564702
2019-10-30;10112,85690191;0,00026330;-0,01538784
2019-10-31;10114,87800271;0,00019985;-0,01519107
2019-11-01;10116,58343816;0,00016861;-0,01502502
2019-11-04;10118,56308784;0,00019568;-0,01483228
2019-11-05;10114,72284239;-0,00037952;-0,01520617
2019-11-06;10116,59069200;0,00018467;-0,01502431
2019-11-07;10117,41612060;0,00008159;-0,01494395
2019-11-08;10116,70755493;-0,00007003;-0,01501294
2019-11-11;10115,59150022;-0,00011032;-0,01512160
2019-11-12;10118,07664200;0,00024567;-0,01487964
2019-11-13;10118,42303632;0,00003424;-0,01484591
2019-11-14;10119,86276133;0,00014229;-0,01470574
2019-11-15;10119,51838927;-0,00003403;-0,01473927
2019-11-18;10121,99925441;0,00024516;-0,01449772
2019-11-19;10121,33729800;-0,00006540;-0,01456217
2019-11-20;10121,96873380;0,00006239;-0,01450069
2019-11-21;10120,31535595;-0,00016335;-0,01466167
2019-11-22;10121,76230411;0,00014297;-0,01452079
2019-11-25;10122,10957351;0,00003431;-0,01448698
2019-11-26;10124,74793875;0,00026065;-0,01423010
2019-11-27;10126,33799695;0,00015705;-0,01407529
2019-11-29;10126,48225743;0,00001425;-0,01406125
2019-12-02;10125,27723743;-0,00011900;-0,01417857
2019-12-03;10123,92908215;-0,00013315;-0,01430983
2019-12-04;10125,22533384;0,00012804;-0,01418362
2019-12-05;10127,44913481;0,00021963;-0,01396711
2019-12-06;10127,66021281;0,00002084;-0,01394656
2019-12-09;10128,02849334;0,00003636;-0,01391070
2019-12-10;10128,12384497;0,00000941;-0,01390142
2019-12-11;10129,92327144;0,00017767;-0,01372622
2019-12-12;10133,02975237;0,00030666;-0,01342377
2019-12-13;10130,88943551;-0,00021122;-0,01363215
2019-12-16;10134,76447780;0,00038250;-0,01325487
2019-12-17;10134,55639972;-0,00002053;-0,01327513
2019-12-18;10137,15053948;0,00025597;-0,01302256
2019-12-19;10139,55796988;0,00023749;-0,01278816
2019-12-20;10140,67956089;0,00011062;-0,01267896
2019-12-23;10142,91322205;0,00022027;-0,01246149
2019-12-24;10145,35339176;0,00024058;-0,01222391
2019-12-27;10146,58030512;0,00012093;-0,01210445
2019-12-30;10147,01550538;0,00004289;-0,01206208
2019-12-31;10146,74476885;-0,00002668;-0,01208844
2020-01-02;10153,61828833;0,00067741;-0,01141922
2020-01-03;10155,47087179;0,00018246;-0,01123885
2020-01-06;10155,64682471;0,00001733;-0,01122171
2020-01-07;10156,92957616;0,00012631;-0,01109682
2020-01-08;10158,68144410;0,00017248;-0,01092626
2020-01-09;10160,11034225;0,00014066;-0,01078714
2020-01-10;10161,29754148;0,00011685;-0,01067155
2020-01-13;10161,18398647;-0,00001118;-0,01068260
2020-01-14;10160,82215432;-0,00003561;-0,01071783
2020-01-15;10163,17571689;0,00023163;-0,01048868
2020-01-16;10165,72889868;0,00025122;-0,01024010
2020-01-17;10166,23803495;0,00005008;-0,01019053
2020-01-21;10167,22919062;0,00009749;-0,01009403
2020-01-22;10166,85889455;-0,00003642;-0,01013008
2020-01-23;10168,15399991;0,00012739;-0,01000399
2020-01-24;10169,44208654;0,00012668;-0,00987857
2020-01-27;10168,37767888;-0,00010467;-0,00998221
2020-01-28;10169,26140358;0,00008691;-0,00989617
2020-01-29;10171,46858940;0,00021704;-0,00968127
2020-01-30;10170,55442257;-0,00008988;-0,00977027
2020-01-31;10168,85929467;-0,00016667;-0,00993532
2020-02-03;10170,85825350;0,00019658;-0,00974069
2020-02-04;10171,31615015;0,00004502;-0,00969611
2020-02-05;10174,94076630;0,00035636;-0,00934321
2020-02-06;10178,39248918;0,00033924;-0,00900714
2020-02-07;10178,06471395;-0,00003220;-0,00903905
2020-02-10;10177,98417160;-0,00000791;-0,00904690
2020-02-11;10178,93300693;0,00009322;-0,00895452
2020-02-12;10180,51622642;0,00015554;-0,00880037
2020-02-13;10181,87559212;0,00013353;-0,00866802
2020-02-14;10182,97781688;0,00010825;-0,00856070
2020-02-18;10185,38239181;0,00023614;-0,00832659
2020-02-19;10188,42633583;0,00029885;-0,00803022
2020-02-20;10188,30370296;-0,00001204;-0,00804216
2020-02-21;10190,69736710;0,00023494;-0,00780911
2020-02-24;10186,02043244;-0,00045894;-0,00826447
2020-02-25;10179,11778783;-0,00067766;-0,00893652
2020-02-26;10182,64497805;0,00034651;-0,00859311
2020-02-27;10178,94202064;-0,00036365;-0,00895364
2020-02-28;10169,71068294;-0,00090691;-0,00985242
2020-03-02;10178,66123542;0,00088012;-0,00898098
2020-03-03;10183,77727248;0,00050262;-0,00848287
2020-03-04;10191,34877363;0,00074349;-0,00774569
2020-03-05;10194,61058040;0,00032006;-0,00742811
2020-03-06;10190,30224673;-0,00042261;-0,00784758
2020-03-09;10186,92877096;-0,00033105;-0,00817603
2020-03-10;10184,01832919;-0,00028570;-0,00845940
2020-03-11;10183,49968355;-0,00005093;-0,00850989
2020-03-12;10168,51765215;-0,00147121;-0,00996858
2020-03-13;10171,72103117;0,00031503;-0,00965669
2020-03-16;10164,99507463;-0,00066124;-0,01031155
2020-03-17;10170,92428332;0,00058330;-0,00973426
2020-03-18;10166,67469772;-0,00041782;-0,01014801
2020-03-19;10163,31216952;-0,00033074;-0,01047540
2020-03-20;10166,14018181;0,00027826;-0,01020006
2020-03-23;10167,85123662;0,00016831;-0,01003346
2020-03-24;10182,44529430;0,00143531;-0,00861255
2020-03-25;10182,67681799;0,00002274;-0,00859001
2020-03-26;10187,89269514;0,00051223;-0,00808218
2020-03-27;10179,39984070;-0,00083362;-0,00890906
2020-03-30;10183,04687508;0,00035828;-0,00855398
2020-03-31;10179,81820415;-0,00031706;-0,00886833
2020-04-01;10174,67502847;-0,00050523;-0,00936908
2020-04-02;10179,49151948;0,00047338;-0,00890014
2020-04-03;10176,05256819;-0,00033783;-0,00923496
2020-04-06;10186,53420144;0,00103003;-0,00821444
2020-04-07;10183,17331947;-0,00032993;-0,00854167
2020-04-08;10184,67788795;0,00014775;-0,00839518
2020-04-09;10185,88691830;0,00011871;-0,00827747
2020-04-14;10196,34879337;0,00102710;-0,00725887
2020-04-15;10193,09027164;-0,00031958;-0,00757613
2020-04-16;10192,28055842;-0,00007944;-0,00765497
2020-04-17;10192,73386701;0,00004448;-0,00761083
2020-04-20;10191,62135518;-0,00010915;-0,00771915
2020-04-21;10187,28760200;-0,00042523;-0,00814109
2020-04-22;10192,65681899;0,00052705;-0,00761833
2020-04-23;10194,63340539;0,00019392;-0,00742589
2020-04-24;10194,61909660;-0,00000140;-0,00742728
2020-04-27;10194,71533580;0,00000944;-0,00741791
2020-04-28;10192,88243787;-0,00017979;-0,00759637
2020-04-29;10195,81672480;0,00028788;-0,00731068
2020-04-30;10194,92783198;-0,00008718;-0,00739722
2020-05-01;10191,85076892;-0,00030182;-0,00769681
2020-05-04;10192,91624815;0,00010454;-0,00759307
2020-05-05;10193,94341420;0,00010077;-0,00749307
2020-05-06;10194,19046511;0,00002424;-0,00746901
2020-05-07;10195,98861866;0,00017639;-0,00729394
2020-05-11;10196,70261161;0,00007003;-0,00722442
2020-05-12;10196,05522729;-0,00006349;-0,00728745
2020-05-13;10195,98900289;-0,00000650;-0,00729390
2020-05-14;10199,02196817;0,00029747;-0,00699861
2020-05-15;10197,86697804;-0,00011325;-0,00711106
2020-05-18;10198,33477898;0,00004587;-0,00706551
2020-05-19;10199,08641345;0,00007370;-0,00699233
2020-05-20;10200,68928345;0,00015716;-0,00683627
2020-05-21;10199,12411015;-0,00015344;-0,00698866
2020-05-22;10198,98705279;-0,00001344;-0,00700201
2020-05-26;10198,38715336;-0,00005882;-0,00706041
2020-05-27;10197,77844848;-0,00005969;-0,00711968
2020-05-28;10197,96111366;0,00001791;-0,00710189
2020-05-29;10199,49251095;0,00015017;-0,00695279
2020-06-01;10201,36661043;0,00018374;-0,00677033
2020-06-02;10201,07850859;-0,00002824;-0,00679838
2020-06-03;10200,66324247;-0,00004071;-0,00683881
2020-06-04;10201,32565745;0,00006494;-0,00677431
2020-06-05;10199,47235535;-0,00018167;-0,00695475
2020-06-08;10202,11651145;0,00025924;-0,00669731
2020-06-09;10203,03798591;0,00009032;-0,00660760
2020-06-10;10206,29711020;0,00031943;-0,00629028
2020-06-11;10198,02990327;-0,00081001;-0,00709520
2020-06-12;10200,88341081;0,00027981;-0,00681737
2020-06-15;10200,51822122;-0,00003580;-0,00685293
2020-06-16;10204,11896339;0,00035300;-0,00650235
2020-06-17;10204,74924054;0,00006177;-0,00644098
2020-06-18;10203,82653910;-0,00009042;-0,00653082
2020-06-19;10205,59987360;0,00017379;-0,00635816
2020-06-22;10206,37329063;0,00007578;-0,00628286
2020-06-23;10208,37830755;0,00019645;-0,00608765
2020-06-24;10205,16891340;-0,00031439;-0,00640012
2020-06-25;10206,60238619;0,00014047;-0,00626056
2020-06-26;10205,32525773;-0,00012513;-0,00638490
2020-06-29;10206,54427127;0,00011945;-0,00626622
2020-06-30;10207,83940047;0,00012689;-0,00614012
2020-07-01;10207,42676022;-0,00004042;-0,00618029
2020-07-02;10210,10376763;0,00026226;-0,00591965
2020-07-06;10211,47536689;0,00013434;-0,00578611
2020-07-07;10210,90005463;-0,00005634;-0,00584213
2020-07-08;10211,70268684;0,00007861;-0,00576398
2020-07-09;10211,06017256;-0,00006292;-0,00582654
2020-07-10;10212,30407648;0,00012182;-0,00570543
2020-07-13;10213,23273569;0,00009094;-0,00561501
2020-07-14;10213,38506987;0,00001492;-0,00560018
2020-07-15;10214,98732779;0,00015688;-0,00544418
2020-07-16;10211,59877276;-0,00033172;-0,00577410
2020-07-17;10214,60071566;0,00029397;-0,00548182
2020-07-20;10216,12934459;0,00014965;-0,00533299
2020-07-21;10217,37354732;0,00012179;-0,00521185
2020-07-22;10218,24763974;0,00008555;-0,00512675
2020-07-23;10219,32601200;0,00010553;-0,00502175
2020-07-24;10217,15093306;-0,00021284;-0,00523353
2020-07-27;10219,99266191;0,00027813;-0,00495685
2020-07-28;10221,55106524;0,00015249;-0,00480512
2020-07-29;10223,09975075;0,00015151;-0,00465433
2020-07-30;10220,19976412;-0,00028367;-0,00493668
2020-07-31;10223,41910572;0,00031500;-0,00462324
2020-08-03;10225,09148164;0,00016358;-0,00446041
2020-08-04;10228,83316078;0,00036593;-0,00409612
2020-08-05;10229,28204247;0,00004388;-0,00405241
2020-08-06;10231,17343804;0,00018490;-0,00386826
2020-08-07;10230,33069050;-0,00008237;-0,00395031
2020-08-10;10229,65624517;-0,00006593;-0,00401598
2020-08-11;10222,54369376;-0,00069529;-0,00470847
2020-08-12;10223,69782253;0,00011290;-0,00459610
2020-08-13;10226,99138546;0,00032215;-0,00427544
2020-08-14;10225,10437305;-0,00018451;-0,00445916
2020-08-17;10228,02169950;0,00028531;-0,00417512
2020-08-18;10229,70650363;0,00016472;-0,00401109
2020-08-19;10226,67883647;-0,00029597;-0,00430587
2020-08-20;10227,50825396;0,00008110;-0,00422511
2020-08-21;10227,53064287;0,00000219;-0,00422293
2020-08-24;10228,40936930;0,00008592;-0,00413738
2020-08-25;10227,54034863;-0,00008496;-0,00422199
2020-08-26;10230,02063227;0,00024251;-0,00398050
2020-08-27;10228,98546155;-0,00010119;-0,00408129
2020-08-28;10231,68804196;0,00026421;-0,00381816
2020-09-01;10233,00163574;0,00012838;-0,00369026
2020-09-02;10232,42256301;-0,00005659;-0,00374664
2020-09-03;10228,83728240;-0,00035038;-0,00409571
2020-09-04;10229,73862279;0,00008812;-0,00400796
2020-09-08;10228,18992407;-0,00015139;-0,00415874
2020-09-09;10228,74042991;0,00005382;-0,00410514
2020-09-10;10227,80713616;-0,00009124;-0,00419601
2020-09-11;10226,55019688;-0,00012289;-0,00431839
2020-09-14;10229,89213485;0,00032679;-0,00399301
2020-09-15;10227,82050368;-0,00020251;-0,00419471
2020-09-16;10229,76153414;0,00018978;-0,00400573
2020-09-17;10229,10600435;-0,00006408;-0,00406955
2020-09-18;10226,50751734;-0,00025403;-0,00432255
2020-09-21;10225,24082944;-0,00012386;-0,00444587
2020-09-22;10225,43232544;0,00001873;-0,00442723
2020-09-23;10223,01970177;-0,00023594;-0,00466213
2020-09-24;10224,55154652;0,00014984;-0,00451298
2020-09-25;10223,93256272;-0,00006054;-0,00457325
2020-09-28;10226,23867378;0,00022556;-0,00434872
2020-09-29;10226,77802823;0,00005274;-0,00429621
2020-09-30;10225,46432208;-0,00012846;-0,00442411
2020-10-01;10226,34223747;0,00008586;-0,00433864
2020-10-02;10225,54103292;-0,00007835;-0,00441665
2020-10-05;10226,59806016;0,00010337;-0,00431373
2020-10-06;10226,33337037;-0,00002588;-0,00433950
2020-10-07;10225,73503656;-0,00005851;-0,00439776
2020-10-08;10226,22910085;0,00004832;-0,00434965
2020-10-09;10227,93168442;0,00016649;-0,00418389
2020-10-12;10229,68361823;0,00017129;-0,00401331
2020-10-13;10227,21451365;-0,00024137;-0,00425371
2020-10-14;10227,27403242;0,00000582;-0,00424792
2020-10-15;10227,39667084;0,00001199;-0,00423598
2020-10-16;10228,14636325;0,00007330;-0,00416298
2020-10-19;10227,65455816;-0,00004808;-0,00421087
2020-10-20;10226,99536595;-0,00006445;-0,00427505
2020-10-21;10227,51318136;0,00005063;-0,00422463
2020-10-22;10227,72061963;0,00002028;-0,00420444
2020-10-23;10227,64984055;-0,00000692;-0,00421133
2020-10-26;10226,95589619;-0,00006785;-0,00427889
2020-10-27;10226,18977644;-0,00007491;-0,00435348
2020-10-28;10223,76298356;-0,00023731;-0,00458976
2020-10-29;10225,07708825;0,00012853;-0,00446182
2020-10-30;10224,69916076;-0,00003696;-0,00449861
2020-11-02;10225,44720841;0,00007316;-0,00442578
2020-11-03;10226,99771936;0,00015163;-0,00427482
2020-11-04;10228,42453653;0,00013951;-0,00413590
2020-11-05;10232,74568645;0,00042246;-0,00371518
2020-11-06;10231,60982995;-0,00011100;-0,00382577
2020-11-09;10230,38472744;-0,00011974;-0,00394505
2020-11-10;10227,88858650;-0,00024399;-0,00418808
2020-11-11;10228,81642109;0,00009072;-0,00409775
2020-11-12;10229,10701723;0,00002841;-0,00406945
2020-11-13;10230,90491694;0,00017576;-0,00389440
2020-11-16;10231,95208772;0,00010235;-0,00379245
2020-11-17;10231,20400450;-0,00007311;-0,00386528
2020-11-18;10230,37194656;-0,00008133;-0,00394630
2020-11-19;10230,21378037;-0,00001546;-0,00396170
2020-11-20;10230,15886823;-0,00000537;-0,00396704
2020-11-23;10228,32500383;-0,00017926;-0,00414559
2020-11-24;10228,21963291;-0,00001030;-0,00415585
2020-11-25;10226,99738466;-0,00011950;-0,00427485
2020-11-27;10227,98400276;0,00009647;-0,00417879
2020-11-30;10225,94425290;-0,00019943;-0,00437739
2020-12-01;10227,76581366;0,00017813;-0,00420004
2020-12-02;10229,65013679;0,00018424;-0,00401657
2020-12-03;10229,97656194;0,00003191;-0,00398479
2020-12-04;10231,43863022;0,00014292;-0,00384244
2020-12-07;10230,86616404;-0,00005595;-0,00389818
2020-12-08;10231,19867555;0,00003250;-0,00386580
2020-12-09;10229,39694204;-0,00017610;-0,00404122
2020-12-10;10229,37320788;-0,00000232;-0,00404354
2020-12-11;10230,49098464;0,00010927;-0,00393471
2020-12-14;10229,08263129;-0,00013766;-0,00407183
2020-12-15;10230,25556397;0,00011467;-0,00395763
2020-12-16;10232,15086416;0,00018526;-0,00377310
2020-12-17;10233,15547862;0,00009818;-0,00367528
2020-12-18;10233,05283472;-0,00001003;-0,00368528
2020-12-21;10232,85508411;-0,00001932;-0,00370453
2020-12-22;10232,89136857;0,00000355;-0,00370100
2020-12-23;10231,68168647;-0,00011822;-0,00381878
2020-12-24;10232,93925776;0,00012291;-0,00369634
2020-12-29;10233,88559912;0,00009248;-0,00360420
2020-12-30;10233,10541561;-0,00007624;-0,00368016
2020-12-31;10234,31274467;0,00011798;-0,00356261
2021-01-04;10235,70101530;0,00013565;-0,00342745
2021-01-05;10234,93663081;-0,00007468;-0,00350187
2021-01-06;10235,17614458;0,00002340;-0,00347855
2021-01-07;10236,07767583;0,00008808;-0,00339077
2021-01-08;10232,78651762;-0,00032153;-0,00371121
2021-01-11;10233,53541848;0,00007319;-0,00363829
2021-01-12;10232,22032593;-0,00012851;-0,00376633
2021-01-13;10232,23358093;0,00000130;-0,00376504
2021-01-14;10233,02693383;0,00007753;-0,00368780
2021-01-15;10231,60694924;-0,00013876;-0,00382605
2021-01-19;10232,67123384;0,00010402;-0,00372243
2021-01-20;10234,84055728;0,00021200;-0,00351122
2021-01-21;10235,07804870;0,00002320;-0,00348810
2021-01-22;10233,29472648;-0,00017424;-0,00366173
2021-01-25;10234,42428641;0,00011038;-0,00355175
2021-01-26;10233,27711771;-0,00011209;-0,00366344
2021-01-27;10231,57748490;-0,00016609;-0,00382892
2021-01-28;10232,87393862;0,00012671;-0,00370270
2021-01-29;10231,38612180;-0,00014540;-0,00384755
2021-02-01;10233,21545551;0,00017880;-0,00366945
2021-02-02;10232,51817378;-0,00006814;-0,00373733
2021-02-03;10232,24876002;-0,00002633;-0,00376357
2021-02-04;10232,49332374;0,00002390;-0,00373975
2021-02-05;10233,35272720;0,00008399;-0,00365608
2021-02-08;10234,67138640;0,00012886;-0,00352769
2021-02-09;10234,69903324;0,00000270;-0,00352500
2021-02-10;10233,69278870;-0,00009832;-0,00362297
2021-02-11;10234,74977796;0,00010329;-0,00352006
2021-02-12;10233,64354539;-0,00010809;-0,00362777
2021-02-16;10233,57797174;-0,00000641;-0,00363415
2021-02-17;10232,35958585;-0,00011906;-0,00375277
2021-02-18;10230,55323515;-0,00017653;-0,00392865
2021-02-19;10232,10230560;0,00015142;-0,00377782
2021-02-22;10230,83177253;-0,00012417;-0,00390153
2021-02-23;10230,13455998;-0,00006815;-0,00396941
2021-02-24;10229,78525256;-0,00003414;-0,00400342
2021-02-25;10228,35435620;-0,00013988;-0,00414273
2021-02-26;10226,41787705;-0,00018932;-0,00433127
2021-03-01;10226,93272680;0,00005035;-0,00428115
2021-03-02;10226,77735793;-0,00001519;-0,00429627
2021-03-03;10226,16638365;-0,00005974;-0,00435576
2021-03-04;10224,33283390;-0,00017930;-0,00453428
2021-03-05;10224,40440687;0,00000700;-0,00452731
2021-03-08;10223,34432765;-0,00010368;-0,00463052
2021-03-09;10225,68879198;0,00022932;-0,00440226
2021-03-10;10226,02229822;0,00003261;-0,00436979
2021-03-11;10228,00885497;0,00019426;-0,00417637
2021-03-12;10226,70393802;-0,00012758;-0,00430342
2021-03-15;10227,48691094;0,00007656;-0,00422719
2021-03-16;10228,08632873;0,00005861;-0,00416883
2021-03-17;10229,46843160;0,00013513;-0,00403426
2021-03-18;10227,22909363;-0,00021891;-0,00425229
2021-03-19;10227,23612834;0,00000069;-0,00425161
2021-03-22;10227,87646730;0,00006261;-0,00418926
2021-03-23;10228,34702592;0,00004601;-0,00414345
2021-03-24;10227,19513208;-0,00011262;-0,00425560
2021-03-25;10226,48842644;-0,00006910;-0,00432441
2021-03-26;10227,77287387;0,00012560;-0,00419935
2021-03-29;10226,88443694;-0,00008687;-0,00428585
2021-03-30;10226,79671803;-0,00000858;-0,00429439
2021-03-31;10227,10861678;0,00003050;-0,00426402
2021-04-01;10229,80993626;0,00026413;-0,00400101
2021-04-06;10231,62649665;0,00017758;-0,00382415
2021-04-07;10231,75188188;0,00001225;-0,00381194
2021-04-08;10233,31643712;0,00015291;-0,00365961
2021-04-09;10233,22822488;-0,00000862;-0,00366820
2021-04-12;10232,67034080;-0,00005452;-0,00372252
2021-04-13;10233,59556307;0,00009042;-0,00363244
2021-04-14;10233,01027918;-0,00005719;-0,00368942
2021-04-15;10234,93195224;0,00018779;-0,00350232
2021-04-16;10235,36931472;0,00004273;-0,00345974
2021-04-19;10234,28467985;-0,00010597;-0,00356534
2021-04-20;10233,76600710;-0,00005068;-0,00361584
2021-04-21;10235,20798490;0,00014090;-0,00347545
2021-04-22;10235,00120040;-0,00002020;-0,00349558
2021-04-23;10235,09787054;0,00000945;-0,00348617
2021-04-26;10235,57864902;0,00004697;-0,00343936
2021-04-27;10235,06310663;-0,00005037;-0,00348955
2021-04-28;10235,11394706;0,00000497;-0,00348460
2021-04-29;10234,66298166;-0,00004406;-0,00352851
2021-04-30;10234,25859963;-0,00003951;-0,00356788
2021-05-04;10233,29564751;-0,00009409;-0,00366164
2021-05-05;10234,01934453;0,00007072;-0,00359118
2021-05-06;10235,54112373;0,00014870;-0,00344301
2021-05-07;10236,82496978;0,00012543;-0,00331801
2021-05-10;10235,88419711;-0,00009190;-0,00340961
2021-05-11;10234,77781678;-0,00010809;-0,00351733
2021-05-12;10232,93668346;-0,00017989;-0,00369659
2021-05-13;10233,81029037;0,00008537;-0,00361153
2021-05-14;10235,55179156;0,00017017;-0,00344197
2021-05-17;10236,06394064;0,00005004;-0,00339211
2021-05-18;10235,93559110;-0,00001254;-0,00340461
2021-05-19;10235,39526030;-0,00005279;-0,00345721
2021-05-20;10237,11800457;0,00016831;-0,00328948
2021-05-21;10237,14877365;0,00000301;-0,00328649
2021-05-24;10238,16286669;0,00009906;-0,00318775
2021-05-25;10238,85285824;0,00006739;-0,00312057
2021-05-26;10238,77685052;-0,00000742;-0,00312797
2021-05-27;10238,55957461;-0,00002122;-0,00314913
2021-05-28;10239,06193278;0,00004907;-0,00310022
2021-06-01;10238,84057218;-0,00002162;-0,00312177
2021-06-02;10280,60676385;0,00407919;0,00000000
2021-06-03;10149,09386993;-0,01279233;-0,01279233
2021-06-04;10250,58874369;0,01000039;-0,00291987
2021-06-07;10275,53892112;0,00243402;-0,00049295
2021-06-08;10260,61157395;-0,00145271;-0,00194494
2021-06-09;10264,71277956;0,00039970;-0,00154602
2021-06-10;10297,14098908;0,00315919;0,00000000
2021-06-11;10252,24674277;-0,00435987;-0,00435987
2021-06-14;10240,97679643;-0,00109927;-0,00545435
2021-06-15;10215,53332912;-0,00248448;-0,00792527
2021-06-16;10112,17256235;-0,01011800;-0,01796309
2021-06-17;9972,30890265;-0,01383122;-0,03154585
2021-06-18;9910,87506928;-0,00616044;-0,03751196
2021-06-21;10000,12643056;0,00900540;-0,02884437
2021-06-22;10008,13919531;0,00080127;-0,02806622
2021-06-23;9994,26242832;-0,00138655;-0,02941385
2021-06-24;10025,85441098;0,00316101;-0,02634582
2021-06-25;10049,51843331;0,00236030;-0,02404770
2021-06-28;10068,31280908;0,00187018;-0,02222250
2021-06-29;10042,56865251;-0,00255695;-0,02472262
2021-06-30;10065,31815779;0,00226531;-0,02251332
2021-07-01;10098,17739253;0,00326460;-0,01932222
2021-07-02;10133,57485610;0,00350533;-0,01588462
2021-07-06;10132,96504461;-0,00006018;-0,01594384
2021-07-07;10161,89859896;0,00285539;-0,01313397
2021-07-08;10115,58348309;-0,00455772;-0,01763184
2021-07-09;10154,42869373;0,00384014;-0,01385941
2021-07-12;10158,49564369;0,00040051;-0,01346445
2021-07-13;10177,65513454;0,00188606;-0,01160379
2021-07-14;10179,73912546;0,00020476;-0,01140140
2021-07-15;10151,58361707;-0,00276584;-0,01413571
2021-07-16;10134,45230479;-0,00168755;-0,01579940
2021-07-19;10072,04497852;-0,00615794;-0,02186005
2021-07-20;10145,73749546;0,00731654;-0,01470345
2021-07-21;10175,73963287;0,00295712;-0,01178981
2021-07-22;10185,39287039;0,00094865;-0,01085234
2021-07-23;10231,15072880;0,00449250;-0,00640860
2021-07-26;10221,65937880;-0,00092769;-0,00733035
2021-07-27;10170,72024893;-0,00498345;-0,01227727
2021-07-28;10182,82831826;0,00119048;-0,01110140
2021-07-29;10193,62574529;0,00106036;-0,01005281
2021-07-30;10189,09369726;-0,00044460;-0,01049294
2021-08-02;10196,80688360;0,00075700;-0,00974388
2021-08-03;10197,35828747;0,00005408;-0,00969033
2021-08-04;10218,66542333;0,00208948;-0,00762110
2021-08-05;10258,83754547;0,00393125;-0,00371981
2021-08-06;10278,29126636;0,00189629;-0,00183058
2021-08-09;10270,78082746;-0,00073071;-0,00255995
2021-08-10;10257,10859238;-0,00133118;-0,00388772
2021-08-11;10260,71814120;0,00035191;-0,00353718
2021-08-12;10309,40828328;0,00474530;0,00000000
2021-08-13;10346,22438534;0,00357112;0,00000000
2021-08-16;10331,91834573;-0,00138273;-0,00138273
2021-08-17;10333,32929476;0,00013656;-0,00124636
2021-08-18;10272,58672719;-0,00587832;-0,00711735
2021-08-19;10272,62718124;0,00000394;-0,00711344
2021-08-20;10379,20708140;0,01037514;0,00000000
2021-08-23;10466,37976676;0,00839878;0,00000000
2021-08-24;10473,18964058;0,00065064;0,00000000
2021-08-25;10478,14542138;0,00047319;0,00000000
2021-08-26;10436,49142104;-0,00397532;-0,00397532
2021-08-27;10490,81786013;0,00520543;0,00000000
2021-08-31;10530,20814185;0,00375474;0,00000000
2021-09-01;10548,28636101;0,00171680;0,00000000
2021-09-02;10551,38885236;0,00029412;0,00000000
2021-09-03;10533,80806801;-0,00166621;-0,00166621
2021-09-07;10555,52550751;0,00206169;0,00000000
2021-09-08;10534,84223180;-0,00195947;-0,00195947
2021-09-09;10505,88564580;-0,00274865;-0,00470274
2021-09-10;10478,99738738;-0,00255935;-0,00725005
2021-09-13;10459,34827546;-0,00187509;-0,00911155
2021-09-14;10455,21162032;-0,00039550;-0,00950345
2021-09-15;10441,76749111;-0,00128588;-0,01077711
2021-09-16;10465,55325817;0,00227794;-0,00852371
2021-09-17;10445,90414625;-0,00187750;-0,01038521
2021-09-20;10369,37602612;-0,00732614;-0,01763526
2021-09-21;10419,01588783;0,00478716;-0,01293253
2021-09-22;10447,97247382;0,00277921;-0,01018926
2021-09-23;10482,09987874;0,00326641;-0,00695613
2021-09-24;10483,13404252;0,00009866;-0,00685816
2021-09-27;10470,72407710;-0,00118380;-0,00803384
2021-09-28;10419,01588783;-0,00493836;-0,01293253
2021-09-29;10476,92905981;0,00555841;-0,00744600
2021-09-30;10421,08421540;-0,00533027;-0,01273658
2021-10-01;10354,89773313;-0,00635121;-0,01900690
2021-10-04;10185,08904327;-0,01639888;-0,03509408
2021-10-05;10325,93968699;0,01382910;-0,02175030
2021-10-06;10300,94043980;-0,00242101;-0,02411865
2021-10-07;10463,82268535;0,01581237;-0,00868766
2021-10-08;10422,78130083;-0,00392222;-0,01257580
2021-10-11;10419,90107652;-0,00027634;-0,01284867
2021-10-12;10350,30615130;-0,00667904;-0,01944189
2021-10-13;10350,00802415;-0,00002880;-0,01947013
2021-10-14;10535,07947019;0,01788129;-0,00193700
2021-10-15;10585,09569131;0,00474759;0,00000000
2021-10-18;10648,73858315;0,00601250;0,00000000
2021-10-19;10697,60128550;0,00458859;0,00000000
2021-10-20;10707,19585377;0,00089689;0,00000000
2021-10-21;10714,61455284;0,00069287;0,00000000
2021-10-22;10729,75878175;0,00141342;0,00000000
2021-10-25;10766,35263985;0,00341050;0,00000000
2021-10-26;10809,53344689;0,00401072;0,00000000
2021-10-27;10802,75212433;-0,00062735;-0,00062735
2021-10-28;10835,84627248;0,00306349;0,00000000
2021-10-29;10898,90522314;0,00581948;0,00000000
2021-11-01;10936,79534307;0,00347651;0,00000000
2021-11-02;11027,21775756;0,00826772;0,00000000
2021-11-03;11026,94661692;-0,00002459;-0,00002459
2021-11-04;11220,34098625;0,01753834;0,00000000
2021-11-05;11289,85977196;0,00619578;0,00000000
2021-11-08;11283,05327749;-0,00060289;-0,00060289
2021-11-09;11243,06958889;-0,00354369;-0,00414444
2021-11-10;11191,86851135;-0,00455401;-0,00867958
2021-11-11;11233,94257110;0,00375934;-0,00495287
2021-11-12;11308,41387145;0,00662913;0,00000000
2021-11-15;11305,01791703;-0,00030030;-0,00030030
2021-11-16;11366,68551855;0,00545489;0,00000000
2021-11-17;11306,31288136;-0,00531137;-0,00531137
2021-11-18;11344,97937605;0,00341990;-0,00190963
2021-11-19;11389,92322333;0,00396156;0,00000000
2021-11-22;11371,38507294;-0,00162759;-0,00162759
2021-11-23;11295,32808244;-0,00668845;-0,00830516
2021-11-24;11365,10441484;0,00617745;-0,00217901
2021-11-26;11097,23444798;-0,02356951;-0,02569717
2021-11-29;11281,98619288;0,01664845;-0,00947654
2021-11-30;11192,61053410;-0,00792198;-0,01732344
2021-12-01;11193,94008236;0,00011879;-0,01720671
2021-12-02;11117,68963802;-0,00681176;-0,02390127
2021-12-03;11050,86254355;-0,00601088;-0,02976848
2021-12-06;11142,93553517;0,00833175;-0,02168475
2021-12-07;11466,84871314;0,02906893;0,00000000
2021-12-08;11477,99001156;0,00097161;0,00000000
2021-12-09;11451,29919593;-0,00232539;-0,00232539
2021-12-10;11495,83135839;0,00388883;0,00000000
2021-12-13;11412,51271440;-0,00724773;-0,00724773
2021-12-14;11247,93054672;-0,01442120;-0,02156441
2021-12-15;11380,41709583;0,01177875;-0,01003966
2021-12-16;11320,12571024;-0,00529782;-0,01528429
2021-12-17;11249,95524046;-0,00619874;-0,02138829
2021-12-20;11081,95888067;-0,01493307;-0,03600196
2021-12-21;11269,57773592;0,01693012;-0,01968136
2021-12-22;11385,98754412;0,01032956;-0,00955510
2021-12-23;11443,41982066;0,00504412;-0,00455918
2021-12-29;11552,45758045;0,00952842;0,00000000
2021-12-30;11531,63302860;-0,00180261;-0,00180261
2021-12-31;11476,02232151;-0,00482245;-0,00661636
2022-01-04;11479,95862663;0,00034300;-0,00627563
2022-01-05;11324,05103406;-0,01358085;-0,01977125
2022-01-06;11188,98274718;-0,01192756;-0,03146299
2022-01-07;11116,43337216;-0,00648400;-0,03774298
2022-01-10;11019,98245468;-0,00867643;-0,04609194
2022-01-11;11151,30758307;0,01191700;-0,03472421
2022-01-12;11203,26391667;0,00465921;-0,03022679
2022-01-13;11073,68353666;-0,01156631;-0,04144348
2022-01-14;11019,99711504;-0,00484811;-0,04609067
2022-01-18;10898,49071216;-0,01102599;-0,05660846
2022-01-19;10787,31191033;-0,01020130;-0,06623229
2022-01-20;10775,44124568;-0,00110043;-0,06725983
2022-01-21;10581,99134857;-0,01795285;-0,08400518
2022-01-24;10374,92010320;-0,01956827;-0,10192961
2022-01-25;10314,80858834;-0,00579393;-0,10713296
2022-01-26;10455,10390992;0,01360135;-0,09498876
2022-01-27;10441,32974236;-0,00131746;-0,09618108
2022-01-28;10540,68300493;0,00951538;-0,08758090
2022-01-31;10781,11618056;0,02281002;-0,06676860
2022-02-01;10835,97618338;0,00508853;-0,06201982
2022-02-02;10888,38247034;0,00483632;-0,05748345
2022-02-03;10695,80542801;-0,01768647;-0,07415324
2022-02-04;10693,83718036;-0,00018402;-0,07432361
2022-02-07;10702,50913269;0,00081093;-0,07357296
2022-02-08;10760,25060073;0,00539513;-0,06857476
2022-02-09;10957,04370555;0,01828890;-0,05154002
2022-02-10;10793,24081538;-0,01494955;-0,06571907
2022-02-11;10594,11882014;-0,01844877;-0,08295540
2022-02-14;10510,38603974;-0,00790370;-0,09020345
2022-02-15;10695,53566619;0,01761587;-0,07417659
2022-02-16;10647,51433030;-0,00448985;-0,07833340
2022-02-17;10469,54331623;-0,01671479;-0,09373887
2022-02-18;10355,53831736;-0,01088920;-0,10360733
2022-02-22;10264,25206093;-0,00881521;-0,11150922
2022-02-23;10123,23335834;-0,01373882;-0,12371603
2022-02-24;10181,27958047;0,00573396;-0,11869146
2022-02-25;10465,17316638;0,02788388;-0,09411715
2022-02-28;10477,64139492;0,00119140;-0,09303788
2022-03-01;10316,40871519;-0,01538826;-0,10699445
2022-03-02;10328,84362260;0,00120535;-0,10591807
2022-03-03;10315,53867324;-0,00128814;-0,10706976
2022-03-04;10341,89040784;0,00255457;-0,10478871
2022-03-07;10346,97280312;0,00049144;-0,10434877
2022-03-08;10449,69376794;0,00992763;-0,09545708
2022-03-09;10417,64713744;-0,00306675;-0,09823109
2022-03-10;10379,54995015;-0,00365699;-0,10152884
2022-03-11;10329,62473362;-0,00480996;-0,10585045
2022-03-14;10192,47409238;-0,01327741;-0,11772244
2022-03-15;10169,19043240;-0,00228440;-0,11973791
2022-03-16;10314,79472366;0,01431818;-0,10713416
2022-03-17;10383,91053213;0,00670065;-0,10115138
2022-03-18;10395,75234062;0,00114040;-0,10012634
2022-03-21;10442,97736051;0,00454272;-0,09603846
2022-03-22;10447,01781344;0,00038691;-0,09568871
2022-03-23;10488,65296592;0,00398536;-0,09208470
2022-03-24;10584,43203902;0,00913168;-0,08379391
2022-03-25;10574,60816536;-0,00092814;-0,08464428
2022-03-28;10520,20300001;-0,00514489;-0,08935368
2022-03-29;10613,20300602;0,00884013;-0,08130344
2022-03-30;10622,47953401;0,00087406;-0,08050045
2022-03-31;10588,49868643;-0,00319896;-0,08344189
2022-04-01;10516,08745831;-0,00683867;-0,08970993
2022-04-04;10601,69089450;0,00814024;-0,08229995
2022-04-05;10517,36458517;-0,00795404;-0,08959938
2022-04-06;10434,98056435;-0,00783314;-0,09673067
2022-04-07;10451,98410357;0,00162947;-0,09525882
2022-04-08;10509,28434224;0,00548224;-0,09029882
2022-04-11;10446,41851649;-0,00598193;-0,09574059
2022-04-12;10491,02880212;0,00427039;-0,09187905
2022-04-13;10532,94789845;0,00399571;-0,08825046
2022-04-14;10467,02375308;-0,00625885;-0,09395696
2022-04-19;10446,55318552;-0,00195572;-0,09572893
2022-04-20;10488,63326997;0,00402813;-0,09208641
2022-04-21;10436,16148570;-0,00500273;-0,09662845
2022-04-22;10289,78929012;-0,01402548;-0,10929867
2022-04-25;10173,30145426;-0,01132072;-0,11938205
2022-04-26;10124,27075605;-0,00481955;-0,12362623
2022-04-27;10121,29064331;-0,00029435;-0,12388420
2022-04-28;10243,52788456;0,01207724;-0,11330314
2022-04-29;10159,06505614;-0,00824548;-0,12061438
2022-05-03;10088,74346266;-0,00692205;-0,12670154
2022-05-04;10175,47962928;0,00859732;-0,11919351
2022-05-05;10100,14959756;-0,00740309;-0,12571420
2022-05-06;10081,70919311;-0,00182576;-0,12731043
2022-05-09;9850,15062927;-0,02296819;-0,14735453
2022-05-10;9813,65326549;-0,00370526;-0,15051380
2022-05-11;9837,82477020;0,00246305;-0,14842148
2022-05-12;9703,65767428;-0,01363788;-0,16003520
2022-05-13;9772,87207148;0,00713282;-0,15404389
2022-05-16;9793,67058151;0,00212819;-0,15224354
2022-05-17;9806,29397450;0,00128893;-0,15115083
2022-05-18;9695,43770326;-0,01130460;-0,16074674
2022-05-19;9709,19678817;0,00141913;-0,15955573
2022-05-20;9704,59988072;-0,00047346;-0,15995365
2022-05-23;9806,84030342;0,01053525;-0,15110354
2022-05-24;9791,45800288;-0,00156853;-0,15243506
2022-05-25;9803,72040248;0,00125236;-0,15137361
2022-05-26;9878,16952462;0,00759397;-0,14492917
2022-05-27;9976,54663466;0,00995904;-0,13641348
2022-05-31;9908,44969679;-0,00682570;-0,14230806
2022-06-01;9942,87040249;0,00347387;-0,13932855
2022-06-06;9944,29063578;0,00014284;-0,13920561
2022-06-07;9943,20512229;-0,00010916;-0,13929958
2022-06-08;9944,31362399;0,00011148;-0,13920362
2022-06-09;9944,11391334;-0,00002008;-0,13922091
2022-06-10;9939,88053437;-0,00042572;-0,13958736
2022-06-13;9939,05304019;-0,00008325;-0,13965899
2022-06-14;9938,22210081;-0,00008360;-0,13973092
2022-06-15;9939,93972502;0,00017283;-0,13958224
2022-06-16;9939,46896097;-0,00004736;-0,13962299
2022-06-17;9938,86712078;-0,00006055;-0,13967508
2022-06-21;9942,31691807;0,00034710;-0,13937646
2022-06-22;9943,27517114;0,00009638;-0,13929351
2022-06-23;9943,59763383;0,00003243;-0,13926560
2022-06-24;9943,23387575;-0,00003658;-0,13929709
2022-06-27;9943,37949454;0,00001465;-0,13928448
2022-06-28;9944,82525157;0,00014540;-0,13915934
2022-06-29;9945,61610763;0,00007952;-0,13909088
2022-06-30;9945,87264208;0,00002579;-0,13906867
2022-07-01;9945,52293718;-0,00003516;-0,13909894
2022-07-05;9945,52293718;0,00000000;-0,13909894
2022-07-06;9945,52293718;0,00000000;-0,13909894
2022-07-07;9945,52293718;0,00000000;-0,13909894
2022-07-08;9944,43965910;-0,00010892;-0,13919271
2022-07-11;9945,52293718;0,00010893;-0,13909894
2022-07-12;9944,43965910;-0,00010892;-0,13919271
2022-07-13;9944,43965910;0,00000000;-0,13919271
2022-07-14;9945,52293718;0,00010893;-0,13909894
2022-07-15;9944,43965910;-0,00010892;-0,13919271
2022-07-18;9944,43965910;0,00000000;-0,13919271
2022-07-19;9944,43965910;0,00000000;-0,13919271
2022-07-20;9944,43965910;0,00000000;-0,13919271
2022-07-21;9947,70031628;0,00032789;-0,13891047
2022-07-22;9948,78851388;0,00010939;-0,13881627
2022-07-25;9947,70031628;-0,00010938;-0,13891047
2022-07-26;9947,70031628;0,00000000;-0,13891047
2022-07-27;9947,70031628;0,00000000;-0,13891047
2022-07-28;9948,78851388;0,00010939;-0,13881627
2022-07-29;9949,87769539;0,00010948;-0,13872199
2022-08-01;9950,63923693;0,00007654;-0,13865607
2022-08-02;9951,71794242;0,00010841;-0,13856269
2022-08-03;9950,63923693;-0,00010839;-0,13865607
2022-08-04;9952,79081181;0,00021622;-0,13846982
2022-08-05;9954,94725011;0,00021667;-0,13828316
2022-08-08;9956,01914682;0,00010767;-0,13819037
2022-08-09;9954,94725011;-0,00010766;-0,13828316
2022-08-10;9956,01914682;0,00010767;-0,13819037
2022-08-11;9956,01914682;0,00000000;-0,13819037
2022-08-12;9958,17461244;0,00021650;-0,13800379
2022-08-15;9957,09979768;-0,00010793;-0,13809683
2022-08-16;9958,17461244;0,00010794;-0,13800379
2022-08-17;9958,17461244;0,00000000;-0,13800379
2022-08-18;9962,48262562;0,00043261;-0,13763088
2022-08-19;9962,48262562;0,00000000;-0,13763088
2022-08-22;9963,55744038;0,00010789;-0,13753785
2022-08-23;9961,40683818;-0,00021585;-0,13772401
2022-08-24;9964,63517319;0,00032408;-0,13744456
2022-08-25;9965,70998795;0,00010786;-0,13735152
2022-08-26;9965,70998795;0,00000000;-0,13735152
2022-08-30;9966,78480271;0,00010785;-0,13725848
2022-08-31;9968,93735028;0,00021597;-0,13707215
2022-09-01;9970,98776613;0,00020568;-0,13689467
2022-09-02;9973,47852774;0,00024980;-0,13667906
2022-09-06;9972,30007188;-0,00011816;-0,13678107
2022-09-07;9973,72969896;0,00014336;-0,13665732
2022-09-08;9976,86845876;0,00031470;-0,13638562
2022-09-09;9977,60799993;0,00007413;-0,13632161
2022-09-12;9976,97706291;-0,00006324;-0,13637622
2022-09-13;9977,95424122;0,00009794;-0,13629164
2022-09-14;9977,00426149;-0,00009521;-0,13637387
2022-09-15;9980,32106573;0,00033244;-0,13608676
2022-09-16;9979,47931155;-0,00008434;-0,13615962
2022-09-20;9978,41855563;-0,00010629;-0,13625144
2022-09-21;9981,21264838;0,00028001;-0,13600958
2022-09-22;9983,98486306;0,00027774;-0,13576961
2022-09-23;9984,47187798;0,00004878;-0,13572746
2022-09-26;9983,70092454;-0,00007722;-0,13579419
2022-09-27;9985,97350142;0,00022763;-0,13559748
2022-09-28;9987,59260019;0,00016214;-0,13545732
2022-09-29;9987,15585755;-0,00004373;-0,13549513
2022-09-30;9987,04161948;-0,00001144;-0,13550502
2022-10-03;9983,51531780;-0,00035309;-0,13581026
2022-10-04;9986,78957991;0,00032797;-0,13552683
2022-10-05;9986,78957991;0,00000000;-0,13552683
2022-10-06;9988,97307702;0,00021864;-0,13533783
2022-10-07;9988,97307702;0,00000000;-0,13533783
2022-10-10;9990,06777625;0,00010959;-0,13524307
2022-10-11;9990,06777625;0,00000000;-0,13524307
2022-10-12;9990,06777625;0,00000000;-0,13524307
2022-10-13;9993,34597259;0,00032815;-0,13495930
2022-10-14;9993,34597259;0,00000000;-0,13495930
2022-10-17;9993,34597259;0,00000000;-0,13495930
2022-10-18;9993,34597259;0,00000000;-0,13495930
2022-10-19;9993,34597259;0,00000000;-0,13495930
2022-10-20;9997,71198325;0,00043689;-0,13458137
2022-10-21;9998,80176469;0,00010900;-0,13448704
2022-10-24;9997,71198325;-0,00010899;-0,13458137
2022-10-25;9997,71198325;0,00000000;-0,13458137
2022-10-26;9999,89548036;0,00021840;-0,13439237
2022-10-27;10003,17072603;0,00032753;-0,13410885
2022-10-28;10002,07799392;-0,00010924;-0,13420344
2022-10-31;10002,07799392;0,00000000;-0,13420344
2022-11-01;10002,95631055;0,00008781;-0,13412741
2022-11-02;10006,23942467;0,00032821;-0,13384322
2022-11-03;10009,52057168;0,00032791;-0,13355920
2022-11-04;10011,70997013;0,00021873;-0,13336968
2022-11-07;10010,61625446;-0,00010924;-0,13346436
2022-11-08;10011,70997013;0,00010926;-0,13336968
2022-11-09;10017,18051560;0,00054641;-0,13289614
2022-11-10;10018,27619838;0,00010938;-0,13280130
2022-11-11;10017,18051560;-0,00010937;-0,13289614
2022-11-14;10017,18051560;0,00000000;-0,13289614
2022-11-15;10019,37286472;0,00021886;-0,13270637
2022-11-16;10020,46953106;0,00010945;-0,13261144
2022-11-17;10023,74772740;0,00032715;-0,13232768
2022-11-18;10023,74772740;0,00000000;-0,13232768
2022-11-21;10024,84341018;0,00010931;-0,13223283
2022-11-22;10027,03477575;0,00021859;-0,13204314
2022-11-23;10029,22614132;0,00021855;-0,13185345
2022-11-25;10029,22614132;0,00000000;-0,13185345
2022-11-28;10030,31592276;0,00010866;-0,13175912
2022-11-29;10033,60100400;0,00032752;-0,13147476
2022-11-30;10033,60100400;0,00000000;-0,13147476
2022-12-01;10035,79335313;0,00021850;-0,13128499
2022-12-02;10036,89690437;0,00010996;-0,13118946
2022-12-05;10037,99160360;0,00010907;-0,13109470
2022-12-06;10041,28652041;0,00032824;-0,13080949
2022-12-07;10041,28652041;0,00000000;-0,13080949
2022-12-08;10047,87143624;0,00065578;-0,13023949
2022-12-09;10046,77280279;-0,00010934;-0,13033459
2022-12-12;10047,87143624;0,00010935;-0,13023949
2022-12-13;10047,87143624;0,00000000;-0,13023949
2022-12-14;10051,16635305;0,00032792;-0,12995427
2022-12-15;10053,35968574;0,00021822;-0,12976441
2022-12-16;10053,35968574;0,00000000;-0,12976441
2022-12-19;10054,56847760;0,00012024;-0,12965978
2022-12-20;10055,67104529;0,00010966;-0,12956434
2022-12-21;10056,77262942;0,00010955;-0,12946898
2022-12-22;10063,37623284;0,00065663;-0,12889737
2022-12-23;10063,37623284;0,00000000;-0,12889737
2022-12-28;10066,68295234;0,00032859;-0,12861113
2022-12-29;10071,08535462;0,00043732;-0,12823005
2022-12-30;10069,98180338;-0,00010958;-0,12832558
2023-01-03;10071,08535462;0,00010959;-0,12823005
2023-01-04;10069,99149099;-0,00010861;-0,12832474
2023-01-05;10073,26430758;0,00032501;-0,12804144
2023-01-06;10072,17531856;-0,00010811;-0,12813570
2023-01-09;10074,36012106;0,00021691;-0,12794658
2023-01-10;10073,26430758;-0,00010877;-0,12804144
2023-01-11;10073,26430758;0,00000000;-0,12804144
2023-01-12;10080,90672917;0,00075868;-0,12737990
2023-01-13;10081,99474326;0,00010793;-0,12728572
2023-01-17;10081,99474326;0,00000000;-0,12728572
2023-01-18;10083,08860689;0,00010850;-0,12719103
2023-01-19;10087,45333727;0,00043288;-0,12681321
2023-01-20;10088,54135137;0,00010786;-0,12671903
2023-01-23;10088,54135137;0,00000000;-0,12671903
2023-01-24;10089,63618992;0,00010852;-0,12662426
2023-01-25;10090,72907863;0,00010832;-0,12652966
2023-01-26;10096,18279803;0,00054047;-0,12605757
2023-01-27;10097,27276197;0,00010796;-0,12596323
2023-01-30;10097,27276197;0,00000000;-0,12596323
2023-01-31;10098,36565068;0,00010824;-0,12586862
2023-02-01;10099,02372372;0,00006517;-0,12581166
2023-02-02;10104,16620812;0,00050921;-0,12536652
2023-02-03;10106,12901566;0,00019426;-0,12519661
2023-02-06;10106,84310068;0,00007066;-0,12513480
2023-02-07;10107,91031718;0,00010559;-0,12504242
2023-02-08;10107,82120647;-0,00000882;-0,12505013
2023-02-09;10110,68637103;0,00028346;-0,12480212
2023-02-10;10111,55291062;0,00008571;-0,12472711
2023-02-13;10113,89482872;0,00023161;-0,12452439
2023-02-14;10113,56974267;-0,00003214;-0,12455253
2023-02-15;10116,30166452;0,00027012;-0,12431605
2023-02-16;10121,76776861;0,00054033;-0,12384290
2023-02-17;10122,26781212;0,00004940;-0,12379961
2023-02-21;10121,13605007;-0,00011181;-0,12389758
2023-02-22;10124,26841538;0,00030949;-0,12362644
2023-02-23;10127,50588923;0,00031977;-0,12334620
2023-02-24;10128,23252930;0,00007175;-0,12328330
2023-02-27;10129,57001095;0,00013205;-0,12316752
2023-02-28;10130,33509389;0,00007553;-0,12310129
2023-03-01;10131,24988148;0,00009030;-0,12302211
2023-03-02;10134,86682762;0,00035701;-0,12270902
2023-03-03;10138,27191992;0,00033598;-0,12241427
2023-03-06;10139,88759942;0,00015936;-0,12227441
2023-03-07;10139,82265260;-0,00000641;-0,12228004
2023-03-08;10141,88691743;0,00020358;-0,12210135
2023-03-09;10143,65437550;0,00017427;-0,12194836
2023-03-10;10143,75724630;0,00001014;-0,12193945
2023-03-13;10144,01891242;0,00002580;-0,12191680
2023-03-14;10146,10318335;0,00020547;-0,12173638
2023-03-15;10150,40947031;0,00042443;-0,12136362
2023-03-16;10155,90090891;0,00054101;-0,12088828
2023-03-17;10157,37902924;0,00014554;-0,12076033
2023-03-20;10158,30075205;0,00009074;-0,12068054
2023-03-21;10159,83349705;0,00015089;-0,12054786
2023-03-22;10162,04908820;0,00021807;-0,12035608
2023-03-23;10165,95517555;0,00038438;-0,12001796
2023-03-24;10167,46901550;0,00014891;-0,11988692
2023-03-27;10166,97042134;-0,00004904;-0,11993008
2023-03-28;10168,73885373;0,00017394;-0,11977700
2023-03-29;10169,63511988;0,00008814;-0,11969942
2023-03-30;10172,41379975;0,00027323;-0,11945889
2023-03-31;10170,84313077;-0,00015440;-0,11959485
2023-04-03;10173,56598308;0,00026771;-0,11935916
2023-04-04;10175,52126707;0,00019219;-0,11918990
2023-04-05;10180,57647553;0,00049680;-0,11875232
2023-04-06;10181,47198675;0,00008796;-0,11867480
2023-04-11;10183,22987871;0,00017266;-0,11852263
2023-04-12;10185,53196748;0,00022607;-0,11832336
2023-04-13;10192,46723210;0,00068089;-0,11772303
2023-04-14;10191,23173984;-0,00012122;-0,11782998
2023-04-17;10193,33911841;0,00020678;-0,11764756
2023-04-18;10194,74578722;0,00013800;-0,11752580
2023-04-19;10195,45804814;0,00006987;-0,11746414
2023-04-20;10203,20877133;0,00076021;-0,11679323
2023-04-21;10201,40498010;-0,00017679;-0,11694937
2023-04-24;10202,53175112;0,00011045;-0,11685183
2023-04-25;10200,94432385;-0,00015559;-0,11698924
2023-04-26;10203,34721579;0,00023556;-0,11678124
2023-04-27;10207,41112723;0,00039829;-0,11642946
2023-04-28;10207,83058463;0,00004109;-0,11639316
2023-05-02;10206,44567302;-0,00013567;-0,11651304
2023-05-03;10207,72802746;0,00012564;-0,11640203
2023-05-04;10211,31105536;0,00035101;-0,11609188
2023-05-05;10213,48409941;0,00021281;-0,11590378
2023-05-09;10215,86396048;0,00023301;-0,11569777
2023-05-10;10217,35057792;0,00014552;-0,11556909
2023-05-11;10223,34225864;0,00058642;-0,11505044
2023-05-12;10225,38756853;0,00020006;-0,11487339
2023-05-15;10226,91588974;0,00014946;-0,11474110
2023-05-16;10225,14097538;-0,00017355;-0,11489474
2023-05-17;10227,64727914;0,00024511;-0,11467779
2023-05-18;10233,18995080;0,00054193;-0,11419801
2023-05-19;10233,71362777;0,00005117;-0,11415268
2023-05-22;10234,80045424;0,00010620;-0,11405860
2023-05-23;10234,28538879;-0,00005032;-0,11410318
2023-05-24;10233,57592714;-0,00006932;-0,11416460
2023-05-25;10241,08011000;0,00073329;-0,11351502
2023-05-26;10244,62761492;0,00034640;-0,11320794
2023-05-30;10246,27426605;0,00016073;-0,11306541
2023-05-31;10248,24318209;0,00019216;-0,11289497
2023-06-01;10254,74432758;0,00063437;-0,11233222
2023-06-02;10255,26184803;0,00005047;-0,11228743
2023-06-05;10255,36515104;0,00001007;-0,11227848
2023-06-06;10257,62086177;0,00021995;-0,11208323
2023-06-07;10257,46028988;-0,00001565;-0,11209713
2023-06-08;10264,11789717;0,00064905;-0,11152083
2023-06-09;10265,25043276;0,00011034;-0,11142280
2023-06-12;10267,17861711;0,00018784;-0,11125589
2023-06-13;10269,21127012;0,00019798;-0,11107994
2023-06-14;10271,87968914;0,00025985;-0,11084896
2023-06-15;10277,18520732;0,00051651;-0,11038970
2023-06-16;10277,86593935;0,00006624;-0,11033078
2023-06-20;10279,21019044;0,00013079;-0,11021442
2023-06-21;10278,52345579;-0,00006681;-0,11027386
2023-06-22;10282,69819760;0,00040616;-0,10991249
2023-06-23;10283,48679286;0,00007669;-0,10984423
2023-06-26;10284,39909738;0,00008872;-0,10976526
2023-06-27;10287,13830379;0,00026635;-0,10952815
2023-06-28;10288,15381316;0,00009872;-0,10944024
2023-06-29;10291,50190758;0,00032543;-0,10915043
2023-06-30;10295,81963395;0,00041954;-0,10877668
2023-07-03;10298,30192114;0,00024110;-0,10856181
2023-07-05;10298,48381842;0,00001766;-0,10854606
2023-07-06;10300,35419845;0,00018162;-0,10838416
2023-07-07;10301,65390938;0,00012618;-0,10827165
2023-07-10;10303,99269749;0,00022703;-0,10806920
2023-07-11;10305,49343926;0,00014565;-0,10793930
2023-07-12;10309,88429641;0,00042607;-0,10755922
2023-07-13;10314,75070800;0,00047201;-0,10713797
2023-07-14;10315,69634838;0,00009168;-0,10705612
2023-07-17;10317,48964322;0,00017384;-0,10690088
2023-07-18;10319,28784363;0,00017429;-0,10674523
2023-07-19;10322,84414370;0,00034463;-0,10643739
2023-07-20;10326,98311210;0,00040095;-0,10607911
2023-07-21;10326,70399925;-0,00002703;-0,10610327
2023-07-24;10327,69067980;0,00009555;-0,10601787
2023-07-25;10329,66529528;0,00019120;-0,10584694
2023-07-26;10330,21725023;0,00005343;-0,10579916
2023-07-27;10335,18544904;0,00048094;-0,10536911
2023-07-28;10337,50158869;0,00022410;-0,10516862
2023-07-31;10338,86630587;0,00013202;-0,10505049
2023-08-01;10341,00909559;0,00020726;-0,10486500
2023-08-02;10340,03778902;-0,00009393;-0,10494908
2023-08-03;10343,89800414;0,00037333;-0,10461493
2023-08-04;10346,03200954;0,00020631;-0,10443021
2023-08-07;10345,58745753;-0,00004297;-0,10446869
2023-08-08;10346,73145163;0,00011058;-0,10436967
2023-08-09;10347,05292135;0,00003107;-0,10434184
2023-08-10;10352,99811132;0,00057458;-0,10382721
2023-08-11;10353,20463788;0,00001995;-0,10380934
2023-08-14;10354,90453875;0,00016419;-0,10366219
2023-08-15;10354,72187640;-0,00001764;-0,10367800
2023-08-16;10355,74104393;0,00009843;-0,10358978
2023-08-17;10359,06968961;0,00032143;-0,10330165
2023-08-18;10359,78257226;0,00006882;-0,10323994
2023-08-21;10361,96341259;0,00021051;-0,10305116
2023-08-22;10363,61788867;0,00015967;-0,10290795
2023-08-23;10367,98126432;0,00042103;-0,10253025
2023-08-24;10370,40194686;0,00023348;-0,10232071
2023-08-25;10372,91551654;0,00024238;-0,10210313
2023-08-29;10377,43298501;0,00043551;-0,10171209
2023-08-30;10380,10419921;0,00025741;-0,10148086
2023-08-31;10387,13854736;0,00067768;-0,10087196
2023-09-01;10389,30136681;0,00020822;-0,10068474
2023-09-05;10390,96946003;0,00016056;-0,10054035
2023-09-06;10389,88853816;-0,00010403;-0,10063392
2023-09-07;10394,90878368;0,00048319;-0,10019935
2023-09-08;10396,39967559;0,00014343;-0,10007030
2023-09-11;10396,66217552;0,00002525;-0,10004758
2023-09-12;10399,08098859;0,00023265;-0,09983820
2023-09-13;10400,05117739;0,00009330;-0,09975422
2023-09-14;10404,57687112;0,00043516;-0,09936247
2023-09-15;10406,48502800;0,00018340;-0,09919730
2023-09-18;10408,07681411;0,00015296;-0,09905951
2023-09-19;10408,73264367;0,00006301;-0,09900274
2023-09-20;10409,68300284;0,00009130;-0,09892047
2023-09-21;10413,14970924;0,00033303;-0,09862039
2023-09-22;10414,78332570;0,00015688;-0,09847898
2023-09-25;10415,30184728;0,00004979;-0,09843410
2023-09-26;10414,70303883;-0,00005749;-0,09848593
2023-09-27;10416,97199111;0,00021786;-0,09828953
2023-09-28;10420,17171836;0,00030716;-0,09801255
2023-09-29;10420,73579333;0,00005413;-0,09796373
2023-10-02;10421,69474967;0,00009202;-0,09788072
2023-10-03;10422,26651841;0,00005486;-0,09783122
2023-10-04;10423,56909757;0,00012498;-0,09771847
2023-10-05;10430,16814152;0,00063309;-0,09714725
2023-10-06;10431,58891662;0,00013622;-0,09702426
2023-10-09;10434,80443046;0,00030825;-0,09674592
2023-10-10;10435,75921260;0,00009150;-0,09666327
2023-10-11;10438,57643847;0,00026996;-0,09641941
2023-10-12;10443,46974808;0,00046877;-0,09599584
2023-10-13;10447,52444518;0,00038825;-0,09564486
2023-10-16;10448,90842127;0,00013247;-0,09552506
2023-10-17;10450,04683331;0,00010895;-0,09542651
2023-10-18;10451,58594773;0,00014728;-0,09529329
2023-10-19;10456,45939914;0,00046629;-0,09487143
2023-10-20;10457,07120555;0,00005851;-0,09481847
2023-10-23;10457,58505791;0,00004914;-0,09477399
2023-10-24;10459,34885827;0,00016866;-0,09462131
2023-10-25;10460,25671183;0,00008680;-0,09454273
2023-10-26;10463,41135575;0,00030158;-0,09426966
2023-10-27;10467,64518047;0,00040463;-0,09390317
2023-10-30;10468,79765980;0,00011010;-0,09380341
2023-10-31;10468,99876217;0,00001921;-0,09378600
2023-11-01;10473,16615769;0,00039807;-0,09342527
2023-11-02;10478,83370320;0,00054115;-0,09293467
2023-11-03;10480,69035976;0,00017718;-0,09277396
2023-11-06;10481,19934453;0,00004856;-0,09272990
2023-11-07;10484,09765496;0,00027652;-0,09247902
2023-11-08;10484,46413124;0,00003496;-0,09244729
2023-11-09;10490,70526011;0,00059527;-0,09190705
2023-11-10;10491,99467564;0,00012291;-0,09179544
2023-11-13;10493,71189521;0,00016367;-0,09164679
2023-11-14;10496,79570860;0,00029387;-0,09137985
2023-11-15;10499,36593026;0,00024486;-0,09115737
2023-11-16;10504,75524971;0,00051330;-0,09069086
2023-11-17;10507,31202926;0,00024339;-0,09046954
2023-11-20;10507,86645199;0,00005277;-0,09042155
2023-11-21;10511,56348019;0,00035183;-0,09010153
2023-11-22;10516,52253936;0,00047177;-0,08967227
2023-11-24;10517,38365532;0,00008188;-0,08959773
2023-11-27;10519,07493010;0,00016081;-0,08945133
2023-11-28;10522,34377216;0,00031075;-0,08916837
2023-11-29;10523,65367721;0,00012449;-0,08905498
2023-11-30;10527,89892409;0,00040340;-0,08868751
2023-12-01;10532,16583079;0,00040530;-0,08831816
2023-12-04;10529,55647392;-0,00024775;-0,08854403
2023-12-05;10531,99075545;0,00023119;-0,08833331
2023-12-06;10533,28676761;0,00012305;-0,08822113
2023-12-07;10538,61956671;0,00050628;-0,08775951
2023-12-08;10540,40280461;0,00016921;-0,08760515
2023-12-11;10542,25801198;0,00017601;-0,08744456
2023-12-12;10542,72934249;0,00004471;-0,08740376
2023-12-13;10546,64259776;0,00037118;-0,08706502
2023-12-14;10551,54489570;0,00046482;-0,08664067
2023-12-15;10554,64481389;0,00029379;-0,08637234
2023-12-18;10556,80115043;0,00020430;-0,08618568
2023-12-19;10557,45594856;0,00006203;-0,08612900
2023-12-20;10559,21621748;0,00016673;-0,08597663
2023-12-21;10566,76857512;0,00071524;-0,08532288
2023-12-22;10568,24465980;0,00013969;-0,08519511
2023-12-27;10571,98277537;0,00035371;-0,08487153
2023-12-28;10578,69232427;0,00063465;-0,08429075
2023-12-29;10578,44802376;-0,00002309;-0,08431189
2024-01-02;10578,19066240;-0,00002433;-0,08433417
2024-01-03;10579,74414285;0,00014686;-0,08419970
2024-01-04;10582,89747104;0,00029805;-0,08392674
2024-01-05;10583,63679549;0,00006986;-0,08386274
2024-01-08;10585,17676633;0,00014550;-0,08372944
2024-01-09;10586,87743161;0,00016066;-0,08358223
2024-01-10;10589,44102305;0,00024215;-0,08336032
2024-01-11;10595,25791905;0,00054931;-0,08285680
2024-01-12;10598,93974204;0,00034750;-0,08253809
2024-01-16;10599,51846326;0,00005460;-0,08248800
2024-01-17;10599,81890733;0,00002835;-0,08246199
2024-01-18;10606,24835247;0,00060656;-0,08190545
2024-01-19;10609,11100215;0,00026990;-0,08165765
2024-01-22;10610,63017375;0,00014319;-0,08152615
2024-01-23;10612,33521250;0,00016069;-0,08137856
2024-01-24;10613,37649573;0,00009812;-0,08128843
2024-01-25;10619,73994241;0,00059957;-0,08073759
2024-01-26;10620,39856107;0,00006202;-0,08068058
2024-01-29;10622,74655642;0,00022108;-0,08047734
2024-01-30;10624,12340528;0,00012961;-0,08035815
2024-01-31;10623,63064744;-0,00004638;-0,08040081
2024-02-01;10630,16019817;0,00061463;-0,07983560
2024-02-02;10633,07027521;0,00027376;-0,07958370
2024-02-05;10632,97511372;-0,00000895;-0,07959194
2024-02-06;10635,55685909;0,00024281;-0,07936846
2024-02-07;10637,38619677;0,00017200;-0,07921011
2024-02-08;10642,09824315;0,00044297;-0,07880222
2024-02-09;10643,62495637;0,00014346;-0,07867007
2024-02-12;10645,95455805;0,00021887;-0,07846841
2024-02-13;10642,90267916;-0,00028667;-0,07873259
2024-02-14;10646,01059054;0,00029202;-0,07846356
2024-02-15;10652,71707440;0,00062995;-0,07788304
2024-02-16;10655,30245801;0,00024270;-0,07765924
2024-02-20;10655,69427706;0,00003677;-0,07762533
2024-02-21;10656,58000226;0,00008312;-0,07754866
2024-02-22;10664,78987211;0,00077040;-0,07683800
2024-02-23;10666,50368495;0,00016070;-0,07668965
2024-02-26;10666,23827861;-0,00002488;-0,07671262
2024-02-27;10668,31852927;0,00019503;-0,07653255
2024-02-28;10669,53819733;0,00011433;-0,07642697
2024-02-29;10675,11004242;0,00052222;-0,07594467
2024-03-01;10681,21135346;0,00057155;-0,07541653
2024-03-04;10683,86907474;0,00024882;-0,07518647
2024-03-05;10682,86610163;-0,00009388;-0,07527329
2024-03-06;10686,60559700;0,00035005;-0,07494959
2024-03-07;10692,66840605;0,00056733;-0,07442479
2024-03-08;10693,78169042;0,00010412;-0,07432842
2024-03-11;10694,69545496;0,00008545;-0,07424932
2024-03-12;10698,56998240;0,00036228;-0,07391393
2024-03-13;10698,92206499;0,00003291;-0,07388346
2024-03-14;10703,00401885;0,00038153;-0,07353012
2024-03-15;10704,01860431;0,00009479;-0,07344229
2024-03-18;10706,06564285;0,00019124;-0,07326510
2024-03-19;10708,54196153;0,00023130;-0,07305074
2024-03-20;10711,51359635;0,00027750;-0,07279351
2024-03-21;10716,23126619;0,00044043;-0,07238514
2024-03-22;10716,58587608;0,00003309;-0,07235445
2024-03-25;10718,61502249;0,00018935;-0,07217880
2024-03-26;10720,15083875;0,00014328;-0,07204586
2024-03-27;10727,85757570;0,00071890;-0,07137875
2024-03-28;10729,34165431;0,00013834;-0,07125029
2024-04-02;10736,49181557;0,00066641;-0,07063136
2024-04-03;10737,65639663;0,00010847;-0,07053055
2024-04-04;10741,12449225;0,00032298;-0,07023035
2024-04-05;10745,20858808;0,00038023;-0,06987682
2024-04-08;10747,12227657;0,00017810;-0,06971117
2024-04-09;10748,57922950;0,00013557;-0,06958505
2024-04-10;10749,55672452;0,00009094;-0,06950044
2024-04-11;10756,00873456;0,00060021;-0,06894194
2024-04-12;10755,32302179;-0,00006375;-0,06900130
2024-04-15;10758,68502229;0,00031259;-0,06871028
2024-04-16;10758,94945135;0,00002458;-0,06868739
2024-04-17;10758,33795745;-0,00005684;-0,06874032
2024-04-18;10764,21835089;0,00054659;-0,06823130
2024-04-19;10764,59212323;0,00003472;-0,06819895
2024-04-22;10764,86704037;0,00002554;-0,06817515
2024-04-23;10766,79888301;0,00017946;-0,06800793
2024-04-24;10766,87935913;0,00000747;-0,06800096
2024-04-25;10772,11972565;0,00048671;-0,06754735
2024-04-26;10774,15044944;0,00018852;-0,06737156
2024-04-29;10776,14466734;0,00018509;-0,06719894
2024-04-30;10774,01370215;-0,00019775;-0,06738340
2024-05-01;10776,08658427;0,00019240;-0,06720397
2024-05-02;10782,25909878;0,00057280;-0,06666967
2024-05-03;10784,46559685;0,00020464;-0,06647867
2024-05-07;10786,33278911;0,00017314;-0,06631704
2024-05-08;10788,61561970;0,00021164;-0,06611943
2024-05-09;10795,47547533;0,00063584;-0,06552563
2024-05-10;10796,15824177;0,00006325;-0,06546653
2024-05-13;10797,95464772;0,00016639;-0,06531103
2024-05-14;10800,04637010;0,00019371;-0,06512997
2024-05-15;10802,99240610;0,00027278;-0,06487496
2024-05-16;10807,27077965;0,00039604;-0,06450461
2024-05-17;10809,43883899;0,00020061;-0,06431694
2024-05-20;10812,57033855;0,00028970;-0,06404587
2024-05-21;10813,70026643;0,00010450;-0,06394807
2024-05-22;10814,86324930;0,00010755;-0,06384740
2024-05-23;10820,12122084;0,00048618;-0,06339226
2024-05-24;10821,72371782;0,00014810;-0,06325354
2024-05-28;10821,41695812;-0,00002835;-0,06328010
2024-05-29;10822,85941299;0,00013330;-0,06315523
2024-05-30;10824,34781613;0,00013752;-0,06302640
2024-05-31;10826,37306342;0,00018710;-0,06285109
2024-06-03;10828,83780396;0,00022766;-0,06263773
2024-06-04;10830,61127050;0,00016377;-0,06248422
2024-06-05;10833,45813886;0,00026285;-0,06223779
2024-06-06;10835,02534872;0,00014466;-0,06210213
2024-06-07;10837,28091436;0,00020817;-0,06190689
2024-06-10;10840,31571389;0,00028003;-0,06164419
2024-06-11;10842,45988359;0,00019780;-0,06145859
2024-06-12;10845,88280543;0,00031570;-0,06116229
2024-06-13;10846,84051957;0,00008830;-0,06107939
2024-06-14;10853,66361219;0,00062904;-0,06048877
2024-06-17;10855,12896812;0,00013501;-0,06036193
2024-06-18;10857,78399936;0,00024459;-0,06013210
2024-06-20;10860,46619983;0,00024703;-0,05989993
2024-06-21;10862,80106810;0,00021499;-0,05969782
2024-06-24;10864,35404617;0,00014296;-0,05956339
2024-06-25;10864,77549593;0,00003879;-0,05952691
2024-06-26;10865,28219510;0,00004664;-0,05948305
2024-06-27;10868,40414124;0,00028733;-0,05921281
2024-06-28;10871,81609876;0,00031393;-0,05891746
2024-07-01;10876,07847545;0,00039206;-0,05854850
2024-07-02;10877,41127701;0,00012254;-0,05843313
2024-07-03;10882,68142207;0,00048450;-0,05797694
2024-07-05;10887,73318732;0,00046420;-0,05753965
2024-07-08;10889,20203111;0,00013491;-0,05741251
2024-07-09;10889,47255960;0,00002484;-0,05738909
2024-07-10;10892,86032686;0,00031110;-0,05709584
2024-07-11;10894,46634304;0,00014744;-0,05695682
2024-07-12;10899,65576314;0,00047634;-0,05650761
2024-07-15;10902,45146890;0,00025649;-0,05626561
2024-07-16;10904,34619028;0,00017379;-0,05610160
2024-07-17;10905,08499230;0,00006775;-0,05603765
2024-07-18;10905,27562146;0,00001748;-0,05602115
2024-07-19;10906,07886565;0,00007366;-0,05595162
2024-07-22;10909,63742452;0,00032629;-0,05564359
2024-07-23;10910,33047411;0,00006353;-0,05558359
2024-07-24;10910,57118315;0,00002206;-0,05556276
2024-07-25;10908,53488504;-0,00018664;-0,05573902
2024-07-26;10916,07922565;0,00069160;-0,05508597
2024-07-29;10915,83737443;-0,00002216;-0,05510691
2024-07-30;10917,03826391;0,00011001;-0,05500296
2024-07-31;10923,78943316;0,00061841;-0,05441856
2024-08-01;10924,04005858;0,00002294;-0,05439687
2024-08-02;10926,53310560;0,00022822;-0,05418107
2024-08-05;10923,14799680;-0,00030981;-0,05447409
2024-08-06;10925,88045926;0,00025015;-0,05423756
2024-08-07;10928,39522611;0,00023017;-0,05401988
2024-08-08;10932,16826072;0,00034525;-0,05369328
2024-08-09;10935,06891070;0,00026533;-0,05344219
2024-08-12;10940,63299982;0,00050883;-0,05296056
2024-08-13;10943,29229839;0,00024307;-0,05273036
2024-08-14;10944,43838087;0,00010473;-0,05263116
2024-08-15;10947,85278297;0,00031198;-0,05233560
2024-08-16;10955,81104140;0,00072692;-0,05164672
2024-08-19;10956,55209670;0,00006764;-0,05158257
2024-08-20;10958,97058465;0,00022073;-0,05137322
2024-08-21;10961,45891259;0,00022706;-0,05115783
2024-08-22;10959,20239313;-0,00020586;-0,05135316
2024-08-23;10965,51738339;0,00057623;-0,05080652
2024-08-27;10969,10309698;0,00032700;-0,05049614
2024-08-28;10968,94781641;-0,00001416;-0,05050958
2024-08-29;10969,76670215;0,00007465;-0,05043869
2024-08-30;10975,26570071;0,00050129;-0,04996269
2024-09-03;10977,10534722;0,00016762;-0,04980345
2024-09-04;10977,41028835;0,00002778;-0,04977705
2024-09-05;10978,88886400;0,00013469;-0,04964906
2024-09-06;10982,24100226;0,00030533;-0,04935890
2024-09-09;10984,08641448;0,00016804;-0,04919916
2024-09-10;10988,69435944;0,00041951;-0,04880028
2024-09-11;10989,62488716;0,00008468;-0,04871974
2024-09-12;10993,96826781;0,00039523;-0,04834377
2024-09-13;11001,49336540;0,00068448;-0,04769238
2024-09-16;11003,26982926;0,00016147;-0,04753861
2024-09-17;11004,44699066;0,00010698;-0,04743671
2024-09-18;11005,12227363;0,00006136;-0,04737826
2024-09-19;11010,91222275;0,00052611;-0,04687707
2024-09-20;11016,23130063;0,00048307;-0,04641664
2024-09-23;11017,57550825;0,00012202;-0,04630028
2024-09-24;11020,48698810;0,00026426;-0,04604826
2024-09-25;11023,01428173;0,00022933;-0,04582950
2024-09-26;11024,03078706;0,00009222;-0,04574150
2024-09-27;11026,61592188;0,00023450;-0,04551773
2024-09-30;11026,78481985;0,00001532;-0,04550311
2024-10-01;11029,61061906;0,00025627;-0,04525851
2024-10-02;11031,22877344;0,00014671;-0,04511844
2024-10-03;11034,15654177;0,00026541;-0,04486500
2024-10-04;11036,91078970;0,00024961;-0,04462659
2024-10-07;11039,08625317;0,00019711;-0,04443828
2024-10-08;11038,94799483;-0,00001252;-0,04445025
2024-10-09;11040,52712679;0,00014305;-0,04431355
2024-10-10;11042,56082979;0,00018420;-0,04413751
2024-10-11;11049,73425720;0,00064962;-0,04351657
2024-10-14;11049,35368503;-0,00003444;-0,04354951
2024-10-15;11051,98738196;0,00023836;-0,04332154
2024-10-16;11052,80481466;0,00007396;-0,04325078
2024-10-17;11056,20670877;0,00030779;-0,04295630
2024-10-18;11060,77831011;0,00041349;-0,04256058
2024-10-21;11063,15107103;0,00021452;-0,04235519
2024-10-22;11065,34031520;0,00019789;-0,04216568
2024-10-23;11063,34329375;-0,00018048;-0,04233855
2024-10-24;11065,32386283;0,00017902;-0,04216711
2024-10-25;11070,73149453;0,00048870;-0,04169901
2024-10-28;11070,65017980;-0,00000735;-0,04170605
2024-10-29;11074,46585564;0,00034467;-0,04137576
2024-10-30;11075,56231290;0,00009901;-0,04128085
2024-10-31;11074,70153016;-0,00007772;-0,04135536
2024-11-01;11079,24211743;0,00041000;-0,04096232
2024-11-04;11081,44056660;0,00019843;-0,04077202
2024-11-05;11082,30248539;0,00007778;-0,04069741
2024-11-06;11084,42484072;0,00019151;-0,04051369
2024-11-07;11087,95737293;0,00031869;-0,04020791
2024-11-08;11093,57980610;0,00050708;-0,03972123
2024-11-11;11090,65655798;-0,00026351;-0,03997427
2024-11-12;11091,28705112;0,00005685;-0,03991969
2024-11-13;11092,87493962;0,00014317;-0,03978224
2024-11-14;11092,54916486;-0,00002937;-0,03981044
2024-11-15;11094,48992201;0,00017496;-0,03964244
2024-11-18;11097,59471917;0,00027985;-0,03937369
2024-11-19;11102,09241882;0,00040529;-0,03898436
2024-11-20;11103,58591234;0,00013452;-0,03885508
2024-11-21;11106,71491897;0,00028180;-0,03858423
2024-11-22;11112,05857637;0,00048112;-0,03812167
2024-11-25;11110,85036337;-0,00010873;-0,03822626
2024-11-26;11111,27265804;0,00003801;-0,03818970
2024-11-27;11113,84907593;0,00023187;-0,03796668
2024-11-29;11117,69755756;0,00034628;-0,03763355
2024-12-02;11120,72258987;0,00027209;-0,03737170
2024-12-03;11123,38529966;0,00023944;-0,03714121
2024-12-04;11125,52488884;0,00019235;-0,03695601
2024-12-05;11125,91859340;0,00003539;-0,03692193
2024-12-06;11130,89286475;0,00044709;-0,03649135
2024-12-09;11132,35330069;0,00013121;-0,03636493
2024-12-10;11135,23545701;0,00025890;-0,03611544
2024-12-11;11138,01606216;0,00024971;-0,03587475
2024-12-12;11139,10448808;0,00009772;-0,03578053
2024-12-13;11141,83542018;0,00024517;-0,03554414
2024-12-16;11143,39610429;0,00014007;-0,03540904
2024-12-17;11143,83371210;0,00003927;-0,03537116
2024-12-18;11141,11183870;-0,00024425;-0,03560677
2024-12-19;11141,94756896;0,00007501;-0,03553443
2024-12-20;11148,31685691;0,00057165;-0,03498310
2024-12-23;11148,39687914;0,00000718;-0,03497617
2024-12-24;11151,67118859;0,00029370;-0,03469274
2024-12-27;11158,21458719;0,00058676;-0,03412633
2024-12-30;11157,26167733;-0,00008540;-0,03420882
2024-12-31;11160,03333214;0,00024842;-0,03396890
2025-01-02;11164,07117849;0,00036181;-0,03361937
2025-01-03;11165,08722784;0,00009101;-0,03353142
2025-01-06;11167,09243325;0,00017960;-0,03335785
2025-01-07;11168,80442494;0,00015331;-0,03320966
2025-01-08;11171,97481545;0,00028386;-0,03293522
2025-01-10;11175,47540104;0,00031334;-0,03263221
2025-01-13;11175,45096092;-0,00000219;-0,03263432
2025-01-14;11178,66143777;0,00028728;-0,03235642
2025-01-15;11181,92461468;0,00029191;-0,03207395
2025-01-16;11182,48067658;0,00004973;-0,03202582
2025-01-17;11189,36448907;0,00061559;-0,03142994
2025-01-21;11190,69967918;0,00011933;-0,03131437
2025-01-22;11194,89629698;0,00037501;-0,03095110
2025-01-23;11194,78476541;-0,00000996;-0,03096076
2025-01-24;11199,38531285;0,00041095;-0,03056252
2025-01-27;11196,86970610;-0,00022462;-0,03078028
2025-01-28;11199,05886379;0,00019552;-0,03059078
2025-01-29;11199,83627243;0,00006942;-0,03052349
2025-01-30;11202,44406664;0,00023284;-0,03029775
2025-01-31;11206,60818397;0,00037172;-0,02993730
2025-02-03;11208,77803241;0,00019362;-0,02974948
2025-02-04;11210,09275446;0,00011729;-0,02963567
2025-02-05;11212,16165715;0,00018456;-0,02945658
2025-02-06;11215,27435099;0,00027762;-0,02918714
2025-02-07;11217,36860498;0,00018673;-0,02900586
2025-02-10;11220,68224408;0,00029540;-0,02871903
2025-02-11;11221,50597474;0,00007341;-0,02864772
2025-02-12;11222,44213221;0,00008343;-0,02856669
2025-02-13;11226,29004212;0,00034288;-0,02823361
2025-02-14;11228,67149022;0,00021213;-0,02802746
2025-02-18;11232,81808941;0,00036929;-0,02766853
2025-02-19;11234,19857888;0,00012290;-0,02754903
2025-02-20;11236,03994665;0,00016391;-0,02738964
2025-02-21;11238,55641225;0,00022396;-0,02717181
2025-02-24;11239,15699032;0,00005344;-0,02711982
2025-02-25;11236,88680190;-0,00020199;-0,02731633
2025-02-26;11240,35811614;0,00030892;-0,02701585
2025-02-27;11238,95599790;-0,00012474;-0,02713722
2025-02-28;11240,86287401;0,00016967;-0,02697216
2025-03-03;11243,34957287;0,00022122;-0,02675690
2025-03-04;11242,27506130;-0,00009557;-0,02684992
2025-03-05;11243,91245084;0,00014565;-0,02670818
2025-03-06;11244,18326182;0,00002409;-0,02668474
2025-03-07;11248,49521141;0,00038348;-0,02631149
2025-03-10;11247,37135013;-0,00009991;-0,02640877
2025-03-11;11248,50337517;0,00010065;-0,02631078
2025-03-12;11250,85677485;0,00020922;-0,02610707
2025-03-13;11253,60667308;0,00024442;-0,02586903
2025-03-14;11257,78011178;0,00037085;-0,02550777
2025-03-17;11261,00798821;0,00028672;-0,02522836
2025-03-18;11261,34141672;0,00002961;-0,02519950
2025-03-19;11263,67100442;0,00020687;-0,02499785
2025-03-20;11265,80324775;0,00018930;-0,02481328
2025-03-21;11268,78972296;0,00026509;-0,02455476
2025-03-24;11269,77820248;0,00008772;-0,02446920
2025-03-25;11271,49491078;0,00015233;-0,02432060
2025-03-26;11271,81809195;0,00002867;-0,02429262
2025-03-27;11274,58036887;0,00024506;-0,02405351
2025-03-28;11277,27524979;0,00023902;-0,02382024
2025-03-31;11278,12936347;0,00007574;-0,02374631
2025-04-01;11281,38965959;0,00028908;-0,02346409
2025-04-02;11282,94312736;0,00013770;-0,02332962
2025-04-03;11279,49582300;-0,00030553;-0,02362803
2025-04-04;11277,65354225;-0,00016333;-0,02378750
2025-04-07;11276,51529574;-0,00010093;-0,02388602
2025-04-08;11280,18190986;0,00032515;-0,02356864
2025-04-09;11284,55992732;0,00038812;-0,02318967
2025-04-10;11288,12790527;0,00031618;-0,02288082
2025-04-11;11294,84667952;0,00059521;-0,02229923
2025-04-14;11295,61330920;0,00006787;-0,02223287
2025-04-15;11298,65821811;0,00026957;-0,02196930
2025-04-16;11301,22060481;0,00022679;-0,02174749
2025-04-17;11305,01572826;0,00033582;-0,02141898
2025-04-22;11307,16654088;0,00019025;-0,02123280
2025-04-23;11309,68737483;0,00022294;-0,02101459
2025-04-24;11312,19578516;0,00022179;-0,02079746
2025-04-25;11316,78926373;0,00040606;-0,02039984
2025-04-28;11318,99638007;0,00019503;-0,02020879
2025-04-29;11318,58632741;-0,00003623;-0,02024429
2025-04-30;11319,41352156;0,00007308;-0,02017268
2025-05-01;11321,91589433;0,00022107;-0,01995607
2025-05-02;11326,44426578;0,00039997;-0,01956409
2025-05-06;11332,56383564;0,00054029;-0,01903437
2025-05-07;11331,50046303;-0,00009383;-0,01912642
2025-05-08;11333,21539411;0,00015134;-0,01897797
2025-05-09;11337,31473097;0,00036171;-0,01862312
2025-05-12;11337,56827201;0,00002236;-0,01860118
2025-05-13;11341,30706299;0,00032977;-0,01827754
2025-05-14;11339,80366521;-0,00013256;-0,01840768
2025-05-15;11342,36266273;0,00022567;-0,01818617
2025-05-16;11346,69621205;0,00038207;-0,01781105
2025-05-19;11347,39260792;0,00006137;-0,01775077
2025-05-20;11351,27289842;0,00034195;-0,01741488
2025-05-21;11352,22903859;0,00008423;-0,01733212
2025-05-22;11353,46238411;0,00010864;-0,01722536
2025-05-23;11359,15414464;0,00050132;-0,01673267
2025-05-27;11359,25170043;0,00000859;-0,01672422
2025-05-28;11360,24607672;0,00008754;-0,01663815
2025-05-29;11361,93006910;0,00014824;-0,01649238
2025-05-30;11365,03383387;0,00027317;-0,01622371
2025-06-02;11369,07711125;0,00035576;-0,01587372
2025-06-03;11371,85360785;0,00024421;-0,01563338
2025-06-04;11372,30209854;0,00003944;-0,01559456
2025-06-05;11373,17570787;0,00007682;-0,01551894
2025-06-06;11376,50889423;0,00029307;-0,01523041
2025-06-09;11379,33236951;0,00024818;-0,01498601
2025-06-10;11380,90414427;0,00013813;-0,01484995
2025-06-11;11381,32645430;0,00003711;-0,01481340
2025-06-12;11383,33368459;0,00017636;-0,01463965
2025-06-13;11388,48828438;0,00045282;-0,01419346
2025-06-16;11388,24108109;-0,00002171;-0,01421485
2025-06-17;11390,47058192;0,00019577;-0,01402186
2025-06-18;11392,77724668;0,00020251;-0,01382220
2025-06-20;11394,82348950;0,00017961;-0,01364507
2025-06-23;11397,68012675;0,00025070;-0,01339779
2025-06-24;11397,54233883;-0,00001209;-0,01340972
2025-06-25;11399,15356171;0,00014137;-0,01327025
2025-06-26;11400,46139296;0,00011473;-0,01315704
2025-06-27;11404,75599260;0,00037670;-0,01278530
2025-06-30;11406,99024425;0,00019591;-0,01259190
2025-07-01;11409,25801176;0,00019881;-0,01239559
2025-07-02;11411,45150336;0,00019226;-0,01220572
2025-07-03;11417,79284195;0,00055570;-0,01165680
2025-07-07;11418,68131964;0,00007782;-0,01157990
2025-07-08;11418,41107652;-0,00002367;-0,01160329
2025-07-09;11420,08783717;0,00014685;-0,01145815
2025-07-10;11422,86484179;0,00024317;-0,01121776
2025-07-11;11425,72190504;0,00025012;-0,01097045
2025-07-14;11426,92533922;0,00010533;-0,01086628
2025-07-15;11428,28068413;0,00011861;-0,01074896
2025-07-16;11430,58279532;0,00020144;-0,01054968
2025-07-17;11431,26699232;0,00005986;-0,01049046
2025-07-18;11436,31560243;0,00044165;-0,01005344
2025-07-21;11439,65339179;0,00029186;-0,00976452
2025-07-22;11440,97137134;0,00011521;-0,00965043
2025-07-23;11441,85991647;0,00007766;-0,00957352
2025-07-24;11441,99456999;0,00001177;-0,00956186
2025-07-25;11445,50420943;0,00030673;-0,00925806
2025-07-28;11446,66114701;0,00010108;-0,00915792
2025-07-29;11448,08300586;0,00012422;-0,00903484
2025-07-30;11448,65818326;0,00005024;-0,00898505
2025-07-31;11450,16925245;0,00013199;-0,00885425
2025-08-01;11454,58342649;0,00038551;-0,00847215
2025-08-04;11456,90162610;0,00020238;-0,00827148
2025-08-05;11456,67260837;-0,00001999;-0,00829131
2025-08-06;11460,69381088;0,00035099;-0,00794322
2025-08-07;11460,94060565;0,00002153;-0,00792186
2025-08-08;11464,97508866;0,00035202;-0,00757263
2025-08-11;11465,58703438;0,00005338;-0,00751966
2025-08-12;11467,08603807;0,00013074;-0,00738990
2025-08-13;11468,47866958;0,00012145;-0,00726935
2025-08-14;11469,44577572;0,00008433;-0,00718564
2025-08-15;11474,28598277;0,00042201;-0,00676666
2025-08-18;11474,33302266;0,00000410;-0,00676259
2025-08-19;11476,22650969;0,00016502;-0,00659869
2025-08-20;11478,88825168;0,00023194;-0,00636828
2025-08-21;11478,77113221;-0,00001020;-0,00637842
2025-08-22;11483,46984910;0,00040934;-0,00597169
2025-08-26;11486,03928074;0,00022375;-0,00574928
2025-08-27;11487,67306789;0,00014224;-0,00560786
2025-08-28;11489,35736286;0,00014662;-0,00546206
2025-08-29;11494,28284580;0,00042870;-0,00503570
2025-09-02;11497,78634553;0,00030480;-0,00473243
2025-09-03;11499,68453673;0,00016509;-0,00456812
2025-09-04;11502,33090224;0,00023013;-0,00433905
2025-09-05;11506,46092083;0,00035906;-0,00398155
2025-09-08;11508,63459927;0,00018891;-0,00379339
2025-09-09;11509,78829699;0,00010025;-0,00369352
2025-09-10;11511,72243915;0,00016804;-0,00352610
2025-09-11;11513,21179299;0,00012938;-0,00339718
2025-09-12;11517,03804409;0,00033234;-0,00306597
2025-09-15;11519,04924574;0,00017463;-0,00289188
2025-09-16;11520,12608361;0,00009348;-0,00279867
2025-09-17;11520,86595087;0,00006422;-0,00273462
2025-09-18;11522,80539152;0,00016834;-0,00256674
2025-09-19;11528,64527826;0,00050681;-0,00206123
2025-09-22;11531,17827063;0,00021971;-0,00184197
2025-09-23;11531,26325055;0,00000737;-0,00183462
2025-09-24;11533,11057387;0,00016020;-0,00167471
2025-09-25;11533,31138687;0,00001741;-0,00165733
2025-09-26;11537,31763366;0,00034736;-0,00131054
2025-09-29;11539,68003801;0,00020476;-0,00110605
2025-09-30;11540,12008200;0,00003813;-0,00106795
2025-10-01;11543,22944045;0,00026944;-0,00079880
2025-10-02;11544,65125465;0,00012317;-0,00067573
2025-10-03;11547,42668318;0,00024041;-0,00043548
2025-10-06;11550,73319593;0,00028634;-0,00014927
2025-10-07;11550,72349773;-0,00000084;-0,00015011
2025-10-08;11554,25362461;0,00030562;0,00000000
2025-10-09;11553,72548461;-0,00004571;-0,00004571
2025-10-10;11557,82522489;0,00035484;0,00000000
2025-10-13;11560,41177170;0,00022379;0,00000000
2025-10-14;11560,46185976;0,00000433;0,00000000
2025-10-15;11562,52732860;0,00017867;0,00000000
2025-10-16;11564,54326260;0,00017435;0,00000000
2025-10-17;11566,16968602;0,00014064;0,00000000
2025-10-20;11570,57456781;0,00038084;0,00000000
2025-10-21;11568,42449637;-0,00018582;-0,00018582
2025-10-22;11570,59527286;0,00018765;0,00000000
2025-10-23;11572,39419112;0,00015547;0,00000000
2025-10-24;11586,76678259;0,00124197;0,00000000
2025-10-27;11576,20434227;-0,00091160;-0,00091160
2025-10-28;11577,63498248;0,00012358;-0,00078812
2025-10-29;11581,56429624;0,00033939;-0,00044900
2025-10-30;11581,97466658;0,00003543;-0,00041359
2025-10-31;11584,24396237;0,00019593;-0,00021773
2025-11-03;11586,02214884;0,00015350;-0,00006427
2025-11-04;11586,51583911;0,00004261;-0,00002166
2025-11-05;11588,09852395;0,00013660;0,00000000
2025-11-06;11588,82109980;0,00006235;0,00000000
2025-11-07;11592,44306680;0,00031254;0,00000000
2025-11-10;11596,24542541;0,00032800;0,00000000
2025-11-11;11595,07633154;-0,00010082;-0,00010082
2025-11-12;11596,90772571;0,00015795;0,00000000
2025-11-13;11597,39406737;0,00004194;0,00000000
2025-11-14;11602,03663205;0,00040031;0,00000000
2025-11-17;11601,44339632;-0,00005113;-0,00005113
2025-11-18;11603,69767320;0,00019431;0,00000000
2025-11-19;11603,89103655;0,00001666;0,00000000
2025-11-20;11606,08648563;0,00018920;0,00000000
2025-11-21;11608,36516871;0,00019634;0,00000000
2025-11-24;11609,28556721;0,00007929;0,00000000
2025-11-25;11611,83695654;0,00021977;0,00000000
2025-11-26;11613,63635452;0,00015496;0,00000000
2025-11-28;11617,85803354;0,00036351;0,00000000
2025-12-01;11619,36906940;0,00013006;0,00000000
2025-12-02;11623,17977655;0,00032796;0,00000000
2025-12-03;11624,34472555;0,00010023;0,00000000
2025-12-04;11625,69162787;0,00011587;0,00000000
2025-12-05;11628,35017988;0,00022868;0,00000000
2025-12-08;11629,62578781;0,00010970;0,00000000
2025-12-09;11632,34676329;0,00023397;0,00000000
2025-12-10;11632,45260989;0,00000910;0,00000000
2025-12-11;11633,86584995;0,00012149;0,00000000
2025-12-12;11638,61593798;0,00040830;0,00000000
2025-12-15;11638,52961155;-0,00000742;-0,00000742
2025-12-16;11639,65517734;0,00009671;0,00000000
2025-12-17;11640,76166416;0,00009506;0,00000000
2025-12-18;11642,99160599;0,00019156;0,00000000
2025-12-19;11647,19238439;0,00036080;0,00000000
2025-12-22;11647,79353800;0,00005161;0,00000000
2025-12-23;11648,20303531;0,00003516;0,00000000
2025-12-24;11651,93791641;0,00032064;0,00000000
2025-12-29;11654,92753299;0,00025658;0,00000000
2025-12-30;11656,24551077;0,00011308;0,00000000
2025-12-31;11657,19132261;0,00008114;0,00000000
2026-01-02;11662,31690654;0,00043969;0,00000000
2026-01-05;11662,90463635;0,00005040;0,00000000
2026-01-06;11664,55926638;0,00014187;0,00000000
2026-01-07;11666,99361626;0,00020870;0,00000000
2026-01-08;11666,89221993;-0,00000869;-0,00000869
2026-01-09;11669,83067355;0,00025186;0,00000000
2026-01-12;11671,46099408;0,00013970;0,00000000
2026-01-13;11672,69856704;0,00010603;0,00000000
2026-01-14;11673,91932011;0,00010458;0,00000000
2026-01-15;11674,04424570;0,00001070;0,00000000
2026-01-16;11679,01749163;0,00042601;0,00000000
2026-01-20;11679,14575525;0,00001098;0,00000000
2026-01-21;11680,85081906;0,00014599;0,00000000
2026-01-22;11682,63237641;0,00015252;0,00000000
2026-01-23;11686,61617363;0,00034100;0,00000000
2026-01-26;11686,94344790;0,00002800;0,00000000
2026-01-27;11688,85813673;0,00016383;0,00000000
2026-01-28;11690,95024791;0,00017898;0,00000000
2026-01-29;11693,24908897;0,00019663;0,00000000
2026-01-30;11693,53128218;0,00002413;0,00000000
2026-02-02;11694,81908046;0,00011013;0,00000000
2026-02-03;11695,43024968;0,00005226;0,00000000
2026-02-04;11697,66663723;0,00019122;0,00000000
2026-02-05;11697,04357219;-0,00005326;-0,00005326
2026-02-06;11701,83058086;0,00040925;0,00000000
2026-02-09;11702,50628555;0,00005774;0,00000000
2026-02-10;11703,59984514;0,00009345;0,00000000
2026-02-11;11706,34547964;0,00023460;0,00000000
2026-02-12;11705,39601487;-0,00008111;-0,00008111
2026-02-13;11710,89810872;0,00047005;0,00000000
2026-02-17;11711,72236762;0,00007038;0,00000000
2026-02-18;11713,56422312;0,00015727;0,00000000
2026-02-19;11713,58469170;0,00000175;0,00000000
2026-02-20;11717,78789185;0,00035883;0,00000000
2026-02-23;11717,97645295;0,00001609;0,00000000
2026-02-24;11720,44353402;0,00021054;0,00000000
2026-02-25;11721,98744310;0,00013173;0,00000000
2026-02-26;11723,24427261;0,00010722;0,00000000
2026-02-27;11725,88071310;0,00022489;0,00000000
2026-03-02;11727,79051105;0,00016287;0,00000000
2026-03-03;11728,08521163;0,00002513;0,00000000
2026-03-04;11729,78847463;0,00014523;0,00000000
2026-03-05;11730,83535069;0,00008925;0,00000000
2026-03-09;11734,54723558;0,00031642;0,00000000
2026-03-10;11736,16529761;0,00013789;0,00000000
2026-03-11;11736,08371302;-0,00000695;-0,00000695
2026-03-12;11738,11396693;0,00017299;0,00000000
2026-03-13;11741,69879068;0,00030540;0,00000000
2026-03-16;11741,86024442;0,00001375;0,00000000
2026-03-17;11743,19186902;0,00011341;0,00000000
2026-03-18;11745,12656421;0,00016475;0,00000000
2026-03-19;11744,39392869;-0,00006238;-0,00006238
2026-03-20;11747,56108851;0,00026967;0,00000000
2026-03-23;11748,70701115;0,00009755;0,00000000
2026-03-24;11749,94014433;0,00010496;0,00000000
2026-03-25;11749,16543955;-0,00006593;-0,00006593
2026-03-26;11750,81935026;0,00014077;0,00000000
2026-03-27;11754,72735897;0,00033257;0,00000000
2026-03-30;11755,92164183;0,00010160;0,00000000
2026-03-31;11756,83282654;0,00007751;0,00000000
2026-04-01;11760,52946075;0,00031442;0,00000000
2026-04-02;11763,00357460;0,00021037;0,00000000
2026-04-07;11766,93953643;0,00033461;0,00000000
2026-04-08;11767,46290600;0,00004448;0,00000000
2026-04-09;11768,86837405;0,00011944;0,00000000
2026-04-10;11772,75985763;0,00033066;0,00000000
2026-04-13;11772,88528207;0,00001065;0,00000000
2026-04-14;11774,61217482;0,00014668;0,00000000
2026-04-15;11775,97851327;0,00011604;0,00000000
2026-04-16;11777,42385795;0,00012274;0,00000000
2026-04-17;11781,66039779;0,00035972;0,00000000
2026-04-20;11782,83606147;0,00009979;0,00000000
2026-04-21;11783,85752898;0,00008669;0,00000000
2026-04-22;11784,19013047;0,00002823;0,00000000
2026-04-23;11786,56955705;0,00020192;0,00000000
2026-04-24;11789,40539274;0,00024060;0,00000000
2026-04-27;11790,61760661;0,00010282;0,00000000
2026-04-28;11791,55997291;0,00007993;0,00000000
2026-04-29;11791,54548497;-0,00000123;-0,00000123
2026-04-30;11793,00651084;0,00012390;0,00000000
2026-05-01;11797,07815300;0,00034526;0,00000000
2026-05-05;11801,01128993;0,00033340;0,00000000
2026-05-06;11800,16363046;-0,00007183;-0,00007183
2026-05-07;11802,74359130;0,00021864;0,00000000
2026-05-08;11805,54386241;0,00023726;0,00000000
2026-05-11;11808,23387233;0,00022786;0,00000000
2026-05-12;11809,39164794;0,00009805;0,00000000
2026-05-13;11809,48273356;0,00000771;0,00000000
2026-05-14;11812,20459638;0,00023048;0,00000000
2026-05-15;11814,51610840;0,00019569;0,00000000
2026-05-18;11814,39669400;-0,00001011;-0,00001011
2026-05-19;11816,79765533;0,00020322;0,00000000
2026-05-20;11819,64956532;0,00024134;0,00000000
2026-05-21;11819,70587941;0,00000476;0,00000000
2026-05-22;11822,36961047;0,00022536;0,00000000
2026-05-26;11825,14071384;0,00023439;0,00000000
2026-05-27;11826,32593573;0,00010023;0,00000000
2026-05-28;11827,78769193;0,00012360;0,00000000
2026-05-29;11831,87290633;0,00034539;0,00000000
2026-06-01;11833,11253934;0,00010477;0,00000000
2026-06-02;11831,94095951;-0,00009901;-0,00009901
2026-06-03;11834,37772714;0,00020595;0,00000000
2026-06-04;11834,33824277;-0,00000334;-0,00000334
2026-06-05;11838,78614273;0,00037585;0,00000000
2026-06-08;11840,19543960;0,00011904;0,00000000
2026-06-09;11839,85446891;-0,00002880;-0,00002880
2026-06-10;11840,74685052;0,00007537;0,00000000
2026-06-11;11842,45355340;0,00014414;0,00000000
2026-06-12;11846,50650180;0,00034224;0,00000000
2026-06-15;11846,99252583;0,00004103;0,00000000
2026-06-16;11848,12198577;0,00009534;0,00000000
2026-06-17;11849,26432654;0,00009642;0,00000000
2026-06-18;11854,64595838;0,00045417;0,00000000
2026-06-22;11854,62312103;-0,00000193;-0,00000193
2026-06-23;11855,46661854;0,00007115;0,00000000
2026-06-24;11856,59191738;0,00009492;0,00000000
2026-06-25;11857,94076519;0,00011376;0,00000000
2026-06-26;11861,75333304;0,00032152;0,00000000
2026-06-29;11863,11571162;0,00011485;0,00000000
2026-06-30;11863,35260245;0,00001997;0,00000000
