Date,value,daily_return,drawdown
2014-01-02,10000.00000000,,0.00000000
2014-01-03,10000.00000000,0.00000000,0.00000000
2014-01-06,10000.00000000,0.00000000,0.00000000
2014-01-07,10000.00000000,0.00000000,0.00000000
2014-01-08,10000.00000000,0.00000000,0.00000000
2014-01-09,10000.00000000,0.00000000,0.00000000
2014-01-10,10000.00000000,0.00000000,0.00000000
2014-01-13,10000.00000000,0.00000000,0.00000000
2014-01-14,10000.00000000,0.00000000,0.00000000
2014-01-15,10000.00000000,0.00000000,0.00000000
2014-01-16,10000.00000000,0.00000000,0.00000000
2014-01-17,10000.00000000,0.00000000,0.00000000
2014-01-21,10000.00000000,0.00000000,0.00000000
2014-01-22,10000.00000000,0.00000000,0.00000000
2014-01-23,10000.00000000,0.00000000,0.00000000
2014-01-24,10000.00000000,0.00000000,0.00000000
2014-01-27,10000.00000000,0.00000000,0.00000000
2014-01-28,10000.00000000,0.00000000,0.00000000
2014-01-29,10000.00000000,0.00000000,0.00000000
2014-01-30,10000.00000000,0.00000000,0.00000000
2014-01-31,10000.00000000,0.00000000,0.00000000
2014-02-03,10000.00000000,0.00000000,0.00000000
2014-02-04,10000.00000000,0.00000000,0.00000000
2014-02-05,10000.00000000,0.00000000,0.00000000
2014-02-06,10000.00000000,0.00000000,0.00000000
2014-02-07,10000.00000000,0.00000000,0.00000000
2014-02-10,10000.00000000,0.00000000,0.00000000
2014-02-11,10000.00000000,0.00000000,0.00000000
2014-02-12,10000.00000000,0.00000000,0.00000000
2014-02-13,10000.00000000,0.00000000,0.00000000
2014-02-14,10000.00000000,0.00000000,0.00000000
2014-02-18,10000.00000000,0.00000000,0.00000000
2014-02-19,10000.00000000,0.00000000,0.00000000
2014-02-20,10000.00000000,0.00000000,0.00000000
2014-02-21,10000.00000000,0.00000000,0.00000000
2014-02-24,10000.00000000,0.00000000,0.00000000
2014-02-25,10000.00000000,0.00000000,0.00000000
2014-02-26,10000.00000000,0.00000000,0.00000000
2014-02-27,10000.00000000,0.00000000,0.00000000
2014-02-28,10000.00000000,0.00000000,0.00000000
2014-03-03,10000.00000000,0.00000000,0.00000000
2014-03-04,10000.00000000,0.00000000,0.00000000
2014-03-05,10000.00000000,0.00000000,0.00000000
2014-03-06,10000.00000000,0.00000000,0.00000000
2014-03-07,10000.00000000,0.00000000,0.00000000
2014-03-10,10000.00000000,0.00000000,0.00000000
2014-03-11,10000.00000000,0.00000000,0.00000000
2014-03-12,10000.00000000,0.00000000,0.00000000
2014-03-13,10000.00000000,0.00000000,0.00000000
2014-03-14,10000.00000000,0.00000000,0.00000000
2014-03-17,10000.00000000,0.00000000,0.00000000
2014-03-18,10000.00000000,0.00000000,0.00000000
2014-03-19,10000.00000000,0.00000000,0.00000000
2014-03-20,10000.00000000,0.00000000,0.00000000
2014-03-21,10000.00000000,0.00000000,0.00000000
2014-03-24,10000.00000000,0.00000000,0.00000000
2014-03-25,10000.00000000,0.00000000,0.00000000
2014-03-26,10000.00000000,0.00000000,0.00000000
2014-03-27,10000.00000000,0.00000000,0.00000000
2014-03-28,10000.00000000,0.00000000,0.00000000
2014-03-31,10000.00000000,0.00000000,0.00000000
2014-04-01,10000.00000000,0.00000000,0.00000000
2014-04-02,10000.00000000,0.00000000,0.00000000
2014-04-03,10000.00000000,0.00000000,0.00000000
2014-04-04,10000.00000000,0.00000000,0.00000000
2014-04-07,10000.00000000,0.00000000,0.00000000
2014-04-08,10000.00000000,0.00000000,0.00000000
2014-04-09,10000.00000000,0.00000000,0.00000000
2014-04-10,10000.00000000,0.00000000,0.00000000
2014-04-11,10000.00000000,0.00000000,0.00000000
2014-04-14,10000.00000000,0.00000000,0.00000000
2014-04-15,10000.00000000,0.00000000,0.00000000
2014-04-16,10000.00000000,0.00000000,0.00000000
2014-04-17,10000.00000000,0.00000000,0.00000000
2014-04-22,10000.00000000,0.00000000,0.00000000
2014-04-23,10000.00000000,0.00000000,0.00000000
2014-04-24,10000.00000000,0.00000000,0.00000000
2014-04-25,10000.00000000,0.00000000,0.00000000
2014-04-28,10000.00000000,0.00000000,0.00000000
2014-04-29,10000.00000000,0.00000000,0.00000000
2014-04-30,10000.00000000,0.00000000,0.00000000
2014-05-01,10000.00000000,0.00000000,0.00000000
2014-05-02,10011.21639528,0.00112164,0.00000000
2014-05-06,9984.92097173,-0.00262660,-0.00262660
2014-05-07,9939.73523063,-0.00452540,-0.00714011
2014-05-08,9990.73401926,0.00513080,-0.00204594
2014-05-09,9981.28720389,-0.00094556,-0.00298957
2014-05-12,10045.35385372,0.00641868,0.00000000
2014-05-13,10067.81920797,0.00223639,0.00000000
2014-05-14,10095.59955437,0.00275932,0.00000000
2014-05-15,10005.80950582,-0.00889398,-0.00889398
2014-05-16,10018.49012698,0.00126733,-0.00763792
2014-05-19,10041.36652608,0.00228342,-0.00537195
2014-05-20,10017.48673035,-0.00237814,-0.00773731
2014-05-21,10022.66088294,0.00051651,-0.00722480
2014-05-22,10062.77828337,0.00400267,-0.00325105
2014-05-23,10085.39317235,0.00224738,-0.00101097
2014-05-27,10088.87359933,0.00034510,-0.00066623
2014-05-28,10099.38545215,0.00104193,0.00000000
2014-05-29,10115.41515085,0.00158720,0.00000000
2014-05-30,10103.24606694,-0.00120302,-0.00120302
2014-06-02,10104.85901670,0.00015965,-0.00104357
2014-06-03,10100.82084757,-0.00039963,-0.00144278
2014-06-04,10107.98839018,0.00070960,-0.00073420
2014-06-05,10137.05482126,0.00287559,0.00000000
2014-06-06,10177.09661148,0.00395004,0.00000000
2014-06-09,10195.10096218,0.00176910,0.00000000
2014-06-10,10207.45192758,0.00121146,0.00000000
2014-06-11,10183.34368684,-0.00236183,-0.00236183
2014-06-12,10176.48933686,-0.00067309,-0.00303333
2014-06-13,10158.83940918,-0.00173438,-0.00476245
2014-06-16,10140.26580916,-0.00182832,-0.00658207
2014-06-17,10148.98175440,0.00085954,-0.00572819
2014-06-18,10179.94469304,0.00305084,-0.00269482
2014-06-19,10263.56438053,0.00821416,0.00000000
2014-06-20,10265.79466077,0.00021730,0.00000000
2014-06-23,10269.26120317,0.00033768,0.00000000
2014-06-24,10280.75852879,0.00111959,0.00000000
2014-06-25,10260.18095799,-0.00200156,-0.00200156
2014-06-26,10234.78431700,-0.00247526,-0.00447187
2014-06-27,10257.91251011,0.00225976,-0.00222221
2014-06-30,10277.16659156,0.00187700,-0.00034938
2014-07-01,10308.06207171,0.00300623,0.00000000
2014-07-02,10310.95981351,0.00028111,0.00000000
2014-07-03,10328.19810718,0.00167184,0.00000000
2014-07-07,10323.62009811,-0.00044325,-0.00044325
2014-07-08,10269.76959106,-0.00521624,-0.00565718
2014-07-09,10310.86493751,0.00400158,-0.00167824
2014-07-10,10298.72594085,-0.00117730,-0.00285356
2014-07-11,10326.50800851,0.00269762,-0.00016364
2014-07-14,10327.86722620,0.00013162,-0.00003204
2014-07-15,10285.18144731,-0.00413307,-0.00416497
2014-07-16,10341.74124955,0.00549915,0.00000000
2014-07-17,10315.32117399,-0.00255470,-0.00255470
2014-07-18,10359.52354761,0.00428512,0.00000000
2014-07-21,10353.01080778,-0.00062867,-0.00062867
2014-07-22,10394.25078757,0.00398338,0.00000000
2014-07-23,10403.49934878,0.00088978,0.00000000
2014-07-24,10393.04716430,-0.00100468,-0.00100468
2014-07-25,10398.23808948,0.00049946,-0.00050572
2014-07-28,10401.74422552,0.00033719,-0.00016871
2014-07-29,10390.29807971,-0.00110041,-0.00126893
2014-07-30,10385.63561199,-0.00044873,-0.00171709
2014-07-31,10254.33093214,-0.01264291,-0.01433829
2014-08-01,10236.40954385,-0.00174769,-0.01606092
2014-08-04,10261.16988494,0.00241885,-0.01368092
2014-08-05,10214.39659743,-0.00455828,-0.01817684
2014-08-06,10226.16326411,0.00115197,-0.01704581
2014-08-07,10207.30667628,-0.00184396,-0.01885833
2014-08-08,10237.73628669,0.00298116,-0.01593339
2014-08-11,10279.98080349,0.00412635,-0.01187279
2014-08-12,10266.42684721,-0.00131848,-0.01317561
2014-08-13,10342.80218166,0.00743933,-0.00583430
2014-08-14,10357.13161516,0.00138545,-0.00445694
2014-08-15,10337.25863647,-0.00191877,-0.00636716
2014-08-18,10389.37525278,0.00504163,-0.00135763
2014-08-19,10428.99771074,0.00381375,0.00000000
2014-08-20,10419.37687464,-0.00092251,-0.00092251
2014-08-21,10433.44564786,0.00135025,0.00000000
2014-08-22,10436.54772706,0.00029732,0.00000000
2014-08-26,10462.56867631,0.00249325,0.00000000
2014-08-27,10457.53877416,-0.00048075,-0.00048075
2014-08-28,10457.22633612,-0.00002988,-0.00051061
2014-08-29,10475.77984192,0.00177423,0.00000000
2014-09-02,10454.38890239,-0.00204194,-0.00204194
2014-09-03,10446.83160748,-0.00072288,-0.00276335
2014-09-04,10443.73942394,-0.00029599,-0.00305852
2014-09-05,10478.12538785,0.00329250,0.00000000
2014-09-08,10484.23878239,0.00058344,0.00000000
2014-09-09,10449.51428012,-0.00331207,-0.00331207
2014-09-10,10456.09458840,0.00062972,-0.00268443
2014-09-11,10446.48671926,-0.00091888,-0.00360084
2014-09-12,10402.81046369,-0.00418095,-0.00776674
2014-09-15,10371.97494762,-0.00296415,-0.01070787
2014-09-16,10416.54173638,0.00429685,-0.00645703
2014-09-17,10399.80017219,-0.00160721,-0.00805386
2014-09-18,10436.50283309,0.00352917,-0.00455312
2014-09-19,10419.49401260,-0.00162974,-0.00617544
2014-09-22,10364.85727051,-0.00524370,-0.01138676
2014-09-23,10352.39197942,-0.00120265,-0.01257572
2014-09-24,10381.22335867,0.00278500,-0.00982574
2014-09-25,10273.65474011,-0.01036184,-0.02008577
2014-09-26,10319.99715194,0.00451080,-0.01566558
2014-09-29,10316.76926155,-0.00031278,-0.01597346
2014-09-30,10324.76282346,0.00077481,-0.01521102
2014-10-01,10245.80429173,-0.00764749,-0.02274218
2014-10-02,10219.67484375,-0.00255026,-0.02523444
2014-10-03,10234.15308985,0.00141670,-0.02385349
2014-10-06,10265.94256521,0.00310621,-0.02082137
2014-10-07,10210.69367646,-0.00538176,-0.02609108
2014-10-08,10264.34567449,0.00525449,-0.02097368
2014-10-09,10229.09372653,-0.00343441,-0.02433606
2014-10-10,10145.93239914,-0.00812988,-0.03226809
2014-10-13,10120.49043360,-0.00250760,-0.03469478
2014-10-14,10135.91352769,0.00152395,-0.03322370
2014-10-15,10085.89827594,-0.00493446,-0.03799422
2014-10-16,10077.07650233,-0.00087466,-0.03883565
2014-10-17,10129.78632786,0.00523067,-0.03380812
2014-10-20,10154.62437471,0.00245198,-0.03143904
2014-10-21,10230.14323209,0.00743689,-0.02423596
2014-10-22,10232.13321659,0.00019452,-0.02404615
2014-10-23,10251.18706539,0.00186216,-0.02222877
2014-10-24,10262.56516937,0.00110993,-0.02114351
2014-10-27,10253.12350124,-0.00092001,-0.02204407
2014-10-28,10299.47053920,0.00452028,-0.01762343
2014-10-29,10276.20459964,-0.00225895,-0.01984256
2014-10-30,10273.60618942,-0.00025286,-0.02009040
2014-10-31,10296.20712404,0.00219990,-0.01793470
2014-11-03,10294.96844343,-0.00012030,-0.01805285
2014-11-04,10269.53509756,-0.00247046,-0.02047871
2014-11-05,10249.67428047,-0.00193395,-0.02237306
2014-11-06,10274.19951557,0.00239278,-0.02003381
2014-11-07,10345.32656150,0.00692288,-0.01324962
2014-11-10,10307.26146039,-0.00367945,-0.01688032
2014-11-11,10346.74696558,0.00383084,-0.01311414
2014-11-12,10338.44955786,-0.00080193,-0.01390556
2014-11-13,10376.70057465,0.00369988,-0.01025713
2014-11-14,10461.46671908,0.00816889,-0.00217203
2014-11-17,10442.50291028,-0.00181273,-0.00398082
2014-11-18,10495.69222813,0.00509354,0.00000000
2014-11-19,10443.18330172,-0.00500290,-0.00500290
2014-11-20,10475.05040478,0.00305147,-0.00196669
2014-11-21,10520.27450349,0.00431732,0.00000000
2014-11-24,10517.48723470,-0.00026494,-0.00026494
2014-11-25,10521.45914891,0.00037765,0.00000000
2014-11-26,10529.74149270,0.00078719,0.00000000
2014-11-28,10500.28393489,-0.00279756,-0.00279756
2014-12-01,10531.91630015,0.00301252,0.00000000
2014-12-02,10503.35420883,-0.00271196,-0.00271196
2014-12-03,10540.16528451,0.00350470,0.00000000
2014-12-04,10515.74279016,-0.00231709,-0.00231709
2014-12-05,10496.51033658,-0.00182892,-0.00414177
2014-12-08,10508.50204113,0.00114245,-0.00300406
2014-12-09,10554.51324803,0.00437847,0.00000000
2014-12-10,10522.50586834,-0.00303258,-0.00303258
2014-12-11,10525.69059255,0.00030266,-0.00273084
2014-12-12,10457.91630590,-0.00643894,-0.00915219
2014-12-15,10330.18950889,-0.01221341,-0.02125382
2014-12-16,10350.24088280,0.00194105,-0.01935403
2014-12-17,10343.04968834,-0.00069479,-0.02003537
2014-12-18,10443.37881088,0.00970015,-0.01052957
2014-12-19,10463.81980956,0.00195732,-0.00859286
2014-12-22,10414.34107611,-0.00472855,-0.01328078
2014-12-23,10441.75552312,0.00263237,-0.01068337
2014-12-24,10439.77723361,-0.00018946,-0.01087080
2014-12-29,10477.51416853,0.00361473,-0.00729537
2014-12-30,10496.65084875,0.00182645,-0.00548224
2014-12-31,10427.16342082,-0.00661996,-0.01206591
2015-01-02,10445.75606078,0.00178310,-0.01030433
2015-01-05,10441.38287128,-0.00041866,-0.01071867
2015-01-06,10437.40366320,-0.00038110,-0.01109569
2015-01-07,10453.28076793,0.00152117,-0.00959139
2015-01-08,10512.58403770,0.00567317,-0.00397263
2015-01-09,10510.39181216,-0.00020853,-0.00418034
2015-01-12,10515.23227847,0.00046054,-0.00372172
2015-01-13,10522.35649219,0.00067751,-0.00304673
2015-01-14,10465.28261254,-0.00542406,-0.00845426
2015-01-15,10519.24054580,0.00515590,-0.00334195
2015-01-16,10574.88809096,0.00529007,0.00000000
2015-01-20,10625.73101639,0.00480789,0.00000000
2015-01-21,10652.76081064,0.00254381,0.00000000
2015-01-22,10712.70635504,0.00562723,0.00000000
2015-01-23,10706.01939778,-0.00062421,-0.00062421
2015-01-26,10669.16386682,-0.00344251,-0.00406456
2015-01-27,10627.30848562,-0.00392302,-0.00797164
2015-01-28,10608.76037311,-0.00174533,-0.00970306
2015-01-29,10559.60238570,-0.00463372,-0.01429181
2015-01-30,10599.58973852,0.00378682,-0.01055911
2015-02-02,10602.89263860,0.00031161,-0.01025079
2015-02-03,10603.78962504,0.00008460,-0.01016706
2015-02-04,10617.97543014,0.00133781,-0.00884286
2015-02-05,10635.47127728,0.00164776,-0.00720967
2015-02-06,10578.45973457,-0.00536051,-0.01253153
2015-02-09,10575.33198950,-0.00029567,-0.01282350
2015-02-10,10584.93721660,0.00090827,-0.01192688
2015-02-11,10567.44337650,-0.00165271,-0.01355988
2015-02-12,10590.51845631,0.00218360,-0.01140589
2015-02-13,10628.31528893,0.00356893,-0.00787766
2015-02-17,10599.32081366,-0.00272804,-0.01058421
2015-02-18,10600.57378802,0.00011821,-0.01046725
2015-02-19,10603.69612841,0.00029454,-0.01017579
2015-02-20,10600.62121899,-0.00028998,-0.01046282
2015-02-23,10605.84035755,0.00049234,-0.00997563
2015-02-24,10617.60726197,0.00110947,-0.00887722
2015-02-25,10610.72114452,-0.00064856,-0.00952002
2015-02-26,10633.53113213,0.00214971,-0.00739078
2015-02-27,10627.04386231,-0.00061008,-0.00799634
2015-03-02,10638.04312364,0.00103503,-0.00696960
2015-03-03,10595.93744256,-0.00395803,-0.01090004
2015-03-04,10574.39979411,-0.00203263,-0.01291052
2015-03-05,10580.12219367,0.00054116,-0.01237635
2015-03-06,10461.85668864,-0.01117808,-0.02341609
2015-03-09,10471.97145830,0.00096682,-0.02247190
2015-03-10,10341.46452015,-0.01246250,-0.03465435
2015-03-11,10318.30641750,-0.00223934,-0.03681609
2015-03-12,10363.78232537,0.00440730,-0.03257104
2015-03-13,10349.66122887,-0.00136254,-0.03388921
2015-03-16,10419.47000191,0.00674503,-0.02737276
2015-03-17,10410.67390135,-0.00084420,-0.02819385
2015-03-18,10523.23778148,0.01081235,-0.01768634
2015-03-19,10520.46514004,-0.00026348,-0.01794516
2015-03-20,10578.70324457,0.00553570,-0.01250880
2015-03-23,10593.70536607,0.00141814,-0.01110840
2015-03-24,10595.39198450,0.00015921,-0.01095096
2015-03-25,10455.49506291,-0.01320356,-0.02400993
2015-03-26,10466.33652495,0.00103692,-0.02299791
2015-03-27,10453.85566129,-0.00119248,-0.02416296
2015-03-30,10506.76719152,0.00506144,-0.01922382
2015-03-31,10442.37580522,-0.00612856,-0.02523457
2015-04-01,10467.95491930,0.00244955,-0.02284684
2015-04-02,10465.05081665,-0.00027743,-0.02311792
2015-04-07,10531.47587346,0.00634732,-0.01691734
2015-04-08,10498.15850855,-0.00316360,-0.02002742
2015-04-09,10487.48659517,-0.00101655,-0.02102361
2015-04-10,10573.09869239,0.00816326,-0.01303197
2015-04-13,10535.73664136,-0.00353369,-0.01651961
2015-04-14,10477.90524505,-0.00548907,-0.02191800
2015-04-15,10542.12566619,0.00612913,-0.01592321
2015-04-16,10509.87167411,-0.00305953,-0.01893403
2015-04-17,10483.20366392,-0.00253742,-0.02142341
2015-04-20,10489.73141478,0.00062269,-0.02081406
2015-04-21,10521.72721740,0.00305020,-0.01782735
2015-04-22,10457.34916062,-0.00611858,-0.02383685
2015-04-23,10502.91960316,0.00435774,-0.01958298
2015-04-24,10441.50912199,-0.00584699,-0.02531547
2015-04-27,10550.53646488,0.01044172,-0.01513809
2015-04-28,10576.75013555,0.00248458,-0.01269112
2015-04-29,10508.46239673,-0.00645640,-0.01906558
2015-04-30,10402.69919332,-0.01006457,-0.02893827
2015-05-01,10421.04756726,0.00176381,-0.02722550
2015-05-05,10453.33420122,0.00309821,-0.02421164
2015-05-06,10430.35600103,-0.00219817,-0.02635658
2015-05-07,10402.33696994,-0.00268630,-0.02897208
2015-05-08,10452.27305852,0.00480047,-0.02431069
2015-05-11,10396.35688080,-0.00534967,-0.02953030
2015-05-12,10416.33814121,0.00192195,-0.02766511
2015-05-13,10510.21634970,0.00901259,-0.01890185
2015-05-14,10574.31632840,0.00609883,-0.01291831
2015-05-15,10582.96749027,0.00081813,-0.01211075
2015-05-18,10604.56262736,0.00204056,-0.01009490
2015-05-19,10548.57902742,-0.00527920,-0.01532081
2015-05-20,10552.24247599,0.00034729,-0.01497884
2015-05-21,10534.49265639,-0.00168209,-0.01663573
2015-05-22,10543.20114099,0.00082666,-0.01582282
2015-05-26,10433.46237764,-0.01040849,-0.02606661
2015-05-27,10479.49369345,0.00441189,-0.02176972
2015-05-28,10482.25860403,0.00026384,-0.02151163
2015-05-29,10468.62318298,-0.00130081,-0.02278445
2015-06-01,10478.40068240,0.00093398,-0.02187175
2015-06-02,10482.47341405,0.00038868,-0.02149158
2015-06-03,10458.94688948,-0.00224437,-0.02368771
2015-06-04,10391.72366823,-0.00642734,-0.02996280
2015-06-05,10355.06137473,-0.00352803,-0.03338512
2015-06-08,10343.25956526,-0.00113971,-0.03448678
2015-06-09,10333.99388970,-0.00089582,-0.03535171
2015-06-10,10410.50509578,0.00740384,-0.02820961
2015-06-11,10400.23508528,-0.00098650,-0.02916828
2015-06-12,10359.16721037,-0.00394874,-0.03300185
2015-06-15,10361.22589973,0.00019873,-0.03280968
2015-06-16,10349.27055589,-0.00115385,-0.03392568
2015-06-17,10363.59544650,0.00138414,-0.03258849
2015-06-18,10448.45556489,0.00818829,-0.02466704
2015-06-19,10426.82242406,-0.00207046,-0.02668643
2015-06-22,10397.69835845,-0.00279319,-0.02940508
2015-06-23,10370.85742700,-0.00258143,-0.03191060
2015-06-24,10345.79836204,-0.00241630,-0.03424979
2015-06-25,10327.18722623,-0.00179891,-0.03598709
2015-06-26,10316.05228784,-0.00107822,-0.03702650
2015-06-29,10272.40300969,-0.00423120,-0.04110104
2015-06-30,10242.47452388,-0.00291348,-0.04389477
2015-07-01,10254.45043021,0.00116924,-0.04277686
2015-07-02,10242.52927804,-0.00116253,-0.04388966
2015-07-06,10238.87327670,-0.00035694,-0.04423094
2015-07-07,10175.16502986,-0.00622219,-0.05017792
2015-07-08,10180.63074383,0.00053716,-0.04966771
2015-07-09,10196.29302113,0.00153844,-0.04820568
2015-07-10,10231.21836758,0.00342530,-0.04494550
2015-07-13,10243.44700837,0.00119523,-0.04380400
2015-07-14,10239.26598744,-0.00040817,-0.04419428
2015-07-15,10205.47837046,-0.00329981,-0.04734826
2015-07-16,10213.53011704,0.00078896,-0.04659665
2015-07-17,10178.22393315,-0.00345681,-0.04989238
2015-07-20,10052.96935715,-0.01230613,-0.06158453
2015-07-21,10027.27228333,-0.00255617,-0.06398328
2015-07-22,9955.31778906,-0.00717588,-0.07070002
2015-07-23,9945.20359689,-0.00101596,-0.07164415
2015-07-24,9972.13578708,0.00270806,-0.06913011
2015-07-27,9916.50702460,-0.00557842,-0.07432289
2015-07-28,9933.85993836,0.00174990,-0.07270305
2015-07-29,9965.73235743,0.00320846,-0.06972785
2015-07-30,9927.99724165,-0.00378649,-0.07325031
2015-07-31,9966.67362294,0.00389569,-0.06963999
2015-08-03,9912.90081355,-0.00539526,-0.07465952
2015-08-04,9915.01555846,0.00021333,-0.07446212
2015-08-05,9919.68972344,0.00047142,-0.07402580
2015-08-06,9919.90029448,0.00002123,-0.07400614
2015-08-07,9935.70606882,0.00159334,-0.07253072
2015-08-10,10018.19161844,0.00830193,-0.06483093
2015-08-11,10004.97441289,-0.00131932,-0.06606472
2015-08-12,10053.93152826,0.00489328,-0.06149472
2015-08-13,10026.58852380,-0.00271963,-0.06404711
2015-08-14,10033.96793466,0.00073598,-0.06335826
2015-08-17,10054.58807265,0.00205503,-0.06143343
2015-08-18,10045.31037145,-0.00092273,-0.06229948
2015-08-19,10084.23661018,0.00387507,-0.05866582
2015-08-20,10129.36206335,0.00447485,-0.05445349
2015-08-21,10069.11053465,-0.00594821,-0.06007780
2015-08-24,9913.81662352,-0.01542280,-0.07457403
2015-08-25,9887.35211831,-0.00266946,-0.07704442
2015-08-26,9862.24877995,-0.00253893,-0.07938774
2015-08-27,9946.01980589,0.00849411,-0.07156796
2015-08-28,10007.92976589,0.00622460,-0.06578885
2015-09-01,9944.22582324,-0.00636535,-0.07173542
2015-09-02,9943.65918401,-0.00005698,-0.07178832
2015-09-03,9943.51669975,-0.00001433,-0.07180162
2015-09-04,9868.67027394,-0.00752716,-0.07878831
2015-09-08,9914.67407150,0.00466160,-0.07449399
2015-09-09,9843.82971708,-0.00714540,-0.08110711
2015-09-10,9841.57878528,-0.00022866,-0.08131723
2015-09-11,9844.31158856,0.00027768,-0.08106213
2015-09-14,9849.05128693,0.00048147,-0.08061969
2015-09-15,9855.78240425,0.00068343,-0.07999136
2015-09-16,9935.97166350,0.00813627,-0.07250593
2015-09-17,9992.98554308,0.00573813,-0.06718385
2015-09-18,9981.21429867,-0.00117795,-0.06828266
2015-09-21,9969.08412222,-0.00121530,-0.06941497
2015-09-22,9890.09659582,-0.00792325,-0.07678823
2015-09-23,9924.24175801,0.00345246,-0.07360088
2015-09-24,10007.81674670,0.00842130,-0.06579940
2015-09-25,10025.07834448,0.00172481,-0.06418808
2015-09-28,9885.64810954,-0.01390814,-0.07720348
2015-09-29,9855.43647518,-0.00305611,-0.08002365
2015-09-30,9845.53392291,-0.00100478,-0.08094803
2015-10-01,9835.82950862,-0.00098567,-0.08185390
2015-10-02,9972.54120593,0.01389936,-0.06909227
2015-10-05,10026.74124113,0.00543493,-0.06403285
2015-10-06,10093.49468024,0.00665754,-0.05780161
2015-10-07,10079.00404957,-0.00143564,-0.05915427
2015-10-08,10071.29214700,-0.00076515,-0.05987415
2015-10-09,10181.04324346,0.01089742,-0.04962921
2015-10-12,10199.92843526,0.00185494,-0.04786633
2015-10-13,10227.89019906,0.00274137,-0.04525618
2015-10-14,10294.65316952,0.00652754,-0.03902405
2015-10-15,10294.79930521,0.00001420,-0.03901041
2015-10-16,10271.33927134,-0.00227882,-0.04120033
2015-10-19,10241.38005668,-0.00291678,-0.04399694
2015-10-20,10285.39027439,0.00429729,-0.03988871
2015-10-21,10219.50797959,-0.00640542,-0.04603863
2015-10-22,10263.57778027,0.00431232,-0.04192485
2015-10-23,10313.27418796,0.00484202,-0.03728583
2015-10-26,10301.12857176,-0.00117767,-0.03841959
2015-10-27,10302.78125230,0.00016044,-0.03826532
2015-10-28,10292.44329415,-0.00100341,-0.03923034
2015-10-29,10226.58099393,-0.00639909,-0.04537839
2015-10-30,10182.47752386,-0.00431263,-0.04949532
2015-11-02,10165.35786226,-0.00168129,-0.05109339
2015-11-03,10112.80552714,-0.00516975,-0.05599900
2015-11-04,10074.12236746,-0.00382517,-0.05960996
2015-11-05,10067.73961103,-0.00063358,-0.06020577
2015-11-06,10020.45633065,-0.00469651,-0.06461953
2015-11-09,10003.24698612,-0.00171742,-0.06622597
2015-11-10,9982.88004811,-0.00203603,-0.06812716
2015-11-11,9973.59806495,-0.00092979,-0.06899361
2015-11-12,9944.96085642,-0.00287130,-0.07166681
2015-11-13,9892.47664969,-0.00527747,-0.07656606
2015-11-16,9914.32032657,0.00220811,-0.07452702
2015-11-17,9886.72992592,-0.00278288,-0.07710250
2015-11-18,9903.41432826,0.00168756,-0.07554506
2015-11-19,9967.64551066,0.00648576,-0.06954926
2015-11-20,9970.92421565,0.00032893,-0.06924321
2015-11-23,9931.16680640,-0.00398733,-0.07295445
2015-11-24,9959.58673003,0.00286169,-0.07030153
2015-11-25,9935.50753262,-0.00241769,-0.07254925
2015-11-27,9901.00182781,-0.00347297,-0.07577026
2015-11-30,9923.52002705,0.00227434,-0.07366825
2015-12-01,9952.51441722,0.00292178,-0.07096171
2015-12-02,9891.06944380,-0.00617381,-0.07669742
2015-12-03,9895.59501389,0.00045754,-0.07627497
2015-12-04,10017.44613257,0.01231367,-0.06490052
2015-12-07,9948.34643792,-0.00689794,-0.07135078
2015-12-08,9951.50391044,0.00031739,-0.07105604
2015-12-09,9910.50934563,-0.00411943,-0.07488276
2015-12-10,9908.08003838,-0.00024512,-0.07510953
2015-12-11,9873.71702089,-0.00346818,-0.07831722
2015-12-14,9822.68445308,-0.00516853,-0.08308096
2015-12-15,9849.80359534,0.00276087,-0.08054946
2015-12-16,9929.06929940,0.00804744,-0.07315024
2015-12-17,9833.58311283,-0.00961683,-0.08206360
2015-12-18,9849.80850172,0.00165000,-0.08054901
2015-12-21,9904.24007212,0.00552616,-0.07546798
2015-12-22,9904.19695534,-0.00000435,-0.07547200
2015-12-23,9920.77629416,0.00167397,-0.07392437
2015-12-24,9947.50824475,0.00269454,-0.07142902
2015-12-29,9949.17736807,0.00016779,-0.07127321
2015-12-30,9903.03728331,-0.00463758,-0.07558025
2015-12-31,9877.25355899,-0.00260362,-0.07798709
2016-01-04,9891.92907275,0.00148579,-0.07661717
2016-01-05,9910.54862436,0.00188230,-0.07487909
2016-01-06,9975.54543276,0.00655835,-0.06881183
2016-01-07,10000.17556714,0.00246905,-0.06651268
2016-01-08,9941.99870930,-0.00581758,-0.07194332
2016-01-11,9890.67511986,-0.00516230,-0.07673423
2016-01-12,9897.07199945,0.00064676,-0.07613710
2016-01-13,9891.08749566,-0.00060467,-0.07669573
2016-01-14,9804.86496003,-0.00871719,-0.08474436
2016-01-15,9818.34294868,0.00137462,-0.08348622
2016-01-19,9838.35482052,0.00203821,-0.08161817
2016-01-20,9853.92093485,0.00158219,-0.08016512
2016-01-21,9891.62368552,0.00382617,-0.07664568
2016-01-22,9906.19546640,0.00147314,-0.07528545
2016-01-25,9957.22253150,0.00515103,-0.07052222
2016-01-26,10029.18434158,0.00722710,-0.06380479
2016-01-27,10032.46173304,0.00032679,-0.06349886
2016-01-28,9969.28702497,-0.00629703,-0.06939603
2016-01-29,10060.86941043,0.00918645,-0.06084708
2016-02-01,10125.62777604,0.00643666,-0.05480208
2016-02-02,10083.86740333,-0.00412423,-0.05870029
2016-02-03,10114.32624426,0.00302055,-0.05585704
2016-02-04,10204.84171988,0.00894923,-0.04740769
2016-02-05,10243.70974615,0.00380878,-0.04377947
2016-02-08,10288.54020177,0.00437639,-0.03959468
2016-02-09,10258.04961238,-0.00296355,-0.04244089
2016-02-10,10307.64212689,0.00483450,-0.03781157
2016-02-11,10530.00395939,0.02157252,-0.01705474
2016-02-12,10521.89538338,-0.00077004,-0.01781165
2016-02-16,10387.74567271,-0.01274958,-0.03033414
2016-02-17,10479.39536610,0.00882287,-0.02177890
2016-02-18,10632.95552349,0.01465353,-0.00744451
2016-02-19,10582.56002499,-0.00473956,-0.01214878
2016-02-22,10528.68566852,-0.00509086,-0.01717780
2016-02-23,10596.15469683,0.00640811,-0.01087976
2016-02-24,10605.46072760,0.00087825,-0.01001107
2016-02-25,10679.45602645,0.00697709,-0.00310382
2016-02-26,10642.68829052,-0.00344285,-0.00653598
2016-02-29,10717.95566578,0.00707221,0.00000000
2016-03-01,10710.35146346,-0.00070948,-0.00070948
2016-03-02,10734.63364832,0.00226717,0.00000000
2016-03-03,10774.97428501,0.00375799,0.00000000
2016-03-04,10792.90531039,0.00166414,0.00000000
2016-03-07,10794.70875146,0.00016710,0.00000000
2016-03-08,10762.46308453,-0.00298717,-0.00298717
2016-03-09,10756.69893739,-0.00053558,-0.00352115
2016-03-10,10784.66952655,0.00260029,-0.00093001
2016-03-11,10775.57595149,-0.00084319,-0.00177242
2016-03-14,10745.80278033,-0.00276302,-0.00453055
2016-03-15,10760.66372579,0.00138295,-0.00315386
2016-03-16,10843.55592075,0.00770326,0.00000000
2016-03-17,10822.32677071,-0.00195777,-0.00195777
2016-03-18,10823.87986243,0.00014351,-0.00181454
2016-03-21,10813.84338268,-0.00092725,-0.00274011
2016-03-22,10844.75140220,0.00285819,0.00000000
2016-03-23,10772.85307063,-0.00662978,-0.00662978
2016-03-24,10750.54254474,-0.00207100,-0.00868705
2016-03-29,10816.60737540,0.00614526,-0.00259517
2016-03-30,10804.56973785,-0.00111288,-0.00370517
2016-03-31,10809.84318076,0.00048808,-0.00321890
2016-04-01,10814.08419529,0.00039233,-0.00282784
2016-04-04,10757.34183483,-0.00524708,-0.00806008
2016-04-05,10821.38423432,0.00595337,-0.00215470
2016-04-06,10810.43861039,-0.00101148,-0.00316400
2016-04-07,10871.61372401,0.00565889,0.00000000
2016-04-08,10872.55916115,0.00008696,0.00000000
2016-04-11,10939.76264086,0.00618102,0.00000000
2016-04-12,10960.91446339,0.00193348,0.00000000
2016-04-13,10930.28169773,-0.00279473,-0.00279473
2016-04-14,10859.27350053,-0.00649647,-0.00927304
2016-04-15,10886.52584835,0.00250959,-0.00678672
2016-04-18,10870.90397881,-0.00143497,-0.00821195
2016-04-19,10963.08208968,0.00847934,0.00000000
2016-04-20,10941.06560134,-0.00200824,-0.00200824
2016-04-21,10963.23822333,0.00202655,0.00000000
2016-04-22,10851.70232692,-0.01017363,-0.01017363
2016-04-25,10846.22342965,-0.00050489,-0.01067338
2016-04-26,10867.71544878,0.00198152,-0.00871301
2016-04-27,10880.76014853,0.00120032,-0.00752315
2016-04-28,10969.82788310,0.00818580,0.00000000
2016-04-29,11057.20304365,0.00796504,0.00000000
2016-05-03,11027.63515717,-0.00267408,-0.00267408
2016-05-04,10988.08249589,-0.00358669,-0.00625118
2016-05-05,10977.93461394,-0.00092354,-0.00716894
2016-05-06,11040.93379611,0.00573871,-0.00147137
2016-05-09,10911.09401710,-0.01175985,-0.01321392
2016-05-10,10963.18031643,0.00477370,-0.00850330
2016-05-11,11007.82847136,0.00407256,-0.00446538
2016-05-12,10940.50308288,-0.00611614,-0.01055420
2016-05-13,10975.98522605,0.00324319,-0.00734524
2016-05-16,11001.06124761,0.00228463,-0.00507740
2016-05-17,10999.64006264,-0.00012919,-0.00520593
2016-05-18,10869.41660263,-0.01183888,-0.01698318
2016-05-19,10833.57446010,-0.00329752,-0.02022470
2016-05-20,10859.85762555,0.00242608,-0.01784768
2016-05-23,10854.89983437,-0.00045652,-0.01829606
2016-05-24,10771.77880658,-0.00765747,-0.02581342
2016-05-25,10770.49695856,-0.00011900,-0.02592935
2016-05-26,10753.75433325,-0.00155449,-0.02744353
2016-05-27,10727.17415116,-0.00247171,-0.02984741
2016-05-31,10757.30689204,0.00280901,-0.02712224
2016-06-01,10749.40938407,-0.00073415,-0.02783648
2016-06-02,10730.87548895,-0.00172418,-0.02951267
2016-06-03,10884.26420147,0.01429415,-0.01564038
2016-06-06,10917.58767440,0.00306162,-0.01262664
2016-06-07,10916.63312776,-0.00008743,-0.01271297
2016-06-08,11017.62008803,0.00925074,-0.00357983
2016-06-09,11050.13815768,0.00295146,-0.00063894
2016-06-10,11061.55616978,0.00103329,0.00000000
2016-06-13,11089.87887704,0.00256046,0.00000000
2016-06-14,11087.88504618,-0.00017979,-0.00017979
2016-06-15,11133.91117912,0.00415103,0.00000000
2016-06-16,11066.21896619,-0.00607982,-0.00607982
2016-06-17,11127.37156152,0.00552606,-0.00058736
2016-06-20,11092.24917173,-0.00315640,-0.00374190
2016-06-21,10980.34291837,-0.01008869,-0.01379284
2016-06-22,10973.58896211,-0.00061510,-0.01439945
2016-06-23,10953.76602467,-0.00180642,-0.01617986
2016-06-24,11269.86282672,0.02885736,0.00000000
2016-06-27,11283.86651404,0.00124258,0.00000000
2016-06-28,11245.54418795,-0.00339621,-0.00339621
2016-06-29,11303.70652298,0.00517203,0.00000000
2016-06-30,11390.57465614,0.00768492,0.00000000
2016-07-01,11519.44838020,0.01131407,0.00000000
2016-07-05,11573.71432789,0.00471081,0.00000000
2016-07-06,11629.08368343,0.00478406,0.00000000
2016-07-07,11614.64620738,-0.00124150,-0.00124150
2016-07-08,11685.63835480,0.00611230,0.00000000
2016-07-11,11655.05460079,-0.00261721,-0.00261721
2016-07-12,11539.22106361,-0.00993848,-0.01252968
2016-07-13,11598.64440398,0.00514968,-0.00744452
2016-07-14,11551.78275171,-0.00404027,-0.01145471
2016-07-15,11538.26915307,-0.00116983,-0.01261114
2016-07-18,11552.97809200,0.00127480,-0.01135242
2016-07-19,11568.48735826,0.00134245,-0.01002521
2016-07-20,11506.40994228,-0.00536608,-0.01533749
2016-07-21,11584.39558567,0.00677758,-0.00866386
2016-07-22,11557.51758011,-0.00232019,-0.01096395
2016-07-25,11507.54124644,-0.00432414,-0.01524068
2016-07-26,11537.34744775,0.00259015,-0.01269001
2016-07-27,11656.73600228,0.01034801,-0.00247332
2016-07-28,11627.50485021,-0.00250766,-0.00497478
2016-07-29,11693.57088659,0.00568188,0.00000000
2016-08-01,11720.88776692,0.00233606,0.00000000
2016-08-02,11733.29696697,0.00105873,0.00000000
2016-08-03,11705.68826046,-0.00235302,-0.00235302
2016-08-04,11754.91313753,0.00420521,0.00000000
2016-08-05,11677.22418994,-0.00660906,-0.00660906
2016-08-08,11675.90287707,-0.00011315,-0.00672147
2016-08-09,11719.73752617,0.00375428,-0.00299242
2016-08-10,11740.60928498,0.00178091,-0.00121684
2016-08-11,11717.34440949,-0.00198157,-0.00319600
2016-08-12,11699.59560836,-0.00151475,-0.00470591
2016-08-15,11746.72308646,0.00402813,-0.00069673
2016-08-16,11747.26187952,0.00004587,-0.00065090
2016-08-17,11732.89907793,-0.00122265,-0.00187275
2016-08-18,11757.44910714,0.00209241,0.00000000
2016-08-19,11709.09871900,-0.00411232,-0.00411232
2016-08-22,11687.27535259,-0.00186380,-0.00596845
2016-08-23,11693.72359261,0.00055173,-0.00542001
2016-08-24,11610.31398370,-0.00713285,-0.01251420
2016-08-25,11603.59931002,-0.00057834,-0.01308530
2016-08-26,11599.57236341,-0.00034704,-0.01342781
2016-08-30,11558.57141650,-0.00353469,-0.01691504
2016-08-31,11526.40964068,-0.00278250,-0.01965048
2016-09-01,11532.19649894,0.00050205,-0.01915829
2016-09-02,11622.76508587,0.00785354,-0.01145521
2016-09-06,11734.20252312,0.00958786,-0.00197718
2016-09-07,11724.90516898,-0.00079233,-0.00276794
2016-09-08,11677.26248459,-0.00406337,-0.00682007
2016-09-09,11591.07850481,-0.00738050,-0.01415023
2016-09-12,11577.16241218,-0.00120059,-0.01533383
2016-09-13,11530.71310118,-0.00401215,-0.01928446
2016-09-14,11559.34550656,0.00248314,-0.01684920
2016-09-15,11554.69219543,-0.00040256,-0.01724497
2016-09-16,11537.94104892,-0.00144973,-0.01866970
2016-09-19,11558.43419181,0.00177615,-0.01692671
2016-09-20,11578.22715409,0.00171243,-0.01524327
2016-09-21,11692.09662150,0.00983479,-0.00555839
2016-09-22,11730.92141615,0.00332060,-0.00225625
2016-09-23,11735.75923934,0.00041240,-0.00184478
2016-09-26,11696.23390757,-0.00336794,-0.00520650
2016-09-27,11670.42838626,-0.00220631,-0.00740133
2016-09-28,11655.24155261,-0.00130131,-0.00869300
2016-09-29,11642.73634772,-0.00107293,-0.00975660
2016-09-30,11628.23136301,-0.00124584,-0.01099029
2016-10-03,11627.21463420,-0.00008744,-0.01107676
2016-10-04,11423.75744165,-0.01749836,-0.02838130
2016-10-05,11416.98650977,-0.00059271,-0.02895718
2016-10-06,11361.86961385,-0.00482762,-0.03364501
2016-10-07,11388.59942447,0.00235259,-0.03137157
2016-10-10,11435.93726152,0.00415660,-0.02734537
2016-10-11,11392.91136851,-0.00376234,-0.03100483
2016-10-12,11400.61641986,0.00067630,-0.03034950
2016-10-13,11393.88020052,-0.00059086,-0.03092243
2016-10-14,11379.49204733,-0.00126280,-0.03214618
2016-10-17,11382.82769773,0.00029313,-0.03186247
2016-10-18,11422.75288866,0.00350749,-0.02846674
2016-10-19,11474.69830908,0.00454754,-0.02404865
2016-10-20,11442.41193671,-0.00281370,-0.02679469
2016-10-21,11460.07441101,0.00154360,-0.02529245
2016-10-24,11468.43965784,0.00072995,-0.02458097
2016-10-25,11510.78412205,0.00369226,-0.02097946
2016-10-26,11460.11364058,-0.00440200,-0.02528911
2016-10-27,11473.33103872,0.00115334,-0.02416494
2016-10-28,11506.29630246,0.00287321,-0.02136116
2016-10-31,11507.69191330,0.00012129,-0.02124246
2016-11-01,11514.89920206,0.00062630,-0.02062947
2016-11-02,11535.04711982,0.00174973,-0.01891584
2016-11-03,11532.05421868,-0.00025946,-0.01917039
2016-11-04,11522.47185602,-0.00083093,-0.01998539
2016-11-07,11472.87261682,-0.00430457,-0.02420393
2016-11-08,11464.12958345,-0.00076206,-0.02494755
2016-11-09,11452.33393679,-0.00102892,-0.02595080
2016-11-10,11332.20847307,-0.01048917,-0.03616776
2016-11-11,11184.01007782,-0.01307763,-0.04877240
2016-11-14,11129.36725624,-0.00488580,-0.05341991
2016-11-15,11213.72187852,0.00757946,-0.04624534
2016-11-16,11203.41807523,-0.00091886,-0.04712170
2016-11-17,11192.62491031,-0.00096338,-0.04803969
2016-11-18,11147.81438984,-0.00400358,-0.05185093
2016-11-21,11175.03298680,0.00244161,-0.04953593
2016-11-22,11183.25258989,0.00073553,-0.04883683
2016-11-23,11052.66711445,-0.01167688,-0.05994344
2016-11-25,11035.67243687,-0.00153761,-0.06138888
2016-11-28,11102.43056601,0.00604930,-0.05571094
2016-11-29,11065.85774643,-0.00329413,-0.05882155
2016-11-30,10973.82557748,-0.00831677,-0.06664911
2016-12-01,10914.93705106,-0.00536627,-0.07165773
2016-12-02,10933.63696779,0.00171324,-0.07006725
2016-12-05,10922.38178829,-0.00102941,-0.07102453
2016-12-06,10928.43052628,0.00055379,-0.07051007
2016-12-07,10996.39087239,0.00621867,-0.06472988
2016-12-08,11011.86572731,0.00140727,-0.06341370
2016-12-09,10968.73433311,-0.00391681,-0.06708213
2016-12-12,10968.88434163,0.00001368,-0.06706938
2016-12-13,10982.03532854,0.00119894,-0.06595085
2016-12-14,10889.17605291,-0.00845556,-0.07384876
2016-12-15,10852.42221295,-0.00337526,-0.07697477
2016-12-16,10854.65978244,0.00020618,-0.07678446
2016-12-19,10908.31458809,0.00494302,-0.07222098
2016-12-20,10884.88343057,-0.00214801,-0.07421386
2016-12-21,10884.85657757,-0.00000247,-0.07421614
2016-12-22,10863.50156606,-0.00196190,-0.07603244
2016-12-23,10892.27844119,0.00264895,-0.07358490
2016-12-28,10937.27274672,0.00413084,-0.06975802
2016-12-29,11008.81706764,0.00654133,-0.06367300
2016-12-30,10961.26922991,-0.00431907,-0.06771706
2017-01-03,11024.07735430,0.00573000,-0.06237507
2017-01-04,11065.16001773,0.00372663,-0.05888089
2017-01-05,11147.66043762,0.00745587,-0.05186403
2017-01-06,11132.62926466,-0.00134837,-0.05314247
2017-01-09,11194.85488124,0.00558948,-0.04785002
2017-01-10,11228.98288170,0.00304854,-0.04494735
2017-01-11,11248.19237873,0.00171071,-0.04331354
2017-01-12,11258.68447514,0.00093278,-0.04242116
2017-01-13,11300.90433334,0.00374998,-0.03883026
2017-01-17,11350.24016508,0.00436565,-0.03463412
2017-01-18,11300.53379190,-0.00437932,-0.03886177
2017-01-19,11290.36526893,-0.00089983,-0.03972663
2017-01-20,11317.27600700,0.00238351,-0.03743781
2017-01-23,11337.42399962,0.00178029,-0.03572417
2017-01-24,11322.51847186,-0.00131472,-0.03699192
2017-01-25,11295.19956809,-0.00241279,-0.03931546
2017-01-26,11229.27771985,-0.00583627,-0.04492228
2017-01-27,11247.73948606,0.00164407,-0.04335206
2017-01-30,11255.00496189,0.00064595,-0.04273411
2017-01-31,11322.49755722,0.00599667,-0.03699370
2017-02-01,11312.73415844,-0.00086230,-0.03782410
2017-02-02,11359.74607698,0.00415566,-0.03382562
2017-02-03,11405.20307975,0.00400159,-0.02995939
2017-02-06,11491.94046289,0.00760507,-0.02258216
2017-02-07,11477.99953523,-0.00121310,-0.02376787
2017-02-08,11511.66875902,0.00293337,-0.02090422
2017-02-09,11483.25894312,-0.00246791,-0.02332055
2017-02-10,11511.36085675,0.00244721,-0.02093041
2017-02-13,11484.03245454,-0.00237404,-0.02325476
2017-02-14,11496.71541007,0.00110440,-0.02217604
2017-02-15,11539.48659686,0.00372030,-0.01853825
2017-02-16,11571.66994065,0.00278898,-0.01580098
2017-02-17,11562.59009656,-0.00078466,-0.01657324
2017-02-21,11579.10373946,0.00142820,-0.01516871
2017-02-22,11588.44188156,0.00080647,-0.01437448
2017-02-23,11639.00615834,0.00436334,-0.01007386
2017-02-24,11678.07449119,0.00335667,-0.00675101
2017-02-27,11657.69388261,-0.00174520,-0.00848443
2017-02-28,11657.15373199,-0.00004633,-0.00853037
2017-03-01,11708.96493899,0.00444458,-0.00412370
2017-03-02,11619.06059838,-0.00767825,-0.01177028
2017-03-03,11616.84025322,-0.00019110,-0.01195913
2017-03-06,11570.49719394,-0.00398930,-0.01590072
2017-03-07,11526.55929964,-0.00379741,-0.01963775
2017-03-08,11490.99559158,-0.00308537,-0.02266253
2017-03-09,11455.92921315,-0.00305164,-0.02564501
2017-03-10,11483.11997715,0.00237351,-0.02333237
2017-03-13,11476.30216857,-0.00059372,-0.02391224
2017-03-14,11448.06826629,-0.00246019,-0.02631360
2017-03-15,11566.31955264,0.01032937,-0.01625604
2017-03-16,11598.13810215,0.00275097,-0.01354979
2017-03-17,11603.96788645,0.00050265,-0.01305396
2017-03-20,11633.91162748,0.00258047,-0.01050717
2017-03-21,11642.18097099,0.00071080,-0.00980384
2017-03-22,11664.81667917,0.00194428,-0.00787862
2017-03-23,11648.52504375,-0.00139665,-0.00926426
2017-03-24,11663.29292717,0.00126779,-0.00800821
2017-03-27,11682.39880923,0.00163812,-0.00638321
2017-03-28,11690.67498336,0.00070843,-0.00567930
2017-03-29,11724.53389709,0.00289623,-0.00279952
2017-03-30,11671.42206979,-0.00452997,-0.00731681
2017-03-31,11680.61597293,0.00078773,-0.00653485
2017-04-03,11706.40854049,0.00220815,-0.00434113
2017-04-04,11725.52720383,0.00163318,-0.00271504
2017-04-05,11727.00401470,0.00012595,-0.00258943
2017-04-06,11694.62229296,-0.00276130,-0.00534358
2017-04-07,11718.26985886,0.00202209,-0.00333229
2017-04-10,11716.15812041,-0.00018021,-0.00351190
2017-04-11,11778.23961853,0.00529879,0.00000000
2017-04-12,11827.11247970,0.00414942,0.00000000
2017-04-13,11849.63900293,0.00190465,0.00000000
2017-04-18,11834.07388227,-0.00131355,-0.00131355
2017-04-19,11775.85890550,-0.00491927,-0.00622636
2017-04-20,11800.65599915,0.00210576,-0.00413371
2017-04-21,11824.44003224,0.00201548,-0.00212656
2017-04-24,11823.07676275,-0.00011529,-0.00224161
2017-04-25,11765.31843507,-0.00488522,-0.00711588
2017-04-26,11800.95277812,0.00302876,-0.00410867
2017-04-27,11767.91440492,-0.00279964,-0.00689680
2017-04-28,11785.78849191,0.00151888,-0.00538839
2017-05-02,11748.32550983,-0.00317866,-0.00854992
2017-05-03,11649.33501395,-0.00842592,-0.01690381
2017-05-04,11595.13598837,-0.00465254,-0.02147770
2017-05-05,11604.93892317,0.00084544,-0.02065042
2017-05-08,11603.92431162,-0.00008743,-0.02073605
2017-05-09,11570.52968228,-0.00287787,-0.02355425
2017-05-10,11581.73867301,0.00096875,-0.02260831
2017-05-11,11597.41276010,0.00135334,-0.02128556
2017-05-12,11627.51121798,0.00259527,-0.01874553
2017-05-15,11662.80350821,0.00303524,-0.01576719
2017-05-16,11695.79255622,0.00282857,-0.01298322
2017-05-17,11756.03148460,0.00515048,-0.00789961
2017-05-18,11697.60201033,-0.00497017,-0.01283052
2017-05-19,11749.13403839,0.00440535,-0.00848169
2017-05-22,11793.31772852,0.00376059,-0.00475299
2017-05-23,11762.59057130,-0.00260547,-0.00734608
2017-05-24,11802.14873572,0.00336305,-0.00400774
2017-05-25,11814.60916101,0.00105578,-0.00295619
2017-05-26,11887.76706678,0.00619216,0.00000000
2017-05-30,11854.75061896,-0.00277735,-0.00277735
2017-05-31,11879.27111403,0.00206841,-0.00071468
2017-06-01,11896.60495223,0.00145917,0.00000000
2017-06-02,11968.27690879,0.00602457,0.00000000
2017-06-05,11974.64545224,0.00053212,0.00000000
2017-06-06,12047.67749774,0.00609889,0.00000000
2017-06-07,12009.75785701,-0.00314746,-0.00314746
2017-06-08,11966.72537461,-0.00358313,-0.00671931
2017-06-09,11910.07987713,-0.00473358,-0.01142109
2017-06-12,11883.40858578,-0.00223939,-0.01363490
2017-06-13,11904.46881694,0.00177224,-0.01188683
2017-06-14,11855.06526545,-0.00415000,-0.01598750
2017-06-15,11811.01174175,-0.00371601,-0.01964410
2017-06-16,11809.13416365,-0.00015897,-0.01979994
2017-06-19,11803.55302482,-0.00047261,-0.02026320
2017-06-20,11784.44011021,-0.00161925,-0.02184964
2017-06-21,11797.33849340,0.00109453,-0.02077903
2017-06-22,11829.39519556,0.00271728,-0.01811821
2017-06-23,11855.50797402,0.00220745,-0.01595075
2017-06-26,11785.88844029,-0.00587234,-0.02172942
2017-06-27,11786.17224139,0.00002408,-0.02170586
2017-06-28,11793.73459555,0.00064163,-0.02107816
2017-06-29,11712.90631865,-0.00685349,-0.02778720
2017-06-30,11695.30887181,-0.00150240,-0.02924785
2017-07-03,11589.25946010,-0.00906769,-0.03805032
2017-07-05,11632.73030275,0.00375096,-0.03444209
2017-07-06,11597.97333614,-0.00298786,-0.03732704
2017-07-07,11558.69568505,-0.00338660,-0.04058723
2017-07-10,11585.90212891,0.00235376,-0.03832899
2017-07-11,11599.03647824,0.00113365,-0.03723880
2017-07-12,11653.80596234,0.00472190,-0.03269274
2017-07-13,11641.80307359,-0.00102995,-0.03368902
2017-07-14,11695.89892960,0.00464669,-0.02919887
2017-07-17,11732.95909791,0.00316865,-0.02612274
2017-07-18,11789.39528959,0.00481006,-0.02143834
2017-07-19,11791.96280151,0.00021778,-0.02122523
2017-07-20,11818.51022809,0.00225132,-0.01902170
2017-07-21,11874.45738561,0.00473386,-0.01437788
2017-07-24,11877.61176371,0.00026564,-0.01411606
2017-07-25,11855.58422743,-0.00185454,-0.01594442
2017-07-26,11908.50581164,0.00446385,-0.01155174
2017-07-27,11897.28019644,-0.00094266,-0.01248351
2017-07-28,11937.55024083,0.00338481,-0.00914095
2017-07-31,11931.37486124,-0.00051731,-0.00965353
2017-08-01,11935.43989459,0.00034070,-0.00931612
2017-08-02,11919.41223613,-0.00134286,-0.01064647
2017-08-03,11942.36423727,0.00192560,-0.00874137
2017-08-04,11922.38962913,-0.00167258,-0.01039934
2017-08-07,11930.00394667,0.00063866,-0.00976732
2017-08-08,11946.78632408,0.00140674,-0.00837433
2017-08-09,11987.53347881,0.00341072,-0.00499217
2017-08-10,11992.00434648,0.00037296,-0.00462107
2017-08-11,12013.83210595,0.00182019,-0.00280929
2017-08-14,12017.09752982,0.00027181,-0.00253825
2017-08-15,11995.38731883,-0.00180661,-0.00434027
2017-08-16,12047.46719410,0.00434166,-0.00001746
2017-08-17,12032.68362132,-0.00122711,-0.00124454
2017-08-18,12014.35113275,-0.00152356,-0.00276621
2017-08-21,12021.07538314,0.00055968,-0.00220807
2017-08-22,12042.48708920,0.00178118,-0.00043082
2017-08-23,12063.41405837,0.00173776,0.00000000
2017-08-24,12040.32715341,-0.00191380,-0.00191380
2017-08-25,12060.17809289,0.00164870,-0.00026825
2017-08-29,12125.04819067,0.00537887,0.00000000
2017-08-30,12143.56144987,0.00152686,0.00000000
2017-08-31,12229.01620522,0.00703704,0.00000000
2017-09-01,12235.25408020,0.00051009,0.00000000
2017-09-05,12279.85619308,0.00364538,0.00000000
2017-09-06,12244.58770567,-0.00287206,-0.00287206
2017-09-07,12320.95161059,0.00623654,0.00000000
2017-09-08,12293.31568938,-0.00224300,-0.00224300
2017-09-11,12226.79376998,-0.00541123,-0.00764209
2017-09-12,12246.09043784,0.00157823,-0.00607592
2017-09-13,12202.67958478,-0.00354487,-0.00959926
2017-09-14,12200.89248529,-0.00014645,-0.00974431
2017-09-15,12150.96746860,-0.00409192,-0.01379635
2017-09-18,12098.45601169,-0.00432159,-0.01805831
2017-09-19,12122.50978848,0.00198817,-0.01610605
2017-09-20,12060.58727845,-0.00510806,-0.02113184
2017-09-21,12001.45748459,-0.00490273,-0.02593096
2017-09-22,12037.39505167,0.00299443,-0.02301418
2017-09-25,12088.75981367,0.00426710,-0.01884528
2017-09-26,12024.82512030,-0.00528877,-0.02403438
2017-09-27,11976.46246315,-0.00402190,-0.02795962
2017-09-28,11993.28785972,0.00140487,-0.02659403
2017-09-29,11989.78942260,-0.00029170,-0.02687797
2017-10-02,11961.09772810,-0.00239301,-0.02920666
2017-10-03,11977.27500785,0.00135249,-0.02789367
2017-10-04,11991.72490055,0.00120644,-0.02672088
2017-10-05,11996.74273348,0.00041844,-0.02631362
2017-10-06,12035.45694372,0.00322706,-0.02317148
2017-10-09,12089.99184937,0.00453119,-0.01874529
2017-10-10,12104.83075165,0.00122737,-0.01754092
2017-10-11,12136.38216896,0.00260651,-0.01498013
2017-10-12,12139.67345100,0.00027119,-0.01471300
2017-10-13,12193.63011194,0.00444466,-0.01033374
2017-10-16,12153.45936455,-0.00329440,-0.01359410
2017-10-17,12116.18510710,-0.00306697,-0.01661937
2017-10-18,12095.32586503,-0.00172160,-0.01831236
2017-10-19,12128.84316918,0.00277110,-0.01559201
2017-10-20,12096.63465266,-0.00265553,-0.01820614
2017-10-23,12108.90246359,0.00101415,-0.01721045
2017-10-24,12087.72046324,-0.00174929,-0.01892964
2017-10-25,12060.16054044,-0.00227999,-0.02116647
2017-10-26,12026.13819115,-0.00282105,-0.02392781
2017-10-27,12106.29238724,0.00666500,-0.01742229
2017-10-30,12112.52472279,0.00051480,-0.01691646
2017-10-31,12089.67699160,-0.00188629,-0.01877084
2017-11-01,12118.27820437,0.00236575,-0.01644949
2017-11-02,12153.90768235,0.00294014,-0.01355771
2017-11-03,12132.83495058,-0.00173382,-0.01526803
2017-11-06,12187.78882324,0.00452935,-0.01080783
2017-11-07,12158.47809957,-0.00240493,-0.01318677
2017-11-08,12200.74638669,0.00347645,-0.00975616
2017-11-09,12199.67831619,-0.00008754,-0.00984285
2017-11-10,12136.32439200,-0.00519308,-0.01498482
2017-11-13,12158.61897069,0.00183701,-0.01317533
2017-11-14,12167.89334083,0.00076278,-0.01242260
2017-11-15,12130.06084879,-0.00310921,-0.01549318
2017-11-16,12162.57590464,0.00268054,-0.01285418
2017-11-17,12225.01660863,0.00513384,-0.00778633
2017-11-20,12146.62460613,-0.00641243,-0.01414883
2017-11-21,12186.56212058,0.00328795,-0.01090740
2017-11-22,12243.28701663,0.00465471,-0.00630346
2017-11-24,12231.24965211,-0.00098318,-0.00728044
2017-11-27,12260.36450107,0.00238037,-0.00491741
2017-11-28,12280.21650325,0.00161920,-0.00330617
2017-11-29,12180.15703702,-0.00814802,-0.01142725
2017-11-30,12136.88453652,-0.00355270,-0.01493936
2017-12-01,12141.76060866,0.00040176,-0.01454360
2017-12-04,12124.42999747,-0.00142736,-0.01595020
2017-12-05,12067.76286731,-0.00467380,-0.02054945
2017-12-06,12063.38439277,-0.00036282,-0.02090482
2017-12-07,11982.61872070,-0.00669511,-0.02745996
2017-12-08,12001.66187700,0.00158923,-0.02591437
2017-12-11,11995.17480177,-0.00054051,-0.02644088
2017-12-12,12016.42717376,0.00177174,-0.02471598
2017-12-13,12069.36252200,0.00440525,-0.02041962
2017-12-14,12044.07215630,-0.00209542,-0.02247225
2017-12-15,12088.46212664,0.00368563,-0.01886944
2017-12-18,12134.76731357,0.00383053,-0.01511119
2017-12-19,12133.83172648,-0.00007710,-0.01518713
2017-12-20,12138.02732814,0.00034578,-0.01484660
2017-12-21,12164.27421201,0.00216237,-0.01271634
2017-12-22,12199.25542898,0.00287573,-0.00987717
2017-12-27,12264.53263421,0.00535092,-0.00457911
2017-12-28,12294.51902642,0.00244497,-0.00214534
2017-12-29,12325.45204333,0.00251600,0.00000000
2018-01-02,12420.32749287,0.00769752,0.00000000
2018-01-03,12437.11498365,0.00135161,0.00000000
2018-01-04,12495.18959907,0.00466946,0.00000000
2018-01-05,12504.17333902,0.00071898,0.00000000
2018-01-08,12513.01533320,0.00070712,0.00000000
2018-01-09,12490.07145443,-0.00183360,-0.00183360
2018-01-10,12495.48928462,0.00043377,-0.00140063
2018-01-11,12521.46354648,0.00207869,0.00000000
2018-01-12,12621.30218106,0.00797340,0.00000000
2018-01-16,12613.78496354,-0.00059560,-0.00059560
2018-01-17,12576.84993929,-0.00292815,-0.00352200
2018-01-18,12561.42944132,-0.00122610,-0.00474378
2018-01-19,12594.32134096,0.00261848,-0.00213772
2018-01-22,12618.23003940,0.00189837,-0.00024341
2018-01-23,12674.26214803,0.00444057,0.00000000
2018-01-24,12727.58920246,0.00420751,0.00000000
2018-01-25,12658.61124087,-0.00541956,-0.00541956
2018-01-26,12720.54310079,0.00489247,-0.00055361
2018-01-29,12667.70503351,-0.00415376,-0.00470507
2018-01-30,12601.27582150,-0.00524398,-0.00992438
2018-01-31,12648.22949578,0.00372610,-0.00623525
2018-02-01,12671.14285502,0.00181159,-0.00443496
2018-02-02,12528.32631957,-0.01127101,-0.01565598
2018-02-05,12479.64825815,-0.00388544,-0.01948059
2018-02-06,12370.22675244,-0.00876800,-0.02807778
2018-02-07,12368.07116847,-0.00017426,-0.02824714
2018-02-08,12276.40643061,-0.00741140,-0.03544919
2018-02-09,12280.34359447,0.00032071,-0.03513985
2018-02-12,12367.38784695,0.00708810,-0.02830083
2018-02-13,12404.95466281,0.00303757,-0.02534923
2018-02-14,12564.55851975,0.01286614,-0.01280924
2018-02-15,12604.06459452,0.00314425,-0.00970526
2018-02-16,12603.41883894,-0.00005123,-0.00975600
2018-02-20,12504.34436394,-0.00786092,-0.01754023
2018-02-21,12468.89740040,-0.00283477,-0.02032528
2018-02-22,12512.42062854,0.00349054,-0.01690568
2018-02-23,12525.83408354,0.00107201,-0.01585179
2018-02-26,12585.86322380,0.00479243,-0.01113534
2018-02-27,12497.80847705,-0.00699632,-0.01805375
2018-02-28,12491.89521515,-0.00047314,-0.01851835
2018-03-01,12426.74721295,-0.00521522,-0.02363700
2018-03-02,12444.14270873,0.00139984,-0.02227024
2018-03-05,12460.81225603,0.00133955,-0.02096052
2018-03-06,12548.26996251,0.00701862,-0.01408902
2018-03-07,12504.53404721,-0.00348541,-0.01752533
2018-03-08,12518.27396561,0.00109879,-0.01644579
2018-03-09,12562.80582558,0.00355735,-0.01294694
2018-03-12,12574.46443910,0.00092803,-0.01203093
2018-03-13,12555.82660291,-0.00148220,-0.01349530
2018-03-14,12543.70138564,-0.00096570,-0.01444797
2018-03-15,12501.70806646,-0.00334776,-0.01774736
2018-03-16,12484.52963900,-0.00137409,-0.01909706
2018-03-19,12436.50064842,-0.00384708,-0.02287067
2018-03-20,12410.16126957,-0.00211791,-0.02494015
2018-03-21,12521.01197608,0.00893225,-0.01623066
2018-03-22,12427.23045406,-0.00748993,-0.02359903
2018-03-23,12463.98799676,0.00295782,-0.02071101
2018-03-26,12526.72909278,0.00503379,-0.01578147
2018-03-27,12476.68680658,-0.00399484,-0.01971327
2018-03-28,12345.80050214,-0.01049047,-0.02999694
2018-03-29,12397.14984211,0.00415926,-0.02596245
2018-04-03,12390.17819397,-0.00056236,-0.02651021
2018-04-04,12418.59501521,0.00229350,-0.02427751
2018-04-05,12432.96778640,0.00115736,-0.02314825
2018-04-06,12411.05641685,-0.00176236,-0.02486981
2018-04-09,12438.39232798,0.00220255,-0.02272205
2018-04-10,12502.56903359,0.00515957,-0.01767972
2018-04-11,12538.20152524,0.00285001,-0.01488009
2018-04-12,12473.69697423,-0.00514464,-0.01994818
2018-04-13,12515.06573973,0.00331648,-0.01669786
2018-04-16,12535.27549137,0.00161483,-0.01510999
2018-04-17,12586.50650664,0.00408695,-0.01108479
2018-04-18,12597.85050506,0.00090128,-0.01019350
2018-04-19,12570.35916282,-0.00218222,-0.01235348
2018-04-20,12496.44839890,-0.00587977,-0.01816061
2018-04-23,12450.56032348,-0.00367209,-0.02176601
2018-04-24,12458.98581109,0.00067672,-0.02110403
2018-04-25,12385.22272379,-0.00592047,-0.02689955
2018-04-26,12403.92258946,0.00150985,-0.02543032
2018-04-27,12458.72198625,0.00441791,-0.02112476
2018-04-30,12405.19381981,-0.00429644,-0.02533044
2018-05-01,12369.37131955,-0.00288770,-0.02814499
2018-05-02,12378.74105507,0.00075749,-0.02740882
2018-05-03,12397.19145219,0.00149049,-0.02595918
2018-05-04,12470.27858553,0.00589546,-0.02021676
2018-05-08,12491.82667317,0.00172796,-0.01852374
2018-05-09,12495.05039740,0.00025807,-0.01827045
2018-05-10,12583.70188011,0.00709493,-0.01130515
2018-05-11,12571.35353204,-0.00098130,-0.01227535
2018-05-14,12549.03563115,-0.00177530,-0.01402886
2018-05-15,12410.90683123,-0.01100712,-0.02488157
2018-05-16,12414.81699385,0.00031506,-0.02457435
2018-05-17,12409.09070682,-0.00046125,-0.02502426
2018-05-18,12410.24293453,0.00009285,-0.02493373
2018-05-21,12444.60001211,0.00276845,-0.02223431
2018-05-22,12441.60694835,-0.00024051,-0.02246948
2018-05-23,12447.19076089,0.00044880,-0.02203076
2018-05-24,12498.61474052,0.00413137,-0.01799040
2018-05-25,12488.30418778,-0.00082494,-0.01880050
2018-05-29,12466.72722473,-0.00172777,-0.02049579
2018-05-30,12489.73459652,0.00184550,-0.01868811
2018-05-31,12472.68408098,-0.00136516,-0.02002776
2018-06-01,12470.45471039,-0.00017874,-0.02020292
2018-06-04,12485.15590268,0.00117888,-0.01904786
2018-06-05,12511.64220512,0.00212142,-0.01696684
2018-06-06,12523.39223284,0.00093913,-0.01604365
2018-06-07,12515.38673988,-0.00063924,-0.01667264
2018-06-08,12524.94298282,0.00076356,-0.01592181
2018-06-11,12546.55475299,0.00172550,-0.01422378
2018-06-12,12526.32897970,-0.00161206,-0.01581291
2018-06-13,12548.23602171,0.00174888,-0.01409169
2018-06-14,12576.17884571,0.00222683,-0.01189623
2018-06-15,12443.82591105,-0.01052410,-0.02229513
2018-06-18,12430.03697679,-0.00110809,-0.02337852
2018-06-19,12403.44696766,-0.00213917,-0.02546769
2018-06-20,12381.92707153,-0.00173499,-0.02715849
2018-06-21,12337.58339987,-0.00358132,-0.03064255
2018-06-22,12358.31640397,0.00168048,-0.02901357
2018-06-25,12277.84614136,-0.00651143,-0.03533608
2018-06-26,12250.58979008,-0.00221996,-0.03747759
2018-06-27,12207.59687487,-0.00350946,-0.04085552
2018-06-28,12198.48021915,-0.00074680,-0.04157181
2018-06-29,12235.75383198,0.00305559,-0.03864325
2018-07-02,12164.00923216,-0.00586352,-0.04428018
2018-07-03,12220.90429885,0.00467733,-0.03980997
2018-07-05,12259.65411675,0.00317078,-0.03676541
2018-07-06,12273.18858541,0.00110398,-0.03570202
2018-07-09,12319.05439891,0.00373707,-0.03209836
2018-07-10,12312.37203970,-0.00054244,-0.03262339
2018-07-11,12216.55447226,-0.00778222,-0.04015173
2018-07-12,12275.36641441,0.00481412,-0.03553091
2018-07-13,12251.82495881,-0.00191778,-0.03738055
2018-07-16,12249.44840650,-0.00019398,-0.03756727
2018-07-17,12189.80260074,-0.00486926,-0.04225361
2018-07-18,12207.44092020,0.00144697,-0.04086778
2018-07-19,12183.53356737,-0.00195842,-0.04274617
2018-07-20,12220.37511769,0.00302388,-0.03985154
2018-07-23,12188.24348989,-0.00262935,-0.04237611
2018-07-24,12205.79387747,0.00143994,-0.04099718
2018-07-25,12259.98461804,0.00443976,-0.03673945
2018-07-26,12198.00714332,-0.00505527,-0.04160898
2018-07-27,12176.69396519,-0.00174727,-0.04328355
2018-07-30,12136.66412013,-0.00328741,-0.04642867
2018-07-31,12158.54720672,0.00180306,-0.04470933
2018-08-01,12120.52339759,-0.00312733,-0.04769684
2018-08-02,12099.14547306,-0.00176378,-0.04937649
2018-08-03,12142.92655373,0.00361853,-0.04593664
2018-08-06,12126.44625654,-0.00135719,-0.04723149
2018-08-07,12153.99212635,0.00227155,-0.04506722
2018-08-08,12183.64674516,0.00243991,-0.04273727
2018-08-09,12180.37777990,-0.00026831,-0.04299411
2018-08-10,12155.13733581,-0.00207222,-0.04497724
2018-08-13,12054.76543557,-0.00825757,-0.05286341
2018-08-14,12073.71181191,0.00157169,-0.05137480
2018-08-15,11932.53170794,-0.01169318,-0.06246725
2018-08-16,11949.00181968,0.00138027,-0.06117320
2018-08-17,12003.53854595,0.00456412,-0.05688828
2018-08-20,12043.34081263,0.00331588,-0.05376104
2018-08-21,12063.58271447,0.00168075,-0.05217064
2018-08-22,12077.91901307,0.00118839,-0.05104425
2018-08-23,12024.68059430,-0.00440791,-0.05522716
2018-08-24,12158.08587390,0.01109429,-0.04474558
2018-08-28,12164.71167844,0.00054497,-0.04422499
2018-08-29,12196.60560748,0.00262184,-0.04171910
2018-08-30,12150.64215718,-0.00376854,-0.04533043
2018-08-31,12140.27117970,-0.00085353,-0.04614527
2018-09-04,12116.54253928,-0.00195454,-0.04800962
2018-09-05,12097.80637547,-0.00154633,-0.04948171
2018-09-06,12095.36044422,-0.00020218,-0.04967388
2018-09-07,12060.78726273,-0.00285838,-0.05239028
2018-09-10,12059.22123842,-0.00012984,-0.05251332
2018-09-11,12085.09624794,0.00214566,-0.05048033
2018-09-12,12131.43926942,0.00383473,-0.04683919
2018-09-13,12119.10789407,-0.00101648,-0.04780806
2018-09-14,12091.35814708,-0.00228975,-0.04998834
2018-09-17,12089.23939710,-0.00017523,-0.05015481
2018-09-18,12097.79699617,0.00070787,-0.04948244
2018-09-19,12121.38807867,0.00195003,-0.04762890
2018-09-20,12162.77688171,0.00341453,-0.04437701
2018-09-21,12135.70354784,-0.00222592,-0.04650415
2018-09-24,12127.84955334,-0.00064718,-0.04712123
2018-09-25,12146.12352467,0.00150678,-0.04568545
2018-09-26,12097.73035248,-0.00398425,-0.04948768
2018-09-27,12059.37777367,-0.00317023,-0.05250102
2018-09-28,12108.74298848,0.00409351,-0.04862242
2018-10-01,12103.02858738,-0.00047192,-0.04907140
2018-10-02,12181.42427820,0.00647736,-0.04291189
2018-10-03,12168.67655558,-0.00104649,-0.04391347
2018-10-04,12115.65875865,-0.00435691,-0.04807905
2018-10-05,12104.40679683,-0.00092871,-0.04896311
2018-10-08,11998.11109959,-0.00878157,-0.05731471
2018-10-09,12021.00223816,0.00190790,-0.05551617
2018-10-10,11933.33048332,-0.00729322,-0.06240449
2018-10-11,12041.96954657,0.00910383,-0.05386878
2018-10-12,12062.79015969,0.00172900,-0.05223291
2018-10-15,12090.89367630,0.00232977,-0.05002483
2018-10-16,12137.48494873,0.00385342,-0.04636418
2018-10-17,12121.32658999,-0.00133128,-0.04763374
2018-10-18,12111.86924719,-0.00078022,-0.04837679
2018-10-19,12115.67271458,0.00031403,-0.04807796
2018-10-22,12104.58978635,-0.00091476,-0.04894874
2018-10-23,12112.05029573,0.00061634,-0.04836257
2018-10-24,12069.32723530,-0.00352732,-0.05171930
2018-10-25,12114.72030752,0.00376103,-0.04815279
2018-10-26,12074.46961161,-0.00332246,-0.05131526
2018-10-29,12046.23036544,-0.00233876,-0.05353401
2018-10-30,12036.01157087,-0.00084830,-0.05433689
2018-10-31,12053.53848456,0.00145621,-0.05295981
2018-11-01,12139.46673095,0.00712888,-0.04620847
2018-11-02,12116.93629594,-0.00185597,-0.04797868
2018-11-05,12098.95671489,-0.00148384,-0.04939132
2018-11-06,12076.55683604,-0.00185139,-0.05115127
2018-11-07,12130.87803010,0.00449807,-0.04688328
2018-11-08,12124.19060560,-0.00055127,-0.04740871
2018-11-09,12029.31618813,-0.00782522,-0.05486294
2018-11-12,11923.13088527,-0.00882721,-0.06320587
2018-11-13,11912.02050252,-0.00093183,-0.06407880
2018-11-14,11940.09436973,0.00235677,-0.06187306
2018-11-15,12002.02187750,0.00518652,-0.05700744
2018-11-16,12052.79849317,0.00423067,-0.05301795
2018-11-19,12008.11055572,-0.00370768,-0.05652906
2018-11-20,11950.55258406,-0.00479326,-0.06105136
2018-11-21,11997.36308745,0.00391702,-0.05737348
2018-11-23,11952.84029134,-0.00371105,-0.06087162
2018-11-26,11991.91845587,0.00326936,-0.05780126
2018-11-27,11957.02819900,-0.00290948,-0.06054257
2018-11-28,12042.55216538,0.00715261,-0.05382300
2018-11-29,12066.09465382,0.00195494,-0.05197328
2018-11-30,12066.74457330,0.00005386,-0.05192222
2018-12-03,12172.14121944,0.00873447,-0.04364126
2018-12-04,12162.61729759,-0.00078244,-0.04438955
2018-12-06,12071.86723769,-0.00746139,-0.05151973
2018-12-07,12108.90939800,0.00306847,-0.04860935
2018-12-10,12090.85078487,-0.00149135,-0.05002820
2018-12-11,12120.27644473,0.00243371,-0.04771624
2018-12-12,12150.83479226,0.00252126,-0.04531529
2018-12-13,12132.63360011,-0.00149794,-0.04674535
2018-12-14,12060.85934685,-0.00591580,-0.05238461
2018-12-17,12058.28502703,-0.00021344,-0.05258688
2018-12-18,12055.79460234,-0.00020653,-0.05278255
2018-12-19,12007.48648947,-0.00400705,-0.05657809
2018-12-20,12051.98058281,0.00370553,-0.05308221
2018-12-21,11972.09350718,-0.00662854,-0.05935890
2018-12-24,11977.36119717,0.00044000,-0.05894502
2018-12-27,12100.32036449,0.01026596,-0.04928418
2018-12-28,12161.58599985,0.00506314,-0.04447057
2018-12-31,12188.12976650,0.00218259,-0.04238504
2019-01-02,12208.42023103,0.00166477,-0.04079083
2019-01-03,12195.81018797,-0.00103290,-0.04178160
2019-01-04,12215.94603663,0.00165105,-0.04019953
2019-01-07,12254.69291267,0.00317183,-0.03715521
2019-01-08,12258.82501823,0.00033719,-0.03683056
2019-01-09,12330.21614231,0.00582365,-0.03122139
2019-01-10,12292.90263857,-0.00302618,-0.03415310
2019-01-11,12295.38877447,0.00020224,-0.03395776
2019-01-14,12288.48725457,-0.00056131,-0.03450001
2019-01-15,12321.24254283,0.00266553,-0.03192644
2019-01-16,12343.70256193,0.00182287,-0.03016177
2019-01-17,12336.83678978,-0.00055622,-0.03070121
2019-01-18,12323.77788043,-0.00105853,-0.03172724
2019-01-22,12299.23509928,-0.00199150,-0.03365556
2019-01-23,12276.75344056,-0.00182789,-0.03542193
2019-01-24,12276.82068228,0.00000548,-0.03541665
2019-01-25,12404.65130778,0.01041236,-0.02537306
2019-01-28,12390.24286782,-0.00116154,-0.02650512
2019-01-29,12434.46729924,0.00356929,-0.02303043
2019-01-30,12527.27940884,0.00746410,-0.01573824
2019-01-31,12542.62852283,0.00122526,-0.01453226
2019-02-01,12550.35620914,0.00061611,-0.01392510
2019-02-04,12538.22925015,-0.00096626,-0.01487791
2019-02-05,12601.97765324,0.00508432,-0.00986923
2019-02-06,12556.63454725,-0.00359809,-0.01343182
2019-02-07,12530.50610574,-0.00208085,-0.01548472
2019-02-08,12558.64755549,0.00224584,-0.01327366
2019-02-11,12548.54382606,-0.00080452,-0.01406750
2019-02-12,12598.33299931,0.00396773,-0.01015559
2019-02-13,12583.91827985,-0.00114418,-0.01128815
2019-02-14,12632.82308760,0.00388629,-0.00744572
2019-02-15,12699.34519849,0.00526582,-0.00221912
2019-02-19,12781.12229727,0.00643947,0.00000000
2019-02-20,12781.81541072,0.00005423,0.00000000
2019-02-21,12686.15008371,-0.00748449,-0.00748449
2019-02-22,12748.65636370,0.00492713,-0.00259424
2019-02-25,12757.28025786,0.00067646,-0.00191954
2019-02-26,12735.85019572,-0.00167983,-0.00359614
2019-02-27,12672.80194067,-0.00495046,-0.00852879
2019-02-28,12633.93798913,-0.00306672,-0.01156936
2019-03-01,12528.54397132,-0.00834214,-0.01981498
2019-03-04,12512.73125840,-0.00126213,-0.02105211
2019-03-05,12520.20571334,0.00059735,-0.02046733
2019-03-06,12496.20938616,-0.00191661,-0.02234472
2019-03-07,12467.17230140,-0.00232367,-0.02461646
2019-03-08,12544.88968671,0.00623376,-0.01853616
2019-03-11,12548.42309413,0.00028166,-0.01825972
2019-03-12,12618.06610242,0.00554994,-0.01281112
2019-03-13,12671.62494427,0.00424462,-0.00862088
2019-03-14,12577.71306741,-0.00741119,-0.01596818
2019-03-15,12632.21531550,0.00433324,-0.01170414
2019-03-18,12659.86103851,0.00218851,-0.00954124
2019-03-19,12688.87588987,0.00229188,-0.00727123
2019-03-20,12723.24385883,0.00270851,-0.00458241
2019-03-21,12762.26293104,0.00306676,-0.00152971
2019-03-22,12701.90374725,-0.00472950,-0.00625198
2019-03-25,12752.44759725,0.00397923,-0.00229762
2019-03-26,12729.65263017,-0.00178750,-0.00408102
2019-03-27,12670.46591100,-0.00464952,-0.00871156
2019-03-28,12598.04011175,-0.00571611,-0.01437787
2019-03-29,12640.48315304,0.00336902,-0.01105729
2019-04-01,12628.35382331,-0.00095956,-0.01200624
2019-04-02,12677.47464783,0.00388973,-0.00816322
2019-04-03,12673.73358968,-0.00029509,-0.00845591
2019-04-04,12692.90587224,0.00151276,-0.00695594
2019-04-05,12709.09138077,0.00127516,-0.00568965
2019-04-08,12746.14040374,0.00291516,-0.00279108
2019-04-09,12765.34094034,0.00150638,-0.00128890
2019-04-10,12790.87508094,0.00200027,0.00000000
2019-04-11,12704.85741961,-0.00672492,-0.00672492
2019-04-12,12705.58501531,0.00005727,-0.00666804
2019-04-15,12694.95739915,-0.00083645,-0.00749891
2019-04-16,12655.42622856,-0.00311393,-0.01058949
2019-04-17,12647.35682237,-0.00063762,-0.01122036
2019-04-18,12660.30953540,0.00102414,-0.01020771
2019-04-23,12677.40277204,0.00135014,-0.00887135
2019-04-24,12700.03865056,0.00178553,-0.00710166
2019-04-25,12706.18419784,0.00048390,-0.00662120
2019-04-26,12743.96053772,0.00297307,-0.00366781
2019-04-29,12722.59219228,-0.00167674,-0.00533841
2019-04-30,12728.23208181,0.00044330,-0.00489748
2019-05-01,12679.85455599,-0.00380080,-0.00867967
2019-05-02,12633.99007303,-0.00361711,-0.01226539
2019-05-03,12681.58210926,0.00376698,-0.00854460
2019-05-07,12665.62439962,-0.00125834,-0.00979219
2019-05-08,12651.16555223,-0.00114158,-0.01092259
2019-05-09,12635.53269610,-0.00123569,-0.01214478
2019-05-10,12651.91594209,0.00129660,-0.01086393
2019-05-13,12676.86479220,0.00197194,-0.00891341
2019-05-14,12705.66500058,0.00227187,-0.00666179
2019-05-15,12719.03069753,0.00105195,-0.00561685
2019-05-16,12713.73101468,-0.00041667,-0.00603118
2019-05-17,12647.60294715,-0.00520131,-0.01120112
2019-05-20,12609.47491661,-0.00301464,-0.01418200
2019-05-21,12611.37619417,0.00015078,-0.01403335
2019-05-22,12620.20269553,0.00069988,-0.01334329
2019-05-23,12627.91562609,0.00061116,-0.01274029
2019-05-24,12640.04429746,0.00096047,-0.01179206
2019-05-28,12608.70547472,-0.00247933,-0.01424215
2019-05-29,12585.05678273,-0.00187558,-0.01609103
2019-05-30,12650.84980973,0.00522787,-0.01094728
2019-05-31,12728.63437220,0.00614856,-0.00486602
2019-06-03,12812.00714040,0.00655002,0.00000000
2019-06-04,12869.46631894,0.00448479,0.00000000
2019-06-05,12911.74181922,0.00328495,0.00000000
2019-06-06,12953.22027698,0.00321246,0.00000000
2019-06-07,13036.02229889,0.00639239,0.00000000
2019-06-10,13003.98565032,-0.00245755,-0.00245755
2019-06-11,12979.86100802,-0.00185517,-0.00430816
2019-06-12,13006.23322031,0.00203178,-0.00228514
2019-06-13,13060.02139318,0.00413557,0.00000000
2019-06-14,13055.77089643,-0.00032546,-0.00032546
2019-06-17,13062.39394764,0.00050729,0.00000000
2019-06-18,13141.66665051,0.00606877,0.00000000
2019-06-19,13187.01199527,0.00345050,0.00000000
2019-06-20,13403.14764716,0.01639004,0.00000000
2019-06-21,13461.43838464,0.00434903,0.00000000
2019-06-24,13578.84638478,0.00872180,0.00000000
2019-06-25,13568.55124481,-0.00075817,-0.00075817
2019-06-26,13495.94460919,-0.00535110,-0.00610521
2019-06-27,13500.37753517,0.00032846,-0.00577876
2019-06-28,13517.53030389,0.00127054,-0.00451556
2019-07-01,13410.00223907,-0.00795471,-0.01243435
2019-07-02,13592.70400200,0.01362429,0.00000000
2019-07-03,13637.74355958,0.00331351,0.00000000
2019-07-05,13539.21442757,-0.00722474,-0.00722474
2019-07-08,13479.53384644,-0.00440798,-0.01160087
2019-07-09,13511.96591769,0.00240602,-0.00922276
2019-07-10,13649.38228105,0.01016998,0.00000000
2019-07-11,13585.89521150,-0.00465128,-0.00465128
2019-07-12,13644.27962600,0.00429743,-0.00037384
2019-07-15,13660.01469449,0.00115324,0.00000000
2019-07-16,13597.42865301,-0.00458170,-0.00458170
2019-07-17,13707.57462876,0.00810050,0.00000000
2019-07-18,13813.24558215,0.00770895,0.00000000
2019-07-19,13708.51365814,-0.00758199,-0.00758199
2019-07-22,13705.07277115,-0.00025100,-0.00783109
2019-07-23,13685.62884838,-0.00141874,-0.00923872
2019-07-24,13730.07877565,0.00324793,-0.00602080
2019-07-25,13672.09482320,-0.00422313,-0.01021851
2019-07-26,13705.93686160,0.00247526,-0.00776854
2019-07-29,13784.93400200,0.00576372,-0.00204960
2019-07-30,13809.05538975,0.00174984,-0.00030335
2019-07-31,13678.22967178,-0.00947391,-0.00977438
2019-08-01,13871.87404362,0.01415712,0.00000000
2019-08-02,13777.23599556,-0.00682230,-0.00682230
2019-08-05,13799.29918174,0.00160142,-0.00523180
2019-08-06,13877.07034079,0.00563588,0.00000000
2019-08-07,14010.89634742,0.00964368,0.00000000
2019-08-08,14132.82292489,0.00870227,0.00000000
2019-08-09,14079.34035365,-0.00378428,-0.00378428
2019-08-12,14139.57457434,0.00427820,0.00000000
2019-08-13,14137.10585394,-0.00017460,-0.00017460
2019-08-14,14120.01650820,-0.00120883,-0.00138321
2019-08-15,14161.12067682,0.00291106,0.00000000
2019-08-16,14150.08905842,-0.00077901,-0.00077901
2019-08-19,14091.45819180,-0.00414350,-0.00491928
2019-08-20,14135.91010969,0.00315453,-0.00178027
2019-08-21,14125.52918611,-0.00073437,-0.00251332
2019-08-22,14085.43625826,-0.00283833,-0.00534452
2019-08-23,14192.10517690,0.00757299,0.00000000
2019-08-27,14285.60916978,0.00658845,0.00000000
2019-08-28,14281.24340667,-0.00030561,-0.00030561
2019-08-29,14263.62966909,-0.00123335,-0.00153858
2019-08-30,14227.75819337,-0.00251489,-0.00404960
2019-09-03,14359.84314228,0.00928361,0.00000000
2019-09-04,14438.52550167,0.00547933,0.00000000
2019-09-05,14260.64870276,-0.01231960,-0.01231960
2019-09-06,14195.44289600,-0.00457243,-0.01683569
2019-09-09,14139.44205695,-0.00394499,-0.02071427
2019-09-10,14052.13301184,-0.00617486,-0.02676122
2019-09-11,14139.20062290,0.00619604,-0.02073099
2019-09-12,14170.10284603,0.00218557,-0.01859072
2019-09-13,14082.82870349,-0.00615903,-0.02463526
2019-09-16,14143.37577483,0.00429935,-0.02044182
2019-09-17,14154.09210136,0.00075769,-0.01969962
2019-09-18,14099.99533628,-0.00382199,-0.02344631
2019-09-19,14157.56328549,0.00408283,-0.01945920
2019-09-20,14237.31276164,0.00563299,-0.01393582
2019-09-23,14286.04165376,0.00342262,-0.01056090
2019-09-24,14312.62871292,0.00186105,-0.00871950
2019-09-25,14166.55256907,-0.01020610,-0.01883661
2019-09-26,14171.77033574,0.00036832,-0.01847524
2019-09-27,14128.91492201,-0.00302400,-0.02144337
2019-09-30,14009.66889283,-0.00843986,-0.02970224
2019-10-01,14036.42502025,0.00190983,-0.02784914
2019-10-02,14009.02328369,-0.00195219,-0.02974696
2019-10-03,14031.34598612,0.00159345,-0.02820091
2019-10-04,14088.52473261,0.00407507,-0.02424076
2019-10-07,14057.83797284,-0.00217814,-0.02636609
2019-10-08,14061.17484634,0.00023737,-0.02613499
2019-10-09,14087.27977378,0.00185653,-0.02432698
2019-10-10,14058.03382109,-0.00207605,-0.02635253
2019-10-11,14032.20606660,-0.00183722,-0.02814134
2019-10-14,14047.87851968,0.00111689,-0.02705588
2019-10-15,14034.30766510,-0.00096604,-0.02799578
2019-10-16,14030.62974490,-0.00026207,-0.02825051
2019-10-17,14034.40259144,0.00026890,-0.02798921
2019-10-18,14011.23973018,-0.00165043,-0.02959345
2019-10-21,13996.42551737,-0.00105731,-0.03061947
2019-10-22,14002.51514863,0.00043508,-0.03019771
2019-10-23,14021.68945795,0.00136935,-0.02886971
2019-10-24,14085.58832790,0.00455714,-0.02444413
2019-10-25,14114.26934001,0.00203620,-0.02245771
2019-10-28,14096.37618784,-0.00126773,-0.02369697
2019-10-29,14068.29077327,-0.00199239,-0.02564214
2019-10-30,14104.87851836,0.00260072,-0.02310811
2019-10-31,14133.78404011,0.00204933,-0.02110613
2019-11-01,14165.38022145,0.00223551,-0.01891781
2019-11-04,14173.26759918,0.00055681,-0.01837154
2019-11-05,14041.30896926,-0.00931039,-0.02751088
2019-11-06,14079.83355112,0.00274366,-0.02484270
2019-11-07,13979.96395142,-0.00709310,-0.03175958
2019-11-08,13940.19466127,-0.00284473,-0.03451397
2019-11-11,13902.46566673,-0.00270649,-0.03712705
2019-11-12,13946.20247126,0.00314597,-0.03409787
2019-11-13,13969.21384012,0.00165001,-0.03250413
2019-11-14,13996.25583211,0.00193583,-0.03063122
2019-11-15,13999.99183187,0.00026693,-0.03037247
2019-11-18,14023.63955956,0.00168912,-0.02873465
2019-11-19,14031.00709400,0.00052537,-0.02822438
2019-11-20,14023.05593729,-0.00056668,-0.02877507
2019-11-21,13965.21972732,-0.00412437,-0.03278076
2019-11-22,13966.19791904,0.00007004,-0.03271301
2019-11-25,13949.89612387,-0.00116723,-0.03384206
2019-11-26,14003.17269490,0.00381914,-0.03015217
2019-11-27,13970.36469764,-0.00234290,-0.03242442
2019-11-29,13996.06564266,0.00183968,-0.03064439
2019-12-02,13958.95190159,-0.00265173,-0.03321486
2019-12-03,14000.65683536,0.00298768,-0.03032641
2019-12-04,13995.06450735,-0.00039943,-0.03071373
2019-12-05,14003.85620833,0.00062820,-0.03010483
2019-12-06,13957.23919609,-0.00332887,-0.03333348
2019-12-09,13947.68438558,-0.00068458,-0.03399524
2019-12-10,13959.58358822,0.00085313,-0.03317111
2019-12-11,14030.36092528,0.00507016,-0.02826913
2019-12-12,14028.71025634,-0.00011765,-0.02838346
2019-12-13,14051.82314604,0.00164754,-0.02678268
2019-12-16,14084.79093108,0.00234616,-0.02449936
2019-12-17,14094.10029580,0.00066095,-0.02385460
2019-12-18,14102.97601982,0.00062975,-0.02323987
2019-12-19,14138.50738827,0.00251942,-0.02077900
2019-12-20,14146.20814183,0.00054467,-0.02024565
2019-12-23,14215.00246461,0.00486309,-0.01548102
2019-12-24,14284.64410518,0.00489916,-0.01065769
2019-12-27,14344.70147519,0.00420433,-0.00649817
2019-12-30,14349.97480725,0.00036762,-0.00613295
2019-12-31,14348.27680101,-0.00011833,-0.00625055
2020-01-02,14454.63342837,0.00741250,0.00000000
2020-01-03,14565.36941924,0.00766093,0.00000000
2020-01-06,14645.30352649,0.00548796,0.00000000
2020-01-07,14693.43062652,0.00328618,0.00000000
2020-01-08,14645.79089357,-0.00324225,-0.00324225
2020-01-09,14620.56823939,-0.00172218,-0.00495884
2020-01-10,14681.28599318,0.00415290,-0.00082653
2020-01-13,14635.30792179,-0.00313175,-0.00395569
2020-01-14,14620.61363970,-0.00100403,-0.00495575
2020-01-15,14683.50250429,0.00430138,-0.00067568
2020-01-16,14681.41315988,-0.00014229,-0.00081788
2020-01-17,14728.16686999,0.00318455,0.00000000
2020-01-21,14730.36289468,0.00014910,0.00000000
2020-01-22,14722.77018660,-0.00051545,-0.00051545
2020-01-23,14742.15074352,0.00131637,0.00000000
2020-01-24,14797.66236037,0.00376550,0.00000000
2020-01-27,14794.06538911,-0.00024308,-0.00024308
2020-01-28,14761.26084285,-0.00221741,-0.00245995
2020-01-29,14810.29530348,0.00332183,0.00000000
2020-01-30,14795.18805238,-0.00102005,-0.00102005
2020-01-31,14796.80534533,0.00010931,-0.00091085
2020-02-03,14780.18744038,-0.00112307,-0.00203290
2020-02-04,14717.93527618,-0.00421187,-0.00623620
2020-02-05,14757.54657062,0.00269136,-0.00356163
2020-02-06,14841.62536813,0.00569734,0.00000000
2020-02-07,14845.32991182,0.00024960,0.00000000
2020-02-10,14877.58935862,0.00217304,0.00000000
2020-02-11,14856.91668491,-0.00138952,-0.00138952
2020-02-12,14864.65571192,0.00052090,-0.00086934
2020-02-13,14907.11421335,0.00285634,0.00000000
2020-02-14,14952.63885545,0.00305389,0.00000000
2020-02-18,15050.21988069,0.00652601,0.00000000
2020-02-19,15148.56781731,0.00653465,0.00000000
2020-02-20,15171.15464147,0.00149102,0.00000000
2020-02-21,15259.90001383,0.00584961,0.00000000
2020-02-24,15232.22408312,-0.00181364,-0.00181364
2020-02-25,14978.11482379,-0.01668235,-0.01846573
2020-02-26,15033.52482335,0.00369940,-0.01483464
2020-02-27,14903.70813967,-0.00863515,-0.02334169
2020-02-28,14528.63056331,-0.02516673,-0.04792099
2020-03-02,14688.99991926,0.01103816,-0.03741178
2020-03-03,14929.34045145,0.01636194,-0.02166197
2020-03-04,15021.24984168,0.00615629,-0.01563904
2020-03-05,15167.20418882,0.00971652,-0.00607447
2020-03-06,15069.88907476,-0.00641615,-0.01245165
2020-03-09,14904.71904481,-0.01096027,-0.02327545
2020-03-10,14756.16819979,-0.00996670,-0.03301016
2020-03-11,14671.73514982,-0.00572188,-0.03854317
2020-03-12,14065.97423385,-0.04128761,-0.07823942
2020-03-13,13931.57881939,-0.00955465,-0.08704652
2020-03-16,13693.30541068,-0.01710312,-0.10266087
2020-03-17,13905.35644991,0.01548575,-0.08876490
2020-03-18,13631.85731994,-0.01966862,-0.10668764
2020-03-19,13519.47079412,-0.00824440,-0.11405247
2020-03-20,13582.99889687,0.00469901,-0.10988939
2020-03-23,13898.79447056,0.02324933,-0.08919492
2020-03-24,14484.88335247,0.04216832,-0.05078779
2020-03-25,14428.36951400,-0.00390157,-0.05449122
2020-03-26,14631.01251423,0.01404476,-0.04121177
2020-03-27,14438.29002378,-0.01317219,-0.05384111
2020-03-30,14538.51941640,0.00694192,-0.04727296
2020-03-31,14284.86559698,-0.01744702,-0.06389520
2020-04-01,14220.61093416,-0.00449809,-0.06810589
2020-04-02,14390.31641840,0.01193377,-0.05698488
2020-04-03,14447.77546768,0.00399290,-0.05321952
2020-04-06,14838.57950254,0.02704943,-0.02760965
2020-04-07,14857.21042016,0.00125557,-0.02638874
2020-04-08,14757.75583886,-0.00669403,-0.03290612
2020-04-09,15028.99593930,0.01837950,-0.01513143
2020-04-14,15340.16090137,0.02070431,0.00000000
2020-04-15,15256.32802797,-0.00546493,-0.00546493
2020-04-16,15244.24412616,-0.00079206,-0.00625266
2020-04-17,15092.09115460,-0.00998101,-0.01617126
2020-04-20,15177.95163628,0.00568910,-0.01057416
2020-04-21,15008.97486150,-0.01113304,-0.02158948
2020-04-22,15250.07899027,0.01606400,-0.00587229
2020-04-23,15361.34248803,0.00729593,0.00000000
2020-04-24,15328.01365093,-0.00216966,-0.00216966
2020-04-27,15331.06828516,0.00019928,-0.00197080
2020-04-28,15274.39613592,-0.00369656,-0.00566008
2020-04-29,15409.37672422,0.00883705,0.00000000
2020-04-30,15172.64033132,-0.01536314,-0.01536314
2020-05-01,15168.47281179,-0.00027467,-0.01563359
2020-05-04,15192.33493914,0.00157314,-0.01408505
2020-05-05,15266.59889335,0.00488825,-0.00926565
2020-05-06,15225.56880065,-0.00268757,-0.01192832
2020-05-07,15351.53330320,0.00827322,-0.00375378
2020-05-11,15332.06437650,-0.00126821,-0.00501723
2020-05-12,15339.25699001,0.00046912,-0.00455046
2020-05-13,15316.54707981,-0.00148051,-0.00602423
2020-05-14,15361.04004952,0.00290490,-0.00313684
2020-05-15,15422.08551892,0.00397405,0.00000000
2020-05-18,15482.38065456,0.00390966,0.00000000
2020-05-19,15513.03788487,0.00198014,0.00000000
2020-05-20,15569.99855300,0.00367179,0.00000000
2020-05-21,15456.46247494,-0.00729198,-0.00729198
2020-05-22,15493.17412035,0.00237516,-0.00493413
2020-05-26,15454.74798008,-0.00248020,-0.00740209
2020-05-27,15480.11678610,0.00164149,-0.00577275
2020-05-28,15518.97778248,0.00251038,-0.00327686
2020-05-29,15536.43355192,0.00112480,-0.00215575
2020-06-01,15579.43589912,0.00276784,0.00000000
2020-06-02,15557.49013833,-0.00140864,-0.00140864
2020-06-03,15508.26542374,-0.00316405,-0.00456823
2020-06-04,15546.31286199,0.00245337,-0.00212607
2020-06-05,15512.26031517,-0.00219039,-0.00431181
2020-06-08,15573.64417852,0.00395712,-0.00037175
2020-06-09,15618.48664893,0.00287938,0.00000000
2020-06-10,15706.25299209,0.00561939,0.00000000
2020-06-11,15529.24932172,-0.01126963,-0.01126963
2020-06-12,15554.66122597,0.00163639,-0.00965168
2020-06-15,15540.14599351,-0.00093318,-0.01057585
2020-06-16,15635.29553652,0.00612282,-0.00451778
2020-06-17,15653.63701063,0.00117308,-0.00335000
2020-06-18,15650.80486092,-0.00018093,-0.00353032
2020-06-19,15719.34042863,0.00437904,0.00000000
2020-06-22,15757.03212644,0.00239779,0.00000000
2020-06-23,15825.24441749,0.00432901,0.00000000
2020-06-24,15736.90161292,-0.00558240,-0.00558240
2020-06-25,15745.43747712,0.00054241,-0.00504301
2020-06-26,15747.83216448,0.00015209,-0.00489169
2020-06-29,15779.64308437,0.00202002,-0.00288156
2020-06-30,15822.26188647,0.00270087,-0.00018847
2020-07-01,15802.89446178,-0.00122406,-0.00141230
2020-07-02,15850.51878033,0.00301365,0.00000000
2020-07-06,15927.83688913,0.00487795,0.00000000
2020-07-07,15926.79640459,-0.00006532,-0.00006532
2020-07-08,15962.34131060,0.00223177,0.00000000
2020-07-09,15942.15891244,-0.00126438,-0.00126438
2020-07-10,15939.00218927,-0.00019801,-0.00146214
2020-07-13,15964.90173517,0.00162492,0.00000000
2020-07-14,15980.60834577,0.00098382,0.00000000
2020-07-15,16027.64737046,0.00294351,0.00000000
2020-07-16,15942.35402296,-0.00532164,-0.00532164
2020-07-17,16011.64073962,0.00434608,-0.00099869
2020-07-20,16064.04513081,0.00327289,0.00000000
2020-07-21,16124.50578949,0.00376373,0.00000000
2020-07-22,16209.61132091,0.00527802,0.00000000
2020-07-23,16230.52056251,0.00128993,0.00000000
2020-07-24,16219.29843853,-0.00069142,-0.00069142
2020-07-27,16340.65672601,0.00748234,0.00000000
2020-07-28,16375.30544026,0.00212040,0.00000000
2020-07-29,16433.86074288,0.00357583,0.00000000
2020-07-30,16366.84458661,-0.00407793,-0.00407793
2020-07-31,16451.67053235,0.00518279,0.00000000
2020-08-03,16522.76289750,0.00432129,0.00000000
2020-08-04,16649.70412665,0.00768281,0.00000000
2020-08-05,16713.63863400,0.00383998,0.00000000
2020-08-06,16798.78115778,0.00509419,0.00000000
2020-08-07,16702.96150612,-0.00570396,-0.00570396
2020-08-10,16676.95961546,-0.00155672,-0.00725181
2020-08-11,16379.44302255,-0.01783998,-0.02496241
2020-08-12,16400.66805245,0.00129583,-0.02369893
2020-08-13,16515.53986484,0.00700409,-0.01686082
2020-08-14,16484.09176943,-0.00190415,-0.01873287
2020-08-17,16612.12528127,0.00776710,-0.01111127
2020-08-18,16653.97124705,0.00251900,-0.00862026
2020-08-19,16495.70806782,-0.00950303,-0.01804137
2020-08-20,16532.78205937,0.00224749,-0.01583443
2020-08-21,16512.91849254,-0.00120147,-0.01701687
2020-08-24,16526.29401849,0.00081000,-0.01622065
2020-08-25,16534.08141476,0.00047121,-0.01575708
2020-08-26,16628.70685952,0.00572305,-0.01012420
2020-08-27,16570.94372255,-0.00347370,-0.01356274
2020-08-28,16658.54761458,0.00528660,-0.00834784
2020-09-01,16703.73392912,0.00271250,-0.00565798
2020-09-02,16686.89014659,-0.00100838,-0.00666066
2020-09-03,16521.56739372,-0.00990734,-0.01650202
2020-09-04,16479.95885883,-0.00251844,-0.01897889
2020-09-08,16426.67320903,-0.00323336,-0.02215089
2020-09-09,16552.40637117,0.00765421,-0.01466623
2020-09-10,16530.82536968,-0.00130380,-0.01595091
2020-09-11,16518.37158684,-0.00075337,-0.01669226
2020-09-14,16593.34132615,0.00453857,-0.01222945
2020-09-15,16609.77753864,0.00099053,-0.01125103
2020-09-16,16587.82062148,-0.00132193,-0.01255809
2020-09-17,16521.47667788,-0.00399956,-0.01650742
2020-09-18,16499.71110030,-0.00131741,-0.01780308
2020-09-21,16352.02802172,-0.00895065,-0.02659438
2020-09-22,16379.47272873,0.00167837,-0.02496065
2020-09-23,16234.67428829,-0.00884024,-0.03358023
2020-09-24,16235.53558739,0.00005305,-0.03352895
2020-09-25,16262.63828085,0.00166934,-0.03191558
2020-09-28,16361.26276951,0.00606448,-0.02604465
2020-09-29,16404.91421527,0.00266798,-0.02344616
2020-09-30,16381.45758685,-0.00142985,-0.02484249
2020-10-01,16447.79204500,0.00404936,-0.02089372
2020-10-02,16375.31661921,-0.00440639,-0.02520805
2020-10-05,16476.88927933,0.00620279,-0.01916162
2020-10-06,16368.64030201,-0.00656975,-0.02560548
2020-10-07,16410.68807526,0.00256880,-0.02310245
2020-10-08,16467.29896041,0.00344964,-0.01973251
2020-10-09,16617.56566438,0.00912516,-0.01078742
2020-10-12,16674.04309896,0.00339866,-0.00742542
2020-10-13,16561.78128909,-0.00673273,-0.01410816
2020-10-14,16558.05367191,-0.00022507,-0.01433006
2020-10-15,16555.91661522,-0.00012906,-0.01445727
2020-10-16,16549.95580472,-0.00036004,-0.01481211
2020-10-19,16498.15951924,-0.00312969,-0.01789544
2020-10-20,16527.46966750,0.00177657,-0.01615067
2020-10-21,16541.77943811,0.00086582,-0.01529883
2020-10-22,16466.29658374,-0.00456316,-0.01979218
2020-10-23,16478.87815440,0.00076408,-0.01904323
2020-10-26,16401.44914909,-0.00469868,-0.02365243
2020-10-27,16416.68456671,0.00092891,-0.02274549
2020-10-28,16179.06463496,-0.01447429,-0.03689056
2020-10-29,16193.84593435,0.00091361,-0.03601066
2020-10-30,16152.25409854,-0.00256837,-0.03848655
2020-11-02,16255.58258690,0.00639716,-0.03233559
2020-11-03,16360.75146390,0.00646971,-0.02607509
2020-11-04,16530.67682521,0.01038616,-0.01595975
2020-11-05,16765.35926289,0.01419678,-0.00198954
2020-11-06,16772.32092151,0.00041524,-0.00157513
2020-11-09,16569.22028896,-0.01210927,-0.01366533
2020-11-10,16483.13648709,-0.00519540,-0.01878974
2020-11-11,16552.25018021,0.00419299,-0.01467553
2020-11-12,16564.01827113,0.00071097,-0.01397500
2020-11-13,16620.86112732,0.00343171,-0.01059125
2020-11-16,16682.37039930,0.00370073,-0.00692971
2020-11-17,16633.84400003,-0.00290884,-0.00981840
2020-11-18,16568.98679303,-0.00389911,-0.01367923
2020-11-19,16571.55390077,0.00015493,-0.01352641
2020-11-20,16559.23966159,-0.00074310,-0.01425946
2020-11-23,16437.25443145,-0.00736660,-0.02152101
2020-11-24,16425.92475604,-0.00068927,-0.02219544
2020-11-25,16422.40649397,-0.00021419,-0.02240488
2020-11-27,16405.45767832,-0.00103205,-0.02341381
2020-11-30,16364.56289535,-0.00249275,-0.02584820
2020-12-01,16536.50897366,0.01050722,-0.01561257
2020-12-02,16585.31581712,0.00295146,-0.01270719
2020-12-03,16611.78474980,0.00159593,-0.01113155
2020-12-04,16626.19036253,0.00086719,-0.01027401
2020-12-07,16724.05939522,0.00588644,-0.00444805
2020-12-08,16744.70715114,0.00123461,-0.00321892
2020-12-09,16636.25186895,-0.00647699,-0.00967506
2020-12-10,16631.30689492,-0.00029724,-0.00996943
2020-12-11,16635.77396999,0.00026859,-0.00970351
2020-12-14,16612.49705450,-0.00139921,-0.01108914
2020-12-15,16687.94213687,0.00454147,-0.00659804
2020-12-16,16733.92832831,0.00275565,-0.00386057
2020-12-17,16797.04394602,0.00377172,-0.00010341
2020-12-18,16789.19664415,-0.00046718,-0.00057055
2020-12-21,16776.45778361,-0.00075875,-0.00132887
2020-12-22,16768.17808997,-0.00049353,-0.00182174
2020-12-23,16770.04691430,0.00011145,-0.00171050
2020-12-24,16782.45644283,0.00073998,-0.00097178
2020-12-29,16827.92568648,0.00270933,0.00000000
2020-12-30,16853.53880451,0.00152206,0.00000000
2020-12-31,16865.20937732,0.00069247,0.00000000
2021-01-04,16965.42684584,0.00594226,0.00000000
2021-01-05,16986.50593663,0.00124247,0.00000000
2021-01-06,16904.92384070,-0.00480276,-0.00480276
2021-01-07,16940.72243008,0.00211764,-0.00269529
2021-01-08,16747.58218233,-0.01140095,-0.01406550
2021-01-11,16724.35309988,-0.00138701,-0.01543301
2021-01-12,16726.81429119,0.00014716,-0.01528811
2021-01-13,16719.11179555,-0.00046049,-0.01574156
2021-01-14,16703.62730577,-0.00092616,-0.01665314
2021-01-15,16604.85605949,-0.00591316,-0.02246783
2021-01-19,16677.85591285,0.00439630,-0.01817031
2021-01-20,16823.06774362,0.00870686,-0.00962165
2021-01-21,16833.30631425,0.00060860,-0.00901890
2021-01-22,16780.82233480,-0.00311787,-0.01210865
2021-01-25,16783.19473316,0.00014138,-0.01196898
2021-01-26,16774.39207104,-0.00052449,-0.01248720
2021-01-27,16677.23730724,-0.00579185,-0.01820672
2021-01-28,16687.78289484,0.00063233,-0.01758590
2021-01-29,16614.92083950,-0.00436619,-0.02187531
2021-02-01,16726.77901558,0.00673239,-0.01529019
2021-02-02,16727.67748508,0.00005371,-0.01523730
2021-02-03,16712.04523846,-0.00093451,-0.01615757
2021-02-04,16641.25731970,-0.00423574,-0.02032488
2021-02-05,16697.91898307,0.00340489,-0.01698919
2021-02-08,16777.10271608,0.00474213,-0.01232762
2021-02-09,16781.69366645,0.00027364,-0.01205735
2021-02-10,16791.72530945,0.00059777,-0.01146679
2021-02-11,16777.72234693,-0.00083392,-0.01229114
2021-02-12,16772.34390920,-0.00032057,-0.01260777
2021-02-16,16695.23090476,-0.00459763,-0.01714744
2021-02-17,16620.96142682,-0.00444854,-0.02151970
2021-02-18,16584.51138445,-0.00219302,-0.02366552
2021-02-19,16613.20596043,0.00173020,-0.02197627
2021-02-22,16624.01396708,0.00065057,-0.02134000
2021-02-23,16587.43315563,-0.00220048,-0.02349352
2021-02-24,16621.81740337,0.00207291,-0.02146931
2021-02-25,16472.66362087,-0.00897337,-0.03025003
2021-02-26,16343.82203297,-0.00782154,-0.03783497
2021-03-01,16420.56570553,0.00469558,-0.03331705
2021-03-02,16418.52864202,-0.00012406,-0.03343697
2021-03-03,16320.51816806,-0.00596950,-0.03920687
2021-03-04,16216.11106604,-0.00639729,-0.04535335
2021-03-05,16220.77572990,0.00028766,-0.04507874
2021-03-08,16211.10135646,-0.00059642,-0.04564827
2021-03-09,16353.05068865,0.00875630,-0.03729167
2021-03-10,16374.53822383,0.00131398,-0.03602670
2021-03-11,16419.93948189,0.00277267,-0.03335391
2021-03-12,16409.84936042,-0.00061450,-0.03394792
2021-03-15,16452.92340371,0.00262489,-0.03141214
2021-03-16,16484.64344277,0.00192793,-0.02954477
2021-03-17,16506.62680157,0.00133357,-0.02825061
2021-03-18,16442.21241963,-0.00390233,-0.03204270
2021-03-19,16447.95313757,0.00034915,-0.03170474
2021-03-22,16477.89349368,0.00182031,-0.02994215
2021-03-23,16437.49501936,-0.00245168,-0.03232041
2021-03-24,16438.41777834,0.00005614,-0.03226609
2021-03-25,16398.71379122,-0.00241532,-0.03460348
2021-03-26,16468.03399468,0.00422717,-0.03052258
2021-03-29,16409.54343489,-0.00355176,-0.03396593
2021-03-30,16330.73476642,-0.00480261,-0.03860542
2021-03-31,16418.24565295,0.00535866,-0.03345363
2021-04-01,16513.26306548,0.00578731,-0.02785993
2021-04-06,16665.36927623,0.00921115,-0.01890540
2021-04-07,16673.92209335,0.00051321,-0.01840189
2021-04-08,16816.65147194,0.00856004,-0.00999938
2021-04-09,16814.92168860,-0.00010286,-0.01010121
2021-04-12,16756.84345955,-0.00345397,-0.01352029
2021-04-13,16844.18911596,0.00521254,-0.00837823
2021-04-14,16778.81994534,-0.00388081,-0.01222653
2021-04-15,16961.84721358,0.01090823,-0.00145167
2021-04-16,16998.11533359,0.00213822,0.00000000
2021-04-19,16917.16339985,-0.00476241,-0.00476241
2021-04-20,16880.19748193,-0.00218511,-0.00693711
2021-04-21,17004.58387864,0.00736878,0.00000000
2021-04-22,16948.29031668,-0.00331049,-0.00331049
2021-04-23,16974.38125119,0.00153944,-0.00177615
2021-04-26,17020.49196422,0.00271649,0.00000000
2021-04-27,16981.11702914,-0.00231338,-0.00231338
2021-04-28,16968.36513297,-0.00075095,-0.00306259
2021-04-29,16932.25761195,-0.00212793,-0.00518401
2021-04-30,16870.45261883,-0.00365013,-0.00881522
2021-05-04,16787.97088260,-0.00488912,-0.01366124
2021-05-05,16831.56848670,0.00259695,-0.01109977
2021-05-06,16977.98415488,0.00869887,-0.00249745
2021-05-07,17086.55894895,0.00639503,0.00000000
2021-05-10,16991.22588624,-0.00557942,-0.00557942
2021-05-11,16930.32903683,-0.00358402,-0.00914344
2021-05-12,16742.48946300,-0.01109486,-0.02013685
2021-05-13,16829.35714657,0.00518846,-0.01505287
2021-05-14,16989.67212382,0.00952591,-0.00567035
2021-05-17,17035.43729058,0.00269371,-0.00299192
2021-05-18,17013.65406048,-0.00127870,-0.00426680
2021-05-19,16998.72730126,-0.00087734,-0.00514039
2021-05-20,17141.40925599,0.00839368,0.00000000
2021-05-21,17133.60593778,-0.00045523,-0.00045523
2021-05-24,17228.43084038,0.00553444,0.00000000
2021-05-25,17290.30214073,0.00359123,0.00000000
2021-05-26,17281.24721696,-0.00052370,-0.00052370
2021-05-27,17260.03177947,-0.00122766,-0.00175071
2021-05-28,17301.68615058,0.00241334,0.00000000
2021-06-01,17273.33136143,-0.00163885,-0.00163885
2021-06-02,17310.29481784,0.00213991,0.00000000
2021-06-03,17193.79588468,-0.00673004,-0.00673004
2021-06-04,17284.53290436,0.00527731,-0.00148824
2021-06-07,17304.82607461,0.00117407,-0.00031592
2021-06-08,17291.56114817,-0.00076654,-0.00108223
2021-06-09,17295.06511647,0.00020264,-0.00087981
2021-06-10,17323.83055642,0.00166322,0.00000000
2021-06-11,17284.87254215,-0.00224881,-0.00224881
2021-06-14,17273.93961377,-0.00063251,-0.00287990
2021-06-15,17251.32423480,-0.00130922,-0.00418535
2021-06-16,17160.66699290,-0.00525509,-0.00941845
2021-06-17,17035.76226410,-0.00727855,-0.01662844
2021-06-18,16982.40260096,-0.00313221,-0.01970857
2021-06-21,17060.50471535,0.00459900,-0.01520021
2021-06-22,17067.45118439,0.00040717,-0.01479923
2021-06-23,17055.23316180,-0.00071587,-0.01550450
2021-06-24,17083.85482433,0.00167817,-0.01385235
2021-06-25,17104.73186041,0.00122203,-0.01264724
2021-06-28,17120.47564862,0.00092043,-0.01173845
2021-06-29,17097.49424998,-0.00134233,-0.01306503
2021-06-30,17117.68735549,0.00118106,-0.01189940
2021-07-01,17147.55032933,0.00174457,-0.01017559
2021-07-02,17210.50602287,0.00367141,-0.00654154
2021-07-06,17235.71338344,0.00146465,-0.00508647
2021-07-07,17277.96233380,0.00245124,-0.00264770
2021-07-08,17238.07338974,-0.00230866,-0.00495024
2021-07-09,17285.65652963,0.00276035,-0.00220356
2021-07-12,17284.65392372,-0.00005800,-0.00226143
2021-07-13,17308.24311822,0.00136475,-0.00089977
2021-07-14,17360.74868994,0.00303356,0.00000000
2021-07-15,17339.29740500,-0.00123562,-0.00123562
2021-07-16,17276.26652591,-0.00363515,-0.00486627
2021-07-19,17225.78384189,-0.00292208,-0.00777414
2021-07-20,17283.65569233,0.00335961,-0.00444065
2021-07-21,17289.59604967,0.00034370,-0.00409848
2021-07-22,17308.59463079,0.00109884,-0.00300414
2021-07-23,17328.72860081,0.00116324,-0.00184440
2021-07-26,17312.49226958,-0.00093696,-0.00277963
2021-07-27,17277.54349296,-0.00201870,-0.00479272
2021-07-28,17310.17133351,0.00188845,-0.00291332
2021-07-29,17377.66550358,0.00389910,0.00000000
2021-07-30,17333.10168452,-0.00256443,-0.00256443
2021-08-02,17335.43388095,0.00013455,-0.00243022
2021-08-03,17339.10400440,0.00021171,-0.00221903
2021-08-04,17353.34367173,0.00082125,-0.00139960
2021-08-05,17353.45658856,0.00000651,-0.00139311
2021-08-06,17237.23092328,-0.00669755,-0.00808133
2021-08-09,17139.19101842,-0.00568768,-0.01372304
2021-08-10,17125.86668962,-0.00077742,-0.01448980
2021-08-11,17194.09963608,0.00398420,-0.01056332
2021-08-12,17222.99522988,0.00168055,-0.00890052
2021-08-13,17316.80181982,0.00544659,-0.00350241
2021-08-16,17340.94809662,0.00139438,-0.00211291
2021-08-17,17321.75092112,-0.00110704,-0.00321761
2021-08-18,17283.59620018,-0.00220271,-0.00541323
2021-08-19,17282.24403208,-0.00007823,-0.00549104
2021-08-20,17344.24887298,0.00358778,-0.00192296
2021-08-23,17457.53676139,0.00653173,0.00000000
2021-08-24,17456.98951131,-0.00003135,-0.00003135
2021-08-25,17424.00423316,-0.00188952,-0.00192081
2021-08-26,17404.53694486,-0.00111727,-0.00303593
2021-08-27,17512.73536549,0.00621668,0.00000000
2021-08-31,17522.67167403,0.00056738,0.00000000
2021-09-01,17533.06835066,0.00059333,0.00000000
2021-09-02,17510.18963627,-0.00130489,-0.00130489
2021-09-03,17593.66957105,0.00476751,0.00000000
2021-09-07,17462.63090617,-0.00744806,-0.00744806
2021-09-08,17418.06493525,-0.00255208,-0.00998113
2021-09-09,17417.27065103,-0.00004560,-0.01002627
2021-09-10,17335.11864065,-0.00471670,-0.01469568
2021-09-13,17347.41149823,0.00070913,-0.01399697
2021-09-14,17387.46881811,0.00230912,-0.01172017
2021-09-15,17372.73542633,-0.00084736,-0.01255759
2021-09-16,17227.78751300,-0.00834341,-0.02079623
2021-09-17,17143.93347236,-0.00486737,-0.02556238
2021-09-20,17083.11010615,-0.00354781,-0.02901950
2021-09-21,17152.26341778,0.00404805,-0.02508892
2021-09-22,17191.60123865,0.00229345,-0.02285301
2021-09-23,17183.64563244,-0.00046276,-0.02330520
2021-09-24,17182.52454193,-0.00006524,-0.02336892
2021-09-27,17151.59696420,-0.00179994,-0.02512680
2021-09-28,16936.82455349,-0.01252201,-0.03733417
2021-09-29,16933.91004633,-0.00017208,-0.03749982
2021-09-30,16994.33066396,0.00356803,-0.03406560
2021-10-01,17036.40636696,0.00247587,-0.03167407
2021-10-04,16992.94952441,-0.00255082,-0.03414410
2021-10-05,17025.85278986,0.00193629,-0.03227393
2021-10-06,17029.55166002,0.00021725,-0.03206369
2021-10-07,17064.13198013,0.00203061,-0.03009819
2021-10-08,17051.29199775,-0.00075245,-0.03082800
2021-10-11,17041.30146326,-0.00058591,-0.03139584
2021-10-12,17038.19418188,-0.00018234,-0.03157246
2021-10-13,17125.41970534,0.00511941,-0.02661468
2021-10-14,17209.10814262,0.00488680,-0.02185794
2021-10-15,17149.30852857,-0.00347488,-0.02525687
2021-10-18,17159.60299148,0.00060028,-0.02467175
2021-10-19,17194.69809802,0.00204522,-0.02267699
2021-10-20,17242.80202342,0.00279760,-0.01994283
2021-10-21,17241.21723580,-0.00009191,-0.02003291
2021-10-22,17276.65446723,0.00205538,-0.01801870
2021-10-25,17327.15411193,0.00292300,-0.01514837
2021-10-26,17303.52092192,-0.00136394,-0.01649165
2021-10-27,17314.23335336,0.00061909,-0.01588277
2021-10-28,17328.74230419,0.00083798,-0.01505810
2021-10-29,17310.08873144,-0.00107645,-0.01611835
2021-11-01,17349.84129466,0.00229650,-0.01385886
2021-11-02,17371.23892659,0.00123330,-0.01264265
2021-11-03,17329.67947624,-0.00239243,-0.01500483
2021-11-04,17454.18887382,0.00718475,-0.00792789
2021-11-05,17548.10479356,0.00538071,-0.00258984
2021-11-08,17567.20786363,0.00108861,-0.00150405
2021-11-09,17575.73676688,0.00048550,-0.00101928
2021-11-10,17614.47808149,0.00220425,0.00000000
2021-11-11,17659.12949558,0.00253493,0.00000000
2021-11-12,17694.17536124,0.00198457,0.00000000
2021-11-15,17685.51155533,-0.00048964,-0.00048964
2021-11-16,17671.96414627,-0.00076602,-0.00125528
2021-11-17,17696.93644465,0.00141310,0.00000000
2021-11-18,17694.42179738,-0.00014210,-0.00014210
2021-11-19,17672.60686013,-0.00123287,-0.00137479
2021-11-22,17545.79060766,-0.00717587,-0.00854079
2021-11-23,17476.68013951,-0.00393886,-0.01244601
2021-11-24,17497.55809902,0.00119462,-0.01126626
2021-11-26,17386.86334204,-0.00632630,-0.01752129
2021-11-29,17453.37980543,0.00382567,-0.01376264
2021-11-30,17380.80664245,-0.00415812,-0.01786353
2021-12-01,17405.89188682,0.00144327,-0.01644604
2021-12-02,17348.69026264,-0.00328634,-0.01967833
2021-12-03,17365.85088369,0.00098916,-0.01870864
2021-12-06,17385.33499937,0.00112198,-0.01760765
2021-12-07,17525.30306260,0.00805093,-0.00969848
2021-12-08,17531.51788009,0.00035462,-0.00934730
2021-12-09,17489.66508464,-0.00238729,-0.01171227
2021-12-10,17529.64048967,0.00228566,-0.00945339
2021-12-13,17511.59884752,-0.00102921,-0.01047286
2021-12-14,17405.87662415,-0.00603727,-0.01644690
2021-12-15,17473.62490450,0.00389226,-0.01261866
2021-12-16,17508.86857477,0.00201696,-0.01062714
2021-12-17,17474.28258013,-0.00197534,-0.01258149
2021-12-20,17389.34102706,-0.00486095,-0.01738128
2021-12-21,17459.08768514,0.00401089,-0.01344011
2021-12-22,17549.89278982,0.00520102,-0.00830899
2021-12-23,17583.12237696,0.00189344,-0.00643129
2021-12-29,17612.19696569,0.00165355,-0.00478837
2021-12-30,17640.16016614,0.00158772,-0.00320825
2021-12-31,17655.01330400,0.00084201,-0.00236895
2022-01-04,17613.46006544,-0.00235362,-0.00471700
2022-01-05,17538.33767400,-0.00426506,-0.00896193
2022-01-06,17427.74191997,-0.00630594,-0.01521136
2022-01-07,17422.84528917,-0.00028097,-0.01548806
2022-01-10,17401.79609515,-0.00120814,-0.01667748
2022-01-11,17513.89233623,0.00644165,-0.01034327
2022-01-12,17543.99209326,0.00171862,-0.00864242
2022-01-13,17480.71925630,-0.00360652,-0.01221778
2022-01-14,17445.09783665,-0.00203775,-0.01423063
2022-01-18,17392.54832631,-0.00301228,-0.01720005
2022-01-19,17433.29975441,0.00234304,-0.01489731
2022-01-20,17415.01991413,-0.00104856,-0.01593024
2022-01-21,17324.83820842,-0.00517839,-0.02102614
2022-01-24,17274.54384727,-0.00290302,-0.02386812
2022-01-25,17268.36320563,-0.00035779,-0.02421737
2022-01-26,17236.19723855,-0.00186271,-0.02603497
2022-01-27,17169.05859709,-0.00389521,-0.02982877
2022-01-28,17190.36046176,0.00124071,-0.02862507
2022-01-31,17308.82894801,0.00689156,-0.02193077
2022-02-01,17336.10253942,0.00157570,-0.02038963
2022-02-02,17387.59429881,0.00297020,-0.01747998
2022-02-03,17291.96702796,-0.00549974,-0.02288359
2022-02-04,17299.78315468,0.00045201,-0.02244192
2022-02-07,17363.33301502,0.00367345,-0.01885091
2022-02-08,17409.73105552,0.00267219,-0.01622910
2022-02-09,17530.55479387,0.00694001,-0.00940172
2022-02-10,17419.01721202,-0.00636247,-0.01570437
2022-02-11,17486.96455726,0.00390076,-0.01186487
2022-02-14,17494.97549382,0.00045811,-0.01141220
2022-02-15,17498.17887025,0.00018310,-0.01123119
2022-02-16,17569.77453468,0.00409161,-0.00718553
2022-02-17,17600.53941578,0.00175101,-0.00544710
2022-02-18,17542.41492592,-0.00330243,-0.00873154
2022-02-22,17523.91224820,-0.00105474,-0.00977707
2022-02-23,17493.81928652,-0.00171725,-0.01147753
2022-02-24,17479.99092378,-0.00079047,-0.01225893
2022-02-25,17566.88645320,0.00497114,-0.00734873
2022-02-28,17653.83774343,0.00494973,-0.00243538
2022-03-01,17743.98601913,0.00510644,0.00000000
2022-03-02,17762.81337857,0.00106106,0.00000000
2022-03-03,17747.54493928,-0.00085957,-0.00085957
2022-03-04,17765.38717219,0.00100534,0.00000000
2022-03-07,17755.18235620,-0.00057442,-0.00057442
2022-03-08,17848.40462810,0.00525043,0.00000000
2022-03-09,17831.62476565,-0.00094013,-0.00094013
2022-03-10,17791.24437130,-0.00226454,-0.00320254
2022-03-11,17736.81043657,-0.00305959,-0.00625233
2022-03-14,17607.07296226,-0.00731459,-0.01352119
2022-03-15,17596.94360816,-0.00057530,-0.01408871
2022-03-16,17740.25442199,0.00814407,-0.00605938
2022-03-17,17804.34351008,0.00361264,-0.00246863
2022-03-18,17821.63361884,0.00097112,-0.00149991
2022-03-21,17863.02988379,0.00232281,0.00000000
2022-03-22,17872.22743007,0.00051489,0.00000000
2022-03-23,17904.35105628,0.00179740,0.00000000
2022-03-24,18002.11227130,0.00546019,0.00000000
2022-03-25,17990.95520575,-0.00061976,-0.00061976
2022-03-28,17945.73045058,-0.00251375,-0.00313196
2022-03-29,18036.76360881,0.00507269,0.00000000
2022-03-30,18040.63634411,0.00021471,0.00000000
2022-03-31,18004.01988938,-0.00202967,-0.00202967
2022-04-01,17938.47652149,-0.00364049,-0.00566276
2022-04-04,18024.74928804,0.00480937,-0.00088063
2022-04-05,17936.31398988,-0.00490633,-0.00578263
2022-04-06,17867.59275742,-0.00383140,-0.00959188
2022-04-07,17889.10739276,0.00120411,-0.00839931
2022-04-08,17954.22626075,0.00364014,-0.00478975
2022-04-11,17907.17590584,-0.00262057,-0.00739777
2022-04-12,17961.79665909,0.00305022,-0.00437012
2022-04-13,18009.81598869,0.00267341,-0.00170839
2022-04-14,17942.57614496,-0.00373351,-0.00543552
2022-04-19,17900.14282796,-0.00236495,-0.00778761
2022-04-20,17949.51703321,0.00275831,-0.00505078
2022-04-21,17895.71470966,-0.00299742,-0.00803307
2022-04-22,17744.90143024,-0.00842734,-0.01639271
2022-04-25,17606.34538085,-0.00780822,-0.02407293
2022-04-26,17564.71134955,-0.00236472,-0.02638072
2022-04-27,17547.89640970,-0.00095731,-0.02731278
2022-04-28,17668.53207555,0.00687465,-0.02062589
2022-04-29,17592.20396088,-0.00432000,-0.02485679
2022-05-03,17499.36342590,-0.00527737,-0.03000298
2022-05-04,17596.06485172,0.00552600,-0.02464278
2022-05-05,17520.74390434,-0.00428056,-0.02881785
2022-05-06,17507.89725219,-0.00073323,-0.02952995
2022-05-09,17272.41305836,-0.01345017,-0.04258294
2022-05-10,17224.00996512,-0.00280234,-0.04526594
2022-05-11,17260.85077351,0.00213892,-0.04322384
2022-05-12,17112.74818649,-0.00858026,-0.05143323
2022-05-13,17160.92909613,0.00281550,-0.04876254
2022-05-16,17195.97900284,0.00204242,-0.04681971
2022-05-17,17196.80529317,0.00004805,-0.04677391
2022-05-18,17097.52776917,-0.00577302,-0.05227690
2022-05-19,17137.78009004,0.00235428,-0.05004570
2022-05-20,17134.18736215,-0.00020964,-0.05024485
2022-05-23,17235.70351865,0.00592477,-0.04461776
2022-05-24,17234.68197857,-0.00005927,-0.04467439
2022-05-25,17234.48120770,-0.00001165,-0.04468552
2022-05-26,17298.69839800,0.00372609,-0.04112593
2022-05-27,17387.68431491,0.00514408,-0.03619340
2022-05-31,17307.49441750,-0.00461188,-0.04063836
2022-06-01,17349.88186818,0.00244908,-0.03828881
2022-06-06,17344.95861651,-0.00028376,-0.03856171
2022-06-07,17420.45542369,0.00435267,-0.03437689
2022-06-08,17398.78351880,-0.00124405,-0.03557817
2022-06-09,17244.69197619,-0.00885645,-0.04411953
2022-06-10,17157.22466468,-0.00507213,-0.04896788
2022-06-13,16743.23829861,-0.02412898,-0.07191532
2022-06-14,16703.04563953,-0.00240053,-0.07414321
2022-06-15,16885.87458250,0.01094584,-0.06400893
2022-06-16,16746.80616736,-0.00823578,-0.07171755
2022-06-17,16720.41448750,-0.00157592,-0.07318045
2022-06-21,16812.11952596,0.00548462,-0.06809720
2022-06-22,16835.10159573,0.00136699,-0.06682329
2022-06-23,16824.25903834,-0.00064404,-0.06742430
2022-06-24,16991.06420119,0.00991456,-0.05817822
2022-06-27,16980.75687884,-0.00060663,-0.05874956
2022-06-28,16867.73170176,-0.00665607,-0.06501459
2022-06-29,16851.54212217,-0.00095980,-0.06591199
2022-06-30,16722.28601262,-0.00767028,-0.07307671
2022-07-01,16748.72377787,0.00158099,-0.07161125
2022-07-05,16557.30621598,-0.01142878,-0.08222161
2022-07-06,16453.49324544,-0.00626992,-0.08797600
2022-07-07,16519.21609768,0.00399446,-0.08433296
2022-07-08,16535.06771504,0.00095959,-0.08345430
2022-07-11,16444.43679804,-0.00548113,-0.08847801
2022-07-12,16391.80614374,-0.00320051,-0.09139535
2022-07-13,16400.16561415,0.00050998,-0.09093198
2022-07-14,16259.84251178,-0.00855620,-0.09871015
2022-07-15,16322.42159413,0.00384869,-0.09524136
2022-07-18,16313.92742111,-0.00052040,-0.09571220
2022-07-19,16398.84263749,0.00520508,-0.09100531
2022-07-20,16373.84370804,-0.00152443,-0.09239101
2022-07-21,16536.05135530,0.00990651,-0.08339977
2022-07-22,16530.66551394,-0.00032570,-0.08369831
2022-07-25,16487.84493195,-0.00259037,-0.08607188
2022-07-26,16425.68491837,-0.00377005,-0.08951743
2022-07-27,16613.10997027,0.01141049,-0.07912838
2022-07-28,16778.13009729,0.00993313,-0.06998125
2022-07-29,16857.43897918,0.00472692,-0.06558512
2022-08-01,16903.53053093,0.00273420,-0.06303025
2022-08-02,16861.81953311,-0.00246759,-0.06534231
2022-08-03,16941.75906089,0.00474086,-0.06091123
2022-08-04,17034.20788580,0.00545686,-0.05578675
2022-08-05,16977.96814226,-0.00330158,-0.05890414
2022-08-08,17026.72501732,0.00287177,-0.05620153
2022-08-09,17005.15594068,-0.00126678,-0.05739711
2022-08-10,17056.38365359,0.00301248,-0.05455754
2022-08-11,17055.07495418,-0.00007673,-0.05463008
2022-08-12,17154.75760921,0.00584475,-0.04910463
2022-08-15,17121.01133673,-0.00196717,-0.05097520
2022-08-16,17113.78029635,-0.00042235,-0.05137602
2022-08-17,17060.99958680,-0.00308411,-0.05430167
2022-08-18,17078.71715554,0.00103848,-0.05331958
2022-08-19,17015.75422676,-0.00368663,-0.05680964
2022-08-22,16907.78800256,-0.00634507,-0.06279426
2022-08-23,16912.78105317,0.00029531,-0.06251749
2022-08-24,16947.83981509,0.00207292,-0.06057417
2022-08-25,16999.38218166,0.00304124,-0.05771715
2022-08-26,16851.16831785,-0.00871878,-0.06593271
2022-08-30,16739.49655739,-0.00662694,-0.07212272
2022-08-31,16684.87145098,-0.00326325,-0.07515061
2022-09-01,16612.76560981,-0.00432163,-0.07914747
2022-09-02,16683.80476678,0.00427618,-0.07520974
2022-09-06,16607.58562339,-0.00456845,-0.07943460
2022-09-07,16691.71746015,0.00506587,-0.07477114
2022-09-08,16697.62522743,0.00035393,-0.07444367
2022-09-09,16776.49855868,0.00472363,-0.07007168
2022-09-12,16839.40144079,0.00374946,-0.06658495
2022-09-13,16656.98262786,-0.01083286,-0.07669650
2022-09-14,16614.58672443,-0.00254523,-0.07904653
2022-09-15,16495.35718704,-0.00717620,-0.08565547
2022-09-16,16485.59358932,-0.00059190,-0.08619667
2022-09-20,16468.74783589,-0.00102185,-0.08713044
2022-09-21,16486.31835526,0.00106690,-0.08615649
2022-09-22,16422.57275019,-0.00386658,-0.08968994
2022-09-23,16339.70836499,-0.00504576,-0.09428315
2022-09-26,16321.12141492,-0.00113753,-0.09531343
2022-09-27,16301.69780215,-0.00119009,-0.09639009
2022-09-28,16426.89780903,0.00768018,-0.08945020
2022-09-29,16309.38266620,-0.00715382,-0.09596411
2022-09-30,16281.74567254,-0.00169455,-0.09749604
2022-10-03,16404.92610274,0.00756555,-0.09066810
2022-10-04,16649.78450436,0.01492591,-0.07709550
2022-10-05,16609.11833870,-0.00244244,-0.07934964
2022-10-06,16615.01299043,0.00035490,-0.07902290
2022-10-07,16403.24614797,-0.01274551,-0.09076122
2022-10-10,16211.05308226,-0.01171677,-0.10141456
2022-10-11,16144.37047020,-0.00411340,-0.10511081
2022-10-12,16195.26620330,0.00315254,-0.10228964
2022-10-13,16130.65913314,-0.00398926,-0.10587083
2022-10-14,15999.51221314,-0.00813029,-0.11314036
2022-10-17,16067.30398119,0.00423711,-0.10938264
2022-10-18,16132.09033885,0.00403219,-0.10579150
2022-10-19,16011.52203626,-0.00747382,-0.11247465
2022-10-20,16002.36383840,-0.00057198,-0.11298230
2022-10-21,16204.56661592,0.01263581,-0.10177411
2022-10-24,16222.30595628,0.00109471,-0.10079081
2022-10-25,16277.98908773,0.00343250,-0.09770427
2022-10-26,16311.13081853,0.00203598,-0.09586721
2022-10-27,16260.56199466,-0.00310026,-0.09867026
2022-10-28,16229.92795183,-0.00188395,-0.10036832
2022-10-31,16162.24731057,-0.00417011,-0.10411989
2022-11-01,16248.50075676,0.00533672,-0.09933882
2022-11-02,16130.45913783,-0.00726477,-0.10588192
2022-11-03,16073.76767080,-0.00351456,-0.10902435
2022-11-04,16313.95912000,0.01494307,-0.09571044
2022-11-07,16299.29745199,-0.00089872,-0.09652314
2022-11-08,16501.18392245,0.01238621,-0.08533249
2022-11-09,16433.21660682,-0.00411894,-0.08909995
2022-11-10,16810.49318530,0.02295817,-0.06818735
2022-11-11,16897.37055954,0.00516804,-0.06337170
2022-11-14,16926.59363173,0.00172944,-0.06175185
2022-11-15,16959.73462794,0.00195792,-0.05991483
2022-11-16,16891.03419118,-0.00405080,-0.06372293
2022-11-17,16826.03314124,-0.00384826,-0.06732596
2022-11-18,16774.55639889,-0.00305935,-0.07017934
2022-11-21,16722.71238902,-0.00309063,-0.07305307
2022-11-22,16767.88331128,0.00270117,-0.07054923
2022-11-23,16823.31497557,0.00330582,-0.06747663
2022-11-25,16823.42240037,0.00000639,-0.06747068
2022-11-28,16718.45097504,-0.00623960,-0.07328929
2022-11-29,16734.55857979,0.00096346,-0.07239644
2022-11-30,16923.83212373,0.01131034,-0.06190492
2022-12-01,17077.55878416,0.00908344,-0.05338379
2022-12-02,17028.37856043,-0.00287982,-0.05610987
2022-12-05,16832.49316706,-0.01150347,-0.06696788
2022-12-06,16790.97555377,-0.00246652,-0.06926922
2022-12-07,16854.17637877,0.00376398,-0.06576597
2022-12-08,16899.95993736,0.00271645,-0.06322817
2022-12-09,16913.33453274,0.00079140,-0.06248681
2022-12-12,16862.64211810,-0.00299719,-0.06529671
2022-12-13,17078.60124302,0.01280696,-0.05332601
2022-12-14,17036.36422276,-0.00247310,-0.05566722
2022-12-15,16783.61852403,-0.01483566,-0.06967702
2022-12-16,16823.26247312,0.00236206,-0.06747954
2022-12-19,16769.99959120,-0.00316603,-0.07043193
2022-12-20,16931.94821153,0.00965704,-0.06145505
2022-12-21,16985.88050256,0.00318524,-0.05846556
2022-12-22,16804.24756323,-0.01069317,-0.06853355
2022-12-23,16844.20112487,0.00237759,-0.06631890
2022-12-28,16832.58602286,-0.00068956,-0.06696273
2022-12-29,16948.56514748,0.00689015,-0.06053396
2022-12-30,16979.82753050,0.00184454,-0.05880108
2023-01-03,17055.55065725,0.00445959,-0.05460371
2023-01-04,17170.57580966,0.00674415,-0.04822782
2023-01-05,17021.06325981,-0.00870749,-0.05651536
2023-01-06,17262.98330662,0.01421298,-0.04310563
2023-01-09,17316.60097931,0.00310593,-0.04013358
2023-01-10,17339.31364803,0.00131161,-0.03887461
2023-01-11,17395.84147296,0.00326010,-0.03574125
2023-01-12,17541.81626801,0.00839136,-0.02764980
2023-01-13,17673.35457620,0.00749856,-0.02035858
2023-01-17,17613.69257684,-0.00337582,-0.02366567
2023-01-18,17534.65112282,-0.00448750,-0.02804697
2023-01-19,17644.77056500,0.00628010,-0.02194301
2023-01-20,17670.37639471,0.00145119,-0.02052366
2023-01-23,17771.44541678,0.00571969,-0.01492137
2023-01-24,17814.83445949,0.00244150,-0.01251629
2023-01-25,17843.81177651,0.00162658,-0.01091007
2023-01-26,17790.23496450,-0.00300254,-0.01387985
2023-01-27,17802.58620225,0.00069427,-0.01319522
2023-01-30,17732.86357513,-0.00391643,-0.01705997
2023-01-31,17808.84946449,0.00428503,-0.01284804
2023-02-01,17998.98750162,0.01067660,-0.00230861
2023-02-02,17880.82130443,-0.00656516,-0.00885861
2023-02-03,17639.64282580,-0.01348811,-0.02222724
2023-02-06,17622.39720271,-0.00097766,-0.02318317
2023-02-07,17668.21284632,0.00259985,-0.02064359
2023-02-08,17669.05393978,0.00004760,-0.02059697
2023-02-09,17570.97040332,-0.00555115,-0.02603378
2023-02-10,17568.18527518,-0.00015851,-0.02618816
2023-02-13,17562.00837463,-0.00035160,-0.02653055
2023-02-14,17558.54816461,-0.00019703,-0.02672235
2023-02-15,17504.18910730,-0.00309587,-0.02973549
2023-02-16,17477.93614569,-0.00149981,-0.03119071
2023-02-17,17452.65700778,-0.00144635,-0.03259194
2023-02-21,17327.86262329,-0.00715045,-0.03950934
2023-02-22,17275.62845375,-0.00301446,-0.04240471
2023-02-23,17293.09514167,0.00101106,-0.04143652
2023-02-24,17187.19297338,-0.00612396,-0.04730672
2023-02-27,17236.74797714,0.00288325,-0.04455987
2023-02-28,17260.11965033,0.00135592,-0.04326437
2023-03-01,17320.00114303,0.00346936,-0.03994511
2023-03-02,17350.41177691,0.00175581,-0.03825944
2023-03-03,17472.46095607,0.00703437,-0.03149420
2023-03-06,17474.22595109,0.00010102,-0.03139636
2023-03-07,17365.55685670,-0.00621882,-0.03741994
2023-03-08,17377.57502568,0.00069207,-0.03675377
2023-03-09,17385.28286602,0.00044355,-0.03632652
2023-03-10,17396.88670689,0.00066745,-0.03568331
2023-03-13,17458.64504100,0.00354996,-0.03226002
2023-03-14,17496.32971091,0.00215851,-0.03017114
2023-03-15,17501.08737417,0.00027192,-0.02990742
2023-03-16,17595.92700454,0.00541907,-0.02465042
2023-03-17,17716.64611633,0.00686063,-0.01795891
2023-03-20,17717.72891960,0.00006112,-0.01789889
2023-03-21,17684.15899028,-0.00189471,-0.01975969
2023-03-22,17754.48777800,0.00397694,-0.01586133
2023-03-23,17834.20779791,0.00449013,-0.01144242
2023-03-24,17759.23847817,-0.00420368,-0.01559800
2023-03-27,17718.26807897,-0.00230699,-0.01786901
2023-03-28,17740.95076842,0.00128019,-0.01661170
2023-03-29,17777.55108865,0.00206304,-0.01458293
2023-03-30,17861.91604183,0.00474559,-0.00990654
2023-03-31,17876.69848885,0.00082760,-0.00908714
2023-04-03,17923.41882920,0.00261348,-0.00649742
2023-04-04,17984.87340630,0.00342873,-0.00309096
2023-04-05,17955.16269551,-0.00165198,-0.00473784
2023-04-06,17937.93338094,-0.00095957,-0.00569287
2023-04-11,17933.17600347,-0.00026521,-0.00595657
2023-04-12,17947.73227298,0.00081170,-0.00514971
2023-04-13,18052.20961554,0.00582120,0.00000000
2023-04-14,17974.37455567,-0.00431166,-0.00431166
2023-04-17,17972.40172815,-0.00010976,-0.00442095
2023-04-18,17996.03781540,0.00131513,-0.00311163
2023-04-19,17955.90356967,-0.00223017,-0.00533486
2023-04-20,17964.08430438,0.00045560,-0.00488169
2023-04-21,17911.61731559,-0.00292066,-0.00778809
2023-04-24,17913.32155245,0.00009515,-0.00769369
2023-04-25,17897.48401798,-0.00088412,-0.00857101
2023-04-26,17865.70353605,-0.00177570,-0.01033148
2023-04-27,17908.68744201,0.00240595,-0.00795039
2023-04-28,17940.64029190,0.00178421,-0.00618037
2023-05-02,17983.28375977,0.00237692,-0.00381814
2023-05-03,18013.28890119,0.00166850,-0.00215601
2023-05-04,18007.72738364,-0.00030875,-0.00246409
2023-05-05,17993.26515371,-0.00080311,-0.00326522
2023-05-09,18025.16137850,0.00177268,-0.00149833
2023-05-10,18042.53254906,0.00096372,-0.00053606
2023-05-11,18012.66544216,-0.00165537,-0.00219054
2023-05-12,18005.59103732,-0.00039275,-0.00258243
2023-05-15,18030.47088060,0.00138178,-0.00120421
2023-05-16,17967.67354578,-0.00348284,-0.00468287
2023-05-17,17974.53509252,0.00038188,-0.00430277
2023-05-18,17984.69269548,0.00056511,-0.00374009
2023-05-19,18032.33423662,0.00264901,-0.00110099
2023-05-22,18043.76924444,0.00063414,-0.00046755
2023-05-23,18008.12943808,-0.00197519,-0.00244182
2023-05-24,17919.04465102,-0.00494692,-0.00737666
2023-05-25,17952.25474364,0.00185334,-0.00553699
2023-05-26,18059.77151567,0.00598904,0.00000000
2023-05-30,18082.51422899,0.00125930,0.00000000
2023-05-31,18045.40124132,-0.00205242,-0.00205242
2023-06-01,18110.53684478,0.00360954,0.00000000
2023-06-02,18037.84477301,-0.00401380,-0.00401380
2023-06-05,18103.69920903,0.00365090,-0.00037755
2023-06-06,18115.48609393,0.00065108,0.00000000
2023-06-07,17957.49366202,-0.00872140,-0.00872140
2023-06-08,18091.40048802,0.00745688,-0.00132956
2023-06-09,18072.66765656,-0.00103546,-0.00236364
2023-06-12,18130.93865777,0.00322426,0.00000000
2023-06-13,18081.23848572,-0.00274118,-0.00274118
2023-06-14,18104.49296328,0.00128611,-0.00145859
2023-06-15,18191.81105217,0.00482301,0.00000000
2023-06-16,18162.84480268,-0.00159227,-0.00159227
2023-06-20,18025.83601861,-0.00754335,-0.00912361
2023-06-21,17986.18086654,-0.00219991,-0.01130345
2023-06-22,17894.49791096,-0.00509741,-0.01634324
2023-06-23,17882.05392662,-0.00069541,-0.01702728
2023-06-26,17886.25699370,0.00023504,-0.01679624
2023-06-27,17881.23509848,-0.00028077,-0.01707229
2023-06-28,17902.90228693,0.00121173,-0.01588125
2023-06-29,17912.92136841,0.00055963,-0.01533051
2023-06-30,18019.70193213,0.00596109,-0.00946080
2023-07-03,18036.70344157,0.00094350,-0.00852623
2023-07-05,17984.23875042,-0.00290877,-0.01141021
2023-07-06,17911.85856057,-0.00402465,-0.01538893
2023-07-07,17951.72339084,0.00222561,-0.01319757
2023-07-10,17960.73978665,0.00050226,-0.01270194
2023-07-11,17993.81028045,0.00184127,-0.01088406
2023-07-12,18144.08058988,0.00835122,-0.00262373
2023-07-13,18168.17456821,0.00132793,-0.00129929
2023-07-14,18148.71793335,-0.00107092,-0.00236882
2023-07-17,18181.30686430,0.00179566,-0.00057741
2023-07-18,18305.08954084,0.00680824,0.00000000
2023-07-19,18366.55338702,0.00335775,0.00000000
2023-07-20,18289.23114536,-0.00420995,-0.00420995
2023-07-21,18263.98074463,-0.00138062,-0.00558475
2023-07-24,18242.94818867,-0.00115159,-0.00672991
2023-07-25,18303.05673238,0.00329489,-0.00345719
2023-07-26,18301.87318125,-0.00006466,-0.00352163
2023-07-27,18217.18013183,-0.00462756,-0.00813290
2023-07-28,18300.78240510,0.00458920,-0.00358102
2023-07-31,18321.62670702,0.00113898,-0.00244611
2023-08-01,18260.96112776,-0.00331115,-0.00574916
2023-08-02,18157.95137822,-0.00564098,-0.01135771
2023-08-03,18134.43422686,-0.00129514,-0.01263814
2023-08-04,18142.33404787,0.00043563,-0.01220802
2023-08-07,18116.52712655,-0.00142247,-0.01361313
2023-08-08,18052.59082560,-0.00352917,-0.01709426
2023-08-09,18004.28716703,-0.00267572,-0.01972424
2023-08-10,18021.81189964,0.00097336,-0.01877007
2023-08-11,17983.74108842,-0.00211249,-0.02084290
2023-08-14,18001.40906733,0.00098244,-0.01988094
2023-08-15,17937.31352243,-0.00356058,-0.02337074
2023-08-16,17870.57002812,-0.00372093,-0.02700471
2023-08-17,17820.86027133,-0.00278165,-0.02971124
2023-08-18,17805.34245941,-0.00087077,-0.03055614
2023-08-21,17859.72476288,0.00305427,-0.02759520
2023-08-22,17889.81509707,0.00168482,-0.02595687
2023-08-23,18014.25420886,0.00695586,-0.01918156
2023-08-24,17976.79195663,-0.00207959,-0.02122126
2023-08-25,17987.50507825,0.00059594,-0.02063797
2023-08-29,18171.62217715,0.01023583,-0.01061338
2023-08-30,18201.80587379,0.00166103,-0.00896997
2023-08-31,18217.21941331,0.00084681,-0.00813076
2023-09-01,18240.36287962,0.00127042,-0.00687067
2023-09-05,18209.96017560,-0.00166678,-0.00852600
2023-09-06,18158.09228116,-0.00284833,-0.01135004
2023-09-07,18140.77086193,-0.00095392,-0.01229314
2023-09-08,18157.96426474,0.00094778,-0.01135701
2023-09-11,18170.99475149,0.00071762,-0.01064754
2023-09-12,18129.10347263,-0.00230539,-0.01292839
2023-09-13,18121.39480801,-0.00042521,-0.01334810
2023-09-14,18175.38375689,0.00297929,-0.01040857
2023-09-15,18171.09170149,-0.00023615,-0.01064226
2023-09-18,18198.32154207,0.00149853,-0.00915969
2023-09-19,18178.55722745,-0.00108605,-0.01023579
2023-09-20,18173.35436260,-0.00028621,-0.01051907
2023-09-21,18080.05735486,-0.00513373,-0.01559879
2023-09-22,18106.84634236,0.00148169,-0.01414022
2023-09-25,18076.73888069,-0.00166277,-0.01577947
2023-09-26,17995.81590262,-0.00447664,-0.02018547
2023-09-27,17939.80389628,-0.00311250,-0.02323514
2023-09-28,17930.78544323,-0.00050271,-0.02372617
2023-09-29,17897.46472459,-0.00185830,-0.02554038
2023-10-02,17862.38042468,-0.00196029,-0.02745060
2023-10-03,17788.81998784,-0.00411818,-0.03145573
2023-10-04,17796.59043102,0.00043682,-0.03103266
2023-10-05,17792.35443778,-0.00023802,-0.03126329
2023-10-06,17857.95482962,0.00368700,-0.02769156
2023-10-09,17967.36473465,0.00612668,-0.02173454
2023-10-10,18006.30702866,0.00216739,-0.01961426
2023-10-11,18039.41911729,0.00183892,-0.01781141
2023-10-12,18055.56033793,0.00089477,-0.01693258
2023-10-13,18167.74775073,0.00621346,-0.01082433
2023-10-16,18174.59922633,0.00037712,-0.01045129
2023-10-17,18177.54395788,0.00016202,-0.01029096
2023-10-18,18211.51955514,0.00186910,-0.00844110
2023-10-19,18243.43785423,0.00175264,-0.00670325
2023-10-20,18177.82902401,-0.00359630,-0.01027544
2023-10-23,18148.45389208,-0.00161599,-0.01187482
2023-10-24,18176.24994282,0.00153159,-0.01036141
2023-10-25,18172.71393308,-0.00019454,-0.01055394
2023-10-26,18119.77980539,-0.00291284,-0.01343603
2023-10-27,18171.32849936,0.00284489,-0.01062937
2023-10-30,18166.37863585,-0.00027240,-0.01089887
2023-10-31,18169.00492959,0.00014457,-0.01075588
2023-11-01,18209.66974790,0.00223814,-0.00854181
2023-11-02,18311.22418488,0.00557695,-0.00301250
2023-11-03,18346.31881397,0.00191656,-0.00110171
2023-11-06,18312.37198586,-0.00185033,-0.00295000
2023-11-07,18335.76887855,0.00127765,-0.00167612
2023-11-08,18293.67984032,-0.00229546,-0.00396773
2023-11-09,18328.68010019,0.00191324,-0.00206208
2023-11-10,18323.44854006,-0.00028543,-0.00234692
2023-11-13,18355.65981949,0.00175793,-0.00059312
2023-11-14,18447.40206882,0.00499804,0.00000000
2023-11-15,18459.15168926,0.00063693,0.00000000
2023-11-16,18513.39827403,0.00293874,0.00000000
2023-11-17,18528.04792218,0.00079130,0.00000000
2023-11-20,18548.42656494,0.00109988,0.00000000
2023-11-21,18577.80103030,0.00158366,0.00000000
2023-11-22,18595.38271867,0.00094638,0.00000000
2023-11-24,18592.22534167,-0.00016979,-0.00016979
2023-11-27,18625.15885948,0.00177136,0.00000000
2023-11-28,18685.03765532,0.00321494,0.00000000
2023-11-29,18696.14219199,0.00059430,0.00000000
2023-11-30,18684.38052830,-0.00062910,-0.00062910
2023-12-01,18794.59624684,0.00589882,0.00000000
2023-12-04,18659.11566359,-0.00720849,-0.00720849
2023-12-05,18662.89503167,0.00020255,-0.00700740
2023-12-06,18674.76747304,0.00063615,-0.00637570
2023-12-07,18712.52919226,0.00202207,-0.00436652
2023-12-08,18677.62493016,-0.00186529,-0.00622367
2023-12-11,18649.30474615,-0.00151626,-0.00773049
2023-12-12,18668.42261630,0.00102513,-0.00671329
2023-12-13,18812.12050455,0.00769738,0.00000000
2023-12-14,18836.67507526,0.00130525,0.00000000
2023-12-15,18814.59282143,-0.00117230,-0.00117230
2023-12-18,18858.97080711,0.00235870,0.00000000
2023-12-19,18894.37673536,0.00187741,0.00000000
2023-12-20,18867.58181507,-0.00141814,-0.00141814
2023-12-21,18909.12224688,0.00220168,0.00000000
2023-12-22,18929.32114330,0.00106821,0.00000000
2023-12-27,19006.63225005,0.00408420,0.00000000
2023-12-28,18997.62274361,-0.00047402,-0.00047402
2023-12-29,18985.22913238,-0.00065238,-0.00112609
2024-01-02,18924.09136116,-0.00322028,-0.00434274
2024-01-03,18809.53874737,-0.00605327,-0.01036972
2024-01-04,18802.67454922,-0.00036493,-0.01073087
2024-01-05,18779.84945816,-0.00121393,-0.01193177
2024-01-08,18774.13584437,-0.00030424,-0.01223238
2024-01-09,18807.53377829,0.00177893,-0.01047521
2024-01-10,18816.71225278,0.00048802,-0.00999230
2024-01-11,18828.06837459,0.00060351,-0.00939482
2024-01-12,18928.41267364,0.00532951,-0.00411538
2024-01-16,18877.30463089,-0.00270007,-0.00680434
2024-01-17,18745.02720226,-0.00700722,-0.01376388
2024-01-18,18860.33946441,0.00615162,-0.00769693
2024-01-19,18952.65807252,0.00489485,-0.00283975
2024-01-22,18965.70011042,0.00068814,-0.00215357
2024-01-23,19004.13682989,0.00202664,-0.00013129
2024-01-24,18979.78210698,-0.00128155,-0.00141267
2024-01-25,19027.47900061,0.00251304,0.00000000
2024-01-26,19006.08003777,-0.00112463,-0.00112463
2024-01-29,19084.77460157,0.00414049,0.00000000
2024-01-30,19107.94496042,0.00121408,0.00000000
2024-01-31,19026.67866305,-0.00425301,-0.00425301
2024-02-01,19115.30181133,0.00465784,0.00000000
2024-02-02,19128.08948050,0.00066898,0.00000000
2024-02-05,19110.88563637,-0.00089940,-0.00089940
2024-02-06,19143.02672429,0.00168182,0.00000000
2024-02-07,19173.84164249,0.00160972,0.00000000
2024-02-08,19180.20668261,0.00033196,0.00000000
2024-02-09,19187.82171200,0.00039703,0.00000000
2024-02-12,19192.46596765,0.00024204,0.00000000
2024-02-13,18998.47252166,-0.01010779,-0.01010779
2024-02-14,19039.47213596,0.00215805,-0.00797156
2024-02-15,19114.83249570,0.00395811,-0.00404500
2024-02-16,19146.62377945,0.00166317,-0.00238855
2024-02-20,19121.45264726,-0.00131465,-0.00370006
2024-02-21,19110.32545113,-0.00058192,-0.00427983
2024-02-22,19238.56500125,0.00671048,0.00000000
2024-02-23,19284.81245260,0.00240389,0.00000000
2024-02-26,19264.68013201,-0.00104395,-0.00104395
2024-02-27,19251.07159442,-0.00070640,-0.00174961
2024-02-28,19263.07610302,0.00062358,-0.00112712
2024-02-29,19324.92096344,0.00321054,0.00000000
2024-03-01,19540.00196951,0.01112972,0.00000000
2024-03-04,19660.60042322,0.00617188,0.00000000
2024-03-05,19609.01198319,-0.00262395,-0.00262395
2024-03-06,19712.59061138,0.00528220,0.00000000
2024-03-07,19815.17314107,0.00520391,0.00000000
2024-03-08,19828.34140050,0.00066455,0.00000000
2024-03-11,19817.69388016,-0.00053698,-0.00053698
2024-03-12,19827.99293889,0.00051969,-0.00001757
2024-03-13,19861.78080683,0.00170405,0.00000000
2024-03-14,19825.74473500,-0.00181434,-0.00181434
2024-03-15,19743.29949116,-0.00415849,-0.00596529
2024-03-18,19801.75973004,0.00296102,-0.00302194
2024-03-19,19812.80531744,0.00055781,-0.00246582
2024-03-20,19945.63410192,0.00670419,0.00000000
2024-03-21,20024.74547095,0.00396635,0.00000000
2024-03-22,19962.79845632,-0.00309352,-0.00309352
2024-03-25,19952.82134870,-0.00049979,-0.00359176
2024-03-26,19983.57999357,0.00154157,-0.00205573
2024-03-27,20050.47413545,0.00334746,0.00000000
2024-03-28,20163.46994798,0.00563557,0.00000000
2024-04-02,20332.38992908,0.00837753,0.00000000
2024-04-03,20419.46554300,0.00428261,0.00000000
2024-04-04,20342.01016848,-0.00379321,-0.00379321
2024-04-05,20483.29615997,0.00694553,0.00000000
2024-04-08,20542.60703373,0.00289557,0.00000000
2024-04-09,20572.17129968,0.00143917,0.00000000
2024-04-10,20473.87057661,-0.00477833,-0.00477833
2024-04-11,20695.68132975,0.01083385,0.00000000
2024-04-12,20558.60921542,-0.00662322,-0.00662322
2024-04-15,20659.64564975,0.00491456,-0.00174122
2024-04-16,20607.89861803,-0.00250474,-0.00424160
2024-04-17,20486.93473034,-0.00586978,-0.01008648
2024-04-18,20503.44733250,0.00080601,-0.00928860
2024-04-19,20462.07311839,-0.00201792,-0.01128778
2024-04-22,20292.75929101,-0.00827452,-0.01946889
2024-04-23,20335.77420330,0.00211972,-0.01739045
2024-04-24,20338.62565750,0.00014022,-0.01725267
2024-04-25,20320.58710220,-0.00088691,-0.01812428
2024-04-26,20451.67942707,0.00645121,-0.01178999
2024-04-29,20429.69134376,-0.00107512,-0.01285244
2024-04-30,20192.48275951,-0.01161097,-0.02431418
2024-05-01,20209.40432911,0.00083801,-0.02349654
2024-05-02,20232.44135597,0.00113992,-0.02238341
2024-05-03,20329.10595967,0.00477770,-0.01771265
2024-05-07,20451.51623246,0.00602143,-0.01179788
2024-05-08,20448.32490627,-0.00015604,-0.01195208
2024-05-09,20573.09550829,0.00610175,-0.00592326
2024-05-10,20647.99963951,0.00364088,-0.00230394
2024-05-13,20570.70930188,-0.00374324,-0.00603856
2024-05-14,20642.59093369,0.00349437,-0.00256529
2024-05-15,20804.08098260,0.00782315,0.00000000
2024-05-16,20790.92288209,-0.00063248,-0.00063248
2024-05-17,20875.46282208,0.00406619,0.00000000
2024-05-20,20952.31789819,0.00368160,0.00000000
2024-05-21,20928.59334970,-0.00113231,-0.00113231
2024-05-22,20792.31197123,-0.00651173,-0.00763667
2024-05-23,20631.75304144,-0.00772203,-0.01529973
2024-05-24,20642.23876411,0.00050823,-0.01479928
2024-05-28,20711.00367239,0.00333127,-0.01151730
2024-05-29,20613.90587497,-0.00468822,-0.01615153
2024-05-30,20567.41602226,-0.00225527,-0.01837037
2024-05-31,20512.16043400,-0.00268656,-0.02100758
2024-06-03,20607.95850988,0.00467031,-0.01643538
2024-06-04,20525.51264182,-0.00400068,-0.02037031
2024-06-05,20744.99448756,0.01069312,-0.00989501
2024-06-06,20825.12863626,0.00386282,-0.00607041
2024-06-07,20589.88884050,-0.01129596,-0.01729780
2024-06-10,20644.48737250,0.00265172,-0.01469196
2024-06-11,20685.87307756,0.00200469,-0.01271672
2024-06-12,20805.92880380,0.00580375,-0.00698677
2024-06-13,20744.94795147,-0.00293094,-0.00989723
2024-06-14,20870.86013648,0.00606953,-0.00388777
2024-06-17,20879.52293372,0.00041507,-0.00347432
2024-06-18,20967.62989345,0.00421978,0.00000000
2024-06-20,21075.72439881,0.00515530,0.00000000
2024-06-21,20931.67419395,-0.00683489,-0.00683489
2024-06-24,20923.39485169,-0.00039554,-0.00722773
2024-06-25,20909.40997525,-0.00066838,-0.00789128
2024-06-26,20852.58324478,-0.00271776,-0.01058759
2024-06-27,20938.52164418,0.00412124,-0.00650999
2024-06-28,20980.48090542,0.00200393,-0.00451911
2024-07-01,20977.70626720,-0.00013225,-0.00465076
2024-07-02,20983.79791508,0.00029039,-0.00436172
2024-07-03,21110.65544402,0.00604550,0.00000000
2024-07-05,21230.40311905,0.00567238,0.00000000
2024-07-08,21160.32661282,-0.00330076,-0.00330076
2024-07-09,21188.49984971,0.00133142,-0.00197374
2024-07-10,21256.05212568,0.00318816,0.00000000
2024-07-11,21308.47612393,0.00246631,0.00000000
2024-07-12,21347.28456123,0.00182127,0.00000000
2024-07-15,21383.26900078,0.00168567,0.00000000
2024-07-16,21533.46533782,0.00702401,0.00000000
2024-07-17,21341.74757352,-0.00890325,-0.00890325
2024-07-18,21254.32344696,-0.00409639,-0.01296317
2024-07-19,21057.00380852,-0.00928374,-0.02212656
2024-07-22,21136.72149446,0.00378580,-0.01842452
2024-07-23,21213.16131354,0.00361645,-0.01487471
2024-07-24,20963.20265080,-0.01178319,-0.02648262
2024-07-25,20814.80172694,-0.00707912,-0.03337427
2024-07-26,20942.77860207,0.00614836,-0.02743110
2024-07-29,20931.25087231,-0.00055044,-0.02796644
2024-07-30,20958.46160641,0.00130001,-0.02670280
2024-07-31,21294.32923645,0.01602540,-0.01110532
2024-08-01,21135.90419527,-0.00743978,-0.01846248
2024-08-02,20825.08754606,-0.01470562,-0.03289660
2024-08-05,20576.58534449,-0.01193283,-0.04443688
2024-08-06,20632.17753192,0.00270172,-0.04185521
2024-08-07,20698.59882272,0.00321931,-0.03877065
2024-08-08,20832.12294285,0.00645088,-0.03256988
2024-08-09,20873.14019117,0.00196894,-0.03066507
2024-08-12,21005.51626520,0.00634193,-0.02451761
2024-08-13,21108.86700169,0.00492017,-0.01971807
2024-08-14,21133.17410772,0.00115151,-0.01858926
2024-08-15,21304.02114110,0.00808431,-0.01065524
2024-08-16,21431.37591744,0.00597797,-0.00474097
2024-08-19,21478.31398726,0.00219016,-0.00256119
2024-08-20,21479.48982277,0.00005475,-0.00250659
2024-08-21,21486.19016640,0.00031194,-0.00219543
2024-08-22,21351.55124206,-0.00626630,-0.00844797
2024-08-23,21436.83778818,0.00399440,-0.00448732
2024-08-27,21432.63286864,-0.00019615,-0.00468259
2024-08-28,21353.07983665,-0.00371177,-0.00837698
2024-08-29,21447.66983179,0.00442981,-0.00398429
2024-08-30,21407.91530058,-0.00185356,-0.00583046
2024-09-03,21276.15281259,-0.00615485,-0.01194942
2024-09-04,21177.77084381,-0.00462405,-0.01651822
2024-09-05,21171.86965727,-0.00027865,-0.01679227
2024-09-06,20984.02014553,-0.00887260,-0.02551587
2024-09-09,21136.93549746,0.00728723,-0.01841459
2024-09-10,21202.93312963,0.00312238,-0.01534970
2024-09-11,21229.69387648,0.00126212,-0.01410695
2024-09-12,21485.34593915,0.01204219,-0.00223463
2024-09-13,21612.13164006,0.00590103,0.00000000
2024-09-16,21558.46412073,-0.00248321,-0.00248321
2024-09-17,21591.71421243,0.00154232,-0.00094472
2024-09-18,21462.65442835,-0.00597728,-0.00691636
2024-09-19,21702.98450583,0.01119759,0.00000000
2024-09-20,21718.32941474,0.00070704,0.00000000
2024-09-23,21729.52064696,0.00051529,0.00000000
2024-09-24,21834.69163289,0.00484000,0.00000000
2024-09-25,21854.62693792,0.00091301,0.00000000
2024-09-26,21908.46550416,0.00246349,0.00000000
2024-09-27,21871.19563373,-0.00170116,-0.00170116
2024-09-30,21788.37401426,-0.00378679,-0.00548151
2024-10-01,21841.42156083,0.00243467,-0.00306018
2024-10-02,21874.01156183,0.00149212,-0.00157263
2024-10-03,21908.22089724,0.00156393,-0.00001116
2024-10-04,21935.79759973,0.00125874,0.00000000
2024-10-07,21909.30858224,-0.00120757,-0.00120757
2024-10-08,21901.96579604,-0.00033514,-0.00154231
2024-10-09,21920.87534076,0.00086337,-0.00068027
2024-10-10,21987.81650463,0.00305376,0.00000000
2024-10-11,22089.36524388,0.00461841,0.00000000
2024-10-14,22142.80871401,0.00241942,0.00000000
2024-10-15,22080.73823331,-0.00280319,-0.00280319
2024-10-16,22141.76366682,0.00276374,-0.00004720
2024-10-17,22219.06438881,0.00349117,0.00000000
2024-10-18,22310.41161676,0.00411121,0.00000000
2024-10-21,22318.85032697,0.00037824,0.00000000
2024-10-22,22402.63210809,0.00375386,0.00000000
2024-10-23,22243.75758467,-0.00709178,-0.00709178
2024-10-24,22312.73722322,0.00310108,-0.00401269
2024-10-25,22364.10033682,0.00230196,-0.00171997
2024-10-28,22358.32766164,-0.00025812,-0.00197764
2024-10-29,22486.38724848,0.00572760,0.00000000
2024-10-30,22480.11254522,-0.00027904,-0.00027904
2024-10-31,22226.47789795,-0.01128262,-0.01155852
2024-11-01,22220.46315717,-0.00027061,-0.01182600
2024-11-04,22213.27751316,-0.00032338,-0.01214556
2024-11-05,22264.02858712,0.00228472,-0.00988859
2024-11-06,22208.03788156,-0.00251485,-0.01237857
2024-11-07,22360.65362499,0.00687209,-0.00559154
2024-11-08,22334.95508317,-0.00114928,-0.00673439
2024-11-11,22206.20479211,-0.00576452,-0.01246009
2024-11-12,22164.19204889,-0.00189194,-0.01432846
2024-11-13,22107.68027782,-0.00254969,-0.01684161
2024-11-14,22086.12435541,-0.00097504,-0.01780023
2024-11-15,21994.41735218,-0.00415225,-0.02187857
2024-11-18,22126.09379318,0.00598681,-0.01602274
2024-11-19,22190.68522653,0.00291924,-0.01315027
2024-11-20,22215.61745883,0.00112354,-0.01204150
2024-11-21,22335.11595811,0.00537903,-0.00672724
2024-11-22,22451.93995243,0.00523051,-0.00153192
2024-11-25,22279.10882520,-0.00769783,-0.00921795
2024-11-26,22305.22623835,0.00117228,-0.00805647
2024-11-27,22253.53839606,-0.00231730,-0.01035510
2024-11-29,22348.68065443,0.00427538,-0.00612400
2024-12-02,22339.31944784,-0.00041887,-0.00654030
2024-12-03,22365.27024824,0.00116166,-0.00538624
2024-12-04,22444.59159118,0.00354663,-0.00185871
2024-12-05,22375.53157834,-0.00307691,-0.00492990
2024-12-06,22394.19504109,0.00083410,-0.00409991
2024-12-09,22429.95529267,0.00159685,-0.00250961
2024-12-10,22481.33745150,0.00229078,-0.00022457
2024-12-11,22610.80643231,0.00575895,0.00000000
2024-12-12,22494.60286543,-0.00513929,-0.00513929
2024-12-13,22421.64832073,-0.00324320,-0.00836583
2024-12-16,22456.76290653,0.00156610,-0.00681283
2024-12-17,22400.80629351,-0.00249175,-0.00928760
2024-12-18,22164.03150760,-0.01056992,-0.01975935
2024-12-19,22128.00642030,-0.00162539,-0.02135262
2024-12-20,22260.88271110,0.00600489,-0.01547595
2024-12-23,22263.13859448,0.00010134,-0.01537618
2024-12-24,22330.78961268,0.00303870,-0.01238420
2024-12-27,22285.60228217,-0.00202354,-0.01438269
2024-12-30,22211.49822645,-0.00332520,-0.01766006
2024-12-31,22242.16355054,0.00138061,-0.01630384
2025-01-02,22371.15684011,0.00579949,-0.01059890
2025-01-03,22350.52685233,-0.00092217,-0.01151129
2025-01-06,22395.90503230,0.00203030,-0.00950437
2025-01-07,22364.20373208,-0.00141550,-0.01090641
2025-01-08,22416.32164873,0.00233042,-0.00860141
2025-01-10,22424.61605045,0.00037002,-0.00823458
2025-01-13,22340.67710516,-0.00374316,-0.01194691
2025-01-14,22395.32258571,0.00244601,-0.00953013
2025-01-15,22524.30100004,0.00575917,-0.00382584
2025-01-16,22565.09810736,0.00181125,-0.00202153
2025-01-17,22610.87283513,0.00202856,0.00000000
2025-01-21,22707.38179508,0.00426825,0.00000000
2025-01-22,22818.83060550,0.00490804,0.00000000
2025-01-23,22811.12105493,-0.00033786,-0.00033786
2025-01-24,22809.90146164,-0.00005346,-0.00039131
2025-01-27,22582.28740576,-0.00997874,-0.01036614
2025-01-28,22719.04992824,0.00605619,-0.00437273
2025-01-29,22690.35441508,-0.00126306,-0.00563027
2025-01-30,22791.42256730,0.00445423,-0.00120111
2025-01-31,22827.81730404,0.00159686,0.00000000
2025-02-03,22781.43415755,-0.00203187,-0.00203187
2025-02-04,22910.92022451,0.00568384,0.00000000
2025-02-05,22994.32297645,0.00364031,0.00000000
2025-02-06,23103.90825234,0.00476575,0.00000000
2025-02-07,23057.78324836,-0.00199642,-0.00199642
2025-02-10,23263.52782636,0.00892300,0.00000000
2025-02-11,23227.19500900,-0.00156179,-0.00156179
2025-02-12,23185.09135125,-0.00181269,-0.00337165
2025-02-13,23330.97191956,0.00629200,0.00000000
2025-02-14,23230.09161252,-0.00432388,-0.00432388
2025-02-18,23386.92327478,0.00675123,0.00000000
2025-02-19,23406.93129471,0.00085552,0.00000000
2025-02-20,23327.06277897,-0.00341217,-0.00341217
2025-02-21,23195.08672136,-0.00565764,-0.00905051
2025-02-24,23092.18157917,-0.00443651,-0.01344686
2025-02-25,22844.27633741,-0.01073546,-0.02403796
2025-02-26,22981.85085495,0.00602228,-0.01816045
2025-02-27,22712.77036688,-0.01170839,-0.02965621
2025-02-28,22663.88869099,-0.00215217,-0.03174455
2025-03-03,22646.12468088,-0.00078380,-0.03250348
2025-03-04,22439.06585844,-0.00914323,-0.04134952
2025-03-05,22453.92627956,0.00066226,-0.04071465
2025-03-06,22415.98622673,-0.00168968,-0.04233554
2025-03-07,22296.92759393,-0.00531133,-0.04742201
2025-03-10,22106.13419952,-0.00855694,-0.05557316
2025-03-11,22038.81468915,-0.00304529,-0.05844921
2025-03-12,22148.03491807,0.00495581,-0.05378306
2025-03-13,22145.85226774,-0.00009855,-0.05387631
2025-03-14,22333.22850917,0.00846101,-0.04587115
2025-03-17,22403.74678989,0.00315755,-0.04285844
2025-03-18,22425.33810919,0.00096374,-0.04193600
2025-03-19,22535.89156450,0.00492985,-0.03721290
2025-03-20,22518.89216867,-0.00075433,-0.03793915
2025-03-21,22464.42945393,-0.00241853,-0.04026593
2025-03-24,22592.80756803,0.00571473,-0.03478131
2025-03-25,22630.70314830,0.00167733,-0.03316232
2025-03-26,22562.19714434,-0.00302713,-0.03608906
2025-03-27,22559.35900838,-0.00012579,-0.03621031
2025-03-28,22433.70226348,-0.00557005,-0.04157867
2025-03-31,22475.36041114,0.00185694,-0.03979893
2025-04-01,22574.61453023,0.00441613,-0.03555856
2025-04-02,22599.65251152,0.00110912,-0.03448888
2025-04-03,22009.02008769,-0.02613458,-0.05972210
2025-04-04,21380.58199164,-0.02855366,-0.08657048
2025-04-07,21083.91950593,-0.01387532,-0.09924461
2025-04-08,21352.15769120,0.01272241,-0.08778484
2025-04-09,21470.02411828,0.00552012,-0.08274930
2025-04-10,21872.59428837,0.01875034,-0.06555054
2025-04-11,21990.65439484,0.00539763,-0.06050673
2025-04-14,22159.56102941,0.00768084,-0.05329064
2025-04-15,22212.88312305,0.00240628,-0.05101259
2025-04-16,22298.63787793,0.00386059,-0.04734894
2025-04-17,22158.46572672,-0.00628613,-0.05333743
2025-04-22,22193.00042851,0.00155853,-0.05186203
2025-04-23,22340.16831982,0.00663128,-0.04557466
2025-04-24,22556.70719791,0.00969280,-0.03632360
2025-04-25,22556.63792792,-0.00000307,-0.03632656
2025-04-28,22621.47999925,0.00287463,-0.03355635
2025-04-29,22612.95898791,-0.00037668,-0.03392039
2025-04-30,22592.62881226,-0.00089905,-0.03478895
2025-05-01,22697.40875673,0.00463779,-0.03031250
2025-05-02,22769.95171393,0.00319609,-0.02721329
2025-05-06,23153.88877058,0.01686157,-0.01081058
2025-05-07,23045.63596044,-0.00467536,-0.01543540
2025-05-08,22956.53222770,-0.00386640,-0.01924212
2025-05-09,23004.89021759,0.00210650,-0.01717615
2025-05-12,22975.40942925,-0.00128150,-0.01843564
2025-05-13,23084.74621656,0.00475886,-0.01376452
2025-05-14,22933.00523574,-0.00657321,-0.02024725
2025-05-15,23063.48553970,0.00568963,-0.01467282
2025-05-16,23004.77436649,-0.00254563,-0.01718110
2025-05-19,23079.57703876,0.00325162,-0.01398536
2025-05-20,23223.77618222,0.00624791,-0.00782482
2025-05-21,23217.48210720,-0.00027102,-0.00809372
2025-05-22,23110.94376871,-0.00458871,-0.01264529
2025-05-23,23214.34042010,0.00447393,-0.00822794
2025-05-27,23192.23818868,-0.00095209,-0.00917220
2025-05-28,23171.86020140,-0.00087866,-0.01004280
2025-05-29,23218.72043639,0.00202229,-0.00804082
2025-05-30,23167.96152918,-0.00218612,-0.01020936
2025-06-02,23374.07910095,0.00889666,-0.00140352
2025-06-03,23378.19714173,0.00017618,-0.00122759
2025-06-04,23432.02546769,0.00230250,0.00000000
2025-06-05,23388.48001850,-0.00185837,-0.00185837
2025-06-06,23325.54174125,-0.00269099,-0.00454437
2025-06-09,23369.13265874,0.00186881,-0.00268405
2025-06-10,23398.74198698,0.00126703,-0.00142043
2025-06-11,23447.90754690,0.00210121,0.00000000
2025-06-12,23547.49208936,0.00424705,0.00000000
2025-06-13,23604.85775502,0.00243617,0.00000000
2025-06-16,23544.90054302,-0.00254004,-0.00254004
2025-06-17,23527.24677160,-0.00074979,-0.00328792
2025-06-18,23500.56436892,-0.00113411,-0.00441830
2025-06-20,23466.73799782,-0.00143939,-0.00585133
2025-06-23,23511.86387358,0.00192297,-0.00393961
2025-06-24,23458.63936722,-0.00226373,-0.00619442
2025-06-25,23498.74684181,0.00170971,-0.00449530
2025-06-26,23504.50219640,0.00024492,-0.00425148
2025-06-27,23403.47065898,-0.00429839,-0.00853160
2025-06-30,23518.46598860,0.00491360,-0.00365991
2025-07-01,23566.41633288,0.00203884,-0.00162854
2025-07-02,23728.05264758,0.00685876,0.00000000
2025-07-03,23807.33056688,0.00334111,0.00000000
2025-07-07,23730.98721879,-0.00320672,-0.00320672
2025-07-08,23720.35710966,-0.00044794,-0.00365322
2025-07-09,23802.08312690,0.00344540,-0.00022041
2025-07-10,23822.21662488,0.00084587,0.00000000
2025-07-11,23851.35861909,0.00122331,0.00000000
2025-07-14,23841.65166620,-0.00040698,-0.00040698
2025-07-15,23895.64887022,0.00226483,0.00000000
2025-07-16,23896.16091057,0.00002143,0.00000000
2025-07-17,24015.50595370,0.00499432,0.00000000
2025-07-18,24027.84110879,0.00051363,0.00000000
2025-07-21,24141.14473432,0.00471551,0.00000000
2025-07-22,24110.95144235,-0.00125070,-0.00125070
2025-07-23,24093.03562276,-0.00074306,-0.00199283
2025-07-24,24125.20618613,0.00133526,-0.00066022
2025-07-25,24110.17988853,-0.00062285,-0.00128266
2025-07-28,24137.47186030,0.00113197,-0.00015214
2025-07-29,24160.76735896,0.00096512,0.00000000
2025-07-30,24088.15374448,-0.00300543,-0.00300543
2025-07-31,24086.59114373,-0.00006487,-0.00307011
2025-08-01,23946.51376075,-0.00581558,-0.00886783
2025-08-04,24180.09047022,0.00975410,0.00000000
2025-08-05,24116.24168455,-0.00264055,-0.00264055
2025-08-06,24202.69133532,0.00358471,0.00000000
2025-08-07,24238.87918716,0.00149520,0.00000000
2025-08-08,24322.77705933,0.00346129,0.00000000
2025-08-11,24211.08622916,-0.00459203,-0.00459203
2025-08-12,24303.51714819,0.00381771,-0.00079185
2025-08-13,24327.01197977,0.00096673,0.00000000
2025-08-14,24280.95394988,-0.00189329,-0.00189329
2025-08-15,24237.68149800,-0.00178216,-0.00367207
2025-08-18,24253.45461562,0.00065077,-0.00302369
2025-08-19,24107.95016771,-0.00599933,-0.00900488
2025-08-20,24108.52273487,0.00002375,-0.00898134
2025-08-21,24081.23685951,-0.00113179,-0.01010297
2025-08-22,24274.14077403,0.00801055,-0.00217335
2025-08-26,24292.97243652,0.00077579,-0.00139925
2025-08-27,24372.07966705,0.00325638,0.00000000
2025-08-28,24463.48690516,0.00375049,0.00000000
2025-08-29,24402.12217748,-0.00250842,-0.00250842
2025-09-02,24475.09357172,0.00299037,0.00000000
2025-09-03,24593.07708542,0.00482055,0.00000000
2025-09-04,24638.49914631,0.00184695,0.00000000
2025-09-05,24695.32353706,0.00230633,0.00000000
2025-09-08,24859.93548846,0.00666571,0.00000000
2025-09-09,24853.37801500,-0.00026378,-0.00026378
2025-09-10,25020.57768941,0.00672744,0.00000000
2025-09-11,25072.76495247,0.00208577,0.00000000
2025-09-12,25084.73701940,0.00047749,0.00000000
2025-09-15,25229.46481925,0.00576956,0.00000000
2025-09-16,25188.99345708,-0.00160413,-0.00160413
2025-09-17,25103.18491686,-0.00340659,-0.00500525
2025-09-18,25276.43210425,0.00690140,0.00000000
2025-09-19,25441.40115893,0.00652660,0.00000000
2025-09-22,25684.90809117,0.00957129,0.00000000
2025-09-23,25665.41019394,-0.00075912,-0.00075912
2025-09-24,25549.67476060,-0.00450939,-0.00526509
2025-09-25,25572.64133138,0.00089890,-0.00437092
2025-09-26,25622.37613792,0.00194484,-0.00243458
2025-09-29,25806.83648619,0.00719919,0.00000000
2025-09-30,25888.71928087,0.00317291,0.00000000
2025-10-01,26000.18338924,0.00430551,0.00000000
2025-10-02,26059.61596635,0.00228585,0.00000000
2025-10-03,26081.02842013,0.00082167,0.00000000
2025-10-06,26311.62586126,0.00884158,0.00000000
2025-10-07,26271.99378859,-0.00150626,-0.00150626
2025-10-08,26585.88067334,0.01194759,0.00000000
2025-10-09,26457.89228650,-0.00481415,-0.00481415
2025-10-10,26042.93009086,-0.01568387,-0.02042252
2025-10-13,26463.84052485,0.01616218,-0.00459041
2025-10-14,26395.64731073,-0.00257684,-0.00715543
2025-10-15,26623.03466367,0.00861458,0.00000000
2025-10-16,26791.81939711,0.00633980,0.00000000
2025-10-17,26630.83093713,-0.00600887,-0.00600887
2025-10-20,27076.42433934,0.01673224,0.00000000
2025-10-21,26621.09828832,-0.01681633,-0.01681633
2025-10-22,26496.45598198,-0.00468209,-0.02141968
2025-10-23,26677.92645367,0.00684886,-0.01471752
2025-10-24,28449.84205985,0.06641879,0.00000000
2025-10-27,26874.68253308,-0.05536620,-0.05536620
2025-10-28,26962.69801121,0.00327503,-0.05227249
2025-10-29,27037.53677051,0.00277564,-0.04964194
2025-10-30,27044.81164859,0.00026907,-0.04938623
2025-10-31,27006.28558815,-0.00142453,-0.05074040
2025-11-03,27063.30764374,0.00211144,-0.04873610
2025-11-04,26663.68604862,-0.01476618,-0.06278263
2025-11-05,26789.17366333,0.00470631,-0.05837180
2025-11-06,26518.90743909,-0.01008864,-0.06787154
2025-11-07,26467.60768992,-0.00193446,-0.06967471
2025-11-10,27002.05958300,0.02019268,-0.05088895
2025-11-11,26976.11966301,-0.00096066,-0.05180072
2025-11-12,27168.83765928,0.00714402,-0.04502677
2025-11-13,26795.88148722,-0.01372735,-0.05813602
2025-11-14,26700.50725298,-0.00355929,-0.06148838
2025-11-17,26430.70236363,-0.01010486,-0.07097191
2025-11-18,26273.11750265,-0.00596219,-0.07651095
2025-11-19,26367.40454103,0.00358873,-0.07319680
2025-11-20,26090.02207188,-0.01051990,-0.08294668
2025-11-21,26048.67690162,-0.00158471,-0.08439995
2025-11-24,26453.99482996,0.01556002,-0.07015319
2025-11-25,26479.17049938,0.00095168,-0.06926828
2025-11-26,26703.56600552,0.00847442,-0.06138087
2025-11-28,26892.03082149,0.00705766,-0.05475641
2025-12-01,26934.41709882,0.00157616,-0.05326655
2025-12-02,27002.53952311,0.00252920,-0.05087208
2025-12-03,26998.56852046,-0.00014706,-0.05101166
2025-12-04,27046.89521171,0.00178997,-0.04931299
2025-12-05,27128.27106985,0.00300869,-0.04645267
2025-12-08,27180.38021023,0.00192084,-0.04462105
2025-12-09,27255.28855722,0.00275597,-0.04198805
2025-12-10,27325.98282618,0.00259378,-0.03950318
2025-12-11,27344.59492461,0.00068111,-0.03884897
2025-12-12,27065.92008461,-0.01019122,-0.04864428
2025-12-15,26975.94140796,-0.00332443,-0.05180699
2025-12-16,26960.63072440,-0.00056757,-0.05234515
2025-12-17,26778.39381201,-0.00675937,-0.05875070
2025-12-18,26960.19614171,0.00678914,-0.05236043
2025-12-19,27211.27138332,0.00931281,-0.04353524
2025-12-22,27439.18806958,0.00837582,-0.03552406
2025-12-23,27602.47709411,0.00595094,-0.02978452
2025-12-24,27596.23611689,-0.00022610,-0.03000389
2025-12-29,27315.98246779,-0.01015550,-0.03985469
2025-12-30,27305.55493157,-0.00038174,-0.04022121
2025-12-31,27143.44736397,-0.00593680,-0.04591922
2026-01-02,27185.18903191,0.00153782,-0.04445202
2026-01-05,27437.63573327,0.00928619,-0.03557863
2026-01-06,27667.02475884,0.00836038,-0.02751570
2026-01-07,27607.04920682,-0.00216776,-0.02962381
2026-01-08,27491.28073043,-0.00419344,-0.03369303
2026-01-09,27711.63036865,0.00801526,-0.02594783
2026-01-12,27894.15177188,0.00658645,-0.01953228
2026-01-13,27867.56094668,-0.00095328,-0.02046694
2026-01-14,27800.60230030,-0.00240275,-0.02282050
2026-01-15,27856.10246803,0.00199637,-0.02086970
2026-01-16,27819.27123477,-0.00132220,-0.02216430
2026-01-20,27788.96437774,-0.00108942,-0.02322957
2026-01-21,28043.29910041,0.00915236,-0.01428981
2026-01-22,28291.90239301,0.00886498,-0.00555151
2026-01-23,28389.02484875,0.00343287,-0.00213770
2026-01-26,28570.09965281,0.00637834,0.00000000
2026-01-27,28915.66045936,0.01209519,0.00000000
2026-01-28,29321.84211063,0.01404712,0.00000000
2026-01-29,29157.46724535,-0.00560588,-0.00560588
2026-01-30,28051.59176975,-0.03792769,-0.04332096
2026-02-02,27858.04498251,-0.00689967,-0.04992173
2026-02-03,28117.31361454,0.00930678,-0.04107956
2026-02-04,27913.85652506,-0.00723601,-0.04801832
2026-02-05,27582.39201827,-0.01187455,-0.05932267
2026-02-06,28113.47722089,0.01925450,-0.04121040
2026-02-09,28460.76049968,0.01235291,-0.02936656
2026-02-10,28360.42958774,-0.00352524,-0.03278827
2026-02-11,28462.44506510,0.00359711,-0.02930911
2026-02-12,27963.08088305,-0.01754467,-0.04633956
2026-02-13,28163.49370264,0.00716705,-0.03950463
2026-02-17,27941.59221949,-0.00787905,-0.04707241
2026-02-18,28225.25616305,0.01015203,-0.03739826
2026-02-19,28223.59996617,-0.00005868,-0.03745475
2026-02-20,28414.90889324,0.00677833,-0.03093029
2026-02-23,28481.14611411,0.00233107,-0.02867132
2026-02-24,28464.20893378,-0.00059468,-0.02924895
2026-02-25,28621.84762944,0.00553814,-0.02387280
2026-02-26,28587.49890076,-0.00120009,-0.02504424
2026-02-27,28596.21837985,0.00030501,-0.02474687
2026-03-02,28729.56250020,0.00466300,-0.02019926
2026-03-03,28182.24035674,-0.01905083,-0.03886529
2026-03-04,28469.90324623,0.01020724,-0.02905475
2026-03-05,28385.29463692,-0.00297186,-0.03194027
2026-03-09,28354.54741645,-0.00108321,-0.03298888
2026-03-10,28493.22260542,0.00489076,-0.02825946
2026-03-11,28496.12895102,0.00010200,-0.02816034
2026-03-12,28132.94829419,-0.01274491,-0.04054635
2026-03-13,27961.87369689,-0.00608093,-0.04638073
2026-03-16,28123.16086981,0.00576811,-0.04088015
2026-03-17,28176.95764820,0.00191290,-0.03904545
2026-03-18,27811.88200150,-0.01295653,-0.05149609
2026-03-19,27503.30712041,-0.01109507,-0.06201981
2026-03-20,27044.04556429,-0.01669841,-0.07768259
2026-03-23,27053.68641485,0.00035649,-0.07735379
2026-03-24,26994.83518066,-0.00217535,-0.07936087
2026-03-25,27256.18816653,0.00968159,-0.07044762
2026-03-26,26645.25115214,-0.02241462,-0.09128318
2026-03-27,26599.56663643,-0.00171455,-0.09284122
2026-03-30,26437.71163004,-0.00608487,-0.09836116
2026-03-31,27117.39983642,0.02570904,-0.07518089
2026-04-01,27470.71183956,0.01302898,-0.06313145
2026-04-02,27409.77492454,-0.00221825,-0.06520965
2026-04-07,27496.95775017,0.00318072,-0.06223635
2026-04-08,27868.65630314,0.01351781,-0.04955984
2026-04-09,27954.57975592,0.00308316,-0.04662948
2026-04-10,27985.84475564,0.00111842,-0.04556321
2026-04-13,28107.23168387,0.00433744,-0.04142340
2026-04-14,28426.31259811,0.01135227,-0.03054138
2026-04-15,28499.49736570,0.00257454,-0.02804547
2026-04-16,28618.46443580,0.00417436,-0.02398818
2026-04-17,28893.23303017,0.00960109,-0.01461740
2026-04-20,28825.93360174,-0.00232925,-0.01691260
2026-04-21,28639.17472654,-0.00647885,-0.02328187
2026-04-22,28908.23947681,0.00939499,-0.01410562
2026-04-23,28746.15866762,-0.00560673,-0.01963326
2026-04-24,28988.35737602,0.00842543,-0.01137325
2026-04-27,28944.66571954,-0.00150721,-0.01286333
2026-04-28,28676.88898983,-0.00925133,-0.02199565
2026-04-29,28676.77680029,-0.00000391,-0.02199948
2026-04-30,28805.00963830,0.00447166,-0.01762619
2026-05-01,28960.68619905,0.00540450,-0.01231696
2026-05-05,29066.68722038,0.00366017,-0.00870187
2026-05-06,29593.79380796,0.01813439,0.00000000
2026-05-07,29596.10325736,0.00007804,0.00000000
2026-05-08,29878.26086980,0.00953361,0.00000000
2026-05-11,30022.11142234,0.00481456,0.00000000
2026-05-12,29860.55005206,-0.00538141,-0.00538141
2026-05-13,29985.11585242,0.00417158,-0.00123228
2026-05-14,30181.73790190,0.00655732,0.00000000
2026-05-15,29869.92627971,-0.01033114,-0.01033114
2026-05-18,29712.93342606,-0.00525588,-0.01553272
2026-05-19,29509.31935967,-0.00685271,-0.02227899
2026-05-20,29847.27713195,0.01145258,-0.01108156
2026-05-21,29921.39824612,0.00248335,-0.00862573
2026-05-22,30041.68116123,0.00401996,-0.00464045
2026-05-26,30293.09721545,0.00836891,0.00000000
2026-05-27,30176.87390362,-0.00383663,-0.00383663
2026-05-28,30388.78606199,0.00702234,0.00000000
2026-05-29,30657.66826615,0.00884807,0.00000000
2026-06-01,30776.22233838,0.00386703,0.00000000
2026-06-02,30920.65303066,0.00469293,0.00000000
2026-06-03,30747.29184395,-0.00560665,-0.00560665
2026-06-04,30702.82138379,-0.00144632,-0.00704486
2026-06-05,29866.43146127,-0.02724147,-0.03409441
2026-06-08,29997.19641798,0.00437833,-0.02986537
2026-06-09,29583.81781951,-0.01378057,-0.04323438
2026-06-10,29121.88718593,-0.01561430,-0.05817360
2026-06-11,29603.12539998,0.01652497,-0.04260995
2026-06-12,29828.34350708,0.00760792,-0.03532621
2026-06-15,30404.06013653,0.01930099,-0.01670705
2026-06-16,30215.87394390,-0.00618951,-0.02279315
2026-06-17,30046.13485507,-0.00561755,-0.02828266
2026-06-18,30303.35043157,0.00856069,-0.01996409
2026-06-22,30275.08222595,-0.00093284,-0.02087830
2026-06-23,29745.21332835,-0.01750182,-0.03801471
2026-06-24,29562.93837866,-0.00612788,-0.04390964
2026-06-25,29621.00724301,0.00196425,-0.04203164
2026-06-26,29547.35784932,-0.00248639,-0.04441352
2026-06-29,29629.07766850,0.00276572,-0.04177064
2026-06-30,29913.54333708,0.00960090,-0.03257078
