Date;value;daily_return;drawdown
2014-01-02;10000,00000000;;0,00000000
2014-01-03;10000,00000000;0,00000000;0,00000000
2014-01-06;10000,00000000;0,00000000;0,00000000
2014-01-07;10000,00000000;0,00000000;0,00000000
2014-01-08;10000,00000000;0,00000000;0,00000000
2014-01-09;10000,00000000;0,00000000;0,00000000
2014-01-10;10000,00000000;0,00000000;0,00000000
2014-01-13;10000,00000000;0,00000000;0,00000000
2014-01-14;10000,00000000;0,00000000;0,00000000
2014-01-15;10000,00000000;0,00000000;0,00000000
2014-01-16;10000,00000000;0,00000000;0,00000000
2014-01-17;10000,00000000;0,00000000;0,00000000
2014-01-21;10000,00000000;0,00000000;0,00000000
2014-01-22;10000,00000000;0,00000000;0,00000000
2014-01-23;10000,00000000;0,00000000;0,00000000
2014-01-24;10000,00000000;0,00000000;0,00000000
2014-01-27;10000,00000000;0,00000000;0,00000000
2014-01-28;10000,00000000;0,00000000;0,00000000
2014-01-29;10000,00000000;0,00000000;0,00000000
2014-01-30;10000,00000000;0,00000000;0,00000000
2014-01-31;10000,00000000;0,00000000;0,00000000
2014-02-03;10000,00000000;0,00000000;0,00000000
2014-02-04;10000,00000000;0,00000000;0,00000000
2014-02-05;10000,00000000;0,00000000;0,00000000
2014-02-06;10000,00000000;0,00000000;0,00000000
2014-02-07;10000,00000000;0,00000000;0,00000000
2014-02-10;10000,00000000;0,00000000;0,00000000
2014-02-11;10000,00000000;0,00000000;0,00000000
2014-02-12;10000,00000000;0,00000000;0,00000000
2014-02-13;10000,00000000;0,00000000;0,00000000
2014-02-14;10000,00000000;0,00000000;0,00000000
2014-02-18;10000,00000000;0,00000000;0,00000000
2014-02-19;10000,00000000;0,00000000;0,00000000
2014-02-20;10000,00000000;0,00000000;0,00000000
2014-02-21;10000,00000000;0,00000000;0,00000000
2014-02-24;10000,00000000;0,00000000;0,00000000
2014-02-25;10000,00000000;0,00000000;0,00000000
2014-02-26;10000,00000000;0,00000000;0,00000000
2014-02-27;10000,00000000;0,00000000;0,00000000
2014-02-28;10000,00000000;0,00000000;0,00000000
2014-03-03;10000,00000000;0,00000000;0,00000000
2014-03-04;10000,00000000;0,00000000;0,00000000
2014-03-05;10000,00000000;0,00000000;0,00000000
2014-03-06;10000,00000000;0,00000000;0,00000000
2014-03-07;10000,00000000;0,00000000;0,00000000
2014-03-10;10000,00000000;0,00000000;0,00000000
2014-03-11;10000,00000000;0,00000000;0,00000000
2014-03-12;10000,00000000;0,00000000;0,00000000
2014-03-13;10000,00000000;0,00000000;0,00000000
2014-03-14;10000,00000000;0,00000000;0,00000000
2014-03-17;10000,00000000;0,00000000;0,00000000
2014-03-18;10000,00000000;0,00000000;0,00000000
2014-03-19;10000,00000000;0,00000000;0,00000000
2014-03-20;10000,00000000;0,00000000;0,00000000
2014-03-21;10000,00000000;0,00000000;0,00000000
2014-03-24;10000,00000000;0,00000000;0,00000000
2014-03-25;10000,00000000;0,00000000;0,00000000
2014-03-26;10000,00000000;0,00000000;0,00000000
2014-03-27;10000,00000000;0,00000000;0,00000000
2014-03-28;10000,00000000;0,00000000;0,00000000
2014-03-31;10000,00000000;0,00000000;0,00000000
2014-04-01;10000,00000000;0,00000000;0,00000000
2014-04-02;10000,00000000;0,00000000;0,00000000
2014-04-03;10000,00000000;0,00000000;0,00000000
2014-04-04;10000,00000000;0,00000000;0,00000000
2014-04-07;10000,00000000;0,00000000;0,00000000
2014-04-08;10000,00000000;0,00000000;0,00000000
2014-04-09;10000,00000000;0,00000000;0,00000000
2014-04-10;10000,00000000;0,00000000;0,00000000
2014-04-11;10000,00000000;0,00000000;0,00000000
2014-04-14;10000,00000000;0,00000000;0,00000000
2014-04-15;10000,00000000;0,00000000;0,00000000
2014-04-16;10000,00000000;0,00000000;0,00000000
2014-04-17;10000,00000000;0,00000000;0,00000000
2014-04-22;10000,00000000;0,00000000;0,00000000
2014-04-23;10000,00000000;0,00000000;0,00000000
2014-04-24;10000,00000000;0,00000000;0,00000000
2014-04-25;10000,00000000;0,00000000;0,00000000
2014-04-28;10000,00000000;0,00000000;0,00000000
2014-04-29;10000,00000000;0,00000000;0,00000000
2014-04-30;10000,00000000;0,00000000;0,00000000
2014-05-01;10000,00000000;-0,00000000;-0,00000000
2014-05-02;10011,21639522;0,00112164;0,00000000
2014-05-06;9984,92097155;-0,00262660;-0,00262660
2014-05-07;9939,73523047;-0,00452540;-0,00714011
2014-05-08;9990,73401924;0,00513080;-0,00204594
2014-05-09;9981,28720382;-0,00094556;-0,00298957
2014-05-12;10045,35385368;0,00641868;0,00000000
2014-05-13;10067,81920804;0,00223639;0,00000000
2014-05-14;10095,59955445;0,00275932;0,00000000
2014-05-15;10005,80950574;-0,00889398;-0,00889398
2014-05-16;10018,49012691;0,00126733;-0,00763792
2014-05-19;10041,36652604;0,00228342;-0,00537195
2014-05-20;10017,48673027;-0,00237814;-0,00773731
2014-05-21;10022,66088284;0,00051651;-0,00722480
2014-05-22;10062,77828337;0,00400267;-0,00325105
2014-05-23;10085,39317236;0,00224738;-0,00101097
2014-05-27;10088,87359954;0,00034510;-0,00066623
2014-05-28;10099,38545249;0,00104193;0,00000000
2014-05-29;10115,41515121;0,00158720;0,00000000
2014-05-30;10103,24606729;-0,00120302;-0,00120302
2014-06-02;10104,85901717;0,00015965;-0,00104357
2014-06-03;10105,10418435;0,00002426;-0,00101933
2014-06-04;10108,67880959;0,00035374;-0,00066595
2014-06-05;10146,28131549;0,00371982;0,00000000
2014-06-06;10178,14760699;0,00314069;0,00000000
2014-06-09;10193,28032746;0,00148679;0,00000000
2014-06-10;10212,26407810;0,00186238;0,00000000
2014-06-11;10193,17107607;-0,00186961;-0,00186961
2014-06-12;10202,34379330;0,00089989;-0,00097141
2014-06-13;10197,07084065;-0,00051684;-0,00148774
2014-06-16;10176,74909731;-0,00199290;-0,00347768
2014-06-17;10181,66602772;0,00048315;-0,00299621
2014-06-18;10213,04117699;0,00308153;0,00000000
2014-06-19;10332,20120701;0,01166744;0,00000000
2014-06-20;10325,55952965;-0,00064281;-0,00064281
2014-06-23;10336,76600206;0,00108531;0,00000000
2014-06-24;10343,29103289;0,00063124;0,00000000
2014-06-25;10330,62926471;-0,00122415;-0,00122415
2014-06-26;10305,97462766;-0,00238656;-0,00360779
2014-06-27;10326,61749474;0,00200300;-0,00161201
2014-06-30;10358,65297870;0,00310222;0,00000000
2014-07-01;10384,76291081;0,00252059;0,00000000
2014-07-02;10382,61767379;-0,00020658;-0,00020658
2014-07-03;10372,43056553;-0,00098117;-0,00118754
2014-07-07;10364,94478154;-0,00072170;-0,00190839
2014-07-08;10338,03522894;-0,00259621;-0,00449964
2014-07-09;10383,30940202;0,00437938;-0,00013997
2014-07-10;10396,51165095;0,00127149;0,00000000
2014-07-11;10414,50870663;0,00173107;0,00000000
2014-07-14;10327,84314741;-0,00832162;-0,00832162
2014-07-15;10263,57977211;-0,00622234;-0,01449218
2014-07-16;10301,26239921;0,00367149;-0,01087390
2014-07-17;10361,68305414;0,00586536;-0,00507231
2014-07-18;10352,72245025;-0,00086478;-0,00593271
2014-07-21;10351,94521490;-0,00007508;-0,00600734
2014-07-22;10356,63254244;0,00045280;-0,00555726
2014-07-23;10356,53869177;-0,00000906;-0,00556627
2014-07-24;10324,06436440;-0,00313564;-0,00868446
2014-07-25;10363,55842757;0,00382544;-0,00489224
2014-07-28;10357,67881469;-0,00056734;-0,00545680
2014-07-29;10340,94330956;-0,00161576;-0,00706374
2014-07-30;10326,79864315;-0,00136783;-0,00842191
2014-07-31;10215,55178806;-0,01077264;-0,01910382
2014-08-01;10234,49730029;0,00185458;-0,01728468
2014-08-04;10239,51986319;0,00049075;-0,01680241
2014-08-05;10218,86000342;-0,00201766;-0,01878617
2014-08-06;10239,16794711;0,00198730;-0,01683620
2014-08-07;10231,67113877;-0,00073217;-0,01755604
2014-08-08;10244,45014239;0,00124897;-0,01632900
2014-08-11;10273,03493323;0,00279027;-0,01358430
2014-08-12;10261,00644321;-0,00117088;-0,01473927
2014-08-13;10310,30279639;0,00480424;-0,01000584
2014-08-14;10319,64442811;0,00090605;-0,00910886
2014-08-15;10299,82602043;-0,00192045;-0,01101182
2014-08-18;10325,68212315;0,00251034;-0,00852912
2014-08-19;10347,49657969;0,00211264;-0,00643450
2014-08-20;10337,88536518;-0,00092884;-0,00735736
2014-08-21;10338,41890268;0,00005161;-0,00730613
2014-08-22;10340,84525435;0,00023469;-0,00707316
2014-08-26;10362,45778297;0,00209002;-0,00499792
2014-08-27;10358,16799514;-0,00041397;-0,00540983
2014-08-28;10362,15993884;0,00038539;-0,00502652
2014-08-29;10367,99056782;0,00056268;-0,00446667
2014-09-02;10345,78105245;-0,00214212;-0,00659922
2014-09-03;10353,61220500;0,00075694;-0,00584728
2014-09-04;10351,83227404;-0,00017191;-0,00601818
2014-09-05;10369,32923001;0,00169023;-0,00433813
2014-09-08;10370,97613829;0,00015882;-0,00417999
2014-09-09;10356,75156190;-0,00137158;-0,00554583
2014-09-10;10346,50797996;-0,00098907;-0,00652942
2014-09-11;10330,65174196;-0,00153252;-0,00805194
2014-09-12;10298,98909603;-0,00306492;-0,01109218
2014-09-15;10285,16351335;-0,00134242;-0,01241971
2014-09-16;10308,50532194;0,00226946;-0,01017843
2014-09-17;10286,16622545;-0,00216705;-0,01232343
2014-09-18;10305,90511364;0,00191897;-0,01042811
2014-09-19;10294,94104438;-0,00106386;-0,01148087
2014-09-22;10259,61726570;-0,00343118;-0,01487266
2014-09-23;10253,66555932;-0,00058011;-0,01544414
2014-09-24;10264,02558480;0,00101037;-0,01444937
2014-09-25;10218,91270450;-0,00439524;-0,01878111
2014-09-26;10234,76659551;0,00155143;-0,01725882
2014-09-29;10232,24761455;-0,00024612;-0,01750069
2014-09-30;10231,67001526;-0,00005645;-0,01755615
2014-10-01;10196,81687780;-0,00340640;-0,02090275
2014-10-02;10156,28515890;-0,00397494;-0,02479460
2014-10-03;10201,22325402;0,00442466;-0,02047965
2014-10-06;10233,72135017;0,00318571;-0,01735918
2014-10-07;10152,19309384;-0,00796663;-0,02518752
2014-10-08;10210,28119619;0,00572173;-0,01960990
2014-10-09;10165,79668073;-0,00435684;-0,02388130
2014-10-10;10049,48727662;-0,01144125;-0,03504932
2014-10-13;10006,85760501;-0,00424197;-0,03914261
2014-10-14;10030,14027015;0,00232667;-0,03690702
2014-10-15;9947,87007759;-0,00820230;-0,04480659
2014-10-16;9935,55229277;-0,00123823;-0,04598934
2014-10-17;10014,28956456;0,00792480;-0,03842900
2014-10-20;10039,21131283;0,00248862;-0,03603602
2014-10-21;10146,63175469;0,01070009;-0,02572152
2014-10-22;10160,23525753;0,00134069;-0,02441531
2014-10-23;10193,51395815;0,00327539;-0,02121989
2014-10-24;10207,00844664;0,00132383;-0,01992415
2014-10-27;10192,86721873;-0,00138544;-0,02128199
2014-10-28;10257,39096003;0,00633028;-0,01508643
2014-10-29;10240,79915264;-0,00161755;-0,01667957
2014-10-30;10250,11181706;0,00090937;-0,01578537
2014-10-31;10304,53712546;0,00530973;-0,01055946
2014-11-03;10306,32648424;0,00017365;-0,01038765
2014-11-04;10281,53254004;-0,00240570;-0,01276836
2014-11-05;10265,39726166;-0,00156935;-0,01431766
2014-11-06;10287,58313380;0,00216123;-0,01218738
2014-11-07;10360,78615294;0,00711567;-0,00515843
2014-11-10;10326,75741489;-0,00328438;-0,00842587
2014-11-11;10366,80878614;0,00387841;-0,00458014
2014-11-12;10364,01701546;-0,00026930;-0,00484821
2014-11-13;10410,69046125;0,00450341;-0,00036663
2014-11-14;10507,17074895;0,00926742;0,00000000
2014-11-17;10484,75759508;-0,00213313;-0,00213313
2014-11-18;10542,97394566;0,00555247;0,00000000
2014-11-19;10479,57966763;-0,00601294;-0,00601294
2014-11-20;10520,37973980;0,00389329;-0,00214306
2014-11-21;10566,62412682;0,00439570;0,00000000
2014-11-24;10573,20232466;0,00062254;0,00000000
2014-11-25;10578,18071957;0,00047085;0,00000000
2014-11-26;10603,14666090;0,00236014;0,00000000
2014-11-28;10580,58347998;-0,00212797;-0,00212797
2014-12-01;10594,25009282;0,00129167;-0,00083905
2014-12-02;10594,19177390;-0,00000550;-0,00084455
2014-12-03;10617,71941956;0,00222081;0,00000000
2014-12-04;10595,97635446;-0,00204781;-0,00204781
2014-12-05;10606,23951924;0,00096859;-0,00108120
2014-12-08;10583,05190940;-0,00218622;-0,00326506
2014-12-09;10578,92958763;-0,00038952;-0,00365331
2014-12-10;10530,05480579;-0,00462001;-0,00825644
2014-12-11;10542,90109399;0,00121996;-0,00704655
2014-12-12;10442,57496288;-0,00951599;-0,01649549
2014-12-15;10341,82769248;-0,00964774;-0,02598409
2014-12-16;10345,33495997;0,00033913;-0,02565376
2014-12-17;10366,62699385;0,00205813;-0,02364843
2014-12-18;10506,14962860;0,01345883;-0,01050789
2014-12-19;10544,18866661;0,00362064;-0,00692529
2014-12-22;10541,93211483;-0,00021401;-0,00713781
2014-12-23;10581,73664765;0,00377583;-0,00338894
2014-12-24;10578,11080830;-0,00034265;-0,00373043
2014-12-29;10604,56742540;0,00250107;-0,00123868
2014-12-30;10587,35278966;-0,00162332;-0,00286000
2014-12-31;10526,17946071;-0,00577796;-0,00862143
2015-01-02;10535,34207419;0,00087046;-0,00775848
2015-01-05;10481,83714819;-0,00507861;-0,01279769
2015-01-06;10440,89473762;-0,00390603;-0,01665373
2015-01-07;10482,99757957;0,00403249;-0,01268840
2015-01-08;10611,00488990;0,01221095;-0,00063239
2015-01-09;10598,72453851;-0,00115732;-0,00178898
2015-01-12;10566,74331529;-0,00301746;-0,00480104
2015-01-13;10571,65796589;0,00046511;-0,00433817
2015-01-14;10496,50500843;-0,00710891;-0,01141624
2015-01-15;10510,84460820;0,00136613;-0,01006570
2015-01-16;10596,69086780;0,00816740;-0,00198051
2015-01-20;10673,86089779;0,00728246;0,00000000
2015-01-21;10705,79234287;0,00299156;0,00000000
2015-01-22;10818,16809062;0,01049672;0,00000000
2015-01-23;10810,05220694;-0,00075021;-0,00075021
2015-01-26;10759,97383668;-0,00463257;-0,00537931
2015-01-27;10626,50513551;-0,01240418;-0,01771677
2015-01-28;10603,20465291;-0,00219268;-0,01987060
2015-01-29;10582,96900229;-0,00190845;-0,02174112
2015-01-30;10584,77495132;0,00017065;-0,02157418
2015-02-02;10619,58156410;0,00328837;-0,01835676
2015-02-03;10656,37628897;0,00346480;-0,01495556
2015-02-04;10676,81227799;0,00191772;-0,01306652
2015-02-05;10724,28662615;0,00444649;-0,00867813
2015-02-06;10656,72822005;-0,00629957;-0,01492303
2015-02-09;10649,10656349;-0,00071520;-0,01562756
2015-02-10;10706,76152917;0,00541407;-0,01029810
2015-02-11;10701,72728845;-0,00047019;-0,01076345
2015-02-12;10769,77526374;0,00635860;-0,00447329
2015-02-13;10828,40526438;0,00544394;0,00000000
2015-02-17;10800,76245402;-0,00255281;-0,00255281
2015-02-18;10805,33250521;0,00042312;-0,00213076
2015-02-19;10820,11069145;0,00136768;-0,00076600
2015-02-20;10834,21090652;0,00130315;0,00000000
2015-02-23;10841,79970051;0,00070045;0,00000000
2015-02-24;10863,54441703;0,00200564;0,00000000
2015-02-25;10835,54973824;-0,00257694;-0,00257694
2015-02-26;10879,41504399;0,00404828;0,00000000
2015-02-27;10861,26628890;-0,00166817;-0,00166817
2015-03-02;10898,73342736;0,00344961;0,00000000
2015-03-03;10858,42297376;-0,00369864;-0,00369864
2015-03-04;10836,59122809;-0,00201058;-0,00570178
2015-03-05;10843,01303614;0,00059260;-0,00511256
2015-03-06;10714,43389737;-0,01185825;-0,01691018
2015-03-09;10722,55948537;0,00075838;-0,01616463
2015-03-10;10596,08401599;-0,01179527;-0,02776923
2015-03-11;10572,87664862;-0,00219018;-0,02989859
2015-03-12;10616,02974916;0,00408149;-0,02593913
2015-03-13;10604,96933568;-0,00104186;-0,02695397
2015-03-16;10671,00770047;0,00622712;-0,02089470
2015-03-17;10658,96522657;-0,00112852;-0,02199964
2015-03-18;10777,08572071;0,01108180;-0,01116164
2015-03-19;10775,17032259;-0,00017773;-0,01133738
2015-03-20;10837,19028662;0,00575582;-0,00564682
2015-03-23;10855,47902938;0,00168759;-0,00396875
2015-03-24;10860,44719198;0,00045766;-0,00351291
2015-03-25;10729,78148777;-0,01203134;-0,01550198
2015-03-26;10744,30464792;0,00135354;-0,01416942
2015-03-27;10729,09615270;-0,00141549;-0,01556486
2015-03-30;10771,85062827;0,00398491;-0,01164198
2015-03-31;10710,29370405;-0,00571461;-0,01729006
2015-04-01;10745,51340059;0,00328840;-0,01405852
2015-04-02;10749,60468016;0,00038074;-0,01368313
2015-04-07;10817,79520452;0,00634354;-0,00742639
2015-04-08;10806,95826783;-0,00100177;-0,00842072
2015-04-09;10823,78358368;0,00155690;-0,00687693
2015-04-10;10892,06700066;0,00630865;-0,00061167
2015-04-13;10863,73734463;-0,00260094;-0,00321102
2015-04-14;10815,86702362;-0,00440643;-0,00760331
2015-04-15;10880,49918073;0,00597568;-0,00167306
2015-04-16;10845,01072194;-0,00326166;-0,00492926
2015-04-17;10769,78895832;-0,00693607;-0,01183114
2015-04-20;10842,78286043;0,00677765;-0,00513368
2015-04-21;10856,57908137;0,00127239;-0,00386782
2015-04-22;10856,00633128;-0,00005276;-0,00392037
2015-04-23;10893,55691346;0,00345897;-0,00047496
2015-04-24;10894,79871300;0,00011399;-0,00036102
2015-04-27;10956,20142436;0,00563597;0,00000000
2015-04-28;10966,40440151;0,00093125;0,00000000
2015-04-29;10905,18919024;-0,00558207;-0,00558207
2015-04-30;10808,67363792;-0,00885042;-0,01438309
2015-05-01;10874,12754930;0,00605568;-0,00841450
2015-05-05;10886,95709478;0,00117982;-0,00724461
2015-05-06;10860,97339122;-0,00238668;-0,00961400
2015-05-07;10844,41824482;-0,00152428;-0,01112362
2015-05-08;10891,11377410;0,00430595;-0,00686557
2015-05-11;10837,97292318;-0,00487929;-0,01171136
2015-05-12;10843,91427360;0,00054820;-0,01116958
2015-05-13;10916,03365400;0,00665068;-0,00459319
2015-05-14;10976,39595078;0,00552969;0,00000000
2015-05-15;10981,01932701;0,00042121;0,00000000
2015-05-18;11005,35497993;0,00221616;0,00000000
2015-05-19;10969,10516665;-0,00329383;-0,00329383
2015-05-20;10969,91069721;0,00007344;-0,00322064
2015-05-21;10957,08295566;-0,00116936;-0,00438623
2015-05-22;10968,48106274;0,00104025;-0,00335054
2015-05-26;10873,31577594;-0,00867625;-0,01199772
2015-05-27;10925,42612228;0,00479250;-0,00726272
2015-05-28;10926,50710688;0,00009894;-0,00716450
2015-05-29;10907,69920094;-0,00172131;-0,00887348
2015-06-01;10920,39347752;0,00116379;-0,00772001
2015-06-02;10912,03279919;-0,00076560;-0,00847971
2015-06-03;10911,44413885;-0,00005395;-0,00853320
2015-06-04;10861,65787039;-0,00456276;-0,01305702
2015-06-05;10839,79754521;-0,00201261;-0,01504335
2015-06-08;10816,61265218;-0,00213887;-0,01715004
2015-06-09;10799,78169475;-0,00155603;-0,01867939
2015-06-10;10853,78023133;0,00499997;-0,01377282
2015-06-11;10855,09961154;0,00012156;-0,01365293
2015-06-12;10815,33516881;-0,00366320;-0,01726612
2015-06-15;10801,36973150;-0,00129126;-0,01853509
2015-06-16;10801,13962522;-0,00002130;-0,01855600
2015-06-17;10801,09604203;-0,00000404;-0,01855996
2015-06-18;10848,25001879;0,00436567;-0,01427532
2015-06-19;10830,16683550;-0,00166692;-0,01591845
2015-06-22;10845,93253306;0,00145572;-0,01448590
2015-06-23;10835,22203133;-0,00098751;-0,01545911
2015-06-24;10819,85878570;-0,00141790;-0,01685509
2015-06-25;10805,35987739;-0,00134003;-0,01817253
2015-06-26;10786,22796939;-0,00177059;-0,01991094
2015-06-29;10723,84491422;-0,00578358;-0,02557937
2015-06-30;10706,47007081;-0,00162021;-0,02715813
2015-07-01;10732,89155238;0,00246781;-0,02475735
2015-07-02;10731,74091757;-0,00010721;-0,02486190
2015-07-06;10701,62285251;-0,00280645;-0,02759858
2015-07-07;10664,28282121;-0,00348919;-0,03099147
2015-07-08;10644,63294452;-0,00184259;-0,03277696
2015-07-09;10658,50433035;0,00130313;-0,03151653
2015-07-10;10727,18166215;0,00644343;-0,02527618
2015-07-13;10786,89890581;0,00556691;-0,01984998
2015-07-14;10801,56410932;0,00135954;-0,01851743
2015-07-15;10786,03280271;-0,00143788;-0,01992868
2015-07-16;10836,53936253;0,00468259;-0,01533941
2015-07-17;10854,04873547;0,00161577;-0,01374842
2015-07-20;10826,28320591;-0,00255808;-0,01627133
2015-07-21;10793,68849681;-0,00301070;-0,01923304
2015-07-22;10688,59231686;-0,00973682;-0,02878259
2015-07-23;10695,78353944;0,00067279;-0,02812916
2015-07-24;10674,40000927;-0,00199925;-0,03007218
2015-07-27;10590,99705901;-0,00781336;-0,03765057
2015-07-28;10629,34535746;0,00362084;-0,03416606
2015-07-29;10679,86007640;0,00475238;-0,02957605
2015-07-30;10671,27520858;-0,00080384;-0,03035611
2015-07-31;10694,71367929;0,00219641;-0,02822638
2015-08-03;10651,24937424;-0,00406409;-0,03217576
2015-08-04;10631,00405515;-0,00190075;-0,03401534
2015-08-05;10674,16024067;0,00405946;-0,03009396
2015-08-06;10640,65932162;-0,00313851;-0,03313802
2015-08-07;10642,60644495;0,00018299;-0,03296109
2015-08-10;10738,51447056;0,00901170;-0,02424642
2015-08-11;10661,50364321;-0,00717146;-0,03124400
2015-08-12;10656,43139155;-0,00047575;-0,03170489
2015-08-13;10667,95588549;0,00108146;-0,03065772
2015-08-14;10677,57732070;0,00090190;-0,02978347
2015-08-17;10713,56830699;0,00337071;-0,02651315
2015-08-18;10685,11526305;-0,00265580;-0,02909854
2015-08-19;10655,16106512;-0,00280336;-0,03182032
2015-08-20;10586,25133247;-0,00646726;-0,03808179
2015-08-21;10406,07990793;-0,01701938;-0,05445304
2015-08-24;10125,95342946;-0,02691950;-0,07990670
2015-08-25;10159,92597190;0,00335500;-0,07681979
2015-08-26;10239,78110776;0,00785981;-0,06956376
2015-08-27;10431,12844819;0,01868666;-0,05217701
2015-08-28;10480,40070139;0,00472358;-0,04769990
2015-09-01;10285,00020778;-0,01864437;-0,06545493
2015-09-02;10308,22814056;0,00225843;-0,06334433
2015-09-03;10360,49252508;0,00507016;-0,05859533
2015-09-04;10266,67659789;-0,00905516;-0,06711991
2015-09-08;10317,47754395;0,00494814;-0,06250388
2015-09-09;10298,15483787;-0,00187281;-0,06425964
2015-09-10;10265,84324169;-0,00313761;-0,06719563
2015-09-11;10272,67379460;0,00066537;-0,06657497
2015-09-14;10277,78626147;0,00049768;-0,06611043
2015-09-15;10313,79923626;0,00350396;-0,06283811
2015-09-16;10363,55828338;0,00482451;-0,05831676
2015-09-17;10388,23458950;0,00238107;-0,05607456
2015-09-18;10327,26032550;-0,00586955;-0,06161497
2015-09-21;10343,34496530;0,00155749;-0,06015344
2015-09-22;10250,75502077;-0,00895164;-0,06856662
2015-09-23;10294,22739017;0,00424089;-0,06461651
2015-09-24;10294,68472134;0,00004443;-0,06457495
2015-09-25;10370,48810152;0,00736335;-0,05768709
2015-09-28;10223,63518196;-0,01416066;-0,07103086
2015-09-29;10198,47032120;-0,00246144;-0,07331746
2015-09-30;10246,51191122;0,00471067;-0,06895217
2015-10-01;10241,17152380;-0,00052119;-0,06943742
2015-10-02;10383,78662755;0,01392566;-0,05647872
2015-10-05;10440,17538521;0,00543046;-0,05135496
2015-10-06;10509,81449102;0,00667030;-0,04502722
2015-10-07;10494,70423986;-0,00143773;-0,04640021
2015-10-08;10486,61839587;-0,00077047;-0,04713493
2015-10-09;10601,08325326;0,01091533;-0,03673409
2015-10-12;10620,80284516;0,00186015;-0,03494227
2015-10-13;10649,97306258;0,00274652;-0,03229173
2015-10-14;10719,71189699;0,00654826;-0,02595492
2015-10-15;10719,80792806;0,00000896;-0,02594619
2015-10-16;10695,29128389;-0,00228704;-0,02817389
2015-10-19;10664,03007332;-0,00292289;-0,03101444
2015-10-20;10709,95501587;0,00430653;-0,02684148
2015-10-21;10641,23418071;-0,00641654;-0,03308578
2015-10-22;10687,12013141;0,00431209;-0,02891636
2015-10-23;10738,84211423;0,00483966;-0,02421665
2015-10-26;10726,18474211;-0,00117865;-0,02536676
2015-10-27;10727,93920836;0,00016357;-0,02520734
2015-10-28;10717,07418480;-0,00101278;-0,02619459
2015-10-29;10648,36294239;-0,00641138;-0,03243803
2015-10-30;10602,39703253;-0,00431671;-0,03661472
2015-11-02;10584,49327695;-0,00168865;-0,03824154
2015-11-03;10521,85986902;-0,00591747;-0,04393271
2015-11-04;10477,10100537;-0,00425389;-0,04799972
2015-11-05;10469,07782315;-0,00076578;-0,04872875
2015-11-06;10412,95888000;-0,00536045;-0,05382799
2015-11-09;10396,30714457;-0,00159914;-0,05534104
2015-11-10;10373,83320524;-0,00216172;-0,05738314
2015-11-11;10363,14034544;-0,00103075;-0,05835474
2015-11-12;10332,86329818;-0,00292161;-0,06110586
2015-11-13;10277,40682958;-0,00536700;-0,06614490
2015-11-16;10300,50028743;0,00224701;-0,06404652
2015-11-17;10265,91432362;-0,00335770;-0,06718917
2015-11-18;10282,82760447;0,00164752;-0,06565235
2015-11-19;10355,56515709;0,00707369;-0,05904306
2015-11-20;10356,79368855;0,00011863;-0,05893143
2015-11-23;10311,15537222;-0,00440661;-0,06307835
2015-11-24;10344,52968331;0,00323672;-0,06004580
2015-11-25;10316,70318594;-0,00268997;-0,06257425
2015-11-27;10275,61496235;-0,00398269;-0,06630772
2015-11-30;10301,81605135;0,00254983;-0,06392696
2015-12-01;10333,49320585;0,00307491;-0,06104862
2015-12-02;10262,03310871;-0,00691539;-0,06754184
2015-12-03;10272,00025169;0,00097126;-0,06663617
2015-12-04;10410,01027375;0,01343555;-0,05409591
2015-12-07;10331,08142740;-0,00758201;-0,06126777
2015-12-08;10335,31760986;0,00041004;-0,06088285
2015-12-09;10291,79592398;-0,00421097;-0,06483744
2015-12-10;10289,27362997;-0,00024508;-0,06506663
2015-12-11;10255,51095082;-0,00328135;-0,06813447
2015-12-14;10196,77763534;-0,00572700;-0,07347126
2015-12-15;10223,49804501;0,00262048;-0,07104332
2015-12-16;10312,02421177;0,00865909;-0,06299940
2015-12-17;10202,34621005;-0,01063593;-0,07296528
2015-12-18;10225,89783443;0,00230845;-0,07082526
2015-12-21;10287,68131390;0,00604186;-0,06521131
2015-12-22;10285,24190176;-0,00023712;-0,06543297
2015-12-23;10301,01905314;0,00153396;-0,06399938
2015-12-24;10332,12688999;0,00301988;-0,06117277
2015-12-29;10329,54946687;-0,00024946;-0,06140697
2015-12-30;10278,29056792;-0,00496236;-0,06606460
2015-12-31;10251,51983975;-0,00260459;-0,06849712
2016-01-04;10273,94120821;0,00218713;-0,06645981
2016-01-05;10289,31569425;0,00149645;-0,06506281
2016-01-06;10322,22087899;0,00319800;-0,06207288
2016-01-07;10318,52361064;-0,00035819;-0,06240883
2016-01-08;10269,99279823;-0,00470327;-0,06681858
2016-01-11;10234,52620386;-0,00345342;-0,07004125
2016-01-12;10251,53310406;0,00166172;-0,06849592
2016-01-13;10234,95450157;-0,00161718;-0,07000233
2016-01-14;10180,62684880;-0,00530805;-0,07493880
2016-01-15;10170,84001115;-0,00096132;-0,07582808
2016-01-19;10194,06008659;0,00228300;-0,07371819
2016-01-20;10182,47770508;-0,00113619;-0,07477063
2016-01-21;10220,10708638;0,00369550;-0,07135144
2016-01-22;10246,22839371;0,00255587;-0,06897793
2016-01-25;10275,89394426;0,00289527;-0,06628237
2016-01-26;10326,39628277;0,00491464;-0,06169348
2016-01-27;10324,30717085;-0,00020231;-0,06188331
2016-01-28;10280,49591149;-0,00424351;-0,06586422
2016-01-29;10370,12137376;0,00871801;-0,05772041
2016-02-01;10410,70735135;0,00391374;-0,05403257
2016-02-02;10367,49342538;-0,00415091;-0,05795920
2016-02-03;10376,46587909;0,00086544;-0,05714392
2016-02-04;10443,62106060;0,00647187;-0,05104187
2016-02-05;10453,53527496;0,00094931;-0,05014102
2016-02-08;10467,86267965;0,00137058;-0,04883916
2016-02-09;10443,86366414;-0,00229264;-0,05101983
2016-02-10;10480,05250479;0,00346508;-0,04773153
2016-02-11;10617,71156548;0,01313534;-0,03522316
2016-02-12;10626,28790415;0,00080774;-0,03444388
2016-02-16;10557,28143950;-0,00649394;-0,04071414
2016-02-17;10638,86093459;0,00772732;-0,03330143
2016-02-18;10739,20210080;0,00943157;-0,02418394
2016-02-19;10704,07512254;-0,00327091;-0,02737575
2016-02-22;10687,88954685;-0,00151209;-0,02884645
2016-02-23;10721,79550637;0,00317237;-0,02576559
2016-02-24;10727,72438770;0,00055297;-0,02522686
2016-02-25;10792,90387974;0,00607580;-0,01930434
2016-02-26;10775,52335269;-0,00161037;-0,02088362
2016-02-29;10819,41693590;0,00407345;-0,01689523
2016-03-01;10832,40685393;0,00120061;-0,01571491
2016-03-02;10877,77330908;0,00418803;-0,01159269
2016-03-03;10964,73554642;0,00799449;-0,00369088
2016-03-04;10982,97936180;0,00166386;-0,00203316
2016-03-07;10998,15997489;0,00138219;-0,00065377
2016-03-08;10951,22188815;-0,00426781;-0,00491880
2016-03-09;10925,43153682;-0,00235502;-0,00726223
2016-03-10;10997,44951857;0,00659177;-0,00071833
2016-03-11;10940,88385669;-0,00514353;-0,00585816
2016-03-14;10871,70409978;-0,00632305;-0,01214417
2016-03-15;10891,59212239;0,00182934;-0,01033705
2016-03-16;11033,90228909;0,01306606;0,00000000
2016-03-17;11005,82463903;-0,00254467;-0,00254467
2016-03-18;11000,58211904;-0,00047634;-0,00301980
2016-03-21;10970,07771553;-0,00277298;-0,00578441
2016-03-22;11010,42444774;0,00367789;-0,00212779
2016-03-23;10870,40386793;-0,01271709;-0,01481782
2016-03-24;10846,02135675;-0,00224302;-0,01702761
2016-03-29;10966,81829450;0,01113744;-0,00607981
2016-03-30;10920,51909029;-0,00422175;-0,01027589
2016-03-31;10937,21288829;0,00152866;-0,00876294
2016-04-01;10925,95673809;-0,00102916;-0,00978308
2016-04-04;10872,44277334;-0,00489787;-0,01463304
2016-04-05;10930,36478132;0,00532741;-0,00938358
2016-04-06;10922,27343933;-0,00074026;-0,01011690
2016-04-07;10976,87459726;0,00499907;-0,00516841
2016-04-08;10978,67765920;0,00016426;-0,00500500
2016-04-11;11039,79344903;0,00556677;0,00000000
2016-04-12;11060,74014652;0,00189738;0,00000000
2016-04-13;11035,30161117;-0,00229989;-0,00229989
2016-04-14;10970,76568605;-0,00584813;-0,00813458
2016-04-15;10994,90850397;0,00220065;-0,00595183
2016-04-18;10980,82075375;-0,00128130;-0,00722550
2016-04-19;11065,89771234;0,00774778;0,00000000
2016-04-20;11046,19707510;-0,00178030;-0,00178030
2016-04-21;11066,47940351;0,00183614;0,00000000
2016-04-22;10959,72473047;-0,00964667;-0,00964667
2016-04-25;10953,34126897;-0,00058245;-0,01022350
2016-04-26;10972,51205176;0,00175022;-0,00849117
2016-04-27;10984,41987303;0,00108524;-0,00741514
2016-04-28;11065,50647449;0,00738196;-0,00008792
2016-04-29;11143,18722289;0,00702008;0,00000000
2016-05-03;11115,85702728;-0,00245264;-0,00245264
2016-05-04;11078,43880401;-0,00336620;-0,00581058
2016-05-05;11069,03378560;-0,00084895;-0,00665460
2016-05-06;11128,44539750;0,00536737;-0,00132295
2016-05-09;11008,70857500;-0,01075953;-0,01206824
2016-05-10;11059,21404009;0,00458777;-0,00753583
2016-05-11;11099,66083963;0,00365729;-0,00390610
2016-05-12;11035,87830691;-0,00574635;-0,00963000
2016-05-13;11069,60784454;0,00305635;-0,00660308
2016-05-16;11094,09539491;0,00221214;-0,00440555
2016-05-17;11090,96377887;-0,00028228;-0,00468658
2016-05-18;10969,14361781;-0,01098373;-0,01561884
2016-05-19;10933,77852968;-0,00322405;-0,01879253
2016-05-20;10961,60538303;0,00254504;-0,01629532
2016-05-23;10957,02024542;-0,00041829;-0,01670680
2016-05-24;10881,94191033;-0,00685208;-0,02344440
2016-05-25;10881,91858797;-0,00000214;-0,02344649
2016-05-26;10867,12242998;-0,00135970;-0,02477431
2016-05-27;10843,65873140;-0,00215915;-0,02687997
2016-05-31;10872,40746906;0,00265120;-0,02430003
2016-06-01;10865,70008766;-0,00061692;-0,02490195
2016-06-02;10846,97657601;-0,00172318;-0,02658222
2016-06-03;11001,66735733;0,01426119;-0,01270012
2016-06-06;11035,36846763;0,00306327;-0,00967576
2016-06-07;11034,49573853;-0,00007908;-0,00975408
2016-06-08;11136,43139569;0,00923791;-0,00060627
2016-06-09;11169,23767943;0,00294585;0,00000000
2016-06-10;11180,57488987;0,00101504;0,00000000
2016-06-13;11208,89207939;0,00253271;0,00000000
2016-06-14;11206,91271694;-0,00017659;-0,00017659
2016-06-15;11253,29878838;0,00413906;0,00000000
2016-06-16;11185,04203991;-0,00606549;-0,00606549
2016-06-17;11246,56746959;0,00550069;-0,00059816
2016-06-20;11211,21606989;-0,00314331;-0,00373959
2016-06-21;11098,47085497;-0,01005647;-0,01375845
2016-06-22;11091,58458098;-0,00062047;-0,01437038
2016-06-23;11071,89647558;-0,00177505;-0,01611992
2016-06-24;11390,05132813;0,02873535;0,00000000
2016-06-27;11403,73762986;0,00120160;0,00000000
2016-06-28;11365,51422521;-0,00335183;-0,00335183
2016-06-29;11424,56582961;0,00519568;0,00000000
2016-06-30;11512,53148850;0,00769969;0,00000000
2016-07-01;11642,64094693;0,01130155;0,00000000
2016-07-05;11669,57694056;0,00231356;0,00000000
2016-07-06;11705,19532710;0,00305224;0,00000000
2016-07-07;11703,44099338;-0,00014988;-0,00014988
2016-07-08;11757,49513770;0,00461865;0,00000000
2016-07-11;11754,63855656;-0,00024296;-0,00024296
2016-07-12;11692,72066402;-0,00526753;-0,00550921
2016-07-13;11725,30025401;0,00278631;-0,00273824
2016-07-14;11703,57113695;-0,00185318;-0,00458635
2016-07-15;11699,68149161;-0,00033235;-0,00491717
2016-07-18;11709,64844567;0,00085190;-0,00406946
2016-07-19;11722,97632287;0,00113820;-0,00293590
2016-07-20;11705,83606060;-0,00146211;-0,00439371
2016-07-21;11736,67989908;0,00263491;-0,00177038
2016-07-22;11734,78637242;-0,00016133;-0,00193143
2016-07-25;11704,18589767;-0,00260767;-0,00453406
2016-07-26;11721,73746431;0,00149960;-0,00304127
2016-07-27;11789,86605992;0,00581216;0,00000000
2016-07-28;11772,69319586;-0,00145658;-0,00145658
2016-07-29;11807,04201175;0,00291767;0,00000000
2016-08-01;11826,81472651;0,00167465;0,00000000
2016-08-02;11769,75146321;-0,00482491;-0,00482491
2016-08-03;11755,16865469;-0,00123901;-0,00605793
2016-08-04;11838,78013348;0,00711274;0,00000000
2016-08-05;11850,95997673;0,00102881;0,00000000
2016-08-08;11857,32305383;0,00053693;0,00000000
2016-08-09;11907,82342407;0,00425900;0,00000000
2016-08-10;11907,31483237;-0,00004271;-0,00004271
2016-08-11;11928,48118364;0,00177759;0,00000000
2016-08-12;11926,10624479;-0,00019910;-0,00019910
2016-08-15;11978,89148533;0,00442602;0,00000000
2016-08-16;11931,33729588;-0,00396983;-0,00396983
2016-08-17;11899,60752305;-0,00265936;-0,00661864
2016-08-18;11900,10120976;0,00004149;-0,00657743
2016-08-19;11888,50617970;-0,00097436;-0,00754538
2016-08-22;11857,00083591;-0,00265007;-0,01017545
2016-08-23;11873,79718922;0,00141658;-0,00877329
2016-08-24;11811,13614927;-0,00527725;-0,01400425
2016-08-25;11810,42876122;-0,00005989;-0,01406330
2016-08-26;11818,42878063;0,00067737;-0,01339546
2016-08-30;11804,83584549;-0,00115015;-0,01453020
2016-08-31;11771,01541752;-0,00286496;-0,01735353
2016-09-01;11733,36627853;-0,00319846;-0,02049649
2016-09-02;11825,69200954;0,00786865;-0,01278912
2016-09-06;11939,38697662;0,00961423;-0,00329784
2016-09-07;11929,85926487;-0,00079801;-0,00409322
2016-09-08;11881,27641665;-0,00407237;-0,00814892
2016-09-09;11793,49358636;-0,00738833;-0,01547705
2016-09-12;11779,29383435;-0,00120403;-0,01666245
2016-09-13;11731,92517694;-0,00402135;-0,02061679
2016-09-14;11761,11158931;0,00248778;-0,01818030
2016-09-15;11756,28166377;-0,00041067;-0,01858351
2016-09-16;11739,19740398;-0,00145320;-0,02000970
2016-09-19;11760,06166658;0,00177732;-0,01826795
2016-09-20;11780,22717062;0,00171474;-0,01658453
2016-09-21;11896,32841981;0,00985560;-0,00689238
2016-09-22;11935,88501939;0,00332511;-0,00359019
2016-09-23;11940,82086799;0,00041353;-0,00317814
2016-09-26;11900,57878066;-0,00337013;-0,00653756
2016-09-27;11874,21402703;-0,00221542;-0,00873849
2016-09-28;11858,70773342;-0,00130588;-0,01003296
2016-09-29;11845,94348095;-0,00107636;-0,01109852
2016-09-30;11831,13093058;-0,00125043;-0,01233508
2016-10-03;11830,05556258;-0,00009089;-0,01242485
2016-10-04;11623,04895118;-0,01749836;-0,02970580
2016-10-05;11616,15989603;-0,00059271;-0,03028090
2016-10-06;11560,08145479;-0,00482762;-0,03496234
2016-10-07;11587,27757650;0,00235259;-0,03269200
2016-10-10;11635,44124095;0,00415660;-0,02867129
2016-10-11;11591,66474304;-0,00376234;-0,03232576
2016-10-12;11599,50421226;0,00067630;-0,03167132
2016-10-13;11592,65048100;-0,00059086;-0,03224347
2016-10-14;11578,01131447;-0,00126280;-0,03346555
2016-10-17;11581,40515957;0,00029313;-0,03318223
2016-10-18;11622,02686515;0,00350749;-0,02979112
2016-10-19;11674,87849793;0,00454754;-0,02537906
2016-10-20;11642,02887473;-0,00281370;-0,02812135
2016-10-21;11659,99947845;0,00154360;-0,02662116
2016-10-24;11668,51065612;0,00072995;-0,02591065
2016-10-25;11711,59384241;0,00369226;-0,02231405
2016-10-26;11660,03939220;-0,00440200;-0,02661783
2016-10-27;11673,48737433;0,00115334;-0,02549519
2016-10-28;11707,02773362;0,00287321;-0,02269523
2016-10-31;11708,44769433;0,00012129;-0,02257670
2016-11-01;11715,78072436;0,00062630;-0,02196453
2016-11-02;11736,28011937;0,00174973;-0,02025324
2016-11-03;11733,23498790;-0,00025946;-0,02050745
2016-11-04;11723,48545440;-0,00083093;-0,02132134
2016-11-07;11673,02096886;-0,00430456;-0,02553413
2016-11-08;11664,12541991;-0,00076206;-0,02627673
2016-11-09;11652,12398838;-0,00102892;-0,02727861
2016-11-10;11529,90288464;-0,01048917;-0,03748165
2016-11-11;11379,11911849;-0,01307763;-0,05006910
2016-11-14;11323,52303317;-0,00488580;-0,05471028
2016-11-15;11409,34926506;0,00757946;-0,04754549
2016-11-16;11398,86571578;-0,00091886;-0,04842065
2016-11-17;11387,88427004;-0,00096338;-0,04933739
2016-11-18;11342,29201831;-0,00400358;-0,05314344
2016-11-21;11369,98545454;0,00244161;-0,05083158
2016-11-22;11378,34845667;0,00073553;-0,05013344
2016-11-23;11245,48487458;-0,01167688;-0,06122491
2016-11-25;11228,19372776;-0,00153761;-0,06266838
2016-11-28;11296,11647094;0,00604930;-0,05699818
2016-11-29;11258,90562596;-0,00329413;-0,06010455
2016-11-30;11165,26791865;-0,00831677;-0,06792144
2016-12-01;11105,35204402;-0,00536627;-0,07292323
2016-12-02;11123,44174456;0,00162892;-0,07141310
2016-12-05;11113,03440399;-0,00093562;-0,07228190
2016-12-06;11119,25497959;0,00055975;-0,07176261
2016-12-07;11187,87895659;0,00617163;-0,06603387
2016-12-08;11203,97188211;0,00143843;-0,06469043
2016-12-09;11162,00237383;-0,00374595;-0,06819405
2016-12-12;11161,56658646;-0,00003904;-0,06823043
2016-12-13;11175,53543392;0,00125151;-0,06706431
2016-12-14;11083,84059311;-0,00820496;-0,07471901
2016-12-15;11048,88202958;-0,00315401;-0,07763736
2016-12-16;11050,22214413;0,00012129;-0,07752548
2016-12-19;11103,83516364;0,00485176;-0,07304986
2016-12-20;11081,32118943;-0,00202759;-0,07492933
2016-12-21;11081,18614610;-0,00001219;-0,07494060
2016-12-22;11060,08839120;-0,00190393;-0,07670185
2016-12-23;11088,67120340;0,00258432;-0,07431575
2016-12-28;11132,94393111;0,00399261;-0,07061985
2016-12-29;11203,19209231;0,00630994;-0,06475552
2016-12-30;11155,72629191;-0,00423681;-0,06871798
2017-01-03;11218,37056720;0,00561544;-0,06348842
2017-01-04;11256,49555922;0,00339844;-0,06030574
2017-01-05;11327,75299940;0,00633034;-0,05435716
2017-01-06;11318,52680319;-0,00081448;-0,05512736
2017-01-09;11375,95837150;0,00507412;-0,05033296
2017-01-10;11406,09072158;0,00264877;-0,04781751
2017-01-11;11424,34515770;0,00160041;-0,04629363
2017-01-12;11431,34040926;0,00061231;-0,04570966
2017-01-13;11471,35900958;0,00350078;-0,04236890
2017-01-17;11509,78279059;0,00334954;-0,03916128
2017-01-18;11467,12105921;-0,00370656;-0,04272269
2017-01-19;11457,50968010;-0,00083817;-0,04352505
2017-01-20;11482,86479671;0,00221297;-0,04140840
2017-01-23;11497,29799219;0,00125693;-0,04020351
2017-01-24;11485,81151649;-0,00099906;-0,04116240
2017-01-25;11464,81730749;-0,00182784;-0,04291500
2017-01-26;11406,75013535;-0,00506481;-0,04776246
2017-01-27;11423,70516159;0,00148640;-0,04634705
2017-01-30;11427,03995506;0,00029192;-0,04606866
2017-01-31;11484,49659855;0,00502813;-0,04127217
2017-02-01;11476,82481395;-0,00066801;-0,04191262
2017-02-02;11520,78172494;0,00383006;-0,03824308
2017-02-03;11564,41681215;0,00378751;-0,03460042
2017-02-06;11642,29743235;0,00673450;-0,02809893
2017-02-07;11630,03922359;-0,00105290;-0,02912225
2017-02-08;11659,75254452;0,00255488;-0,02664178
2017-02-09;11636,01781425;-0,00203561;-0,02862316
2017-02-10;11662,65667911;0,00228935;-0,02639934
2017-02-13;11640,01618337;-0,00194128;-0,02828937
2017-02-14;11652,25746138;0,00105165;-0,02726747
2017-02-15;11692,52487982;0,00345576;-0,02390594
2017-02-16;11721,37217021;0,00246716;-0,02149776
2017-02-17;11714,70993850;-0,00056838;-0,02205392
2017-02-21;11730,84319765;0,00137718;-0,02070712
2017-02-22;11739,69180136;0,00075430;-0,01996843
2017-02-23;11783,36305567;0,00371997;-0,01632275
2017-02-24;11819,21669009;0,00304273;-0,01332968
2017-02-27;11801,72335937;-0,00148008;-0,01479003
2017-02-28;11801,19328117;-0,00004492;-0,01483428
2017-03-01;11853,85413891;0,00446233;-0,01043814
2017-03-02;11762,83730568;-0,00767825;-0,01803624
2017-03-03;11760,58948577;-0,00019110;-0,01822389
2017-03-06;11713,67296918;-0,00398930;-0,02214049
2017-03-07;11669,19137980;-0,00379741;-0,02585382
2017-03-08;11633,18760054;-0,00308537;-0,02885942
2017-03-09;11597,68730443;-0,00305164;-0,03182299
2017-03-10;11625,21453261;0,00237351;-0,02952502
2017-03-13;11618,31235889;-0,00059372;-0,03010121
2017-03-14;11589,72908526;-0,00246019;-0,03248735
2017-03-15;11709,44363444;0,01032937;-0,02249355
2017-03-16;11741,65591201;0,00275097;-0,01980447
2017-03-17;11747,55783511;0,00050265;-0,01931177
2017-03-20;11777,87210539;0,00258047;-0,01678113
2017-03-21;11786,24377261;0,00071080;-0,01608227
2017-03-22;11809,15957910;0,00194428;-0,01416925
2017-03-23;11792,66634807;-0,00139665;-0,01554611
2017-03-24;11807,61697211;0,00126779;-0,01429803
2017-03-27;11826,95927277;0,00163812;-0,01268333
2017-03-28;11835,33785927;0,00070843;-0,01198388
2017-03-29;11869,61575008;0,00289623;-0,00912236
2017-03-30;11815,84670771;-0,00452997;-0,01361101
2017-03-31;11825,15437716;0,00078773;-0,01283400
2017-04-03;11851,26610617;0,00220815;-0,01065419
2017-04-04;11870,62117761;0,00163316;-0,00903842
2017-04-05;11872,11614085;0,00012594;-0,00891362
2017-04-06;11839,33416361;-0,00276126;-0,01165027
2017-04-07;11863,27408022;0,00202207;-0,00965176
2017-04-10;11861,13619533;-0,00018021;-0,00983023
2017-04-11;11923,98447801;0,00529867;-0,00458365
2017-04-12;11973,46117377;0,00414934;-0,00045332
2017-04-13;11996,26590130;0,00190461;0,00000000
2017-04-18;11980,50817615;-0,00131355;-0,00131355
2017-04-19;11921,57371140;-0,00491920;-0,00622629
2017-04-20;11946,67754672;0,00210575;-0,00413365
2017-04-21;11970,75551860;0,00201545;-0,00212653
2017-04-24;11969,37616472;-0,00011523;-0,00224151
2017-04-25;11910,90431380;-0,00488512;-0,00711568
2017-04-26;11946,97908327;0,00302872;-0,00410851
2017-04-27;11913,53225455;-0,00279961;-0,00689662
2017-04-28;11931,62731243;0,00151887;-0,00538823
2017-05-02;11893,70178416;-0,00317857;-0,00854967
2017-05-03;11793,48793239;-0,00842579;-0,01690342
2017-05-04;11738,61921973;-0,00465246;-0,02147724
2017-05-05;11748,54338231;0,00084543;-0,02064997
2017-05-08;11747,51644741;-0,00008741;-0,02073557
2017-05-09;11713,70921452;-0,00287782;-0,02355372
2017-05-10;11725,05686989;0,00096875;-0,02260779
2017-05-11;11740,92463592;0,00135332;-0,02128506
2017-05-12;11771,39518875;0,00259524;-0,01874506
2017-05-15;11807,12390611;0,00303522;-0,01576674
2017-05-16;11840,52085450;0,00282854;-0,01298279
2017-05-17;11901,50294500;0,00515029;-0,00789937
2017-05-18;11842,35138363;-0,00497009;-0,01283020
2017-05-19;11894,52058136;0,00440531;-0,00848142
2017-05-22;11939,25074273;0,00376057;-0,00475274
2017-05-23;11908,14399445;-0,00260542;-0,00734578
2017-05-24;11948,19123579;0,00336301;-0,00400747
2017-05-25;11960,80601707;0,00105579;-0,00295591
2017-05-26;12034,86832557;0,00619208;0,00000000
2017-05-30;12001,44376669;-0,00277731;-0,00277731
2017-05-31;12026,26714005;0,00206837;-0,00071469
2017-06-01;12043,81543522;0,00145916;0,00000000
2017-06-02;12116,37439710;0,00602458;0,00000000
2017-06-05;12122,82169021;0,00053211;0,00000000
2017-06-06;12196,75743763;0,00609889;0,00000000
2017-06-07;12158,36848315;-0,00314747;-0,00314747
2017-06-08;12114,80354200;-0,00358312;-0,00671932
2017-06-09;12057,45741007;-0,00473356;-0,01142107
2017-06-12;12030,45607453;-0,00223939;-0,01363488
2017-06-13;12051,77690104;0,00177224;-0,01188681
2017-06-14;12001,76199346;-0,00415000;-0,01598748
2017-06-15;11957,16325800;-0,00371602;-0,01964409
2017-06-16;11955,26244476;-0,00015897;-0,01979993
2017-06-19;11949,61244463;-0,00047260;-0,02026317
2017-06-20;11930,26310408;-0,00161924;-0,02184961
2017-06-21;11943,32098771;0,00109452;-0,02077900
2017-06-22;11975,77439512;0,00271729;-0,01811818
2017-06-23;12002,21020830;0,00220744;-0,01595073
2017-06-26;11931,72923402;-0,00587233;-0,02172940
2017-06-27;11932,01647083;0,00002407;-0,02170585
2017-06-28;11939,67225587;0,00064162;-0,02107816
2017-06-29;11857,84366146;-0,00685350;-0,02778720
2017-06-30;11840,02841162;-0,00150240;-0,02924786
2017-07-03;11732,66689818;-0,00906767;-0,03805032
2017-07-05;11771,20668824;0,00328483;-0,03489048
2017-07-06;11737,45691904;-0,00286715;-0,03765759
2017-07-07;11708,87830047;-0,00243482;-0,04000072
2017-07-10;11734,81710819;0,00221531;-0,03787403
2017-07-11;11746,28829843;0,00097753;-0,03693352
2017-07-12;11798,60632690;0,00445401;-0,03264401
2017-07-13;11788,15417181;-0,00088588;-0,03350097
2017-07-14;11833,49160197;0,00384602;-0,02978380
2017-07-17;11866,78572199;0,00281355;-0,02705405
2017-07-18;11915,82014623;0,00413207;-0,02303377
2017-07-19;11920,42445132;0,00038640;-0,02265627
2017-07-20;11945,87135261;0,00213473;-0,02056990
2017-07-21;11992,49483039;0,00390289;-0,01674729
2017-07-24;11993,55349629;0,00008828;-0,01666049
2017-07-25;11976,00532232;-0,00146313;-0,01809925
2017-07-26;12021,39240701;0,00378984;-0,01437800
2017-07-27;12010,90110936;-0,00087272;-0,01523818
2017-07-28;12042,26143104;0,00261099;-0,01266697
2017-07-31;12034,95625604;-0,00060663;-0,01326592
2017-08-01;12040,03986567;0,00042240;-0,01284912
2017-08-02;12019,08116378;-0,00174075;-0,01456750
2017-08-03;12045,79650996;0,00222274;-0,01237714
2017-08-04;12014,84346085;-0,00256961;-0,01491495
2017-08-07;12021,25521782;0,00053365;-0,01438925
2017-08-08;12040,55418939;0,00160540;-0,01280695
2017-08-09;12098,41436556;0,00480544;-0,00806305
2017-08-10;12115,09833092;0,00137902;-0,00669515
2017-08-11;12143,03408208;0,00230586;-0,00440472
2017-08-14;12135,36180453;-0,00063183;-0,00503377
2017-08-15;12102,66925044;-0,00269399;-0,00771420
2017-08-16;12167,08103390;0,00532211;-0,00243314
2017-08-17;12159,57985304;-0,00061651;-0,00304815
2017-08-18;12138,73678990;-0,00171413;-0,00475706
2017-08-21;12150,32489457;0,00095464;-0,00380696
2017-08-22;12165,73453165;0,00126825;-0,00254354
2017-08-23;12191,61976039;0,00212772;-0,00042123
2017-08-24;12163,58447862;-0,00229955;-0,00271982
2017-08-25;12190,78162075;0,00223595;-0,00048995
2017-08-29;12275,26976752;0,00693049;0,00000000
2017-08-30;12293,84021593;0,00151283;0,00000000
2017-08-31;12396,62193827;0,00836042;0,00000000
2017-09-01;12406,51803604;0,00079829;0,00000000
2017-09-05;12452,00697115;0,00366654;0,00000000
2017-09-06;12416,32662608;-0,00286543;-0,00286543
2017-09-07;12493,71745652;0,00623299;0,00000000
2017-09-08;12465,86369373;-0,00222942;-0,00222942
2017-09-11;12398,16427280;-0,00543078;-0,00764810
2017-09-12;12417,82228028;0,00158556;-0,00607467
2017-09-13;12373,70944383;-0,00355238;-0,00960547
2017-09-14;12372,25230762;-0,00011776;-0,00972210
2017-09-15;12321,98180363;-0,00406317;-0,01374576
2017-09-18;12268,50061228;-0,00434031;-0,01802641
2017-09-19;12292,87056545;0,00198638;-0,01607583
2017-09-20;12230,13242041;-0,00510362;-0,02109741
2017-09-21;12170,23726651;-0,00489734;-0,02589143
2017-09-22;12206,62708242;0,00299007;-0,02297878
2017-09-25;12258,74662031;0,00426977;-0,01880712
2017-09-26;12193,82873178;-0,00529564;-0,02400316
2017-09-27;12144,67410610;-0,00403111;-0,02793751
2017-09-28;12161,73842146;0,00140509;-0,02657168
2017-09-29;12157,99091260;-0,00030814;-0,02687163
2017-10-02;12128,55884303;-0,00242080;-0,02922738
2017-10-03;12144,96261790;0,00135249;-0,02791442
2017-10-04;12159,61483162;0,00120644;-0,02674165
2017-10-05;12164,70288606;0,00041844;-0,02633440
2017-10-06;12203,95914012;0,00322706;-0,02319232
2017-10-09;12259,25761803;0,00453119;-0,01876622
2017-10-10;12274,30429284;0,00122737;-0,01756188
2017-10-11;12306,29746625;0,00260652;-0,01500114
2017-10-12;12309,63482796;0,00027119;-0,01473402
2017-10-13;12364,34696545;0,00444466;-0,01035484
2017-10-16;12323,61376141;-0,00329441;-0,01361514
2017-10-17;12285,81759970;-0,00306697;-0,01664035
2017-10-18;12264,66629222;-0,00172160;-0,01833331
2017-10-19;12298,65289633;0,00277110;-0,01561301
2017-10-20;12265,99339848;-0,00265553;-0,01822709
2017-10-23;12278,43298018;0,00101415;-0,01723142
2017-10-24;12256,95439063;-0,00174929;-0,01895057
2017-10-25;12229,00862539;-0,00227999;-0,02118736
2017-10-26;12194,50988990;-0,00282106;-0,02394864
2017-10-27;12275,78631043;0,00666500;-0,01744326
2017-10-30;12282,10591713;0,00051480;-0,01693744
2017-10-31;12258,93828075;-0,00188629;-0,01879178
2017-11-01;12287,93994529;0,00236576;-0,01647048
2017-11-02;12324,60020635;0,00298343;-0,01353618
2017-11-03;12305,78820747;-0,00152638;-0,01504190
2017-11-06;12357,04708447;0,00416543;-0,01093913
2017-11-07;12329,30733982;-0,00224485;-0,01315942
2017-11-08;12370,41185699;0,00333389;-0,00986941
2017-11-09;12367,03130506;-0,00027328;-0,01013999
2017-11-10;12305,80241680;-0,00495098;-0,01504076
2017-11-13;12328,22618984;0,00182221;-0,01324596
2017-11-14;12336,12047480;0,00064034;-0,01261410
2017-11-15;12298,45292177;-0,00305344;-0,01562902
2017-11-16;12331,32551162;0,00267290;-0,01299789
2017-11-17;12388,44292661;0,00463190;-0,00842620
2017-11-20;12315,21100727;-0,00591131;-0,01428770
2017-11-21;12355,57490992;0,00327756;-0,01105696
2017-11-22;12407,63137265;0,00421320;-0,00689035
2017-11-24;12397,23382960;-0,00083800;-0,00772257
2017-11-27;12423,98739271;0,00215803;-0,00558121
2017-11-28;12445,64493458;0,00174320;-0,00384774
2017-11-29;12346,34617661;-0,00797859;-0,01179563
2017-11-30;12306,63124761;-0,00321674;-0,01497442
2017-12-01;12308,60335124;0,00016025;-0,01481658
2017-12-04;12302,68150892;-0,00048111;-0,01529056
2017-12-05;12263,59011637;-0,00317747;-0,01841944
2017-12-06;12262,46396432;-0,00009183;-0,01850958
2017-12-07;12210,72715661;-0,00421912;-0,02265061
2017-12-08;12233,93830692;0,00190088;-0,02079278
2017-12-11;12239,75096835;0,00047513;-0,02032754
2017-12-12;12260,72431082;0,00171354;-0,01864882
2017-12-13;12294,67488996;0,00276905;-0,01593141
2017-12-14;12269,06950453;-0,00208264;-0,01798087
2017-12-15;12315,86660088;0,00381423;-0,01423522
2017-12-18;12355,52355333;0,00321999;-0,01106107
2017-12-19;12353,19622563;-0,00018836;-0,01124735
2017-12-20;12348,21002297;-0,00040364;-0,01164645
2017-12-21;12372,83931751;0,00199456;-0,00967511
2017-12-22;12394,29590601;0,00173417;-0,00795772
2017-12-27;12436,20611565;0,00338141;-0,00460322
2017-12-28;12453,66934758;0,00140423;-0,00320546
2017-12-29;12471,51033070;0,00143259;-0,00177746
2018-01-02;12534,66374881;0,00506381;0,00000000
2018-01-03;12553,92349259;0,00153652;0,00000000
2018-01-04;12607,76501141;0,00428882;0,00000000
2018-01-05;12618,27572649;0,00083367;0,00000000
2018-01-08;12627,23035124;0,00070966;0,00000000
2018-01-09;12608,41996482;-0,00148967;-0,00148967
2018-01-10;12611,72733070;0,00026231;-0,00122775
2018-01-11;12635,88127487;0,00191520;0,00000000
2018-01-12;12724,71731009;0,00703046;0,00000000
2018-01-16;12717,11887884;-0,00059714;-0,00059714
2018-01-17;12686,02212362;-0,00244527;-0,00304095
2018-01-18;12671,78140872;-0,00112255;-0,00416008
2018-01-19;12703,01998701;0,00246521;-0,00170513
2018-01-22;12724,96674936;0,00172768;0,00000000
2018-01-23;12776,73494552;0,00406824;0,00000000
2018-01-24;12818,36213389;0,00325805;0,00000000
2018-01-25;12756,37901703;-0,00483549;-0,00483549
2018-01-26;12817,00170441;0,00475234;-0,00010613
2018-01-29;12770,09344212;-0,00365985;-0,00376559
2018-01-30;12706,28010244;-0,00499709;-0,00874387
2018-01-31;12747,21856758;0,00322191;-0,00555013
2018-02-01;12766,78389533;0,00153487;-0,00402378
2018-02-02;12647,36908851;-0,00935355;-0,01333970
2018-02-05;12575,95238806;-0,00564676;-0,01891113
2018-02-06;12472,74230992;-0,00820694;-0,02696287
2018-02-07;12505,31259667;0,00261132;-0,02442196
2018-02-08;12379,64529349;-0,01004911;-0,03422566
2018-02-09;12382,87381145;0,00026079;-0,03397379
2018-02-12;12479,05871531;0,00776758;-0,02647011
2018-02-13;12498,21340085;0,00153495;-0,02497579
2018-02-14;12626,69973033;0,01028038;-0,01495218
2018-02-15;12670,39505243;0,00346055;-0,01154337
2018-02-16;12687,12185854;0,00132015;-0,01023846
2018-02-20;12620,02123600;-0,00528888;-0,01547319
2018-02-21;12597,39430321;-0,00179294;-0,01723838
2018-02-22;12625,71427869;0,00224808;-0,01502905
2018-02-23;12643,47323993;0,00140657;-0,01364362
2018-02-26;12713,90240704;0,00557040;-0,00814923
2018-02-27;12651,21422199;-0,00493068;-0,01303972
2018-02-28;12641,96912125;-0,00073077;-0,01376096
2018-03-01;12573,05896806;-0,00545090;-0,01913686
2018-03-02;12586,14707055;0,00104096;-0,01811581
2018-03-05;12604,51697796;0,00145953;-0,01668272
2018-03-06;12682,47597186;0,00618500;-0,01060090
2018-03-07;12644,99338718;-0,00295546;-0,01352503
2018-03-08;12660,39917212;0,00121833;-0,01232318
2018-03-09;12704,70330280;0,00349943;-0,00886688
2018-03-12;12716,49918455;0,00092847;-0,00794664
2018-03-13;12695,38583880;-0,00166031;-0,00959376
2018-03-14;12683,86983445;-0,00090710;-0,01049216
2018-03-15;12647,39831640;-0,00287543;-0,01333742
2018-03-16;12632,27377042;-0,00119586;-0,01451733
2018-03-19;12581,42314785;-0,00402545;-0,01848434
2018-03-20;12559,28585765;-0,00175952;-0,02021134
2018-03-21;12654,89705071;0,00761279;-0,01275242
2018-03-22;12563,77150856;-0,00720081;-0,01986140
2018-03-23;12587,42528132;0,00188270;-0,01801610
2018-03-26;12646,39295411;0,00468465;-0,01341585
2018-03-27;12601,77769975;-0,00352790;-0,01689642
2018-03-28;12482,88689551;-0,00943445;-0,02617146
2018-03-29;12534,84082149;0,00416201;-0,02211837
2018-04-03;12523,27488129;-0,00092270;-0,02302067
2018-04-04;12550,52218858;0,00217573;-0,02089502
2018-04-05;12570,32843858;0,00157812;-0,01934987
2018-04-06;12542,89483037;-0,00218241;-0,02149005
2018-04-09;12568,29652590;0,00202519;-0,01950839
2018-04-10;12630,22073204;0,00492702;-0,01467749
2018-04-11;12659,50448370;0,00231855;-0,01239298
2018-04-12;12605,52094194;-0,00426427;-0,01660440
2018-04-13;12640,60850616;0,00278351;-0,01386711
2018-04-16;12659,55211391;0,00149863;-0,01238926
2018-04-17;12710,63434713;0,00403507;-0,00840418
2018-04-18;12722,11190927;0,00090299;-0,00750878
2018-04-19;12695,04885944;-0,00212725;-0,00962005
2018-04-20;12628,54024099;-0,00523894;-0,01480859
2018-04-23;12589,63213125;-0,00308097;-0,01784393
2018-04-24;12592,89263725;0,00025898;-0,01758957
2018-04-25;12525,78138811;-0,00532930;-0,02282513
2018-04-26;12547,70954046;0,00175064;-0,02111444
2018-04-27;12598,64193577;0,00405910;-0,01714105
2018-04-30;12551,25180589;-0,00376153;-0,02083810
2018-05-01;12521,77580877;-0,00234845;-0,02313761
2018-05-02;12531,26100496;0,00075750;-0,02239765
2018-05-03;12549,94439866;0,00149094;-0,02094010
2018-05-04;12623,93495753;0,00589569;-0,01516786
2018-05-08;12645,74856415;0,00172796;-0,01346612
2018-05-09;12649,01011932;0,00025792;-0,01321167
2018-05-10;12738,76058805;0,00709545;-0,00620996
2018-05-11;12726,25819697;-0,00098144;-0,00718531
2018-05-14;12703,66152016;-0,00177559;-0,00894815
2018-05-15;12563,81087622;-0,01100869;-0,01985833
2018-05-16;12567,76827709;0,00031498;-0,01954960
2018-05-17;12561,97049258;-0,00046132;-0,02000190
2018-05-18;12563,13880378;0,00009300;-0,01991076
2018-05-21;12597,92018130;0,00276853;-0,01719736
2018-05-22;12594,88929643;-0,00024059;-0,01743381
2018-05-23;12600,54284835;0,00044888;-0,01699275
2018-05-24;12652,60990998;0,00413213;-0,01293084
2018-05-25;12642,16948403;-0,00082516;-0,01374533
2018-05-29;12620,32664234;-0,00172778;-0,01544936
2018-05-30;12643,61845749;0,00184558;-0,01363229
2018-05-31;12626,35501368;-0,00136539;-0,01497907
2018-06-01;12624,09345115;-0,00017911;-0,01515550
2018-06-04;12638,97576537;0,00117888;-0,01399448
2018-06-05;12665,78838487;0,00212142;-0,01190275
2018-06-06;12677,68317551;0,00093913;-0,01097480
2018-06-07;12669,57905312;-0,00063924;-0,01160703
2018-06-08;12679,25303107;0,00076356;-0,01085233
2018-06-11;12701,13106299;0,00172550;-0,00914556
2018-06-12;12680,65610375;-0,00161206;-0,01074287
2018-06-13;12702,83304531;0,00174888;-0,00901278
2018-06-14;12731,12013105;0,00222683;-0,00680602
2018-06-15;12597,13657917;-0,01052410;-0,01725849
2018-06-18;12583,17776222;-0,00110809;-0,01834746
2018-06-19;12556,26015833;-0,00213917;-0,02044738
2018-06-20;12534,47513237;-0,00173499;-0,02214690
2018-06-21;12489,58513693;-0,00358132;-0,02564891
2018-06-22;12510,57357619;0,00168048;-0,02401154
2018-06-25;12429,11190226;-0,00651143;-0,03036661
2018-06-26;12401,51974676;-0,00221996;-0,03251916
2018-06-27;12357,99714939;-0,00350946;-0,03591449
2018-06-28;12348,76817448;-0,00074680;-0,03663447
2018-06-29;12386,50100639;0,00305559;-0,03369082
2018-07-02;12313,87249736;-0,00586352;-0,03935679
2018-07-03;12371,46852376;0,00467733;-0,03486355
2018-07-05;12410,69574793;0,00317078;-0,03180331
2018-07-06;12424,39696422;0,00110398;-0,03073444
2018-07-09;12470,82785461;0,00373707;-0,02711222
2018-07-10;12464,06316728;-0,00054244;-0,02763996
2018-07-11;12367,06510636;-0,00778222;-0,03520707
2018-07-12;12426,60162456;0,00481412;-0,03056245
2018-07-13;12402,77013306;-0,00191778;-0,03242161
2018-07-16;12400,36430110;-0,00019398;-0,03260930
2018-07-17;12339,98364592;-0,00486926;-0,03731978
2018-07-18;12357,83927335;0,00144697;-0,03592681
2018-07-19;12333,63737668;-0,00195842;-0,03781487
2018-07-20;12370,93282299;0,00302388;-0,03490534
2018-07-23;12338,40532649;-0,00262935;-0,03744291
2018-07-24;12356,17193869;0,00143994;-0,03605688
2018-07-25;12411,03032109;0,00443976;-0,03177721
2018-07-26;12348,28927027;-0,00505527;-0,03667184
2018-07-27;12326,71350910;-0,00174727;-0,03835503
2018-07-30;12286,19048755;-0,00328741;-0,04151635
2018-07-31;12308,34317858;0,00180306;-0,03978815
2018-08-01;12269,85090778;-0,00312733;-0,04279105
2018-08-02;12248,20960250;-0,00176378;-0,04447936
2018-08-03;12292,53007570;0,00361853;-0,04102178
2018-08-06;12275,84673761;-0,00135719;-0,04232330
2018-08-07;12303,73197858;0,00227155;-0,04014789
2018-08-08;12333,75194880;0,00243991;-0,03780594
2018-08-09;12330,44270917;-0,00026831;-0,03806410
2018-08-10;12304,89129728;-0,00207222;-0,04005745
2018-08-13;12203,28279317;-0,00825757;-0,04798424
2018-08-14;12222,46259302;0,00157169;-0,04648796
2018-08-15;12079,54311916;-0,01169318;-0,05763755
2018-08-16;12096,21614628;0,00138027;-0,05633684
2018-08-17;12151,42477701;0,00456412;-0,05202984
2018-08-20;12191,71741636;0,00331588;-0,04888649
2018-08-21;12212,20870288;0,00168075;-0,04728790
2018-08-22;12226,72162782;0,00118839;-0,04615570
2018-08-23;12172,82730003;-0,00440791;-0,05036017
2018-08-24;12307,87616198;0,01109429;-0,03982459
2018-08-28;12314,58359786;0,00054497;-0,03930132
2018-08-29;12346,87046711;0,00262184;-0,03678252
2018-08-30;12300,34073701;-0,00376854;-0,04041245
2018-08-31;12289,84198682;-0,00085353;-0,04123149
2018-09-04;12265,82100432;-0,00195454;-0,04310544
2018-09-05;12246,85400688;-0,00154633;-0,04458511
2018-09-06;12244,37794124;-0,00020218;-0,04477828
2018-09-07;12209,37881056;-0,00285838;-0,04750867
2018-09-10;12207,79349249;-0,00012984;-0,04763234
2018-09-11;12233,98728780;0,00214566;-0,04558889
2018-09-12;12280,90126549;0,00383473;-0,04192898
2018-09-13;12268,41796488;-0,00101648;-0,04290284
2018-09-14;12240,32633491;-0,00228975;-0,04509436
2018-09-17;12238,18148147;-0,00017523;-0,04526168
2018-09-18;12246,84451204;0,00070787;-0,04458585
2018-09-19;12270,72624185;0,00195003;-0,04272277
2018-09-20;12312,62496403;0,00341453;-0,03945412
2018-09-21;12285,21808073;-0,00222592;-0,04159221
2018-09-24;12277,26732329;-0,00064718;-0,04221248
2018-09-25;12295,76643397;0,00150678;-0,04076930
2018-09-26;12246,77704726;-0,00398425;-0,04459112
2018-09-27;12207,95195625;-0,00317023;-0,04761998
2018-09-28;12257,92536134;0,00409351;-0,04372140
2018-10-01;12252,14055756;-0,00047192;-0,04417269
2018-10-02;12331,50210144;0,00647736;-0,03798145
2018-10-03;12318,59732382;-0,00104649;-0,03898820
2018-10-04;12264,92633612;-0,00435691;-0,04317524
2018-10-05;12253,53574809;-0,00092871;-0,04406385
2018-10-08;12145,93046363;-0,00878157;-0,05245847
2018-10-09;12169,10362624;0,00190790;-0,05065066
2018-10-10;12080,35173684;-0,00729322;-0,05757447
2018-10-11;12190,32925934;0,00910383;-0,04899478
2018-10-12;12211,40638631;0,00172900;-0,04735049
2018-10-15;12239,85614514;0,00232977;-0,04513104
2018-10-16;12287,02143191;0,00385342;-0,04145153
2018-10-17;12270,66399849;-0,00133128;-0,04272762
2018-10-18;12261,09013961;-0,00078022;-0,04347451
2018-10-19;12264,94046656;0,00031403;-0,04317413
2018-10-22;12253,72099388;-0,00091476;-0,04404940
2018-10-23;12261,27341889;0,00061634;-0,04346021
2018-10-24;12218,02400168;-0,00352732;-0,04683423
2018-10-25;12263,97632604;0,00376103;-0,04324935
2018-10-26;12223,22973307;-0,00332246;-0,04642812
2018-10-29;12194,64257312;-0,00233876;-0,04865829
2018-10-30;12184,29788027;-0,00084830;-0,04946531
2018-10-31;12202,04072869;0,00145621;-0,04808114
2018-11-01;12289,02763085;0,00712888;-0,04129502
2018-11-02;12266,21961616;-0,00185597;-0,04307434
2018-11-05;12248,19823076;-0,00146919;-0,04448025
2018-11-06;12225,97166280;-0,00181468;-0,04621421
2018-11-07;12280,96210559;0,00449784;-0,04192424
2018-11-08;12274,46185666;-0,00052929;-0,04243134
2018-11-09;12179,49683869;-0,00773680;-0,04983985
2018-11-12;12072,81201649;-0,00875938;-0,05816267
2018-11-13;12061,56475163;-0,00093162;-0,05904010
2018-11-14;12089,08593894;0,00228173;-0,05689309
2018-11-15;12151,68654906;0,00517827;-0,05200942
2018-11-16;12202,36989555;0,00417089;-0,04805546
2018-11-19;12156,86182730;-0,00372945;-0,05160568
2018-11-20;12098,68457921;-0,00478555;-0,05614427
2018-11-21;12145,80223239;0,00389444;-0,05246847
2018-11-23;12101,00047188;-0,00368866;-0,05596360
2018-11-26;12140,56008781;0,00326912;-0,05287743
2018-11-27;12105,95882361;-0,00285006;-0,05557678
2018-11-28;12191,99733173;0,00710712;-0,04886465
2018-11-29;12215,56030296;0,00193266;-0,04702643
2018-11-30;12216,39793746;0,00006857;-0,04696109
2018-12-03;12322,37424449;0,00867492;-0,03869355
2018-12-04;12312,73277775;-0,00078244;-0,03944571
2018-12-06;12220,86264838;-0,00746139;-0,04661278
2018-12-07;12258,36199930;0,00306847;-0,04368734
2018-12-10;12240,08049910;-0,00149135;-0,04511354
2018-12-11;12269,86934050;0,00243371;-0,04278962
2018-12-12;12300,80485070;0,00252126;-0,04037624
2018-12-13;12282,37901241;-0,00149794;-0,04181370
2018-12-14;12209,71889477;-0,00591580;-0,04748214
2018-12-17;12207,11280404;-0,00021344;-0,04768545
2018-12-18;12204,59164218;-0,00020653;-0,04788213
2018-12-19;12155,68729229;-0,00400705;-0,05169731
2018-12-20;12200,73055285;0,00370553;-0,04818335
2018-12-21;12119,85748126;-0,00662854;-0,05449250
2018-12-24;12125,19019069;0,00044000;-0,05407648
2018-12-27;12249,66696454;0,01026596;-0,04436567
2018-12-28;12311,68876370;0,00506314;-0,03952715
2018-12-31;12338,56014335;0,00218259;-0,03743083
2019-01-02;12359,10104024;0,00166477;-0,03582838
2019-01-03;12346,33536128;-0,00103290;-0,03682427
2019-01-04;12366,71973227;0,00165105;-0,03523402
2019-01-07;12405,94483616;0,00317183;-0,03217395
2019-01-08;12410,12794120;0,00033719;-0,03184761
2019-01-09;12482,40020035;0,00582365;-0,02620943
2019-01-10;12444,62615938;-0,00302618;-0,02915630
2019-01-11;12447,14298029;0,00020224;-0,02895995
2019-01-14;12440,15627983;-0,00056131;-0,02950501
2019-01-15;12473,31584502;0,00266553;-0,02691813
2019-01-16;12496,05307404;0,00182287;-0,02514432
2019-01-17;12489,10256195;-0,00055622;-0,02568656
2019-01-18;12475,88247353;-0,00105853;-0,02671790
2019-01-22;12451,03677725;-0,00199150;-0,02865618
2019-01-23;12428,27764185;-0,00182789;-0,03043170
2019-01-24;12428,34571308;0,00000548;-0,03042638
2019-01-25;12557,75407120;0,01041236;-0,02033084
2019-01-28;12543,16779767;-0,00116154;-0,02146876
2019-01-29;12587,93806370;0,00356929;-0,01797609
2019-01-30;12681,89569344;0,00746410;-0,01064617
2019-01-31;12697,43425172;0,00122526;-0,00943396
2019-02-01;12705,25731556;0,00061611;-0,00882366
2019-02-04;12692,98067956;-0,00096626;-0,00978139
2019-02-05;12757,51588880;0,00508432;-0,00474680
2019-02-06;12711,61313994;-0,00359809;-0,00832782
2019-02-07;12685,16221310;-0,00208085;-0,01039134
2019-02-08;12713,65099554;0,00224584;-0,00816884
2019-02-11;12703,42256079;-0,00080452;-0,00896679
2019-02-12;12753,82625029;0,00396773;-0,00503464
2019-02-13;12739,23361795;-0,00114418;-0,00617306
2019-02-14;12788,74202797;0,00388629;-0,00231076
2019-02-15;12856,08518036;0,00526582;0,00000000
2019-02-19;12938,87160572;0,00643947;0,00000000
2019-02-20;12939,57327355;0,00005423;0,00000000
2019-02-21;12842,72720693;-0,00748449;-0,00748449
2019-02-22;12906,00496298;0,00492713;-0,00259424
2019-02-25;12914,73529601;0,00067646;-0,00191954
2019-02-26;12893,04073660;-0,00167983;-0,00359614
2019-02-27;12829,21431550;-0,00495046;-0,00852879
2019-02-28;12789,87068947;-0,00306672;-0,01156936
2019-03-01;12683,17585548;-0,00834214;-0,01981498
2019-03-04;12667,16797742;-0,00126213;-0,02105211
2019-03-05;12674,73468073;0,00059735;-0,02046734
2019-03-06;12650,44217509;-0,00191661;-0,02234472
2019-03-07;12621,04668618;-0,00232367;-0,02461647
2019-03-08;12699,72326065;0,00623376;-0,01853616
2019-03-11;12703,30033107;0,00028167;-0,01825972
2019-03-12;12773,80290120;0,00554994;-0,01281112
2019-03-13;12828,02277807;0,00424462;-0,00862088
2019-03-14;12732,95183420;-0,00741119;-0,01596818
2019-03-15;12788,12678555;0,00433324;-0,01170413
2019-03-18;12816,11373097;0,00218851;-0,00954124
2019-03-19;12845,48669599;0,00229188;-0,00727123
2019-03-20;12880,27882361;0,00270851;-0,00458241
2019-03-21;12919,77955404;0,00306676;-0,00152970
2019-03-22;12858,67532727;-0,00472951;-0,00625198
2019-03-25;12909,84298072;0,00397923;-0,00229763
2019-03-26;12886,76669342;-0,00178750;-0,00408101
2019-03-27;12826,84946902;-0,00464952;-0,00871156
2019-03-28;12753,52981742;-0,00571611;-0,01437787
2019-03-29;12796,49672749;0,00336902;-0,01105728
2019-04-01;12784,21773182;-0,00095956;-0,01200623
2019-04-02;12833,94482357;0,00388973;-0,00816321
2019-04-03;12830,15759209;-0,00029509;-0,00845590
2019-04-04;12849,56650593;0,00151276;-0,00695593
2019-04-05;12865,95178212;0,00127516;-0,00568964
2019-04-08;12903,45807764;0,00291516;-0,00279107
2019-04-09;12922,89559410;0,00150638;-0,00128889
2019-04-10;12948,74488643;0,00200027;0,00000000
2019-04-11;12861,66556395;-0,00672492;-0,00672492
2019-04-12;12862,40214009;0,00005727;-0,00666804
2019-04-15;12851,64335405;-0,00083645;-0,00749891
2019-04-16;12811,62427562;-0,00311393;-0,01058949
2019-04-17;12803,45527402;-0,00063762;-0,01122036
2019-04-18;12816,56785425;0,00102414;-0,01020771
2019-04-23;12833,87206231;0,00135014;-0,00887135
2019-04-24;12856,78732108;0,00178553;-0,00710166
2019-04-25;12863,00871897;0,00048390;-0,00662120
2019-04-26;12901,25130805;0,00297307;-0,00366781
2019-04-29;12879,61922682;-0,00167674;-0,00533841
2019-04-30;12885,32872581;0,00044330;-0,00489748
2019-05-01;12836,35410696;-0,00380080;-0,00867967
2019-05-02;12789,92354729;-0,00361711;-0,01226538
2019-05-03;12838,10298217;0,00376698;-0,00854460
2019-05-07;12821,94831597;-0,00125834;-0,00979219
2019-05-08;12807,31101219;-0,00114158;-0,01092259
2019-05-09;12791,48520903;-0,00123569;-0,01214478
2019-05-10;12808,07066315;0,00129660;-0,01086393
2019-05-13;12833,32744071;0,00197194;-0,00891341
2019-05-14;12862,48311244;0,00227187;-0,00666179
2019-05-15;12876,01377408;0,00105195;-0,00561685
2019-05-16;12870,64868116;-0,00041667;-0,00603118
2019-05-17;12803,70443648;-0,00520131;-0,01120112
2019-05-20;12765,10581521;-0,00301464;-0,01418200
2019-05-21;12767,03055927;0,00015078;-0,01403335
2019-05-22;12775,96600073;0,00069988;-0,01334329
2019-05-23;12783,77412656;0,00061116;-0,01274029
2019-05-24;12796,05249457;0,00096047;-0,01179206
2019-05-28;12764,32687647;-0,00247933;-0,01424215
2019-05-29;12740,38630316;-0,00187558;-0,01609103
2019-05-30;12806,99137230;0,00522787;-0,01094728
2019-05-31;12885,73598028;0,00614856;-0,00486602
2019-06-03;12970,13776587;0,00655002;0,00000000
2019-06-04;13028,30612738;0,00448479;0,00000000
2019-06-05;13071,10340782;0,00328495;0,00000000
2019-06-06;13113,09380836;0,00321246;0,00000000
2019-06-07;13196,91780396;0,00639239;0,00000000
2019-06-10;13164,48574767;-0,00245755;-0,00245755
2019-06-11;13140,06335003;-0,00185517;-0,00430816
2019-06-12;13166,76105772;0,00203178;-0,00228514
2019-06-13;13221,21310428;0,00413557;0,00000000
2019-06-14;13216,91014632;-0,00032546;-0,00032546
2019-06-17;13223,61494185;0,00050729;0,00000000
2019-06-18;13303,86605830;0,00606877;0,00000000
2019-06-19;13349,77107195;0,00345050;0,00000000
2019-06-20;13568,57435031;0,01639004;0,00000000
2019-06-21;13627,58453364;0,00434903;0,00000000
2019-06-24;13746,44162671;0,00872180;0,00000000
2019-06-25;13736,01941999;-0,00075817;-0,00075817
2019-06-26;13662,51664653;-0,00535110;-0,00610521
2019-06-27;13667,00428538;0,00032846;-0,00577876
2019-06-28;13684,36876000;0,00127054;-0,00451556
2019-07-01;13575,51354456;-0,00795471;-0,01243435
2019-07-02;13750,41049488;0,01288327;0,00000000
2019-07-03;13795,97619723;0,00331377;0,00000000
2019-07-05;13701,92598722;-0,00681722;-0,00681722
2019-07-08;13643,40188172;-0,00427123;-0,01105933
2019-07-09;13675,24313406;0,00233382;-0,00875132
2019-07-10;13807,65354108;0,00968249;0,00000000
2019-07-11;13748,01739311;-0,00431906;-0,00431906
2019-07-12;13805,19367701;0,00415887;-0,00017815
2019-07-15;13821,60472651;0,00118876;0,00000000
2019-07-16;13760,98968843;-0,00438553;-0,00438553
2019-07-17;13864,29449363;0,00750708;0,00000000
2019-07-18;13965,25939334;0,00728237;0,00000000
2019-07-19;13865,31844524;-0,00715640;-0,00715640
2019-07-22;13864,23946293;-0,00007782;-0,00723366
2019-07-23;13847,96707632;-0,00117369;-0,00839886
2019-07-24;13891,94281277;0,00317561;-0,00524993
2019-07-25;13835,99061595;-0,00402767;-0,00925645
2019-07-26;13869,82616632;0,00244547;-0,00683362
2019-07-29;13946,35525645;0,00551767;-0,00135365
2019-07-30;13967,96556723;0,00154953;0,00000000
2019-07-31;13839,64819097;-0,00918655;-0,00918655
2019-08-01;14023,39866845;0,01327711;0,00000000
2019-08-02;13923,30403096;-0,00713769;-0,00713769
2019-08-05;13898,89478291;-0,00175312;-0,00887830
2019-08-06;13956,11115389;0,00411661;-0,00479823
2019-08-07;14058,29718104;0,00732196;0,00000000
2019-08-08;14176,09224637;0,00837904;0,00000000
2019-08-09;14130,32356639;-0,00322858;-0,00322858
2019-08-12;14166,33168133;0,00254829;-0,00068852
2019-08-13;14184,18471017;0,00126024;0,00000000
2019-08-14;14137,81887055;-0,00326884;-0,00326884
2019-08-15;14158,72163166;0,00147850;-0,00179517
2019-08-16;14169,60640051;0,00076877;-0,00102779
2019-08-19;14146,90193496;-0,00160234;-0,00262848
2019-08-20;14171,88683706;0,00176610;-0,00086701
2019-08-21;14175,55622867;0,00025892;-0,00060832
2019-08-22;14133,82249964;-0,00294406;-0,00355059
2019-08-23;14183,95612818;0,00354707;-0,00001612
2019-08-27;14254,64269439;0,00498356;0,00000000
2019-08-28;14257,86320280;0,00022593;0,00000000
2019-08-29;14266,91640205;0,00063496;0,00000000
2019-08-30;14241,33528004;-0,00179304;-0,00179304
2019-09-03;14334,44910537;0,00653828;0,00000000
2019-09-04;14401,10693263;0,00465018;0,00000000
2019-09-05;14287,04824947;-0,00792013;-0,00792013
2019-09-06;14243,65570491;-0,00303719;-0,01093327
2019-09-09;14197,48674790;-0,00324137;-0,01413920
2019-09-10;14128,15064779;-0,00488369;-0,01895384
2019-09-11;14205,36719995;0,00546544;-0,01359199
2019-09-12;14236,18789598;0,00216965;-0,01145183
2019-09-13;14164,11056593;-0,00506297;-0,01645682
2019-09-16;14202,30540775;0,00269659;-0,01380460
2019-09-17;14209,08465373;0,00047733;-0,01333386
2019-09-18;14170,37860955;-0,00272404;-0,01602157
2019-09-19;14218,89087768;0,00342350;-0,01265292
2019-09-20;14266,60668113;0,00335580;-0,00933958
2019-09-23;14301,76534535;0,00246440;-0,00689819
2019-09-24;14314,35431218;0,00088024;-0,00602402
2019-09-25;14216,11090624;-0,00686328;-0,01284596
2019-09-26;14222,37301271;0,00044049;-0,01241112
2019-09-27;14192,41610933;-0,00210632;-0,01449130
2019-09-30;14112,09598750;-0,00565937;-0,02006866
2019-10-01;14124,83352280;0,00090260;-0,01918418
2019-10-02;14133,67873009;0,00062622;-0,01856998
2019-10-03;14172,52065370;0,00274818;-0,01587283
2019-10-04;14231,01350008;0,00412720;-0,01181114
2019-10-07;14171,11613196;-0,00420893;-0,01597036
2019-10-08;14201,84047888;0,00216810;-0,01383688
2019-10-09;14231,34465135;0,00207749;-0,01178814
2019-10-10;14173,78929109;-0,00404427;-0,01578473
2019-10-11;14131,32134120;-0,00299623;-0,01873367
2019-10-14;14158,04416640;0,00189104;-0,01687806
2019-10-15;14127,61860805;-0,00214899;-0,01899078
2019-10-16;14138,91439830;0,00079955;-0,01820642
2019-10-17;14146,96881492;0,00056966;-0,01764712
2019-10-18;14118,57932910;-0,00200675;-0,01961846
2019-10-21;14089,10147038;-0,00208788;-0,02166538
2019-10-22;14105,18326756;0,00114144;-0,02054867
2019-10-23;14133,30946210;0,00199403;-0,01859562
2019-10-24;14220,60398606;0,00617651;-0,01253396
2019-10-25;14256,94387408;0,00255544;-0,01001055
2019-10-28;14211,23972247;-0,00320575;-0,01318421
2019-10-29;14171,28904198;-0,00281120;-0,01595835
2019-10-30;14230,59827471;0,00418517;-0,01183997
2019-10-31;14290,54504271;0,00421253;-0,00767732
2019-11-01;14323,14633815;0,00228132;-0,00541351
2019-11-04;14345,71021522;0,00157534;-0,00384670
2019-11-05;14250,38168224;-0,00664509;-0,01046623
2019-11-06;14278,61107105;0,00198096;-0,00850600
2019-11-07;14222,26224285;-0,00394638;-0,01241882
2019-11-08;14192,97067440;-0,00205956;-0,01445280
2019-11-11;14156,47493748;-0,00257140;-0,01698703
2019-11-12;14199,55293353;0,00304299;-0,01399573
2019-11-13;14211,08105023;0,00081186;-0,01319523
2019-11-14;14226,35725240;0,00107495;-0,01213446
2019-11-15;14240,84304459;0,00101824;-0,01112858
2019-11-18;14252,31100027;0,00080529;-0,01033226
2019-11-19;14262,80562680;0,00073635;-0,00960352
2019-11-20;14254,24239732;-0,00060039;-0,01019814
2019-11-21;14203,81732650;-0,00353755;-0,01369961
2019-11-22;14215,23636549;0,00080394;-0,01290669
2019-11-25;14212,04784132;-0,00022430;-0,01312809
2019-11-26;14262,52905288;0,00355200;-0,00962272
2019-11-27;14238,96660711;-0,00165205;-0,01125888
2019-11-29;14249,02282987;0,00070625;-0,01056058
2019-12-02;14200,44702834;-0,00340906;-0,01393364
2019-12-03;14209,29323164;0,00062295;-0,01331937
2019-12-04;14212,25792445;0,00020864;-0,01311351
2019-12-05;14217,64026918;0,00037871;-0,01273976
2019-12-06;14205,35249010;-0,00086426;-0,01359301
2019-12-09;14187,76918251;-0,00123779;-0,01481398
2019-12-10;14193,97018379;0,00043707;-0,01438339
2019-12-11;14256,15920960;0,00438137;-0,01006504
2019-12-12;14275,94420746;0,00138782;-0,00869119
2019-12-13;14283,65252662;0,00053995;-0,00815593
2019-12-16;14331,56415509;0,00335430;-0,00482899
2019-12-17;14352,48784018;0,00145997;-0,00337607
2019-12-18;14365,38680783;0,00089873;-0,00248037
2019-12-19;14405,93211058;0,00282243;0,00000000
2019-12-20;14420,82094268;0,00103352;0,00000000
2019-12-23;14491,22002744;0,00488177;0,00000000
2019-12-24;14544,36369535;0,00366730;0,00000000
2019-12-27;14590,97354044;0,00320467;0,00000000
2019-12-30;14580,15038931;-0,00074177;-0,00074177
2019-12-31;14573,98526718;-0,00042284;-0,00116430
2020-01-02;14687,88118606;0,00781502;0,00000000
2020-01-03;14762,40979726;0,00507416;0,00000000
2020-01-06;14813,96802262;0,00349253;0,00000000
2020-01-07;14857,83137614;0,00296095;0,00000000
2020-01-08;14836,00994889;-0,00146868;-0,00146868
2020-01-09;14837,99761168;0,00013398;-0,00133490
2020-01-10;14883,01135952;0,00303368;0,00000000
2020-01-13;14867,84237187;-0,00101921;-0,00101921
2020-01-14;14855,09165171;-0,00085760;-0,00187594
2020-01-15;14903,28513822;0,00324424;0,00000000
2020-01-16;14913,19181330;0,00066473;0,00000000
2020-01-17;14963,65541993;0,00338382;0,00000000
2020-01-21;14962,57712780;-0,00007206;-0,00007206
2020-01-22;14951,69822995;-0,00072707;-0,00079908
2020-01-23;14962,72608532;0,00073757;-0,00006211
2020-01-24;15008,68229281;0,00307138;0,00000000
2020-01-27;14956,53755505;-0,00347430;-0,00347430
2020-01-28;14968,90982275;0,00082721;-0,00264996
2020-01-29;15009,88939152;0,00273765;0,00000000
2020-01-30;14984,02814875;-0,00172295;-0,00172295
2020-01-31;14943,56877125;-0,00270017;-0,00441846
2020-02-03;14966,45108399;0,00153125;-0,00289398
2020-02-04;14917,59390902;-0,00326445;-0,00614898
2020-02-05;14956,41791440;0,00260256;-0,00356242
2020-02-06;15035,35148603;0,00527757;0,00000000
2020-02-07;15036,98310831;0,00010852;0,00000000
2020-02-10;15067,52949009;0,00203142;0,00000000
2020-02-11;15050,18233691;-0,00115129;-0,00115129
2020-02-12;15058,71793515;0,00056714;-0,00058480
2020-02-13;15094,61241358;0,00238363;0,00000000
2020-02-14;15136,52559229;0,00277670;0,00000000
2020-02-18;15221,93953617;0,00564290;0,00000000
2020-02-19;15315,38558388;0,00613891;0,00000000
2020-02-20;15333,31284927;0,00117054;0,00000000
2020-02-21;15406,92101823;0,00480054;0,00000000
2020-02-24;15368,72672745;-0,00247903;-0,00247903
2020-02-25;15131,51120271;-0,01543495;-0,01787572
2020-02-26;15182,75409359;0,00338650;-0,01454975
2020-02-27;15051,64297723;-0,00863553;-0,02305964
2020-02-28;14710,10050455;-0,02269137;-0,04522776
2020-03-02;14867,15572273;0,01067669;-0,03503395
2020-03-03;15030,96372533;0,01101811;-0,02440184
2020-03-04;15133,26289281;0,00680590;-0,01776203
2020-03-05;15216,12704516;0,00547563;-0,01238365
2020-03-06;15074,02298949;-0,00933904;-0,02160704
2020-03-09;14838,25377001;-0,01564076;-0,03690986
2020-03-10;14753,61195185;-0,00570430;-0,04240361
2020-03-11;14672,83488511;-0,00547507;-0,04764652
2020-03-12;14085,75950823;-0,04001104;-0,08575117
2020-03-13;14043,36730469;-0,00300958;-0,08850267
2020-03-16;13806,45414294;-0,01687011;-0,10387974
2020-03-17;14011,75905624;0,01487021;-0,09055424
2020-03-18;13768,46926001;-0,01736326;-0,10634518
2020-03-19;13702,89142070;-0,00476290;-0,11060157
2020-03-20;13723,07618225;0,00147303;-0,10929146
2020-03-23;13918,93511797;0,01427223;-0,09657906
2020-03-24;14462,34408345;0,03904099;-0,06130861
2020-03-25;14455,15093318;-0,00049737;-0,06177549
2020-03-26;14637,73775122;0,01263126;-0,04992453
2020-03-27;14419,65200948;-0,01489887;-0,06407958
2020-03-30;14536,96187491;0,00813542;-0,05646548
2020-03-31;14353,60104153;-0,01261342;-0,06836668
2020-04-01;14229,10755257;-0,00867333;-0,07644704
2020-04-02;14332,12020185;0,00723957;-0,06976091
2020-04-03;14362,58090062;0,00212534;-0,06778383
2020-04-06;14693,78521291;0,02306022;-0,04628672
2020-04-07;14769,48490741;0,00515182;-0,04137336
2020-04-08;14716,36254870;-0,00359676;-0,04482132
2020-04-09;14899,78142050;0,01246360;-0,03291635
2020-04-14;15090,84566029;0,01282329;-0,02051515
2020-04-15;14998,24333131;-0,00613632;-0,02652559
2020-04-16;15024,54488810;0,00175364;-0,02481847
2020-04-17;14983,75276422;-0,00271503;-0,02746611
2020-04-20;15035,71379538;0,00346782;-0,02409354
2020-04-21;14859,93049681;-0,01169105;-0,03550291
2020-04-22;15045,16116431;0,01246511;-0,02348035
2020-04-23;15120,10405611;0,00498120;-0,01861611
2020-04-24;15099,64190021;-0,00135331;-0,01994423
2020-04-27;15146,09323646;0,00307632;-0,01692926
2020-04-28;15119,78494901;-0,00173697;-0,01863682
2020-04-29;15259,84539354;0,00926339;-0,00954608
2020-04-30;15082,98536193;-0,01158990;-0,02102533
2020-05-01;15019,84767243;-0,00418602;-0,02512334
2020-05-04;15026,81469136;0,00046385;-0,02467114
2020-05-05;15211,77293346;0,01230855;-0,01266626
2020-05-06;15172,73765385;-0,00256612;-0,01519988
2020-05-07;15354,18932466;0,01195906;-0,00342260
2020-05-11;15377,63635861;0,00152708;-0,00190075
2020-05-12;15412,87434621;0,00229151;0,00000000
2020-05-13;15297,18814553;-0,00750582;-0,00750582
2020-05-14;15283,47851119;-0,00089622;-0,00839531
2020-05-15;15407,90952340;0,00814154;-0,00032212
2020-05-18;15630,58157983;0,01445180;0,00000000
2020-05-19;15650,00441716;0,00124262;0,00000000
2020-05-20;15741,29133651;0,00583303;0,00000000
2020-05-21;15579,43558424;-0,01028224;-0,01028224
2020-05-22;15622,00469530;0,00273239;-0,00757795
2020-05-26;15654,79616608;0,00209906;-0,00549480
2020-05-27;15711,64613718;0,00363147;-0,00188328
2020-05-28;15820,93659195;0,00695602;0,00000000
2020-05-29;15760,12168260;-0,00384395;-0,00384395
2020-06-01;15824,08053593;0,00405827;0,00000000
2020-06-02;15817,67023738;-0,00040510;-0,00040510
2020-06-03;15821,51218243;0,00024289;-0,00016231
2020-06-04;15844,96310611;0,00148222;0,00000000
2020-06-05;15892,08851768;0,00297416;0,00000000
2020-06-08;15967,63118500;0,00475348;0,00000000
2020-06-09;16005,69062405;0,00238354;0,00000000
2020-06-10;16109,64178408;0,00649464;0,00000000
2020-06-11;15769,29630714;-0,02112682;-0,02112682
2020-06-12;15804,52084665;0,00223374;-0,01894027
2020-06-15;15786,69545518;-0,00112787;-0,02004677
2020-06-16;15994,10465075;0,01313823;-0,00717192
2020-06-17;16029,29287661;0,00220007;-0,00498763
2020-06-18;16042,66188441;0,00083404;-0,00415775
2020-06-19;16129,44137787;0,00540930;0,00000000
2020-06-22;16160,87934104;0,00194910;0,00000000
2020-06-23;16265,32909769;0,00646312;0,00000000
2020-06-24;16083,19694451;-0,01119757;-0,01119757
2020-06-25;16104,51888140;0,00132573;-0,00988669
2020-06-26;16087,46522433;-0,00105894;-0,01093515
2020-06-29;16157,85826602;0,00437565;-0,00660736
2020-06-30;16225,96947481;0,00421536;-0,00241985
2020-07-01;16208,28482940;-0,00108990;-0,00350711
2020-07-02;16292,25612550;0,00518076;0,00000000
2020-07-06;16402,30974226;0,00675496;0,00000000
2020-07-07;16374,96443289;-0,00166716;-0,00166716
2020-07-08;16385,79731387;0,00066155;-0,00100671
2020-07-09;16342,84213047;-0,00262149;-0,00362556
2020-07-10;16359,24749344;0,00100383;-0,00262538
2020-07-13;16450,42983002;0,00557375;0,00000000
2020-07-14;16431,78967060;-0,00113311;-0,00113311
2020-07-15;16516,52905562;0,00515704;0,00000000
2020-07-16;16414,43048501;-0,00618160;-0,00618160
2020-07-17;16510,13376070;0,00583044;-0,00038721
2020-07-20;16550,82715700;0,00246475;0,00000000
2020-07-21;16624,05240700;0,00442427;0,00000000
2020-07-22;16704,20216075;0,00482131;0,00000000
2020-07-23;16734,79749345;0,00183159;0,00000000
2020-07-24;16675,45065578;-0,00354631;-0,00354631
2020-07-27;16788,25426425;0,00676465;0,00000000
2020-07-28;16821,90817240;0,00200461;0,00000000
2020-07-29;16878,89424563;0,00338761;0,00000000
2020-07-30;16771,83344657;-0,00634288;-0,00634288
2020-07-31;16839,06511014;0,00400861;-0,00235970
2020-08-03;16963,61342026;0,00739639;0,00000000
2020-08-04;17151,36672198;0,01106800;0,00000000
2020-08-05;17252,32333379;0,00588621;0,00000000
2020-08-06;17371,33261003;0,00689816;0,00000000
2020-08-07;17244,89029563;-0,00727879;-0,00727879
2020-08-10;17203,06315821;-0,00242548;-0,00968662
2020-08-11;16782,35472359;-0,02445544;-0,03390516
2020-08-12;16822,97751074;0,00242057;-0,03156667
2020-08-13;16986,39369777;0,00971387;-0,02215943
2020-08-14;16934,11138622;-0,00307789;-0,02516912
2020-08-17;17129,88171041;0,01156071;-0,01389939
2020-08-18;17177,17383563;0,00276080;-0,01117696
2020-08-19;16952,86058367;-0,01305880;-0,02408981
2020-08-20;16997,97547738;0,00266120;-0,02149272
2020-08-21;16974,26668578;-0,00139480;-0,02285754
2020-08-24;17011,03155030;0,00216592;-0,02074113
2020-08-25;17020,23153775;0,00054082;-0,02021152
2020-08-26;17162,97909387;0,00838693;-0,01199410
2020-08-27;17082,78956187;-0,00467224;-0,01661030
2020-08-28;17195,92903021;0,00662301;-0,01009730
2020-09-01;17256,27207750;0,00350915;-0,00662359
2020-09-02;17255,18851337;-0,00006279;-0,00668596
2020-09-03;17021,96548436;-0,01351611;-0,02011171
2020-09-04;16939,10098388;-0,00486809;-0,02488189
2020-09-08;16896,53248034;-0,00251303;-0,02733240
2020-09-09;17083,86523454;0,01108705;-0,01654838
2020-09-10;17082,13050864;-0,00010154;-0,01664824
2020-09-11;17062,45185159;-0,00115200;-0,01778106
2020-09-14;17163,95208737;0,00594875;-0,01193809
2020-09-15;17196,30330136;0,00188483;-0,01007576
2020-09-16;17157,62387465;-0,00224929;-0,01230238
2020-09-17;17050,14107901;-0,00626443;-0,01848975
2020-09-18;17021,98311110;-0,00165148;-0,02011069
2020-09-21;16780,28826198;-0,01419898;-0,03402412
2020-09-22;16832,81344349;0,00313017;-0,03100045
2020-09-23;16647,98536847;-0,01098022;-0,04164029
2020-09-24;16627,35050047;-0,00123948;-0,04282815
2020-09-25;16666,13683001;0,00233268;-0,04059538
2020-09-28;16814,81331059;0,00892087;-0,03203665
2020-09-29;16876,91572447;0,00369332;-0,02846166
2020-09-30;16841,89069194;-0,00207532;-0,03047791
2020-10-01;16937,93564164;0,00570274;-0,02494898
2020-10-02;16857,41737975;-0,00475372;-0,02958410
2020-10-05;16966,95097847;0,00649765;-0,02327868
2020-10-06;16891,02397220;-0,00447499;-0,02764950
2020-10-07;16935,84656070;0,00265363;-0,02506924
2020-10-08;17004,58591023;0,00405881;-0,02111218
2020-10-09;17131,66028362;0,00747295;-0,01379700
2020-10-12;17197,23017324;0,00382741;-0,01002240
2020-10-13;17121,24088469;-0,00441869;-0,01439681
2020-10-14;17098,63150532;-0,00132055;-0,01569834
2020-10-15;17071,43527233;-0,00159055;-0,01726392
2020-10-16;17104,86058947;0,00195797;-0,01533976
2020-10-19;17034,93091851;-0,00408829;-0,01936534
2020-10-20;17044,84587477;0,00058204;-0,01879457
2020-10-21;17002,52839306;-0,00248271;-0,02123062
2020-10-22;16946,32034970;-0,00330586;-0,02446630
2020-10-23;16985,79901378;0,00232963;-0,02219367
2020-10-26;16881,04098386;-0,00616739;-0,02822418
2020-10-27;16874,03386184;-0,00041509;-0,02862755
2020-10-28;16618,46664632;-0,01514559;-0,04333956
2020-10-29;16636,66816427;0,00109526;-0,04229177
2020-10-30;16572,43732964;-0,00386080;-0,04598929
2020-11-02;16713,82318345;0,00853139;-0,03785026
2020-11-03;16849,69155239;0,00812910;-0,03002885
2020-11-04;17097,04535825;0,01468002;-0,01578965
2020-11-05;17315,89533867;0,01280046;-0,00319131
2020-11-06;17286,87951658;-0,00167568;-0,00486164
2020-11-09;17282,84691425;-0,00023328;-0,00509378
2020-11-10;17119,62871583;-0,00944394;-0,01448961
2020-11-11;17209,39054789;0,00524321;-0,00932237
2020-11-12;17236,12311274;0,00155337;-0,00778348
2020-11-13;17267,81445491;0,00183866;-0,00595914
2020-11-16;17390,31408001;0,00709410;0,00000000
2020-11-17;17321,85713590;-0,00393650;-0,00393650
2020-11-18;17274,06166475;-0,00275926;-0,00668489
2020-11-19;17234,92330538;-0,00226573;-0,00893548
2020-11-20;17238,59263654;0,00021290;-0,00872448
2020-11-23;17111,71011212;-0,00736038;-0,01602064
2020-11-24;17150,55938690;0,00227033;-0,01378668
2020-11-25;17129,14743999;-0,00124847;-0,01501794
2020-11-27;17168,05745086;0,00227157;-0,01278048
2020-11-30;17040,70171583;-0,00741818;-0,02010386
2020-12-01;17247,53515134;0,01213761;-0,00821026
2020-12-02;17327,52031567;0,00463748;-0,00361085
2020-12-03;17376,51502730;0,00282757;-0,00079349
2020-12-04;17396,56388106;0,00115379;0,00000000
2020-12-07;17558,15782482;0,00928884;0,00000000
2020-12-08;17593,47055160;0,00201119;0,00000000
2020-12-09;17410,18980316;-0,01041754;-0,01041754
2020-12-10;17399,49445313;-0,00061432;-0,01102546
2020-12-11;17408,41898177;0,00051292;-0,01051820
2020-12-14;17368,08156303;-0,00231712;-0,01281095
2020-12-15;17500,76437713;0,00763946;-0,00526935
2020-12-16;17575,72268556;0,00428314;-0,00100878
2020-12-17;17683,67864136;0,00614233;0,00000000
2020-12-18;17668,28104029;-0,00087072;-0,00087072
2020-12-21;17647,05614127;-0,00120130;-0,00207098
2020-12-22;17627,18219104;-0,00112619;-0,00319484
2020-12-23;17635,85554835;0,00049204;-0,00270436
2020-12-24;17660,11666041;0,00137567;-0,00133241
2020-12-29;17726,50204044;0,00375906;0,00000000
2020-12-30;17774,41052281;0,00270265;0,00000000
2020-12-31;17797,80741807;0,00131632;0,00000000
2021-01-04;17970,78661391;0,00971913;0,00000000
2021-01-05;17992,69526707;0,00121913;0,00000000
2021-01-06;17919,27447624;-0,00408059;-0,00408059
2021-01-07;17970,60499727;0,00286454;-0,00122774
2021-01-08;17808,35839784;-0,00902844;-0,01024509
2021-01-11;17784,13554020;-0,00136020;-0,01159136
2021-01-12;17778,35355029;-0,00032512;-0,01191271
2021-01-13;17776,41525092;-0,00010903;-0,01202043
2021-01-14;17757,59999782;-0,00105844;-0,01306615
2021-01-15;17663,11665914;-0,00532073;-0,01831736
2021-01-19;17735,18962312;0,00408042;-0,01431168
2021-01-20;17877,70607888;0,00803580;-0,00639088
2021-01-21;17893,92799987;0,00090738;-0,00548930
2021-01-22;17845,37014627;-0,00271365;-0,00818805
2021-01-25;17851,05843178;0,00031875;-0,00787191
2021-01-26;17844,51963082;-0,00036630;-0,00823532
2021-01-27;17741,15821796;-0,00579233;-0,01397995
2021-01-28;17753,92182247;0,00071943;-0,01327058
2021-01-29;17668,10863483;-0,00483348;-0,01803991
2021-02-01;17785,04360711;0,00661842;-0,01154089
2021-02-02;17786,39749548;0,00007613;-0,01146564
2021-02-03;17769,78478331;-0,00093401;-0,01238894
2021-02-04;17693,89381553;-0,00427079;-0,01660682
2021-02-05;17754,10615954;0,00340300;-0,01326033
2021-02-08;17838,24924643;0,00473936;-0,00858382
2021-02-09;17843,15111336;0,00027480;-0,00831138
2021-02-10;17854,43683724;0,00063250;-0,00768414
2021-02-11;17838,90891944;-0,00086970;-0,00854715
2021-02-12;17833,76186790;-0,00028853;-0,00883322
2021-02-16;17751,18574774;-0,00463033;-0,01342264
2021-02-17;17672,25673759;-0,00444641;-0,01780937
2021-02-18;17634,18314211;-0,00215443;-0,01992543
2021-02-19;17664,07285809;0,00169499;-0,01826421
2021-02-22;17676,25485732;0,00068965;-0,01758716
2021-02-23;17637,45605414;-0,00219497;-0,01974352
2021-02-24;17674,52175008;0,00210153;-0,01768348
2021-02-25;17515,38115675;-0,00900395;-0,02652822
2021-02-26;17378,45386409;-0,00781755;-0,03413838
2021-03-01;17460,48301117;0,00472016;-0,02957935
2021-03-02;17461,40956298;0,00005307;-0,02952786
2021-03-03;17354,70811144;-0,00611070;-0,03545812
2021-03-04;17240,73174184;-0,00656746;-0,04179271
2021-03-05;17245,52189551;0,00027784;-0,04152648
2021-03-08;17230,59997401;-0,00086526;-0,04235582
2021-03-09;17388,76772222;0,00917947;-0,03356515
2021-03-10;17413,46071526;0,00142005;-0,03219276
2021-03-11;17461,04487822;0,00273261;-0,02954812
2021-03-12;17450,43926752;-0,00060739;-0,03013756
2021-03-15;17496,81943075;0,00265782;-0,02755984
2021-03-16;17530,47359299;0,00192344;-0,02568941
2021-03-17;17557,31727500;0,00153126;-0,02419749
2021-03-18;17487,27171035;-0,00398954;-0,02809049
2021-03-19;17495,75319924;0,00048501;-0,02761910
2021-03-22;17525,48356022;0,00169929;-0,02596674
2021-03-23;17479,90129738;-0,00260091;-0,02850012
2021-03-24;17482,43838426;0,00014514;-0,02835911
2021-03-25;17439,06842705;-0,00248077;-0,03076953
2021-03-26;17512,92124626;0,00423491;-0,02666493
2021-03-29;17445,76955703;-0,00383441;-0,03039710
2021-03-30;17355,52457666;-0,00517289;-0,03541274
2021-03-31;17453,54268807;0,00564766;-0,02996508
2021-04-01;17559,11493378;0,00604876;-0,02409758
2021-04-06;17665,99367927;0,00608680;-0,01815746
2021-04-07;17666,93790589;0,00005345;-0,01810498
2021-04-08;17766,36330622;0,00562777;-0,01257910
2021-04-09;17749,81757616;-0,00093130;-0,01349868
2021-04-12;17710,31940922;-0,00222527;-0,01569392
2021-04-13;17768,95818591;0,00331099;-0,01243488
2021-04-14;17732,58515007;-0,00204700;-0,01445643
2021-04-15;17859,16284776;0,00713814;-0,00742148
2021-04-16;17890,32349237;0,00174480;-0,00568963
2021-04-19;17829,28090902;-0,00341204;-0,00908226
2021-04-20;17807,89224130;-0,00119964;-0,01027100
2021-04-21;17898,95377975;0,00511355;-0,00520997
2021-04-22;17879,15020986;-0,00110641;-0,00631062
2021-04-23;17876,14460842;-0,00016811;-0,00647767
2021-04-26;17905,98374752;0,00166922;-0,00481926
2021-04-27;17875,41841823;-0,00170699;-0,00651803
2021-04-28;17881,51936640;0,00034130;-0,00617895
2021-04-29;17851,52566261;-0,00167736;-0,00784594
2021-04-30;17826,23349690;-0,00141681;-0,00925163
2021-05-04;17783,40291179;-0,00240267;-0,01163207
2021-05-05;17829,20596929;0,00257561;-0,00908643
2021-05-06;17934,88828171;0,00592748;-0,00321280
2021-05-07;18014,89496610;0,00446095;0,00000000
2021-05-10;17972,02947771;-0,00237945;-0,00237945
2021-05-11;17914,83224283;-0,00318257;-0,00555444
2021-05-12;17800,61919723;-0,00637533;-0,01189437
2021-05-13;17853,84613655;0,00299017;-0,00893976
2021-05-14;17957,93218989;0,00582990;-0,00316198
2021-05-17;18006,00676779;0,00267707;-0,00049338
2021-05-18;18000,98216629;-0,00027905;-0,00077229
2021-05-19;17974,24872907;-0,00148511;-0,00225626
2021-05-20;18071,52461336;0,00541196;0,00000000
2021-05-21;18075,71330887;0,00023178;0,00000000
2021-05-24;18129,74121868;0,00298898;0,00000000
2021-05-25;18180,64889102;0,00280796;0,00000000
2021-05-26;18173,85602368;-0,00037363;-0,00037363
2021-05-27;18164,29782647;-0,00052593;-0,00089937
2021-05-28;18195,13840740;0,00169787;0,00000000
2021-06-01;18179,74343689;-0,00084610;-0,00084610
2021-06-02;18220,02444737;0,00221571;0,00000000
2021-06-03;18091,05457904;-0,00707847;-0,00707847
2021-06-04;18189,27928554;0,00542946;-0,00168744
2021-06-07;18212,85492122;0,00129613;-0,00039350
2021-06-08;18197,84116334;-0,00082435;-0,00121752
2021-06-09;18201,08204612;0,00017809;-0,00103965
2021-06-10;18232,46914202;0,00172446;0,00000000
2021-06-11;18187,32520374;-0,00247602;-0,00247602
2021-06-14;18174,08036372;-0,00072825;-0,00320246
2021-06-15;18149,25996205;-0,00136570;-0,00456379
2021-06-16;18048,22780479;-0,00556674;-0,01010512
2021-06-17;17907,23894680;-0,00781178;-0,01783797
2021-06-18;17849,05903111;-0,00324896;-0,02102897
2021-06-21;17935,13994785;0,00482271;-0,01630768
2021-06-22;17941,05005204;0,00032953;-0,01598352
2021-06-23;17927,88350889;-0,00073388;-0,01670567
2021-06-24;17957,36821660;0,00164463;-0,01508852
2021-06-25;17980,45243688;0,00128550;-0,01382241
2021-06-28;17997,13179922;0,00092764;-0,01290760
2021-06-29;17969,70822525;-0,00152377;-0,01441170
2021-06-30;17992,59016037;0,00127336;-0,01315669
2021-07-01;18024,58895259;0,00177844;-0,01140165
2021-07-02;18121,57859962;0,00538096;-0,00608204
2021-07-06;18167,79963609;0,00255061;-0,00354694
2021-07-07;18227,13315640;0,00326586;-0,00029266
2021-07-08;18177,14169154;-0,00274269;-0,00303456
2021-07-09;18242,86162822;0,00361553;0,00000000
2021-07-12;18239,60094488;-0,00017874;-0,00017874
2021-07-13;18271,92001861;0,00177192;0,00000000
2021-07-14;18365,10896943;0,00510012;0,00000000
2021-07-15;18337,14194178;-0,00152283;-0,00152283
2021-07-16;18233,38695901;-0,00565819;-0,00717241
2021-07-19;18172,89569806;-0,00331761;-0,01046622
2021-07-20;18241,27444200;0,00376268;-0,00674292
2021-07-21;18242,31598194;0,00005710;-0,00668621
2021-07-22;18273,56704405;0,00171311;-0,00498456
2021-07-23;18291,21346418;0,00096568;-0,00402369
2021-07-26;18267,79858357;-0,00128012;-0,00529866
2021-07-27;18230,18901503;-0,00205879;-0,00734654
2021-07-28;18277,44261198;0,00259205;-0,00477353
2021-07-29;18387,29037710;0,00601002;0,00000000
2021-07-30;18315,48523856;-0,00390515;-0,00390515
2021-08-02;18312,58777724;-0,00015820;-0,00406273
2021-08-03;18300,20514167;-0,00067618;-0,00473616
2021-08-04;18315,62752489;0,00084274;-0,00389741
2021-08-05;18311,96114638;-0,00020018;-0,00409681
2021-08-06;18196,17290670;-0,00632309;-0,01039400
2021-08-09;18098,81786860;-0,00535030;-0,01568869
2021-08-10;18099,74633746;0,00005130;-0,01563820
2021-08-11;18172,57468139;0,00402372;-0,01167740
2021-08-12;18201,08704782;0,00156898;-0,01012674
2021-08-13;18295,88895273;0,00520858;-0,00497090
2021-08-16;18306,00649786;0,00055300;-0,00442066
2021-08-17;18307,65544699;0,00009008;-0,00433098
2021-08-18;18287,13974115;-0,00112061;-0,00544673
2021-08-19;18260,76703512;-0,00144214;-0,00688102
2021-08-20;18320,96012902;0,00329631;-0,00360740
2021-08-23;18429,88915015;0,00594560;0,00000000
2021-08-24;18434,09580507;0,00022825;0,00000000
2021-08-25;18401,97755100;-0,00174233;-0,00174233
2021-08-26;18387,11535262;-0,00080764;-0,00254856
2021-08-27;18490,48544604;0,00562188;0,00000000
2021-08-31;18496,84792111;0,00034409;0,00000000
2021-09-01;18511,88468102;0,00081294;0,00000000
2021-09-02;18482,92112421;-0,00156459;-0,00156459
2021-09-03;18589,64387507;0,00577413;0,00000000
2021-09-07;18405,77420586;-0,00989097;-0,00989097
2021-09-08;18361,56629887;-0,00240185;-0,01226907
2021-09-09;18378,63202735;0,00092943;-0,01135104
2021-09-10;18301,79942252;-0,00418054;-0,01548413
2021-09-13;18322,70268642;0,00114214;-0,01435967
2021-09-14;18381,64548227;0,00321693;-0,01118894
2021-09-15;18341,05695377;-0,00220810;-0,01337233
2021-09-16;18136,84592682;-0,01113409;-0,02435754
2021-09-17;18071,83887277;-0,00358425;-0,02785449
2021-09-20;18059,28490483;-0,00069467;-0,02852981
2021-09-21;18139,00087189;0,00441413;-0,02424162
2021-09-22;18147,81672516;0,00048602;-0,02376738
2021-09-23;18091,49530714;-0,00310348;-0,02679710
2021-09-24;18087,84475550;-0,00020178;-0,02699348
2021-09-27;18076,03299106;-0,00065302;-0,02762887
2021-09-28;17879,85657256;-0,01085285;-0,03818187
2021-09-29;17864,05002877;-0,00088404;-0,03903215
2021-09-30;17979,54965512;0,00646548;-0,03281904
2021-10-01;18014,11022739;0,00192222;-0,03095991
2021-10-04;17967,98797105;-0,00256034;-0,03344098
2021-10-05;18002,62625616;0,00192778;-0,03157767
2021-10-06;18007,06737759;0,00024669;-0,03133877
2021-10-07;18043,06516519;0,00199909;-0,02940232
2021-10-08;18029,54846424;-0,00074914;-0,03012943
2021-10-11;18018,69132334;-0,00060219;-0,03071347
2021-10-12;18015,57791514;-0,00017279;-0,03088096
2021-10-13;18108,15706979;0,00513884;-0,02590081
2021-10-14;18196,69345737;0,00488931;-0,02113814
2021-10-15;18133,58409110;-0,00346818;-0,02453300
2021-10-18;18144,54086364;0,00060423;-0,02394360
2021-10-19;18181,90665417;0,00205934;-0,02193357
2021-10-20;18232,54653027;0,00278518;-0,01920948
2021-10-21;18231,04796629;-0,00008219;-0,01929009
2021-10-22;18268,21591555;0,00203872;-0,01729070
2021-10-25;18321,56297195;0,00292021;-0,01442098
2021-10-26;18296,45954072;-0,00137016;-0,01577138
2021-10-27;18307,78031749;0,00061874;-0,01516240
2021-10-28;18323,49027438;0,00085810;-0,01431730
2021-10-29;18303,60288325;-0,00108535;-0,01538712
2021-11-01;18345,29816633;0,00227798;-0,01314418
2021-11-02;18367,92336687;0,00123330;-0,01192710
2021-11-03;18323,97880305;-0,00239246;-0,01429103
2021-11-04;18455,63277396;0,00718479;-0,00720891
2021-11-05;18554,93819367;0,00538076;-0,00186694
2021-11-08;18575,13761699;0,00108863;-0,00078034
2021-11-09;18584,15626087;0,00048552;-0,00029520
2021-11-10;18625,12123404;0,00220430;0,00000000
2021-11-11;18672,33496306;0,00253495;0,00000000
2021-11-12;18709,39172267;0,00198458;0,00000000
2021-11-15;18700,23071487;-0,00048965;-0,00048965
2021-11-16;18685,90549916;-0,00076604;-0,00125532
2021-11-17;18712,31130257;0,00141314;0,00000000
2021-11-18;18709,65210774;-0,00014211;-0,00014211
2021-11-19;18686,58495542;-0,00123290;-0,00137484
2021-11-22;18552,49075149;-0,00717596;-0,00854093
2021-11-23;18479,41443999;-0,00393889;-0,01244618
2021-11-24;18501,49019212;0,00119461;-0,01126644
2021-11-26;18384,44409779;-0,00632631;-0,01752147
2021-11-29;18454,77694328;0,00382567;-0,01376283
2021-11-30;18378,03928180;-0,00415815;-0,01786375
2021-12-01;18404,56414513;0,00144329;-0,01644624
2021-12-02;18344,07998150;-0,00328637;-0,01967856
2021-12-03;18362,26091139;0,00099111;-0,01870696
2021-12-06;18382,86271476;0,00112196;-0,01760598
2021-12-07;18530,86178766;0,00805093;-0,00969680
2021-12-08;18537,39818783;0,00035273;-0,00934749
2021-12-09;18493,17865457;-0,00238542;-0,01171061
2021-12-10;18535,41289213;0,00228377;-0,00945358
2021-12-13;18516,33635438;-0,00102919;-0,01047305
2021-12-14;18404,54760211;-0,00603730;-0,01644712
2021-12-15;18476,18314102;0,00389227;-0,01261887
2021-12-16;18513,48498636;0,00201892;-0,01062543
2021-12-17;18476,87947625;-0,00197723;-0,01258165
2021-12-20;18387,09898103;-0,00485907;-0,01737959
2021-12-21;18460,88242893;0,00401278;-0,01343655
2021-12-22;18556,89822089;0,00520104;-0,00830539
2021-12-23;18592,03455003;0,00189344;-0,00642768
2021-12-29;18622,77708119;0,00165353;-0,00478478
2021-12-30;18652,31016662;0,00158586;-0,00320651
2021-12-31;18668,01604021;0,00084203;-0,00236717
2022-01-04;18624,07803175;-0,00235365;-0,00471525
2022-01-05;18544,64533115;-0,00426505;-0,00896020
2022-01-06;18427,70311749;-0,00630598;-0,01520968
2022-01-07;18422,52588751;-0,00028095;-0,01548635
2022-01-10;18400,30422158;-0,00120622;-0,01667389
2022-01-11;18518,86793294;0,00644357;-0,01033776
2022-01-12;18550,65990969;0,00171673;-0,00863877
2022-01-13;18483,72155022;-0,00360841;-0,01221601
2022-01-14;18446,05598873;-0,00203777;-0,01422888
2022-01-18;18390,56143495;-0,00300848;-0,01719456
2022-01-19;18433,58222144;0,00233929;-0,01489549
2022-01-20;18414,25344813;-0,00104856;-0,01592844
2022-01-21;18318,93233688;-0,00517649;-0,02102247
2022-01-24;18265,71741497;-0,00290491;-0,02386631
2022-01-25;18259,25255045;-0,00035393;-0,02421180
2022-01-26;18225,20491510;-0,00186468;-0,02603133
2022-01-27;18154,17817716;-0,00389717;-0,02982705
2022-01-28;18176,77179904;0,00124454;-0,02861963
2022-01-31;18301,96788425;0,00688770;-0,02192906
2022-02-01;18330,84153105;0,00157763;-0,02038603
2022-02-02;18387,60646180;0,00309669;-0,01735247
2022-02-03;18291,17815360;-0,00524420;-0,02250567
2022-02-04;18300,06660112;0,00048594;-0,02203067
2022-02-07;18378,18315033;0,00426865;-0,01785606
2022-02-08;18427,39520126;0,00267774;-0,01522613
2022-02-09;18556,27333270;0,00699383;-0,00833879
2022-02-10;18438,18110340;-0,00636401;-0,01464972
2022-02-11;18540,04531665;0,00552463;-0,00920602
2022-02-14;18554,82577600;0,00079722;-0,00841615
2022-02-15;18540,71616991;-0,00076043;-0,00917017
2022-02-16;18630,27346472;0,00483030;-0,00438416
2022-02-17;18685,97412541;0,00298979;-0,00140748
2022-02-18;18624,71463767;-0,00327837;-0,00468123
2022-02-22;18609,99285427;-0,00079044;-0,00546797
2022-02-23;18588,36745950;-0,00116203;-0,00662365
2022-02-24;18559,74657102;-0,00153972;-0,00815317
2022-02-25;18644,95509246;0,00459104;-0,00359957
2022-02-28;18749,80636498;0,00562357;0,00000000
2022-03-01;18872,79659753;0,00655955;0,00000000
2022-03-02;18866,90066766;-0,00031240;-0,00031240
2022-03-03;18864,38153604;-0,00013352;-0,00044588
2022-03-04;18921,20987915;0,00301247;0,00000000
2022-03-07;18950,87377714;0,00156776;0,00000000
2022-03-08;19112,76619492;0,00854274;0,00000000
2022-03-09;19020,93864013;-0,00480451;-0,00480451
2022-03-10;18987,65095346;-0,00175005;-0,00654616
2022-03-11;18916,55127566;-0,00374452;-0,01026617
2022-03-14;18744,50584182;-0,00909497;-0,01926777
2022-03-15;18688,16437763;-0,00300576;-0,02221561
2022-03-16;18850,63008752;0,00869351;-0,01371524
2022-03-17;18931,75423600;0,00430352;-0,00947074
2022-03-18;18926,34972579;-0,00028547;-0,00975351
2022-03-21;18988,89906640;0,00330488;-0,00648086
2022-03-22;18981,74371256;-0,00037682;-0,00685523
2022-03-23;19046,83958734;0,00342939;-0,00344935
2022-03-24;19164,90053683;0,00619845;0,00000000
2022-03-25;19146,18238967;-0,00097669;-0,00097669
2022-03-28;19054,67851278;-0,00477922;-0,00575124
2022-03-29;19151,77184385;0,00509551;-0,00068504
2022-03-30;19174,17082955;0,00116955;0,00000000
2022-03-31;19141,53759208;-0,00170194;-0,00170194
2022-04-01;19052,67336610;-0,00464248;-0,00633652
2022-04-04;19163,52525087;0,00581818;-0,00055520
2022-04-05;19046,65656666;-0,00609850;-0,00665031
2022-04-06;18965,58123707;-0,00425667;-0,01087868
2022-04-07;18995,04422737;0,00155350;-0,00934208
2022-04-08;19070,09981107;0,00395132;-0,00542767
2022-04-11;19015,58408239;-0,00285870;-0,00827085
2022-04-12;19084,96546046;0,00364866;-0,00465237
2022-04-13;19153,57610241;0,00359501;-0,00107409
2022-04-14;19062,74726956;-0,00474213;-0,00581113
2022-04-19;19006,17576842;-0,00296765;-0,00876153
2022-04-20;19068,32407928;0,00326990;-0,00552028
2022-04-21;18996,42999022;-0,00377034;-0,00926981
2022-04-22;18804,61510135;-0,01009742;-0,01927362
2022-04-25;18632,63460698;-0,00914565;-0,02824301
2022-04-26;18572,83400488;-0,00320945;-0,03136182
2022-04-27;18548,78302793;-0,00129495;-0,03261616
2022-04-28;18705,50174223;0,00844900;-0,02444273
2022-04-29;18603,96746061;-0,00542804;-0,02973810
2022-05-03;18485,73393428;-0,00635529;-0,03590439
2022-05-04;18622,20161699;0,00738232;-0,02878712
2022-05-05;18511,10955831;-0,00596557;-0,03458096
2022-05-06;18497,06267315;-0,00075884;-0,03531356
2022-05-09;18203,17417970;-0,01588839;-0,05064087
2022-05-10;18144,08643756;-0,00324601;-0,05372250
2022-05-11;18182,85542763;0,00213673;-0,05170056
2022-05-12;17994,83530884;-0,01034052;-0,06150647
2022-05-13;18047,47083377;0,00292504;-0,05876134
2022-05-16;18096,20660641;0,00270042;-0,05621960
2022-05-17;18100,37329817;0,00023025;-0,05600229
2022-05-18;17973,83197393;-0,00699109;-0,06260187
2022-05-19;18036,95023852;0,00351168;-0,05931003
2022-05-20;18034,58392019;-0,00013119;-0,05943344
2022-05-23;18161,62607354;0,00704436;-0,05280775
2022-05-24;18166,02994043;0,00024248;-0,05257807
2022-05-25;18160,28350140;-0,00031633;-0,05287777
2022-05-26;18236,26474466;0,00418392;-0,04891508
2022-05-27;18347,63830201;0,00610726;-0,04310656
2022-05-31;18241,66674882;-0,00577576;-0,04863335
2022-06-01;18295,94707885;0,00297562;-0,04580244
2022-06-06;18289,96824993;-0,00032678;-0,04611425
2022-06-07;18363,40730419;0,00401526;-0,04228415
2022-06-08;18348,35853073;-0,00081950;-0,04306900
2022-06-09;18203,26184258;-0,00790788;-0,05063630
2022-06-10;18140,81880651;-0,00343032;-0,05389292
2022-06-13;17724,35627700;-0,02295721;-0,07561289
2022-06-14;17675,53586495;-0,00275443;-0,07815905
2022-06-15;17859,47505504;0,01040643;-0,06856598
2022-06-16;17742,11030876;-0,00657157;-0,07468696
2022-06-17;17705,99752359;-0,00203543;-0,07657037
2022-06-21;17786,09870971;0,00452396;-0,07239281
2022-06-22;17814,47549010;0,00159545;-0,07091286
2022-06-23;17791,55196349;-0,00128679;-0,07210840
2022-06-24;17944,41572532;0,00859193;-0,06413603
2022-06-27;17937,69992573;-0,00037426;-0,06448628
2022-06-28;17837,49816469;-0,00558610;-0,06971215
2022-06-29;17819,11116344;-0,00103081;-0,07067110
2022-06-30;17689,15891770;-0,00729286;-0,07744856
2022-07-01;17715,48646472;0,00148834;-0,07607549
2022-07-05;17606,05699319;-0,00617705;-0,08178262
2022-07-06;17564,64864407;-0,00235194;-0,08394221
2022-07-07;17655,83305962;0,00519136;-0,07918662
2022-07-08;17671,05481217;0,00086214;-0,07839275
2022-07-11;17582,16568319;-0,00503021;-0,08302863
2022-07-12;17522,95775570;-0,00336750;-0,08611653
2022-07-13;17509,66847175;-0,00075839;-0,08680961
2022-07-14;17425,20642485;-0,00482374;-0,09121460
2022-07-15;17517,55560340;0,00529975;-0,08639827
2022-07-18;17495,20731697;-0,00127577;-0,08756381
2022-07-19;17610,22347264;0,00657415;-0,08156532
2022-07-20;17635,65151467;0,00144394;-0,08023916
2022-07-21;17774,75397429;0,00788757;-0,07298448
2022-07-22;17742,28305109;-0,00182680;-0,07467795
2022-07-25;17700,33435577;-0,00236433;-0,07686572
2022-07-26;17619,35625233;-0,00457495;-0,08108901
2022-07-27;17830,91708526;0,01200730;-0,07005538
2022-07-28;17980,43951252;0,00838557;-0,06225726
2022-07-29;18072,70148937;0,00513124;-0,05744547
2022-08-01;18098,93919578;0,00145179;-0,05607709
2022-08-02;18044,06398789;-0,00303196;-0,05893902
2022-08-03;18134,61296930;0,00501821;-0,05421657
2022-08-04;18258,58223863;0,00683606;-0,04775114
2022-08-05;18180,32678677;-0,00428595;-0,05183244
2022-08-08;18246,21879483;0,00362436;-0,04839594
2022-08-09;18228,07959181;-0,00099413;-0,04934196
2022-08-10;18279,88659280;0,00284215;-0,04664005
2022-08-11;18273,22748420;-0,00036429;-0,04698734
2022-08-12;18394,42522506;0,00663253;-0,04066646
2022-08-15;18337,91382115;-0,00307220;-0,04361372
2022-08-16;18326,64977841;-0,00061425;-0,04420118
2022-08-17;18260,09847759;-0,00363139;-0,04767207
2022-08-18;18274,06294090;0,00076475;-0,04694377
2022-08-19;18194,21945913;-0,00436922;-0,05110789
2022-08-22;18067,92641042;-0,00694138;-0,05769451
2022-08-23;18085,57413313;0,00097674;-0,05677412
2022-08-24;18126,88671336;0,00228428;-0,05461953
2022-08-25;18187,15640477;0,00332488;-0,05147625
2022-08-26;18009,34111026;-0,00977697;-0,06074994
2022-08-30;17876,69043579;-0,00736566;-0,06766814
2022-08-31;17805,90050469;-0,00395990;-0,07136008
2022-09-01;17714,02027823;-0,00516010;-0,07615195
2022-09-02;17804,85639736;0,00512792;-0,07141453
2022-09-06;17713,78728824;-0,00511485;-0,07616410
2022-09-07;17820,17112566;0,00600571;-0,07061582
2022-09-08;17816,22695877;-0,00022133;-0,07082152
2022-09-09;17909,20535658;0,00521875;-0,06597237
2022-09-12;17984,65153538;0,00421270;-0,06203759
2022-09-13;17768,41372024;-0,01202346;-0,07331514
2022-09-14;17717,36063255;-0,00287325;-0,07597774
2022-09-15;17560,33390004;-0,00886287;-0,08416723
2022-09-16;17558,20455823;-0,00012126;-0,08427829
2022-09-20;17533,41246771;-0,00141199;-0,08557128
2022-09-21;17558,43439681;0,00142710;-0,08426630
2022-09-22;17489,93383660;-0,00390129;-0,08783884
2022-09-23;17374,65809695;-0,00659098;-0,09385088
2022-09-26;17337,22646702;-0,00215438;-0,09580307
2022-09-27;17319,45119140;-0,00102527;-0,09673011
2022-09-28;17484,25465175;0,00951551;-0,08813503
2022-09-29;17358,84702595;-0,00717260;-0,09467548
2022-09-30;17329,79312366;-0,00167372;-0,09619074
2022-10-03;17497,89152169;0,00969997;-0,08742382
2022-10-04;17768,62406169;0,01547230;-0,07330417
2022-10-05;17761,25535597;-0,00041470;-0,07368848
2022-10-06;17816,67622152;0,00312032;-0,07079809
2022-10-07;17583,55110261;-0,01308466;-0,08295638
2022-10-10;17430,85731870;-0,00868390;-0,09091989
2022-10-11;17332,93724279;-0,00561763;-0,09602676
2022-10-12;17353,68979009;0,00119729;-0,09494445
2022-10-13;17261,39270785;-0,00531859;-0,09975806
2022-10-14;17236,08859866;-0,00146594;-0,10107776
2022-10-17;17275,87999763;0,00230861;-0,09900250
2022-10-18;17391,30000982;0,00668099;-0,09298294
2022-10-19;17346,68856576;-0,00256516;-0,09530958
2022-10-20;17344,59006386;-0,00012097;-0,09541903
2022-10-21;17466,31754142;0,00701818;-0,08907052
2022-10-24;17552,00207036;0,00490570;-0,08460177
2022-10-25;17608,31996949;0,00320863;-0,08166459
2022-10-26;17617,29288973;0,00050958;-0,08119662
2022-10-27;17533,95255589;-0,00473060;-0,08554311
2022-10-28;17565,02684022;0,00177223;-0,08392248
2022-10-31;17573,19996395;0,00046531;-0,08349622
2022-11-01;17625,03914187;0,00294990;-0,08079263
2022-11-02;17486,67714472;-0,00785031;-0,08800869
2022-11-03;17446,46749290;-0,00229944;-0,09010577
2022-11-04;17615,04784176;0,00966272;-0,08131371
2022-11-07;17601,21549493;-0,00078526;-0,08203512
2022-11-08;17799,37495360;0,01125828;-0,07170041
2022-11-09;17741,72947466;-0,00323862;-0,07470682
2022-11-10;18129,41253415;0,02185148;-0,05448780
2022-11-11;18219,82397850;0,00498700;-0,04977252
2022-11-14;18290,54494632;0,00388154;-0,04608418
2022-11-15;18299,82216130;0,00050721;-0,04560034
2022-11-16;18175,50716595;-0,00679324;-0,05208380
2022-11-17;18106,10063616;-0,00381868;-0,05570359
2022-11-18;18064,61629242;-0,00229118;-0,05786715
2022-11-21;18034,77234862;-0,00165207;-0,05942361
2022-11-22;18101,90069160;0,00372216;-0,05592263
2022-11-23;18129,22121033;0,00150926;-0,05449777
2022-11-25;18125,67599627;-0,00019555;-0,05468267
2022-11-28;18015,85317458;-0,00605896;-0,06041031
2022-11-29;17994,60618601;-0,00117935;-0,06151842
2022-11-30;18201,86335724;0,01151774;-0,05070923
2022-12-01;18324,05892263;0,00671335;-0,04433631
2022-12-02;18262,91611438;-0,00333675;-0,04752512
2022-12-05;18110,48537350;-0,00834646;-0,05547491
2022-12-06;17964,35394592;-0,00806889;-0,06309618
2022-12-07;17974,65330585;0,00057332;-0,06255903
2022-12-08;18054,60364783;0,00444795;-0,05838934
2022-12-09;18036,53661954;-0,00100069;-0,05933160
2022-12-12;18035,46568727;-0,00005938;-0,05938745
2022-12-13;18254,64973486;0,01215295;-0,04795624
2022-12-14;18197,67996559;-0,00312084;-0,05092741
2022-12-15;17892,54783314;-0,01676764;-0,06684112
2022-12-16;17856,48509149;-0,00201552;-0,06872192
2022-12-19;17782,64413373;-0,00413525;-0,07257298
2022-12-20;17882,19370154;0,00559813;-0,06738112
2022-12-21;18039,16586084;0,00877813;-0,05919447
2022-12-22;17835,02160832;-0,01131672;-0,06984131
2022-12-23;17872,14247965;0,00208135;-0,06790533
2022-12-28;17810,32949154;-0,00345862;-0,07112909
2022-12-29;17959,42156082;0,00837110;-0,06335342
2022-12-30;17959,56322050;0,00000789;-0,06334603
2023-01-03;18008,84821322;0,00274422;-0,06077565
2023-01-04;18129,81744023;0,00671721;-0,05446668
2023-01-05;17972,56548195;-0,00867366;-0,06266792
2023-01-06;18227,06651239;0,01416053;-0,04939480
2023-01-09;18283,57816213;0,00310042;-0,04644752
2023-01-10;18307,38392750;0,00130203;-0,04520597
2023-01-11;18367,08599859;0,00326109;-0,04209229
2023-01-12;18520,61711250;0,00835903;-0,03408511
2023-01-13;18658,87545934;0,00746510;-0,02687445
2023-01-17;18596,23154275;-0,00335733;-0,03014155
2023-01-18;18512,91916747;-0,00448007;-0,03448658
2023-01-19;18628,34095189;0,00623466;-0,02846694
2023-01-20;18655,58378520;0,00146244;-0,02704613
2023-01-23;18762,19902481;0,00571492;-0,02148577
2023-01-24;18807,82212940;0,00243165;-0,01910636
2023-01-25;18838,13978524;0,00161197;-0,01752519
2023-01-26;18782,08285433;-0,00297571;-0,02044876
2023-01-27;18795,18324618;0,00069749;-0,01976553
2023-01-30;18721,72526979;-0,00390834;-0,02359662
2023-01-31;18801,73777740;0,00427378;-0,01942368
2023-02-01;19001,79770895;0,01064050;-0,00898986
2023-02-02;18916,31608890;-0,00449861;-0,01344803
2023-02-03;18703,40847541;-0,01125524;-0,02455190
2023-02-06;18681,30263533;-0,00118192;-0,02570480
2023-02-07;18728,43071904;0,00252274;-0,02324690
2023-02-08;18724,56827709;-0,00020623;-0,02344834
2023-02-09;18634,73172831;-0,00479779;-0,02813363
2023-02-10;18628,96820761;-0,00030929;-0,02843422
2023-02-13;18630,90054961;0,00010373;-0,02833344
2023-02-14;18626,01181857;-0,00026240;-0,02858841
2023-02-15;18586,30764447;-0,00213165;-0,03065912
2023-02-16;18559,52546932;-0,00144096;-0,03205590
2023-02-17;18528,27287260;-0,00168391;-0,03368584
2023-02-21;18402,00781281;-0,00681472;-0,04027100
2023-02-22;18355,68635841;-0,00251720;-0,04268682
2023-02-23;18376,05003942;0,00110939;-0,04162479
2023-02-24;18275,76249962;-0,00545751;-0,04685513
2023-02-27;18322,89252474;0,00257883;-0,04439714
2023-02-28;18339,51458589;0,00090717;-0,04353024
2023-03-01;18392,89572074;0,00291072;-0,04074623
2023-03-02;18423,03348770;0,00163855;-0,03917444
2023-03-03;18573,53614188;0,00816927;-0,03132520
2023-03-06;18564,30375910;-0,00049707;-0,03180670
2023-03-07;18409,49105380;-0,00833927;-0,03988072
2023-03-08;18421,91200374;0,00067470;-0,03923293
2023-03-09;18448,57421424;0,00144731;-0,03784240
2023-03-10;18507,54060133;0,00319626;-0,03476710
2023-03-13;18623,83936791;0,00628386;-0,02870171
2023-03-14;18649,39458591;0,00137218;-0,02736891
2023-03-15;18669,09748747;0,00105649;-0,02634134
2023-03-16;18773,07060924;0,00556926;-0,02091878
2023-03-17;18966,01940621;0,01027796;-0,01085582
2023-03-20;18967,34245969;0,00006976;-0,01078682
2023-03-21;18888,05197090;-0,00418037;-0,01492210
2023-03-22;19000,24139683;0,00593970;-0,00907103
2023-03-23;19112,68236414;0,00591787;-0,00320684
2023-03-24;19005,08439345;-0,00562966;-0,00881845
2023-03-27;18940,97917434;-0,00337306;-0,01216176
2023-03-28;18983,45015816;0,00224228;-0,00994675
2023-03-29;19010,18676541;0,00140842;-0,00855234
2023-03-30;19119,02873145;0,00572545;-0,00287585
2023-03-31;19122,99911940;0,00020767;-0,00266878
2023-04-03;19188,87427681;0,00344481;0,00000000
2023-04-04;19230,02864486;0,00214470;0,00000000
2023-04-05;19193,28002299;-0,00191100;-0,00191100
2023-04-06;19184,33877495;-0,00046585;-0,00237596
2023-04-11;19193,60192673;0,00048285;-0,00189426
2023-04-12;19204,47659555;0,00056658;-0,00132876
2023-04-13;19312,05288080;0,00560163;0,00000000
2023-04-14;19253,99298058;-0,00300641;-0,00300641
2023-04-17;19261,49154840;0,00038946;-0,00261812
2023-04-18;19285,58216755;0,00125071;-0,00137068
2023-04-19;19238,00246460;-0,00246711;-0,00383441
2023-04-20;19239,67115181;0,00008674;-0,00374801
2023-04-21;19192,24367796;-0,00246509;-0,00620386
2023-04-24;19187,59043115;-0,00024245;-0,00644481
2023-04-25;19166,07114351;-0,00112152;-0,00755910
2023-04-26;19114,55739247;-0,00268776;-0,01022654
2023-04-27;19163,80567685;0,00257648;-0,00767641
2023-04-28;19205,08939574;0,00215425;-0,00553869
2023-05-02;19234,45478747;0,00152904;-0,00401812
2023-05-03;19263,54025933;0,00151215;-0,00251204
2023-05-04;19228,21761276;-0,00183365;-0,00434109
2023-05-05;19237,85482448;0,00050120;-0,00384206
2023-05-09;19270,92660324;0,00171910;-0,00212957
2023-05-10;19290,89722941;0,00103631;-0,00109546
2023-05-11;19275,88052373;-0,00077843;-0,00187305
2023-05-12;19272,93765428;-0,00015267;-0,00202543
2023-05-15;19298,16517072;0,00130896;-0,00071912
2023-05-16;19235,82552550;-0,00323034;-0,00394714
2023-05-17;19244,89391858;0,00047143;-0,00347757
2023-05-18;19288,91452017;0,00228739;-0,00119813
2023-05-19;19335,61862083;0,00242129;0,00000000
2023-05-22;19359,44631503;0,00123232;0,00000000
2023-05-23;19312,07930915;-0,00244671;-0,00244671
2023-05-24;19194,63181546;-0,00608156;-0,00851339
2023-05-25;19243,34771122;0,00253800;-0,00599700
2023-05-26;19379,23808654;0,00706168;0,00000000
2023-05-30;19388,94182512;0,00050073;0,00000000
2023-05-31;19327,76328999;-0,00315533;-0,00315533
2023-06-01;19397,54462263;0,00361042;0,00000000
2023-06-02;19319,68674007;-0,00401380;-0,00401380
2023-06-05;19390,22106591;0,00365090;-0,00037755
2023-06-06;19402,84557553;0,00065108;0,00000000
2023-06-07;19233,62554609;-0,00872140;-0,00872140
2023-06-08;19377,04834921;0,00745688;-0,00132956
2023-06-09;19356,98428339;-0,00103546;-0,00236364
2023-06-12;19419,39625808;0,00322426;0,00000000
2023-06-13;19366,16418137;-0,00274118;-0,00274118
2023-06-14;19391,07121753;0,00128611;-0,00145860
2023-06-15;19484,59449170;0,00482301;0,00000000
2023-06-16;19453,56978089;-0,00159227;-0,00159227
2023-06-20;19306,82458452;-0,00754336;-0,00912361
2023-06-21;19264,35137422;-0,00219991;-0,01130345
2023-06-22;19166,15304415;-0,00509741;-0,01634324
2023-06-23;19152,82474199;-0,00069541;-0,01702729
2023-06-26;19157,32649773;0,00023504;-0,01679624
2023-06-27;19151,94772154;-0,00028077;-0,01707230
2023-06-28;19175,15466545;0,00121173;-0,01588126
2023-06-29;19185,88574237;0,00055963;-0,01533051
2023-06-30;19300,25457370;0,00596109;-0,00946080
2023-07-03;19318,46427939;0,00094350;-0,00852623
2023-07-05;19253,09890407;-0,00338357;-0,01188095
2023-07-06;19166,54837525;-0,00449541;-0,01632295
2023-07-07;19229,65534706;0,00329256;-0,01308414
2023-07-10;19240,19649355;0,00054817;-0,01254314
2023-07-11;19285,67267196;0,00236360;-0,01020918
2023-07-12;19483,00265117;0,01023195;-0,00008170
2023-07-13;19509,09854948;0,00133942;0,00000000
2023-07-14;19479,08743549;-0,00153831;-0,00153831
2023-07-17;19515,17433623;0,00185260;0,00000000
2023-07-18;19678,81359785;0,00838523;0,00000000
2023-07-19;19745,52906376;0,00339022;0,00000000
2023-07-20;19647,17463437;-0,00498110;-0,00498110
2023-07-21;19611,25528512;-0,00182822;-0,00680021
2023-07-24;19577,33750112;-0,00172951;-0,00851796
2023-07-25;19656,21043763;0,00402879;-0,00452349
2023-07-26;19669,43559683;0,00067282;-0,00385371
2023-07-27;19534,34392615;-0,00686810;-0,01069534
2023-07-28;19644,29597804;0,00562865;-0,00512689
2023-07-31;19672,24168666;0,00142259;-0,00371159
2023-08-01;19579,92413369;-0,00469278;-0,00838696
2023-08-02;19479,67775937;-0,00511986;-0,01346387
2023-08-03;19456,57913383;-0,00118578;-0,01463369
2023-08-04;19458,48618436;0,00009802;-0,01453711
2023-08-07;19435,50583082;-0,00118099;-0,01570093
2023-08-08;19380,90852523;-0,00280915;-0,01846598
2023-08-09;19339,90597262;-0,00211562;-0,02054253
2023-08-10;19362,22221573;0,00115390;-0,01941234
2023-08-11;19321,63779937;-0,00209606;-0,02146771
2023-08-14;19346,68179146;0,00129616;-0,02019937
2023-08-15;19284,64265731;-0,00320671;-0,02334130
2023-08-16;19225,27610888;-0,00307844;-0,02634789
2023-08-17;19176,43844164;-0,00254028;-0,02882124
2023-08-18;19159,45011512;-0,00088590;-0,02968160
2023-08-21;19212,71977673;0,00278033;-0,02698379
2023-08-22;19241,11526807;0,00147795;-0,02554572
2023-08-23;19353,32273361;0,00583165;-0,01986304
2023-08-24;19314,44862598;-0,00200865;-0,02183180
2023-08-25;19328,75374463;0,00074064;-0,02110733
2023-08-29;19500,60816390;0,00889113;-0,01240387
2023-08-30;19526,99490717;0,00135312;-0,01106753
2023-08-31;19548,45812635;0,00109916;-0,00998053
2023-09-01;19573,04253039;0,00125761;-0,00873547
2023-09-05;19539,34063113;-0,00172185;-0,01044228
2023-09-06;19483,68143061;-0,00284857;-0,01326111
2023-09-07;19462,52780163;-0,00108571;-0,01433242
2023-09-08;19480,44547161;0,00092062;-0,01342499
2023-09-11;19494,43135352;0,00071794;-0,01271669
2023-09-12;19447,91798246;-0,00238598;-0,01507233
2023-09-13;19439,11371978;-0,00045271;-0,01551821
2023-09-14;19495,45204432;0,00289819;-0,01266499
2023-09-15;19489,87232074;-0,00028621;-0,01294758
2023-09-18;19518,59619052;0,00147378;-0,01149287
2023-09-19;19496,87670216;-0,00111276;-0,01259284
2023-09-20;19490,78673077;-0,00031236;-0,01290127
2023-09-21;19388,09307324;-0,00526883;-0,01810212
2023-09-22;19416,32759118;0,00145628;-0,01667220
2023-09-25;19383,48255546;-0,00169162;-0,01833562
2023-09-26;19296,12735907;-0,00450668;-0,02275967
2023-09-27;19234,41183246;-0,00319834;-0,02588521
2023-09-28;19223,14047839;-0,00058600;-0,02645604
2023-09-29;19186,80955920;-0,00188996;-0,02829600
2023-10-02;19148,37908148;-0,00200296;-0,03024229
2023-10-03;19053,76433994;-0,00494114;-0,03503399
2023-10-04;19062,31934486;0,00044899;-0,03460073
2023-10-05;19051,80488363;-0,00055158;-0,03513323
2023-10-06;19146,90119402;0,00499146;-0,03031713
2023-10-09;19353,18598358;0,01077380;-0,01986997
2023-10-10;19384,51078062;0,00161859;-0,01828355
2023-10-11;19457,04500521;0,00374187;-0,01461010
2023-10-12;19459,26133207;0,00011391;-0,01449785
2023-10-13;19732,76454486;0,01405517;-0,00064645
2023-10-16;19719,10413331;-0,00069227;-0,00133827
2023-10-17;19728,63364885;0,00048326;-0,00085566
2023-10-18;19836,86830881;0,00548617;0,00000000
2023-10-19;19932,79347209;0,00483570;0,00000000
2023-10-20;19875,79381013;-0,00285959;-0,00285959
2023-10-23;19828,51146844;-0,00237889;-0,00523168
2023-10-24;19857,34079028;0,00145393;-0,00378535
2023-10-25;19875,84291107;0,00093175;-0,00285713
2023-10-26;19826,56123077;-0,00247948;-0,00532952
2023-10-27;19943,13249408;0,00587955;0,00000000
2023-10-30;19908,81284827;-0,00172088;-0,00172088
2023-10-31;19884,64181526;-0,00121409;-0,00293287
2023-11-01;19912,14647485;0,00138321;-0,00155372
2023-11-02;20027,37266105;0,00578673;0,00000000
2023-11-03;20069,78505079;0,00211772;0,00000000
2023-11-06;20023,47182845;-0,00230761;-0,00230761
2023-11-07;20044,09001244;0,00102970;-0,00128028
2023-11-08;19986,71499851;-0,00286244;-0,00413906
2023-11-09;20028,44062984;0,00208767;-0,00206003
2023-11-10;20010,87322219;-0,00087712;-0,00293535
2023-11-13;20052,55608117;0,00208301;-0,00085845
2023-11-14;20162,94090819;0,00550478;0,00000000
2023-11-15;20172,46247584;0,00047223;0,00000000
2023-11-16;20244,15131506;0,00355380;0,00000000
2023-11-17;20259,83236878;0,00077460;0,00000000
2023-11-20;20280,28677072;0,00100960;0,00000000
2023-11-21;20324,02915828;0,00215689;0,00000000
2023-11-22;20337,86816819;0,00068092;0,00000000
2023-11-24;20340,34587719;0,00012183;0,00000000
2023-11-27;20384,47130509;0,00216935;0,00000000
2023-11-28;20464,99366616;0,00395018;0,00000000
2023-11-29;20479,14857285;0,00069166;0,00000000
2023-11-30;20460,53073250;-0,00090911;-0,00090911
2023-12-01;20601,31880813;0,00688096;0,00000000
2023-12-04;20433,41837737;-0,00814998;-0,00814998
2023-12-05;20436,13627391;0,00013301;-0,00801806
2023-12-06;20451,07285565;0,00073089;-0,00729303
2023-12-07;20496,05725576;0,00219961;-0,00510946
2023-12-08;20449,51506194;-0,00227079;-0,00736864
2023-12-11;20412,16226305;-0,00182659;-0,00918177
2023-12-12;20434,22066685;0,00108065;-0,00811104
2023-12-13;20611,47697810;0,00867448;0,00000000
2023-12-14;20642,54155124;0,00150715;0,00000000
2023-12-15;20612,50316468;-0,00145517;-0,00145517
2023-12-18;20666,15444276;0,00260285;0,00000000
2023-12-19;20710,62166021;0,00215169;0,00000000
2023-12-20;20675,89513647;-0,00167675;-0,00167675
2023-12-21;20727,94653964;0,00251749;0,00000000
2023-12-22;20753,65511441;0,00124029;0,00000000
2023-12-27;20849,25461356;0,00460639;0,00000000
2023-12-28;20835,66324584;-0,00065189;-0,00065189
2023-12-29;20820,25500279;-0,00073951;-0,00139092
2024-01-02;20746,84139038;-0,00352607;-0,00491208
2024-01-03;20598,40746913;-0,00715453;-0,01203147
2024-01-04;20586,42789795;-0,00058158;-0,01260605
2024-01-05;20540,96917904;-0,00220819;-0,01478640
2024-01-08;20558,55889464;0,00085632;-0,01394274
2024-01-09;20621,99252429;0,00308551;-0,01090025
2024-01-10;20644,65666631;0,00109903;-0,00981320
2024-01-11;20637,44291880;-0,00034942;-0,01015920
2024-01-12;20743,65066770;0,00514636;-0,00506512
2024-01-16;20722,25734371;-0,00103132;-0,00609121
2024-01-17;20564,10232342;-0,00763213;-0,01367686
2024-01-18;20684,76963635;0,00586786;-0,00788925
2024-01-19;20804,68300584;0,00579718;-0,00213780
2024-01-22;20860,54634652;0,00268513;0,00000000
2024-01-23;20894,65134494;0,00163490;0,00000000
2024-01-24;20908,08948368;0,00064314;0,00000000
2024-01-25;20957,60353542;0,00236818;0,00000000
2024-01-26;20946,27604395;-0,00054050;-0,00054050
2024-01-29;21022,06515632;0,00361826;0,00000000
2024-01-30;21072,33251993;0,00239117;0,00000000
2024-01-31;20946,10723837;-0,00599010;-0,00599010
2024-02-01;21003,40015063;0,00273525;-0,00327123
2024-02-02;21015,46525579;0,00057444;-0,00269867
2024-02-05;20993,78273189;-0,00103174;-0,00372763
2024-02-06;21033,77315433;0,00190487;-0,00182986
2024-02-07;21068,24034873;0,00163866;-0,00019420
2024-02-08;21075,56860636;0,00034783;0,00000000
2024-02-09;21082,03998976;0,00030706;0,00000000
2024-02-12;21088,52585846;0,00030765;0,00000000
2024-02-13;20858,96468978;-0,01088560;-0,01088560
2024-02-14;20906,01321719;0,00225555;-0,00865459
2024-02-15;20997,37102528;0,00436993;-0,00432248
2024-02-16;21037,28444442;0,00190088;-0,00242982
2024-02-20;21010,24356856;-0,00128538;-0,00371208
2024-02-21;20998,07646793;-0,00057910;-0,00428903
2024-02-22;21145,60972682;0,00702604;0,00000000
2024-02-23;21201,85189520;0,00265976;0,00000000
2024-02-26;21177,49786695;-0,00114867;-0,00114867
2024-02-27;21161,29495973;-0,00076510;-0,00191290
2024-02-28;21176,71388741;0,00072864;-0,00118565
2024-02-29;21249,47473730;0,00343589;0,00000000
2024-03-01;21505,05041887;0,01202739;0,00000000
2024-03-04;21648,72469303;0,00668096;0,00000000
2024-03-05;21611,92367028;-0,00169992;-0,00169992
2024-03-06;21727,29384399;0,00533826;0,00000000
2024-03-07;21833,16569968;0,00487276;0,00000000
2024-03-08;21863,61928567;0,00139483;0,00000000
2024-03-11;21853,39307863;-0,00046773;-0,00046773
2024-03-12;21844,75861860;-0,00039511;-0,00086265
2024-03-13;21896,00421166;0,00234590;0,00000000
2024-03-14;21851,90226595;-0,00201415;-0,00201415
2024-03-15;21768,12404852;-0,00383391;-0,00584034
2024-03-18;21832,86984662;0,00297434;-0,00288337
2024-03-19;21840,46883299;0,00034805;-0,00253632
2024-03-20;21987,63194942;0,00673809;0,00000000
2024-03-21;22080,75635743;0,00423531;0,00000000
2024-03-22;22006,27442837;-0,00337316;-0,00337316
2024-03-25;22000,56034148;-0,00025966;-0,00363194
2024-03-26;22041,18012607;0,00184631;-0,00179234
2024-03-27;22114,55642144;0,00332905;0,00000000
2024-03-28;22251,57684951;0,00619594;0,00000000
2024-04-02;22458,95023975;0,00931949;0,00000000
2024-04-03;22560,23035844;0,00450957;0,00000000
2024-04-04;22482,64039865;-0,00343924;-0,00343924
2024-04-05;22639,51452981;0,00697757;0,00000000
2024-04-08;22711,22482212;0,00316748;0,00000000
2024-04-09;22741,24538250;0,00132184;0,00000000
2024-04-10;22635,69578211;-0,00464133;-0,00464133
2024-04-11;22880,08745845;0,01079674;0,00000000
2024-04-12;22732,53326838;-0,00644902;-0,00644902
2024-04-15;22871,33504853;0,00610587;-0,00038253
2024-04-16;22808,11624301;-0,00276411;-0,00314558
2024-04-17;22677,47047489;-0,00572804;-0,00885560
2024-04-18;22706,95005543;0,00129995;-0,00756717
2024-04-19;22676,75221833;-0,00132989;-0,00888700
2024-04-22;22466,03799602;-0,00929208;-0,01809650
2024-04-23;22503,36997067;0,00166171;-0,01646486
2024-04-24;22502,45738629;-0,00004055;-0,01650475
2024-04-25;22481,77063089;-0,00091931;-0,01740889
2024-04-26;22627,60976847;0,00648700;-0,01103482
2024-04-29;22596,77190031;-0,00136284;-0,01238263
2024-04-30;22334,66520041;-0,01159930;-0,02383829
2024-05-01;22364,04014968;0,00131522;-0,02255443
2024-05-02;22393,03108803;0,00129632;-0,02128735
2024-05-03;22513,10730855;0,00536221;-0,01603928
2024-05-07;22672,50449964;0,00708020;-0,00907265
2024-05-08;22671,31169434;-0,00005261;-0,00912478
2024-05-09;22815,86606640;0,00637609;-0,00280687
2024-05-10;22902,90875969;0,00381501;0,00000000
2024-05-13;22811,86975860;-0,00397500;-0,00397500
2024-05-14;22888,31864953;0,00335128;-0,00063704
2024-05-15;23073,49847761;0,00809058;0,00000000
2024-05-16;23066,10904906;-0,00032026;-0,00032026
2024-05-17;23151,18078363;0,00368817;0,00000000
2024-05-20;23241,81699852;0,00391497;0,00000000
2024-05-21;23209,06308084;-0,00140927;-0,00140927
2024-05-22;23053,33058585;-0,00670999;-0,00810980
2024-05-23;22876,34635291;-0,00767717;-0,01572470
2024-05-24;22880,72178898;0,00019126;-0,01553644
2024-05-28;22952,30337719;0,00312847;-0,01245658
2024-05-29;22838,35592253;-0,00496453;-0,01735927
2024-05-30;22786,56408869;-0,00226776;-0,01958766
2024-05-31;22717,58584573;-0,00302715;-0,02255552
2024-06-03;22833,45894362;0,00510059;-0,01756997
2024-06-04;22736,69151921;-0,00423797;-0,02173348
2024-06-05;22979,50147786;0,01067921;-0,01128636
2024-06-06;23071,70648132;0,00401249;-0,00731916
2024-06-07;22779,75112750;-0,01265426;-0,01988080
2024-06-10;22848,89398124;0,00303528;-0,01690586
2024-06-11;22899,11042149;0,00219776;-0,01474526
2024-06-12;23028,15948559;0,00563555;-0,00919281
2024-06-13;22956,25312759;-0,00312254;-0,01228664
2024-06-14;23103,08104558;0,00639599;-0,00596924
2024-06-17;23106,90595534;0,00016556;-0,00580467
2024-06-18;23202,12139305;0,00412065;-0,00170794
2024-06-20;23327,77168792;0,00541547;0,00000000
2024-06-21;23158,53668715;-0,00725466;-0,00725466
2024-06-24;23151,85406418;-0,00028856;-0,00754112
2024-06-25;23133,45705905;-0,00079462;-0,00832976
2024-06-26;23062,46070742;-0,00306899;-0,01137318
2024-06-27;23166,56087262;0,00451384;-0,00691068
2024-06-28;23207,69234275;0,00177547;-0,00514748
2024-07-01;23211,15857547;0,00014936;-0,00499890
2024-07-02;23218,30293159;0,00030780;-0,00469264
2024-07-03;23337,81396899;0,00514728;0,00000000
2024-07-05;23445,71288908;0,00462335;0,00000000
2024-07-08;23388,82088420;-0,00242654;-0,00242654
2024-07-09;23415,65455368;0,00114729;-0,00128204
2024-07-10;23482,81990150;0,00286840;0,00000000
2024-07-11;23512,84417014;0,00127856;0,00000000
2024-07-12;23554,23343841;0,00176028;0,00000000
2024-07-15;23587,54604163;0,00141429;0,00000000
2024-07-16;23718,04891153;0,00553270;0,00000000
2024-07-17;23522,50286098;-0,00824461;-0,00824461
2024-07-18;23441,06804060;-0,00346200;-0,01167806
2024-07-19;23258,09436483;-0,00780569;-0,01939260
2024-07-22;23342,57877436;0,00363247;-0,01583057
2024-07-23;23415,11466025;0,00310745;-0,01277231
2024-07-24;23159,94657753;-0,01089758;-0,02353070
2024-07-25;23023,97283393;-0,00587107;-0,02926362
2024-07-26;23145,02256606;0,00525755;-0,02415993
2024-07-29;23133,92916863;-0,00047930;-0,02462765
2024-07-30;23146,33121537;0,00053610;-0,02410475
2024-07-31;23473,82886806;0,01414901;-0,01029680
2024-08-01;23311,18517742;-0,00692872;-0,01715418
2024-08-02;22918,04179884;-0,01686501;-0,03372989
2024-08-05;22595,59468474;-0,01406958;-0,04732490
2024-08-06;22677,86007699;0,00364077;-0,04385643
2024-08-07;22736,77893748;0,00259808;-0,04137229
2024-08-08;22928,02126991;0,00841114;-0,03330913
2024-08-09;22979,85423847;0,00226068;-0,03112375
2024-08-12;23137,15222869;0,00684504;-0,02449176
2024-08-13;23293,33604085;0,00675035;-0,01790674
2024-08-14;23330,71999326;0,00160492;-0,01633056
2024-08-15;23562,58028054;0,00993798;-0,00655487
2024-08-16;23704,84804955;0,00603787;-0,00055657
2024-08-19;23780,18748076;0,00317823;0,00000000
2024-08-20;23775,91285153;-0,00017976;-0,00017976
2024-08-21;23791,43036931;0,00065266;0,00000000
2024-08-22;23610,23382091;-0,00761604;-0,00761604
2024-08-23;23725,21235483;0,00486986;-0,00278327
2024-08-27;23709,99033007;-0,00064160;-0,00342308
2024-08-28;23602,79546333;-0,00452108;-0,00792869
2024-08-29;23699,57741916;0,00410044;-0,00386076
2024-08-30;23672,08899001;-0,00115987;-0,00501615
2024-09-03;23463,58103419;-0,00880818;-0,01378014
2024-09-04;23346,32582870;-0,00499733;-0,01870861
2024-09-05;23334,80983138;-0,00049327;-0,01919265
2024-09-06;23088,89650282;-0,01053848;-0,02952886
2024-09-09;23283,55923541;0,00843101;-0,02134681
2024-09-10;23376,04362150;0,00397209;-0,01745951
2024-09-11;23448,03093170;0,00307953;-0,01443374
2024-09-12;23748,52729051;0,01281542;-0,00180330
2024-09-13;23898,16651073;0,00630099;0,00000000
2024-09-16;23831,38776247;-0,00279430;-0,00279430
2024-09-17;23869,19481088;0,00158644;-0,00121230
2024-09-18;23710,97467379;-0,00662863;-0,00783290
2024-09-19;24020,60657639;0,01305859;0,00000000
2024-09-20;24027,67300200;0,00029418;0,00000000
2024-09-23;24039,82197716;0,00050562;0,00000000
2024-09-24;24165,24096587;0,00521713;0,00000000
2024-09-25;24192,34554836;0,00112164;0,00000000
2024-09-26;24269,74480331;0,00319933;0,00000000
2024-09-27;24217,42249209;-0,00215587;-0,00215587
2024-09-30;24127,89512708;-0,00369682;-0,00584471
2024-10-01;24154,65430505;0,00110906;-0,00474214
2024-10-02;24192,51507864;0,00156743;-0,00318214
2024-10-03;24264,12227526;0,00295989;-0,00023167
2024-10-04;24299,54760605;0,00145999;0,00000000
2024-10-07;24316,94594726;0,00071599;0,00000000
2024-10-08;24284,11069988;-0,00135030;-0,00135030
2024-10-09;24340,58303659;0,00232549;0,00000000
2024-10-10;24414,82338302;0,00305006;0,00000000
2024-10-11;24526,16196448;0,00456029;0,00000000
2024-10-14;24606,32735958;0,00326857;0,00000000
2024-10-15;24526,43349512;-0,00324688;-0,00324688
2024-10-16;24601,91722356;0,00307765;-0,00017923
2024-10-17;24701,91914049;0,00406480;0,00000000
2024-10-18;24768,91678862;0,00271224;0,00000000
2024-10-21;24752,94008171;-0,00064503;-0,00064503
2024-10-22;24831,65618266;0,00318007;0,00000000
2024-10-23;24673,96493009;-0,00635041;-0,00635041
2024-10-24;24728,52426659;0,00221121;-0,00415324
2024-10-25;24794,01254912;0,00264829;-0,00151595
2024-10-28;24785,83933058;-0,00032964;-0,00184510
2024-10-29;24873,99642546;0,00355675;0,00000000
2024-10-30;24879,28050689;0,00021243;0,00000000
2024-10-31;24627,31124515;-0,01012767;-0,01012767
2024-11-01;24618,91269453;-0,00034103;-0,01046525
2024-11-04;24607,99798537;-0,00044335;-0,01090395
2024-11-05;24694,59652969;0,00351912;-0,00742320
2024-11-06;24632,74487092;-0,00250466;-0,00990928
2024-11-07;24874,43858100;0,00981189;-0,00019462
2024-11-08;24835,27217460;-0,00157456;-0,00176887
2024-11-11;24638,18829488;-0,00793564;-0,00969048
2024-11-12;24576,55936997;-0,00250136;-0,01216760
2024-11-13;24489,40844012;-0,00354610;-0,01567055
2024-11-14;24454,43419348;-0,00142814;-0,01707631
2024-11-15;24297,92294301;-0,00640012;-0,02336714
2024-11-18;24496,72239731;0,00818175;-0,01537657
2024-11-19;24599,97787017;0,00421507;-0,01122631
2024-11-20;24636,66036157;0,00149116;-0,00975190
2024-11-21;24822,40415160;0,00753933;-0,00228609
2024-11-22;24996,64412541;0,00701946;0,00000000
2024-11-25;24738,86286134;-0,01031263;-0,01031263
2024-11-26;24781,86190440;0,00173812;-0,00859244
2024-11-27;24694,38627082;-0,00352982;-0,01209194
2024-11-29;24843,65966908;0,00604483;-0,00612020
2024-12-02;24837,27935694;-0,00025682;-0,00637545
2024-12-03;24865,71007731;0,00114468;-0,00523807
2024-12-04;24957,35159529;0,00368546;-0,00157191
2024-12-05;24876,27189290;-0,00324873;-0,00481554
2024-12-06;24896,04570010;0,00079489;-0,00402448
2024-12-09;24931,41526789;0,00142069;-0,00260950
2024-12-10;24989,03531628;0,00231114;-0,00030439
2024-12-11;25144,68072070;0,00622855;0,00000000
2024-12-12;25010,19957692;-0,00534829;-0,00534829
2024-12-13;24922,22536548;-0,00351753;-0,00884701
2024-12-16;24959,32365135;0,00148856;-0,00737162
2024-12-17;24887,84758390;-0,00286370;-0,01021421
2024-12-18;24614,80855894;-0,01097078;-0,02107293
2024-12-19;24553,83392597;-0,00247715;-0,02349788
2024-12-20;24710,03793732;0,00636170;-0,01728568
2024-12-23;24713,68340912;0,00014753;-0,01714070
2024-12-24;24796,98507124;0,00337067;-0,01382780
2024-12-27;24737,90463744;-0,00238257;-0,01617742
2024-12-30;24647,10494761;-0,00367047;-0,01978851
2024-12-31;24686,02952439;0,00157928;-0,01824049
2025-01-02;24847,79546590;0,00655293;-0,01180708
2025-01-03;24821,92610139;-0,00104111;-0,01283590
2025-01-06;24905,97797116;0,00338619;-0,00949317
2025-01-07;24840,16479156;-0,00264247;-0,01211055
2025-01-08;24928,37608045;0,00355116;-0,00860240
2025-01-10;24929,58807769;0,00004862;-0,00855420
2025-01-13;24779,63919299;-0,00601490;-0,01451764
2025-01-14;24874,33500176;0,00382152;-0,01075161
2025-01-15;25106,07290987;0,00931635;-0,00153543
2025-01-16;25170,97764258;0,00258522;0,00000000
2025-01-17;25254,40141630;0,00331428;0,00000000
2025-01-21;25428,60358855;0,00689789;0,00000000
2025-01-22;25632,87008513;0,00803294;0,00000000
2025-01-23;25621,08576610;-0,00045973;-0,00045973
2025-01-24;25613,39696047;-0,00030010;-0,00075969
2025-01-27;25192,42304326;-0,01643569;-0,01718290
2025-01-28;25442,92635873;0,00994360;-0,00741016
2025-01-29;25386,91716263;-0,00220137;-0,00959522
2025-01-30;25563,17892933;0,00694302;-0,00271882
2025-01-31;25618,94548797;0,00218152;-0,00054323
2025-02-03;25534,96558174;-0,00327804;-0,00381949
2025-02-04;25643,73363813;0,00425957;0,00000000
2025-02-05;25711,19047289;0,00263054;0,00000000
2025-02-06;25780,85221796;0,00270939;0,00000000
2025-02-07;25757,31163612;-0,00091310;-0,00091310
2025-02-10;25938,58856600;0,00703788;0,00000000
2025-02-11;25903,71950822;-0,00134429;-0,00134429
2025-02-12;25878,37755487;-0,00097831;-0,00232129
2025-02-13;25999,39098175;0,00467624;0,00000000
2025-02-14;25887,23425787;-0,00431382;-0,00431382
2025-02-18;26037,08479707;0,00578859;0,00000000
2025-02-19;26053,72729880;0,00063918;0,00000000
2025-02-20;26000,65628313;-0,00203698;-0,00203698
2025-02-21;25921,07901994;-0,00306059;-0,00509134
2025-02-24;25870,74375661;-0,00194187;-0,00702332
2025-02-25;25668,77910380;-0,00780668;-0,01477517
2025-02-26;25763,56349245;0,00369259;-0,01113713
2025-02-27;25553,10540235;-0,00816883;-0,01921498
2025-02-28;25496,22664489;-0,00222590;-0,02139812
2025-03-03;25533,99460092;0,00148132;-0,01994850
2025-03-04;25358,51054173;-0,00687257;-0,02668397
2025-03-05;25401,39746647;0,00169122;-0,02503787
2025-03-06;25305,29484004;-0,00378336;-0,02872650
2025-03-07;25212,20219523;-0,00367878;-0,03229961
2025-03-10;24934,72752094;-0,01100557;-0,04294970
2025-03-11;24901,80337041;-0,00132041;-0,04421340
2025-03-12;25044,47599177;0,00572941;-0,03873731
2025-03-13;25074,14981873;0,00118485;-0,03759836
2025-03-14;25300,71056501;0,00903563;-0,02890246
2025-03-17;25399,67119787;0,00391138;-0,02510413
2025-03-18;25438,13173910;0,00151421;-0,02362793
2025-03-19;25579,24924139;0,00554748;-0,01821152
2025-03-20;25548,33219121;-0,00120868;-0,01939819
2025-03-21;25470,75717765;-0,00303640;-0,02237569
2025-03-24;25607,12960864;0,00535408;-0,01714141
2025-03-25;25666,56498239;0,00232105;-0,01486015
2025-03-26;25562,86967739;-0,00404009;-0,01884021
2025-03-27;25592,87550338;0,00117381;-0,01768852
2025-03-28;25462,96926020;-0,00507588;-0,02267461
2025-03-31;25554,42641121;0,00359177;-0,01916428
2025-04-01;25655,76144968;0,00396546;-0,01527481
2025-04-02;25705,00278999;0,00191931;-0,01338482
2025-04-03;25190,32517087;-0,02002247;-0,03313929
2025-04-04;24506,67073974;-0,02713956;-0,05937947
2025-04-07;24195,85669572;-0,01268283;-0,07130921
2025-04-08;24288,86926608;0,00384415;-0,06773918
2025-04-09;25059,33413074;0,03172090;-0,03816702
2025-04-10;25338,37829162;0,01113534;-0,02745669
2025-04-11;25650,51211428;0,01231862;-0,01547630
2025-04-14;25680,95148480;0,00118670;-0,01430796
2025-04-15;25776,26204366;0,00371133;-0,01064973
2025-04-16;26061,46019450;0,01106437;0,00000000
2025-04-17;25936,69371101;-0,00478739;-0,00478739
2025-04-22;26127,75573106;0,00736648;0,00000000
2025-04-23;25998,24783076;-0,00495672;-0,00495672
2025-04-24;26358,92390805;0,01387309;0,00000000
2025-04-25;26281,04797640;-0,00295444;-0,00295444
2025-04-28;26460,63286489;0,00683325;0,00000000
2025-04-29;26366,91936848;-0,00354162;-0,00354162
2025-04-30;26288,48242926;-0,00297482;-0,00650591
2025-05-01;26145,56519681;-0,00543650;-0,01190703
2025-05-02;26235,80411303;0,00345140;-0,00849673
2025-05-06;26943,97790682;0,02699265;0,00000000
2025-05-07;26748,10692959;-0,00726956;-0,00726956
2025-05-08;26550,32394194;-0,00739428;-0,01461009
2025-05-09;26636,42753404;0,00324303;-0,01141444
2025-05-12;26471,24351498;-0,00620143;-0,01754509
2025-05-13;26616,96231782;0,00550480;-0,01213687
2025-05-14;26345,04826972;-0,01021582;-0,02222870
2025-05-15;26566,03086496;0,00838801;-0,01402714
2025-05-16;26442,30503710;-0,00465729;-0,01861911
2025-05-19;26585,55803304;0,00541757;-0,01330241
2025-05-20;26835,93514515;0,00941779;-0,00400990
2025-05-21;26863,03686133;0,00100990;-0,00300405
2025-05-22;26697,80824916;-0,00615078;-0,00913635
2025-05-23;26915,02610031;0,00813617;-0,00107452
2025-05-27;26810,23833611;-0,00389328;-0,00496362
2025-05-28;26775,89114767;-0,00128112;-0,00623838
2025-05-29;26856,80860178;0,00302203;-0,00323521
2025-05-30;26768,68441486;-0,00328126;-0,00650585
2025-06-02;27124,68521114;0,01329915;0,00000000
2025-06-03;27088,95940308;-0,00131710;-0,00131710
2025-06-04;27179,99990714;0,00336080;0,00000000
2025-06-05;27105,40384253;-0,00274452;-0,00274452
2025-06-06;26971,79449124;-0,00492925;-0,00766024
2025-06-09;27042,18478874;0,00260977;-0,00507046
2025-06-10;27078,46879484;0,00134176;-0,00373551
2025-06-11;27161,25509037;0,00305727;-0,00068965
2025-06-12;27333,21062744;0,00633091;0,00000000
2025-06-13;27463,40122772;0,00476309;0,00000000
2025-06-16;27323,82447969;-0,00508228;-0,00508228
2025-06-17;27305,35387586;-0,00067599;-0,00575484
2025-06-18;27249,41947907;-0,00204848;-0,00779152
2025-06-20;27208,51882146;-0,00150097;-0,00928080
2025-06-23;27276,77286245;0,00250855;-0,00679553
2025-06-24;27141,16835174;-0,00497143;-0,01173317
2025-06-25;27199,89498314;0,00216375;-0,00959481
2025-06-26;27202,69398697;0,00010290;-0,00949290
2025-06-27;27000,97815745;-0,00741529;-0,01683779
2025-06-30;27186,18624443;0,00685931;-0,01009398
2025-07-01;27283,56804028;0,00358203;-0,00654810
2025-07-02;27432,61320112;0,00546282;-0,00112106
2025-07-03;27428,92483851;-0,00013445;-0,00125536
2025-07-07;27388,40749963;-0,00147718;-0,00273068
2025-07-08;27312,98366092;-0,00275386;-0,00547702
2025-07-09;27386,27211995;0,00268328;-0,00280843
2025-07-10;27438,61168184;0,00191116;-0,00090264
2025-07-11;27529,77200549;0,00332234;0,00000000
2025-07-14;27512,37844794;-0,00063181;-0,00063181
2025-07-15;27510,81095614;-0,00005697;-0,00068875
2025-07-16;27506,60489523;-0,00015289;-0,00084153
2025-07-17;27587,71330602;0,00294869;0,00000000
2025-07-18;27615,12491468;0,00099362;0,00000000
2025-07-21;27787,12166386;0,00622835;0,00000000
2025-07-22;27836,61533138;0,00178117;0,00000000
2025-07-23;27744,13284414;-0,00332233;-0,00332233
2025-07-24;27739,70473458;-0,00015961;-0,00348141
2025-07-25;27680,16990998;-0,00214620;-0,00562013
2025-07-28;27645,25203428;-0,00126148;-0,00687452
2025-07-29;27681,00329694;0,00129322;-0,00559019
2025-07-30;27531,51798106;-0,00540029;-0,01096029
2025-07-31;27594,48653338;0,00228714;-0,00869821
2025-08-01;27619,78478183;0,00091679;-0,00778940
2025-08-04;27800,87718186;0,00655662;-0,00128385
2025-08-05;27765,55889318;-0,00127040;-0,00255262
2025-08-06;27813,92419652;0,00174192;-0,00081515
2025-08-07;27849,95577819;0,00129545;0,00000000
2025-08-08;27900,44212205;0,00181280;0,00000000
2025-08-11;27805,27670178;-0,00341089;-0,00341089
2025-08-12;27836,70069639;0,00113015;-0,00228460
2025-08-13;27862,41189674;0,00092364;-0,00136307
2025-08-14;27819,96948125;-0,00152329;-0,00288428
2025-08-15;27807,38666742;-0,00045229;-0,00333527
2025-08-18;27816,12586190;0,00031428;-0,00302204
2025-08-19;27733,22969374;-0,00298015;-0,00599318
2025-08-20;27765,27377135;0,00115544;-0,00484467
2025-08-21;27752,49667668;-0,00046018;-0,00530262
2025-08-22;27915,34915651;0,00586803;0,00000000
2025-08-26;27923,72630586;0,00030009;0,00000000
2025-08-27;27992,13755124;0,00244993;0,00000000
2025-08-28;28059,19751089;0,00239567;0,00000000
2025-08-29;28061,98397557;0,00009931;0,00000000
2025-09-02;28195,33482825;0,00475201;0,00000000
2025-09-03;28306,23528971;0,00393329;0,00000000
2025-09-04;28338,60519127;0,00114356;0,00000000
2025-09-05;28398,02627577;0,00209682;0,00000000
2025-09-08;28556,65757163;0,00558600;0,00000000
2025-09-09;28538,91613182;-0,00062127;-0,00062127
2025-09-10;28646,47699056;0,00376892;0,00000000
2025-09-11;28693,74744395;0,00165013;0,00000000
2025-09-12;28711,08423529;0,00060420;0,00000000
2025-09-15;28835,77500690;0,00434295;0,00000000
2025-09-16;28803,48452421;-0,00111981;-0,00111981
2025-09-17;28720,01603146;-0,00289786;-0,00401442
2025-09-18;28841,87302269;0,00424293;0,00000000
2025-09-19;28984,04036162;0,00492920;0,00000000
2025-09-22;29193,80649061;0,00723730;0,00000000
2025-09-23;29217,47808330;0,00081084;0,00000000
2025-09-24;29113,84479814;-0,00354696;-0,00354696
2025-09-25;29150,35202288;0,00125395;-0,00229746
2025-09-26;29191,64345409;0,00141650;-0,00088422
2025-09-29;29381,80621328;0,00651429;0,00000000
2025-09-30;29447,49287994;0,00223562;0,00000000
2025-10-01;29528,66032949;0,00275634;0,00000000
2025-10-02;29534,02907988;0,00018181;0,00000000
2025-10-03;29649,53759458;0,00391103;0,00000000
2025-10-06;29985,88083421;0,01134396;0,00000000
2025-10-07;30027,07930476;0,00137393;0,00000000
2025-10-08;30385,91302153;0,01195034;0,00000000
2025-10-09;30108,92776856;-0,00911558;-0,00911558
2025-10-10;30001,01834382;-0,00358397;-0,01266688
2025-10-13;30505,61899201;0,01681945;0,00000000
2025-10-14;30576,32720268;0,00231787;0,00000000
2025-10-15;30899,14666964;0,01055782;0,00000000
2025-10-16;31273,38479137;0,01211160;0,00000000
2025-10-17;30926,24932128;-0,01110003;-0,01110003
2025-10-20;31644,70380185;0,02323122;0,00000000
2025-10-21;30600,04107228;-0,03301225;-0,03301225
2025-10-22;30517,39632357;-0,00270081;-0,03562389
2025-10-23;30663,09016553;0,00477412;-0,03101984
2025-10-24;32422,87816169;0,05739108;0,00000000
2025-10-27;30400,08676155;-0,06238778;-0,06238778
2025-10-28;30369,68151035;-0,00100017;-0,06332555
2025-10-29;30372,65301289;0,00009784;-0,06323390
2025-10-30;30621,10110545;0,00817999;-0,05557116
2025-10-31;30530,51703275;-0,00295822;-0,05836500
2025-11-03;30581,33779146;0,00166459;-0,05679756
2025-11-04;30276,68631600;-0,00996201;-0,06619375
2025-11-05;30431,98647706;0,00512936;-0,06140392
2025-11-06;30284,47776803;-0,00484716;-0,06595344
2025-11-07;30278,38586020;-0,00020116;-0,06614133
2025-11-10;30789,97130837;0,01689606;-0,05036280
2025-11-11;30847,33797941;0,00186316;-0,04859347
2025-11-12;31106,65225032;0,00840637;-0,04059559
2025-11-13;30851,97480880;-0,00818723;-0,04845046
2025-11-14;30624,94421282;-0,00735871;-0,05545263
2025-11-17;30396,86192206;-0,00744760;-0,06248724
2025-11-18;30375,89434957;-0,00068979;-0,06313393
2025-11-19;30434,19909018;0,00191944;-0,06133567
2025-11-20;30362,16973169;-0,00236672;-0,06355723
2025-11-21;30277,50485456;-0,00278850;-0,06616850
2025-11-24;30623,31100235;0,01142122;-0,05550300
2025-11-25;30630,69976202;0,00024128;-0,05527512
2025-11-26;30826,15365346;0,00638098;-0,04924685
2025-11-28;31024,28331582;0,00642732;-0,04313605
2025-12-01;31090,02948612;0,00211918;-0,04110828
2025-12-02;31094,69091438;0,00014993;-0,04096451
2025-12-03;31047,43459476;-0,00151976;-0,04242201
2025-12-04;31077,49496969;0,00096821;-0,04149487
2025-12-05;31128,53801691;0,00164244;-0,03992058
2025-12-08;31126,39143841;-0,00006896;-0,03998679
2025-12-09;31201,05759548;0,00239881;-0,03768390
2025-12-10;31232,63742231;0,00101214;-0,03670990
2025-12-11;31289,41936118;0,00181803;-0,03495861
2025-12-12;31191,89046507;-0,00311699;-0,03796664
2025-12-15;31167,08577628;-0,00079523;-0,03873168
2025-12-16;31100,88135050;-0,00212418;-0,04077358
2025-12-17;31049,98267207;-0,00163657;-0,04234342
2025-12-18;31178,01287566;0,00412336;-0,03839466
2025-12-19;31319,35394875;0,00453336;-0,03403536
2025-12-22;31538,29987792;0,00699075;-0,02728253
2025-12-23;31689,02319798;0,00477906;-0,02263386
2025-12-24;31660,53480271;-0,00089900;-0,02351251
2025-12-29;31360,72258992;-0,00946959;-0,03275945
2025-12-30;31387,15968530;0,00084300;-0,03194406
2025-12-31;31271,07657673;-0,00369843;-0,03552435
2026-01-02;31281,24333308;0,00032512;-0,03521078
2026-01-05;31582,17753585;0,00962028;-0,02592924
2026-01-06;31846,07350312;0,00835585;-0,01779005
2026-01-07;31783,27192676;-0,00197204;-0,01972700
2026-01-08;31652,27255615;-0,00412165;-0,02376734
2026-01-09;31913,58250425;0,00825565;-0,01570791
2026-01-12;32120,97075773;0,00649843;-0,00931155
2026-01-13;32092,47673724;-0,00088708;-0,01019038
2026-01-14;32010,26868483;-0,00256160;-0,01272587
2026-01-15;32088,28718097;0,00243730;-0,01031960
2026-01-16;32042,70724136;-0,00142045;-0,01172539
2026-01-20;31991,98276118;-0,00158303;-0,01328986
2026-01-21;32282,27248754;0,00907383;-0,00433662
2026-01-22;32573,69986155;0,00902747;0,00000000
2026-01-23;32676,29236694;0,00314955;0,00000000
2026-01-26;32879,84842064;0,00622947;0,00000000
2026-01-27;33275,91182194;0,01204578;0,00000000
2026-01-28;33737,25045229;0,01386404;0,00000000
2026-01-29;33541,07288240;-0,00581487;-0,00581487
2026-01-30;32282,34127646;-0,03752807;-0,04312471
2026-02-02;32069,71553822;-0,00658644;-0,04942711
2026-02-03;32697,29764187;0,01956931;-0,03082506
2026-02-04;32578,56509943;-0,00363126;-0,03434439
2026-02-05;32169,15899322;-0,01256673;-0,04647953
2026-02-06;32732,73985605;0,01751929;-0,02977452
2026-02-09;33169,83310437;0,01335340;-0,01681872
2026-02-10;33039,89034705;-0,00391750;-0,02067033
2026-02-11;33189,85500098;0,00453890;-0,01622525
2026-02-12;32585,93149972;-0,01819603;-0,03412605
2026-02-13;32904,11135208;0,00976433;-0,02469493
2026-02-17;32526,51715519;-0,01147559;-0,03588714
2026-02-18;32899,22582797;0,01145861;-0,02483974
2026-02-19;32930,56460222;0,00095257;-0,02391084
2026-02-20;33210,01212357;0,00848596;-0,01562778
2026-02-23;33468,65549838;0,00778811;-0,00796138
2026-02-24;33336,58527004;-0,00394609;-0,01187605
2026-02-25;33428,97488599;0,00277142;-0,00913754
2026-02-26;33485,18324980;0,00168143;-0,00747148
2026-02-27;33619,26124204;0,00400410;-0,00349730
2026-03-02;33805,08029364;0,00552716;0,00000000
2026-03-03;33002,49504909;-0,02374156;-0,02374156
2026-03-04;33261,44664016;0,00784642;-0,01608142
2026-03-05;33057,15673062;-0,00614194;-0,02212459
2026-03-09;33061,51209590;0,00013175;-0,02199575
2026-03-10;33323,33288531;0,00791920;-0,01425074
2026-03-11;33248,41295746;-0,00224827;-0,01646697
2026-03-12;32868,47801009;-0,01142716;-0,02770596
2026-03-13;32664,26306166;-0,00621309;-0,03374692
2026-03-16;32728,07679178;0,00195363;-0,03185922
2026-03-17;32735,08057913;0,00021400;-0,03165204
2026-03-18;32224,77249209;-0,01558903;-0,04674764
2026-03-19;31573,41021984;-0,02021309;-0,06601582
2026-03-20;31074,52073021;-0,01580094;-0,08077365
2026-03-23;30861,43847871;-0,00685714;-0,08707691
2026-03-24;30846,46026122;-0,00048534;-0,08751998
2026-03-25;31275,57929820;0,01391145;-0,07482606
2026-03-26;30626,55867689;-0,02075167;-0,09402497
2026-03-27;30869,14080206;0,00792065;-0,08684906
2026-03-30;30854,25169562;-0,00048233;-0,08728950
2026-03-31;31496,25243837;0,02080753;-0,06829825
2026-04-01;31919,40488017;0,01343501;-0,05578083
2026-04-02;31752,53347265;-0,00522790;-0,06071711
2026-04-07;31827,17363168;0,00235068;-0,05850915
2026-04-08;32232,12678322;0,01272350;-0,04653009
2026-04-09;32359,38485069;0,00394817;-0,04276563
2026-04-10;32381,69063060;0,00068931;-0,04210579
2026-04-13;32430,24989866;0,00149959;-0,04066934
2026-04-14;32853,81974966;0,01306095;-0,02813957
2026-04-15;32850,10554977;-0,00011305;-0,02824944
2026-04-16;32959,83903056;0,00334043;-0,02500338
2026-04-17;33304,41536994;0,01045443;-0,01481035
2026-04-20;33177,27345130;-0,00381757;-0,01857138
2026-04-21;32845,01143798;-0,01001475;-0,02840014
2026-04-22;33127,10175919;0,00858853;-0,02005552
2026-04-23;32965,74159738;-0,00487094;-0,02482877
2026-04-24;33148,89574517;0,00555589;-0,01941083
2026-04-27;33054,36738810;-0,00285163;-0,02220710
2026-04-28;32737,03669413;-0,00960027;-0,03159417
2026-04-29;32667,70717461;-0,00211777;-0,03364504
2026-04-30;32868,50950707;0,00614681;-0,02770503
2026-05-01;33005,51896282;0,00416841;-0,02365211
2026-05-05;33040,90100849;0,00107200;-0,02260546
2026-05-06;33685,67882313;0,01951453;-0,00353206
2026-05-07;33697,91630054;0,00036328;-0,00317006
2026-05-08;33979,92458696;0,00836872;0,00000000
2026-05-11;34123,94831539;0,00423849;0,00000000
2026-05-12;33954,77811421;-0,00495752;-0,00495752
2026-05-13;34041,02282995;0,00253999;-0,00243013
2026-05-14;34187,02017249;0,00428886;0,00000000
2026-05-15;33779,27272972;-0,01192697;-0,01192697
2026-05-18;33647,06447768;-0,00391389;-0,01579417
2026-05-19;33372,32823867;-0,00816524;-0,02383045
2026-05-20;33757,35300894;0,01153725;-0,01256814
2026-05-21;33819,66476285;0,00184587;-0,01074546
2026-05-22;33896,01652328;0,00225761;-0,00851211
2026-05-26;34127,35693905;0,00682500;-0,00174520
2026-05-27;33955,92953626;-0,00502317;-0,00675960
2026-05-28;34203,16397109;0,00728104;0,00000000
2026-05-29;34503,89923411;0,00879262;0,00000000
2026-06-01;34538,25830556;0,00099580;0,00000000
2026-06-02;34680,63517056;0,00412229;0,00000000
2026-06-03;34469,29409923;-0,00609392;-0,00609392
2026-06-04;34471,47007487;0,00006313;-0,00603118
2026-06-05;33510,29586834;-0,02788318;-0,03374619
2026-06-08;33640,74751240;0,00389288;-0,02998468
2026-06-09;33177,73213748;-0,01376353;-0,04333551
2026-06-10;32547,50552040;-0,01899547;-0,06150780
2026-06-11;33137,05889852;0,01811363;-0,04450830
2026-06-12;33349,03274704;0,00639688;-0,03839614
2026-06-15;34008,91017593;0,01978700;-0,01936888
2026-06-16;33850,68901608;-0,00465234;-0,02393111
2026-06-17;33578,35452051;-0,00804517;-0,03178375
2026-06-18;33796,54545695;0,00649796;-0,02549232
2026-06-22;33737,35655254;-0,00175133;-0,02719900
2026-06-23;33157,38467757;-0,01719079;-0,04392222
2026-06-24;32843,66275680;-0,00946160;-0,05296825
2026-06-25;32942,05074945;0,00299565;-0,05013127
2026-06-26;32927,61844422;-0,00043811;-0,05054742
2026-06-29;32938,68449721;0,00033607;-0,05022834
2026-06-30;33199,68054744;0,00792369;-0,04270264
