Date,value,daily_return,drawdown
2014-01-02,10000.00000000,,0.00000000
2014-01-03,10000.00000000,0.00000000,0.00000000
2014-01-06,10000.00000000,0.00000000,0.00000000
2014-01-07,10000.00000000,0.00000000,0.00000000
2014-01-08,10000.00000000,0.00000000,0.00000000
2014-01-09,10000.00000000,0.00000000,0.00000000
2014-01-10,10000.00000000,0.00000000,0.00000000
2014-01-13,10000.00000000,0.00000000,0.00000000
2014-01-14,10000.00000000,0.00000000,0.00000000
2014-01-15,10000.00000000,0.00000000,0.00000000
2014-01-16,10000.00000000,0.00000000,0.00000000
2014-01-17,10000.00000000,0.00000000,0.00000000
2014-01-21,10000.00000000,0.00000000,0.00000000
2014-01-22,10000.00000000,0.00000000,0.00000000
2014-01-23,10000.00000000,0.00000000,0.00000000
2014-01-24,10000.00000000,0.00000000,0.00000000
2014-01-27,10000.00000000,0.00000000,0.00000000
2014-01-28,10000.00000000,0.00000000,0.00000000
2014-01-29,10000.00000000,0.00000000,0.00000000
2014-01-30,10000.00000000,0.00000000,0.00000000
2014-01-31,10000.00000000,0.00000000,0.00000000
2014-02-03,10000.00000000,0.00000000,0.00000000
2014-02-04,10000.00000000,0.00000000,0.00000000
2014-02-05,10000.00000000,0.00000000,0.00000000
2014-02-06,10000.00000000,0.00000000,0.00000000
2014-02-07,10000.00000000,0.00000000,0.00000000
2014-02-10,10000.00000000,0.00000000,0.00000000
2014-02-11,10000.00000000,0.00000000,0.00000000
2014-02-12,10000.00000000,0.00000000,0.00000000
2014-02-13,10000.00000000,0.00000000,0.00000000
2014-02-14,10000.00000000,0.00000000,0.00000000
2014-02-18,10000.00000000,0.00000000,0.00000000
2014-02-19,10000.00000000,0.00000000,0.00000000
2014-02-20,10000.00000000,0.00000000,0.00000000
2014-02-21,10000.00000000,0.00000000,0.00000000
2014-02-24,10000.00000000,0.00000000,0.00000000
2014-02-25,10000.00000000,0.00000000,0.00000000
2014-02-26,10000.00000000,0.00000000,0.00000000
2014-02-27,10000.00000000,0.00000000,0.00000000
2014-02-28,10000.00000000,0.00000000,0.00000000
2014-03-03,10000.00000000,0.00000000,0.00000000
2014-03-04,10000.00000000,0.00000000,0.00000000
2014-03-05,10000.00000000,0.00000000,0.00000000
2014-03-06,10000.00000000,0.00000000,0.00000000
2014-03-07,10000.00000000,0.00000000,0.00000000
2014-03-10,10000.00000000,0.00000000,0.00000000
2014-03-11,10000.00000000,0.00000000,0.00000000
2014-03-12,10000.00000000,0.00000000,0.00000000
2014-03-13,10000.00000000,0.00000000,0.00000000
2014-03-14,10000.00000000,0.00000000,0.00000000
2014-03-17,10000.00000000,0.00000000,0.00000000
2014-03-18,10000.00000000,0.00000000,0.00000000
2014-03-19,10000.00000000,0.00000000,0.00000000
2014-03-20,10000.00000000,0.00000000,0.00000000
2014-03-21,10000.00000000,0.00000000,0.00000000
2014-03-24,10000.00000000,0.00000000,0.00000000
2014-03-25,10000.00000000,0.00000000,0.00000000
2014-03-26,10000.00000000,0.00000000,0.00000000
2014-03-27,10000.00000000,0.00000000,0.00000000
2014-03-28,10000.00000000,0.00000000,0.00000000
2014-03-31,10000.00000000,0.00000000,0.00000000
2014-04-01,10000.00000000,0.00000000,0.00000000
2014-04-02,10000.00000000,0.00000000,0.00000000
2014-04-03,10000.00000000,0.00000000,0.00000000
2014-04-04,10000.00000000,0.00000000,0.00000000
2014-04-07,10000.00000000,0.00000000,0.00000000
2014-04-08,10000.00000000,0.00000000,0.00000000
2014-04-09,10000.00000000,0.00000000,0.00000000
2014-04-10,10000.00000000,0.00000000,0.00000000
2014-04-11,10000.00000000,0.00000000,0.00000000
2014-04-14,10000.00000000,0.00000000,0.00000000
2014-04-15,10000.00000000,0.00000000,0.00000000
2014-04-16,10000.00000000,0.00000000,0.00000000
2014-04-17,10000.00000000,0.00000000,0.00000000
2014-04-22,10000.00000000,0.00000000,0.00000000
2014-04-23,10000.00000000,0.00000000,0.00000000
2014-04-24,10000.00000000,0.00000000,0.00000000
2014-04-25,10000.00000000,0.00000000,0.00000000
2014-04-28,10000.00000000,0.00000000,0.00000000
2014-04-29,10000.00000000,0.00000000,0.00000000
2014-04-30,10000.00000000,0.00000000,0.00000000
2014-05-01,10000.00000000,0.00000000,0.00000000
2014-05-02,10000.00000000,0.00000000,0.00000000
2014-05-06,10000.00000000,0.00000000,0.00000000
2014-05-07,10000.00000000,0.00000000,0.00000000
2014-05-08,10000.00000000,0.00000000,0.00000000
2014-05-09,10000.00000000,0.00000000,0.00000000
2014-05-12,10000.00000000,0.00000000,0.00000000
2014-05-13,10000.00000000,0.00000000,0.00000000
2014-05-14,10000.00000000,0.00000000,0.00000000
2014-05-15,10000.00000000,0.00000000,0.00000000
2014-05-16,10000.00000000,0.00000000,0.00000000
2014-05-19,10000.00000000,0.00000000,0.00000000
2014-05-20,10000.00000000,0.00000000,0.00000000
2014-05-21,10000.00000000,0.00000000,0.00000000
2014-05-22,10000.00000000,0.00000000,0.00000000
2014-05-23,10000.00000000,0.00000000,0.00000000
2014-05-27,10000.00000000,0.00000000,0.00000000
2014-05-28,10000.00000000,0.00000000,0.00000000
2014-05-29,10000.00000000,0.00000000,0.00000000
2014-05-30,10000.00000000,0.00000000,0.00000000
2014-06-02,10000.00000000,0.00000000,0.00000000
2014-06-03,10000.00000000,0.00000000,0.00000000
2014-06-04,10000.00000000,0.00000000,0.00000000
2014-06-05,10000.00000000,0.00000000,0.00000000
2014-06-06,10000.00000000,0.00000000,0.00000000
2014-06-09,10000.00000000,0.00000000,0.00000000
2014-06-10,10000.00000000,0.00000000,0.00000000
2014-06-11,10000.00000000,0.00000000,0.00000000
2014-06-12,10000.00000000,0.00000000,0.00000000
2014-06-13,10000.00000000,0.00000000,0.00000000
2014-06-16,10000.00000000,0.00000000,0.00000000
2014-06-17,10000.00000000,0.00000000,0.00000000
2014-06-18,10000.00000000,0.00000000,0.00000000
2014-06-19,10000.00000000,0.00000000,0.00000000
2014-06-20,10000.00000000,0.00000000,0.00000000
2014-06-23,10000.00000000,0.00000000,0.00000000
2014-06-24,10000.00000000,0.00000000,0.00000000
2014-06-25,10000.00000000,0.00000000,0.00000000
2014-06-26,10000.00000000,0.00000000,0.00000000
2014-06-27,10000.00000000,0.00000000,0.00000000
2014-06-30,10000.00000000,0.00000000,0.00000000
2014-07-01,10000.00000000,0.00000000,0.00000000
2014-07-02,10000.00000000,0.00000000,0.00000000
2014-07-03,10000.00000000,0.00000000,0.00000000
2014-07-07,10000.00000000,0.00000000,0.00000000
2014-07-08,10000.00000000,0.00000000,0.00000000
2014-07-09,10000.00000000,0.00000000,0.00000000
2014-07-10,10000.00000000,0.00000000,0.00000000
2014-07-11,10000.00000000,0.00000000,0.00000000
2014-07-14,10000.00000000,0.00000000,0.00000000
2014-07-15,10000.00000000,0.00000000,0.00000000
2014-07-16,10000.00000000,0.00000000,0.00000000
2014-07-17,10000.00000000,0.00000000,0.00000000
2014-07-18,10000.00000000,0.00000000,0.00000000
2014-07-21,10000.00000000,0.00000000,0.00000000
2014-07-22,10000.00000000,0.00000000,0.00000000
2014-07-23,10000.00000000,0.00000000,0.00000000
2014-07-24,10000.00000000,0.00000000,0.00000000
2014-07-25,10000.00000000,0.00000000,0.00000000
2014-07-28,10000.00000000,0.00000000,0.00000000
2014-07-29,10000.00000000,0.00000000,0.00000000
2014-07-30,10000.00000000,0.00000000,0.00000000
2014-07-31,10000.00000000,0.00000000,0.00000000
2014-08-01,10000.00000000,0.00000000,0.00000000
2014-08-04,10000.00000000,0.00000000,0.00000000
2014-08-05,10000.00000000,0.00000000,0.00000000
2014-08-06,10000.00000000,0.00000000,0.00000000
2014-08-07,10000.00000000,0.00000000,0.00000000
2014-08-08,10000.00000000,0.00000000,0.00000000
2014-08-11,10000.00000000,0.00000000,0.00000000
2014-08-12,10000.00000000,0.00000000,0.00000000
2014-08-13,10000.00000000,0.00000000,0.00000000
2014-08-14,10000.00000000,0.00000000,0.00000000
2014-08-15,10000.00000000,0.00000000,0.00000000
2014-08-18,10000.00000000,0.00000000,0.00000000
2014-08-19,10000.00000000,0.00000000,0.00000000
2014-08-20,10000.00000000,0.00000000,0.00000000
2014-08-21,10000.00000000,0.00000000,0.00000000
2014-08-22,10000.00000000,0.00000000,0.00000000
2014-08-26,10000.00000000,0.00000000,0.00000000
2014-08-27,10000.00000000,0.00000000,0.00000000
2014-08-28,10000.00000000,0.00000000,0.00000000
2014-08-29,10000.00000000,0.00000000,0.00000000
2014-09-02,10000.00000000,0.00000000,0.00000000
2014-09-03,10000.00000000,0.00000000,0.00000000
2014-09-04,10000.00000000,0.00000000,0.00000000
2014-09-05,10000.00000000,0.00000000,0.00000000
2014-09-08,10000.00000000,0.00000000,0.00000000
2014-09-09,10000.00000000,0.00000000,0.00000000
2014-09-10,10000.00000000,0.00000000,0.00000000
2014-09-11,10000.00000000,0.00000000,0.00000000
2014-09-12,10000.00000000,0.00000000,0.00000000
2014-09-15,10000.00000000,0.00000000,0.00000000
2014-09-16,10000.00000000,0.00000000,0.00000000
2014-09-17,10000.00000000,0.00000000,0.00000000
2014-09-18,10000.00000000,0.00000000,0.00000000
2014-09-19,10000.00000000,0.00000000,0.00000000
2014-09-22,10000.00000000,0.00000000,0.00000000
2014-09-23,10000.00000000,0.00000000,0.00000000
2014-09-24,10000.00000000,0.00000000,0.00000000
2014-09-25,10000.00000000,0.00000000,0.00000000
2014-09-26,10000.00000000,0.00000000,0.00000000
2014-09-29,10000.00000000,0.00000000,0.00000000
2014-09-30,10000.00000000,0.00000000,0.00000000
2014-10-01,10000.00000000,0.00000000,0.00000000
2014-10-02,10000.00000000,0.00000000,0.00000000
2014-10-03,10000.00000000,0.00000000,0.00000000
2014-10-06,10000.00000000,0.00000000,0.00000000
2014-10-07,10000.00000000,0.00000000,0.00000000
2014-10-08,10000.00000000,0.00000000,0.00000000
2014-10-09,10000.00000000,0.00000000,0.00000000
2014-10-10,10000.00000000,0.00000000,0.00000000
2014-10-13,10000.00000000,0.00000000,0.00000000
2014-10-14,10000.00000000,0.00000000,0.00000000
2014-10-15,10000.00000000,0.00000000,0.00000000
2014-10-16,10000.00000000,0.00000000,0.00000000
2014-10-17,10000.00000000,0.00000000,0.00000000
2014-10-20,10000.00000000,0.00000000,0.00000000
2014-10-21,10000.00000000,0.00000000,0.00000000
2014-10-22,10000.00000000,0.00000000,0.00000000
2014-10-23,10000.00000000,0.00000000,0.00000000
2014-10-24,10000.00000000,0.00000000,0.00000000
2014-10-27,10000.00000000,0.00000000,0.00000000
2014-10-28,10000.00000000,0.00000000,0.00000000
2014-10-29,10000.00000000,0.00000000,0.00000000
2014-10-30,10000.00000000,0.00000000,0.00000000
2014-10-31,10000.00000000,0.00000000,0.00000000
2014-11-03,10000.00000000,0.00000000,0.00000000
2014-11-04,10000.00000000,0.00000000,0.00000000
2014-11-05,10000.00000000,0.00000000,0.00000000
2014-11-06,10000.00000000,0.00000000,0.00000000
2014-11-07,10000.00000000,0.00000000,0.00000000
2014-11-10,10000.00000000,0.00000000,0.00000000
2014-11-11,10000.00000000,0.00000000,0.00000000
2014-11-12,10000.00000000,0.00000000,0.00000000
2014-11-13,10000.00000000,0.00000000,0.00000000
2014-11-14,10000.00000000,0.00000000,0.00000000
2014-11-17,10000.00000000,0.00000000,0.00000000
2014-11-18,10000.00000000,0.00000000,0.00000000
2014-11-19,10000.00000000,0.00000000,0.00000000
2014-11-20,10000.00000000,0.00000000,0.00000000
2014-11-21,10000.00000000,0.00000000,0.00000000
2014-11-24,10000.00000000,0.00000000,0.00000000
2014-11-25,10000.00000000,0.00000000,0.00000000
2014-11-26,10000.00000000,0.00000000,0.00000000
2014-11-28,10000.00000000,0.00000000,0.00000000
2014-12-01,10000.00000000,0.00000000,0.00000000
2014-12-02,10000.00000000,0.00000000,0.00000000
2014-12-03,10000.00000000,0.00000000,0.00000000
2014-12-04,10000.00000000,0.00000000,0.00000000
2014-12-05,10000.00000000,0.00000000,0.00000000
2014-12-08,10000.00000000,0.00000000,0.00000000
2014-12-09,10000.00000000,0.00000000,0.00000000
2014-12-10,10000.00000000,0.00000000,0.00000000
2014-12-11,10000.00000000,0.00000000,0.00000000
2014-12-12,10000.00000000,0.00000000,0.00000000
2014-12-15,10000.00000000,0.00000000,0.00000000
2014-12-16,10000.00000000,0.00000000,0.00000000
2014-12-17,10000.00000000,0.00000000,0.00000000
2014-12-18,10000.00000000,0.00000000,0.00000000
2014-12-19,10000.00000000,0.00000000,0.00000000
2014-12-22,10000.00000000,0.00000000,0.00000000
2014-12-23,10000.00000000,0.00000000,0.00000000
2014-12-24,10000.00000000,0.00000000,0.00000000
2014-12-29,10000.00000000,0.00000000,0.00000000
2014-12-30,10000.00000000,0.00000000,0.00000000
2014-12-31,10000.00000000,0.00000000,0.00000000
2015-01-02,10000.00000000,0.00000000,0.00000000
2015-01-05,10000.00000000,0.00000000,0.00000000
2015-01-06,10000.00000000,0.00000000,0.00000000
2015-01-07,10000.00000000,0.00000000,0.00000000
2015-01-08,10000.00000000,0.00000000,0.00000000
2015-01-09,10000.00000000,0.00000000,0.00000000
2015-01-12,10000.00000000,0.00000000,0.00000000
2015-01-13,10000.00000000,0.00000000,0.00000000
2015-01-14,10000.00000000,0.00000000,0.00000000
2015-01-15,10000.00000000,0.00000000,0.00000000
2015-01-16,10000.00000000,0.00000000,0.00000000
2015-01-20,10000.00000000,0.00000000,0.00000000
2015-01-21,10000.00000000,0.00000000,0.00000000
2015-01-22,10000.00000000,0.00000000,0.00000000
2015-01-23,10000.00000000,0.00000000,0.00000000
2015-01-26,10000.00000000,0.00000000,0.00000000
2015-01-27,10000.00000000,0.00000000,0.00000000
2015-01-28,10000.00000000,0.00000000,0.00000000
2015-01-29,10000.00000000,0.00000000,0.00000000
2015-01-30,10000.00000000,0.00000000,0.00000000
2015-02-02,10000.00000000,0.00000000,0.00000000
2015-02-03,10000.00000000,0.00000000,0.00000000
2015-02-04,10000.00000000,0.00000000,0.00000000
2015-02-05,10000.00000000,0.00000000,0.00000000
2015-02-06,10000.00000000,0.00000000,0.00000000
2015-02-09,10000.00000000,0.00000000,0.00000000
2015-02-10,10000.00000000,0.00000000,0.00000000
2015-02-11,10000.00000000,0.00000000,0.00000000
2015-02-12,10000.00000000,0.00000000,0.00000000
2015-02-13,10000.00000000,0.00000000,0.00000000
2015-02-17,10000.00000000,0.00000000,0.00000000
2015-02-18,10000.00000000,0.00000000,0.00000000
2015-02-19,10000.00000000,0.00000000,0.00000000
2015-02-20,10000.00000000,0.00000000,0.00000000
2015-02-23,10000.00000000,0.00000000,0.00000000
2015-02-24,10000.00000000,0.00000000,0.00000000
2015-02-25,10000.00000000,0.00000000,0.00000000
2015-02-26,10000.00000000,0.00000000,0.00000000
2015-02-27,10000.00000000,0.00000000,0.00000000
2015-03-02,10000.00000000,0.00000000,0.00000000
2015-03-03,10000.00000000,0.00000000,0.00000000
2015-03-04,10000.00000000,0.00000000,0.00000000
2015-03-05,10000.00000000,0.00000000,0.00000000
2015-03-06,10000.00000000,0.00000000,0.00000000
2015-03-09,10000.00000000,0.00000000,0.00000000
2015-03-10,10000.00000000,0.00000000,0.00000000
2015-03-11,10000.00000000,0.00000000,0.00000000
2015-03-12,10000.00000000,0.00000000,0.00000000
2015-03-13,10000.00000000,0.00000000,0.00000000
2015-03-16,10000.00000000,0.00000000,0.00000000
2015-03-17,10000.00000000,0.00000000,0.00000000
2015-03-18,10000.00000000,0.00000000,0.00000000
2015-03-19,10000.00000000,0.00000000,0.00000000
2015-03-20,10000.00000000,0.00000000,0.00000000
2015-03-23,10000.00000000,0.00000000,0.00000000
2015-03-24,10000.00000000,0.00000000,0.00000000
2015-03-25,10000.00000000,0.00000000,0.00000000
2015-03-26,10000.00000000,0.00000000,0.00000000
2015-03-27,10000.00000000,0.00000000,0.00000000
2015-03-30,10000.00000000,0.00000000,0.00000000
2015-03-31,10000.00000000,0.00000000,0.00000000
2015-04-01,10000.00000000,0.00000000,0.00000000
2015-04-02,10000.00000000,0.00000000,0.00000000
2015-04-07,10000.00000000,0.00000000,0.00000000
2015-04-08,10000.00000000,0.00000000,0.00000000
2015-04-09,10000.00000000,0.00000000,0.00000000
2015-04-10,10000.00000000,0.00000000,0.00000000
2015-04-13,10000.00000000,0.00000000,0.00000000
2015-04-14,10000.00000000,0.00000000,0.00000000
2015-04-15,10000.00000000,0.00000000,0.00000000
2015-04-16,10000.00000000,0.00000000,0.00000000
2015-04-17,10000.00000000,0.00000000,0.00000000
2015-04-20,10000.00000000,0.00000000,0.00000000
2015-04-21,10000.00000000,0.00000000,0.00000000
2015-04-22,10000.00000000,0.00000000,0.00000000
2015-04-23,10000.00000000,0.00000000,0.00000000
2015-04-24,10000.00000000,0.00000000,0.00000000
2015-04-27,10000.00000000,0.00000000,0.00000000
2015-04-28,10000.00000000,0.00000000,0.00000000
2015-04-29,10000.00000000,0.00000000,0.00000000
2015-04-30,10000.00000000,0.00000000,0.00000000
2015-05-01,10000.00000000,0.00000000,0.00000000
2015-05-05,10000.00000000,0.00000000,0.00000000
2015-05-06,10000.00000000,0.00000000,0.00000000
2015-05-07,10000.00000000,0.00000000,0.00000000
2015-05-08,10000.00000000,0.00000000,0.00000000
2015-05-11,10000.00000000,0.00000000,0.00000000
2015-05-12,10000.00000000,0.00000000,0.00000000
2015-05-13,10000.00000000,0.00000000,0.00000000
2015-05-14,10000.00000000,0.00000000,0.00000000
2015-05-15,10000.00000000,0.00000000,0.00000000
2015-05-18,10000.00000000,0.00000000,0.00000000
2015-05-19,10000.00000000,0.00000000,0.00000000
2015-05-20,10000.00000000,0.00000000,0.00000000
2015-05-21,10000.00000000,0.00000000,0.00000000
2015-05-22,10000.00000000,0.00000000,0.00000000
2015-05-26,10000.00000000,0.00000000,0.00000000
2015-05-27,10000.00000000,0.00000000,0.00000000
2015-05-28,10000.00000000,0.00000000,0.00000000
2015-05-29,10000.00000000,0.00000000,0.00000000
2015-06-01,10000.00000000,0.00000000,0.00000000
2015-06-02,10000.00000000,0.00000000,0.00000000
2015-06-03,10000.00000000,0.00000000,0.00000000
2015-06-04,10000.00000000,0.00000000,0.00000000
2015-06-05,10000.00000000,0.00000000,0.00000000
2015-06-08,10000.00000000,0.00000000,0.00000000
2015-06-09,10000.00000000,0.00000000,0.00000000
2015-06-10,10000.00000000,0.00000000,0.00000000
2015-06-11,10000.00000000,0.00000000,0.00000000
2015-06-12,10000.00000000,0.00000000,0.00000000
2015-06-15,10000.00000000,0.00000000,0.00000000
2015-06-16,10000.00000000,0.00000000,0.00000000
2015-06-17,10000.00000000,0.00000000,0.00000000
2015-06-18,10000.00000000,0.00000000,0.00000000
2015-06-19,10000.00000000,0.00000000,0.00000000
2015-06-22,10000.00000000,0.00000000,0.00000000
2015-06-23,10000.00000000,0.00000000,0.00000000
2015-06-24,10000.00000000,0.00000000,0.00000000
2015-06-25,10000.00000000,0.00000000,0.00000000
2015-06-26,10000.00000000,0.00000000,0.00000000
2015-06-29,10000.00000000,0.00000000,0.00000000
2015-06-30,10000.00000000,0.00000000,0.00000000
2015-07-01,10000.00000000,0.00000000,0.00000000
2015-07-02,10000.00000000,0.00000000,0.00000000
2015-07-06,10000.00000000,0.00000000,0.00000000
2015-07-07,10000.00000000,0.00000000,0.00000000
2015-07-08,10000.00000000,0.00000000,0.00000000
2015-07-09,10000.00000000,0.00000000,0.00000000
2015-07-10,10000.00000000,0.00000000,0.00000000
2015-07-13,10000.00000000,0.00000000,0.00000000
2015-07-14,10000.00000000,0.00000000,0.00000000
2015-07-15,10000.00000000,0.00000000,0.00000000
2015-07-16,10000.00000000,0.00000000,0.00000000
2015-07-17,10000.00000000,0.00000000,0.00000000
2015-07-20,10000.00000000,0.00000000,0.00000000
2015-07-21,10000.00000000,0.00000000,0.00000000
2015-07-22,10000.00000000,0.00000000,0.00000000
2015-07-23,10000.00000000,0.00000000,0.00000000
2015-07-24,10000.00000000,0.00000000,0.00000000
2015-07-27,10000.00000000,0.00000000,0.00000000
2015-07-28,10000.00000000,0.00000000,0.00000000
2015-07-29,10000.00000000,0.00000000,0.00000000
2015-07-30,10000.00000000,0.00000000,0.00000000
2015-07-31,10000.00000000,0.00000000,0.00000000
2015-08-03,10000.00000000,0.00000000,0.00000000
2015-08-04,10000.00000000,0.00000000,0.00000000
2015-08-05,10000.00000000,0.00000000,0.00000000
2015-08-06,10000.00000000,0.00000000,0.00000000
2015-08-07,10000.00000000,0.00000000,0.00000000
2015-08-10,10000.00000000,0.00000000,0.00000000
2015-08-11,10000.00000000,0.00000000,0.00000000
2015-08-12,10000.00000000,0.00000000,0.00000000
2015-08-13,10000.00000000,0.00000000,0.00000000
2015-08-14,10000.00000000,0.00000000,0.00000000
2015-08-17,10000.00000000,0.00000000,0.00000000
2015-08-18,10000.00000000,0.00000000,0.00000000
2015-08-19,10000.00000000,0.00000000,0.00000000
2015-08-20,10000.00000000,0.00000000,0.00000000
2015-08-21,10000.00000000,0.00000000,0.00000000
2015-08-24,10000.00000000,0.00000000,0.00000000
2015-08-25,10000.00000000,0.00000000,0.00000000
2015-08-26,10000.00000000,0.00000000,0.00000000
2015-08-27,10000.00000000,0.00000000,0.00000000
2015-08-28,10000.00000000,0.00000000,0.00000000
2015-09-01,10000.00000000,0.00000000,0.00000000
2015-09-02,10000.00000000,0.00000000,0.00000000
2015-09-03,10000.00000000,0.00000000,0.00000000
2015-09-04,10000.00000000,0.00000000,0.00000000
2015-09-08,10000.00000000,0.00000000,0.00000000
2015-09-09,10000.00000000,0.00000000,0.00000000
2015-09-10,10000.00000000,0.00000000,0.00000000
2015-09-11,10000.00000000,0.00000000,0.00000000
2015-09-14,10000.00000000,0.00000000,0.00000000
2015-09-15,10000.00000000,0.00000000,0.00000000
2015-09-16,10000.00000000,0.00000000,0.00000000
2015-09-17,10000.00000000,0.00000000,0.00000000
2015-09-18,10000.00000000,0.00000000,0.00000000
2015-09-21,10000.00000000,0.00000000,0.00000000
2015-09-22,10000.00000000,0.00000000,0.00000000
2015-09-23,10000.00000000,0.00000000,0.00000000
2015-09-24,10000.00000000,0.00000000,0.00000000
2015-09-25,10000.00000000,0.00000000,0.00000000
2015-09-28,10000.00000000,0.00000000,0.00000000
2015-09-29,10000.00000000,0.00000000,0.00000000
2015-09-30,10000.00000000,0.00000000,0.00000000
2015-10-01,10000.00000000,0.00000000,0.00000000
2015-10-02,10000.00000000,0.00000000,0.00000000
2015-10-05,10000.00000000,0.00000000,0.00000000
2015-10-06,10000.00000000,0.00000000,0.00000000
2015-10-07,10000.00000000,0.00000000,0.00000000
2015-10-08,10000.00000000,0.00000000,0.00000000
2015-10-09,10000.00000000,0.00000000,0.00000000
2015-10-12,10000.00000000,0.00000000,0.00000000
2015-10-13,10000.00000000,0.00000000,0.00000000
2015-10-14,10000.00000000,0.00000000,0.00000000
2015-10-15,10000.00000000,0.00000000,0.00000000
2015-10-16,10000.00000000,0.00000000,0.00000000
2015-10-19,10000.00000000,0.00000000,0.00000000
2015-10-20,10000.00000000,0.00000000,0.00000000
2015-10-21,10000.00000000,0.00000000,0.00000000
2015-10-22,10000.00000000,0.00000000,0.00000000
2015-10-23,10000.00000000,0.00000000,0.00000000
2015-10-26,10000.00000000,0.00000000,0.00000000
2015-10-27,10000.00000000,0.00000000,0.00000000
2015-10-28,10000.00000000,0.00000000,0.00000000
2015-10-29,10000.00000000,0.00000000,0.00000000
2015-10-30,10000.00000000,0.00000000,0.00000000
2015-11-02,10000.00000000,0.00000000,0.00000000
2015-11-03,10000.00000000,0.00000000,0.00000000
2015-11-04,10000.00000000,0.00000000,0.00000000
2015-11-05,10000.00000000,0.00000000,0.00000000
2015-11-06,10000.00000000,0.00000000,0.00000000
2015-11-09,10000.00000000,0.00000000,0.00000000
2015-11-10,10000.00000000,0.00000000,0.00000000
2015-11-11,10000.00000000,0.00000000,0.00000000
2015-11-12,10000.00000000,0.00000000,0.00000000
2015-11-13,10000.00000000,0.00000000,0.00000000
2015-11-16,10000.00000000,0.00000000,0.00000000
2015-11-17,10000.00000000,0.00000000,0.00000000
2015-11-18,10000.00000000,0.00000000,0.00000000
2015-11-19,10000.00000000,0.00000000,0.00000000
2015-11-20,10000.00000000,0.00000000,0.00000000
2015-11-23,10000.00000000,0.00000000,0.00000000
2015-11-24,10000.00000000,0.00000000,0.00000000
2015-11-25,10000.00000000,0.00000000,0.00000000
2015-11-27,10000.00000000,0.00000000,0.00000000
2015-11-30,10000.00000000,0.00000000,0.00000000
2015-12-01,10000.00000000,0.00000000,0.00000000
2015-12-02,10000.00000000,0.00000000,0.00000000
2015-12-03,10000.00000000,0.00000000,0.00000000
2015-12-04,10000.00000000,0.00000000,0.00000000
2015-12-07,10000.00000000,0.00000000,0.00000000
2015-12-08,10000.00000000,0.00000000,0.00000000
2015-12-09,10000.00000000,0.00000000,0.00000000
2015-12-10,10000.00000000,0.00000000,0.00000000
2015-12-11,10000.00000000,0.00000000,0.00000000
2015-12-14,10000.00000000,0.00000000,0.00000000
2015-12-15,10000.00000000,0.00000000,0.00000000
2015-12-16,10000.00000000,0.00000000,0.00000000
2015-12-17,10000.00000000,0.00000000,0.00000000
2015-12-18,10000.00000000,0.00000000,0.00000000
2015-12-21,10000.00000000,0.00000000,0.00000000
2015-12-22,10000.00000000,0.00000000,0.00000000
2015-12-23,10000.00000000,0.00000000,0.00000000
2015-12-24,10000.00000000,0.00000000,0.00000000
2015-12-29,10000.00000000,0.00000000,0.00000000
2015-12-30,10000.00000000,0.00000000,0.00000000
2015-12-31,10000.00000000,0.00000000,0.00000000
2016-01-04,10000.00000000,0.00000000,0.00000000
2016-01-05,10000.00000000,0.00000000,0.00000000
2016-01-06,10000.00000000,0.00000000,0.00000000
2016-01-07,10000.00000000,0.00000000,0.00000000
2016-01-08,10000.00000000,0.00000000,0.00000000
2016-01-11,10000.00000000,0.00000000,0.00000000
2016-01-12,10000.00000000,0.00000000,0.00000000
2016-01-13,10000.00000000,0.00000000,0.00000000
2016-01-14,10000.00000000,0.00000000,0.00000000
2016-01-15,10000.00000000,0.00000000,0.00000000
2016-01-19,10000.00000000,0.00000000,0.00000000
2016-01-20,10000.00000000,0.00000000,0.00000000
2016-01-21,10000.00000000,0.00000000,0.00000000
2016-01-22,10000.00000000,0.00000000,0.00000000
2016-01-25,10000.00000000,0.00000000,0.00000000
2016-01-26,10000.00000000,0.00000000,0.00000000
2016-01-27,10000.00000000,0.00000000,0.00000000
2016-01-28,10000.00000000,0.00000000,0.00000000
2016-01-29,10000.00000000,0.00000000,0.00000000
2016-02-01,10000.00000000,0.00000000,0.00000000
2016-02-02,10000.00000000,0.00000000,0.00000000
2016-02-03,10000.00000000,0.00000000,0.00000000
2016-02-04,10000.00000000,0.00000000,0.00000000
2016-02-05,10000.00000000,0.00000000,0.00000000
2016-02-08,10000.00000000,0.00000000,0.00000000
2016-02-09,10000.00000000,0.00000000,0.00000000
2016-02-10,10000.00000000,0.00000000,0.00000000
2016-02-11,10000.00000000,0.00000000,0.00000000
2016-02-12,10000.00000000,0.00000000,0.00000000
2016-02-16,10000.00000000,0.00000000,0.00000000
2016-02-17,10000.00000000,0.00000000,0.00000000
2016-02-18,10000.00000000,0.00000000,0.00000000
2016-02-19,10000.00000000,0.00000000,0.00000000
2016-02-22,10000.00000000,0.00000000,0.00000000
2016-02-23,10000.00000000,0.00000000,0.00000000
2016-02-24,10000.00000000,0.00000000,0.00000000
2016-02-25,10000.00000000,0.00000000,0.00000000
2016-02-26,10000.00000000,0.00000000,0.00000000
2016-02-29,10000.00000000,0.00000000,0.00000000
2016-03-01,10000.00000000,0.00000000,0.00000000
2016-03-02,10000.00000000,0.00000000,0.00000000
2016-03-03,10000.00000000,0.00000000,0.00000000
2016-03-04,10000.00000000,0.00000000,0.00000000
2016-03-07,10000.00000000,0.00000000,0.00000000
2016-03-08,10000.00000000,0.00000000,0.00000000
2016-03-09,10000.00000000,0.00000000,0.00000000
2016-03-10,10000.00000000,0.00000000,0.00000000
2016-03-11,10000.00000000,0.00000000,0.00000000
2016-03-14,10000.00000000,0.00000000,0.00000000
2016-03-15,10000.00000000,0.00000000,0.00000000
2016-03-16,10000.00000000,0.00000000,0.00000000
2016-03-17,10000.00000000,0.00000000,0.00000000
2016-03-18,10000.00000000,0.00000000,0.00000000
2016-03-21,10000.00000000,0.00000000,0.00000000
2016-03-22,10000.00000000,0.00000000,0.00000000
2016-03-23,10000.00000000,0.00000000,0.00000000
2016-03-24,10000.00000000,0.00000000,0.00000000
2016-03-29,10000.00000000,0.00000000,0.00000000
2016-03-30,10000.00000000,0.00000000,0.00000000
2016-03-31,10000.00000000,0.00000000,0.00000000
2016-04-01,10000.00000000,0.00000000,0.00000000
2016-04-04,10000.00000000,0.00000000,0.00000000
2016-04-05,10000.00000000,0.00000000,0.00000000
2016-04-06,10000.00000000,0.00000000,0.00000000
2016-04-07,10000.00000000,0.00000000,0.00000000
2016-04-08,10000.00000000,0.00000000,0.00000000
2016-04-11,10000.00000000,0.00000000,0.00000000
2016-04-12,10000.00000000,0.00000000,0.00000000
2016-04-13,10000.00000000,0.00000000,0.00000000
2016-04-14,10000.00000000,0.00000000,0.00000000
2016-04-15,10000.00000000,0.00000000,0.00000000
2016-04-18,10000.00000000,0.00000000,0.00000000
2016-04-19,10000.00000000,0.00000000,0.00000000
2016-04-20,10000.00000000,0.00000000,0.00000000
2016-04-21,10000.00000000,0.00000000,0.00000000
2016-04-22,10000.00000000,0.00000000,0.00000000
2016-04-25,10000.00000000,0.00000000,0.00000000
2016-04-26,10000.00000000,0.00000000,0.00000000
2016-04-27,10000.00000000,0.00000000,0.00000000
2016-04-28,10000.00000000,0.00000000,0.00000000
2016-04-29,10000.00000000,0.00000000,0.00000000
2016-05-03,10000.00000000,0.00000000,0.00000000
2016-05-04,10000.00000000,0.00000000,0.00000000
2016-05-05,10000.00000000,0.00000000,0.00000000
2016-05-06,10000.00000000,0.00000000,0.00000000
2016-05-09,10000.00000000,0.00000000,0.00000000
2016-05-10,10000.00000000,0.00000000,0.00000000
2016-05-11,10000.00000000,0.00000000,0.00000000
2016-05-12,10000.00000000,0.00000000,0.00000000
2016-05-13,10000.00000000,0.00000000,0.00000000
2016-05-16,10000.00000000,0.00000000,0.00000000
2016-05-17,10000.00000000,0.00000000,0.00000000
2016-05-18,10000.00000000,0.00000000,0.00000000
2016-05-19,10000.00000000,0.00000000,0.00000000
2016-05-20,10000.00000000,0.00000000,0.00000000
2016-05-23,10000.00000000,0.00000000,0.00000000
2016-05-24,10000.00000000,0.00000000,0.00000000
2016-05-25,10000.00000000,0.00000000,0.00000000
2016-05-26,10000.00000000,0.00000000,0.00000000
2016-05-27,10000.00000000,0.00000000,0.00000000
2016-05-31,10000.00000000,0.00000000,0.00000000
2016-06-01,10000.00000000,0.00000000,0.00000000
2016-06-02,10000.00000000,0.00000000,0.00000000
2016-06-03,10000.00000000,0.00000000,0.00000000
2016-06-06,10000.00000000,0.00000000,0.00000000
2016-06-07,10000.00000000,0.00000000,0.00000000
2016-06-08,10000.00000000,0.00000000,0.00000000
2016-06-09,10000.00000000,0.00000000,0.00000000
2016-06-10,10000.00000000,0.00000000,0.00000000
2016-06-13,10000.00000000,0.00000000,0.00000000
2016-06-14,10000.00000000,0.00000000,0.00000000
2016-06-15,10000.00000000,0.00000000,0.00000000
2016-06-16,10000.00000000,0.00000000,0.00000000
2016-06-17,10000.00000000,0.00000000,0.00000000
2016-06-20,10000.00000000,0.00000000,0.00000000
2016-06-21,10000.00000000,0.00000000,0.00000000
2016-06-22,10000.00000000,0.00000000,0.00000000
2016-06-23,10000.00000000,0.00000000,0.00000000
2016-06-24,10000.00000000,0.00000000,0.00000000
2016-06-27,10000.00000000,0.00000000,0.00000000
2016-06-28,10000.00000000,0.00000000,0.00000000
2016-06-29,10000.00000000,0.00000000,0.00000000
2016-06-30,10000.00000000,0.00000000,0.00000000
2016-07-01,10000.00000000,0.00000000,0.00000000
2016-07-05,10000.00000000,0.00000000,0.00000000
2016-07-06,10000.00000000,0.00000000,0.00000000
2016-07-07,10000.00000000,0.00000000,0.00000000
2016-07-08,10000.00000000,0.00000000,0.00000000
2016-07-11,10000.00000000,0.00000000,0.00000000
2016-07-12,10000.00000000,0.00000000,0.00000000
2016-07-13,10000.00000000,0.00000000,0.00000000
2016-07-14,10000.00000000,0.00000000,0.00000000
2016-07-15,10000.00000000,0.00000000,0.00000000
2016-07-18,10000.00000000,0.00000000,0.00000000
2016-07-19,10000.00000000,0.00000000,0.00000000
2016-07-20,10000.00000000,0.00000000,0.00000000
2016-07-21,10000.00000000,0.00000000,0.00000000
2016-07-22,10000.00000000,0.00000000,0.00000000
2016-07-25,10000.00000000,0.00000000,0.00000000
2016-07-26,10000.00000000,0.00000000,0.00000000
2016-07-27,10000.00000000,0.00000000,0.00000000
2016-07-28,10000.00000000,0.00000000,0.00000000
2016-07-29,10000.00000000,0.00000000,0.00000000
2016-08-01,10000.00000000,0.00000000,0.00000000
2016-08-02,10000.00000000,0.00000000,0.00000000
2016-08-03,10000.00000000,0.00000000,0.00000000
2016-08-04,10000.00000000,0.00000000,0.00000000
2016-08-05,10000.00000000,0.00000000,0.00000000
2016-08-08,10000.00000000,0.00000000,0.00000000
2016-08-09,10000.00000000,0.00000000,0.00000000
2016-08-10,10000.00000000,0.00000000,0.00000000
2016-08-11,10000.00000000,0.00000000,0.00000000
2016-08-12,10000.00000000,0.00000000,0.00000000
2016-08-15,10000.00000000,0.00000000,0.00000000
2016-08-16,10000.00000000,0.00000000,0.00000000
2016-08-17,10000.00000000,0.00000000,0.00000000
2016-08-18,10000.00000000,0.00000000,0.00000000
2016-08-19,10000.00000000,0.00000000,0.00000000
2016-08-22,10000.00000000,0.00000000,0.00000000
2016-08-23,10000.00000000,0.00000000,0.00000000
2016-08-24,10000.00000000,0.00000000,0.00000000
2016-08-25,10000.00000000,0.00000000,0.00000000
2016-08-26,10000.00000000,0.00000000,0.00000000
2016-08-30,10000.00000000,0.00000000,0.00000000
2016-08-31,10000.00000000,0.00000000,0.00000000
2016-09-01,10000.00000000,0.00000000,0.00000000
2016-09-02,10000.00000000,0.00000000,0.00000000
2016-09-06,10000.00000000,0.00000000,0.00000000
2016-09-07,10000.00000000,0.00000000,0.00000000
2016-09-08,10000.00000000,0.00000000,0.00000000
2016-09-09,10000.00000000,0.00000000,0.00000000
2016-09-12,10000.00000000,0.00000000,0.00000000
2016-09-13,10000.00000000,0.00000000,0.00000000
2016-09-14,10000.00000000,0.00000000,0.00000000
2016-09-15,10000.00000000,0.00000000,0.00000000
2016-09-16,10000.00000000,0.00000000,0.00000000
2016-09-19,10000.00000000,0.00000000,0.00000000
2016-09-20,10000.00000000,0.00000000,0.00000000
2016-09-21,10000.00000000,0.00000000,0.00000000
2016-09-22,10000.00000000,0.00000000,0.00000000
2016-09-23,10000.00000000,0.00000000,0.00000000
2016-09-26,10000.00000000,0.00000000,0.00000000
2016-09-27,10000.00000000,0.00000000,0.00000000
2016-09-28,10000.00000000,0.00000000,0.00000000
2016-09-29,10000.00000000,0.00000000,0.00000000
2016-09-30,10000.00000000,0.00000000,0.00000000
2016-10-03,10000.00000000,0.00000000,0.00000000
2016-10-04,10000.00000000,0.00000000,0.00000000
2016-10-05,10000.00000000,0.00000000,0.00000000
2016-10-06,10000.00000000,0.00000000,0.00000000
2016-10-07,10000.00000000,0.00000000,0.00000000
2016-10-10,10000.00000000,0.00000000,0.00000000
2016-10-11,10000.00000000,0.00000000,0.00000000
2016-10-12,10000.00000000,0.00000000,0.00000000
2016-10-13,10000.00000000,0.00000000,0.00000000
2016-10-14,10000.00000000,0.00000000,0.00000000
2016-10-17,10000.00000000,0.00000000,0.00000000
2016-10-18,10000.00000000,0.00000000,0.00000000
2016-10-19,10000.00000000,0.00000000,0.00000000
2016-10-20,10000.00000000,0.00000000,0.00000000
2016-10-21,10000.00000000,0.00000000,0.00000000
2016-10-24,10000.00000000,0.00000000,0.00000000
2016-10-25,10000.00000000,0.00000000,0.00000000
2016-10-26,10000.00000000,0.00000000,0.00000000
2016-10-27,10000.00000000,0.00000000,0.00000000
2016-10-28,10000.00000000,0.00000000,0.00000000
2016-10-31,10000.00000000,0.00000000,0.00000000
2016-11-01,10000.00000000,0.00000000,0.00000000
2016-11-02,10000.00000000,0.00000000,0.00000000
2016-11-03,10000.00000000,0.00000000,0.00000000
2016-11-04,10000.00000000,0.00000000,0.00000000
2016-11-07,10000.00000000,0.00000000,0.00000000
2016-11-08,10000.00000000,0.00000000,0.00000000
2016-11-09,10000.00000000,0.00000000,0.00000000
2016-11-10,10000.00000000,0.00000000,0.00000000
2016-11-11,10000.00000000,0.00000000,0.00000000
2016-11-14,10000.00000000,0.00000000,0.00000000
2016-11-15,10000.00000000,0.00000000,0.00000000
2016-11-16,10000.00000000,0.00000000,0.00000000
2016-11-17,10000.00000000,0.00000000,0.00000000
2016-11-18,10000.00000000,0.00000000,0.00000000
2016-11-21,10000.00000000,0.00000000,0.00000000
2016-11-22,10000.00000000,0.00000000,0.00000000
2016-11-23,10000.00000000,0.00000000,0.00000000
2016-11-25,10000.00000000,0.00000000,0.00000000
2016-11-28,10000.00000000,0.00000000,0.00000000
2016-11-29,10000.00000000,0.00000000,0.00000000
2016-11-30,10000.00000000,0.00000000,0.00000000
2016-12-01,10000.00000000,0.00000000,0.00000000
2016-12-02,10000.00000000,0.00000000,0.00000000
2016-12-05,10000.00000000,0.00000000,0.00000000
2016-12-06,10000.00000000,0.00000000,0.00000000
2016-12-07,10000.00000000,0.00000000,0.00000000
2016-12-08,10000.00000000,0.00000000,0.00000000
2016-12-09,10000.00000000,0.00000000,0.00000000
2016-12-12,10000.00000000,0.00000000,0.00000000
2016-12-13,10000.00000000,0.00000000,0.00000000
2016-12-14,10000.00000000,0.00000000,0.00000000
2016-12-15,10000.00000000,0.00000000,0.00000000
2016-12-16,10000.00000000,0.00000000,0.00000000
2016-12-19,10000.00000000,0.00000000,0.00000000
2016-12-20,10000.00000000,0.00000000,0.00000000
2016-12-21,10000.00000000,0.00000000,0.00000000
2016-12-22,10000.00000000,0.00000000,0.00000000
2016-12-23,10000.00000000,0.00000000,0.00000000
2016-12-28,10000.00000000,0.00000000,0.00000000
2016-12-29,10000.00000000,0.00000000,0.00000000
2016-12-30,10000.00000000,0.00000000,0.00000000
2017-01-03,10000.00000000,0.00000000,0.00000000
2017-01-04,10000.00000000,0.00000000,0.00000000
2017-01-05,10000.00000000,0.00000000,0.00000000
2017-01-06,10000.00000000,0.00000000,0.00000000
2017-01-09,10000.00000000,0.00000000,0.00000000
2017-01-10,10000.00000000,0.00000000,0.00000000
2017-01-11,10000.00000000,0.00000000,0.00000000
2017-01-12,10000.00000000,0.00000000,0.00000000
2017-01-13,10000.00000000,0.00000000,0.00000000
2017-01-17,10000.00000000,0.00000000,0.00000000
2017-01-18,10000.00000000,0.00000000,0.00000000
2017-01-19,10000.00000000,0.00000000,0.00000000
2017-01-20,10000.00000000,0.00000000,0.00000000
2017-01-23,10000.00000000,0.00000000,0.00000000
2017-01-24,10000.00000000,0.00000000,0.00000000
2017-01-25,10000.00000000,0.00000000,0.00000000
2017-01-26,10000.00000000,0.00000000,0.00000000
2017-01-27,10000.00000000,0.00000000,0.00000000
2017-01-30,10000.00000000,0.00000000,0.00000000
2017-01-31,10000.00000000,0.00000000,0.00000000
2017-02-01,10000.00000000,0.00000000,0.00000000
2017-02-02,10036.00026515,0.00360003,0.00000000
2017-02-03,10088.66613413,0.00524770,0.00000000
2017-02-06,10118.65148306,0.00297218,0.00000000
2017-02-07,10118.82138627,0.00001679,0.00000000
2017-02-08,10125.34850375,0.00064505,0.00000000
2017-02-09,10137.94415514,0.00124397,0.00000000
2017-02-10,10166.10541717,0.00277781,0.00000000
2017-02-13,10181.22350600,0.00148711,0.00000000
2017-02-14,10197.10859302,0.00156023,0.00000000
2017-02-15,10235.97743347,0.00381175,0.00000000
2017-02-16,10247.80429967,0.00115542,0.00000000
2017-02-17,10263.70976896,0.00155209,0.00000000
2017-02-21,10287.82718081,0.00234978,0.00000000
2017-02-22,10297.15083249,0.00090628,0.00000000
2017-02-23,10294.28882758,-0.00027794,-0.00027794
2017-02-24,10318.24105189,0.00232675,0.00000000
2017-02-27,10320.34350378,0.00020376,0.00000000
2017-02-28,10316.58029815,-0.00036464,-0.00036464
2017-03-01,10414.90783815,0.00953102,0.00000000
2017-03-02,10394.20321331,-0.00198798,-0.00198798
2017-03-03,10400.43065220,0.00059913,-0.00139004
2017-03-06,10392.80718994,-0.00073299,-0.00212202
2017-03-07,10401.01592384,0.00078985,-0.00133385
2017-03-08,10414.26639131,0.00127396,-0.00006159
2017-03-09,10408.82421152,-0.00052257,-0.00058413
2017-03-10,10440.28280094,0.00302230,0.00000000
2017-03-13,10429.15562274,-0.00106579,-0.00106579
2017-03-14,10425.29019758,-0.00037064,-0.00143603
2017-03-15,10448.54667435,0.00223078,0.00000000
2017-03-16,10438.53475289,-0.00095821,-0.00095821
2017-03-17,10440.51552512,0.00018976,-0.00076864
2017-03-20,10447.18387874,0.00063870,-0.00013043
2017-03-21,10349.86704867,-0.00931513,-0.00944434
2017-03-22,10355.31602707,0.00052648,-0.00892283
2017-03-23,10353.93532678,-0.00013333,-0.00905498
2017-03-24,10361.09988066,0.00069196,-0.00836928
2017-03-27,10328.76095244,-0.00312119,-0.01146434
2017-03-28,10384.88047246,0.00543333,-0.00609331
2017-03-29,10417.30876082,0.00312264,-0.00298969
2017-03-30,10418.80066895,0.00014321,-0.00284690
2017-03-31,10396.75453288,-0.00211600,-0.00495688
2017-04-03,10385.02902595,-0.00112780,-0.00607909
2017-04-04,10404.42688897,0.00186787,-0.00422258
2017-04-05,10387.84383654,-0.00159385,-0.00580969
2017-04-06,10376.22190363,-0.00111880,-0.00692199
2017-04-07,10391.22521731,0.00144593,-0.00548607
2017-04-10,10382.93630168,-0.00079768,-0.00627938
2017-04-11,10325.04324717,-0.00557579,-0.01182015
2017-04-12,10309.10872312,-0.00154329,-0.01334520
2017-04-13,10280.27421292,-0.00279699,-0.01610487
2017-04-18,10253.24266161,-0.00262946,-0.01869198
2017-04-19,10241.59544550,-0.00113595,-0.01980670
2017-04-20,10289.80148356,0.00470689,-0.01519304
2017-04-21,10290.71474234,0.00008875,-0.01510563
2017-04-24,10403.08579875,0.01091966,-0.00435093
2017-04-25,10438.59320193,0.00341316,-0.00095262
2017-04-26,10443.26471045,0.00044752,-0.00050552
2017-04-27,10427.53319024,-0.00150638,-0.00201114
2017-04-28,10435.55395686,0.00076919,-0.00124350
2017-05-02,10501.75067164,0.00634338,0.00000000
2017-05-03,10492.00924863,-0.00092760,-0.00092760
2017-05-04,10499.59760037,0.00072325,-0.00020502
2017-05-05,10517.28393601,0.00168448,0.00000000
2017-05-08,10546.32805076,0.00276156,0.00000000
2017-05-09,10557.50681124,0.00105997,0.00000000
2017-05-10,10577.33423248,0.00187804,0.00000000
2017-05-11,10573.90611891,-0.00032410,-0.00032410
2017-05-12,10598.34428747,0.00231118,0.00000000
2017-05-15,10639.05160361,0.00384091,0.00000000
2017-05-16,10673.58123471,0.00324556,0.00000000
2017-05-17,10481.78452766,-0.01796929,-0.01796929
2017-05-18,10483.40129359,0.00015425,-0.01781782
2017-05-19,10537.48162335,0.00515866,-0.01275107
2017-05-22,10601.99448046,0.00612223,-0.00670691
2017-05-23,10619.97099130,0.00169558,-0.00502270
2017-05-24,10656.56390009,0.00344567,-0.00159434
2017-05-25,10708.94591553,0.00491547,0.00000000
2017-05-26,10748.99612678,0.00373988,0.00000000
2017-05-30,10746.01355963,-0.00027747,-0.00027747
2017-05-31,10726.59000573,-0.00180751,-0.00208448
2017-06-01,10756.30741725,0.00277044,0.00000000
2017-06-02,10837.80592245,0.00757681,0.00000000
2017-06-05,10829.80739692,-0.00073802,-0.00073802
2017-06-06,10820.95295343,-0.00081760,-0.00155502
2017-06-07,10814.97305717,-0.00055262,-0.00210678
2017-06-08,10832.29424782,0.00160159,-0.00050856
2017-06-09,10770.16270204,-0.00573577,-0.00624141
2017-06-12,10735.58091227,-0.00321089,-0.00943226
2017-06-13,10772.44237890,0.00343358,-0.00603107
2017-06-14,10737.73283720,-0.00322207,-0.00923370
2017-06-15,10691.69313555,-0.00428766,-0.01348177
2017-06-16,10682.67052593,-0.00084389,-0.01431428
2017-06-19,10806.53541683,0.01159494,-0.00288532
2017-06-20,10782.57712748,-0.00221702,-0.00509594
2017-06-21,10787.24251144,0.00043268,-0.00466547
2017-06-22,10798.23353234,0.00101889,-0.00365133
2017-06-23,10810.85611723,0.00116895,-0.00248665
2017-06-26,10789.19315598,-0.00200382,-0.00448548
2017-06-27,10685.03763923,-0.00965369,-0.01409587
2017-06-28,10715.59398139,0.00285973,-0.01127645
2017-06-29,10585.51420057,-0.01213930,-0.02327886
2017-06-30,10568.49006824,-0.00160825,-0.02484967
2017-07-03,10568.35649291,-0.00001264,-0.02486199
2017-07-05,10560.51171398,-0.00074229,-0.02558583
2017-07-06,10537.06891147,-0.00221985,-0.02774888
2017-07-07,10557.92729910,0.00197952,-0.02582429
2017-07-10,10570.83963430,0.00122300,-0.02463287
2017-07-11,10568.85312119,-0.00018792,-0.02481617
2017-07-12,10599.74534785,0.00292295,-0.02196575
2017-07-13,10590.80603887,-0.00084335,-0.02279058
2017-07-14,10561.79839526,-0.00273895,-0.02546710
2017-07-17,10582.75871294,0.00198454,-0.02353310
2017-07-18,10584.24859777,0.00014078,-0.02339563
2017-07-19,10597.16093297,0.00121996,-0.02220422
2017-07-20,10624.97211648,0.00262440,-0.01963809
2017-07-21,10620.50246199,-0.00042067,-0.02005050
2017-07-24,10595.17441987,-0.00238483,-0.02238751
2017-07-25,10613.05303783,0.00168743,-0.02073786
2017-07-26,10609.47470985,-0.00033716,-0.02106803
2017-07-27,10609.86875152,0.00003714,-0.02103167
2017-07-28,10581.66352634,-0.00265840,-0.02363416
2017-07-31,10572.22758908,-0.00089173,-0.02450481
2017-08-01,10576.87303579,0.00043940,-0.02407617
2017-08-02,10570.91939342,-0.00056289,-0.02462551
2017-08-03,10598.40346815,0.00259997,-0.02208957
2017-08-04,10630.72165034,0.00304934,-0.01910758
2017-08-07,10639.79029160,0.00085306,-0.01827082
2017-08-08,10660.92981523,0.00198684,-0.01632029
2017-08-09,10623.21548901,-0.00353762,-0.01980017
2017-08-10,10595.17744882,-0.00263932,-0.02238723
2017-08-11,10578.22221270,-0.00160028,-0.02395168
2017-08-14,10624.69399809,0.00439316,-0.01966375
2017-08-15,10654.55838882,0.00281085,-0.01690818
2017-08-16,10667.93714586,0.00125568,-0.01567372
2017-08-17,10634.41199440,-0.00314261,-0.01876708
2017-08-18,10616.97986756,-0.00163922,-0.02037553
2017-08-21,10595.74945374,-0.00199967,-0.02233445
2017-08-22,10646.25037024,0.00476615,-0.01767475
2017-08-23,10661.00093716,0.00138552,-0.01631372
2017-08-24,10650.32870146,-0.00100105,-0.01729845
2017-08-25,10639.67952249,-0.00099989,-0.01828104
2017-08-29,10616.61218078,-0.00216805,-0.02040946
2017-08-30,10636.53797250,0.00187685,-0.01857091
2017-08-31,10675.12557600,0.00362783,-0.01501045
2017-09-01,10663.58533324,-0.00108104,-0.01607526
2017-09-05,10583.51009636,-0.00750922,-0.02346377
2017-09-06,10577.20795127,-0.00059547,-0.02404527
2017-09-07,10599.67595705,0.00212419,-0.02197216
2017-09-08,10536.07728100,-0.00600006,-0.02784038
2017-09-11,10638.33740721,0.00970571,-0.01840488
2017-09-12,10638.27768091,-0.00000561,-0.01841039
2017-09-13,10644.48191341,0.00058320,-0.01783793
2017-09-14,10578.87980287,-0.00616302,-0.02389101
2017-09-15,10550.64225971,-0.00266924,-0.02649648
2017-09-18,10586.92096777,0.00343853,-0.02314905
2017-09-19,10612.24929323,0.00239242,-0.02081202
2017-09-20,10585.11372274,-0.00255700,-0.02331581
2017-09-21,10549.73339396,-0.00334246,-0.02658034
2017-09-22,10559.19656205,0.00089701,-0.02570717
2017-09-25,10496.38353845,-0.00594866,-0.03150291
2017-09-26,10526.07603189,0.00282883,-0.02876319
2017-09-27,10591.32322812,0.00619862,-0.02274286
2017-09-28,10596.38377669,0.00047780,-0.02227592
2017-09-29,10658.01182572,0.00581595,-0.01658953
2017-10-02,10711.94351570,0.00506020,-0.01161327
2017-10-03,10739.99347110,0.00261857,-0.00902512
2017-10-04,10735.54117145,-0.00041455,-0.00943593
2017-10-05,10835.06406932,0.00927041,-0.00025299
2017-10-06,10864.00587451,0.00267112,0.00000000
2017-10-09,10859.79025519,-0.00038804,-0.00038804
2017-10-10,10847.91492398,-0.00109351,-0.00148112
2017-10-11,10876.58996267,0.00264337,0.00000000
2017-10-12,10876.69826983,0.00000996,0.00000000
2017-10-13,10876.50147205,-0.00001809,-0.00001809
2017-10-16,10902.78707912,0.00241673,0.00000000
2017-10-17,10925.73154257,0.00210446,0.00000000
2017-10-18,10944.11168429,0.00168228,0.00000000
2017-10-19,10917.24800946,-0.00245462,-0.00245462
2017-10-20,10966.23614606,0.00448722,0.00000000
2017-10-23,10947.81677580,-0.00167964,-0.00167964
2017-10-24,10976.40076351,0.00261093,0.00000000
2017-10-25,10883.08603398,-0.00850140,-0.00850140
2017-10-26,10945.60639062,0.00574473,-0.00280551
2017-10-27,11119.48370032,0.01588558,0.00000000
2017-10-30,11104.40046629,-0.00135647,-0.00135647
2017-10-31,11122.45390659,0.00162579,0.00000000
2017-11-01,11137.47575367,0.00135059,0.00000000
2017-11-02,11193.00256936,0.00498558,0.00000000
2017-11-03,11237.71097465,0.00399432,0.00000000
2017-11-06,11241.75024767,0.00035944,0.00000000
2017-11-07,11239.07890369,-0.00023763,-0.00023763
2017-11-08,11284.07187975,0.00400326,0.00000000
2017-11-09,11215.36350650,-0.00608897,-0.00608897
2017-11-10,11184.75394144,-0.00272925,-0.00880160
2017-11-13,11208.63707377,0.00213533,-0.00668507
2017-11-14,11187.94253612,-0.00184630,-0.00851903
2017-11-15,11124.10701874,-0.00570574,-0.01417616
2017-11-16,11214.89117395,0.00816103,-0.00613083
2017-11-17,11168.09837270,-0.00417238,-0.01027763
2017-11-20,11185.81880601,0.00158670,-0.00870724
2017-11-21,11273.03390437,0.00779693,-0.00097819
2017-11-22,11247.89931123,-0.00222962,-0.00320563
2017-11-24,11283.73255029,0.00318577,-0.00003007
2017-11-27,11275.02047854,-0.00077209,-0.00080214
2017-11-28,11336.91619536,0.00548963,0.00000000
2017-11-29,11162.63725055,-0.01537269,-0.01537269
2017-11-30,11209.26449732,0.00417708,-0.01125983
2017-12-01,11147.27377388,-0.00553031,-0.01672787
2017-12-04,11197.73545453,0.00452682,-0.01227677
2017-12-05,11194.03960243,-0.00033005,-0.01260277
2017-12-06,11188.37989869,-0.00050560,-0.01310200
2017-12-07,11186.16123962,-0.00019830,-0.01329770
2017-12-08,11213.47746881,0.00244197,-0.01088821
2017-12-11,11232.44662114,0.00169164,-0.00921499
2017-12-12,11256.31606660,0.00212504,-0.00710953
2017-12-13,11249.68053979,-0.00058949,-0.00769483
2017-12-14,11222.34062698,-0.00243028,-0.01010641
2017-12-15,11259.51102126,0.00331218,-0.00682771
2017-12-18,11272.06084159,0.00111460,-0.00572072
2017-12-19,11278.11869158,0.00053742,-0.00518638
2017-12-20,11251.52921710,-0.00235762,-0.00753176
2017-12-21,11279.59588461,0.00249448,-0.00505608
2017-12-22,11273.67033064,-0.00052533,-0.00557875
2017-12-27,11277.35768298,0.00032708,-0.00525350
2017-12-28,11264.55534341,-0.00113523,-0.00638276
2017-12-29,11264.07351602,-0.00004277,-0.00642526
2018-01-02,11237.97149915,-0.00231728,-0.00872766
2018-01-03,11288.37069404,0.00448472,-0.00428207
2018-01-04,11317.69794415,0.00259801,-0.00169519
2018-01-05,11333.54108445,0.00139986,-0.00029771
2018-01-08,11342.46837797,0.00078769,0.00000000
2018-01-09,11371.31030718,0.00254283,0.00000000
2018-01-10,11356.37159949,-0.00131372,-0.00131372
2018-01-11,11366.59370500,0.00090012,-0.00041478
2018-01-12,11363.95264367,-0.00023235,-0.00064704
2018-01-16,11358.67395520,-0.00046451,-0.00111125
2018-01-17,11344.91006085,-0.00121175,-0.00232165
2018-01-18,11330.32791061,-0.00128535,-0.00360402
2018-01-19,11360.71362536,0.00268180,-0.00093188
2018-01-22,11349.93943700,-0.00094837,-0.00187937
2018-01-23,11376.34262430,0.00232628,0.00000000
2018-01-24,11309.64848198,-0.00586253,-0.00586253
2018-01-25,11295.74779005,-0.00122910,-0.00708442
2018-01-26,11350.99871112,0.00489130,-0.00222777
2018-01-29,11369.72813551,0.00165002,-0.00058142
2018-01-30,11309.06091069,-0.00533586,-0.00591418
2018-01-31,11282.62904098,-0.00233723,-0.00823758
2018-02-01,11270.35372541,-0.00108798,-0.00931661
2018-02-02,11092.71571438,-0.01576153,-0.02493129
2018-02-05,10831.31880217,-0.02356474,-0.04790853
2018-02-06,10847.40001456,0.00148470,-0.04649496
2018-02-07,10897.33849200,0.00460373,-0.04210528
2018-02-08,10569.70374455,-0.03006557,-0.07090494
2018-02-09,10653.92108090,0.00796780,-0.06350209
2018-02-12,10822.89458392,0.01586022,-0.04864903
2018-02-13,10814.35650477,-0.00078889,-0.04939954
2018-02-14,10939.35996833,0.01155903,-0.03841152
2018-02-15,11056.49736725,0.01070788,-0.02811495
2018-02-16,11099.25078264,0.00386681,-0.02435685
2018-02-20,11101.22850076,0.00017818,-0.02418300
2018-02-21,11081.45596640,-0.00178111,-0.02592104
2018-02-22,11082.79636717,0.00012096,-0.02580322
2018-02-23,11183.52561165,0.00908879,-0.01694895
2018-02-26,11327.87895678,0.01290768,-0.00426004
2018-02-27,11279.05498702,-0.00431007,-0.00855175
2018-02-28,11236.96286160,-0.00373188,-0.01225172
2018-03-01,11103.74421343,-0.01185540,-0.02396187
2018-03-02,11089.79541533,-0.00125622,-0.02518799
2018-03-05,11176.66229221,0.00783305,-0.01755224
2018-03-06,11202.30040659,0.00229390,-0.01529861
2018-03-07,11230.66775202,0.00253228,-0.01280507
2018-03-08,11297.50280338,0.00595112,-0.00693016
2018-03-09,11430.41975894,0.01176516,0.00000000
2018-03-12,11463.97781683,0.00293586,0.00000000
2018-03-13,11355.91199664,-0.00942656,-0.00942656
2018-03-14,11339.16972679,-0.00147432,-0.01088698
2018-03-15,11347.20163832,0.00070833,-0.01018636
2018-03-16,11343.08626202,-0.00036268,-0.01054534
2018-03-19,11148.84109567,-0.01712454,-0.02748930
2018-03-20,11164.36996551,0.00139287,-0.02613472
2018-03-21,11121.49577609,-0.00384027,-0.02987463
2018-03-22,10911.59294315,-0.01887362,-0.04818440
2018-03-23,10705.29028253,-0.01890674,-0.06618013
2018-03-26,10857.66059808,0.01423318,-0.05288890
2018-03-27,10769.12432208,-0.00815427,-0.06061190
2018-03-28,10686.05796987,-0.00771338,-0.06785776
2018-03-29,10845.50916960,0.01492142,-0.05394887
2018-04-03,10722.12354578,-0.01137666,-0.06471177
2018-04-04,10791.97921751,0.00651510,-0.05861827
2018-04-05,10921.19492482,0.01197331,-0.04734682
2018-04-06,10727.10964035,-0.01777143,-0.06427683
2018-04-09,10768.13891114,0.00382482,-0.06069786
2018-04-10,10918.58721482,0.01397162,-0.04757429
2018-04-11,10870.97178165,-0.00436095,-0.05172777
2018-04-12,10942.67979888,0.00659628,-0.04547270
2018-04-13,10914.65552596,-0.00256101,-0.04791725
2018-04-16,10952.26662173,0.00344593,-0.04463644
2018-04-17,11098.54824019,0.01335629,-0.03187633
2018-04-18,11117.90928120,0.00174447,-0.03018747
2018-04-19,11041.51278875,-0.00687148,-0.03685152
2018-04-20,10980.85308429,-0.00549379,-0.04214285
2018-04-23,10994.94247293,0.00128309,-0.04091384
2018-04-24,10884.80428943,-0.01001717,-0.05052117
2018-04-25,10844.99907596,-0.00365695,-0.05399337
2018-04-26,10978.63481748,0.01232234,-0.04233635
2018-04-27,11021.51398867,0.00390569,-0.03859601
2018-04-30,10999.54982993,-0.00199284,-0.04051194
2018-05-01,11061.07777807,0.00559368,-0.03514487
2018-05-02,11079.43862737,0.00165995,-0.03354326
2018-05-03,11049.30314168,-0.00271995,-0.03617197
2018-05-04,11222.22910900,0.01565040,-0.02108768
2018-05-08,11293.64333767,0.00636364,-0.01485824
2018-05-09,11357.72672827,0.00567429,-0.00926826
2018-05-10,11501.77263253,0.01268264,0.00000000
2018-05-11,11495.89485820,-0.00051103,-0.00051103
2018-05-14,11496.53122042,0.00005536,-0.00045570
2018-05-15,11429.18639974,-0.00585784,-0.00631087
2018-05-16,11462.04600480,0.00287506,-0.00345396
2018-05-17,11448.72152808,-0.00116249,-0.00461243
2018-05-18,11414.45820811,-0.00299276,-0.00759139
2018-05-21,11501.67090046,0.00764055,-0.00000884
2018-05-22,11504.12082182,0.00021301,0.00000000
2018-05-23,11522.28189749,0.00157866,0.00000000
2018-05-24,11506.18082954,-0.00139739,-0.00139739
2018-05-25,11519.34735352,0.00114430,-0.00025468
2018-05-29,11456.33846015,-0.00546983,-0.00572312
2018-05-30,11514.80540880,0.00510346,-0.00064887
2018-05-31,11514.87233829,0.00000581,-0.00064306
2018-06-01,11618.01277714,0.00895715,0.00000000
2018-06-04,11700.14956058,0.00706978,0.00000000
2018-06-05,11703.38623779,0.00027664,0.00000000
2018-06-06,11748.47723667,0.00385282,0.00000000
2018-06-07,11708.15061061,-0.00343250,-0.00343250
2018-06-08,11698.23538311,-0.00084687,-0.00427646
2018-06-11,11737.87451677,0.00338847,-0.00090248
2018-06-12,11757.63320987,0.00168333,0.00000000
2018-06-13,11741.45541299,-0.00137594,-0.00137594
2018-06-14,11783.69999133,0.00359790,0.00000000
2018-06-15,11748.86942082,-0.00295583,-0.00295583
2018-06-18,11760.64112495,0.00100194,-0.00195684
2018-06-19,11724.78807707,-0.00304856,-0.00499944
2018-06-20,11748.19644376,0.00199649,-0.00301294
2018-06-21,11664.47617021,-0.00712622,-0.01011769
2018-06-22,11663.49250095,-0.00008433,-0.01020117
2018-06-25,11474.55477343,-0.01619907,-0.02623499
2018-06-26,11516.48498956,0.00365419,-0.02267666
2018-06-27,11475.31594640,-0.00357479,-0.02617039
2018-06-28,11525.52923642,0.00437577,-0.02190914
2018-06-29,11543.09681771,0.00152423,-0.02041830
2018-07-02,11561.26990141,0.00157437,-0.01887608
2018-07-03,11511.53754766,-0.00430163,-0.02309652
2018-07-05,11584.33635487,0.00632399,-0.01691859
2018-07-06,11674.86269683,0.00781455,-0.00923626
2018-07-09,11763.13142294,0.00756058,-0.00174551
2018-07-10,11781.24958773,0.00154025,-0.00020795
2018-07-11,11738.01714434,-0.00366960,-0.00387678
2018-07-12,11850.72871272,0.00960227,0.00000000
2018-07-13,11861.56397732,0.00091431,0.00000000
2018-07-16,11834.96111790,-0.00224278,-0.00224278
2018-07-17,11909.44498117,0.00629355,0.00000000
2018-07-18,11947.50354876,0.00319566,0.00000000
2018-07-19,11936.62746260,-0.00091032,-0.00091032
2018-07-20,11912.37294551,-0.00203194,-0.00294041
2018-07-23,11933.78347538,0.00179734,-0.00114836
2018-07-24,11990.22599418,0.00472964,0.00000000
2018-07-25,12055.92918762,0.00547973,0.00000000
2018-07-26,11991.80624764,-0.00531879,-0.00531879
2018-07-27,11893.71364982,-0.00817997,-0.01345525
2018-07-30,11770.31304340,-0.01037528,-0.02369093
2018-07-31,11801.10164255,0.00261578,-0.02113711
2018-08-01,11846.00497361,0.00380501,-0.01741253
2018-08-02,11929.90877019,0.00708288,-0.01045298
2018-08-03,11973.74443055,0.00367443,-0.00681696
2018-08-06,12036.29417822,0.00522391,-0.00162866
2018-08-07,12084.88856948,0.00403732,0.00000000
2018-08-08,12121.62351163,0.00303974,0.00000000
2018-08-09,12129.14947315,0.00062087,0.00000000
2018-08-10,12058.87558622,-0.00579380,-0.00579380
2018-08-13,12044.00139123,-0.00123346,-0.00702012
2018-08-14,12093.47147138,0.00410745,-0.00294151
2018-08-15,12000.91114094,-0.00765374,-0.01057274
2018-08-16,12068.62932313,0.00564275,-0.00498965
2018-08-17,12073.56216294,0.00040873,-0.00458295
2018-08-20,12079.01008314,0.00045123,-0.00413379
2018-08-21,12073.61469261,-0.00044667,-0.00457862
2018-08-22,12087.45798549,0.00114657,-0.00343730
2018-08-23,12109.04604117,0.00178599,-0.00165745
2018-08-24,12184.36147456,0.00621977,0.00000000
2018-08-28,12289.92426543,0.00866379,0.00000000
2018-08-29,12319.81584335,0.00243220,0.00000000
2018-08-30,12285.06356617,-0.00282084,-0.00282084
2018-08-31,12276.73862102,-0.00067765,-0.00349658
2018-09-04,12281.51163680,0.00038879,-0.00310915
2018-09-05,12155.97574795,-0.01022153,-0.01329891
2018-09-06,12084.50294602,-0.00587964,-0.01910036
2018-09-07,12063.23015828,-0.00176034,-0.02082707
2018-09-10,12067.71400262,0.00037170,-0.02046312
2018-09-11,12124.90554833,0.00473922,-0.01582088
2018-09-12,12109.43150229,-0.00127622,-0.01707691
2018-09-13,12170.28472832,0.00502528,-0.01213745
2018-09-14,12188.31260500,0.00148130,-0.01067412
2018-09-17,12088.09700337,-0.00822227,-0.01880863
2018-09-18,12141.55412334,0.00442229,-0.01446951
2018-09-19,12133.58705044,-0.00065618,-0.01511620
2018-09-20,12208.27049814,0.00615510,-0.00905414
2018-09-21,12249.65959770,0.00339025,-0.00569459
2018-09-24,12243.23028033,-0.00052486,-0.00621645
2018-09-25,12240.60688065,-0.00021427,-0.00642940
2018-09-26,12214.44166678,-0.00213757,-0.00855323
2018-09-27,12268.83893809,0.00445352,-0.00413780
2018-09-28,12297.42758229,0.00233018,-0.00181726
2018-10-01,12341.02560002,0.00354530,0.00000000
2018-10-02,12343.49723274,0.00020028,0.00000000
2018-10-03,12364.67351245,0.00171558,0.00000000
2018-10-04,12196.63622486,-0.01359011,-0.01359011
2018-10-05,12074.60512021,-0.01000531,-0.02345945
2018-10-08,11987.05328341,-0.00725091,-0.03054025
2018-10-09,12009.50403452,0.00187292,-0.02872453
2018-10-10,11631.08702343,-0.03150980,-0.05932922
2018-10-11,11454.28201424,-0.01520107,-0.07362843
2018-10-12,11646.24795872,0.01675932,-0.05810308
2018-10-15,11569.34682110,-0.00660308,-0.06432250
2018-10-16,11762.09085848,0.01665989,-0.04873421
2018-10-17,11754.10748472,-0.00067874,-0.04937987
2018-10-18,11634.63995776,-0.01016390,-0.05904188
2018-10-19,11642.58407957,0.00068280,-0.05839939
2018-10-22,11680.08474979,0.00322099,-0.05536651
2018-10-23,11585.31115532,-0.00811412,-0.06303137
2018-10-24,11333.07557995,-0.02177202,-0.08343107
2018-10-25,11545.36890531,0.01873219,-0.06626173
2018-10-26,11364.34182894,-0.01567963,-0.08090239
2018-10-29,11310.85196043,-0.00470682,-0.08522842
2018-10-30,11387.03292446,0.00673521,-0.07906724
2018-10-31,11578.15410687,0.01678411,-0.06361020
2018-11-01,11598.99378098,0.00179991,-0.06192478
2018-11-02,11497.38348139,-0.00876027,-0.07014257
2018-11-05,11479.52472994,-0.00155329,-0.07158691
2018-11-06,11509.54583458,0.00261519,-0.06915894
2018-11-07,11707.90417585,0.01723425,-0.05311659
2018-11-08,11729.54153584,0.00184810,-0.05136666
2018-11-09,11624.15838812,-0.00898442,-0.05988958
2018-11-12,11409.52112467,-0.01846476,-0.07724849
2018-11-13,11386.55752477,-0.00201267,-0.07910569
2018-11-14,11290.22107164,-0.00846054,-0.08689695
2018-11-15,11479.12850840,0.01673195,-0.07161896
2018-11-16,11486.11918269,0.00060899,-0.07105358
2018-11-19,11249.65204499,-0.02058721,-0.09017800
2018-11-20,11078.58038745,-0.01520684,-0.10401351
2018-11-21,11163.08643589,0.00762788,-0.09717904
2018-11-23,11078.81209366,-0.00754938,-0.10399477
2018-11-26,11221.03660485,0.01283752,-0.09249229
2018-11-27,11250.96076586,0.00266679,-0.09007215
2018-11-28,11451.81239858,0.01785195,-0.07382816
2018-11-29,11442.07300883,-0.00085047,-0.07461584
2018-11-30,11492.85666364,0.00443833,-0.07050868
2018-12-03,11684.37879979,0.01666445,-0.05501922
2018-12-04,11456.82079267,-0.01947540,-0.07342310
2018-12-06,11270.42114778,-0.01626975,-0.08849828
2018-12-07,11131.30517384,-0.01234346,-0.09974937
2018-12-10,11177.14193329,0.00411782,-0.09604229
2018-12-11,11260.24316762,0.00743493,-0.08932143
2018-12-12,11307.53499302,0.00419989,-0.08549668
2018-12-13,11297.01804665,-0.00093008,-0.08634724
2018-12-14,11140.81823765,-0.01382664,-0.09897999
2018-12-17,10989.61867593,-0.01357167,-0.11120834
2018-12-18,10976.01749658,-0.00123764,-0.11230834
2018-12-19,10886.94222941,-0.00811545,-0.11951236
2018-12-20,10703.84717524,-0.01681786,-0.13432027
2018-12-21,10533.26342094,-0.01593668,-0.14811633
2018-12-24,10324.73171343,-0.01979745,-0.16498145
2018-12-27,10669.00857509,0.03334487,-0.13713787
2018-12-28,10721.36109216,0.00490697,-0.13290383
2018-12-31,10776.02824706,0.00509890,-0.12848259
2019-01-02,10810.27220436,0.00317779,-0.12571309
2019-01-03,10499.08006803,-0.02878671,-0.15088093
2019-01-04,10776.87060765,0.02645856,-0.12841446
2019-01-07,10850.22394939,0.00680655,-0.12248197
2019-01-08,10921.50717205,0.00656975,-0.11671690
2019-01-09,11028.57012403,0.00980295,-0.10805812
2019-01-10,11046.78378536,0.00165150,-0.10658508
2019-01-11,11020.51384959,-0.00237806,-0.10870968
2019-01-14,10940.19969170,-0.00728770,-0.11520513
2019-01-15,11081.73915680,0.01293756,-0.10375805
2019-01-16,11083.16178929,0.00012838,-0.10364299
2019-01-17,11098.13138394,0.00135066,-0.10243231
2019-01-18,11254.41653813,0.01408211,-0.08979266
2019-01-22,11110.78661347,-0.01276209,-0.10140882
2019-01-23,11082.68134447,-0.00252955,-0.10368185
2019-01-24,11144.61355963,0.00558820,-0.09867304
2019-01-25,11229.48266282,0.00761526,-0.09180921
2019-01-28,11118.57185658,-0.00987675,-0.10077918
2019-01-29,11071.07202480,-0.00427212,-0.10462076
2019-01-30,11291.82421537,0.01993955,-0.08676730
2019-01-31,11310.48739594,0.00165280,-0.08525790
2019-02-01,11370.86893858,0.00533854,-0.08037451
2019-02-04,11468.64255323,0.00859861,-0.07246701
2019-02-05,11591.88055940,0.01074565,-0.06250007
2019-02-06,11603.57498339,0.00100885,-0.06155428
2019-02-07,11457.07596242,-0.01262533,-0.07340247
2019-02-08,11486.31745292,0.00255226,-0.07103755
2019-02-11,11534.78835971,0.00421988,-0.06711743
2019-02-12,11645.08054476,0.00956170,-0.05819749
2019-02-13,11678.61000170,0.00287928,-0.05548578
2019-02-14,11701.89782865,0.00199406,-0.05360236
2019-02-15,11771.23935316,0.00592566,-0.04799433
2019-02-19,11727.95239676,-0.00367735,-0.05149518
2019-02-20,11745.01985796,0.00145528,-0.05011484
2019-02-21,11738.00719429,-0.00059708,-0.05068199
2019-02-22,11838.66788265,0.00857562,-0.04254100
2019-02-25,11885.03311164,0.00391642,-0.03879119
2019-02-26,11836.55385726,-0.00407902,-0.04271198
2019-02-27,11797.59781122,-0.00329116,-0.04586257
2019-02-28,11789.69757607,-0.00066965,-0.04650151
2019-03-01,11855.20518649,0.00555634,-0.04120354
2019-03-04,11846.23534977,-0.00075662,-0.04192898
2019-03-05,11839.22468741,-0.00059181,-0.04249597
2019-03-06,11795.01716718,-0.00373399,-0.04607128
2019-03-07,11712.90827571,-0.00696132,-0.05271188
2019-03-08,11703.00411820,-0.00084558,-0.05351289
2019-03-11,11857.39213803,0.01319217,-0.04102667
2019-03-12,11925.65398845,0.00575690,-0.03550595
2019-03-13,11949.78043558,0.00202307,-0.03355471
2019-03-14,11944.19533968,-0.00046738,-0.03400641
2019-03-15,12039.59924862,0.00798747,-0.02629057
2019-03-18,12088.07653957,0.00402649,-0.02236994
2019-03-19,12119.60210898,0.00260799,-0.01982029
2019-03-20,12083.41754537,-0.00298562,-0.02274674
2019-03-21,12316.40031266,0.01928120,-0.00390412
2019-03-22,12065.44723102,-0.02037552,-0.02420010
2019-03-25,12032.91924622,-0.00269596,-0.02683081
2019-03-26,12078.16284171,0.00375998,-0.02317171
2019-03-27,12018.95859997,-0.00490176,-0.02795989
2019-03-28,12102.88867404,0.00698314,-0.02117200
2019-03-29,12202.90255403,0.00826364,-0.01308332
2019-04-01,12300.09102547,0.00796437,-0.00522315
2019-04-02,12356.05839086,0.00455016,-0.00069675
2019-04-03,12402.78890152,0.00378199,0.00000000
2019-04-04,12389.60317620,-0.00106313,-0.00106313
2019-04-05,12456.45944365,0.00539616,0.00000000
2019-04-08,12472.76811336,0.00130925,0.00000000
2019-04-09,12431.50523875,-0.00330824,-0.00330824
2019-04-10,12460.02316704,0.00229400,-0.00102182
2019-04-11,12462.38709338,0.00018972,-0.00083229
2019-04-12,12515.80007130,0.00428593,0.00000000
2019-04-15,12517.02747999,0.00009807,0.00000000
2019-04-16,12580.87009718,0.00510046,0.00000000
2019-04-17,12609.06002590,0.00224070,0.00000000
2019-04-18,12634.76799510,0.00203885,0.00000000
2019-04-23,12775.47663592,0.01113662,0.00000000
2019-04-24,12773.35970694,-0.00016570,-0.00016570
2019-04-25,12772.12687921,-0.00009652,-0.00026220
2019-04-26,12749.31780167,-0.00178585,-0.00204758
2019-04-29,12769.08488308,0.00155044,-0.00050031
2019-04-30,12733.63953605,-0.00277587,-0.00327480
2019-05-01,12722.80089101,-0.00085118,-0.00412319
2019-05-02,12652.61708949,-0.00551638,-0.00961683
2019-05-03,12712.78665544,0.00475550,-0.00490706
2019-05-07,12481.94316963,-0.01815837,-0.02297632
2019-05-08,12486.70545922,0.00038153,-0.02260355
2019-05-09,12367.92696510,-0.00951240,-0.03190094
2019-05-10,12388.29009260,0.00164645,-0.03030701
2019-05-13,12141.97263509,-0.01988309,-0.04958750
2019-05-14,12293.04613257,0.01244225,-0.03776223
2019-05-15,12390.53331345,0.00793027,-0.03013143
2019-05-16,12524.51050730,0.01081287,-0.01964437
2019-05-17,12483.33078721,-0.00328793,-0.02286771
2019-05-20,12332.18571665,-0.01210775,-0.03469858
2019-05-21,12421.99306627,0.00728235,-0.02766891
2019-05-22,12423.96228344,0.00015853,-0.02751477
2019-05-23,12251.43009639,-0.01388705,-0.04101973
2019-05-24,12266.61500944,0.00123944,-0.03983113
2019-05-28,12254.32668087,-0.00100177,-0.04079300
2019-05-29,12164.23082118,-0.00735217,-0.04784525
2019-05-30,12224.42476443,0.00494844,-0.04313357
2019-05-31,12092.92023499,-0.01075752,-0.05342708
2019-06-03,11987.22922926,-0.00873991,-0.06170004
2019-06-04,12207.88572346,0.01840763,-0.04442816
2019-06-05,12310.77982292,0.00842849,-0.03637413
2019-06-06,12406.28552244,0.00775789,-0.02889842
2019-06-07,12569.42067253,0.01314940,-0.01612902
2019-06-10,12684.31426419,0.00914072,-0.00713573
2019-06-11,12670.50962460,-0.00108832,-0.00821629
2019-06-12,12613.53087366,-0.00449696,-0.01267630
2019-06-13,12651.24562965,0.00299002,-0.00972418
2019-06-14,12607.82057540,-0.00343247,-0.01312327
2019-06-17,12639.54460256,0.00251622,-0.01064008
2019-06-18,12807.39024236,0.01327941,0.00000000
2019-06-19,12801.44769137,-0.00046399,-0.00046399
2019-06-20,12915.00869839,0.00887095,0.00000000
2019-06-21,12893.16732629,-0.00169116,-0.00169116
2019-06-24,12895.68715377,0.00019544,-0.00149605
2019-06-25,12759.35671184,-0.01057179,-0.01205202
2019-06-26,12825.19656558,0.00516012,-0.00695409
2019-06-27,12845.30687208,0.00156803,-0.00539696
2019-06-28,12856.33009957,0.00085815,-0.00454344
2019-07-01,13013.76194301,0.01224547,0.00000000
2019-07-02,13057.92348879,0.00339345,0.00000000
2019-07-03,13149.18406911,0.00698890,0.00000000
2019-07-05,13136.65799687,-0.00095261,-0.00095261
2019-07-08,13080.65912432,-0.00426279,-0.00521135
2019-07-09,13113.25136316,0.00249164,-0.00273269
2019-07-10,13169.12671084,0.00426098,0.00000000
2019-07-11,13188.24371386,0.00145165,0.00000000
2019-07-12,13239.84704752,0.00391283,0.00000000
2019-07-15,13289.70702949,0.00376590,0.00000000
2019-07-16,13262.16589133,-0.00207237,-0.00207237
2019-07-17,13214.75816688,-0.00357466,-0.00563962
2019-07-18,13221.61052941,0.00051854,-0.00512400
2019-07-19,13213.16572433,-0.00063871,-0.00575944
2019-07-22,13276.63290362,0.00480333,-0.00098378
2019-07-23,13351.43883181,0.00563441,0.00000000
2019-07-24,13402.23737196,0.00380472,0.00000000
2019-07-25,13376.24173550,-0.00193965,-0.00193965
2019-07-26,13436.79915762,0.00452724,0.00000000
2019-07-29,13492.96933425,0.00418032,0.00000000
2019-07-30,13454.41659557,-0.00285725,-0.00285725
2019-07-31,13328.13003993,-0.00938625,-0.01221668
2019-08-01,13326.17382941,-0.00014677,-0.01236166
2019-08-02,13098.69072690,-0.01707040,-0.02922104
2019-08-05,12730.63057612,-0.02809900,-0.05649896
2019-08-06,12805.36469365,0.00587042,-0.05096022
2019-08-07,12862.51231082,0.00446279,-0.04672485
2019-08-08,13112.07583852,0.01940239,-0.02822903
2019-08-09,13028.05290188,-0.00640806,-0.03445620
2019-08-12,12938.73775629,-0.00685560,-0.04107558
2019-08-13,13135.56478929,0.01521223,-0.02648821
2019-08-14,12841.71357649,-0.02237066,-0.04826630
2019-08-15,12790.87587627,-0.00395879,-0.05203402
2019-08-16,12959.54731497,0.01318686,-0.03953333
2019-08-19,13114.74840192,0.01197581,-0.02803096
2019-08-20,13060.54075797,-0.00413333,-0.03204844
2019-08-21,13164.01047553,0.00792231,-0.02438002
2019-08-22,13088.03212449,-0.00577167,-0.03001098
2019-08-23,12823.98080051,-0.02017502,-0.04958053
2019-08-27,12892.55674519,0.00534748,-0.04449818
2019-08-28,12927.61557073,0.00271931,-0.04189988
2019-08-29,13102.66481585,0.01354072,-0.02892651
2019-08-30,13100.74173932,-0.00014677,-0.02906903
2019-09-03,13043.41749124,-0.00437565,-0.03331749
2019-09-04,13166.38538467,0.00942758,-0.02420401
2019-09-05,13315.21951830,0.01130410,-0.01317351
2019-09-06,13325.58037708,0.00077812,-0.01240564
2019-09-09,13262.92234610,-0.00470209,-0.01704940
2019-09-10,13205.20696178,-0.00435163,-0.02132684
2019-09-11,13323.92024705,0.00898988,-0.01252868
2019-09-12,13388.38304220,0.00483813,-0.00775117
2019-09-13,13308.67643532,-0.00595342,-0.01365844
2019-09-16,13274.21446534,-0.00258944,-0.01621251
2019-09-17,13286.81651703,0.00094936,-0.01527854
2019-09-18,13284.00949209,-0.00021126,-0.01548657
2019-09-19,13329.85836361,0.00345143,-0.01208859
2019-09-20,13234.88095614,-0.00712516,-0.01912762
2019-09-23,13248.86890835,0.00105690,-0.01809093
2019-09-24,13176.74309075,-0.00544392,-0.02343637
2019-09-25,13255.27633362,0.00595999,-0.01761606
2019-09-26,13270.92707258,0.00118072,-0.01645615
2019-09-27,13216.37342936,-0.00411076,-0.02049926
2019-09-30,13282.59368379,0.00501047,-0.01559150
2019-10-01,13212.41611496,-0.00528342,-0.02079255
2019-10-02,12960.64833990,-0.01905539,-0.03945173
2019-10-03,13008.90274009,0.00372315,-0.03587547
2019-10-04,13203.86725825,0.01498701,-0.02142613
2019-10-07,13205.40271205,0.00011629,-0.02131233
2019-10-08,13053.72100738,-0.01148634,-0.03255387
2019-10-09,13163.16675713,0.00838426,-0.02444255
2019-10-10,13210.11065902,0.00356631,-0.02096341
2019-10-11,13257.78942092,0.00360926,-0.01742981
2019-10-14,13257.78087300,-0.00000064,-0.01743045
2019-10-15,13323.82269356,0.00498136,-0.01253591
2019-10-16,13239.63728292,-0.00631841,-0.01877512
2019-10-17,13226.60328775,-0.00098447,-0.01974110
2019-10-18,13149.45387966,-0.00583290,-0.02545885
2019-10-21,13204.31726545,0.00417229,-0.02139278
2019-10-22,13131.59178741,-0.00550770,-0.02678266
2019-10-23,13151.88385352,0.00154529,-0.02527876
2019-10-24,13286.74898902,0.01025443,-0.01528354
2019-10-25,13379.83995925,0.00700630,-0.00838432
2019-10-28,13478.16465066,0.00734872,-0.00109721
2019-10-29,13410.35027986,-0.00503142,-0.00612312
2019-10-30,13450.38272637,0.00298519,-0.00315621
2019-10-31,13418.43211759,-0.00237544,-0.00552415
2019-11-01,13539.38822000,0.00901418,0.00000000
2019-11-04,13617.80596437,0.00579182,0.00000000
2019-11-05,13615.94642731,-0.00013655,-0.00013655
2019-11-06,13612.96612337,-0.00021888,-0.00035541
2019-11-07,13708.53245080,0.00702024,0.00000000
2019-11-08,13741.53261377,0.00240727,0.00000000
2019-11-11,13719.31218247,-0.00161703,-0.00161703
2019-11-12,13770.58560998,0.00373732,0.00000000
2019-11-13,13768.17876608,-0.00017478,-0.00017478
2019-11-14,13748.18580136,-0.00145211,-0.00162664
2019-11-15,13829.83787769,0.00593912,0.00000000
2019-11-18,13831.02664933,0.00008596,0.00000000
2019-11-19,13857.10619390,0.00188558,0.00000000
2019-11-20,13812.99759438,-0.00318310,-0.00318310
2019-11-21,13760.22178795,-0.00382074,-0.00699168
2019-11-22,13783.42157644,0.00168600,-0.00531746
2019-11-25,13895.40707579,0.00812465,0.00000000
2019-11-26,13933.30945747,0.00272769,0.00000000
2019-11-27,13969.02019907,0.00256298,0.00000000
2019-11-29,13925.74677960,-0.00309781,-0.00309781
2019-12-02,13778.23274279,-0.01059290,-0.01365790
2019-12-03,13648.67682860,-0.00940294,-0.02293242
2019-12-04,13692.95714105,0.00324429,-0.01976252
2019-12-05,13699.92113955,0.00050858,-0.01926399
2019-12-06,13840.23804476,0.01024217,-0.00921913
2019-12-09,13780.04720770,-0.00434897,-0.01352801
2019-12-10,13770.30590875,-0.00070691,-0.01422536
2019-12-11,13819.62969300,0.00358189,-0.01069442
2019-12-12,13943.52489636,0.00896516,-0.00182513
2019-12-13,13928.68869853,-0.00106402,-0.00288721
2019-12-16,14048.61996868,0.00861038,0.00000000
2019-12-17,14092.89782592,0.00315176,0.00000000
2019-12-18,14114.47111262,0.00153079,0.00000000
2019-12-19,14191.19711260,0.00543598,0.00000000
2019-12-20,14248.86558317,0.00406368,0.00000000
2019-12-23,14322.03444338,0.00513507,0.00000000
2019-12-24,14313.94480371,-0.00056484,-0.00056484
2019-12-27,14339.20480520,0.00176471,0.00000000
2019-12-30,14255.99767542,-0.00580277,-0.00580277
2019-12-31,14250.01531837,-0.00041964,-0.00621997
2020-01-02,14440.49463897,0.01336696,0.00000000
2020-01-03,14369.56048766,-0.00491217,-0.00491217
2020-01-06,14353.03617088,-0.00114995,-0.00605647
2020-01-07,14382.21530334,0.00203296,-0.00403583
2020-01-08,14472.54662713,0.00628077,0.00000000
2020-01-09,14593.15489728,0.00833359,0.00000000
2020-01-10,14584.85402225,-0.00056882,-0.00056882
2020-01-13,14704.25591178,0.00818670,0.00000000
2020-01-14,14677.66240660,-0.00180856,-0.00180856
2020-01-15,14688.96445335,0.00077002,-0.00103993
2020-01-16,14785.32532886,0.00656009,0.00000000
2020-01-17,14872.73434022,0.00591188,0.00000000
2020-01-21,14860.65975266,-0.00081186,-0.00081186
2020-01-22,14856.47065349,-0.00028189,-0.00109352
2020-01-23,14864.09749810,0.00051337,-0.00058072
2020-01-24,14862.85399222,-0.00008366,-0.00066433
2020-01-27,14580.76466409,-0.01897949,-0.01963120
2020-01-28,14793.18984666,0.01456886,-0.00534834
2020-01-29,14821.46143100,0.00191112,-0.00344744
2020-01-30,14803.93330643,-0.00118262,-0.00462598
2020-01-31,14535.00297967,-0.01816614,-0.02270809
2020-02-03,14717.64123210,0.01256541,-0.01042802
2020-02-04,14977.42461104,0.01765116,0.00000000
2020-02-05,15073.93928815,0.00644401,0.00000000
2020-02-06,15191.68893439,0.00781147,0.00000000
2020-02-07,15114.79166061,-0.00506180,-0.00506180
2020-02-10,15210.59392483,0.00633831,0.00000000
2020-02-11,15220.01820170,0.00061959,0.00000000
2020-02-12,15302.25269758,0.00540305,0.00000000
2020-02-13,15244.22013210,-0.00379242,-0.00379242
2020-02-14,15288.21552108,0.00288604,-0.00091733
2020-02-18,15228.60913660,-0.00389885,-0.00481260
2020-02-19,15397.25251208,0.01107412,0.00000000
2020-02-20,15300.54635693,-0.00628074,-0.00628074
2020-02-21,15072.86133640,-0.01488084,-0.02106812
2020-02-24,14603.95944455,-0.03110902,-0.05152173
2020-02-25,14262.14274130,-0.02340576,-0.07372158
2020-02-26,14314.52375964,0.00367273,-0.07031961
2020-02-27,13773.82759000,-0.03777256,-0.10543601
2020-02-28,13683.23617519,-0.00657707,-0.11131962
2020-03-02,14196.26496387,0.03749323,-0.07800012
2020-03-03,13943.11117927,-0.01783242,-0.09444161
2020-03-04,14284.95222405,0.02451684,-0.07224018
2020-03-05,14026.65864401,-0.01808152,-0.08901548
2020-03-06,13671.55312589,-0.02531647,-0.11207840
2020-03-09,12883.15833385,-0.05766681,-0.16328200
2020-03-10,13288.17502725,0.03143769,-0.13697752
2020-03-11,12982.78309536,-0.02298223,-0.15681170
2020-03-12,12022.56712557,-0.07396072,-0.21917452
2020-03-13,12730.93003363,0.05891944,-0.17316872
2020-03-16,11843.29109164,-0.06972302,-0.23081790
2020-03-17,12299.67745733,0.03853543,-0.20117713
2020-03-18,11984.92011356,-0.02559070,-0.22161956
2020-03-19,12061.26862270,0.00637038,-0.21666098
2020-03-20,11768.58390070,-0.02426650,-0.23566988
2020-03-23,11603.82907717,-0.01399955,-0.24637015
2020-03-24,12410.22468671,0.06949392,-0.19399746
2020-03-25,12523.71774746,0.00914513,-0.18662646
2020-03-26,12918.78360255,0.03154541,-0.16096826
2020-03-27,12439.40373436,-0.03710720,-0.19210238
2020-03-30,12782.89823871,0.02761342,-0.16979356
2020-03-31,12705.66253731,-0.00604211,-0.17480976
2020-04-01,12215.50872465,-0.03857759,-0.20664361
2020-04-02,12353.42682419,0.01129041,-0.19768629
2020-04-03,12284.43849903,-0.00558455,-0.20216685
2020-04-06,12956.84137154,0.05473615,-0.15849653
2020-04-07,13061.53116916,0.00807989,-0.15169728
2020-04-08,13188.36311777,0.00971034,-0.14345997
2020-04-09,13285.36378155,0.00735502,-0.13716010
2020-04-14,13571.54596842,0.02154116,-0.11857353
2020-04-15,13348.09213627,-0.01646488,-0.13308611
2020-04-16,13483.27405111,0.01012743,-0.12430649
2020-04-17,13637.25966630,0.01142049,-0.11430564
2020-04-20,13570.40134712,-0.00490262,-0.11864787
2020-04-21,13157.68412313,-0.03041304,-0.14545247
2020-04-22,13481.79798870,0.02463305,-0.12440236
2020-04-23,13485.22711600,0.00025435,-0.12417965
2020-04-24,13585.70478434,0.00745094,-0.11765396
2020-04-27,13730.87560837,0.01068556,-0.10822560
2020-04-28,13668.36955738,-0.00455223,-0.11228516
2020-04-29,14037.08685085,0.02697595,-0.08833821
2020-04-30,13891.79615574,-0.01035049,-0.09777435
2020-05-01,13608.37271054,-0.02040222,-0.11618175
2020-05-04,13680.98607145,0.00533593,-0.11146576
2020-05-05,13894.27357202,0.01559007,-0.09761345
2020-05-06,13951.05134752,0.00408642,-0.09392592
2020-05-07,14116.19526252,0.01183738,-0.08320038
2020-05-11,14315.40568604,0.01411219,-0.07026233
2020-05-12,14194.49980830,-0.00844586,-0.07811476
2020-05-13,13972.25329195,-0.01565723,-0.09254893
2020-05-14,14001.17471333,0.00206992,-0.09067058
2020-05-15,14103.63691271,0.00731811,-0.08401600
2020-05-18,14452.05606318,0.02470421,-0.06138734
2020-05-19,14413.65081921,-0.00265742,-0.06388164
2020-05-20,14610.67669253,0.01366939,-0.05108547
2020-05-21,14454.80956112,-0.01066803,-0.06120851
2020-05-22,14487.46037922,0.00225882,-0.05908795
2020-05-26,14555.81586338,0.00471825,-0.05464849
2020-05-27,14630.87927419,0.00515694,-0.04977338
2020-05-28,14691.57001446,0.00414813,-0.04583172
2020-05-29,14701.96812501,0.00070776,-0.04515639
2020-06-01,14723.12776005,0.00143924,-0.04378215
2020-06-02,14796.67723939,0.00499551,-0.03900535
2020-06-03,14940.30977811,0.00970708,-0.02967690
2020-06-04,14872.62914036,-0.00453007,-0.03407253
2020-06-05,15152.77993116,0.01883667,-0.01587768
2020-06-08,15203.44833949,0.00334384,-0.01258693
2020-06-09,15209.84328216,0.00042062,-0.01217160
2020-06-10,15317.72382787,0.00709281,-0.00516512
2020-06-11,14722.28636155,-0.03887245,-0.04383679
2020-06-12,14800.63675172,0.00532189,-0.03874820
2020-06-15,14837.61199982,0.00249822,-0.03634678
2020-06-16,15157.88220675,0.02158502,-0.01554630
2020-06-17,15190.46149416,0.00214933,-0.01343038
2020-06-18,15242.93746226,0.00345453,-0.01002225
2020-06-19,15245.64245767,0.00017746,-0.00984657
2020-06-22,15318.41705002,0.00477347,-0.00512010
2020-06-23,15423.31975017,0.00684814,0.00000000
2020-06-24,15130.00371190,-0.01901770,-0.01901770
2020-06-25,15215.78711466,0.00566975,-0.01345577
2020-06-26,15083.22827492,-0.00871193,-0.02205047
2020-06-29,15210.31839068,0.00842592,-0.01381034
2020-06-30,15343.50511212,0.00875634,-0.00517493
2020-07-01,15355.21807292,0.00076338,-0.00441550
2020-07-02,15473.87754942,0.00772763,0.00000000
2020-07-06,15674.57331481,0.01296997,0.00000000
2020-07-07,15536.34034385,-0.00881893,-0.00881893
2020-07-08,15615.97418265,0.00512565,-0.00373848
2020-07-09,15600.60461316,-0.00098422,-0.00471902
2020-07-10,15639.33570949,0.00248267,-0.00224807
2020-07-13,15599.80173930,-0.00252785,-0.00477025
2020-07-14,15622.22936545,0.00143769,-0.00333942
2020-07-15,15740.09053888,0.00754445,0.00000000
2020-07-16,15608.19163735,-0.00837981,-0.00837981
2020-07-17,15698.81033200,0.00580584,-0.00262262
2020-07-20,15879.83739660,0.01153126,0.00000000
2020-07-21,15818.93231729,-0.00383537,-0.00383537
2020-07-22,15869.31065835,0.00318469,-0.00066290
2020-07-23,15673.31919939,-0.01235034,-0.01300506
2020-07-24,15477.28786800,-0.01250733,-0.02534973
2020-07-27,15579.82274310,0.00662486,-0.01889280
2020-07-28,15482.32964187,-0.00625765,-0.02503223
2020-07-29,15592.36475686,0.00710714,-0.01810300
2020-07-30,15559.17047442,-0.00212888,-0.02019334
2020-07-31,15724.86778324,0.01064950,-0.00975889
2020-08-03,16034.64568926,0.01969987,0.00000000
2020-08-04,16061.63197454,0.00168300,0.00000000
2020-08-05,16114.72266078,0.00330544,0.00000000
2020-08-06,16207.30892124,0.00574545,0.00000000
2020-08-07,16142.42790901,-0.00400319,-0.00400319
2020-08-10,16105.15123027,-0.00230924,-0.00630319
2020-08-11,16022.12781868,-0.00515508,-0.01142578
2020-08-12,16246.32949789,0.01399325,0.00000000
2020-08-13,16229.91260027,-0.00101050,-0.00101050
2020-08-14,16197.02063657,-0.00202663,-0.00303508
2020-08-17,16280.07934674,0.00512802,0.00000000
2020-08-18,16259.13350331,-0.00128659,-0.00128659
2020-08-19,16285.16268497,0.00160090,0.00000000
2020-08-20,16360.99386364,0.00465646,0.00000000
2020-08-21,16492.82209439,0.00805747,0.00000000
2020-08-24,16635.30520906,0.00863910,0.00000000
2020-08-25,16666.88481549,0.00189835,0.00000000
2020-08-26,16859.28486791,0.01154385,0.00000000
2020-08-27,16886.59130380,0.00161967,0.00000000
2020-08-28,16906.49988625,0.00117896,0.00000000
2020-09-01,17085.62595583,0.01059510,0.00000000
2020-09-02,17264.84228449,0.01048930,0.00000000
2020-09-03,16674.75277424,-0.03417868,-0.03417868
2020-09-04,16446.89894837,-0.01366460,-0.04737624
2020-09-08,16142.58093429,-0.01850306,-0.06500270
2020-09-09,16478.39395523,0.02080293,-0.04555201
2020-09-10,16378.24280049,-0.00607773,-0.05135289
2020-09-11,16296.89529659,-0.00496680,-0.05606463
2020-09-14,16477.97560483,0.01111134,-0.04557624
2020-09-15,16601.15786815,0.00747557,-0.03844138
2020-09-16,16430.29538697,-0.01029220,-0.04833794
2020-09-17,16297.98746546,-0.00805268,-0.05600137
2020-09-18,16144.14691177,-0.00943924,-0.06491200
2020-09-21,16085.97632145,-0.00360320,-0.06828131
2020-09-22,16284.72503451,0.01235540,-0.05676955
2020-09-23,16070.48508194,-0.01315588,-0.06917858
2020-09-24,16037.53417441,-0.00205040,-0.07108713
2020-09-25,16252.92755460,0.01343058,-0.05861129
2020-09-28,16471.03721197,0.01341972,-0.04597812
2020-09-29,16442.19755916,-0.00175093,-0.04764855
2020-09-30,16510.19524830,0.00413556,-0.04371005
2020-10-01,16620.51059544,0.00668165,-0.03732045
2020-10-02,16617.35324475,-0.00018997,-0.03750333
2020-10-05,16620.17804833,0.00016999,-0.03733971
2020-10-06,16620.63214501,0.00002732,-0.03731341
2020-10-07,16620.97175664,0.00002043,-0.03729374
2020-10-08,16621.98194587,0.00006078,-0.03723523
2020-10-09,16623.66139664,0.00010104,-0.03713795
2020-10-12,16628.85672584,0.00031253,-0.03683703
2020-10-13,16626.71454617,-0.00012882,-0.03696111
2020-10-14,16625.70535977,-0.00006070,-0.03701956
2020-10-15,16624.66196448,-0.00006276,-0.03708000
2020-10-16,16626.96266127,0.00013839,-0.03694674
2020-10-19,16624.36691135,-0.00015612,-0.03709709
2020-10-20,16622.62584633,-0.00010473,-0.03719793
2020-10-21,16621.30691025,-0.00007935,-0.03727433
2020-10-22,16622.74993653,0.00008682,-0.03719075
2020-10-23,16623.24543151,0.00002981,-0.03716205
2020-10-26,16620.04600643,-0.00019247,-0.03734736
2020-10-27,16618.35192497,-0.00010193,-0.03744548
2020-10-28,16612.63279964,-0.00034415,-0.03777674
2020-10-29,16616.26437209,0.00021860,-0.03756640
2020-10-30,16613.34228221,-0.00017586,-0.03773565
2020-11-02,16614.76105890,0.00008540,-0.03765347
2020-11-03,16617.25379193,0.00015003,-0.03750909
2020-11-04,16621.10173587,0.00023156,-0.03728621
2020-11-05,16626.60724835,0.00033124,-0.03696733
2020-11-06,16624.77052999,-0.00011047,-0.03707371
2020-11-09,16628.14100702,0.00020274,-0.03687849
2020-11-10,16622.95403486,-0.00031194,-0.03717892
2020-11-11,16626.14051503,0.00019169,-0.03699436
2020-11-12,16625.25655332,-0.00005317,-0.03704556
2020-11-13,16627.80762047,0.00015345,-0.03689780
2020-11-16,16629.86272728,0.00012359,-0.03677876
2020-11-17,16628.86308274,-0.00006011,-0.03683666
2020-11-18,16627.71280709,-0.00006917,-0.03690329
2020-11-19,16628.14245659,0.00002584,-0.03687840
2020-11-20,16627.07740028,-0.00006405,-0.03694009
2020-11-23,16626.86818589,-0.00001258,-0.03695221
2020-11-24,16629.21802591,0.00014133,-0.03681611
2020-11-25,16627.44014930,-0.00010691,-0.03691908
2020-11-27,16630.62669596,0.00019164,-0.03673451
2020-11-30,16628.46804972,-0.00012980,-0.03685955
2020-12-01,16629.44145724,0.00005854,-0.03680316
2020-12-02,16631.52515264,0.00012530,-0.03668247
2020-12-03,16630.87467923,-0.00003911,-0.03672015
2020-12-04,16634.50586021,0.00021834,-0.03650983
2020-12-07,16632.16326612,-0.00014083,-0.03664551
2020-12-08,16632.53997807,0.00002265,-0.03662369
2020-12-09,16629.96755687,-0.00015466,-0.03677269
2020-12-10,16630.47783373,0.00003068,-0.03674314
2020-12-11,16631.78939486,0.00007886,-0.03666717
2020-12-14,16630.54865853,-0.00007460,-0.03673903
2020-12-15,16631.91701773,0.00008228,-0.03665978
2020-12-16,16635.01777914,0.00018643,-0.03648018
2020-12-17,16635.93908025,0.00005538,-0.03642681
2020-12-18,16635.81972747,-0.00000717,-0.03643373
2020-12-21,16635.85984207,0.00000241,-0.03643140
2020-12-22,16637.77355055,0.00011504,-0.03632056
2020-12-23,16634.26837583,-0.00021068,-0.03652358
2020-12-24,16636.35429480,0.00012540,-0.03640276
2020-12-29,16638.85240987,0.00015016,-0.03625807
2020-12-30,16636.40215660,-0.00014726,-0.03639999
2020-12-31,16637.80709302,0.00008445,-0.03631862
2021-01-04,16635.53447668,-0.00013659,-0.03645025
2021-01-05,16634.59328579,-0.00005658,-0.03650476
2021-01-06,16635.73547556,0.00006866,-0.03643861
2021-01-07,16640.15509605,0.00026567,-0.03618262
2021-01-08,16639.58648371,-0.00003417,-0.03621555
2021-01-11,16640.42827797,0.00005059,-0.03616679
2021-01-12,16636.97598328,-0.00020746,-0.03636676
2021-01-13,16638.01085160,0.00006220,-0.03630681
2021-01-14,16638.56793639,0.00003348,-0.03627455
2021-01-15,16636.65466044,-0.00011499,-0.03638537
2021-01-19,16638.56039144,0.00011455,-0.03627498
2021-01-20,16642.16024121,0.00021636,-0.03606648
2021-01-21,16643.76448386,0.00009640,-0.03597356
2021-01-22,16641.37412614,-0.00014362,-0.03611201
2021-01-25,16643.90228765,0.00015192,-0.03596558
2021-01-26,16642.40889995,-0.00008973,-0.03605207
2021-01-27,16638.25853332,-0.00024938,-0.03629247
2021-01-28,16640.77803951,0.00015143,-0.03614654
2021-01-29,16635.85801635,-0.00029566,-0.03643151
2021-02-01,16640.19125512,0.00026048,-0.03618052
2021-02-02,16640.37223944,0.00001088,-0.03617004
2021-02-03,16640.28297967,-0.00000536,-0.03617521
2021-02-04,16642.46737919,0.00013127,-0.03604869
2021-02-05,16642.82441826,0.00002145,-0.03602801
2021-02-08,16643.35105089,0.00003164,-0.03599750
2021-02-09,16643.13682745,-0.00001287,-0.03600991
2021-02-10,16641.00598379,-0.00012803,-0.03613333
2021-02-11,16643.34212492,0.00014038,-0.03599802
2021-02-12,16641.71113595,-0.00009800,-0.03609249
2021-02-16,16643.47601457,0.00010605,-0.03599027
2021-02-17,16643.06541964,-0.00002467,-0.03601405
2021-02-18,16640.27405369,-0.00016772,-0.03617573
2021-02-19,16642.41382333,0.00012859,-0.03605179
2021-02-22,16639.54212360,-0.00017255,-0.03621812
2021-02-23,16638.53348822,-0.00006062,-0.03627654
2021-02-24,16637.60875097,-0.00005558,-0.03633011
2021-02-25,16638.99763901,0.00008348,-0.03624966
2021-02-26,16638.31033880,-0.00004131,-0.03628947
2021-03-01,16638.18001349,-0.00000783,-0.03629702
2021-03-02,16636.51881398,-0.00009984,-0.03639324
2021-03-03,16633.30804940,-0.00019299,-0.03657921
2021-03-04,16624.47348841,-0.00053114,-0.03709091
2021-03-05,16616.09198183,-0.00050417,-0.03757638
2021-03-08,16638.93510417,0.00137476,-0.03625328
2021-03-09,16638.55755883,-0.00002269,-0.03627515
2021-03-10,16641.04935808,0.00014976,-0.03613082
2021-03-11,16648.10782678,0.00042416,-0.03572199
2021-03-12,16645.57990218,-0.00015184,-0.03586841
2021-03-15,16650.41248255,0.00029032,-0.03558850
2021-03-16,16655.77362640,0.00032198,-0.03527797
2021-03-17,16654.45058852,-0.00007943,-0.03535461
2021-03-18,16653.28182714,-0.00007018,-0.03542230
2021-03-19,16648.75128305,-0.00027205,-0.03568472
2021-03-22,16653.65937248,0.00029480,-0.03540043
2021-03-23,16657.16891498,0.00021074,-0.03519716
2021-03-24,16655.92464453,-0.00007470,-0.03526923
2021-03-25,16648.29822864,-0.00045788,-0.03571096
2021-03-26,16654.18793596,0.00035377,-0.03536982
2021-03-29,16656.30218987,0.00012695,-0.03524736
2021-03-30,16662.98311324,0.00040110,-0.03486039
2021-03-31,16660.22866143,-0.00016530,-0.03501993
2021-04-01,16665.02185808,0.00028770,-0.03474231
2021-04-06,16673.12641243,0.00048632,-0.03427288
2021-04-07,16676.91624477,0.00022730,-0.03405337
2021-04-08,16684.69279054,0.00046631,-0.03360294
2021-04-09,16685.33809441,0.00003868,-0.03356557
2021-04-12,16686.32064354,0.00005889,-0.03350865
2021-04-13,16689.12792676,0.00016824,-0.03334605
2021-04-14,16688.98756260,-0.00000841,-0.03335418
2021-04-15,16694.79901011,0.00034822,-0.03301758
2021-04-16,16695.71137716,0.00005465,-0.03296473
2021-04-19,16683.09226784,-0.00075583,-0.03369565
2021-04-20,16674.67041819,-0.00050481,-0.03418345
2021-04-21,16681.40789791,0.00040405,-0.03379321
2021-04-22,16692.62336562,0.00067233,-0.03314359
2021-04-23,16693.32518642,0.00004204,-0.03310294
2021-04-26,16692.70721286,-0.00003702,-0.03313874
2021-04-27,16690.72844945,-0.00011854,-0.03325335
2021-04-28,16690.88247877,0.00000923,-0.03324443
2021-04-29,16688.84719843,-0.00012194,-0.03336231
2021-04-30,16694.16737139,0.00031879,-0.03305416
2021-05-04,16680.21480255,-0.00083578,-0.03386231
2021-05-05,16689.32480784,0.00054616,-0.03333465
2021-05-06,16689.74590032,0.00002523,-0.03331026
2021-05-07,16694.39158279,0.00027836,-0.03304118
2021-05-10,16686.11009730,-0.00049606,-0.03352085
2021-05-11,16669.33658008,-0.00100524,-0.03449239
2021-05-12,16663.25697383,-0.00036472,-0.03484453
2021-05-13,16665.92389288,0.00016005,-0.03469006
2021-05-14,16674.48610669,0.00051376,-0.03419413
2021-05-17,16672.49477370,-0.00011942,-0.03430947
2021-05-18,16672.70531994,0.00001263,-0.03429727
2021-05-19,16659.04604900,-0.00081926,-0.03508843
2021-05-20,16672.80173676,0.00082572,-0.03429169
2021-05-21,16676.21442396,0.00020469,-0.03409402
2021-05-24,16681.36395057,0.00030879,-0.03379575
2021-05-25,16681.22358641,-0.00000841,-0.03380388
2021-05-26,16682.13595345,0.00005469,-0.03375104
2021-05-27,16682.10971872,-0.00000157,-0.03375256
2021-05-28,16685.12754817,0.00018090,-0.03357776
2021-06-01,16684.24141586,-0.00005311,-0.03362909
2021-06-02,16685.08360083,0.00005048,-0.03358031
2021-06-03,16685.57487539,0.00002944,-0.03355185
2021-06-04,16687.59371752,0.00012099,-0.03343492
2021-06-07,16686.85062728,-0.00004453,-0.03347796
2021-06-08,16688.11390472,0.00007570,-0.03340479
2021-06-09,16691.83355498,0.00022289,-0.03318934
2021-06-10,16690.57027754,-0.00007568,-0.03326251
2021-06-11,16693.85636088,0.00019688,-0.03307218
2021-06-14,16694.78120236,0.00005540,-0.03301861
2021-06-15,16697.09721101,0.00013873,-0.03288446
2021-06-16,16697.92692154,0.00004969,-0.03283641
2021-06-17,16701.02740752,0.00018568,-0.03265682
2021-06-18,16697.15491866,-0.00023187,-0.03288112
2021-06-21,16698.00957806,0.00005119,-0.03283162
2021-06-22,16702.36086704,0.00026059,-0.03257959
2021-06-23,16700.25540463,-0.00012606,-0.03270154
2021-06-24,16708.31386944,0.00048254,-0.03223478
2021-06-25,16710.70006017,0.00014281,-0.03209657
2021-06-28,16710.22126005,-0.00002865,-0.03212430
2021-06-29,16715.41473400,0.00031080,-0.03182349
2021-06-30,16714.15145655,-0.00007558,-0.03189666
2021-07-01,16718.77099942,0.00027639,-0.03162909
2021-07-02,16788.67194147,0.00418099,-0.02758035
2021-07-06,16823.75756569,0.00208984,-0.02554815
2021-07-07,16875.60576581,0.00308184,-0.02254504
2021-07-08,16839.85795953,-0.00211831,-0.02461559
2021-07-09,16890.36520736,0.00299927,-0.02169015
2021-07-12,16885.99773689,-0.00025858,-0.02194312
2021-07-13,16911.94445305,0.00153658,-0.02044026
2021-07-14,16984.34840675,0.00428123,-0.01624654
2021-07-15,16972.39774133,-0.00070363,-0.01693873
2021-07-16,16892.19231358,-0.00472564,-0.02158433
2021-07-19,16853.06401349,-0.00231635,-0.02385068
2021-07-20,16900.53984253,0.00281704,-0.02110083
2021-07-21,16882.81392510,-0.00104884,-0.02212753
2021-07-22,16895.95517746,0.00077838,-0.02136638
2021-07-23,16897.62103262,0.00009859,-0.02126989
2021-07-26,16873.35254796,-0.00143621,-0.02267555
2021-07-27,16848.82733897,-0.00145349,-0.02409608
2021-07-28,16902.82511439,0.00320484,-0.02096846
2021-07-29,17002.29409389,0.00588475,-0.01520710
2021-07-30,16931.10912154,-0.00418679,-0.01933022
2021-08-02,16940.60255269,0.00056071,-0.01878035
2021-08-03,16917.76312226,-0.00134821,-0.02010323
2021-08-04,16929.87535015,0.00071595,-0.01940168
2021-08-05,16900.60587855,-0.00172887,-0.02109700
2021-08-06,16709.75611797,-0.01129248,-0.03215124
2021-08-09,16562.89325503,-0.00878905,-0.04065771
2021-08-10,16575.00628274,0.00073134,-0.03995611
2021-08-11,16687.05582967,0.00676015,-0.03346607
2021-08-12,16703.64524799,0.00099415,-0.03250519
2021-08-13,16830.26070959,0.00758011,-0.02517148
2021-08-16,16851.21263311,0.00124490,-0.02395792
2021-08-17,16857.24237276,0.00035782,-0.02360867
2021-08-18,16863.45120572,0.00036832,-0.02324904
2021-08-19,16817.34327933,-0.00273419,-0.02591967
2021-08-20,16850.00984644,0.00194243,-0.02402758
2021-08-23,16968.87774908,0.00705447,-0.01714261
2021-08-24,16972.52242709,0.00021479,-0.01693151
2021-08-25,16919.98361383,-0.00309552,-0.01997462
2021-08-26,16921.48182456,0.00008855,-0.01988784
2021-08-27,17050.27257308,0.00761108,-0.01242813
2021-08-31,17037.06379989,-0.00077470,-0.01319320
2021-09-01,17051.11730907,0.00082488,-0.01237920
2021-09-02,17029.18274367,-0.00128640,-0.01364968
2021-09-03,17110.16796124,0.00475567,-0.00895892
2021-09-07,16951.26588435,-0.00928700,-0.01816271
2021-09-08,16918.23649111,-0.00194849,-0.02007582
2021-09-09,16937.63340916,0.00114651,-0.01895232
2021-09-10,16889.57963550,-0.00283710,-0.02173565
2021-09-13,16903.97535569,0.00085234,-0.02090184
2021-09-14,16958.00613911,0.00319634,-0.01777231
2021-09-15,16899.15314020,-0.00347051,-0.02118115
2021-09-16,16722.15162341,-0.01047399,-0.03143328
2021-09-17,16698.97418618,-0.00138603,-0.03277575
2021-09-20,16718.71919721,0.00118241,-0.03163209
2021-09-21,16795.94914601,0.00461937,-0.02715884
2021-09-22,16776.55222795,-0.00115486,-0.02828234
2021-09-23,16701.19744676,-0.00449167,-0.03264697
2021-09-24,16696.24346244,-0.00029662,-0.03293391
2021-09-27,16707.02401680,0.00064569,-0.03230949
2021-09-28,16596.07318738,-0.00664097,-0.03873589
2021-09-29,16594.85250869,-0.00007355,-0.03880660
2021-09-30,16703.82188706,0.00656646,-0.03249496
2021-10-01,16688.93608998,-0.00089116,-0.03335717
2021-10-04,16686.74453308,-0.00013132,-0.03348410
2021-10-05,16694.64284005,0.00047333,-0.03302662
2021-10-06,16690.88099176,-0.00022533,-0.03324451
2021-10-07,16709.46369403,0.00111334,-0.03216818
2021-10-08,16700.87187441,-0.00051419,-0.03266583
2021-10-11,16695.80573345,-0.00030335,-0.03295927
2021-10-12,16709.85805922,0.00084167,-0.03214534
2021-10-13,16843.00241487,0.00796801,-0.02443346
2021-10-14,16914.44046208,0.00424141,-0.02029569
2021-10-15,16790.93441162,-0.00730181,-0.02744930
2021-10-18,16783.32852828,-0.00045298,-0.02788984
2021-10-19,16814.80066293,0.00187520,-0.02606694
2021-10-20,16899.64943538,0.00504608,-0.02115240
2021-10-21,16887.91855451,-0.00069415,-0.02183187
2021-10-22,16952.42008240,0.00381939,-0.01809586
2021-10-25,17024.09178809,0.00422782,-0.01394455
2021-10-26,16975.07197381,-0.00287944,-0.01678384
2021-10-27,16995.65727065,0.00121268,-0.01559151
2021-10-28,16992.42294150,-0.00019030,-0.01577885
2021-10-29,16944.12735831,-0.00284218,-0.01857619
2021-11-01,17008.80011275,0.00381682,-0.01483026
2021-11-02,17036.70221160,0.00164045,-0.01321414
2021-11-03,17023.30942554,-0.00078611,-0.01398987
2021-11-04,17091.11030070,0.00398283,-0.01006276
2021-11-05,17116.22177458,0.00146927,-0.00860827
2021-11-08,17100.31748420,-0.00092919,-0.00952947
2021-11-09,17088.04122485,-0.00071790,-0.01024053
2021-11-10,17099.20187991,0.00065313,-0.00959409
2021-11-11,17111.19947980,0.00070165,-0.00889917
2021-11-12,17122.91816761,0.00068485,-0.00822041
2021-11-15,17123.47620036,0.00003259,-0.00818809
2021-11-16,17131.56777957,0.00047254,-0.00771942
2021-11-17,17106.45630569,-0.00146580,-0.00917390
2021-11-18,17103.94505402,-0.00014680,-0.00931936
2021-11-19,17110.64144705,0.00039151,-0.00893149
2021-11-22,17127.38242963,0.00097840,-0.00796184
2021-11-23,17091.94745412,-0.00206891,-0.01001427
2021-11-24,17112.31554531,0.00119168,-0.00883453
2021-11-26,17028.33172031,-0.00490780,-0.01369897
2021-11-29,17069.34702335,0.00240865,-0.01132332
2021-11-30,17041.16647362,-0.00165094,-0.01295557
2021-12-01,17074.36931812,0.00194839,-0.01103242
2021-12-02,17051.55747528,-0.00133603,-0.01235371
2021-12-03,16912.59423439,-0.00814959,-0.02040262
2021-12-06,17037.85896700,0.00740659,-0.01314714
2021-12-07,17487.02437454,0.02636278,0.00000000
2021-12-08,17519.61856551,0.00186391,0.00000000
2021-12-09,17442.56929716,-0.00439789,-0.00439789
2021-12-10,17580.08517998,0.00788392,0.00000000
2021-12-13,17433.01230882,-0.00836588,-0.00836588
2021-12-14,17208.42310863,-0.01288298,-0.02114108
2021-12-15,17452.45881712,0.01418118,-0.00725971
2021-12-16,17258.58242565,-0.01110883,-0.01828790
2021-12-17,17165.29926960,-0.00540503,-0.02359408
2021-12-20,16961.27750644,-0.01188571,-0.03519936
2021-12-21,17244.80627294,0.01671624,-0.01907152
2021-12-22,17410.02074064,0.00958053,-0.00967370
2021-12-23,17487.65673177,0.00445927,-0.00525757
2021-12-29,17667.06264913,0.01025900,0.00000000
2021-12-30,17615.93314481,-0.00289406,-0.00289406
2021-12-31,17543.03861430,-0.00413799,-0.00702007
2022-01-04,17540.45861874,-0.00014707,-0.00716611
2022-01-05,17251.38402403,-0.01648045,-0.02352845
2022-01-06,17109.13137292,-0.00824587,-0.03158031
2022-01-07,17001.68331725,-0.00628016,-0.03766214
2022-01-10,16918.06845526,-0.00491803,-0.04239495
2022-01-11,17089.43380427,0.01012913,-0.03269524
2022-01-12,17157.69951879,0.00399462,-0.02883123
2022-01-13,16919.67577495,-0.01387271,-0.04230397
2022-01-14,16912.63220777,-0.00041629,-0.04270265
2022-01-18,16691.98826591,-0.01304610,-0.05519165
2022-01-19,16530.75490370,-0.00965933,-0.06431786
2022-01-20,16461.37755177,-0.00419687,-0.06824480
2022-01-21,16202.56197182,-0.01572260,-0.08289441
2022-01-24,16045.00543331,-0.00972417,-0.09181250
2022-01-25,15889.12667744,-0.00971510,-0.10063563
2022-01-26,16037.37019785,0.00932987,-0.09224467
2022-01-27,15995.54783586,-0.00260781,-0.09461193
2022-01-28,16271.36284118,0.01724324,-0.07900011
2022-01-31,16595.53201910,0.01992268,-0.06065132
2022-02-01,16655.17344979,0.00359382,-0.05727546
2022-02-02,16738.65224544,0.00501218,-0.05255035
2022-02-03,16435.74449925,-0.01809630,-0.06969569
2022-02-04,16451.59149075,0.00096418,-0.06879871
2022-02-07,16429.17386076,-0.00136264,-0.07006761
2022-02-08,16535.43442022,0.00646780,-0.06405299
2022-02-09,16808.07648069,0.01648835,-0.04862077
2022-02-10,16543.35890824,-0.01574943,-0.06360445
2022-02-11,16231.04565845,-0.01887847,-0.08128216
2022-02-14,16156.10882609,-0.00461688,-0.08552377
2022-02-15,16433.81963099,0.01718921,-0.06980464
2022-02-16,16387.28200382,-0.00283182,-0.07243879
2022-02-17,16096.87864336,-0.01772126,-0.08887635
2022-02-18,15953.26736527,-0.00892168,-0.09700511
2022-02-22,15833.50259801,-0.00750722,-0.10378409
2022-02-23,15602.87751692,-0.01456564,-0.11683805
2022-02-24,15796.02724386,0.01237911,-0.10590529
2022-02-25,16102.96163496,0.01943111,-0.08853204
2022-02-28,16105.94370403,0.00018519,-0.08836324
2022-03-01,15878.32461677,-0.01413261,-0.10124705
2022-03-02,16108.90198321,0.01452152,-0.08819580
2022-03-03,15968.19022519,-0.00873503,-0.09616043
2022-03-04,15770.52098209,-0.01237894,-0.10734901
2022-03-07,15461.05388148,-0.01962314,-0.12486562
2022-03-08,15333.48909361,-0.00825072,-0.13208611
2022-03-09,15772.91980236,0.02865823,-0.10721323
2022-03-10,15585.66283110,-0.01187205,-0.11781244
2022-03-11,15501.95696010,-0.00537070,-0.12255041
2022-03-14,15329.19614045,-0.01114445,-0.13232910
2022-03-15,15614.92942491,0.01863981,-0.11615588
2022-03-16,15974.74349143,0.02304295,-0.09578950
2022-03-17,16080.39408716,0.00661360,-0.08980942
2022-03-18,16296.03255171,0.01341002,-0.07760374
2022-03-21,16296.29415594,0.00001605,-0.07758893
2022-03-22,16438.91095013,0.00875149,-0.06951646
2022-03-23,16317.99744880,-0.00735532,-0.07636047
2022-03-24,16528.86543153,0.01292242,-0.06442481
2022-03-25,16545.58442962,0.00101150,-0.06347848
2022-03-28,16696.11303940,0.00909781,-0.05495818
2022-03-29,16968.44726526,0.01631124,-0.03954338
2022-03-30,16847.60323675,-0.00712169,-0.04638346
2022-03-31,16692.51494382,-0.00920536,-0.05516184
2022-04-01,16624.29902257,-0.00408662,-0.05902303
2022-04-04,16822.42964254,0.01191813,-0.04780834
2022-04-05,16630.30422020,-0.01142079,-0.05868312
2022-04-06,16330.85728382,-0.01800610,-0.07563257
2022-04-07,16334.44666139,0.00021979,-0.07542940
2022-04-08,16300.99384467,-0.00204799,-0.07732292
2022-04-11,16012.50712541,-0.01769749,-0.09365199
2022-04-12,15994.99222838,-0.00109383,-0.09464337
2022-04-13,16085.62724614,0.00566646,-0.08951321
2022-04-14,15894.79013659,-0.01186383,-0.10031506
2022-04-19,16090.85698899,0.01233529,-0.08921719
2022-04-20,16105.66343140,0.00092018,-0.08837911
2022-04-21,15967.92520826,-0.00855216,-0.09617544
2022-04-22,15672.30826979,-0.01851317,-0.11290809
2022-04-25,15708.83862655,0.00233089,-0.11084038
2022-04-26,15438.28282544,-0.01722316,-0.12615452
2022-04-27,15576.12498446,0.00892859,-0.11835231
2022-04-28,15922.33649901,0.02222706,-0.09875587
2022-04-29,15575.32864112,-0.02179378,-0.11839738
2022-05-03,15682.31885523,0.00686921,-0.11234147
2022-05-04,15893.74809013,0.01348201,-0.10037405
2022-05-05,15582.08471291,-0.01960918,-0.11801497
2022-05-06,15490.77535663,-0.00585989,-0.12318331
2022-05-09,15037.69221619,-0.02924858,-0.14882895
2022-05-10,15118.29114581,0.00535979,-0.14426685
2022-05-11,14950.12515475,-0.01112335,-0.15378547
2022-05-12,14811.91428349,-0.00924480,-0.16160855
2022-05-13,15159.80366249,0.02348713,-0.14191714
2022-05-16,15066.87603541,-0.00612987,-0.14717708
2022-05-17,15267.40208306,0.01330907,-0.13582680
2022-05-18,14863.25973570,-0.02647093,-0.15870227
2022-05-19,14688.26377439,-0.01177373,-0.16860748
2022-05-20,14684.57000552,-0.00025148,-0.16881655
2022-05-23,14915.83539879,0.01574887,-0.15572635
2022-05-24,14749.95517144,-0.01112108,-0.16511559
2022-05-25,14887.27643719,0.00930994,-0.15734286
2022-05-26,15147.13514920,0.01745509,-0.14263421
2022-05-27,15466.88581326,0.02110965,-0.12453552
2022-05-31,15413.63047881,-0.00344318,-0.12754991
2022-06-01,15401.53036093,-0.00078503,-0.12823480
2022-06-06,15411.74828200,0.00066344,-0.12765644
2022-06-07,15443.30841966,0.00204780,-0.12587006
2022-06-08,15452.13227193,0.00057137,-0.12537061
2022-06-09,15342.03140841,-0.00712529,-0.13160259
2022-06-10,15273.30310275,-0.00447974,-0.13549279
2022-06-13,14974.19335084,-0.01958383,-0.15242315
2022-06-14,14941.54430052,-0.00218035,-0.15427117
2022-06-15,15064.75836578,0.00824641,-0.14729694
2022-06-16,14936.25701091,-0.00852993,-0.15457044
2022-06-17,14917.78942243,-0.00123643,-0.15561575
2022-06-21,14990.24572177,0.00485704,-0.15151454
2022-06-22,15011.02591109,0.00138625,-0.15033833
2022-06-23,14987.08907302,-0.00159462,-0.15169322
2022-06-24,15113.07485151,0.00840629,-0.14456211
2022-06-27,15124.33541921,0.00074509,-0.14392473
2022-06-28,15070.92446302,-0.00353146,-0.14694792
2022-06-29,15043.82865227,-0.00179789,-0.14848162
2022-06-30,14940.38557201,-0.00687611,-0.15433675
2022-07-01,14971.78320418,0.00210153,-0.15255957
2022-07-05,14847.16903401,-0.00832327,-0.15961304
2022-07-06,14807.59556255,-0.00266539,-0.16185300
2022-07-07,14874.67459646,0.00453004,-0.15805616
2022-07-08,14892.01400031,0.00116570,-0.15707470
2022-07-11,14824.43066795,-0.00453823,-0.16090009
2022-07-12,14788.06769059,-0.00245291,-0.16295833
2022-07-13,14765.91530100,-0.00149799,-0.16421221
2022-07-14,14666.43544146,-0.00673713,-0.16984302
2022-07-15,14747.09071994,0.00549931,-0.16527773
2022-07-18,14740.58163957,-0.00044138,-0.16564616
2022-07-19,14809.60308791,0.00468241,-0.16173937
2022-07-20,14823.11102183,0.00091211,-0.16097479
2022-07-21,14938.33729546,0.00777342,-0.15445269
2022-07-22,14925.99626563,-0.00082613,-0.15515122
2022-07-25,14894.26026900,-0.00212622,-0.15694756
2022-07-26,14832.82019863,-0.00412508,-0.16042522
2022-07-27,14977.87234816,0.00977913,-0.15221491
2022-07-28,15106.18972921,0.00856713,-0.14495182
2022-07-29,15178.91424881,0.00481422,-0.14083543
2022-08-01,15206.94438161,0.00184665,-0.13924886
2022-08-02,15160.45278356,-0.00305726,-0.14188040
2022-08-03,15248.92618358,0.00583580,-0.13687258
2022-08-04,15356.16989219,0.00703287,-0.13080232
2022-08-05,15289.69889256,-0.00432862,-0.13456474
2022-08-08,15356.29070009,0.00435534,-0.13079548
2022-08-09,15331.21527582,-0.00163291,-0.13221481
2022-08-10,15381.74426004,0.00329582,-0.12935475
2022-08-11,15388.00924885,0.00040730,-0.12900013
2022-08-12,15499.85591381,0.00726843,-0.12266933
2022-08-15,15462.65743390,-0.00239992,-0.12477486
2022-08-16,15456.76434554,-0.00038112,-0.12510842
2022-08-17,15395.39772793,-0.00397021,-0.12858192
2022-08-18,15416.36154459,0.00136169,-0.12739532
2022-08-19,15352.95566881,-0.00411289,-0.13098425
2022-08-22,15230.65982812,-0.00796562,-0.13790650
2022-08-23,15232.05108644,0.00009135,-0.13782775
2022-08-24,15276.35181215,0.00290839,-0.13532022
2022-08-25,15330.32513167,0.00353313,-0.13226520
2022-08-26,15171.21415052,-0.01037884,-0.14127128
2022-08-30,15040.07935194,-0.00864366,-0.14869383
2022-08-31,14977.57740271,-0.00415569,-0.15223160
2022-09-01,14887.37968954,-0.00602218,-0.15733702
2022-09-02,14987.91478463,0.00675304,-0.15164648
2022-09-06,14887.55901014,-0.00669578,-0.15732687
2022-09-07,14990.26371481,0.00689869,-0.15151352
2022-09-08,15002.79798559,0.00083616,-0.15080405
2022-09-09,15100.24786877,0.00649545,-0.14528815
2022-09-12,15176.91352579,0.00507711,-0.14094868
2022-09-13,14957.27473495,-0.01447190,-0.15338078
2022-09-14,14897.73024797,-0.00398097,-0.15675115
2022-09-15,14755.97282986,-0.00951537,-0.16477498
2022-09-16,14740.05165367,-0.00107896,-0.16567615
2022-09-20,14718.63589112,-0.00145290,-0.16688834
2022-09-21,14748.43353996,0.00202448,-0.16520172
2022-09-22,14662.23766098,-0.00584441,-0.17008062
2022-09-23,14565.38865895,-0.00660534,-0.17556252
2022-09-26,14552.44415103,-0.00088872,-0.17629521
2022-09-27,14522.08251439,-0.00208636,-0.17801375
2022-09-28,14678.65059191,0.01078138,-0.16915161
2022-09-29,14522.87400467,-0.01061246,-0.17796895
2022-09-30,14492.36261198,-0.00210092,-0.17969597
2022-10-03,14633.20074971,0.00971809,-0.17172418
2022-10-04,14836.69707260,0.01390648,-0.16020578
2022-10-05,14815.14272067,-0.00145277,-0.16142581
2022-10-06,14837.75641885,0.00152639,-0.16014582
2022-10-07,14663.57060453,-0.01173936,-0.17000517
2022-10-10,14524.13132335,-0.00950923,-0.17789779
2022-10-11,14461.04074586,-0.00434385,-0.18146887
2022-10-12,14491.84759395,0.00213033,-0.17972513
2022-10-13,14428.90688120,-0.00434318,-0.18328773
2022-10-14,14361.72649345,-0.00465596,-0.18709031
2022-10-17,14404.46461844,0.00297583,-0.18467122
2022-10-18,14473.12719768,0.00476676,-0.18078475
2022-10-19,14402.42471005,-0.00488509,-0.18478668
2022-10-20,14398.17690990,-0.00029494,-0.18502712
2022-10-21,14531.32586712,0.00924763,-0.17749056
2022-10-24,14567.50755724,0.00248991,-0.17544258
2022-10-25,14610.97858259,0.00298411,-0.17298201
2022-10-26,14631.44615605,0.00140084,-0.17182350
2022-10-27,14581.09131159,-0.00344155,-0.17467371
2022-10-28,14574.08634277,-0.00048041,-0.17507021
2022-10-31,14546.63356545,-0.00188367,-0.17662410
2022-11-01,14604.95119899,0.00400901,-0.17332318
2022-11-02,14506.61986422,-0.00673274,-0.17888898
2022-11-03,14468.89271032,-0.00260069,-0.18102443
2022-11-04,14666.78025029,0.01367676,-0.16982350
2022-11-07,14647.82503133,-0.00129239,-0.17089641
2022-11-08,14826.93514702,0.01222776,-0.16075833
2022-11-09,14776.90022502,-0.00337460,-0.16359043
2022-11-10,15092.96956382,0.02138942,-0.14570012
2022-11-11,15166.00826209,0.00483925,-0.14156594
2022-11-14,15203.84105041,0.00249458,-0.13942451
2022-11-15,15224.87324700,0.00138335,-0.13823404
2022-11-16,15157.00006476,-0.00445805,-0.14207583
2022-11-17,15096.96073161,-0.00396116,-0.14547421
2022-11-18,15051.79667150,-0.00299160,-0.14803061
2022-11-21,15013.18332496,-0.00256536,-0.15021622
2022-11-22,15051.42166428,0.00254698,-0.14805183
2022-11-23,15093.03451983,0.00276471,-0.14569644
2022-11-25,15094.63382275,0.00010596,-0.14560592
2022-11-28,15006.68748632,-0.00582633,-0.15058390
2022-11-29,15017.90113034,0.00074724,-0.14994918
2022-11-30,15174.61823371,0.01043535,-0.14107860
2022-12-01,15307.52351096,0.00875839,-0.13355583
2022-12-02,15271.08490166,-0.00238044,-0.13561834
2022-12-05,15156.18903276,-0.00752375,-0.14212174
2022-12-06,15097.39706124,-0.00387907,-0.14544951
2022-12-07,15124.20381316,0.00177559,-0.14393218
2022-12-08,15163.91030231,0.00262536,-0.14168469
2022-12-09,15163.88326012,-0.00000178,-0.14168622
2022-12-12,15138.64900389,-0.00166410,-0.14311455
2022-12-13,15286.73550785,0.00978202,-0.13473248
2022-12-14,15255.49312594,-0.00204376,-0.13650088
2022-12-15,15073.67406069,-0.01191827,-0.14679229
2022-12-16,15078.58375096,0.00032571,-0.14651439
2022-12-19,15038.70608248,-0.00264466,-0.14877157
2022-12-20,15129.03709785,0.00600657,-0.14365860
2022-12-21,15198.82189743,0.00461264,-0.13970861
2022-12-22,15073.45741977,-0.00824830,-0.14680455
2022-12-23,15100.05526415,0.00176455,-0.14529905
2022-12-28,15083.03484533,-0.00112718,-0.14626245
2022-12-29,15168.18852906,0.00564566,-0.14144253
2022-12-30,15179.01868338,0.00071400,-0.14082952
2023-01-03,15225.92463435,0.00309018,-0.13817453
2023-01-04,15297.34626668,0.00469079,-0.13413188
2023-01-05,15206.13371242,-0.00596264,-0.13929474
2023-01-06,15368.25437990,0.01066153,-0.13011831
2023-01-09,15428.03036166,0.00388958,-0.12673484
2023-01-10,15420.65170807,-0.00047826,-0.12715249
2023-01-11,15512.46247185,0.00595375,-0.12195577
2023-01-12,15603.58391397,0.00587408,-0.11679807
2023-01-13,15665.95830267,0.00399744,-0.11326752
2023-01-17,15651.85196364,-0.00090045,-0.11406597
2023-01-18,15560.82828404,-0.00581552,-0.11921814
2023-01-19,15537.96378944,-0.00146936,-0.12051233
2023-01-20,15621.87923955,0.00540067,-0.11576250
2023-01-23,15756.79390768,0.00863626,-0.10812600
2023-01-24,15781.99999693,0.00159970,-0.10669927
2023-01-25,15762.22128882,-0.00125324,-0.10781879
2023-01-26,15793.10809873,0.00195955,-0.10607052
2023-01-27,15826.41348978,0.00210886,-0.10418535
2023-01-30,15756.98743418,-0.00438672,-0.10811504
2023-01-31,15824.15083929,0.00426245,-0.10431342
2023-02-01,15958.59634356,0.00849622,-0.09670347
2023-02-02,16089.26926751,0.00818825,-0.08930706
2023-02-03,16012.63150318,-0.00476328,-0.09364495
2023-02-06,15942.34615639,-0.00438937,-0.09762327
2023-02-07,16028.51390725,0.00540496,-0.09274596
2023-02-08,15981.72157404,-0.00291932,-0.09539453
2023-02-09,15920.66646812,-0.00382031,-0.09885040
2023-02-10,15888.89824861,-0.00199541,-0.10064856
2023-02-13,15957.07420729,0.00429079,-0.09678963
2023-02-14,15946.78249558,-0.00064496,-0.09737217
2023-02-15,15996.01853510,0.00308752,-0.09458528
2023-02-16,15936.15306576,-0.00374252,-0.09797382
2023-02-17,15847.99996448,-0.00553164,-0.10296350
2023-02-21,15669.67359663,-0.01125229,-0.11305722
2023-02-22,15647.95303226,-0.00138615,-0.11428666
2023-02-23,15701.42548445,0.00341722,-0.11125999
2023-02-24,15602.53815829,-0.00629798,-0.11685726
2023-02-27,15644.99684714,0.00272127,-0.11445399
2023-02-28,15617.50986817,-0.00175692,-0.11600982
2023-03-01,15629.54574558,0.00077067,-0.11532856
2023-03-02,15665.09119532,0.00227425,-0.11331660
2023-03-03,15820.22316642,0.00990304,-0.10453574
2023-03-06,15822.72330733,0.00015803,-0.10439423
2023-03-07,15685.83325321,-0.00865149,-0.11214255
2023-03-08,15697.56982732,0.00074823,-0.11147823
2023-03-09,15707.55097590,0.00063584,-0.11091327
2023-03-10,15716.86264904,0.00059282,-0.11038621
2023-03-13,15786.16064288,0.00440915,-0.10646377
2023-03-14,15832.64983192,0.00294493,-0.10383236
2023-03-15,15830.64278597,-0.00012677,-0.10394596
2023-03-16,15947.58483816,0.00738707,-0.09732675
2023-03-17,16098.57178722,0.00946770,-0.08878051
2023-03-20,16097.99507478,-0.00003582,-0.08881316
2023-03-21,16058.96325038,-0.00242464,-0.09102245
2023-03-22,16150.07472145,0.00567356,-0.08586532
2023-03-23,16244.03729508,0.00581809,-0.08054680
2023-03-24,16143.34187265,-0.00619892,-0.08624641
2023-03-27,16095.52738376,-0.00296187,-0.08895283
2023-03-28,16122.64840574,0.00168500,-0.08741771
2023-03-29,16168.29081974,0.00283095,-0.08483424
2023-03-30,16274.64748544,0.00657810,-0.07881419
2023-03-31,16294.05450299,0.00119247,-0.07771570
2023-04-03,16353.93771713,0.00367516,-0.07432616
2023-04-04,16392.63966935,0.00236652,-0.07213553
2023-04-05,16358.77552924,-0.00206581,-0.07405233
2023-04-06,16351.30173131,-0.00045687,-0.07447536
2023-04-11,16351.08910963,-0.00001300,-0.07448740
2023-04-12,16359.20325753,0.00049625,-0.07402812
2023-04-13,16458.76390859,0.00608591,-0.06839274
2023-04-14,16401.02497311,-0.00350810,-0.07166090
2023-04-17,16406.49658071,0.00033361,-0.07135120
2023-04-18,16428.40734650,0.00133549,-0.07011099
2023-04-19,16388.71560724,-0.00241604,-0.07235764
2023-04-20,16389.88157930,0.00007114,-0.07229165
2023-04-21,16346.38155101,-0.00265408,-0.07475386
2023-04-24,16342.43841997,-0.00024122,-0.07497705
2023-04-25,16316.41730712,-0.00159224,-0.07644991
2023-04-26,16284.48393751,-0.00195713,-0.07825742
2023-04-27,16334.13611727,0.00304905,-0.07544698
2023-04-28,16371.47450360,0.00228591,-0.07333353
2023-05-02,16396.37202317,0.00152079,-0.07192427
2023-05-03,16417.93603206,0.00131517,-0.07070370
2023-05-04,16394.52543773,-0.00142592,-0.07202879
2023-05-05,16406.83421796,0.00075079,-0.07133209
2023-05-09,16431.36703506,0.00149528,-0.06994347
2023-05-10,16453.13224268,0.00132461,-0.06871150
2023-05-11,16434.66961212,-0.00112213,-0.06975653
2023-05-12,16430.59206364,-0.00024811,-0.06998733
2023-05-15,16455.80835178,0.00153472,-0.06856003
2023-05-16,16402.73906953,-0.00322496,-0.07156388
2023-05-17,16415.98233575,0.00080738,-0.07081428
2023-05-18,16453.62289491,0.00229292,-0.06868373
2023-05-19,16493.61984943,0.00243089,-0.06641980
2023-05-22,16511.41123474,0.00107868,-0.06541276
2023-05-23,16467.49086128,-0.00266000,-0.06789877
2023-05-24,16371.89734996,-0.00580498,-0.07330960
2023-05-25,16426.97116882,0.00336392,-0.07019228
2023-05-26,16548.47519171,0.00739662,-0.06331485
2023-05-30,16563.18479587,0.00088888,-0.06248225
2023-05-31,16513.97519632,-0.00297102,-0.06526764
2023-06-01,16577.70231526,0.00385898,-0.06166052
2023-06-02,16632.10502064,0.00328168,-0.05858119
2023-06-05,16659.88812460,0.00167045,-0.05700860
2023-06-06,16665.52497779,0.00033835,-0.05668954
2023-06-07,16536.93146437,-0.00771614,-0.06396826
2023-06-08,16610.00187952,0.00441862,-0.05983229
2023-06-09,16619.54456456,0.00057451,-0.05929215
2023-06-12,16741.68554128,0.00734924,-0.05237866
2023-06-13,16754.82494631,0.00078483,-0.05163494
2023-06-14,16794.15223363,0.00234722,-0.04940892
2023-06-15,16869.50150146,0.00448664,-0.04514396
2023-06-16,16829.58481781,-0.00236620,-0.04740334
2023-06-20,16725.16129558,-0.00620476,-0.05331398
2023-06-21,16661.00574281,-0.00383587,-0.05694534
2023-06-22,16640.15601829,-0.00125141,-0.05812549
2023-06-23,16582.11379581,-0.00348808,-0.06141082
2023-06-26,16559.15528198,-0.00138453,-0.06271033
2023-06-27,16624.94570430,0.00397305,-0.05898643
2023-06-28,16679.90850782,0.00330604,-0.05587540
2023-06-29,16702.30667828,0.00134282,-0.05460760
2023-06-30,16813.11830582,0.00663451,-0.04833539
2023-07-03,16829.42240360,0.00096972,-0.04741254
2023-07-05,16764.79504366,-0.00384014,-0.05107061
2023-07-06,16672.38828378,-0.00551195,-0.05630106
2023-07-07,16673.65692331,0.00007609,-0.05622925
2023-07-10,16685.83477039,0.00073036,-0.05553996
2023-07-11,16711.50567258,0.00153848,-0.05408692
2023-07-12,16856.67293418,0.00868667,-0.04587009
2023-07-13,16904.30600422,0.00282577,-0.04317394
2023-07-14,16895.03081920,-0.00054869,-0.04369894
2023-07-17,16956.65974832,0.00364775,-0.04021058
2023-07-18,17078.75743866,0.00720057,-0.03329955
2023-07-19,17162.02227356,0.00487535,-0.02858655
2023-07-20,17051.91070465,-0.00641600,-0.03481914
2023-07-21,17035.83153422,-0.00094295,-0.03572926
2023-07-24,17034.15055149,-0.00009867,-0.03582441
2023-07-25,17101.67700793,0.00396418,-0.03200224
2023-07-26,17043.94339575,-0.00337590,-0.03527011
2023-07-27,17018.69317564,-0.00148148,-0.03669934
2023-07-28,17109.23731076,0.00532028,-0.03157431
2023-07-31,17128.11969274,0.00110364,-0.03050552
2023-08-01,17105.50201704,-0.00132050,-0.03178574
2023-08-02,16944.91120367,-0.00938825,-0.04087558
2023-08-03,16903.96513081,-0.00241642,-0.04319323
2023-08-04,16871.49929238,-0.00192060,-0.04503088
2023-08-07,16851.67125431,-0.00117524,-0.04615320
2023-08-08,16787.68491110,-0.00379703,-0.04977498
2023-08-09,16731.47025960,-0.00334856,-0.05295687
2023-08-10,16763.23176587,0.00189831,-0.05115909
2023-08-11,16693.68717925,-0.00414864,-0.05509549
2023-08-14,16761.81828107,0.00408125,-0.05123910
2023-08-15,16671.03089798,-0.00541632,-0.05637789
2023-08-16,16594.34674418,-0.00459984,-0.06071841
2023-08-17,16514.10890271,-0.00483525,-0.06526007
2023-08-18,16489.26017398,-0.00150470,-0.06666657
2023-08-21,16579.31995953,0.00546172,-0.06156896
2023-08-22,16609.38169631,0.00181321,-0.05986739
2023-08-23,16749.04937348,0.00840896,-0.05196185
2023-08-24,16659.62144707,-0.00533928,-0.05702370
2023-08-25,16696.36763637,0.00220570,-0.05494377
2023-08-29,16928.86972931,0.01392531,-0.04178357
2023-08-30,16962.03640616,0.00195918,-0.03990625
2023-08-31,17000.44007270,0.00226410,-0.03773251
2023-09-01,17037.40718687,0.00217448,-0.03564008
2023-09-05,17015.61858383,-0.00127887,-0.03687337
2023-09-06,16936.45504164,-0.00465240,-0.04135422
2023-09-07,16881.20377204,-0.00326227,-0.04448158
2023-09-08,16908.63128516,0.00162474,-0.04292911
2023-09-11,16930.84718076,0.00131388,-0.04167164
2023-09-12,16853.34106100,-0.00457781,-0.04605868
2023-09-13,16850.09817038,-0.00019242,-0.04624224
2023-09-14,16938.12601736,0.00522417,-0.04125964
2023-09-15,16884.13895091,-0.00318731,-0.04431544
2023-09-18,16915.38345329,0.00185052,-0.04254693
2023-09-19,16886.39083447,-0.00171398,-0.04418798
2023-09-20,16854.48287497,-0.00188957,-0.04599405
2023-09-21,16707.50965819,-0.00872013,-0.05431310
2023-09-22,16740.90335927,0.00199872,-0.05242294
2023-09-25,16712.68097301,-0.00168583,-0.05402039
2023-09-26,16587.17825458,-0.00750943,-0.06112416
2023-09-27,16534.71979320,-0.00316259,-0.06409344
2023-09-28,16541.69991687,0.00042215,-0.06369835
2023-09-29,16522.28178850,-0.00117389,-0.06479746
2023-10-02,16508.16914655,-0.00085416,-0.06559628
2023-10-03,16386.04497206,-0.00739780,-0.07250881
2023-10-04,16414.86938517,0.00175908,-0.07087728
2023-10-05,16414.79083938,-0.00000479,-0.07088172
2023-10-06,16520.20342503,0.00642180,-0.06491510
2023-10-09,16621.82606780,0.00615142,-0.05916301
2023-10-10,16690.62986852,0.00413936,-0.05526854
2023-10-11,16724.56985762,0.00203348,-0.05334745
2023-10-12,16761.78688584,0.00222529,-0.05124088
2023-10-13,16788.64992382,0.00160264,-0.04972036
2023-10-16,16829.24459599,0.00241798,-0.04742260
2023-10-17,16821.83803636,-0.00044010,-0.04784183
2023-10-18,16801.46021130,-0.00121139,-0.04899527
2023-10-19,16792.46290572,-0.00053551,-0.04950454
2023-10-20,16659.34499428,-0.00792724,-0.05703934
2023-10-23,16629.26823411,-0.00180540,-0.05874176
2023-10-24,16681.34475888,0.00313162,-0.05579410
2023-10-25,16641.78235068,-0.00237166,-0.05803343
2023-10-26,16529.60583960,-0.00674065,-0.06438290
2023-10-27,16566.60641011,0.00223844,-0.06228858
2023-10-30,16596.73289923,0.00181851,-0.06058334
2023-10-31,16631.79335640,0.00211249,-0.05859884
2023-11-01,16732.42781271,0.00605073,-0.05290267
2023-11-02,16913.48045093,0.01082046,-0.04265464
2023-11-03,16971.90364011,0.00345424,-0.03934774
2023-11-06,16971.97352886,0.00000412,-0.03934379
2023-11-07,17056.16659315,0.00496071,-0.03457825
2023-11-08,17051.63884059,-0.00026546,-0.03483453
2023-11-09,17074.41389336,0.00133565,-0.03354540
2023-11-10,17178.33791116,0.00608654,-0.02766304
2023-11-13,17186.21225525,0.00045839,-0.02721734
2023-11-14,17332.85675622,0.00853268,-0.01891689
2023-11-15,17368.89171320,0.00207900,-0.01687722
2023-11-16,17401.46994208,0.00187567,-0.01503321
2023-11-17,17419.93118993,0.00106090,-0.01398826
2023-11-20,17495.82082277,0.00435648,-0.00969272
2023-11-21,17462.88776724,-0.00188234,-0.01155681
2023-11-22,17522.50043772,0.00341368,-0.00818258
2023-11-24,17480.26905501,-0.00241012,-0.01057299
2023-11-27,17493.18925393,0.00073913,-0.00984167
2023-11-28,17519.14756730,0.00148391,-0.00837236
2023-11-29,17527.58772898,0.00048177,-0.00789463
2023-11-30,17531.99897391,0.00025167,-0.00764494
2023-12-01,17618.91706793,0.00495768,-0.00272516
2023-12-04,17450.20256893,-0.00957576,-0.01227482
2023-12-05,17464.20029327,0.00080215,-0.01148252
2023-12-06,17471.79437259,0.00043484,-0.01105267
2023-12-07,17529.51036179,0.00330338,-0.00778580
2023-12-08,17503.27488201,-0.00149665,-0.00927080
2023-12-11,17482.04585883,-0.00121286,-0.01047241
2023-12-12,17513.98892068,0.00182719,-0.00866436
2023-12-13,17692.56339270,0.01019611,0.00000000
2023-12-14,17717.70171207,0.00142084,0.00000000
2023-12-15,17702.50677513,-0.00085761,-0.00085761
2023-12-18,17760.93966743,0.00330083,0.00000000
2023-12-19,17803.84821644,0.00241589,0.00000000
2023-12-20,17765.61463690,-0.00214749,-0.00214749
2023-12-21,17820.41568550,0.00308467,0.00000000
2023-12-22,17843.20478921,0.00127882,0.00000000
2023-12-27,17938.07374269,0.00531681,0.00000000
2023-12-28,17934.68287915,-0.00018903,-0.00018903
2023-12-29,17917.97889568,-0.00093138,-0.00112023
2024-01-02,17820.15718215,-0.00545942,-0.00657354
2024-01-03,17700.88271757,-0.00669323,-0.01322277
2024-01-04,17682.94119646,-0.00101359,-0.01422296
2024-01-05,17658.52703957,-0.00138066,-0.01558399
2024-01-08,17696.42429303,0.00214612,-0.01347132
2024-01-09,17733.38654846,0.00208868,-0.01141077
2024-01-10,17757.16428655,0.00134085,-0.01008522
2024-01-11,17770.81353981,0.00076866,-0.00932431
2024-01-12,17861.71765879,0.00511536,-0.00425665
2024-01-16,17828.86518905,-0.00183927,-0.00608809
2024-01-17,17704.17876410,-0.00699351,-0.01303902
2024-01-18,17834.35423662,0.00735281,-0.00578209
2024-01-19,17954.87717223,0.00675791,0.00000000
2024-01-22,17982.12891685,0.00151779,0.00000000
2024-01-23,18020.24358392,0.00211959,0.00000000
2024-01-24,18019.08505096,-0.00006429,-0.00006429
2024-01-25,18066.68883974,0.00264185,0.00000000
2024-01-26,18031.58478060,-0.00194303,-0.00194303
2024-01-29,18112.43158225,0.00448362,0.00000000
2024-01-30,18123.96522285,0.00063678,0.00000000
2024-01-31,18011.32291156,-0.00621510,-0.00621510
2024-02-01,18099.81463900,0.00491312,-0.00133252
2024-02-02,18146.55732264,0.00258250,0.00000000
2024-02-05,18142.13859125,-0.00024350,-0.00024350
2024-02-06,18159.39551502,0.00095121,0.00000000
2024-02-07,18210.23939360,0.00279987,0.00000000
2024-02-08,18223.46698436,0.00072638,0.00000000
2024-02-09,18255.34425891,0.00174924,0.00000000
2024-02-12,18255.80657306,0.00002532,0.00000000
2024-02-13,18055.68924421,-0.01096185,-0.01096185
2024-02-14,18114.22988496,0.00324223,-0.00775516
2024-02-15,18178.44823735,0.00354519,-0.00423746
2024-02-16,18193.88023604,0.00084892,-0.00339214
2024-02-20,18141.72309641,-0.00286674,-0.00624916
2024-02-21,18122.83072124,-0.00104138,-0.00728403
2024-02-22,18300.11640182,0.00978245,0.00000000
2024-02-23,18335.10610498,0.00191199,0.00000000
2024-02-26,18319.02029321,-0.00087732,-0.00087732
2024-02-27,18307.86418153,-0.00060899,-0.00148578
2024-02-28,18310.69393909,0.00015457,-0.00133144
2024-02-29,18382.03376616,0.00389607,0.00000000
2024-03-01,18595.45054545,0.01161007,0.00000000
2024-03-04,18689.68424797,0.00506757,0.00000000
2024-03-05,18611.03687084,-0.00420806,-0.00420806
2024-03-06,18707.82384189,0.00520051,0.00000000
2024-03-07,18812.27914032,0.00558351,0.00000000
2024-03-08,18801.11242305,-0.00059359,-0.00059359
2024-03-11,18784.89757749,-0.00086244,-0.00145552
2024-03-12,18827.80129002,0.00228395,0.00000000
2024-03-13,18843.52603262,0.00083519,0.00000000
2024-03-14,18814.47194897,-0.00154186,-0.00154186
2024-03-15,18726.11412595,-0.00469627,-0.00623089
2024-03-18,18787.66162375,0.00328672,-0.00296465
2024-03-19,18803.19886112,0.00082699,-0.00214011
2024-03-20,18924.36271700,0.00644379,0.00000000
2024-03-21,19010.33160066,0.00454276,0.00000000
2024-03-22,18961.79612883,-0.00255311,-0.00255311
2024-03-25,18941.80549356,-0.00105426,-0.00360468
2024-03-26,18964.65913424,0.00120652,-0.00240251
2024-03-27,19022.62765313,0.00305666,0.00000000
2024-03-28,19114.52997110,0.00483121,0.00000000
2024-04-02,19234.39069845,0.00627066,0.00000000
2024-04-03,19308.81891345,0.00386954,0.00000000
2024-04-04,19231.48041139,-0.00400535,-0.00400535
2024-04-05,19348.74388073,0.00609747,0.00000000
2024-04-08,19396.55230617,0.00247088,0.00000000
2024-04-09,19417.82029192,0.00109648,0.00000000
2024-04-10,19329.96562992,-0.00452443,-0.00452443
2024-04-11,19530.21785084,0.01035968,0.00000000
2024-04-12,19407.69205721,-0.00627365,-0.00627365
2024-04-15,19463.08345433,0.00285410,-0.00343746
2024-04-16,19406.21593034,-0.00292181,-0.00634923
2024-04-17,19287.94162498,-0.00609466,-0.01240520
2024-04-18,19292.79595210,0.00025168,-0.01215664
2024-04-19,19232.57667927,-0.00312133,-0.01524003
2024-04-22,19113.59398114,-0.00618652,-0.02133227
2024-04-23,19172.26865311,0.00306979,-0.01832797
2024-04-24,19179.89245146,0.00039765,-0.01793761
2024-04-25,19146.68445110,-0.00173140,-0.01963795
2024-04-26,19282.81331179,0.00710979,-0.01266778
2024-04-29,19266.49780853,-0.00084612,-0.01350318
2024-04-30,19049.47200634,-0.01126441,-0.02461549
2024-05-01,19042.69961556,-0.00035552,-0.02496225
2024-05-02,19073.04312581,0.00159345,-0.02340858
2024-05-03,19184.13528091,0.00582456,-0.01772036
2024-05-07,19313.59138813,0.00674808,-0.01109186
2024-05-08,19311.80620338,-0.00009243,-0.01118327
2024-05-09,19440.76723362,0.00667783,-0.00458011
2024-05-10,19519.41593655,0.00404556,-0.00055309
2024-05-13,19442.29001003,-0.00395124,-0.00450214
2024-05-14,19520.33312287,0.00401409,-0.00050612
2024-05-15,19696.53468557,0.00902657,0.00000000
2024-05-16,19681.93907352,-0.00074102,-0.00074102
2024-05-17,19768.21061449,0.00438328,0.00000000
2024-05-20,19852.81118298,0.00427963,0.00000000
2024-05-21,19829.36592079,-0.00118095,-0.00118095
2024-05-22,19690.48087751,-0.00700401,-0.00817669
2024-05-23,19522.42321139,-0.00853497,-0.01664187
2024-05-24,19537.26523024,0.00076025,-0.01589427
2024-05-28,19609.86991815,0.00371622,-0.01223712
2024-05-29,19507.41912471,-0.00522445,-0.01739764
2024-05-30,19449.50854777,-0.00296864,-0.02031464
2024-05-31,19393.73664650,-0.00286752,-0.02312391
2024-06-03,19493.55779828,0.00514708,-0.01809584
2024-06-04,19423.40003863,-0.00359902,-0.02162974
2024-06-05,19616.36818921,0.00993483,-0.01190980
2024-06-06,19680.63884576,0.00327638,-0.00867244
2024-06-07,19449.12419703,-0.01176357,-0.02033400
2024-06-10,19509.33563845,0.00309584,-0.01730110
2024-06-11,19569.48029113,0.00308287,-0.01427158
2024-06-12,19680.71592313,0.00568414,-0.00866856
2024-06-13,19635.55616945,-0.00229462,-0.01094329
2024-06-14,19750.82231999,0.00587028,-0.00513725
2024-06-17,19765.49869154,0.00074308,-0.00439799
2024-06-18,19831.38201635,0.00333325,-0.00107940
2024-06-20,19912.10537002,0.00407049,0.00000000
2024-06-21,19783.16377101,-0.00647554,-0.00647554
2024-06-24,19752.95762084,-0.00152686,-0.00799251
2024-06-25,19758.05359719,0.00025799,-0.00773659
2024-06-26,19699.39037242,-0.00296908,-0.01068270
2024-06-27,19781.95097633,0.00419102,-0.00653645
2024-06-28,19805.32282746,0.00118147,-0.00536269
2024-07-01,19823.87613296,0.00093678,-0.00443093
2024-07-02,19834.41722528,0.00053174,-0.00390155
2024-07-03,19963.48097049,0.00650706,0.00000000
2024-07-05,20082.51108594,0.00596239,0.00000000
2024-07-08,20011.33967906,-0.00354395,-0.00354395
2024-07-09,20031.14591587,0.00098975,-0.00255771
2024-07-10,20103.61207067,0.00361767,0.00000000
2024-07-11,20158.19620974,0.00271514,0.00000000
2024-07-12,20192.92306177,0.00172272,0.00000000
2024-07-15,20228.06179239,0.00174015,0.00000000
2024-07-16,20377.08472045,0.00736714,0.00000000
2024-07-17,20196.66577189,-0.00885401,-0.00885401
2024-07-18,20124.69871154,-0.00356331,-0.01238578
2024-07-19,19929.12032129,-0.00971833,-0.02198373
2024-07-22,20007.76834686,0.00394639,-0.01812410
2024-07-23,20059.06893964,0.00256403,-0.01560654
2024-07-24,19845.92687147,-0.01062572,-0.02606643
2024-07-25,19695.22942688,-0.00759337,-0.03346187
2024-07-26,19821.23311938,0.00639768,-0.02727827
2024-07-29,19804.52517346,-0.00084293,-0.02809821
2024-07-30,19823.49443244,0.00095782,-0.02716730
2024-07-31,20131.99444172,0.01556234,-0.01202774
2024-08-01,19980.58070719,-0.00752105,-0.01945833
2024-08-02,19759.46078237,-0.01106674,-0.03030973
2024-08-05,19523.42701222,-0.01194535,-0.04189302
2024-08-06,19537.33867094,0.00071256,-0.04121031
2024-08-07,19553.61262379,0.00083297,-0.04041167
2024-08-08,19739.56383567,0.00950981,-0.03128617
2024-08-09,19780.36847036,0.00206715,-0.02928369
2024-08-12,19939.21152204,0.00803034,-0.02148851
2024-08-13,20030.44943188,0.00457580,-0.01701103
2024-08-14,20017.88641241,-0.00062720,-0.01762756
2024-08-15,20166.24561496,0.00741133,-0.01034687
2024-08-16,20338.02624912,0.00851823,-0.00191678
2024-08-19,20382.10284786,0.00216720,0.00000000
2024-08-20,20393.45343990,0.00055689,0.00000000
2024-08-21,20401.21875401,0.00038077,0.00000000
2024-08-22,20239.71031622,-0.00791661,-0.00791661
2024-08-23,20361.76409473,0.00603041,-0.00193394
2024-08-27,20377.31958223,0.00076396,-0.00117146
2024-08-28,20283.37433499,-0.00461028,-0.00577634
2024-08-29,20348.35455202,0.00320362,-0.00259123
2024-08-30,20313.00928958,-0.00173701,-0.00432374
2024-09-03,20161.03261069,-0.00748174,-0.01177313
2024-09-04,20103.14301338,-0.00287136,-0.01461068
2024-09-05,20134.79234103,0.00157435,-0.01305934
2024-09-06,19962.95869413,-0.00853417,-0.02148205
2024-09-09,20089.35781150,0.00633168,-0.01528639
2024-09-10,20165.12277405,0.00377140,-0.01157264
2024-09-11,20216.51004198,0.00254832,-0.00905381
2024-09-12,20452.14078008,0.01165536,0.00000000
2024-09-13,20577.57399610,0.00613301,0.00000000
2024-09-16,20539.53830004,-0.00184841,-0.00184841
2024-09-17,20534.61106262,-0.00023989,-0.00208785
2024-09-18,20414.12115135,-0.00586765,-0.00794325
2024-09-19,20659.49435814,0.01201978,0.00000000
2024-09-20,20720.96907144,0.00297562,0.00000000
2024-09-23,20734.86306934,0.00067053,0.00000000
2024-09-24,20869.95878744,0.00651539,0.00000000
2024-09-25,20880.46236687,0.00050329,0.00000000
2024-09-26,20952.00373350,0.00342623,0.00000000
2024-09-27,20881.45437743,-0.00336719,-0.00336719
2024-09-30,20802.12374116,-0.00379910,-0.00715349
2024-10-01,20847.71285442,0.00219156,-0.00497761
2024-10-02,20877.81489197,0.00144390,-0.00354089
2024-10-03,20918.53267420,0.00195029,-0.00159751
2024-10-04,20941.37091099,0.00109177,-0.00050748
2024-10-07,20927.64813062,-0.00065530,-0.00116245
2024-10-08,20902.36896879,-0.00120793,-0.00236897
2024-10-09,20922.72238574,0.00097374,-0.00139754
2024-10-10,20993.79132361,0.00339673,0.00000000
2024-10-11,21099.28953194,0.00502521,0.00000000
2024-10-14,21152.12361019,0.00250407,0.00000000
2024-10-15,21098.08241408,-0.00255488,-0.00255488
2024-10-16,21162.54338691,0.00305530,0.00000000
2024-10-17,21245.38182899,0.00391439,0.00000000
2024-10-18,21331.92873209,0.00407368,0.00000000
2024-10-21,21331.85000181,-0.00000369,-0.00000369
2024-10-22,21418.19591731,0.00404775,0.00000000
2024-10-23,21263.15783745,-0.00723862,-0.00723862
2024-10-24,21329.46185866,0.00311826,-0.00414293
2024-10-25,21381.73125443,0.00245057,-0.00170251
2024-10-28,21375.41455453,-0.00029543,-0.00199743
2024-10-29,21490.24205370,0.00537194,0.00000000
2024-10-30,21496.79410507,0.00030488,0.00000000
2024-10-31,21254.84974637,-0.01125490,-0.01125490
2024-11-01,21242.57614423,-0.00057745,-0.01182585
2024-11-04,21231.72890054,-0.00051064,-0.01233045
2024-11-05,21295.70082902,0.00301303,-0.00935457
2024-11-06,21221.10276726,-0.00350296,-0.01282477
2024-11-07,21419.38578133,0.00934367,-0.00360092
2024-11-08,21387.88626043,-0.00147061,-0.00506624
2024-11-11,21221.97623782,-0.00775720,-0.01278413
2024-11-12,21166.74442756,-0.00260258,-0.01535344
2024-11-13,21094.10652440,-0.00343170,-0.01873245
2024-11-14,21066.76971531,-0.00129595,-0.02000412
2024-11-15,20950.14237181,-0.00553608,-0.02542945
2024-11-18,21124.90206800,0.00834169,-0.01729988
2024-11-19,21207.26796541,0.00389900,-0.01346834
2024-11-20,21239.68242414,0.00152846,-0.01196047
2024-11-21,21399.83729505,0.00754036,-0.00451029
2024-11-22,21558.33844787,0.00740665,0.00000000
2024-11-25,21330.37714752,-0.01057416,-0.01057416
2024-11-26,21363.76888521,0.00156545,-0.00902526
2024-11-27,21296.06367433,-0.00316916,-0.01216582
2024-11-29,21421.16424942,0.00587435,-0.00636293
2024-12-02,21408.61878499,-0.00058566,-0.00694486
2024-12-03,21432.89540889,0.00113396,-0.00581877
2024-12-04,21500.22129002,0.00314124,-0.00269581
2024-12-05,21425.81384057,-0.00346078,-0.00614726
2024-12-06,21440.74242482,0.00069676,-0.00545478
2024-12-09,21488.28168131,0.00221724,-0.00324964
2024-12-10,21566.46302892,0.00363832,0.00000000
2024-12-11,21701.01999761,0.00623918,0.00000000
2024-12-12,21572.69866687,-0.00591315,-0.00591315
2024-12-13,21479.13465031,-0.00433715,-0.01022465
2024-12-16,21504.20653047,0.00116727,-0.00906932
2024-12-17,21443.46144009,-0.00282480,-0.01186850
2024-12-18,21212.20760992,-0.01078435,-0.02252486
2024-12-19,21157.85670295,-0.00256225,-0.02502939
2024-12-20,21293.88733948,0.00642932,-0.01876099
2024-12-23,21282.52726949,-0.00053349,-0.01928447
2024-12-24,21349.80171503,0.00316102,-0.01618441
2024-12-27,21310.25348216,-0.00185239,-0.01800683
2024-12-30,21238.44676186,-0.00336959,-0.02131574
2024-12-31,21287.34142398,0.00230218,-0.01906263
2025-01-02,21448.03105168,0.00754860,-0.01165793
2025-01-03,21410.32332970,-0.00175810,-0.01339553
2025-01-06,21463.32919520,0.00247572,-0.01095298
2025-01-07,21433.43803493,-0.00139266,-0.01233039
2025-01-08,21503.38580935,0.00326349,-0.00910714
2025-01-10,21527.91768815,0.00114084,-0.00797669
2025-01-13,21421.48505594,-0.00494394,-0.01288119
2025-01-14,21492.72799537,0.00332577,-0.00959826
2025-01-15,21652.67298389,0.00744182,-0.00222787
2025-01-16,21712.10467608,0.00274477,0.00000000
2025-01-17,21765.19760682,0.00244531,0.00000000
2025-01-21,21886.33654802,0.00556572,0.00000000
2025-01-22,22020.37348671,0.00612423,0.00000000
2025-01-23,22008.75631361,-0.00052756,-0.00052756
2025-01-24,22013.08256534,0.00019657,-0.00033110
2025-01-27,21742.03548049,-0.01231300,-0.01264002
2025-01-28,21907.44787447,0.00760795,-0.00512823
2025-01-29,21875.37116010,-0.00146419,-0.00658492
2025-01-30,22007.64302775,0.00604661,-0.00057812
2025-01-31,22061.25799143,0.00243620,0.00000000
2025-02-03,22005.69217195,-0.00251871,-0.00251871
2025-02-04,22132.32952298,0.00575475,0.00000000
2025-02-05,22214.81490527,0.00372692,0.00000000
2025-02-06,22272.16210816,0.00258148,0.00000000
2025-02-07,22249.69551647,-0.00100873,-0.00100873
2025-02-10,22456.83490811,0.00930976,0.00000000
2025-02-11,22418.81491039,-0.00169303,-0.00169303
2025-02-12,22398.06050043,-0.00092576,-0.00261722
2025-02-13,22536.38888727,0.00617591,0.00000000
2025-02-14,22406.38161725,-0.00576877,-0.00576877
2025-02-18,22582.85175340,0.00787589,0.00000000
2025-02-19,22599.76798419,0.00074907,0.00000000
2025-02-20,22552.59861977,-0.00208716,-0.00208716
2025-02-21,22462.79640860,-0.00398190,-0.00606075
2025-02-24,22421.91096924,-0.00182014,-0.00786986
2025-02-25,22206.74062343,-0.00959643,-0.01739077
2025-02-26,22299.94811589,0.00419726,-0.01326650
2025-02-27,22056.29370109,-0.01092623,-0.02404778
2025-02-28,22001.50088038,-0.00248423,-0.02647227
2025-03-03,22045.03347571,0.00197862,-0.02454603
2025-03-04,21972.36356003,-0.00329643,-0.02776154
2025-03-05,22002.68770768,0.00138010,-0.02641975
2025-03-06,21934.31205346,-0.00310760,-0.02944525
2025-03-07,21878.45442038,-0.00254659,-0.03191686
2025-03-10,21694.20372371,-0.00842156,-0.04006963
2025-03-11,21719.47354731,0.00116482,-0.03895148
2025-03-12,21815.81014297,0.00443549,-0.03468876
2025-03-13,21905.73114833,0.00412183,-0.03070991
2025-03-14,22033.95187663,0.00585330,-0.02503637
2025-03-17,22113.93531307,0.00363001,-0.02149724
2025-03-18,22185.62216606,0.00324170,-0.01832522
2025-03-19,22282.46021825,0.00436490,-0.01404031
2025-03-20,22262.23816866,-0.00090753,-0.01493510
2025-03-21,22184.42705575,-0.00349521,-0.01837811
2025-03-24,22241.67285899,0.00258045,-0.01584508
2025-03-25,22296.09952759,0.00244706,-0.01343680
2025-03-26,22236.91730423,-0.00265438,-0.01605550
2025-03-27,22309.86348765,0.00328041,-0.01282776
2025-03-28,22271.35942054,-0.00172588,-0.01453150
2025-03-31,22381.96176780,0.00496612,-0.00963754
2025-04-01,22434.27135226,0.00233713,-0.00732293
2025-04-02,22461.05490749,0.00119387,-0.00613781
2025-04-03,22099.73225878,-0.01608663,-0.02212570
2025-04-04,21626.36819446,-0.02141945,-0.04307123
2025-04-07,21374.87655821,-0.01162894,-0.05419929
2025-04-08,21508.55683124,0.00625408,-0.04828418
2025-04-09,21860.31109811,0.01635415,-0.03271967
2025-04-10,22159.25167972,0.01367504,-0.01949207
2025-04-11,22347.11892559,0.00847805,-0.01117928
2025-04-14,22394.65045326,0.00212696,-0.00907609
2025-04-15,22458.55172872,0.00285342,-0.00624857
2025-04-16,22675.94314973,0.00967967,0.00000000
2025-04-17,22578.30843408,-0.00430565,-0.00430565
2025-04-22,22698.00611371,0.00530145,0.00000000
2025-04-23,22631.06012627,-0.00294942,-0.00294942
2025-04-24,22851.81116466,0.00975434,0.00000000
2025-04-25,22793.44706985,-0.00255402,-0.00255402
2025-04-28,22913.24639395,0.00525587,0.00000000
2025-04-29,22852.84702518,-0.00263600,-0.00263600
2025-04-30,22799.23939605,-0.00234577,-0.00497559
2025-05-01,22727.04054528,-0.00316672,-0.00812656
2025-05-02,22805.94833861,0.00347198,-0.00468280
2025-05-06,23137.63310794,0.01454378,0.00000000
2025-05-07,23027.68611155,-0.00475187,-0.00475187
2025-05-08,22976.80626209,-0.00220951,-0.00695088
2025-05-09,23016.63717465,0.00173353,-0.00522940
2025-05-12,23049.12265578,0.00141139,-0.00382539
2025-05-13,23164.12134597,0.00498929,0.00000000
2025-05-14,23018.80430392,-0.00627337,-0.00627337
2025-05-15,23144.83258971,0.00547501,-0.00083270
2025-05-16,23105.64162996,-0.00169329,-0.00252458
2025-05-19,23162.48558056,0.00246018,-0.00007062
2025-05-20,23302.45804853,0.00604307,0.00000000
2025-05-21,23282.83088123,-0.00084228,-0.00084228
2025-05-22,23153.19820882,-0.00556774,-0.00640533
2025-05-23,23217.24011848,0.00276601,-0.00365704
2025-05-27,23235.51544462,0.00078714,-0.00287277
2025-05-28,23220.91631075,-0.00062831,-0.00349928
2025-05-29,23260.83616215,0.00171913,-0.00178616
2025-05-30,23213.17982412,-0.00204878,-0.00383128
2025-06-02,23391.10284584,0.00766474,0.00000000
2025-06-03,23513.68555694,0.00524057,0.00000000
2025-06-04,23524.49221024,0.00045959,0.00000000
2025-06-05,23523.24454620,-0.00005304,-0.00005304
2025-06-06,23582.83755033,0.00253337,0.00000000
2025-06-09,23593.79718890,0.00046473,0.00000000
2025-06-10,23638.69912498,0.00190312,0.00000000
2025-06-11,23659.26677021,0.00087008,0.00000000
2025-06-12,23648.35324218,-0.00046128,-0.00046128
2025-06-13,23575.35975218,-0.00308662,-0.00354648
2025-06-16,23660.07766532,0.00359349,0.00000000
2025-06-17,23630.72304012,-0.00124068,-0.00124068
2025-06-18,23660.28578285,0.00125103,0.00000000
2025-06-20,23600.90618423,-0.00250967,-0.00250967
2025-06-23,23612.83005080,0.00050523,-0.00200571
2025-06-24,23721.79499920,0.00461465,0.00000000
2025-06-25,23743.46063723,0.00091332,0.00000000
2025-06-26,23751.89865365,0.00035538,0.00000000
2025-06-27,23842.38818870,0.00380978,0.00000000
2025-06-30,23881.25031085,0.00162996,0.00000000
2025-07-01,23857.42504907,-0.00099766,-0.00099766
2025-07-02,24029.36193724,0.00720685,0.00000000
2025-07-03,24122.00570316,0.00385544,0.00000000
2025-07-07,24037.87233360,-0.00348783,-0.00348783
2025-07-08,24043.99510787,0.00025471,-0.00323400
2025-07-09,24123.17942385,0.00329331,0.00000000
2025-07-10,24157.35468403,0.00141670,0.00000000
2025-07-11,24176.89794745,0.00080900,0.00000000
2025-07-14,24182.85598501,0.00024644,0.00000000
2025-07-15,24244.28637893,0.00254025,0.00000000
2025-07-16,24208.65609893,-0.00146964,-0.00146964
2025-07-17,24359.10259865,0.00621457,0.00000000
2025-07-18,24368.42527768,0.00038272,0.00000000
2025-07-21,24467.32034887,0.00405833,0.00000000
2025-07-22,24420.72965768,-0.00190420,-0.00190420
2025-07-23,24422.81641830,0.00008545,-0.00181891
2025-07-24,24478.79098411,0.00229190,0.00000000
2025-07-25,24488.20070447,0.00038440,0.00000000
2025-07-28,24520.66117448,0.00132556,0.00000000
2025-07-29,24543.81494304,0.00094426,0.00000000
2025-07-30,24497.72348208,-0.00187793,-0.00187793
2025-07-31,24501.26962659,0.00014475,-0.00173344
2025-08-01,24297.66701705,-0.00830988,-0.01002892
2025-08-04,24512.18329914,0.00882868,-0.00128878
2025-08-05,24459.15112845,-0.00216350,-0.00344950
2025-08-06,24531.24019269,0.00294732,-0.00051234
2025-08-07,24569.79150949,0.00157152,0.00000000
2025-08-08,24641.55986864,0.00292100,0.00000000
2025-08-11,24532.19199333,-0.00443835,-0.00443835
2025-08-12,24602.56761039,0.00286870,-0.00158238
2025-08-13,24627.67286299,0.00102043,-0.00056356
2025-08-14,24581.46524211,-0.00187625,-0.00243875
2025-08-15,24549.95714633,-0.00128178,-0.00371741
2025-08-18,24562.55789571,0.00051327,-0.00320605
2025-08-19,24438.53537597,-0.00504925,-0.00823911
2025-08-20,24453.57825458,0.00061554,-0.00762864
2025-08-21,24430.23821882,-0.00095446,-0.00857582
2025-08-22,24614.41676920,0.00753896,-0.00110152
2025-08-26,24631.49988249,0.00069403,-0.00040825
2025-08-27,24706.67839708,0.00305213,0.00000000
2025-08-28,24791.42799130,0.00343023,0.00000000
2025-08-29,24756.54884975,-0.00140690,-0.00140690
2025-09-02,24857.73445363,0.00408723,0.00000000
2025-09-03,24974.78915634,0.00470899,0.00000000
2025-09-04,25013.77285038,0.00156092,0.00000000
2025-09-05,25075.91180110,0.00248419,0.00000000
2025-09-08,25240.53951913,0.00656517,0.00000000
2025-09-09,25229.76703330,-0.00042679,-0.00042679
2025-09-10,25375.89673255,0.00579196,0.00000000
2025-09-11,25425.12989724,0.00194015,0.00000000
2025-09-12,25440.02491942,0.00058584,0.00000000
2025-09-15,25579.94403858,0.00549996,0.00000000
2025-09-16,25543.92365076,-0.00140815,-0.00140815
2025-09-17,25457.31434691,-0.00339060,-0.00479398
2025-09-18,25609.14654709,0.00596419,0.00000000
2025-09-19,25768.69784789,0.00623025,0.00000000
2025-09-22,26004.06924541,0.00913400,0.00000000
2025-09-23,26001.05125498,-0.00011606,-0.00011606
2025-09-24,25887.76787738,-0.00435688,-0.00447243
2025-09-25,25916.54769107,0.00111171,-0.00336569
2025-09-26,25965.49803361,0.00188877,-0.00148328
2025-09-29,26155.79478221,0.00732883,0.00000000
2025-09-30,26234.48320073,0.00300845,0.00000000
2025-10-01,26335.02604640,0.00383247,0.00000000
2025-10-02,26405.99272707,0.00269476,0.00000000
2025-10-03,26402.54365809,-0.00013062,-0.00013062
2025-10-06,26463.98568082,0.00232713,0.00000000
2025-10-07,26411.09277269,-0.00199868,-0.00199868
2025-10-08,26555.61150322,0.00547190,0.00000000
2025-10-09,26570.32841340,0.00055419,0.00000000
2025-10-10,26216.42079014,-0.01331966,-0.01331966
2025-10-13,26378.64554580,0.00618791,-0.00721417
2025-10-14,26307.49334284,-0.00269734,-0.00989205
2025-10-15,26381.85272913,0.00282655,-0.00709346
2025-10-16,26375.30828497,-0.00024807,-0.00733977
2025-10-17,26330.26610556,-0.00170774,-0.00903498
2025-10-20,26497.29366274,0.00634356,-0.00274873
2025-10-21,26517.61548006,0.00076694,-0.00198390
2025-10-22,26433.96962440,-0.00315435,-0.00513199
2025-10-23,26554.13962096,0.00454604,-0.00060928
2025-10-24,29007.64101037,0.09239619,0.00000000
2025-10-27,26866.51623661,-0.07381244,-0.07381244
2025-10-28,26981.08105108,0.00426422,-0.06986297
2025-10-29,27061.92488952,0.00299632,-0.06707599
2025-10-30,26984.84081282,-0.00284843,-0.06973336
2025-10-31,26973.47377422,-0.00042124,-0.07012522
2025-11-03,26999.39880483,0.00096113,-0.06923149
2025-11-04,26676.70836465,-0.01195176,-0.08035582
2025-11-05,26758.68381284,0.00307292,-0.07752982
2025-11-06,26443.76800094,-0.01176873,-0.08838613
2025-11-07,26314.25890874,-0.00489753,-0.09285078
2025-11-10,26803.43948829,0.01858994,-0.07598693
2025-11-11,26783.62747195,-0.00073916,-0.07666992
2025-11-12,26941.22797488,0.00588421,-0.07123685
2025-11-13,26553.31985673,-0.01439831,-0.08460947
2025-11-14,26527.30872763,-0.00097958,-0.08550617
2025-11-17,26280.81697777,-0.00929200,-0.09400365
2025-11-18,26044.09403594,-0.00900744,-0.10216436
2025-11-19,26149.03275985,0.00402927,-0.09854673
2025-11-20,25892.91015227,-0.00979473,-0.10737622
2025-11-21,25809.22895233,-0.00323182,-0.11026102
2025-11-24,26197.68801417,0.01505117,-0.09686941
2025-11-25,26222.88334145,0.00096174,-0.09600083
2025-11-26,26455.43017699,0.00886809,-0.08798409
2025-11-28,26597.30553478,0.00536281,-0.08309312
2025-12-01,26616.22496054,0.00071133,-0.08244090
2025-12-02,26730.34285759,0.00428753,-0.07850684
2025-12-03,26700.68114894,-0.00110966,-0.07952939
2025-12-04,26745.44274497,0.00167642,-0.07798629
2025-12-05,26851.19451658,0.00395401,-0.07434064
2025-12-08,26906.71640308,0.00206776,-0.07242659
2025-12-09,26954.69062667,0.00178298,-0.07077275
2025-12-10,26976.89885794,0.00082391,-0.07000715
2025-12-11,26912.94039052,-0.00237086,-0.07221203
2025-12-12,26608.49707282,-0.01131215,-0.08270731
2025-12-15,26522.99970547,-0.00321316,-0.08565472
2025-12-16,26464.30196378,-0.00221309,-0.08767824
2025-12-17,26223.36395548,-0.00910426,-0.09598426
2025-12-18,26446.33970708,0.00850294,-0.08829747
2025-12-19,26692.79278662,0.00931899,-0.07980133
2025-12-22,26741.30881535,0.00181757,-0.07812880
2025-12-23,26806.08991224,0.00242251,-0.07589556
2025-12-24,26825.96829571,0.00074156,-0.07521028
2025-12-29,26798.98494827,-0.00100587,-0.07614049
2025-12-30,26798.40672172,-0.00002158,-0.07616043
2025-12-31,26685.67054059,-0.00420682,-0.08004686
2026-01-02,26664.96605717,-0.00077587,-0.08076062
2026-01-05,26759.90170585,0.00356031,-0.07748784
2026-01-06,26834.68969305,0.00279478,-0.07490962
2026-01-07,26882.66143825,0.00178768,-0.07325586
2026-01-08,26817.02589588,-0.00244156,-0.07551855
2026-01-09,26951.15823710,0.00500176,-0.07089452
2026-01-12,26954.84878582,0.00013693,-0.07076729
2026-01-13,26961.75673166,0.00025628,-0.07052915
2026-01-14,26857.31689325,-0.00387363,-0.07412958
2026-01-15,26997.78559473,0.00523018,-0.06928710
2026-01-16,26983.76414394,-0.00051936,-0.06977047
2026-01-20,26719.97071430,-0.00977601,-0.07886440
2026-01-21,26774.15830618,0.00202798,-0.07699636
2026-01-22,26857.25650414,0.00310367,-0.07413166
2026-01-23,26796.09937737,-0.00227712,-0.07623997
2026-01-26,26793.82473258,-0.00008489,-0.07631838
2026-01-27,26854.40762359,0.00226108,-0.07422987
2026-01-28,26850.56182934,-0.00014321,-0.07436245
2026-01-29,26711.49642432,-0.00517924,-0.07915654
2026-01-30,26715.35225798,0.00014435,-0.07902362
2026-02-02,26847.88871151,0.00496106,-0.07445460
2026-02-03,26701.61183245,-0.00544836,-0.07949730
2026-02-04,26604.82998078,-0.00362457,-0.08283373
2026-02-05,26520.62932987,-0.00316486,-0.08573643
2026-02-06,26728.98249671,0.00785627,-0.07855373
2026-02-09,26862.25264295,0.00498598,-0.07395942
2026-02-10,26871.48502292,0.00034369,-0.07364115
2026-02-11,26872.48750300,0.00003731,-0.07360659
2026-02-12,26695.50161841,-0.00658614,-0.07970794
2026-02-13,26697.69778729,0.00008227,-0.07963223
2026-02-17,26741.99884369,0.00165936,-0.07810501
2026-02-18,26865.55243490,0.00462021,-0.07384567
2026-02-19,26868.25885771,0.00010074,-0.07375237
2026-02-20,26900.01601893,0.00118196,-0.07265758
2026-02-23,26776.24050402,-0.00460132,-0.07692458
2026-02-24,26836.37946530,0.00224598,-0.07485137
2026-02-25,26988.52797634,0.00566949,-0.06960625
2026-02-26,26932.20522153,-0.00208691,-0.07154790
2026-02-27,26903.39556374,-0.00106971,-0.07254107
2026-03-02,26898.02739920,-0.00019953,-0.07272613
2026-03-03,26696.87205729,-0.00747844,-0.07966070
2026-03-04,26869.56443299,0.00646864,-0.07370736
2026-03-05,26806.51063515,-0.00234666,-0.07588105
2026-03-09,26589.85089191,-0.00808236,-0.08335011
2026-03-10,26735.16824647,0.00546514,-0.07834049
2026-03-11,26683.79057003,-0.00192173,-0.08011167
2026-03-12,26572.37034976,-0.00417558,-0.08395273
2026-03-13,26554.29143664,-0.00068037,-0.08457598
2026-03-16,26620.09007743,0.00247789,-0.08230766
2026-03-17,26667.11684008,0.00176659,-0.08068647
2026-03-18,26564.55181366,-0.00384612,-0.08422226
2026-03-19,26396.54777529,-0.00632437,-0.09001398
2026-03-20,26278.93318966,-0.00445568,-0.09406859
2026-03-23,26328.77494350,0.00189664,-0.09235036
2026-03-24,26324.13037243,-0.00017641,-0.09251047
2026-03-25,26414.89648940,0.00344802,-0.08938143
2026-03-26,26209.67405541,-0.00776919,-0.09645620
2026-03-27,26039.08259936,-0.00650872,-0.10233712
2026-03-30,26055.94337026,0.00064752,-0.10175587
2026-03-31,26229.06069934,0.00664406,-0.09578788
2026-04-01,26475.98910152,0.00941431,-0.08727535
2026-04-02,26522.42010680,0.00175370,-0.08567470
2026-04-07,26510.55036787,-0.00044754,-0.08608389
2026-04-08,26827.33839637,0.01194951,-0.07516304
2026-04-09,26869.69946215,0.00157903,-0.07370270
2026-04-10,26912.52596764,0.00159386,-0.07222632
2026-04-13,26971.27941809,0.00218313,-0.07020087
2026-04-14,27136.35121906,0.00612028,-0.06451024
2026-04-15,27232.84454625,0.00355587,-0.06118376
2026-04-16,27345.16184750,0.00412433,-0.05731177
2026-04-17,27536.53482139,0.00699842,-0.05071444
2026-04-20,27499.21176127,-0.00135540,-0.05200110
2026-04-21,27484.51890722,-0.00053430,-0.05250762
2026-04-22,27587.04454026,0.00373030,-0.04897318
2026-04-23,27563.51048898,-0.00085308,-0.04978449
2026-04-24,27645.09325633,0.00295981,-0.04697203
2026-04-27,27630.25638171,-0.00053669,-0.04748351
2026-04-28,27544.11991960,-0.00311747,-0.05045295
2026-04-29,27577.01692120,0.00119434,-0.04931887
2026-04-30,27613.21855132,0.00131275,-0.04807087
2026-05-01,27755.45313413,0.00515096,-0.04316752
2026-05-05,27868.62733193,0.00407755,-0.03926599
2026-05-06,28113.73707276,0.00879519,-0.03081615
2026-05-07,28112.85048005,-0.00003154,-0.03084672
2026-05-08,28240.34499126,0.00453510,-0.02645151
2026-05-11,28324.41778818,0.00297705,-0.02355322
2026-05-12,28245.62375464,-0.00278184,-0.02626954
2026-05-13,28388.97293310,0.00507509,-0.02132776
2026-05-14,28600.32624985,0.00744491,-0.01404164
2026-05-15,28517.22743994,-0.00290552,-0.01690636
2026-05-18,28367.98563579,-0.00523339,-0.02205127
2026-05-19,28297.55082242,-0.00248290,-0.02447942
2026-05-20,28469.08484171,0.00606180,-0.01856601
2026-05-21,28522.68483987,0.00188274,-0.01671822
2026-05-22,28667.93498348,0.00509244,-0.01171092
2026-05-26,28826.46351443,0.00552982,-0.00624585
2026-05-27,28811.15956638,-0.00053090,-0.00677344
2026-05-28,28910.13653420,0.00343537,-0.00336134
2026-05-29,29024.45124393,0.00395414,0.00000000
2026-06-01,29140.66850955,0.00400412,0.00000000
2026-06-02,29237.48448086,0.00332237,0.00000000
2026-06-03,29164.90791708,-0.00248231,-0.00248231
2026-06-04,29109.83427867,-0.00188835,-0.00436598
2026-06-05,28730.14284644,-0.01304341,-0.01735244
2026-06-08,28784.66479256,0.00189773,-0.01548764
2026-06-09,28518.82352822,-0.00923552,-0.02458012
2026-06-10,28401.35735586,-0.00411890,-0.02859778
2026-06-11,28583.47328033,0.00641223,-0.02236893
2026-06-12,28797.93235717,0.00750290,-0.01503386
2026-06-15,29101.25986904,0.01053296,-0.00465925
2026-06-16,28975.52436229,-0.00432062,-0.00895974
2026-06-17,28977.86338192,0.00008072,-0.00887973
2026-06-18,29184.76570654,0.00714001,-0.00180312
2026-06-22,29185.58391947,0.00002804,-0.00177514
2026-06-23,28895.78035023,-0.00992968,-0.01168719
2026-06-24,28939.59477027,0.00151629,-0.01018862
2026-06-25,28906.55384390,-0.00114172,-0.01131871
2026-06-26,28814.28554131,-0.00319195,-0.01447453
2026-06-29,28919.33182518,0.00364563,-0.01088167
2026-06-30,29135.85380338,0.00748710,-0.00347604
