Date;value;daily_return;drawdown
2014-01-02;10000,00000000;;0,00000000
2014-01-03;10000,00000000;0,00000000;0,00000000
2014-01-06;10000,00000000;0,00000000;0,00000000
2014-01-07;10000,00000000;0,00000000;0,00000000
2014-01-08;10000,00000000;0,00000000;0,00000000
2014-01-09;10000,00000000;0,00000000;0,00000000
2014-01-10;10000,00000000;0,00000000;0,00000000
2014-01-13;10000,00000000;0,00000000;0,00000000
2014-01-14;10000,00000000;0,00000000;0,00000000
2014-01-15;10000,00000000;0,00000000;0,00000000
2014-01-16;10000,00000000;0,00000000;0,00000000
2014-01-17;10000,00000000;0,00000000;0,00000000
2014-01-21;10000,00000000;0,00000000;0,00000000
2014-01-22;10000,00000000;0,00000000;0,00000000
2014-01-23;10000,00000000;0,00000000;0,00000000
2014-01-24;10000,00000000;0,00000000;0,00000000
2014-01-27;10000,00000000;0,00000000;0,00000000
2014-01-28;10000,00000000;0,00000000;0,00000000
2014-01-29;10000,00000000;0,00000000;0,00000000
2014-01-30;10000,00000000;0,00000000;0,00000000
2014-01-31;10000,00000000;0,00000000;0,00000000
2014-02-03;10000,00000000;0,00000000;0,00000000
2014-02-04;10000,00000000;0,00000000;0,00000000
2014-02-05;10000,00000000;0,00000000;0,00000000
2014-02-06;10000,00000000;0,00000000;0,00000000
2014-02-07;10000,00000000;0,00000000;0,00000000
2014-02-10;10000,00000000;0,00000000;0,00000000
2014-02-11;10000,00000000;0,00000000;0,00000000
2014-02-12;10000,00000000;0,00000000;0,00000000
2014-02-13;10000,00000000;0,00000000;0,00000000
2014-02-14;10000,00000000;0,00000000;0,00000000
2014-02-18;10000,00000000;0,00000000;0,00000000
2014-02-19;10000,00000000;0,00000000;0,00000000
2014-02-20;10000,00000000;0,00000000;0,00000000
2014-02-21;10000,00000000;0,00000000;0,00000000
2014-02-24;10000,00000000;0,00000000;0,00000000
2014-02-25;10000,00000000;0,00000000;0,00000000
2014-02-26;10000,00000000;0,00000000;0,00000000
2014-02-27;10000,00000000;0,00000000;0,00000000
2014-02-28;10000,00000000;0,00000000;0,00000000
2014-03-03;10000,00000000;0,00000000;0,00000000
2014-03-04;10000,00000000;0,00000000;0,00000000
2014-03-05;10000,00000000;0,00000000;0,00000000
2014-03-06;10000,00000000;0,00000000;0,00000000
2014-03-07;10000,00000000;0,00000000;0,00000000
2014-03-10;10000,00000000;0,00000000;0,00000000
2014-03-11;10000,00000000;0,00000000;0,00000000
2014-03-12;10000,00000000;0,00000000;0,00000000
2014-03-13;10000,00000000;0,00000000;0,00000000
2014-03-14;10000,00000000;0,00000000;0,00000000
2014-03-17;10000,00000000;0,00000000;0,00000000
2014-03-18;10000,00000000;0,00000000;0,00000000
2014-03-19;10000,00000000;0,00000000;0,00000000
2014-03-20;10000,00000000;0,00000000;0,00000000
2014-03-21;10000,00000000;0,00000000;0,00000000
2014-03-24;10000,00000000;0,00000000;0,00000000
2014-03-25;10000,00000000;0,00000000;0,00000000
2014-03-26;10000,00000000;0,00000000;0,00000000
2014-03-27;10000,00000000;0,00000000;0,00000000
2014-03-28;10000,00000000;0,00000000;0,00000000
2014-03-31;10000,00000000;0,00000000;0,00000000
2014-04-01;10000,00000000;0,00000000;0,00000000
2014-04-02;10000,00000000;0,00000000;0,00000000
2014-04-03;10000,00000000;0,00000000;0,00000000
2014-04-04;10000,00000000;0,00000000;0,00000000
2014-04-07;10000,00000000;0,00000000;0,00000000
2014-04-08;10000,00000000;0,00000000;0,00000000
2014-04-09;10000,00000000;0,00000000;0,00000000
2014-04-10;10000,00000000;0,00000000;0,00000000
2014-04-11;10000,00000000;0,00000000;0,00000000
2014-04-14;10000,00000000;0,00000000;0,00000000
2014-04-15;10000,00000000;0,00000000;0,00000000
2014-04-16;10000,00000000;0,00000000;0,00000000
2014-04-17;10000,00000000;0,00000000;0,00000000
2014-04-22;10000,00000000;0,00000000;0,00000000
2014-04-23;10000,00000000;0,00000000;0,00000000
2014-04-24;10000,00000000;0,00000000;0,00000000
2014-04-25;10000,00000000;0,00000000;0,00000000
2014-04-28;10000,00000000;0,00000000;0,00000000
2014-04-29;10000,00000000;0,00000000;0,00000000
2014-04-30;10000,00000000;0,00000000;0,00000000
2014-05-01;10000,00000000;0,00000000;0,00000000
2014-05-02;10000,00000000;0,00000000;0,00000000
2014-05-06;10000,00000000;0,00000000;0,00000000
2014-05-07;10000,00000000;0,00000000;0,00000000
2014-05-08;10000,00000000;0,00000000;0,00000000
2014-05-09;10000,00000000;0,00000000;0,00000000
2014-05-12;10000,00000000;0,00000000;0,00000000
2014-05-13;10000,00000000;0,00000000;0,00000000
2014-05-14;10000,00000000;0,00000000;0,00000000
2014-05-15;10000,00000000;0,00000000;0,00000000
2014-05-16;10000,00000000;0,00000000;0,00000000
2014-05-19;10000,00000000;0,00000000;0,00000000
2014-05-20;10000,00000000;0,00000000;0,00000000
2014-05-21;10000,00000000;0,00000000;0,00000000
2014-05-22;10000,00000000;0,00000000;0,00000000
2014-05-23;10000,00000000;0,00000000;0,00000000
2014-05-27;10000,00000000;0,00000000;0,00000000
2014-05-28;10000,00000000;0,00000000;0,00000000
2014-05-29;10000,00000000;0,00000000;0,00000000
2014-05-30;10000,00000000;0,00000000;0,00000000
2014-06-02;10000,00000000;0,00000000;0,00000000
2014-06-03;10000,00000000;0,00000000;0,00000000
2014-06-04;10000,00000000;0,00000000;0,00000000
2014-06-05;10000,00000000;0,00000000;0,00000000
2014-06-06;10000,00000000;0,00000000;0,00000000
2014-06-09;10000,00000000;0,00000000;0,00000000
2014-06-10;10000,00000000;0,00000000;0,00000000
2014-06-11;10000,00000000;0,00000000;0,00000000
2014-06-12;10000,00000000;0,00000000;0,00000000
2014-06-13;10000,00000000;0,00000000;0,00000000
2014-06-16;10000,00000000;0,00000000;0,00000000
2014-06-17;10000,00000000;0,00000000;0,00000000
2014-06-18;10000,00000000;0,00000000;0,00000000
2014-06-19;10000,00000000;0,00000000;0,00000000
2014-06-20;10000,00000000;0,00000000;0,00000000
2014-06-23;10000,00000000;0,00000000;0,00000000
2014-06-24;10000,00000000;0,00000000;0,00000000
2014-06-25;10000,00000000;0,00000000;0,00000000
2014-06-26;10000,00000000;0,00000000;0,00000000
2014-06-27;10000,00000000;0,00000000;0,00000000
2014-06-30;10000,00000000;0,00000000;0,00000000
2014-07-01;10000,00000000;0,00000000;0,00000000
2014-07-02;10000,00000000;0,00000000;0,00000000
2014-07-03;10000,00000000;0,00000000;0,00000000
2014-07-07;10000,00000000;0,00000000;0,00000000
2014-07-08;10000,00000000;0,00000000;0,00000000
2014-07-09;10000,00000000;0,00000000;0,00000000
2014-07-10;10000,00000000;0,00000000;0,00000000
2014-07-11;10000,00000000;0,00000000;0,00000000
2014-07-14;10000,00000000;0,00000000;0,00000000
2014-07-15;10000,00000000;0,00000000;0,00000000
2014-07-16;10000,00000000;0,00000000;0,00000000
2014-07-17;10000,00000000;0,00000000;0,00000000
2014-07-18;10000,00000000;0,00000000;0,00000000
2014-07-21;10000,00000000;0,00000000;0,00000000
2014-07-22;10000,00000000;0,00000000;0,00000000
2014-07-23;10000,00000000;0,00000000;0,00000000
2014-07-24;10000,00000000;0,00000000;0,00000000
2014-07-25;10000,00000000;0,00000000;0,00000000
2014-07-28;10000,00000000;0,00000000;0,00000000
2014-07-29;10000,00000000;0,00000000;0,00000000
2014-07-30;10000,00000000;0,00000000;0,00000000
2014-07-31;10000,00000000;0,00000000;0,00000000
2014-08-01;10000,00000000;0,00000000;0,00000000
2014-08-04;10000,00000000;0,00000000;0,00000000
2014-08-05;10000,00000000;0,00000000;0,00000000
2014-08-06;10000,00000000;0,00000000;0,00000000
2014-08-07;10000,00000000;0,00000000;0,00000000
2014-08-08;10000,00000000;0,00000000;0,00000000
2014-08-11;10000,00000000;0,00000000;0,00000000
2014-08-12;10000,00000000;0,00000000;0,00000000
2014-08-13;10000,00000000;0,00000000;0,00000000
2014-08-14;10000,00000000;0,00000000;0,00000000
2014-08-15;10000,00000000;0,00000000;0,00000000
2014-08-18;10000,00000000;0,00000000;0,00000000
2014-08-19;10000,00000000;0,00000000;0,00000000
2014-08-20;10000,00000000;0,00000000;0,00000000
2014-08-21;10000,00000000;0,00000000;0,00000000
2014-08-22;10000,00000000;0,00000000;0,00000000
2014-08-26;10000,00000000;0,00000000;0,00000000
2014-08-27;10000,00000000;0,00000000;0,00000000
2014-08-28;10000,00000000;0,00000000;0,00000000
2014-08-29;10000,00000000;0,00000000;0,00000000
2014-09-02;10000,00000000;0,00000000;0,00000000
2014-09-03;10000,00000000;0,00000000;0,00000000
2014-09-04;10000,00000000;0,00000000;0,00000000
2014-09-05;10000,00000000;0,00000000;0,00000000
2014-09-08;10000,00000000;0,00000000;0,00000000
2014-09-09;10000,00000000;0,00000000;0,00000000
2014-09-10;10000,00000000;0,00000000;0,00000000
2014-09-11;10000,00000000;0,00000000;0,00000000
2014-09-12;10000,00000000;0,00000000;0,00000000
2014-09-15;10000,00000000;0,00000000;0,00000000
2014-09-16;10000,00000000;0,00000000;0,00000000
2014-09-17;10000,00000000;0,00000000;0,00000000
2014-09-18;10000,00000000;0,00000000;0,00000000
2014-09-19;10000,00000000;0,00000000;0,00000000
2014-09-22;10000,00000000;0,00000000;0,00000000
2014-09-23;10000,00000000;0,00000000;0,00000000
2014-09-24;10000,00000000;0,00000000;0,00000000
2014-09-25;10000,00000000;0,00000000;0,00000000
2014-09-26;10000,00000000;0,00000000;0,00000000
2014-09-29;10000,00000000;0,00000000;0,00000000
2014-09-30;10000,00000000;0,00000000;0,00000000
2014-10-01;10000,00000000;0,00000000;0,00000000
2014-10-02;10000,00000000;0,00000000;0,00000000
2014-10-03;10000,00000000;0,00000000;0,00000000
2014-10-06;10000,00000000;0,00000000;0,00000000
2014-10-07;10000,00000000;0,00000000;0,00000000
2014-10-08;10000,00000000;0,00000000;0,00000000
2014-10-09;10000,00000000;0,00000000;0,00000000
2014-10-10;10000,00000000;0,00000000;0,00000000
2014-10-13;10000,00000000;0,00000000;0,00000000
2014-10-14;10000,00000000;0,00000000;0,00000000
2014-10-15;10000,00000000;0,00000000;0,00000000
2014-10-16;10000,00000000;0,00000000;0,00000000
2014-10-17;10000,00000000;0,00000000;0,00000000
2014-10-20;10000,00000000;0,00000000;0,00000000
2014-10-21;10000,00000000;0,00000000;0,00000000
2014-10-22;10000,00000000;0,00000000;0,00000000
2014-10-23;10000,00000000;0,00000000;0,00000000
2014-10-24;10000,00000000;0,00000000;0,00000000
2014-10-27;10000,00000000;0,00000000;0,00000000
2014-10-28;10000,00000000;0,00000000;0,00000000
2014-10-29;10000,00000000;0,00000000;0,00000000
2014-10-30;10000,00000000;0,00000000;0,00000000
2014-10-31;10000,00000000;0,00000000;0,00000000
2014-11-03;10000,00000000;0,00000000;0,00000000
2014-11-04;10000,00000000;0,00000000;0,00000000
2014-11-05;10000,00000000;0,00000000;0,00000000
2014-11-06;10000,00000000;0,00000000;0,00000000
2014-11-07;10000,00000000;0,00000000;0,00000000
2014-11-10;10000,00000000;0,00000000;0,00000000
2014-11-11;10000,00000000;0,00000000;0,00000000
2014-11-12;10000,00000000;0,00000000;0,00000000
2014-11-13;10000,00000000;0,00000000;0,00000000
2014-11-14;10000,00000000;0,00000000;0,00000000
2014-11-17;10000,00000000;0,00000000;0,00000000
2014-11-18;10000,00000000;0,00000000;0,00000000
2014-11-19;10000,00000000;0,00000000;0,00000000
2014-11-20;10000,00000000;0,00000000;0,00000000
2014-11-21;10000,00000000;0,00000000;0,00000000
2014-11-24;10000,00000000;0,00000000;0,00000000
2014-11-25;10000,00000000;0,00000000;0,00000000
2014-11-26;10000,00000000;0,00000000;0,00000000
2014-11-28;10000,00000000;0,00000000;0,00000000
2014-12-01;10000,00000000;0,00000000;0,00000000
2014-12-02;10000,00000000;0,00000000;0,00000000
2014-12-03;10000,00000000;0,00000000;0,00000000
2014-12-04;10000,00000000;0,00000000;0,00000000
2014-12-05;10000,00000000;0,00000000;0,00000000
2014-12-08;10000,00000000;0,00000000;0,00000000
2014-12-09;10000,00000000;0,00000000;0,00000000
2014-12-10;10000,00000000;0,00000000;0,00000000
2014-12-11;10000,00000000;0,00000000;0,00000000
2014-12-12;10000,00000000;0,00000000;0,00000000
2014-12-15;10000,00000000;0,00000000;0,00000000
2014-12-16;10000,00000000;0,00000000;0,00000000
2014-12-17;10000,00000000;0,00000000;0,00000000
2014-12-18;10000,00000000;0,00000000;0,00000000
2014-12-19;10000,00000000;0,00000000;0,00000000
2014-12-22;10000,00000000;0,00000000;0,00000000
2014-12-23;10000,00000000;0,00000000;0,00000000
2014-12-24;10000,00000000;0,00000000;0,00000000
2014-12-29;10000,00000000;0,00000000;0,00000000
2014-12-30;10000,00000000;0,00000000;0,00000000
2014-12-31;10000,00000000;0,00000000;0,00000000
2015-01-02;10000,00000000;0,00000000;0,00000000
2015-01-05;10000,00000000;0,00000000;0,00000000
2015-01-06;10000,00000000;0,00000000;0,00000000
2015-01-07;10000,00000000;0,00000000;0,00000000
2015-01-08;10000,00000000;0,00000000;0,00000000
2015-01-09;10000,00000000;0,00000000;0,00000000
2015-01-12;10000,00000000;0,00000000;0,00000000
2015-01-13;10000,00000000;0,00000000;0,00000000
2015-01-14;10000,00000000;0,00000000;0,00000000
2015-01-15;10000,00000000;0,00000000;0,00000000
2015-01-16;10000,00000000;0,00000000;0,00000000
2015-01-20;10000,00000000;0,00000000;0,00000000
2015-01-21;10000,00000000;0,00000000;0,00000000
2015-01-22;10000,00000000;0,00000000;0,00000000
2015-01-23;10000,00000000;0,00000000;0,00000000
2015-01-26;10000,00000000;0,00000000;0,00000000
2015-01-27;10000,00000000;0,00000000;0,00000000
2015-01-28;10000,00000000;0,00000000;0,00000000
2015-01-29;10000,00000000;0,00000000;0,00000000
2015-01-30;10000,00000000;0,00000000;0,00000000
2015-02-02;10000,00000000;0,00000000;0,00000000
2015-02-03;10000,00000000;0,00000000;0,00000000
2015-02-04;10000,00000000;0,00000000;0,00000000
2015-02-05;10000,00000000;0,00000000;0,00000000
2015-02-06;10000,00000000;0,00000000;0,00000000
2015-02-09;10000,00000000;0,00000000;0,00000000
2015-02-10;10000,00000000;0,00000000;0,00000000
2015-02-11;10000,00000000;0,00000000;0,00000000
2015-02-12;10000,00000000;0,00000000;0,00000000
2015-02-13;10000,00000000;0,00000000;0,00000000
2015-02-17;10000,00000000;0,00000000;0,00000000
2015-02-18;10000,00000000;0,00000000;0,00000000
2015-02-19;10000,00000000;0,00000000;0,00000000
2015-02-20;10000,00000000;0,00000000;0,00000000
2015-02-23;10000,00000000;0,00000000;0,00000000
2015-02-24;10000,00000000;0,00000000;0,00000000
2015-02-25;10000,00000000;0,00000000;0,00000000
2015-02-26;10000,00000000;0,00000000;0,00000000
2015-02-27;10000,00000000;0,00000000;0,00000000
2015-03-02;10000,00000000;0,00000000;0,00000000
2015-03-03;10000,00000000;0,00000000;0,00000000
2015-03-04;10000,00000000;0,00000000;0,00000000
2015-03-05;10000,00000000;0,00000000;0,00000000
2015-03-06;10000,00000000;0,00000000;0,00000000
2015-03-09;10000,00000000;0,00000000;0,00000000
2015-03-10;10000,00000000;0,00000000;0,00000000
2015-03-11;10000,00000000;0,00000000;0,00000000
2015-03-12;10000,00000000;0,00000000;0,00000000
2015-03-13;10000,00000000;0,00000000;0,00000000
2015-03-16;10000,00000000;0,00000000;0,00000000
2015-03-17;10000,00000000;0,00000000;0,00000000
2015-03-18;10000,00000000;0,00000000;0,00000000
2015-03-19;10000,00000000;0,00000000;0,00000000
2015-03-20;10000,00000000;0,00000000;0,00000000
2015-03-23;10000,00000000;0,00000000;0,00000000
2015-03-24;10000,00000000;0,00000000;0,00000000
2015-03-25;10000,00000000;0,00000000;0,00000000
2015-03-26;10000,00000000;0,00000000;0,00000000
2015-03-27;10000,00000000;0,00000000;0,00000000
2015-03-30;10000,00000000;0,00000000;0,00000000
2015-03-31;10000,00000000;0,00000000;0,00000000
2015-04-01;10000,00000000;0,00000000;0,00000000
2015-04-02;10000,00000000;0,00000000;0,00000000
2015-04-07;10000,00000000;0,00000000;0,00000000
2015-04-08;10000,00000000;0,00000000;0,00000000
2015-04-09;10000,00000000;0,00000000;0,00000000
2015-04-10;10000,00000000;0,00000000;0,00000000
2015-04-13;10000,00000000;0,00000000;0,00000000
2015-04-14;10000,00000000;0,00000000;0,00000000
2015-04-15;10000,00000000;0,00000000;0,00000000
2015-04-16;10000,00000000;0,00000000;0,00000000
2015-04-17;10000,00000000;0,00000000;0,00000000
2015-04-20;10000,00000000;0,00000000;0,00000000
2015-04-21;10000,00000000;0,00000000;0,00000000
2015-04-22;10000,00000000;0,00000000;0,00000000
2015-04-23;10000,00000000;0,00000000;0,00000000
2015-04-24;10000,00000000;0,00000000;0,00000000
2015-04-27;10000,00000000;0,00000000;0,00000000
2015-04-28;10000,00000000;0,00000000;0,00000000
2015-04-29;10000,00000000;0,00000000;0,00000000
2015-04-30;10000,00000000;0,00000000;0,00000000
2015-05-01;10000,00000000;0,00000000;0,00000000
2015-05-05;10000,00000000;0,00000000;0,00000000
2015-05-06;10000,00000000;0,00000000;0,00000000
2015-05-07;10000,00000000;0,00000000;0,00000000
2015-05-08;10000,00000000;0,00000000;0,00000000
2015-05-11;10000,00000000;0,00000000;0,00000000
2015-05-12;10000,00000000;0,00000000;0,00000000
2015-05-13;10000,00000000;0,00000000;0,00000000
2015-05-14;10000,00000000;0,00000000;0,00000000
2015-05-15;10000,00000000;0,00000000;0,00000000
2015-05-18;10000,00000000;0,00000000;0,00000000
2015-05-19;10000,00000000;0,00000000;0,00000000
2015-05-20;10000,00000000;0,00000000;0,00000000
2015-05-21;10000,00000000;0,00000000;0,00000000
2015-05-22;10000,00000000;0,00000000;0,00000000
2015-05-26;10000,00000000;0,00000000;0,00000000
2015-05-27;10000,00000000;0,00000000;0,00000000
2015-05-28;10000,00000000;0,00000000;0,00000000
2015-05-29;10000,00000000;0,00000000;0,00000000
2015-06-01;10000,00000000;0,00000000;0,00000000
2015-06-02;10000,00000000;0,00000000;0,00000000
2015-06-03;10000,00000000;0,00000000;0,00000000
2015-06-04;10000,00000000;0,00000000;0,00000000
2015-06-05;10000,00000000;0,00000000;0,00000000
2015-06-08;10000,00000000;0,00000000;0,00000000
2015-06-09;10000,00000000;0,00000000;0,00000000
2015-06-10;10000,00000000;0,00000000;0,00000000
2015-06-11;10000,00000000;0,00000000;0,00000000
2015-06-12;10000,00000000;0,00000000;0,00000000
2015-06-15;10000,00000000;0,00000000;0,00000000
2015-06-16;10000,00000000;0,00000000;0,00000000
2015-06-17;10000,00000000;0,00000000;0,00000000
2015-06-18;10000,00000000;0,00000000;0,00000000
2015-06-19;10000,00000000;0,00000000;0,00000000
2015-06-22;10000,00000000;0,00000000;0,00000000
2015-06-23;10000,00000000;0,00000000;0,00000000
2015-06-24;10000,00000000;0,00000000;0,00000000
2015-06-25;10000,00000000;0,00000000;0,00000000
2015-06-26;10000,00000000;0,00000000;0,00000000
2015-06-29;10000,00000000;0,00000000;0,00000000
2015-06-30;10000,00000000;0,00000000;0,00000000
2015-07-01;10000,00000000;0,00000000;0,00000000
2015-07-02;10000,00000000;0,00000000;0,00000000
2015-07-06;10000,00000000;0,00000000;0,00000000
2015-07-07;10000,00000000;0,00000000;0,00000000
2015-07-08;10000,00000000;0,00000000;0,00000000
2015-07-09;10000,00000000;0,00000000;0,00000000
2015-07-10;10000,00000000;0,00000000;0,00000000
2015-07-13;10000,00000000;0,00000000;0,00000000
2015-07-14;10000,00000000;0,00000000;0,00000000
2015-07-15;10000,00000000;0,00000000;0,00000000
2015-07-16;10000,00000000;0,00000000;0,00000000
2015-07-17;10000,00000000;0,00000000;0,00000000
2015-07-20;10000,00000000;0,00000000;0,00000000
2015-07-21;10000,00000000;0,00000000;0,00000000
2015-07-22;10000,00000000;0,00000000;0,00000000
2015-07-23;10000,00000000;0,00000000;0,00000000
2015-07-24;10000,00000000;0,00000000;0,00000000
2015-07-27;10000,00000000;0,00000000;0,00000000
2015-07-28;10000,00000000;0,00000000;0,00000000
2015-07-29;10000,00000000;0,00000000;0,00000000
2015-07-30;10000,00000000;0,00000000;0,00000000
2015-07-31;10000,00000000;0,00000000;0,00000000
2015-08-03;10000,00000000;0,00000000;0,00000000
2015-08-04;10000,00000000;0,00000000;0,00000000
2015-08-05;10000,00000000;0,00000000;0,00000000
2015-08-06;10000,00000000;0,00000000;0,00000000
2015-08-07;10000,00000000;0,00000000;0,00000000
2015-08-10;10000,00000000;0,00000000;0,00000000
2015-08-11;10000,00000000;0,00000000;0,00000000
2015-08-12;10000,00000000;0,00000000;0,00000000
2015-08-13;10000,00000000;0,00000000;0,00000000
2015-08-14;10000,00000000;0,00000000;0,00000000
2015-08-17;10000,00000000;0,00000000;0,00000000
2015-08-18;10000,00000000;0,00000000;0,00000000
2015-08-19;10000,00000000;0,00000000;0,00000000
2015-08-20;10000,00000000;0,00000000;0,00000000
2015-08-21;10000,00000000;0,00000000;0,00000000
2015-08-24;10000,00000000;0,00000000;0,00000000
2015-08-25;10000,00000000;0,00000000;0,00000000
2015-08-26;10000,00000000;0,00000000;0,00000000
2015-08-27;10000,00000000;0,00000000;0,00000000
2015-08-28;10000,00000000;0,00000000;0,00000000
2015-09-01;10000,00000000;0,00000000;0,00000000
2015-09-02;10000,00000000;0,00000000;0,00000000
2015-09-03;10000,00000000;0,00000000;0,00000000
2015-09-04;10000,00000000;0,00000000;0,00000000
2015-09-08;10000,00000000;0,00000000;0,00000000
2015-09-09;10000,00000000;0,00000000;0,00000000
2015-09-10;10000,00000000;0,00000000;0,00000000
2015-09-11;10000,00000000;0,00000000;0,00000000
2015-09-14;10000,00000000;0,00000000;0,00000000
2015-09-15;10000,00000000;0,00000000;0,00000000
2015-09-16;10000,00000000;0,00000000;0,00000000
2015-09-17;10000,00000000;0,00000000;0,00000000
2015-09-18;10000,00000000;0,00000000;0,00000000
2015-09-21;10000,00000000;0,00000000;0,00000000
2015-09-22;10000,00000000;0,00000000;0,00000000
2015-09-23;10000,00000000;0,00000000;0,00000000
2015-09-24;10000,00000000;0,00000000;0,00000000
2015-09-25;10000,00000000;0,00000000;0,00000000
2015-09-28;10000,00000000;0,00000000;0,00000000
2015-09-29;10000,00000000;0,00000000;0,00000000
2015-09-30;10000,00000000;0,00000000;0,00000000
2015-10-01;10000,00000000;0,00000000;0,00000000
2015-10-02;10000,00000000;0,00000000;0,00000000
2015-10-05;10000,00000000;0,00000000;0,00000000
2015-10-06;10000,00000000;0,00000000;0,00000000
2015-10-07;10000,00000000;0,00000000;0,00000000
2015-10-08;10000,00000000;0,00000000;0,00000000
2015-10-09;10000,00000000;0,00000000;0,00000000
2015-10-12;10000,00000000;0,00000000;0,00000000
2015-10-13;10000,00000000;0,00000000;0,00000000
2015-10-14;10000,00000000;0,00000000;0,00000000
2015-10-15;10000,00000000;0,00000000;0,00000000
2015-10-16;10000,00000000;0,00000000;0,00000000
2015-10-19;10000,00000000;0,00000000;0,00000000
2015-10-20;10000,00000000;0,00000000;0,00000000
2015-10-21;10000,00000000;0,00000000;0,00000000
2015-10-22;10000,00000000;0,00000000;0,00000000
2015-10-23;10000,00000000;0,00000000;0,00000000
2015-10-26;10000,00000000;0,00000000;0,00000000
2015-10-27;10000,00000000;0,00000000;0,00000000
2015-10-28;10000,00000000;0,00000000;0,00000000
2015-10-29;10000,00000000;0,00000000;0,00000000
2015-10-30;10000,00000000;0,00000000;0,00000000
2015-11-02;10000,00000000;0,00000000;0,00000000
2015-11-03;10000,00000000;0,00000000;0,00000000
2015-11-04;10000,00000000;0,00000000;0,00000000
2015-11-05;10000,00000000;0,00000000;0,00000000
2015-11-06;10000,00000000;0,00000000;0,00000000
2015-11-09;10000,00000000;0,00000000;0,00000000
2015-11-10;10000,00000000;0,00000000;0,00000000
2015-11-11;10000,00000000;0,00000000;0,00000000
2015-11-12;10000,00000000;0,00000000;0,00000000
2015-11-13;10000,00000000;0,00000000;0,00000000
2015-11-16;10000,00000000;0,00000000;0,00000000
2015-11-17;10000,00000000;0,00000000;0,00000000
2015-11-18;10000,00000000;0,00000000;0,00000000
2015-11-19;10000,00000000;0,00000000;0,00000000
2015-11-20;10000,00000000;0,00000000;0,00000000
2015-11-23;10000,00000000;0,00000000;0,00000000
2015-11-24;10000,00000000;0,00000000;0,00000000
2015-11-25;10000,00000000;0,00000000;0,00000000
2015-11-27;10000,00000000;0,00000000;0,00000000
2015-11-30;10000,00000000;0,00000000;0,00000000
2015-12-01;10000,00000000;0,00000000;0,00000000
2015-12-02;10000,00000000;0,00000000;0,00000000
2015-12-03;10000,00000000;0,00000000;0,00000000
2015-12-04;10000,00000000;0,00000000;0,00000000
2015-12-07;10000,00000000;0,00000000;0,00000000
2015-12-08;10000,00000000;0,00000000;0,00000000
2015-12-09;10000,00000000;0,00000000;0,00000000
2015-12-10;10000,00000000;0,00000000;0,00000000
2015-12-11;10000,00000000;0,00000000;0,00000000
2015-12-14;10000,00000000;0,00000000;0,00000000
2015-12-15;10000,00000000;0,00000000;0,00000000
2015-12-16;10000,00000000;0,00000000;0,00000000
2015-12-17;10000,00000000;0,00000000;0,00000000
2015-12-18;10000,00000000;0,00000000;0,00000000
2015-12-21;10000,00000000;0,00000000;0,00000000
2015-12-22;10000,00000000;0,00000000;0,00000000
2015-12-23;10000,00000000;0,00000000;0,00000000
2015-12-24;10000,00000000;0,00000000;0,00000000
2015-12-29;10000,00000000;0,00000000;0,00000000
2015-12-30;10000,00000000;0,00000000;0,00000000
2015-12-31;10000,00000000;0,00000000;0,00000000
2016-01-04;10000,00000000;0,00000000;0,00000000
2016-01-05;10030,13927974;0,00301393;0,00000000
2016-01-06;9941,49783767;-0,00883751;-0,00883751
2016-01-07;9737,41758475;-0,02052812;-0,02918421
2016-01-08;9638,36280678;-0,01017259;-0,03905992
2016-01-11;9623,74416170;-0,00151671;-0,04051740
2016-01-12;9744,33201312;0,01253024;-0,02849485
2016-01-13;9625,28030707;-0,01221753;-0,04036424
2016-01-14;9658,67424736;0,00346940;-0,03703488
2016-01-15;9473,33855718;-0,01918852;-0,05551276
2016-01-19;9566,14808110;0,00979692;-0,04625970
2016-01-20;9349,33166056;-0,02266497;-0,06787619
2016-01-21;9468,81769688;0,01278017;-0,05596349
2016-01-22;9643,74424025;0,01847396;-0,03852340
2016-01-25;9596,95004032;-0,00485229;-0,04318876
2016-01-26;9631,01352883;0,00354941;-0,03979264
2016-01-27;9582,92564409;-0,00499302;-0,04458698
2016-01-28;9563,39213776;-0,00203837;-0,04653446
2016-01-29;9844,44860232;0,02938878;-0,01851327
2016-02-01;9833,44228466;-0,00111802;-0,01961059
2016-02-02;9657,63654686;-0,01787835;-0,03713834
2016-02-03;9645,75822049;-0,00122994;-0,03832260
2016-02-04;9655,26128831;0,00098521;-0,03737515
2016-02-05;9384,41877150;-0,02805129;-0,06437802
2016-02-08;9248,99547948;-0,01443065;-0,07787966
2016-02-09;9206,23269111;-0,00462351;-0,08214309
2016-02-10;9220,49034326;0,00154870;-0,08072160
2016-02-11;9201,48522443;-0,00206118;-0,08261641
2016-02-12;9329,77257273;0,01394203;-0,06982622
2016-02-16;9496,07930994;0,01782538;-0,05324552
2016-02-17;9690,89626741;0,02051551;-0,03382236
2016-02-18;9652,88602976;-0,00392226;-0,03761197
2016-02-19;9660,01282222;0,00073831;-0,03690143
2016-02-22;9788,30322094;0,01328056;-0,02411094
2016-02-23;9633,87887732;-0,01577642;-0,03950697
2016-02-24;9707,53121172;0,00764514;-0,03216387
2016-02-25;9828,69380117;0,01248130;-0,02008402
2016-02-26;9802,55985627;-0,00265894;-0,02268956
2016-02-29;9733,65905578;-0,00702886;-0,02955893
2016-03-01;10023,50669142;0,02977787;-0,00066127
2016-03-02;10099,44247618;0,00757577;0,00000000
2016-03-03;10268,18821752;0,01670842;0,00000000
2016-03-04;10268,18821752;0,00000000;0,00000000
2016-03-07;10318,81153761;0,00493011;0,00000000
2016-03-08;10268,18821752;-0,00490593;-0,00490593
2016-03-09;10192,25243276;-0,00739525;-0,01226489
2016-03-10;10352,56149052;0,01572852;0,00000000
2016-03-11;10175,37826095;-0,01711492;-0,01711492
2016-03-14;10031,94417965;-0,01409619;-0,03096985
2016-03-15;10048,81835146;0,00168204;-0,02933990
2016-03-16;10259,75072930;0,02099076;-0,00896500
2016-03-17;10234,43906926;-0,00246708;-0,01140997
2016-03-18;10209,12740922;-0,00247318;-0,01385494
2016-03-21;10133,19162445;-0,00743803;-0,02118991
2016-03-22;10166,94077272;0,00333055;-0,01792993
2016-03-23;9922,25924661;-0,02406639;-0,04156481
2016-03-24;9913,82175839;-0,00085036;-0,04237982
2016-03-29;10107,87915977;0,01957443;-0,02363496
2016-03-30;9981,32005492;-0,01252084;-0,03585986
2016-03-31;10023,50669142;0,00422656;-0,03178487
2016-04-01;9964,44588311;-0,00589223;-0,03748981
2016-04-04;9923,62833601;-0,00409632;-0,04143256
2016-04-05;9996,19267196;0,00731228;-0,03442325
2016-04-06;9964,44588311;-0,00317589;-0,03748981
2016-04-07;10041,54516566;0,00773744;-0,03004245
2016-04-08;10032,47483993;-0,00090328;-0,03091859
2016-04-11;10105,03917587;0,00723294;-0,02390928
2016-04-12;10109,57455500;0,00044882;-0,02347119
2016-04-13;10050,61592391;-0,00583196;-0,02916627
2016-04-14;9973,51620884;-0,00767114;-0,03661367
2016-04-15;10009,79837682;0,00363785;-0,03310902
2016-04-18;9991,65729283;-0,00181233;-0,03486134
2016-04-19;10077,82776615;0,00862424;-0,02653775
2016-04-20;10050,61592391;-0,00270017;-0,02916627
2016-04-21;10073,29238703;0,00225623;-0,02697585
2016-04-22;10009,79837682;-0,00630320;-0,03310902
2016-04-25;10018,86913507;0,00090619;-0,03223283
2016-04-26;10046,08054479;0,00271602;-0,02960436
2016-04-27;10059,68668217;0,00135437;-0,02829008
2016-04-28;10154,92704870;0,00946753;-0,01909039
2016-04-29;10268,30893175;0,01116521;-0,00813833
2016-05-03;10241,09752203;-0,00265004;-0,01076680
2016-05-04;10213,88567979;-0,00265712;-0,01339531
2016-05-05;10204,81535406;-0,00088804;-0,01427146
2016-05-06;10250,16784776;0,00444422;-0,00989066
2016-05-09;10127,71563898;-0,01194636;-0,02171886
2016-05-10;10150,39210210;0,00223905;-0,01952844
2016-05-11;10200,27997493;0,00491487;-0,01470955
2016-05-12;10154,92704870;-0,00444624;-0,01909039
2016-05-13;10177,60351182;0,00223305;-0,01689997
2016-05-16;10186,67427007;0,00089125;-0,01602379
2016-05-17;10204,81535406;0,00178086;-0,01427146
2016-05-18;10100,50379675;-0,01022180;-0,02434737
2016-05-19;10091,43347101;-0,00089801;-0,02522352
2016-05-20;10077,82776615;-0,00134824;-0,02653775
2016-05-23;10073,29238703;-0,00045004;-0,02697585
2016-05-24;9978,05158797;-0,00945478;-0,03617558
2016-05-25;9964,44588311;-0,00136356;-0,03748981
2016-05-26;9941,76942000;-0,00227574;-0,03968023
2016-05-27;9905,48725202;-0,00364947;-0,04318489
2016-05-31;9923,62833601;0,00183142;-0,04143256
2016-06-01;9910,02219863;-0,00137108;-0,04274684
2016-06-02;9907,35092755;-0,00026955;-0,04300487
2016-06-03;9912,41412318;0,00051105;-0,04251579
2016-06-06;9916,57109273;0,00041937;-0,04211425
2016-06-07;9916,79222365;0,00002230;-0,04209289
2016-06-08;9919,38220943;0,00026117;-0,04184272
2016-06-09;9915,84893646;-0,00035620;-0,04218401
2016-06-10;9915,29796377;-0,00005556;-0,04223723
2016-06-13;9914,93579653;-0,00003653;-0,04227221
2016-06-14;9914,48770335;-0,00004519;-0,04231550
2016-06-15;9915,56340860;0,00010850;-0,04221159
2016-06-16;9915,96300612;0,00004030;-0,04217299
2016-06-17;9914,15592348;-0,00018224;-0,04234755
2016-06-20;9915,43032648;0,00012854;-0,04222445
2016-06-21;9913,43328482;-0,00020141;-0,04241735
2016-06-22;9913,17588116;-0,00002597;-0,04244221
2016-06-23;9913,93414867;0,00007649;-0,04236897
2016-06-24;9919,76145319;0,00058779;-0,04180608
2016-06-27;9918,52569128;-0,00012458;-0,04192545
2016-06-28;9919,55267249;0,00010354;-0,04182625
2016-06-29;9923,08924717;0,00035653;-0,04148464
2016-06-30;9928,34558398;0,00052971;-0,04097690
2016-07-01;9936,70580461;0,00084206;-0,04016935
2016-07-05;9938,00857834;0,00013111;-0,04004351
2016-07-06;9940,28831622;0,00022940;-0,03982330
2016-07-07;9940,46640497;0,00001792;-0,03980610
2016-07-08;9944,28439795;0,00038409;-0,03943730
2016-07-11;9944,82758296;0,00005462;-0,03938483
2016-07-12;9941,69445541;-0,00031505;-0,03968748
2016-07-13;9943,39209159;0,00017076;-0,03952349
2016-07-14;9942,36931585;-0,00010286;-0,03962229
2016-07-15;9942,41619554;0,00000472;-0,03961776
2016-07-18;9943,05979683;0,00006473;-0,03955559
2016-07-19;9943,98055590;0,00009260;-0,03946665
2016-07-20;9943,97904049;-0,00000015;-0,03946680
2016-07-21;9944,99491150;0,00010216;-0,03936867
2016-07-22;9945,59612903;0,00006045;-0,03931060
2016-07-25;9943,82987416;-0,00017759;-0,03948121
2016-07-26;9944,84574978;0,00010216;-0,03938308
2016-07-27;9948,61335813;0,00037885;-0,03901915
2016-07-28;9947,68608120;-0,00009321;-0,03910872
2016-07-29;9949,37726842;0,00017001;-0,03894536
2016-08-01;9950,77419406;0,00014040;-0,03881042
2016-08-02;9950,80890018;0,00000349;-0,03880707
2016-08-03;9948,25246348;-0,00025691;-0,03905401
2016-08-04;9951,49254343;0,00032569;-0,03874104
2016-08-05;9951,75271468;0,00002614;-0,03871590
2016-08-08;9951,92206311;0,00001702;-0,03869955
2016-08-09;9953,93554225;0,00020232;-0,03850505
2016-08-10;9953,91423964;-0,00000214;-0,03850711
2016-08-11;9954,56419487;0,00006530;-0,03844433
2016-08-12;9954,28387163;-0,00002816;-0,03847141
2016-08-15;9956,55040538;0,00022769;-0,03825247
2016-08-16;9954,69614575;-0,00018624;-0,03843158
2016-08-17;9953,59267688;-0,00011085;-0,03853817
2016-08-18;9955,91414436;0,00023323;-0,03831393
2016-08-19;9953,11825270;-0,00028083;-0,03858400
2016-08-22;9951,98329961;-0,00011403;-0,03869363
2016-08-23;9952,74950591;0,00007699;-0,03861962
2016-08-24;9951,92227028;-0,00008312;-0,03869953
2016-08-25;9949,88781645;-0,00020443;-0,03889604
2016-08-26;9950,12009063;0,00002334;-0,03887361
2016-08-30;9951,46772256;0,00013544;-0,03874343
2016-08-31;9950,08014752;-0,00013943;-0,03887746
2016-09-01;9949,17061570;-0,00009141;-0,03896532
2016-09-02;9954,65995917;0,00055174;-0,03843508
2016-09-06;9956,93960172;0,00022900;-0,03821488
2016-09-07;9955,54599596;-0,00013996;-0,03834949
2016-09-08;9954,06300488;-0,00014896;-0,03849274
2016-09-09;9951,36611818;-0,00027093;-0,03875325
2016-09-12;9946,99909769;-0,00043884;-0,03917508
2016-09-13;9947,66881240;0,00006733;-0,03911039
2016-09-14;9948,78405319;0,00011211;-0,03900266
2016-09-15;9950,36378119;0,00015879;-0,03885007
2016-09-16;9949,89426455;-0,00004719;-0,03889542
2016-09-19;9951,20916754;0,00013215;-0,03876841
2016-09-20;9952,19227596;0,00009879;-0,03867344
2016-09-21;9956,04748550;0,00038737;-0,03830105
2016-09-22;9960,01249386;0,00039825;-0,03791806
2016-09-23;9960,11108248;0,00000990;-0,03790853
2016-09-26;9957,59482037;-0,00025263;-0,03815159
2016-09-27;9955,75059629;-0,00018521;-0,03832973
2016-09-28;9955,67997559;-0,00000709;-0,03833655
2016-09-29;9955,54039991;-0,00001402;-0,03835003
2016-09-30;9957,58058428;0,00020493;-0,03815296
2016-10-03;9956,27567771;-0,00013105;-0,03827901
2016-10-04;9954,22743798;-0,00020572;-0,03847686
2016-10-05;9954,26051227;0,00000332;-0,03847366
2016-10-06;9953,60554405;-0,00006580;-0,03853693
2016-10-07;9955,41846159;0,00018214;-0,03836181
2016-10-10;9958,00076064;0,00025939;-0,03811238
2016-10-11;9953,98094315;-0,00040368;-0,03850067
2016-10-12;9956,36023209;0,00023903;-0,03827084
2016-10-13;9952,92932018;-0,00034459;-0,03860225
2016-10-14;9953,77491887;0,00008496;-0,03852057
2016-10-17;9953,19070749;-0,00005869;-0,03857700
2016-10-18;9954,34645255;0,00011612;-0,03846536
2016-10-19;9958,21960650;0,00038909;-0,03809124
2016-10-20;9955,04141326;-0,00031915;-0,03839823
2016-10-21;9955,86189049;0,00008242;-0,03831898
2016-10-24;9957,36312933;0,00015079;-0,03817397
2016-10-25;9958,14464418;0,00007849;-0,03809848
2016-10-26;9957,92227425;-0,00002233;-0,03811996
2016-10-27;9956,33701874;-0,00015920;-0,03827309
2016-10-28;9959,28648241;0,00029624;-0,03798818
2016-10-31;9960,61054523;0,00013295;-0,03786029
2016-11-01;9957,14181146;-0,00034825;-0,03819535
2016-11-02;9958,26629572;0,00011293;-0,03808673
2016-11-03;9954,03598292;-0,00042480;-0,03849535
2016-11-04;9955,08343572;0,00010523;-0,03839417
2016-11-07;9955,28704129;0,00002045;-0,03837451
2016-11-08;9958,05959377;0,00027850;-0,03810669
2016-11-09;9953,30524570;-0,00047744;-0,03856594
2016-11-10;9949,02998228;-0,00042953;-0,03897890
2016-11-11;9940,96196548;-0,00081094;-0,03975823
2016-11-14;9943,63895058;0,00026929;-0,03949965
2016-11-15;9949,43124764;0,00058251;-0,03894014
2016-11-16;9949,74423557;0,00003146;-0,03890991
2016-11-17;9952,35872139;0,00026277;-0,03865737
2016-11-18;9949,88731268;-0,00024832;-0,03889609
2016-11-21;9948,54143950;-0,00013527;-0,03902610
2016-11-22;9949,45155369;0,00009148;-0,03893818
2016-11-23;9946,03062082;-0,00034383;-0,03926863
2016-11-25;9948,44108323;0,00024235;-0,03903579
2016-11-28;9947,92812285;-0,00005156;-0,03908534
2016-11-29;9946,77033136;-0,00011639;-0,03919717
2016-11-30;9943,82967643;-0,00029564;-0,03948123
2016-12-01;9944,17276640;0,00003450;-0,03944808
2016-12-02;9942,11100332;-0,00020733;-0,03964724
2016-12-05;9943,00422650;0,00008984;-0,03956096
2016-12-06;9945,54247523;0,00025528;-0,03931578
2016-12-07;9950,05819519;0,00045404;-0,03887959
2016-12-08;9951,88916600;0,00018402;-0,03870272
2016-12-09;9951,73636878;-0,00001535;-0,03871748
2016-12-12;9948,79559872;-0,00029550;-0,03900154
2016-12-13;9952,79378716;0,00040188;-0,03861534
2016-12-14;9950,17433860;-0,00026319;-0,03886837
2016-12-15;9951,42787502;0,00012598;-0,03874728
2016-12-16;9948,05699480;-0,00033873;-0,03907289
2016-12-19;9952,59573212;0,00045624;-0,03863447
2016-12-20;9951,06110122;-0,00015419;-0,03878271
2016-12-21;9952,81762244;0,00017652;-0,03861304
2016-12-22;9950,25452769;-0,00025752;-0,03886062
2016-12-23;9951,35284111;0,00011038;-0,03875453
2016-12-28;9954,10150062;0,00027621;-0,03848902
2016-12-29;9957,37632343;0,00032899;-0,03817269
2016-12-30;9951,27284293;-0,00061296;-0,03876226
2017-01-03;9957,99484971;0,00067549;-0,03811295
2017-01-04;9959,85439678;0,00018674;-0,03793333
2017-01-05;9959,26413783;-0,00005926;-0,03799034
2017-01-06;9962,65084632;0,00034006;-0,03766320
2017-01-09;9965,32814563;0,00026873;-0,03740459
2017-01-10;9964,21683998;-0,00011152;-0,03751194
2017-01-11;9967,25010168;0,00030442;-0,03721894
2017-01-12;9966,51005671;-0,00007425;-0,03729043
2017-01-13;9968,79256548;0,00022902;-0,03706995
2017-01-17;9967,76384132;-0,00010319;-0,03716932
2017-01-18;9965,07592704;-0,00026966;-0,03742896
2017-01-19;9964,53820339;-0,00005396;-0,03748090
2017-01-20;9967,89949158;0,00033733;-0,03715621
2017-01-23;9964,94760430;-0,00029614;-0,03744135
2017-01-24;9965,31252907;0,00003662;-0,03740610
2017-01-25;9967,98144610;0,00026782;-0,03714830
2017-01-26;9968,34368846;0,00003634;-0,03711331
2017-01-27;9965,15810553;-0,00031957;-0,03742102
2017-01-30;9967,91932589;0,00027709;-0,03715430
2017-01-31;9966,71157170;-0,00012116;-0,03727096
2017-02-01;9967,47736050;0,00007683;-0,03719699
2017-02-02;9969,54387728;0,00020733;-0,03699738
2017-02-03;9970,06453652;0,00005222;-0,03694708
2017-02-06;9976,39854119;0,00063530;-0,03633525
2017-02-07;9976,17727084;-0,00002218;-0,03635663
2017-02-08;9976,78727645;0,00006115;-0,03629770
2017-02-09;9976,94424664;0,00001573;-0,03628254
2017-02-10;9976,31349208;-0,00006322;-0,03634347
2017-02-13;9976,56198046;0,00002491;-0,03631947
2017-02-14;9979,37063747;0,00028153;-0,03604817
2017-02-15;9979,34335209;-0,00000273;-0,03605080
2017-02-16;9980,14837382;0,00008067;-0,03597304
2017-02-17;9982,71521165;0,00025719;-0,03572510
2017-02-21;9981,74204975;-0,00009748;-0,03581910
2017-02-22;9982,21370122;0,00004725;-0,03577354
2017-02-23;9982,65252984;0,00004396;-0,03573115
2017-02-24;9984,04272179;0,00013926;-0,03559687
2017-02-27;9983,91853264;-0,00001244;-0,03560886
2017-02-28;9987,97364512;0,00040616;-0,03521716
2017-03-01;9988,67567265;0,00007029;-0,03514935
2017-03-02;9988,14459894;-0,00005317;-0,03520065
2017-03-03;9990,44138419;0,00022995;-0,03497879
2017-03-06;9992,36662218;0,00019271;-0,03479283
2017-03-07;9988,34157754;-0,00040281;-0,03518162
2017-03-08;9988,72998108;0,00003889;-0,03514411
2017-03-09;9988,56613877;-0,00001640;-0,03515993
2017-03-10;9991,58889409;0,00030262;-0,03486795
2017-03-13;9989,09162693;-0,00024994;-0,03510917
2017-03-14;9989,00866784;-0,00000830;-0,03511719
2017-03-15;9991,75633817;0,00027507;-0,03485178
2017-03-16;9993,57592540;0,00018211;-0,03467601
2017-03-17;9993,60239390;0,00000265;-0,03467346
2017-03-20;9991,65670941;-0,00019469;-0,03486140
2017-03-21;9991,04083376;-0,00006164;-0,03492089
2017-03-22;9991,10981838;0,00000690;-0,03491423
2017-03-23;9988,97382651;-0,00021379;-0,03512055
2017-03-24;9991,31681246;0,00023456;-0,03489423
2017-03-27;9990,32560105;-0,00009921;-0,03498998
2017-03-28;9991,93280802;0,00016088;-0,03483473
2017-03-29;9992,90003690;0,00009680;-0,03474130
2017-03-30;9992,91607177;0,00000160;-0,03473975
2017-03-31;9990,13477107;-0,00027833;-0,03500841
2017-04-03;9990,64249190;0,00005082;-0,03495937
2017-04-04;9991,09990576;0,00004578;-0,03491518
2017-04-05;9990,88871837;-0,00002114;-0,03493558
2017-04-06;9990,58179901;-0,00003072;-0,03496523
2017-04-07;9990,99454210;0,00004131;-0,03492536
2017-04-10;9990,87938609;-0,00001153;-0,03493648
2017-04-11;9991,67932199;0,00008007;-0,03485922
2017-04-12;9989,35892287;-0,00023223;-0,03508335
2017-04-13;9990,91181050;0,00015545;-0,03493335
2017-04-18;9991,84266788;0,00009317;-0,03484344
2017-04-19;9991,58348992;-0,00002594;-0,03486847
2017-04-20;9992,35178005;0,00007689;-0,03479426
2017-04-21;9992,48161818;0,00001299;-0,03478172
2017-04-24;9992,66869951;0,00001872;-0,03476365
2017-04-25;9993,30584976;0,00006376;-0,03470210
2017-04-26;9995,56051282;0,00022562;-0,03448431
2017-04-27;9992,86808361;-0,00026936;-0,03474439
2017-04-28;9997,09893519;0,00042339;-0,03433571
2017-05-02;9995,57191953;-0,00015275;-0,03448321
2017-05-03;9995,41961860;-0,00001524;-0,03449792
2017-05-04;9997,73747360;0,00023189;-0,03427403
2017-05-05;9995,91114502;-0,00018267;-0,03445044
2017-05-08;9998,50679152;0,00025967;-0,03419972
2017-05-09;9998,72493066;0,00002182;-0,03417865
2017-05-10;10001,11183672;0,00023872;-0,03394809
2017-05-11;10001,09194623;-0,00000199;-0,03395001
2017-05-12;9999,49832149;-0,00015935;-0,03410394
2017-05-15;10002,32254001;0,00028244;-0,03383114
2017-05-16;10002,95398359;0,00006313;-0,03377015
2017-05-17;10001,61063885;-0,00013429;-0,03389991
2017-05-18;10001,34224265;-0,00002684;-0,03392583
2017-05-19;10000,33456477;-0,00010075;-0,03402317
2017-05-22;10003,63976693;0,00033051;-0,03370390
2017-05-23;10004,00270665;0,00003628;-0,03366884
2017-05-24;10002,63489775;-0,00013673;-0,03380097
2017-05-25;10005,66855731;0,00030329;-0,03350793
2017-05-26;10008,80401541;0,00031337;-0,03320506
2017-05-30;10004,33223129;-0,00044679;-0,03363701
2017-05-31;10003,92256520;-0,00004095;-0,03367659
2017-06-01;10008,08639441;0,00041622;-0,03327438
2017-06-02;10009,54525835;0,00014577;-0,03313346
2017-06-05;10011,49432352;0,00019472;-0,03294520
2017-06-06;10011,13439926;-0,00003595;-0,03297996
2017-06-07;10013,95401913;0,00028165;-0,03270760
2017-06-08;10011,14085751;-0,00028092;-0,03297934
2017-06-09;10011,62245288;0,00004811;-0,03293282
2017-06-12;10008,26686392;-0,00033517;-0,03325695
2017-06-13;10011,46708077;0,00031976;-0,03294783
2017-06-14;10007,46819790;-0,00039943;-0,03333410
2017-06-15;10005,33498333;-0,00021316;-0,03354015
2017-06-16;10009,28337168;0,00039463;-0,03315876
2017-06-19;10009,66107069;0,00003773;-0,03312228
2017-06-20;10009,00802309;-0,00006524;-0,03318536
2017-06-21;10011,18317457;0,00021732;-0,03297525
2017-06-22;10014,35664265;0,00031699;-0,03266871
2017-06-23;10012,89997895;-0,00014546;-0,03280942
2017-06-26;10008,80374972;-0,00040910;-0,03320509
2017-06-27;10006,89635128;-0,00019057;-0,03338933
2017-06-28;10011,31992000;0,00044205;-0,03296204
2017-06-29;10004,64827810;-0,00066641;-0,03360649
2017-06-30;10005,85656469;0,00012077;-0,03348977
2017-07-03;10004,64598779;-0,00012099;-0,03360671
2017-07-05;10003,15341326;-0,00014919;-0,03375088
2017-07-06;10003,88537231;0,00007317;-0,03368018
2017-07-07;10005,40051004;0,00015145;-0,03353382
2017-07-10;10006,35382466;0,00009528;-0,03344174
2017-07-11;10006,48584101;0,00001319;-0,03342899
2017-07-12;10006,28731114;-0,00001984;-0,03344816
2017-07-13;10006,22130156;-0,00000660;-0,03345454
2017-07-14;10010,45056134;0,00042266;-0,03304602
2017-07-17;10008,90825162;-0,00015407;-0,03319500
2017-07-18;10009,34653286;0,00004379;-0,03315266
2017-07-19;10010,13094852;0,00007837;-0,03307689
2017-07-20;10011,04582908;0,00009140;-0,03298852
2017-07-21;10010,82096347;-0,00002246;-0,03301024
2017-07-24;10010,37042741;-0,00004500;-0,03305376
2017-07-25;10010,67128793;0,00003005;-0,03302470
2017-07-26;10013,02335134;0,00023496;-0,03279750
2017-07-27;10014,81349356;0,00017878;-0,03262458
2017-07-28;10011,86284028;-0,00029463;-0,03290960
2017-07-31;10011,18510435;-0,00006769;-0,03297506
2017-08-01;10014,28864090;0,00031001;-0,03267528
2017-08-02;10016,46636285;0,00021746;-0,03246492
2017-08-03;10017,04570592;0,00005784;-0,03240896
2017-08-04;10018,06927392;0,00010218;-0,03231009
2017-08-07;10018,73600435;0,00006655;-0,03224569
2017-08-08;10019,20578319;0,00004689;-0,03220031
2017-08-09;10018,15858801;-0,00010452;-0,03230146
2017-08-10;10016,02721710;-0,00021275;-0,03250734
2017-08-11;10018,18336105;0,00021527;-0,03229907
2017-08-14;10018,39187993;0,00002081;-0,03227893
2017-08-15;10021,43981141;0,00030423;-0,03198452
2017-08-16;10019,86565938;-0,00015708;-0,03213657
2017-08-17;10019,72575237;-0,00001396;-0,03215009
2017-08-18;10017,04733830;-0,00026731;-0,03240881
2017-08-21;10018,59260191;0,00015426;-0,03225954
2017-08-22;10023,12377132;0,00045228;-0,03182186
2017-08-23;10023,34971148;0,00002254;-0,03180003
2017-08-24;10023,00313849;-0,00003458;-0,03183351
2017-08-25;10020,55685636;-0,00024407;-0,03206981
2017-08-29;10022,52305253;0,00019622;-0,03187988
2017-08-30;10023,56548401;0,00010401;-0,03177919
2017-08-31;10027,16095029;0,00035870;-0,03143189
2017-09-01;10027,43540657;0,00002737;-0,03140538
2017-09-05;10021,52445102;-0,00058948;-0,03197634
2017-09-06;10025,59845811;0,00040653;-0,03158281
2017-09-07;10025,99806681;0,00003986;-0,03154421
2017-09-08;10022,63387033;-0,00033555;-0,03186918
2017-09-11;10024,54348779;0,00019053;-0,03168472
2017-09-12;10028,68872192;0,00041351;-0,03128431
2017-09-13;10028,93508202;0,00002457;-0,03126052
2017-09-14;10025,24077242;-0,00036837;-0,03161737
2017-09-15;10024,24444078;-0,00009938;-0,03171361
2017-09-18;10025,16404012;0,00009174;-0,03162478
2017-09-19;10029,86660646;0,00046908;-0,03117054
2017-09-20;10029,38327540;-0,00004819;-0,03121722
2017-09-21;10028,76029726;-0,00006212;-0,03127740
2017-09-22;10028,98299673;0,00002221;-0,03125589
2017-09-25;10027,99996990;-0,00009802;-0,03135084
2017-09-26;10028,58196444;0,00005804;-0,03129462
2017-09-27;10029,73100724;0,00011458;-0,03118363
2017-09-28;10027,64925736;-0,00020756;-0,03138472
2017-09-29;10033,18416639;0,00055196;-0,03085008
2017-10-02;10034,96410056;0,00017740;-0,03067815
2017-10-03;10035,57489066;0,00006087;-0,03061915
2017-10-04;10033,40463423;-0,00021626;-0,03082878
2017-10-05;10037,58967716;0,00041711;-0,03042453
2017-10-06;10036,18308971;-0,00014013;-0,03056040
2017-10-09;10035,92117300;-0,00002610;-0,03058570
2017-10-10;10035,54389200;-0,00003759;-0,03062214
2017-10-11;10036,11163017;0,00005657;-0,03056730
2017-10-12;10040,44480711;0,00043176;-0,03014874
2017-10-13;10040,15097826;-0,00002926;-0,03017712
2017-10-16;10038,54494486;-0,00015996;-0,03033226
2017-10-17;10041,24850473;0,00026932;-0,03007111
2017-10-18;10041,59075700;0,00003408;-0,03003805
2017-10-19;10041,05151974;-0,00005370;-0,03009013
2017-10-20;10044,04453756;0,00029808;-0,02980103
2017-10-23;10041,74950339;-0,00022850;-0,03002271
2017-10-24;10046,52275897;0,00047534;-0,02956164
2017-10-25;10044,35582353;-0,00021569;-0,02977096
2017-10-26;10045,77890147;0,00014168;-0,02963350
2017-10-27;10048,79664915;0,00030040;-0,02934200
2017-10-30;10046,16696279;-0,00026169;-0,02959601
2017-10-31;10048,46811581;0,00022906;-0,02937373
2017-11-01;10049,90630269;0,00014312;-0,02923481
2017-11-02;10049,16016667;-0,00007424;-0,02930688
2017-11-03;10049,83809786;0,00006746;-0,02924140
2017-11-06;10051,95848348;0,00021099;-0,02903658
2017-11-07;10051,86115907;-0,00000968;-0,02904598
2017-11-08;10052,68885292;0,00008234;-0,02896603
2017-11-09;10049,25244528;-0,00034184;-0,02929797
2017-11-10;10050,61251016;0,00013534;-0,02916660
2017-11-13;10051,24724197;0,00006315;-0,02910528
2017-11-14;10050,83712616;-0,00004080;-0,02914490
2017-11-15;10049,63761869;-0,00011934;-0,02926077
2017-11-16;10053,29293057;0,00036373;-0,02890768
2017-11-17;10050,32551499;-0,00029517;-0,02919432
2017-11-20;10052,70479864;0,00023674;-0,02896449
2017-11-21;10056,46644283;0,00037419;-0,02860114
2017-11-22;10055,93239445;-0,00005310;-0,02865272
2017-11-24;10054,36512917;-0,00015585;-0,02880411
2017-11-27;10054,14051939;-0,00002234;-0,02882581
2017-11-28;10059,83239837;0,00056612;-0,02827601
2017-11-29;10054,55071856;-0,00052503;-0,02878619
2017-11-30;10055,22117022;0,00006668;-0,02872143
2017-12-01;10054,57525414;-0,00006424;-0,02878382
2017-12-04;10055,53090167;0,00009505;-0,02869151
2017-12-05;10056,50102735;0,00009648;-0,02859780
2017-12-06;10055,85278402;-0,00006446;-0,02866041
2017-12-07;10057,35277537;0,00014917;-0,02851552
2017-12-08;10059,47377688;0,00021089;-0,02831065
2017-12-11;10059,65700193;0,00001821;-0,02829295
2017-12-12;10061,26475319;0,00015982;-0,02813765
2017-12-13;10060,09374318;-0,00011639;-0,02825076
2017-12-14;10060,32389135;0,00002288;-0,02822853
2017-12-15;10063,27362482;0,00029320;-0,02794360
2017-12-18;10065,38640558;0,00020995;-0,02773952
2017-12-19;10065,21515266;-0,00001701;-0,02775606
2017-12-20;10064,51459905;-0,00006960;-0,02782373
2017-12-21;10065,05221096;0,00005342;-0,02777180
2017-12-22;10066,90837528;0,00018442;-0,02759251
2017-12-27;10067,56212737;0,00006494;-0,02752936
2017-12-28;10067,38465233;-0,00001763;-0,02754650
2017-12-29;10064,85069749;-0,00025170;-0,02779127
2018-01-02;10066,27086219;0,00014110;-0,02765409
2018-01-03;10070,64793330;0,00043483;-0,02723129
2018-01-04;10074,24559269;0,00035724;-0,02688377
2018-01-05;10075,59602587;0,00013405;-0,02675333
2018-01-08;10077,34575761;0,00017366;-0,02658431
2018-01-09;10077,35016249;0,00000044;-0,02658389
2018-01-10;10076,85779785;-0,00004886;-0,02663145
2018-01-11;10077,01130213;0,00001523;-0,02661662
2018-01-12;10082,95643717;0,00058997;-0,02604235
2018-01-16;10080,27500018;-0,00026594;-0,02630136
2018-01-17;10082,12050970;0,00018308;-0,02612310
2018-01-18;10081,48126980;-0,00006340;-0,02618485
2018-01-19;10084,26599973;0,00027622;-0,02591586
2018-01-22;10086,31180074;0,00020287;-0,02571824
2018-01-23;10088,70412773;0,00023719;-0,02548716
2018-01-24;10088,78171110;0,00000769;-0,02547966
2018-01-25;10086,57921336;-0,00021831;-0,02569241
2018-01-26;10092,76583123;0,00061335;-0,02509482
2018-01-29;10089,19815313;-0,00035349;-0,02543944
2018-01-30;10086,36783807;-0,00028053;-0,02571283
2018-01-31;10088,41997747;0,00020346;-0,02551460
2018-02-01;10088,30994114;-0,00001091;-0,02552523
2018-02-02;10082,96898595;-0,00052942;-0,02604114
2018-02-05;10076,40680572;-0,00065082;-0,02667501
2018-02-06;10073,51822843;-0,00028667;-0,02695403
2018-02-07;10076,52159249;0,00029814;-0,02666392
2018-02-08;10067,09225435;-0,00093577;-0,02757474
2018-02-09;10070,11468916;0,00030023;-0,02728279
2018-02-12;10075,65139251;0,00054982;-0,02674798
2018-02-13;10076,23735612;0,00005816;-0,02669138
2018-02-14;10082,42565139;0,00061415;-0,02609362
2018-02-15;10086,37576580;0,00039178;-0,02571206
2018-02-16;10088,59040401;0,00021957;-0,02549814
2018-02-20;10086,09721590;-0,00024713;-0,02573897
2018-02-21;10084,02726499;-0,00020523;-0,02593892
2018-02-22;10086,13182040;0,00020870;-0,02573563
2018-02-23;10089,92138368;0,00037572;-0,02536958
2018-02-26;10092,12261440;0,00021816;-0,02515695
2018-02-27;10091,34845414;-0,00007671;-0,02523173
2018-02-28;10091,58861090;0,00002380;-0,02520853
2018-03-01;10088,45167017;-0,00031085;-0,02551154
2018-03-02;10089,04032717;0,00005835;-0,02545468
2018-03-05;10091,02620040;0,00019683;-0,02526286
2018-03-06;10093,80872602;0,00027574;-0,02499408
2018-03-07;10093,04055057;-0,00007610;-0,02506828
2018-03-08;10093,74922624;0,00007021;-0,02499983
2018-03-09;10099,14631745;0,00053470;-0,02447850
2018-03-12;10101,13688944;0,00019710;-0,02428622
2018-03-13;10098,67837806;-0,00024339;-0,02452370
2018-03-14;10097,99911786;-0,00006726;-0,02458931
2018-03-15;10096,02372614;-0,00019562;-0,02478012
2018-03-16;10097,62979221;0,00015908;-0,02462499
2018-03-19;10092,76910098;-0,00048137;-0,02509450
2018-03-20;10091,45057953;-0,00013064;-0,02522187
2018-03-21;10095,72502287;0,00042357;-0,02480898
2018-03-22;10090,65335514;-0,00050236;-0,02529887
2018-03-23;10089,07890474;-0,00015603;-0,02545096
2018-03-26;10091,30198395;0,00022035;-0,02523622
2018-03-27;10091,77598619;0,00004697;-0,02519043
2018-03-28;10087,72919526;-0,00040100;-0,02558133
2018-03-29;10093,99443277;0,00062108;-0,02497614
2018-04-03;10089,99778386;-0,00039594;-0,02536220
2018-04-04;10093,77394400;0,00037425;-0,02499744
2018-04-05;10098,16482445;0,00043501;-0,02457331
2018-04-06;10094,19157787;-0,00039346;-0,02495710
2018-04-09;10096,52697893;0,00023136;-0,02473151
2018-04-10;10099,48799272;0,00029327;-0,02444550
2018-04-11;10101,67042197;0,00021609;-0,02423469
2018-04-12;10101,07560339;-0,00005888;-0,02429214
2018-04-13;10101,65038538;0,00005690;-0,02423662
2018-04-16;10104,74991573;0,00030683;-0,02393722
2018-04-17;10108,62508177;0,00038350;-0,02356290
2018-04-18;10108,52041466;-0,00001035;-0,02357301
2018-04-19;10108,65394137;0,00001321;-0,02356012
2018-04-20;10106,04323020;-0,00025826;-0,02381230
2018-04-23;10105,41089384;-0,00006257;-0,02387338
2018-04-24;10104,95463772;-0,00004515;-0,02391745
2018-04-25;10103,08288086;-0,00018523;-0,02409825
2018-04-26;10106,89507835;0,00037733;-0,02373001
2018-04-27;10110,53657900;0,00036030;-0,02337826
2018-04-30;10107,93433338;-0,00025738;-0,02362963
2018-05-01;10108,54173236;0,00006009;-0,02357095
2018-05-02;10110,32460402;0,00017637;-0,02339874
2018-05-03;10109,94355592;-0,00003769;-0,02343555
2018-05-04;10116,94432136;0,00069246;-0,02275931
2018-05-08;10119,70928111;0,00027330;-0,02249223
2018-05-09;10120,58590331;0,00008663;-0,02240755
2018-05-10;10125,50995258;0,00048654;-0,02193192
2018-05-11;10125,14126849;-0,00003641;-0,02196753
2018-05-14;10124,59409325;-0,00005404;-0,02202039
2018-05-15;10122,12313622;-0,00024405;-0,02225907
2018-05-16;10123,78473956;0,00016416;-0,02209856
2018-05-17;10123,63628451;-0,00001466;-0,02211290
2018-05-18;10124,15010472;0,00005075;-0,02206327
2018-05-21;10126,58834994;0,00024083;-0,02182775
2018-05-22;10126,65849067;0,00000693;-0,02182098
2018-05-23;10127,83799049;0,00011647;-0,02170704
2018-05-24;10130,93025218;0,00030532;-0,02140835
2018-05-25;10132,07738956;0,00011323;-0,02129754
2018-05-29;10130,35180987;-0,00017031;-0,02146422
2018-05-30;10130,83890457;0,00004808;-0,02141717
2018-05-31;10132,48653596;0,00016264;-0,02125802
2018-06-01;10134,47310244;0,00019606;-0,02106613
2018-06-04;10137,27494906;0,00027647;-0,02079549
2018-06-05;10137,78827041;0,00005064;-0,02074590
2018-06-06;10137,64356536;-0,00001427;-0,02075988
2018-06-07;10138,07766536;0,00004282;-0,02071795
2018-06-08;10140,28695295;0,00021792;-0,02050454
2018-06-11;10142,69892513;0,00023786;-0,02027156
2018-06-12;10142,36260219;-0,00003316;-0,02030405
2018-06-13;10141,78006736;-0,00005744;-0,02036032
2018-06-14;10146,15112204;0,00043099;-0,01993810
2018-06-15;10142,36390046;-0,00037327;-0,02030392
2018-06-18;10141,17786294;-0,00011694;-0,02041849
2018-06-19;10142,13042663;0,00009393;-0,02032647
2018-06-20;10140,95412549;-0,00011598;-0,02044010
2018-06-21;10139,49438015;-0,00014395;-0,02058110
2018-06-22;10141,21698137;0,00016989;-0,02041471
2018-06-25;10138,32100005;-0,00028557;-0,02069444
2018-06-26;10137,31889212;-0,00009884;-0,02079124
2018-06-27;10138,22965918;0,00008984;-0,02070327
2018-06-28;10138,44515000;0,00002126;-0,02068245
2018-06-29;10141,87931425;0,00033873;-0,02035073
2018-07-02;10138,65952809;-0,00031747;-0,02066174
2018-07-03;10141,72467648;0,00030232;-0,02036567
2018-07-05;10143,49899506;0,00017495;-0,02019428
2018-07-06;10147,28713289;0,00037345;-0,01982836
2018-07-09;10149,93793807;0,00026123;-0,01957231
2018-07-10;10151,09303813;0,00011380;-0,01946073
2018-07-11;10148,01031959;-0,00030368;-0,01975851
2018-07-12;10151,04332448;0,00029888;-0,01946554
2018-07-13;10151,82625653;0,00007713;-0,01938991
2018-07-16;10152,36884222;0,00005345;-0,01933750
2018-07-17;10152,12785783;-0,00002374;-0,01936078
2018-07-18;10154,55765694;0,00023934;-0,01912607
2018-07-19;10154,99332268;0,00004290;-0,01908399
2018-07-20;10156,39559412;0,00013809;-0,01894854
2018-07-23;10154,72830574;-0,00016416;-0,01910959
2018-07-24;10158,19703330;0,00034159;-0,01877453
2018-07-25;10159,18991213;0,00009774;-0,01867862
2018-07-26;10158,22026509;-0,00009545;-0,01877228
2018-07-27;10158,63876738;0,00004120;-0,01873186
2018-07-30;10154,76634065;-0,00038120;-0,01910591
2018-07-31;10157,93931905;0,00031246;-0,01879942
2018-08-01;10158,01162498;0,00000712;-0,01879244
2018-08-02;10160,22056025;0,00021746;-0,01857907
2018-08-03;10160,97112603;0,00007387;-0,01850657
2018-08-06;10163,11795134;0,00021128;-0,01829919
2018-08-07;10165,04441623;0,00018955;-0,01811311
2018-08-08;10164,59987045;-0,00004373;-0,01815605
2018-08-09;10165,82824901;0,00012085;-0,01803740
2018-08-10;10166,94262336;0,00010962;-0,01792975
2018-08-13;10167,78306363;0,00008266;-0,01784857
2018-08-14;10166,33078756;-0,00014283;-0,01798885
2018-08-15;10167,00882460;0,00006669;-0,01792336
2018-08-16;10168,23353057;0,00012046;-0,01780506
2018-08-17;10169,34044819;0,00010886;-0,01769814
2018-08-20;10169,54714538;0,00002033;-0,01767817
2018-08-21;10170,42339523;0,00008616;-0,01759353
2018-08-22;10170,55055027;0,00001250;-0,01758125
2018-08-23;10174,16322340;0,00035521;-0,01723228
2018-08-24;10175,21914446;0,00010378;-0,01713029
2018-08-28;10177,96689412;0,00027004;-0,01686487
2018-08-29;10176,99134739;-0,00009585;-0,01695910
2018-08-30;10180,76951972;0,00037125;-0,01659415
2018-08-31;10179,45402467;-0,00012921;-0,01672122
2018-09-04;10180,65644659;0,00011812;-0,01660507
2018-09-05;10177,56759517;-0,00030340;-0,01690344
2018-09-06;10178,62411930;0,00010381;-0,01680138
2018-09-07;10180,54024369;0,00018825;-0,01661630
2018-09-10;10180,45490754;-0,00000838;-0,01662454
2018-09-11;10182,29023270;0,00018028;-0,01644726
2018-09-12;10182,19923812;-0,00000894;-0,01645605
2018-09-13;10182,83545943;0,00006248;-0,01639459
2018-09-14;10184,36706212;0,00015041;-0,01624665
2018-09-17;10185,10826032;0,00007278;-0,01617505
2018-09-18;10185,90164401;0,00007790;-0,01609842
2018-09-19;10185,87904462;-0,00000222;-0,01610060
2018-09-20;10188,98713127;0,00030514;-0,01580038
2018-09-21;10190,12829883;0,00011200;-0,01569015
2018-09-24;10190,78683889;0,00006463;-0,01562653
2018-09-25;10190,80147536;0,00000144;-0,01562512
2018-09-26;10190,45370261;-0,00003413;-0,01565871
2018-09-27;10193,46902840;0,00029590;-0,01536745
2018-09-28;10193,86982522;0,00003932;-0,01532873
2018-10-01;10195,19498038;0,00013000;-0,01520073
2018-10-02;10196,32221985;0,00011057;-0,01509185
2018-10-03;10196,60863438;0,00002809;-0,01506418
2018-10-04;10196,17404643;-0,00004262;-0,01510616
2018-10-05;10195,31706157;-0,00008405;-0,01518894
2018-10-08;10194,04003586;-0,00012526;-0,01531229
2018-10-09;10193,24226235;-0,00007826;-0,01538935
2018-10-10;10189,86460978;-0,00033136;-0,01571562
2018-10-11;10187,76781169;-0,00020577;-0,01591816
2018-10-12;10190,27631888;0,00024623;-0,01567585
2018-10-15;10190,57400914;0,00002921;-0,01564709
2018-10-16;10194,26731476;0,00036242;-0,01529034
2018-10-17;10194,34577571;0,00000770;-0,01528276
2018-10-18;10192,80822548;-0,00015082;-0,01543128
2018-10-19;10194,09279016;0,00012603;-0,01530720
2018-10-22;10196,64885990;0,00025074;-0,01506030
2018-10-23;10194,78484256;-0,00018281;-0,01524035
2018-10-24;10192,78059879;-0,00019660;-0,01543395
2018-10-25;10196,73598294;0,00038806;-0,01505188
2018-10-26;10194,93670385;-0,00017646;-0,01522568
2018-10-29;10194,64927913;-0,00002819;-0,01525344
2018-10-30;10195,73907903;0,00010690;-0,01514817
2018-10-31;10199,77349908;0,00039570;-0,01475847
2018-11-01;10201,79226544;0,00019792;-0,01456347
2018-11-02;10200,50155974;-0,00012652;-0,01468815
2018-11-05;10201,21732391;0,00007017;-0,01461901
2018-11-06;10201,61184700;0,00003867;-0,01458090
2018-11-07;10205,83495852;0,00041397;-0,01417297
2018-11-08;10207,56016525;0,00016904;-0,01400632
2018-11-09;10208,31170580;0,00007363;-0,01393373
2018-11-12;10204,14807511;-0,00040787;-0,01433591
2018-11-13;10204,57696513;0,00004203;-0,01429448
2018-11-14;10201,72244932;-0,00027973;-0,01457021
2018-11-15;10208,21888753;0,00063680;-0,01394269
2018-11-16;10209,53995546;0,00012941;-0,01381509
2018-11-19;10204,85683537;-0,00045870;-0,01426745
2018-11-20;10204,02181837;-0,00008183;-0,01434811
2018-11-21;10207,89353107;0,00037943;-0,01397412
2018-11-23;10206,32556737;-0,00015360;-0,01412558
2018-11-26;10209,66939689;0,00032762;-0,01380258
2018-11-27;10210,36918031;0,00006854;-0,01373499
2018-11-28;10214,35644465;0,00039051;-0,01334984
2018-11-29;10215,80378926;0,00014170;-0,01321004
2018-11-30;10217,59450030;0,00017529;-0,01303706
2018-12-03;10220,67273825;0,00030127;-0,01273972
2018-12-04;10218,53100915;-0,00020955;-0,01294660
2018-12-06;10215,89131636;-0,00025832;-0,01320158
2018-12-07;10215,71525464;-0,00001723;-0,01321859
2018-12-10;10217,12067447;0,00013757;-0,01308283
2018-12-11;10218,04140744;0,00009012;-0,01299389
2018-12-12;10220,93506277;0,00028319;-0,01271438
2018-12-13;10221,66188010;0,00007111;-0,01264418
2018-12-14;10220,35075552;-0,00012827;-0,01277082
2018-12-17;10218,94061517;-0,00013797;-0,01290704
2018-12-18;10218,12678044;-0,00007964;-0,01298565
2018-12-19;10215,97737101;-0,00021035;-0,01319327
2018-12-20;10214,62648775;-0,00013223;-0,01332376
2018-12-21;10214,28941298;-0,00003300;-0,01335632
2018-12-24;10211,63740461;-0,00025964;-0,01361248
2018-12-27;10218,77031742;0,00069851;-0,01292348
2018-12-28;10221,31224466;0,00024875;-0,01267795
2018-12-31;10223,23600217;0,00018821;-0,01249212
2019-01-02;10222,95983315;-0,00002701;-0,01251880
2019-01-03;10226,31539950;0,00032824;-0,01219467
2019-01-04;10227,43253987;0,00010924;-0,01208676
2019-01-07;10227,43253987;0,00000000;-0,01208676
2019-01-08;10227,43253987;0,00000000;-0,01208676
2019-01-09;10227,43253987;0,00000000;-0,01208676
2019-01-10;10228,55071655;0,00010933;-0,01197875
2019-01-11;10230,78914253;0,00021884;-0,01176253
2019-01-14;10229,66992954;-0,00010940;-0,01187064
2019-01-15;10231,90421028;0,00021841;-0,01165482
2019-01-16;10233,02549589;0,00010959;-0,01154651
2019-01-17;10235,25666771;0,00021804;-0,01133100
2019-01-18;10235,25666771;0,00000000;-0,01133100
2019-01-22;10236,37588070;0,00010935;-0,01122289
2019-01-23;10236,37588070;0,00000000;-0,01122289
2019-01-24;10239,72626550;0,00032730;-0,01089926
2019-01-25;10238,60912513;-0,00010910;-0,01100717
2019-01-28;10239,72626550;0,00010911;-0,01089926
2019-01-29;10239,72626550;0,00000000;-0,01089926
2019-01-30;10241,96780040;0,00021891;-0,01068274
2019-01-31;10241,96780040;0,00000000;-0,01068274
2019-02-01;10242,96783794;0,00009764;-0,01058614
2019-02-04;10244,04875462;0,00010553;-0,01048173
2019-02-05;10244,04875462;0,00000000;-0,01048173
2019-02-06;10246,19766074;0,00020977;-0,01027416
2019-02-07;10246,19766074;0,00000000;-0,01027416
2019-02-08;10248,34159484;0,00020924;-0,01006706
2019-02-11;10247,27360540;-0,00010421;-0,01017023
2019-02-12;10249,42450033;0,00020990;-0,00996246
2019-02-13;10249,42450033;0,00000000;-0,00996246
2019-02-14;10251,57141764;0,00020947;-0,00975508
2019-02-15;10251,57141764;0,00000000;-0,00975508
2019-02-19;10253,72032376;0,00020962;-0,00954751
2019-02-20;10253,72032376;0,00000000;-0,00954751
2019-02-21;10254,79527403;0,00010484;-0,00944367
2019-02-22;10256,94716336;0,00020984;-0,00923581
2019-02-25;10255,87221310;-0,00010480;-0,00933965
2019-02-26;10256,94716336;0,00010481;-0,00923581
2019-02-27;10258,01913041;0,00010451;-0,00913227
2019-02-28;10260,17201414;0,00020987;-0,00892431
2019-03-01;10261,24398119;0,00010448;-0,00882076
2019-03-04;10260,24740264;-0,00009712;-0,00891703
2019-03-05;10261,42256729;0,00011454;-0,00880351
2019-03-06;10261,87108948;0,00004371;-0,00876019
2019-03-07;10262,82177464;0,00009264;-0,00866836
2019-03-08;10263,68854201;0,00008446;-0,00858463
2019-03-11;10265,73372576;0,00019926;-0,00838708
2019-03-12;10268,02371513;0,00022307;-0,00816588
2019-03-13;10269,16679673;0,00011132;-0,00805546
2019-03-14;10268,84734145;-0,00003111;-0,00808632
2019-03-15;10271,27414948;0,00023633;-0,00785191
2019-03-18;10273,20499844;0,00018799;-0,00766540
2019-03-19;10273,80990784;0,00005888;-0,00760697
2019-03-20;10273,14924102;-0,00006431;-0,00767078
2019-03-21;10280,03406935;0,00067018;-0,00700575
2019-03-22;10275,91353089;-0,00040083;-0,00740377
2019-03-25;10275,48862055;-0,00004135;-0,00744481
2019-03-26;10277,23659020;0,00017011;-0,00727597
2019-03-27;10277,36692477;0,00001268;-0,00726338
2019-03-28;10281,29407925;0,00038212;-0,00688404
2019-03-29;10282,91877075;0,00015802;-0,00672710
2019-04-01;10285,88367901;0,00028833;-0,00644071
2019-04-02;10285,79829697;-0,00000830;-0,00644895
2019-04-03;10287,32456173;0,00014839;-0,00630153
2019-04-04;10290,67654380;0,00032584;-0,00597774
2019-04-05;10291,83928594;0,00011299;-0,00586543
2019-04-08;10291,90281153;0,00000617;-0,00585929
2019-04-09;10292,43484707;0,00005169;-0,00580790
2019-04-10;10292,52096809;0,00000837;-0,00579958
2019-04-11;10295,99806727;0,00033783;-0,00546371
2019-04-12;10296,66306134;0,00006459;-0,00539948
2019-04-15;10297,82597645;0,00011294;-0,00528715
2019-04-16;10298,88587541;0,00010292;-0,00518477
2019-04-17;10301,27766865;0,00023224;-0,00495373
2019-04-18;10302,73866216;0,00014183;-0,00481261
2019-04-23;10304,88928276;0,00020874;-0,00460487
2019-04-24;10307,00977323;0,00020578;-0,00440004
2019-04-25;10309,20926392;0,00021340;-0,00418758
2019-04-26;10307,90281641;-0,00012673;-0,00431378
2019-04-29;10309,44338217;0,00014945;-0,00416497
2019-04-30;10309,58141075;0,00001339;-0,00415164
2019-05-01;10309,99022663;0,00003965;-0,00411215
2019-05-02;10310,56800525;0,00005604;-0,00405634
2019-05-03;10312,65390186;0,00020231;-0,00385485
2019-05-07;10311,88772950;-0,00007429;-0,00392886
2019-05-08;10311,76994096;-0,00001142;-0,00394024
2019-05-09;10312,20688313;0,00004237;-0,00389803
2019-05-10;10314,75687808;0,00024728;-0,00365172
2019-05-13;10309,87829041;-0,00047297;-0,00412296
2019-05-14;10312,54514197;0,00025867;-0,00386536
2019-05-15;10314,71650368;0,00021056;-0,00365562
2019-05-16;10316,73695511;0,00019588;-0,00346045
2019-05-17;10317,05917929;0,00003123;-0,00342933
2019-05-20;10316,46014213;-0,00005806;-0,00348719
2019-05-21;10317,65109742;0,00011544;-0,00337215
2019-05-22;10319,36839862;0,00016644;-0,00320627
2019-05-23;10319,88988054;0,00005053;-0,00315590
2019-05-24;10319,91608415;0,00000254;-0,00315337
2019-05-28;10320,75867145;0,00008165;-0,00307198
2019-05-29;10320,19596428;-0,00005452;-0,00312633
2019-05-30;10324,13412877;0,00038160;-0,00274593
2019-05-31;10322,53751770;-0,00015465;-0,00290015
2019-06-03;10320,44073027;-0,00020313;-0,00310269
2019-06-04;10325,34370159;0,00047507;-0,00262909
2019-06-05;10326,46237555;0,00010834;-0,00252103
2019-06-06;10330,73112830;0,00041338;-0,00210869
2019-06-07;10331,30582638;0,00005563;-0,00205318
2019-06-10;10334,27330481;0,00028723;-0,00176654
2019-06-11;10333,16351957;-0,00010739;-0,00187374
2019-06-12;10333,81446064;0,00006300;-0,00181086
2019-06-13;10337,40145068;0,00034711;-0,00146438
2019-06-14;10337,71544162;0,00003037;-0,00143405
2019-06-17;10337,77553052;0,00000581;-0,00142824
2019-06-18;10339,41509733;0,00015860;-0,00126987
2019-06-19;10341,98612158;0,00024866;-0,00102152
2019-06-20;10344,66450474;0,00025898;-0,00076281
2019-06-21;10344,32403998;-0,00003291;-0,00079569
2019-06-24;10345,75856107;0,00013868;-0,00065713
2019-06-25;10344,12398652;-0,00015799;-0,00081502
2019-06-26;10347,12868554;0,00029047;-0,00052478
2019-06-27;10347,35944809;0,00002230;-0,00050249
2019-06-28;10348,44881148;0,00010528;-0,00039726
2019-07-01;10349,11551236;0,00006443;-0,00033286
2019-07-02;10354,99000159;0,00056763;0,00000000
2019-07-03;10360,41591193;0,00052399;0,00000000
2019-07-05;10356,98885421;-0,00033078;-0,00033078
2019-07-08;10355,12004580;-0,00018044;-0,00051116
2019-07-09;10357,30206437;0,00021072;-0,00030055
2019-07-10;10361,99683993;0,00045328;0,00000000
2019-07-11;10362,80715186;0,00007820;0,00000000
2019-07-12;10365,66111325;0,00027540;0,00000000
2019-07-15;10366,70776574;0,00010097;0,00000000
2019-07-16;10366,50785477;-0,00001928;-0,00001928
2019-07-17;10368,31928830;0,00017474;0,00000000
2019-07-18;10373,57408207;0,00050681;0,00000000
2019-07-19;10371,33486289;-0,00021586;-0,00021586
2019-07-22;10371,63128109;0,00002858;-0,00018728
2019-07-23;10371,10107831;-0,00005112;-0,00023839
2019-07-24;10374,63249471;0,00034051;0,00000000
2019-07-25;10375,28284452;0,00006269;0,00000000
2019-07-26;10375,93741110;0,00006309;0,00000000
2019-07-29;10380,96807192;0,00048484;0,00000000
2019-07-30;10381,25942331;0,00002807;0,00000000
2019-07-31;10378,09896976;-0,00030444;-0,00030444
2019-08-01;10385,52434555;0,00071549;0,00000000
2019-08-02;10380,46388581;-0,00048726;-0,00048726
2019-08-05;10376,04530906;-0,00042566;-0,00091272
2019-08-06;10379,12265952;0,00029658;-0,00061640
2019-08-07;10384,85341062;0,00055214;-0,00006460
2019-08-08;10391,49519795;0,00063956;0,00000000
2019-08-09;10388,48713787;-0,00028947;-0,00028947
2019-08-12;10391,24798232;0,00026576;-0,00002379
2019-08-13;10394,17331056;0,00028152;0,00000000
2019-08-14;10389,49837672;-0,00044976;-0,00044976
2019-08-15;10393,94099867;0,00042761;-0,00002235
2019-08-16;10394,40726860;0,00004486;0,00000000
2019-08-19;10394,89556193;0,00004698;0,00000000
2019-08-20;10396,32425457;0,00013744;0,00000000
2019-08-21;10396,08244142;-0,00002326;-0,00002326
2019-08-22;10397,24814392;0,00011213;0,00000000
2019-08-23;10396,00628205;-0,00011944;-0,00011944
2019-08-27;10400,66090706;0,00044773;0,00000000
2019-08-28;10400,05144673;-0,00005860;-0,00005860
2019-08-29;10403,81948691;0,00036231;0,00000000
2019-08-30;10404,09492701;0,00002647;0,00000000
2019-09-03;10408,75387501;0,00044780;0,00000000
2019-09-04;10410,47768934;0,00016561;0,00000000
2019-09-05;10408,90361481;-0,00015120;-0,00015120
2019-09-06;10408,79548475;-0,00001039;-0,00016159
2019-09-09;10406,95266590;-0,00017704;-0,00033860
2019-09-10;10406,50441532;-0,00004307;-0,00038166
2019-09-11;10408,76800795;0,00021752;-0,00016423
2019-09-12;10412,40042177;0,00034898;0,00000000
2019-09-13;10409,55431213;-0,00027334;-0,00027334
2019-09-16;10410,43866865;0,00008496;-0,00018841
2019-09-17;10411,70743216;0,00012187;-0,00006655
2019-09-18;10412,64430415;0,00008998;0,00000000
2019-09-19;10414,58322832;0,00018621;0,00000000
2019-09-20;10416,52146704;0,00018611;0,00000000
2019-09-23;10419,80456825;0,00031518;0,00000000
2019-09-24;10419,75691930;-0,00000457;-0,00000457
2019-09-25;10417,14319708;-0,00025084;-0,00025541
2019-09-26;10419,63241555;0,00023895;-0,00001652
2019-09-27;10418,62444204;-0,00009674;-0,00011326
2019-09-30;10417,56329163;-0,00010185;-0,00021510
2019-10-01;10417,19884749;-0,00003498;-0,00025007
2019-10-02;10414,72369222;-0,00023760;-0,00048762
2019-10-03;10418,94931238;0,00040574;-0,00008208
2019-10-04;10422,32959776;0,00032444;0,00000000
2019-10-07;10422,24858469;-0,00000777;-0,00000777
2019-10-08;10421,78680675;-0,00004431;-0,00005208
2019-10-09;10423,28336027;0,00014360;0,00000000
2019-10-10;10424,38111995;0,00010532;0,00000000
2019-10-11;10424,34503518;-0,00000346;-0,00000346
2019-10-14;10423,93826103;-0,00003902;-0,00004248
2019-10-15;10424,62398031;0,00006578;0,00000000
2019-10-16;10425,13845338;0,00004935;0,00000000
2019-10-17;10426,34291497;0,00011553;0,00000000
2019-10-18;10425,07213139;-0,00012188;-0,00012188
2019-10-21;10425,63620191;0,00005411;-0,00006778
2019-10-22;10425,73898479;0,00000986;-0,00005792
2019-10-23;10426,67038730;0,00008934;0,00000000
2019-10-24;10432,11184454;0,00052188;0,00000000
2019-10-25;10433,65932072;0,00014834;0,00000000
2019-10-28;10432,17628285;-0,00014214;-0,00014214
2019-10-29;10432,93596112;0,00007282;-0,00006933
2019-10-30;10435,67673544;0,00026270;0,00000000
2019-10-31;10437,76621055;0,00020022;0,00000000
2019-11-01;10439,53002947;0,00016898;0,00000000
2019-11-04;10441,56859428;0,00019527;0,00000000
2019-11-05;10437,61055224;-0,00037907;-0,00037907
2019-11-06;10439,53380352;0,00018426;-0,00019487
2019-11-07;10440,38695536;0,00008172;-0,00011317
2019-11-08;10439,65598747;-0,00007001;-0,00018317
2019-11-11;10438,50465093;-0,00011028;-0,00029344
2019-11-12;10441,06264971;0,00024505;-0,00004845
2019-11-13;10441,41999831;0,00003423;-0,00001423
2019-11-14;10442,90658918;0,00014237;0,00000000
2019-11-15;10442,54999518;-0,00003415;-0,00003415
2019-11-18;10445,11401258;0,00024554;0,00000000
2019-11-19;10444,42778247;-0,00006570;-0,00006570
2019-11-20;10445,08253849;0,00006269;-0,00000301
2019-11-21;10443,37685371;-0,00016330;-0,00016631
2019-11-22;10444,86889075;0,00014287;-0,00002347
2019-11-25;10445,22711273;0,00003430;0,00000000
2019-11-26;10447,95027927;0,00026071;0,00000000
2019-11-27;10449,58924575;0,00015687;0,00000000
2019-11-29;10449,73808422;0,00001424;0,00000000
2019-12-02;10448,49820786;-0,00011865;-0,00011865
2019-12-03;10447,10646143;-0,00013320;-0,00025184
2019-12-04;10448,44495363;0,00012812;-0,00012375
2019-12-05;10450,73679025;0,00021935;0,00000000
2019-12-06;10450,95411424;0,00002080;0,00000000
2019-12-09;10451,32944943;0,00003591;0,00000000
2019-12-10;10451,42790798;0,00000942;0,00000000
2019-12-11;10453,28430986;0,00017762;0,00000000
2019-12-12;10456,48942631;0,00030661;0,00000000
2019-12-13;10454,28097426;-0,00021120;-0,00021120
2019-12-16;10458,27902180;0,00038243;0,00000000
2019-12-17;10458,07391289;-0,00001961;-0,00001961
2019-12-18;10460,74568740;0,00025547;0,00000000
2019-12-19;10463,23153467;0,00023764;0,00000000
2019-12-20;10464,38665175;0,00011040;0,00000000
2019-12-23;10466,69092383;0,00022020;0,00000000
2019-12-24;10469,20778561;0,00024046;0,00000000
2019-12-27;10470,47363864;0,00012091;0,00000000
2019-12-30;10470,92815719;0,00004341;0,00000000
2019-12-31;10470,64891541;-0,00002667;-0,00002667
2020-01-02;10477,73967549;0,00067720;0,00000000
2020-01-03;10479,65037601;0,00018236;0,00000000
2020-01-06;10479,82619809;0,00001678;0,00000000
2020-01-07;10481,14913130;0,00012624;0,00000000
2020-01-08;10482,96018640;0,00017279;0,00000000
2020-01-09;10484,42943185;0,00014016;0,00000000
2020-01-10;10485,65383867;0,00011678;0,00000000
2020-01-13;10485,53667611;-0,00001117;-0,00001117
2020-01-14;10485,16349391;-0,00003559;-0,00004676
2020-01-15;10487,59551755;0,00023195;0,00000000
2020-01-16;10490,23401020;0,00025158;0,00000000
2020-01-17;10490,75339928;0,00004951;0,00000000
2020-01-21;10491,78129224;0,00009798;0,00000000
2020-01-22;10491,39942326;-0,00003640;-0,00003640
2020-01-23;10492,73780021;0,00012757;0,00000000
2020-01-24;10494,06624387;0,00012661;0,00000000
2020-01-27;10492,96317420;-0,00010511;-0,00010511
2020-01-28;10493,87449439;0,00008685;-0,00001827
2020-01-29;10496,15956235;0,00021775;0,00000000
2020-01-30;10495,21677754;-0,00008982;-0,00008982
2020-01-31;10493,46862261;-0,00016657;-0,00025637
2020-02-03;10495,52362445;0,00019584;-0,00006059
2020-02-04;10495,99575108;0,00004498;-0,00001561
2020-02-05;10499,73917594;0,00035665;0,00000000
2020-02-06;10503,29353685;0,00033852;0,00000000
2020-02-07;10502,95552154;-0,00003218;-0,00003218
2020-02-10;10502,87778989;-0,00000740;-0,00003958
2020-02-11;10503,85095225;0,00009266;0,00000000
2020-02-12;10505,48844568;0,00015589;0,00000000
2020-02-13;10506,89007146;0,00013342;0,00000000
2020-02-14;10508,02677227;0,00010819;0,00000000
2020-02-18;10510,50330392;0,00023568;0,00000000
2020-02-19;10513,64244156;0,00029867;0,00000000
2020-02-20;10513,51600431;-0,00001203;-0,00001203
2020-02-21;10515,99314153;0,00023561;0,00000000
2020-02-24;10511,16729533;-0,00045891;-0,00045891
2020-02-25;10504,04871772;-0,00067724;-0,00113583
2020-02-26;10507,67960492;0,00034567;-0,00079056
2020-02-27;10503,86737401;-0,00036280;-0,00115308
2020-02-28;10494,35152083;-0,00090594;-0,00205797
2020-03-02;10503,58291283;0,00087965;-0,00118013
2020-03-03;10508,85944248;0,00050236;-0,00067837
2020-03-04;10516,67001966;0,00074324;0,00000000
2020-03-05;10520,03150717;0,00031963;0,00000000
2020-03-06;10515,58937526;-0,00042225;-0,00042225
2020-03-09;10512,11802921;-0,00033011;-0,00075223
2020-03-10;10509,11069043;-0,00028608;-0,00103810
2020-03-11;10508,58178302;-0,00005033;-0,00108837
2020-03-12;10493,12935766;-0,00147046;-0,00255723
2020-03-13;10496,43751933;0,00031527;-0,00224277
2020-03-16;10489,50134045;-0,00066081;-0,00290210
2020-03-17;10495,61503199;0,00058284;-0,00232095
2020-03-18;10491,24091251;-0,00041676;-0,00273674
2020-03-19;10487,76559957;-0,00033126;-0,00306709
2020-03-20;10490,69169620;0,00027900;-0,00278895
2020-03-23;10492,44988648;0,00016760;-0,00262182
2020-03-24;10507,49825762;0,00143421;-0,00119137
2020-03-25;10507,73672423;0,00002269;-0,00116870
2020-03-26;10513,11494112;0,00051183;-0,00065747
2020-03-27;10504,35620558;-0,00083312;-0,00149004
2020-03-30;10508,11657304;0,00035798;-0,00113259
2020-03-31;10504,78589981;-0,00031696;-0,00144920
2020-04-01;10499,48439067;-0,00050468;-0,00195314
2020-04-02;10504,44405647;0,00047237;-0,00148169
2020-04-03;10500,90156957;-0,00033724;-0,00181843
2020-04-06;10511,71655158;0,00102991;-0,00079039
2020-04-07;10508,24712226;-0,00033005;-0,00112019
2020-04-08;10509,79626231;0,00014742;-0,00097293
2020-04-09;10511,04684772;0,00011899;-0,00085405
2020-04-14;10521,83797094;0,00102665;0,00000000
2020-04-15;10518,47180832;-0,00031992;-0,00031992
2020-04-16;10517,63903038;-0,00007917;-0,00039907
2020-04-17;10518,10989969;0,00004477;-0,00035432
2020-04-20;10516,95687362;-0,00010962;-0,00046390
2020-04-21;10512,48772756;-0,00042495;-0,00088865
2020-04-22;10518,02475835;0,00052671;-0,00036241
2020-04-23;10520,06901711;0,00019436;-0,00016812
2020-04-24;10520,04839258;-0,00000196;-0,00017008
2020-04-27;10520,14756200;0,00000943;-0,00016066
2020-04-28;10518,25743515;-0,00017967;-0,00034030
2020-04-29;10521,28563245;0,00028790;-0,00005249
2020-04-30;10520,37237279;-0,00008680;-0,00013929
2020-05-01;10517,19094704;-0,00030241;-0,00044166
2020-05-04;10518,29010947;0,00010451;-0,00033719
2020-05-05;10519,34975310;0,00010074;-0,00023648
2020-05-06;10519,60845565;0,00002459;-0,00021189
2020-05-07;10521,45971552;0,00017598;-0,00003595
2020-05-11;10522,19991091;0,00007035;0,00000000
2020-05-12;10521,53242003;-0,00006344;-0,00006344
2020-05-13;10521,46461372;-0,00000644;-0,00006988
2020-05-14;10524,59211578;0,00029725;0,00000000
2020-05-15;10523,39816098;-0,00011344;-0,00011344
2020-05-18;10523,88019770;0,00004581;-0,00006764
2020-05-19;10524,65597729;0,00007372;0,00000000
2020-05-20;10526,30946058;0,00015711;0,00000000
2020-05-21;10524,69861749;-0,00015303;-0,00015303
2020-05-22;10524,55307521;-0,00001383;-0,00016686
2020-05-26;10523,93801202;-0,00005844;-0,00022529
2020-05-27;10523,30568601;-0,00006008;-0,00028536
2020-05-28;10523,49424991;0,00001792;-0,00026745
2020-05-29;10525,07424603;0,00015014;-0,00011735
2020-06-01;10527,01230843;0,00018414;0,00000000
2020-06-02;10526,71475648;-0,00002827;-0,00002827
2020-06-03;10526,28597919;-0,00004073;-0,00006900
2020-06-04;10526,96982284;0,00006497;-0,00000404
2020-06-05;10525,05482033;-0,00018191;-0,00018595
2020-06-08;10527,78151603;0,00025907;0,00000000
2020-06-09;10528,73245476;0,00009033;0,00000000
2020-06-10;10532,09968378;0,00031981;0,00000000
2020-06-11;10523,56680453;-0,00081018;-0,00081018
2020-06-12;10526,51326249;0,00027999;-0,00053042
2020-06-15;10526,13612692;-0,00003583;-0,00056623
2020-06-16;10529,85197887;0,00035301;-0,00021341
2020-06-17;10530,50247629;0,00006178;-0,00015165
2020-06-18;10529,54618204;-0,00009081;-0,00024245
2020-06-19;10531,37659306;0,00017384;-0,00006866
2020-06-22;10532,17440259;0,00007576;0,00000000
2020-06-23;10534,24360423;0,00019646;0,00000000
2020-06-24;10530,93171931;-0,00031439;-0,00031439
2020-06-25;10532,41479448;0,00014083;-0,00017361
2020-06-26;10531,09326061;-0,00012547;-0,00029906
2020-06-29;10532,35115224;0,00011945;-0,00017965
2020-06-30;10533,68743196;0,00012687;-0,00005280
2020-07-01;10533,26151032;-0,00004043;-0,00009323
2020-07-02;10536,02850616;0,00026269;0,00000000
2020-07-06;10537,44034505;0,00013400;0,00000000
2020-07-07;10536,84667836;-0,00005634;-0,00005634
2020-07-08;10537,67489088;0,00007860;0,00000000
2020-07-09;10537,01155540;-0,00006295;-0,00006295
2020-07-10;10538,29928324;0,00012221;0,00000000
2020-07-13;10539,25834681;0,00009101;0,00000000
2020-07-14;10539,41539376;0,00001490;0,00000000
2020-07-15;10541,06923419;0,00015692;0,00000000
2020-07-16;10537,56788209;-0,00033216;-0,00033216
2020-07-17;10540,67031140;0,00029442;-0,00003784
2020-07-20;10542,24776172;0,00014965;0,00000000
2020-07-21;10543,53234203;0,00012185;0,00000000
2020-07-22;10544,43080273;0,00008521;0,00000000
2020-07-23;10545,54819962;0,00010597;0,00000000
2020-07-24;10543,29947426;-0,00021324;-0,00021324
2020-07-27;10546,23262033;0,00027820;0,00000000
2020-07-28;10547,84523426;0,00015291;0,00000000
2020-07-29;10549,44363887;0,00015154;0,00000000
2020-07-30;10546,44623319;-0,00028413;-0,00028413
2020-07-31;10549,77265979;0,00031541;0,00000000
2020-08-03;10551,49482881;0,00016324;0,00000000
2020-08-04;10555,36099398;0,00036641;0,00000000
2020-08-05;10555,82063625;0,00004355;0,00000000
2020-08-06;10557,77290607;0,00018495;0,00000000
2020-08-07;10556,90684992;-0,00008203;-0,00008203
2020-08-10;10556,21065205;-0,00006595;-0,00014797
2020-08-11;10548,86500984;-0,00069586;-0,00084373
2020-08-12;10550,05606168;0,00011291;-0,00073092
2020-08-13;10553,45965375;0,00032261;-0,00040854
2020-08-14;10551,50805228;-0,00018493;-0,00059339
2020-08-17;10554,51949172;0,00028540;-0,00030815
2020-08-18;10556,26230215;0,00016512;-0,00014308
2020-08-19;10553,13686572;-0,00029607;-0,00043911
2020-08-20;10553,99286702;0,00008111;-0,00035803
2020-08-21;10554,01577094;0,00000217;-0,00035586
2020-08-24;10554,92274434;0,00008594;-0,00026996
2020-08-25;10554,02189661;-0,00008535;-0,00035528
2020-08-26;10556,58195310;0,00024257;-0,00011280
2020-08-27;10555,51334425;-0,00010123;-0,00021402
2020-08-28;10558,30672826;0,00026464;0,00000000
2020-09-01;10559,66236179;0,00012839;0,00000000
2020-09-02;10559,06481623;-0,00005659;-0,00005659
2020-09-03;10555,36096065;-0,00035077;-0,00040734
2020-09-04;10556,29520512;0,00008851;-0,00031887
2020-09-08;10554,69708332;-0,00015139;-0,00047021
2020-09-09;10555,26101400;0,00005343;-0,00041681
2020-09-10;10554,29793485;-0,00009124;-0,00050801
2020-09-11;10553,00294436;-0,00012270;-0,00063065
2020-09-14;10556,45362006;0,00032699;-0,00030387
2020-09-15;10554,31378444;-0,00020270;-0,00050651
2020-09-16;10556,31885094;0,00018998;-0,00031663
2020-09-17;10555,64239285;-0,00006408;-0,00038069
2020-09-18;10552,95889183;-0,00025422;-0,00063482
2020-09-21;10551,65178109;-0,00012386;-0,00075860
2020-09-22;10551,84938303;0,00001873;-0,00073989
2020-09-23;10549,35976184;-0,00023594;-0,00097566
2020-09-24;10550,93844204;0,00014965;-0,00082616
2020-09-25;10550,30175836;-0,00006034;-0,00088645
2020-09-28;10552,67941030;0,00022536;-0,00066129
2020-09-29;10553,23598065;0,00005274;-0,00060858
2020-09-30;10551,88240366;-0,00012826;-0,00073676
2020-10-01;10552,78834083;0,00008586;-0,00065097
2020-10-02;10551,96156649;-0,00007835;-0,00072927
2020-10-05;10553,05233237;0,00010337;-0,00062597
2020-10-06;10552,77714420;-0,00002608;-0,00065203
2020-10-07;10552,16176060;-0,00005831;-0,00071031
2020-10-08;10552,67159349;0,00004832;-0,00066203
2020-10-09;10554,42852101;0,00016649;-0,00049564
2020-10-12;10556,23432415;0,00017109;-0,00032464
2020-10-13;10553,68845559;-0,00024117;-0,00056573
2020-10-14;10553,74988007;0,00000582;-0,00055991
2020-10-15;10553,87642192;0,00001199;-0,00054793
2020-10-16;10554,64799536;0,00007311;-0,00047486
2020-10-19;10554,14050592;-0,00004808;-0,00052292
2020-10-20;10553,46230848;-0,00006426;-0,00058715
2020-10-21;10553,99666082;0,00005063;-0,00053654
2020-10-22;10554,20867150;0,00002009;-0,00051646
2020-10-23;10554,13563341;-0,00000692;-0,00052338
2020-10-26;10553,41954057;-0,00006785;-0,00059120
2020-10-27;10552,63101977;-0,00007472;-0,00066587
2020-10-28;10550,12676837;-0,00023731;-0,00090302
2020-10-29;10551,48076625;0,00012834;-0,00077480
2020-10-30;10551,09077621;-0,00003696;-0,00081173
2020-11-02;10551,86270475;0,00007316;-0,00073863
2020-11-03;10553,46300506;0,00015166;-0,00058708
2020-11-04;10554,93785109;0,00013975;-0,00044741
2020-11-05;10559,39558396;0,00042234;-0,00002526
2020-11-06;10558,22553038;-0,00011081;-0,00013607
2020-11-09;10556,95852832;-0,00012000;-0,00025605
2020-11-10;10554,38456051;-0,00024382;-0,00049981
2020-11-11;10555,34212993;0,00009073;-0,00040913
2020-11-12;10555,64210610;0,00002842;-0,00038072
2020-11-13;10557,49549706;0,00017558;-0,00020520
2020-11-16;10558,57627031;0,00010237;-0,00010285
2020-11-17;10557,80416003;-0,00007313;-0,00017597
2020-11-18;10556,94535669;-0,00008134;-0,00025730
2020-11-19;10556,78210494;-0,00001546;-0,00027276
2020-11-20;10556,72545866;-0,00000537;-0,00027812
2020-11-23;10554,83258196;-0,00017931;-0,00045738
2020-11-24;10554,72372966;-0,00001031;-0,00046769
2020-11-25;10553,46450394;-0,00011930;-0,00058694
2020-11-27;10554,48044217;0,00009627;-0,00049073
2020-11-30;10552,37745414;-0,00019925;-0,00068988
2020-12-01;10554,26081574;0,00017848;-0,00051153
2020-12-02;10556,20550794;0,00018426;-0,00032736
2020-12-03;10556,54248624;0,00003192;-0,00029545
2020-12-04;10558,05128208;0,00014293;-0,00015257
2020-12-07;10557,46099758;-0,00005591;-0,00020847
2020-12-08;10557,80421741;0,00003251;-0,00017597
2020-12-09;10555,94448276;-0,00017615;-0,00035208
2020-12-10;10555,91995668;-0,00000232;-0,00035441
2020-12-11;10557,07343123;0,00010927;-0,00024517
2020-12-14;10555,62001740;-0,00013767;-0,00038281
2020-12-15;10556,83074523;0,00011470;-0,00026815
2020-12-16;10558,78675380;0,00018528;-0,00008292
2020-12-17;10559,82372695;0,00009821;0,00000000
2020-12-18;10559,71775988;-0,00001003;-0,00001003
2020-12-21;10559,51364169;-0,00001933;-0,00002936
2020-12-22;10559,55103381;0,00000354;-0,00002582
2020-12-23;10558,30276151;-0,00011821;-0,00014403
2020-12-24;10559,60053507;0,00012291;-0,00002114
2020-12-29;10560,57727386;0,00009250;0,00000000
2020-12-30;10559,77232762;-0,00007622;-0,00007622
2020-12-31;10561,01824176;0,00011799;0,00000000
2021-01-04;10562,45130935;0,00013569;0,00000000
2021-01-05;10561,66264255;-0,00007467;-0,00007467
2021-01-06;10561,90946212;0,00002337;-0,00005130
2021-01-07;10562,84005216;0,00008811;0,00000000
2021-01-08;10559,44298998;-0,00032161;-0,00032161
2021-01-11;10560,21568107;0,00007318;-0,00024845
2021-01-12;10558,85855782;-0,00012851;-0,00037693
2021-01-13;10558,87222480;0,00000129;-0,00037564
2021-01-14;10559,69079645;0,00007752;-0,00029814
2021-01-15;10558,22497992;-0,00013881;-0,00043692
2021-01-19;10559,32361714;0,00010406;-0,00033291
2021-01-20;10561,56295607;0,00021207;-0,00012090
2021-01-21;10561,80809358;0,00002321;-0,00009770
2021-01-22;10559,96761158;-0,00017426;-0,00027194
2021-01-25;10561,13322946;0,00011038;-0,00016159
2021-01-26;10559,94942530;-0,00011209;-0,00027366
2021-01-27;10558,19496552;-0,00016614;-0,00043976
2021-01-28;10559,53286123;0,00012672;-0,00031310
2021-01-29;10557,99706261;-0,00014544;-0,00045849
2021-02-01;10559,88541804;0,00017886;-0,00027972
2021-02-02;10559,16601476;-0,00006813;-0,00034783
2021-02-03;10558,88791091;-0,00002634;-0,00037416
2021-02-04;10559,13999518;0,00002387;-0,00035029
2021-02-05;10560,02710291;0,00008401;-0,00026631
2021-02-08;10561,38828217;0,00012890;-0,00013744
2021-02-09;10561,41680985;0,00000270;-0,00013474
2021-02-10;10560,37850203;-0,00009831;-0,00023304
2021-02-11;10561,46918516;0,00010328;-0,00012978
2021-02-12;10560,32763933;-0,00010809;-0,00023785
2021-02-16;10560,25958356;-0,00000644;-0,00024430
2021-02-17;10559,00193103;-0,00011909;-0,00036336
2021-02-18;10557,13771472;-0,00017655;-0,00053985
2021-02-19;10558,73636330;0,00015143;-0,00038850
2021-02-22;10557,42523375;-0,00012417;-0,00051263
2021-02-23;10556,70555008;-0,00006817;-0,00058076
2021-02-24;10556,34017633;-0,00003461;-0,00061535
2021-02-25;10554,86797243;-0,00013946;-0,00075473
2021-02-26;10552,86904834;-0,00018938;-0,00094397
2021-03-01;10553,39566325;0,00004990;-0,00089411
2021-03-02;10553,23533187;-0,00001519;-0,00090929
2021-03-03;10552,60946362;-0,00005931;-0,00096855
2021-03-04;10550,71680886;-0,00017935;-0,00114773
2021-03-05;10550,79068895;0,00000700;-0,00114073
2021-03-08;10549,69158865;-0,00010417;-0,00124478
2021-03-09;10552,11167419;0,00022940;-0,00101567
2021-03-10;10552,45594155;0,00003263;-0,00098308
2021-03-11;10554,51129764;0,00019478;-0,00078850
2021-03-12;10553,15952603;-0,00012808;-0,00091647
2021-03-15;10553,96773884;0,00007658;-0,00083996
2021-03-16;10554,58645133;0,00005862;-0,00078138
2021-03-17;10556,01794903;0,00013563;-0,00064586
2021-03-18;10553,70162948;-0,00021943;-0,00086515
2021-03-19;10553,70890301;0,00000069;-0,00086446
2021-03-22;10554,36986286;0,00006263;-0,00080189
2021-03-23;10554,86036188;0,00004647;-0,00075545
2021-03-24;10553,66656090;-0,00011310;-0,00086847
2021-03-25;10552,93708233;-0,00006912;-0,00093753
2021-03-26;10554,26290894;0,00012564;-0,00081201
2021-03-29;10553,34580070;-0,00008689;-0,00089884
2021-03-30;10553,25999791;-0,00000813;-0,00090696
2021-03-31;10553,57718707;0,00003006;-0,00087693
2021-04-01;10556,37040647;0,00026467;-0,00061249
2021-04-06;10558,24550250;0,00017763;-0,00043497
2021-04-07;10558,37490271;0,00001226;-0,00042272
2021-04-08;10559,98989823;0,00015296;-0,00026983
2021-04-09;10559,89881324;-0,00000863;-0,00027845
2021-04-12;10559,32292021;-0,00005454;-0,00033297
2021-04-13;10560,27798467;0,00009045;-0,00024255
2021-04-14;10559,67383249;-0,00005721;-0,00029975
2021-04-15;10561,65747931;0,00018785;-0,00011196
2021-04-16;10562,10895243;0,00004275;-0,00006921
2021-04-19;10560,98937502;-0,00010600;-0,00017521
2021-04-20;10560,45401499;-0,00005069;-0,00022589
2021-04-21;10561,94248911;0,00014095;-0,00008497
2021-04-22;10561,72901221;-0,00002021;-0,00010518
2021-04-23;10561,82876661;0,00000944;-0,00009574
2021-04-26;10562,32505116;0,00004699;-0,00004876
2021-04-27;10561,79286586;-0,00005039;-0,00009914
2021-04-28;10561,84537332;0,00000497;-0,00009417
2021-04-29;10561,37986574;-0,00004407;-0,00013824
2021-04-30;10560,96245461;-0,00003952;-0,00017775
2021-05-04;10559,96850683;-0,00009412;-0,00027185
2021-05-05;10560,71555627;0,00007074;-0,00020113
2021-05-06;10562,28642732;0,00014875;-0,00005241
2021-05-07;10563,61166376;0,00012547;0,00000000
2021-05-10;10562,64060988;-0,00009192;-0,00009192
2021-05-11;10561,49860004;-0,00010812;-0,00020003
2021-05-12;10559,59811223;-0,00017994;-0,00037994
2021-05-13;10560,49989114;0,00008540;-0,00029457
2021-05-14;10562,29751981;0,00017022;-0,00012440
2021-05-17;10562,82622673;0,00005006;-0,00007435
2021-05-18;10562,69375357;-0,00001254;-0,00008689
2021-05-19;10562,13603232;-0,00005280;-0,00013969
2021-05-20;10563,91426820;0,00016836;0,00000000
2021-05-21;10563,94604484;0,00000301;0,00000000
2021-05-24;10564,99279907;0,00009909;0,00000000
2021-05-25;10565,70508044;0,00006742;0,00000000
2021-05-26;10565,62660138;-0,00000743;-0,00000743
2021-05-27;10565,40232802;-0,00002123;-0,00002865
2021-05-28;10565,92087352;0,00004908;0,00000000
2021-06-01;10565,69237776;-0,00002163;-0,00002163
2021-06-02;10608,79226415;0,00407923;0,00000000
2021-06-03;10473,08153478;-0,01279229;-0,01279229
2021-06-04;10577,81621817;0,01000037;-0,00291985
2021-06-07;10603,56226787;0,00243397;-0,00049299
2021-06-08;10588,15880406;-0,00145267;-0,00194494
2021-06-09;10592,39093672;0,00039970;-0,00154601
2021-06-10;10625,85434887;0,00315919;0,00000000
2021-06-11;10579,52738365;-0,00435983;-0,00435983
2021-06-14;10567,89749770;-0,00109928;-0,00545432
2021-06-15;10541,64180164;-0,00248448;-0,00792525
2021-06-16;10434,98129364;-0,01011802;-0,01796308
2021-06-17;10290,65287217;-0,01383121;-0,03154584
2021-06-18;10227,25749422;-0,00616048;-0,03751198
2021-06-21;10319,35860294;0,00900546;-0,02884434
2021-06-22;10327,62658213;0,00080121;-0,02806624
2021-06-23;10313,30762769;-0,00138647;-0,02941380
2021-06-24;10345,90792871;0,00316099;-0,02634578
2021-06-25;10370,32716577;0,00236028;-0,02404768
2021-06-28;10389,72152809;0,00187018;-0,02222248
2021-06-29;10363,15577787;-0,00255693;-0,02472258
2021-06-30;10386,63050119;0,00226521;-0,02251338
2021-07-01;10420,53969081;0,00326470;-0,01932218
2021-07-02;10457,06716353;0,00350533;-0,01588458
2021-07-06;10456,43729250;-0,00006023;-0,01594385
2021-07-07;10486,29489652;0,00285543;-0,01313395
2021-07-08;10438,50125454;-0,00455772;-0,01763181
2021-07-09;10478,58653006;0,00384014;-0,01385939
2021-07-12;10482,78311037;0,00040049;-0,01346445
2021-07-13;10502,55463273;0,00188609;-0,01160375
2021-07-14;10504,70516272;0,00020476;-0,01140136
2021-07-15;10475,65003816;-0,00276592;-0,01413574
2021-07-16;10457,97302683;-0,00168744;-0,01579932
2021-07-19;10393,57325866;-0,00615796;-0,02185999
2021-07-20;10469,61747642;0,00731647;-0,01470346
2021-07-21;10500,57798213;0,00295718;-0,01178977
2021-07-22;10510,53879188;0,00094860;-0,01085236
2021-07-23;10557,75858570;0,00449261;-0,00640850
2021-07-26;10547,96344548;-0,00092777;-0,00733032
2021-07-27;10495,39857666;-0,00498341;-0,01227720
2021-07-28;10507,89316804;0,00119048;-0,01110134
2021-07-29;10519,03488824;0,00106032;-0,01005279
2021-07-30;10514,35816322;-0,00044460;-0,01049291
2021-08-02;10522,31737093;0,00075698;-0,00974387
2021-08-03;10522,88681043;0,00005412;-0,00969028
2021-08-04;10544,87371550;0,00208944;-0,00762109
2021-08-05;10586,32907934;0,00393133;-0,00371973
2021-08-06;10606,40256605;0,00189617;-0,00183061
2021-08-09;10598,65402374;-0,00073055;-0,00255982
2021-08-10;10584,54448567;-0,00133126;-0,00388767
2021-08-11;10588,26843160;0,00035183;-0,00353721
2021-08-12;10638,51290355;0,00474530;0,00000000
2021-08-13;10676,50552904;0,00357123;0,00000000
2021-08-16;10661,74198852;-0,00138281;-0,00138281
2021-08-17;10663,19712464;0,00013648;-0,00124651
2021-08-18;10600,51711765;-0,00587816;-0,00711735
2021-08-19;10600,55972093;0,00000402;-0,00711336
2021-08-20;10710,53947244;0,01037490;0,00000000
2021-08-23;10800,49538446;0,00839882;0,00000000
2021-08-24;10807,52181406;0,00065057;0,00000000
2021-08-25;10812,63620885;0,00047323;0,00000000
2021-08-26;10769,65414652;-0,00397517;-0,00397517
2021-08-27;10825,71443786;0,00520539;0,00000000
2021-08-31;10866,36300313;0,00375482;0,00000000
2021-09-01;10885,01874033;0,00171683;0,00000000
2021-09-02;10888,22027109;0,00029412;0,00000000
2021-09-03;10870,07826346;-0,00166621;-0,00166621
2021-09-07;10892,48897877;0,00206169;0,00000000
2021-09-08;10871,14544038;-0,00195947;-0,00195947
2021-09-09;10841,26448663;-0,00274865;-0,00470274
2021-09-10;10813,51788672;-0,00255935;-0,00725005
2021-09-13;10793,24152524;-0,00187509;-0,00911155
2021-09-14;10788,97281757;-0,00039550;-0,00950344
2021-09-15;10775,09951761;-0,00128588;-0,01077710
2021-09-16;10799,64458676;0,00227794;-0,00852371
2021-09-17;10779,36822529;-0,00187750;-0,01038521
2021-09-20;10700,39713324;-0,00732613;-0,01763526
2021-09-21;10751,62162538;0,00478716;-0,01293252
2021-09-22;10781,50257913;0,00277920;-0,01018926
2021-09-23;10816,71941748;0,00326641;-0,00695613
2021-09-24;10817,78659440;0,00009866;-0,00685816
2021-09-27;10804,98047136;-0,00118380;-0,00803384
2021-09-28;10751,62162538;-0,00493836;-0,01293252
2021-09-29;10811,38353288;0,00555841;-0,00744600
2021-09-30;10753,75597922;-0,00533027;-0,01273657
2021-10-01;10685,45665636;-0,00635121;-0,01900689
2021-10-04;10510,22882953;-0,01639872;-0,03509392
2021-10-05;10655,57458462;0,01382898;-0,02175025
2021-10-06;10629,77689006;-0,00242105;-0,02411865
2021-10-07;10797,85881064;0,01581237;-0,00868765
2021-10-08;10755,50810769;-0,00392214;-0,01257572
2021-10-11;10752,53719118;-0,00027622;-0,01284847
2021-10-12;10680,71889660;-0,00667920;-0,01944184
2021-10-13;10680,41254112;-0,00002868;-0,01946997
2021-10-14;10871,39162073;0,01788125;-0,00193687
2021-10-15;10923,00240568;0,00474739;0,00000000
2021-10-18;10988,67867283;0,00601266;0,00000000
2021-10-19;11039,10081513;0,00458855;0,00000000
2021-10-20;11049,00292894;0,00089700;0,00000000
2021-10-21;11056,65719598;0,00069276;0,00000000
2021-10-22;11072,28612850;0,00141353;0,00000000
2021-10-25;11110,04648031;0,00341035;0,00000000
2021-10-26;11154,60701580;0,00401083;0,00000000
2021-10-27;11147,60836550;-0,00062742;-0,00062742
2021-10-28;11181,75815580;0,00306342;0,00000000
2021-10-29;11246,83182781;0,00581963;0,00000000
2021-11-01;11285,93022925;0,00347639;0,00000000
2021-11-02;11379,24048136;0,00826784;0,00000000
2021-11-03;11378,96068764;-0,00002459;-0,00002459
2021-11-04;11578,52879208;0,01753834;0,00000000
2021-11-05;11650,26554906;0,00619567;0,00000000
2021-11-08;11643,24390523;-0,00060270;-0,00060270
2021-11-09;11601,98253635;-0,00354380;-0,00414437
2021-11-10;11549,14653310;-0,00455405;-0,00867955
2021-11-11;11592,56415147;0,00375938;-0,00495280
2021-11-12;11669,41323083;0,00662917;0,00000000
2021-11-15;11665,90971969;-0,00030023;-0,00030023
2021-11-16;11729,54551431;0,00545485;0,00000000
2021-11-17;11667,24474733;-0,00531144;-0,00531144
2021-11-18;11707,14517061;0,00341987;-0,00190974
2021-11-19;11753,52461638;0,00396164;0,00000000
2021-11-22;11734,39466751;-0,00162759;-0,00162759
2021-11-23;11655,90970874;-0,00668845;-0,00830516
2021-11-24;11727,91308784;0,00617741;-0,00217905
2021-11-26;11451,49061773;-0,02356962;-0,02569731
2021-11-29;11642,14020351;0,01664845;-0,00947668
2021-11-30;11549,91140187;-0,00792198;-0,01732359
2021-12-01;11551,28381350;0,00011882;-0,01720682
2021-12-02;11472,59964630;-0,00681172;-0,02390134
2021-12-03;11403,64008798;-0,00601080;-0,02976848
2021-12-06;11498,65147188;0,00833167;-0,02168483
2021-12-07;11832,90533719;0,02906896;0,00000000
2021-12-08;11844,40187238;0,00097157;0,00000000
2021-12-09;11816,85858689;-0,00232543;-0,00232543
2021-12-10;11862,81318839;0,00388890;0,00000000
2021-12-13;11776,83307296;-0,00724787;-0,00724787
2021-12-14;11606,99950453;-0,01442099;-0,02156434
2021-12-15;11743,71583283;0,01177878;-0,01003955
2021-12-16;11681,49893096;-0,00529789;-0,01528425
2021-12-17;11609,08841269;-0,00619874;-0,02138825
2021-12-20;11435,72826212;-0,01493314;-0,03600199
2021-12-21;11629,33773506;0,01693023;-0,01968129
2021-12-22;11749,46198871;0,01032941;-0,00955517
2021-12-23;11808,72809744;0,00504416;-0,00455921
2021-12-29;11921,24623624;0,00952839;0,00000000
2021-12-30;11899,75860386;-0,00180247;-0,00180247
2021-12-31;11842,37178966;-0,00482252;-0,00661629
2022-01-04;11846,43417861;0,00034304;-0,00627552
2022-01-05;11685,54956400;-0,01358085;-0,01977114
2022-01-06;11546,16822123;-0,01192767;-0,03146299
2022-01-07;11471,30328170;-0,00648396;-0,03774295
2022-01-10;11371,77336158;-0,00867643;-0,04609190
2022-01-11;11507,29120055;0,01191704;-0,03472414
2022-01-12;11560,90528470;0,00465914;-0,03022679
2022-01-13;11427,18874789;-0,01156627;-0,04144344
2022-01-14;11371,78891508;-0,00484807;-0,04609059
2022-01-18;11246,40240163;-0,01102610;-0,05660850
2022-01-19;11131,67402120;-0,01020134;-0,06623236
2022-01-20;11119,42611363;-0,00110028;-0,06725976
2022-01-21;10919,80157401;-0,01795277;-0,08400503
2022-01-24;10706,11871747;-0,01956838;-0,10192957
2022-01-25;10644,08827346;-0,00579392;-0,10713292
2022-01-26;10788,86308889;0,01360143;-0,09498866
2022-01-27;10774,64751356;-0,00131762;-0,09618111
2022-01-28;10877,17410870;0,00951554;-0,08758079
2022-01-31;11125,28262057;0,02281002;-0,06676849
2022-02-01;11181,89306887;0,00508845;-0,06201979
2022-02-02;11235,97274074;0,00483636;-0,05748338
2022-02-03;11037,24766404;-0,01768650;-0,07415320
2022-02-04;11035,21657017;-0,00018402;-0,07432358
2022-02-07;11044,16580990;0,00081097;-0,07357288
2022-02-08;11103,75053869;0,00539513;-0,06857468
2022-02-09;11306,82458183;0,01828878;-0,05154005
2022-02-10;11137,79392649;-0,01494944;-0,06571899
2022-02-11;10932,31453489;-0,01844884;-0,08295540
2022-02-14;10845,90872474;-0,00790371;-0,09020345
2022-02-15;11036,96886371;0,01761587;-0,07417659
2022-02-16;10987,41495708;-0,00448981;-0,07833336
2022-02-17;10803,76260981;-0,01671479;-0,09373883
2022-02-18;10686,11779378;-0,01088924;-0,10360733
2022-02-22;10591,91740329;-0,00881521;-0,11150922
2022-02-23;10446,39912831;-0,01373861;-0,12371585
2022-02-24;10506,29613769;0,00573375;-0,11869146
2022-02-25;10799,25379862;0,02788401;-0,09411704
2022-02-28;10812,12006052;0,00119140;-0,09303777
2022-03-01;10645,73950129;-0,01538834;-0,10699441
2022-03-02;10658,57176132;0,00120539;-0,10591799
2022-03-03;10644,84148609;-0,00128819;-0,10706974
2022-03-04;10672,03483599;0,00255460;-0,10478866
2022-03-07;10677,28008371;0,00049149;-0,10434867
2022-03-08;10783,27998943;0,00992761;-0,09545699
2022-03-09;10750,21015013;-0,00306677;-0,09823101
2022-03-10;10710,89639371;-0,00365702;-0,10152880
2022-03-11;10659,37763704;-0,00480994;-0,10585039
2022-03-14;10517,84894147;-0,01327739;-0,11772236
2022-03-15;10493,82238001;-0,00228436;-0,11973780
2022-03-16;10644,07519076;0,01431822;-0,10713402
2022-03-17;10715,39660211;0,00670057;-0,10115131
2022-03-18;10727,61663241;0,00114042;-0,10012624
2022-03-21;10776,34921975;0,00454272;-0,09603837
2022-03-22;10780,51786699;0,00038683;-0,09568868
2022-03-23;10823,48195183;0,00398535;-0,09208469
2022-03-24;10922,31895191;0,00913172;-0,08379386
2022-03-25;10912,18167346;-0,00092813;-0,08464422
2022-03-28;10856,04032852;-0,00514483;-0,08935357
2022-03-29;10952,00917842;0,00884013;-0,08130333
2022-03-30;10961,58165182;0,00087404;-0,08050036
2022-03-31;10926,51544865;-0,00319901;-0,08344185
2022-04-01;10851,79263121;-0,00683867;-0,08970988
2022-04-04;10940,12915874;0,00814027;-0,08229988
2022-04-05;10853,11053115;-0,00795408;-0,08959933
2022-04-06;10768,09696243;-0,00783311;-0,09673060
2022-04-07;10785,64254051;0,00162940;-0,09525881
2022-04-08;10844,77238135;0,00548227;-0,09029877
2022-04-11;10779,90009049;-0,00598190;-0,09574051
2022-04-12;10825,93467228;0,00427041;-0,09187895
2022-04-13;10869,19136572;0,00399565;-0,08825041
2022-04-14;10801,16312415;-0,00625881;-0,09395688
2022-04-19;10780,03885806;-0,00195574;-0,09572887
2022-04-20;10823,46284581;0,00402818;-0,09208629
2022-04-21;10769,31544202;-0,00500278;-0,09662839
2022-04-22;10618,27042489;-0,01402550;-0,10929862
2022-04-25;10498,06410786;-0,01132071;-0,11938199
2022-04-26;10447,46823512;-0,00481954;-0,12362617
2022-04-27;10444,39316495;-0,00029434;-0,12388412
2022-04-28;10570,53217887;0,01207720;-0,11330309
2022-04-29;10483,37326754;-0,00824546;-0,12061432
2022-05-03;10410,80696286;-0,00692204;-0,12670146
2022-05-04;10500,31121697;0,00859724;-0,11919350
2022-05-05;10422,57704106;-0,00740304;-0,12571414
2022-05-06;10403,54835157;-0,00182572;-0,12731034
2022-05-09;10164,59717617;-0,02296824;-0,14735448
2022-05-10;10126,93526139;-0,00370520;-0,15051371
2022-05-11;10151,87842786;0,00246305;-0,14842138
2022-05-12;10013,42763758;-0,01363795;-0,16003516
2022-05-13;10084,85125854;0,00713278;-0,15404388
2022-05-16;10106,31430420;0,00212825;-0,15224347
2022-05-17;10119,34083892;0,00128895;-0,15115076
2022-05-18;10004,94554143;-0,01130462;-0,16074668
2022-05-19;10019,14377243;0,00141912;-0,15955567
2022-05-20;10014,40011495;-0,00047346;-0,15995359
2022-05-23;10119,90444711;0,01053526;-0,15110348
2022-05-24;10104,03139566;-0,00156850;-0,15243497
2022-05-25;10116,68533502;0,00125237;-0,15137351
2022-05-26;10193,51070185;0,00759393;-0,14492910
2022-05-27;10295,02751976;0,00995897;-0,13641348
2022-05-31;10224,75748728;-0,00682563;-0,14230800
2022-06-01;10260,27682134;0,00347386;-0,13932850
2022-06-06;10261,74658282;0,00014325;-0,13920522
2022-06-07;10260,62238932;-0,00010955;-0,13929952
2022-06-08;10261,77031525;0,00011188;-0,13920322
2022-06-09;10261,55860187;-0,00002063;-0,13922098
2022-06-10;10257,19015075;-0,00042571;-0,13958743
2022-06-13;10256,33942638;-0,00008294;-0,13965879
2022-06-14;10255,47803696;-0,00008399;-0,13973105
2022-06-15;10257,25481244;0,00017325;-0,13958200
2022-06-16;10256,76580615;-0,00004767;-0,13962302
2022-06-17;10256,14194579;-0,00006082;-0,13967535
2022-06-21;10259,70648473;0,00034755;-0,13937635
2022-06-22;10260,69527090;0,00009638;-0,13929340
2022-06-23;10261,02817148;0,00003244;-0,13926548
2022-06-24;10260,65260770;-0,00003660;-0,13929698
2022-06-27;10260,80294397;0,00001465;-0,13928437
2022-06-28;10262,29552863;0,00014546;-0,13915917
2022-06-29;10263,10544814;0,00007892;-0,13909123
2022-06-30;10263,37282338;0,00002605;-0,13906880
2022-07-01;10263,01617851;-0,00003475;-0,13909872
2022-07-05;10263,01617851;0,00000000;-0,13909872
2022-07-06;10263,01617851;0,00000000;-0,13909872
2022-07-07;10263,01617851;0,00000000;-0,13909872
2022-07-08;10261,89425777;-0,00010932;-0,13919283
2022-07-11;10263,01617851;0,00010933;-0,13909872
2022-07-12;10261,89425777;-0,00010932;-0,13919283
2022-07-13;10261,89425777;0,00000000;-0,13919283
2022-07-14;10263,01617851;0,00010933;-0,13909872
2022-07-15;10261,89425777;-0,00010932;-0,13919283
2022-07-18;10261,89425777;0,00000000;-0,13919283
2022-07-19;10261,89425777;0,00000000;-0,13919283
2022-07-20;10261,89425777;0,00000000;-0,13919283
2022-07-21;10265,25900468;0,00032789;-0,13891058
2022-07-22;10266,38194073;0,00010939;-0,13881638
2022-07-25;10265,25900468;-0,00010938;-0,13891058
2022-07-26;10265,25900468;0,00000000;-0,13891058
2022-07-27;10265,25900468;0,00000000;-0,13891058
2022-07-28;10266,38194073;0,00010939;-0,13881638
2022-07-29;10267,50690741;0,00010958;-0,13872202
2022-08-01;10268,29072895;0,00007634;-0,13865627
2022-08-02;10269,40286095;0,00010831;-0,13856298
2022-08-03;10268,29072895;-0,00010830;-0,13865627
2022-08-04;10270,51499295;0,00021661;-0,13846969
2022-08-05;10272,73724948;0,00021637;-0,13828328
2022-08-08;10273,84837775;0,00010816;-0,13819007
2022-08-09;10272,73724948;-0,00010815;-0,13828328
2022-08-10;10273,84837775;0,00010816;-0,13819007
2022-08-11;10273,84837775;0,00000000;-0,13819007
2022-08-12;10276,07063428;0,00021630;-0,13800366
2022-08-15;10274,95850229;-0,00010823;-0,13809695
2022-08-16;10276,07063428;0,00010824;-0,13800366
2022-08-17;10276,07063428;0,00000000;-0,13800366
2022-08-18;10280,51414362;0,00043241;-0,13763092
2022-08-19;10280,51414362;0,00000000;-0,13763092
2022-08-22;10281,62326443;0,00010789;-0,13753788
2022-08-23;10279,39900044;-0,00021633;-0,13772446
2022-08-24;10282,72937405;0,00032399;-0,13744510
2022-08-25;10283,84351351;0,00010835;-0,13735164
2022-08-26;10283,84351351;0,00000000;-0,13735164
2022-08-30;10284,95464178;0,00010805;-0,13725843
2022-08-31;10287,17388712;0,00021578;-0,13707228
2022-09-01;10289,29376328;0,00020607;-0,13689445
2022-09-02;10291,85965932;0,00024938;-0,13667921
2022-09-06;10290,64302761;-0,00011821;-0,13678127
2022-09-07;10292,12349116;0,00014387;-0,13665708
2022-09-08;10295,35685562;0,00031416;-0,13638586
2022-09-09;10296,12035408;0,00007416;-0,13632181
2022-09-12;10295,47453035;-0,00006272;-0,13637599
2022-09-13;10296,47628791;0,00009730;-0,13629195
2022-09-14;10295,49553378;-0,00009525;-0,13637422
2022-09-15;10298,91824242;0,00033245;-0,13608711
2022-09-16;10298,04921978;-0,00008438;-0,13616001
2022-09-20;10296,95864706;-0,00010590;-0,13625149
2022-09-21;10299,84524828;0,00028034;-0,13600935
2022-09-22;10302,70621725;0,00027777;-0,13576936
2022-09-23;10303,20900893;0,00004880;-0,13572719
2022-09-26;10302,40906965;-0,00007764;-0,13579429
2022-09-27;10304,75372247;0,00022758;-0,13559761
2022-09-28;10306,43181218;0,00016285;-0,13545685
2022-09-29;10305,97686833;-0,00004414;-0,13549501
2022-09-30;10305,85892954;-0,00001144;-0,13550490
2022-10-03;10302,21665917;-0,00035342;-0,13581043
2022-10-04;10305,59645971;0,00032807;-0,13552692
2022-10-05;10305,59645971;0,00000000;-0,13552692
2022-10-06;10307,84864512;0,00021854;-0,13533800
2022-10-07;10307,84864512;0,00000000;-0,13533800
2022-10-10;10308,97423034;0,00010920;-0,13524358
2022-10-11;10308,97423034;0,00000000;-0,13524358
2022-10-12;10308,97423034;0,00000000;-0,13524358
2022-10-13;10312,35200097;0,00032765;-0,13496024
2022-10-14;10312,35200097;0,00000000;-0,13496024
2022-10-17;10312,35200097;0,00000000;-0,13496024
2022-10-18;10312,35200097;0,00000000;-0,13496024
2022-10-19;10312,35200097;0,00000000;-0,13496024
2022-10-20;10316,86246151;0,00043738;-0,13458188
2022-10-21;10317,99413647;0,00010969;-0,13448695
2022-10-24;10316,86246151;-0,00010968;-0,13458188
2022-10-25;10316,86246151;0,00000000;-0,13458188
2022-10-26;10319,11972169;0,00021879;-0,13439254
2022-10-27;10322,50053718;0,00032763;-0,13410894
2022-10-28;10321,37292205;-0,00010924;-0,13420353
2022-10-31;10321,37292205;0,00000000;-0,13420353
2022-11-01;10322,27826201;0,00008772;-0,13412759
2022-11-02;10325,66719715;0,00032831;-0,13384331
2022-11-03;10329,05511733;0,00032811;-0,13355912
2022-11-04;10331,31136256;0,00021844;-0,13336985
2022-11-07;10330,18577733;-0,00010895;-0,13346427
2022-11-08;10331,31136256;0,00010896;-0,13336985
2022-11-09;10336,95958778;0,00054671;-0,13289606
2022-11-10;10338,09024778;0,00010938;-0,13280122
2022-11-11;10336,95958778;-0,00010937;-0,13289606
2022-11-14;10336,95958778;0,00000000;-0,13289606
2022-11-15;10339,21887787;0,00021856;-0,13270654
2022-11-16;10340,34750796;0,00010916;-0,13261187
2022-11-17;10343,73745805;0,00032784;-0,13232751
2022-11-18;10343,73745805;0,00000000;-0,13232751
2022-11-21;10344,86405823;0,00010892;-0,13223300
2022-11-22;10347,12537823;0,00021859;-0,13204331
2022-11-23;10349,38466832;0,00021835;-0,13185380
2022-11-25;10349,38466832;0,00000000;-0,13185380
2022-11-28;10350,51837319;0,00010954;-0,13175870
2022-11-29;10353,90223355;0,00032693;-0,13147485
2022-11-30;10353,90223355;0,00000000;-0,13147485
2022-12-01;10356,16862833;0,00021889;-0,13128473
2022-12-02;10357,30233319;0,00010947;-0,13118963
2022-12-05;10358,43502310;0,00010936;-0,13109462
2022-12-06;10361,83207788;0,00032795;-0,13080966
2022-12-07;10361,83207788;0,00000000;-0,13080966
2022-12-08;10368,62821734;0,00065588;-0,13023957
2022-12-09;10367,49552743;-0,00010924;-0,13033459
2022-12-12;10368,62821734;0,00010925;-0,13023957
2022-12-13;10368,62821734;0,00000000;-0,13023957
2022-12-14;10372,02425717;0,00032753;-0,12995470
2022-12-15;10374,28963699;0,00021841;-0,12976467
2022-12-16;10374,28963699;0,00000000;-0,12976467
2022-12-19;10375,54107665;0,00012063;-0,12965970
2022-12-20;10376,67579647;0,00010936;-0,12956451
2022-12-21;10377,81356115;0,00010965;-0,12946907
2022-12-22;10384,62999972;0,00065683;-0,12889728
2022-12-23;10384,62999972;0,00000000;-0,12889728
2022-12-28;10388,03923396;0,00032830;-0,12861130
2022-12-29;10392,58115811;0,00043723;-0,12823031
2022-12-30;10391,44440837;-0,00010938;-0,12832566
2023-01-03;10392,58115811;0,00010939;-0,12823031
2023-01-04;10391,45439337;-0,00010842;-0,12832483
2023-01-05;10394,83166945;0,00032501;-0,12804153
2023-01-06;10393,70691680;-0,00010820;-0,12813588
2023-01-09;10395,95742814;0,00021653;-0,12794709
2023-01-10;10394,83166945;-0,00010829;-0,12804153
2023-01-11;10394,83166945;0,00000000;-0,12804153
2023-01-12;10402,71600444;0,00075849;-0,12738016
2023-01-13;10403,84377521;0,00010841;-0,12728556
2023-01-17;10403,84377521;0,00000000;-0,12728556
2023-01-18;10404,96852786;0,00010811;-0,12719121
2023-01-19;10409,47357471;0,00043297;-0,12681331
2023-01-20;10410,60033944;0,00010824;-0,12671879
2023-01-23;10410,60033944;0,00000000;-0,12671879
2023-01-24;10411,72609813;0,00010814;-0,12662436
2023-01-25;10412,85185682;0,00010812;-0,12652992
2023-01-26;10418,48266235;0,00054076;-0,12605759
2023-01-27;10419,60942709;0,00010815;-0,12596307
2023-01-30;10419,60942709;0,00000000;-0,12596307
2023-01-31;10420,73216766;0,00010775;-0,12586889
2023-02-01;10421,41225065;0,00006526;-0,12581185
2023-02-02;10426,72032878;0,00050934;-0,12536658
2023-02-03;10428,74563281;0,00019424;-0,12519669
2023-02-06;10429,48027001;0,00007044;-0,12513507
2023-02-07;10430,57952383;0,00010540;-0,12504286
2023-02-08;10430,48751556;-0,00000882;-0,12505058
2023-02-09;10433,44687616;0,00028372;-0,12480233
2023-02-10;10434,34093442;0,00008569;-0,12472734
2023-02-13;10436,75769157;0,00023162;-0,12452461
2023-02-14;10436,42202995;-0,00003216;-0,12455277
2023-02-15;10439,24247853;0,00027025;-0,12431618
2023-02-16;10444,88203621;0,00054023;-0,12384311
2023-02-17;10445,39968166;0,00004956;-0,12379969
2023-02-21;10444,23109854;-0,00011188;-0,12389771
2023-02-22;10447,46033242;0,00030919;-0,12362683
2023-02-23;10450,80211293;0,00031987;-0,12334651
2023-02-24;10451,55472503;0,00007201;-0,12328338
2023-02-27;10452,93404392;0,00013197;-0,12316768
2023-02-28;10453,72635616;0,00007580;-0,12310121
2023-03-01;10454,66555106;0,00008984;-0,12302243
2023-03-02;10458,40115792;0,00035731;-0,12270907
2023-03-03;10461,91265313;0,00033576;-0,12241452
2023-03-06;10463,58222908;0,00015959;-0,12227447
2023-03-07;10463,51516980;-0,00000641;-0,12228009
2023-03-08;10465,64222750;0,00020328;-0,12210166
2023-03-09;10467,46785039;0,00017444;-0,12194852
2023-03-10;10467,57675559;0,00001040;-0,12193939
2023-03-13;10467,84358683;0,00002549;-0,12191701
2023-03-14;10469,99196798;0,00020524;-0,12173679
2023-03-15;10474,43398111;0,00042426;-0,12136418
2023-03-16;10480,10438482;0,00054136;-0,12088852
2023-03-17;10481,62321386;0,00014492;-0,12076112
2023-03-20;10482,57927711;0,00009121;-0,12068092
2023-03-21;10484,16187624;0,00015097;-0,12054817
2023-03-22;10486,44618654;0,00021788;-0,12035655
2023-03-23;10490,47464318;0,00038416;-0,12001863
2023-03-24;10492,04041372;0,00014926;-0,11988728
2023-03-27;10491,52827912;-0,00004881;-0,11993024
2023-03-28;10493,34887494;0,00017353;-0,11977752
2023-03-29;10494,27429307;0,00008819;-0,11969990
2023-03-30;10497,14302457;0,00027336;-0,11945926
2023-03-31;10495,52159577;-0,00015446;-0,11959527
2023-04-03;10498,33153872;0,00026773;-0,11935956
2023-04-04;10500,34641357;0,00019192;-0,11919054
2023-04-05;10505,56369892;0,00049687;-0,11875290
2023-04-06;10506,48878266;0,00008806;-0,11867530
2023-04-11;10508,30251398;0,00017263;-0,11852316
2023-04-12;10510,68307610;0,00022654;-0,11832346
2023-04-13;10517,83332926;0,00068028;-0,11772367
2023-04-14;10516,55793113;-0,00012126;-0,11783066
2023-04-17;10518,73661123;0,00020717;-0,11764790
2023-04-18;10520,18630301;0,00013782;-0,11752630
2023-04-19;10520,92514785;0,00007023;-0,11746432
2023-04-20;10528,92016669;0,00075992;-0,11679367
2023-04-21;10527,05853940;-0,00017681;-0,11694983
2023-04-24;10528,22121662;0,00011045;-0,11685230
2023-04-25;10526,58271085;-0,00015563;-0,11698974
2023-04-26;10529,06556092;0,00023586;-0,11678147
2023-04-27;10533,25966339;0,00039834;-0,11642965
2023-04-28;10533,69278901;0,00004112;-0,11639332
2023-05-02;10532,26272594;-0,00013576;-0,11651328
2023-05-03;10533,59099172;0,00012611;-0,11640186
2023-05-04;10537,28438542;0,00035063;-0,11609204
2023-05-05;10539,52406291;0,00021255;-0,11590417
2023-05-09;10541,98184608;0,00023320;-0,11569800
2023-05-10;10543,51314870;0,00014526;-0,11556955
2023-05-11;10549,69680520;0,00058649;-0,11505084
2023-05-12;10551,81135180;0,00020044;-0,11487347
2023-05-15;10553,38567504;0,00014920;-0,11474141
2023-05-16;10551,55691745;-0,00017329;-0,11489481
2023-05-17;10554,14348187;0,00024514;-0,11467784
2023-05-18;10559,85928174;0,00054157;-0,11419838
2023-05-19;10560,39985073;0,00005119;-0,11415303
2023-05-22;10561,51936480;0,00010601;-0,11405912
2023-05-23;10560,98749465;-0,00005036;-0,11410374
2023-05-24;10560,25507560;-0,00006935;-0,11416517
2023-05-25;10567,99751527;0,00073317;-0,11351571
2023-05-26;10571,66307992;0,00034686;-0,11320823
2023-05-30;10573,36554397;0,00016104;-0,11306542
2023-05-31;10575,39811507;0,00019224;-0,11289492
2023-06-01;10582,10615523;0,00063431;-0,11233222
2023-06-02;10582,64448620;0,00005087;-0,11228706
2023-06-05;10582,75113647;0,00001008;-0,11227812
2023-06-06;10585,06988549;0,00021911;-0,11208361
2023-06-07;10584,90747631;-0,00001534;-0,11209724
2023-06-08;10591,77494621;0,00064880;-0,11152117
2023-06-09;10592,94571884;0,00011054;-0,11142296
2023-06-12;10594,93518209;0,00018781;-0,11125607
2023-06-13;10597,03381269;0,00019808;-0,11108003
2023-06-14;10599,78665210;0,00025977;-0,11084911
2023-06-15;10605,26490944;0,00051683;-0,11038958
2023-06-16;10605,96711199;0,00006621;-0,11033067
2023-06-20;10607,35273599;0,00013065;-0,11021444
2023-06-21;10606,64365748;-0,00006685;-0,11027392
2023-06-22;10610,95161545;0,00040616;-0,10991255
2023-06-23;10611,76299967;0,00007647;-0,10984449
2023-06-26;10612,70724587;0,00008898;-0,10976528
2023-06-27;10615,53334793;0,00026629;-0,10952822
2023-06-28;10616,58150420;0,00009874;-0,10944030
2023-06-29;10620,03157543;0,00032497;-0,10915089
2023-06-30;10624,48771813;0,00041960;-0,10877709
2023-07-03;10627,05424229;0,00024157;-0,10856180
2023-07-05;10627,24137125;0,00001761;-0,10854611
2023-07-06;10629,16951655;0,00018143;-0,10838437
2023-07-07;10630,51078555;0,00012619;-0,10827186
2023-07-10;10632,92527997;0,00022713;-0,10806932
2023-07-11;10634,47314567;0,00014557;-0,10793948
2023-07-12;10639,00545921;0,00042619;-0,10755929
2023-07-13;10644,02545832;0,00047185;-0,10713819
2023-07-14;10644,99920112;0,00009148;-0,10705651
2023-07-17;10646,85514982;0,00017435;-0,10690083
2023-07-18;10648,71182231;0,00017439;-0,10674508
2023-07-19;10652,38448285;0,00034489;-0,10643701
2023-07-20;10656,65665102;0,00040105;-0,10607864
2023-07-21;10656,36847801;-0,00002704;-0,10610281
2023-07-24;10657,38559369;0,00009545;-0,10601749
2023-07-25;10659,41677462;0,00019059;-0,10584711
2023-07-26;10659,99292725;0,00005405;-0,10579878
2023-07-27;10665,11542410;0,00048053;-0,10536909
2023-07-28;10667,50621655;0,00022417;-0,10516854
2023-07-31;10668,91961298;0,00013250;-0,10504998
2023-08-01;10671,12553332;0,00020676;-0,10486493
2023-08-02;10670,12099305;-0,00009414;-0,10494920
2023-08-03;10674,10404995;0,00037329;-0,10461508
2023-08-04;10676,30411622;0,00020611;-0,10443053
2023-08-07;10675,84510736;-0,00004299;-0,10446904
2023-08-08;10677,02794688;0,00011080;-0,10436982
2023-08-09;10677,35520917;0,00003065;-0,10434237
2023-08-10;10683,49632162;0,00057515;-0,10382722
2023-08-11;10683,70692199;0,00001971;-0,10380956
2023-08-14;10685,46140773;0,00016422;-0,10366239
2023-08-15;10685,26814861;-0,00001809;-0,10367860
2023-08-16;10686,32409567;0,00009882;-0,10359002
2023-08-17;10689,75830573;0,00032136;-0,10330195
2023-08-18;10690,49072445;0,00006852;-0,10324051
2023-08-21;10692,74379641;0,00021075;-0,10305151
2023-08-22;10694,45338390;0,00015988;-0,10290810
2023-08-23;10698,95332028;0,00042077;-0,10253063
2023-08-24;10701,45271666;0,00023361;-0,10232097
2023-08-25;10704,04764973;0,00024248;-0,10210330
2023-08-29;10708,71333314;0,00043588;-0,10171193
2023-08-30;10711,47305306;0,00025771;-0,10148043
2023-08-31;10718,72712519;0,00067722;-0,10087193
2023-09-01;10720,95725478;0,00020806;-0,10068486
2023-09-05;10722,67927222;0,00016062;-0,10054041
2023-09-06;10721,56333261;-0,00010407;-0,10063402
2023-09-07;10726,74755005;0,00048353;-0,10019915
2023-09-08;10728,27924940;0,00014279;-0,10007066
2023-09-11;10728,55022902;0,00002526;-0,10004793
2023-09-12;10731,04984408;0,00023299;-0,09983825
2023-09-13;10732,04592284;0,00009282;-0,09975470
2023-09-14;10736,72266207;0,00043577;-0,09936239
2023-09-15;10738,69163867;0,00018339;-0,09919723
2023-09-18;10740,32745920;0,00015233;-0,09906001
2023-09-19;10741,00694448;0,00006326;-0,09900301
2023-09-20;10741,98467222;0,00009103;-0,09892100
2023-09-21;10745,56190362;0,00033301;-0,09862093
2023-09-22;10747,25090476;0,00015718;-0,09847925
2023-09-25;10747,78663443;0,00004985;-0,09843431
2023-09-26;10747,16589466;-0,00005776;-0,09848638
2023-09-27;10749,51166100;0,00021827;-0,09828960
2023-09-28;10752,80741377;0,00030660;-0,09801314
2023-09-29;10753,39020378;0,00005420;-0,09796426
2023-10-02;10754,38037781;0,00009208;-0,09788120
2023-10-03;10754,97440017;0,00005524;-0,09783137
2023-10-04;10756,31464537;0,00012462;-0,09771894
2023-10-05;10763,12320632;0,00063298;-0,09714782
2023-10-06;10764,59011851;0,00013629;-0,09702477
2023-10-09;10767,91336952;0,00030872;-0,09674600
2023-10-10;10768,89924135;0,00009156;-0,09666330
2023-10-11;10771,80464897;0,00026980;-0,09641958
2023-10-12;10776,85340352;0,00046870;-0,09599607
2023-10-13;10781,03937863;0,00038842;-0,09564494
2023-10-16;10782,47068646;0,00013276;-0,09552487
2023-10-17;10783,64444253;0,00010886;-0,09542642
2023-10-18;10785,22586001;0,00014665;-0,09529376
2023-10-19;10790,25796283;0,00046657;-0,09487165
2023-10-20;10790,89026268;0,00005860;-0,09481861
2023-10-23;10791,41618094;0,00004874;-0,09477449
2023-10-24;10793,24064116;0,00016907;-0,09462145
2023-10-25;10794,17831968;0,00008688;-0,09454279
2023-10-26;10797,43183630;0,00030141;-0,09426988
2023-10-27;10801,79720603;0,00040430;-0,09390369
2023-10-30;10802,98750923;0,00011019;-0,09380384
2023-10-31;10803,19519233;0,00001922;-0,09378642
2023-11-01;10807,49620501;0,00039812;-0,09342564
2023-11-02;10813,34993474;0,00054164;-0,09293460
2023-11-03;10815,26626782;0,00017722;-0,09277385
2023-11-06;10815,78914506;0,00004835;-0,09272999
2023-11-07;10818,78331009;0,00027683;-0,09247883
2023-11-08;10819,15507779;0,00003436;-0,09244765
2023-11-09;10825,60369548;0,00059604;-0,09190671
2023-11-10;10826,93038271;0,00012255;-0,09179542
2023-11-13;10828,69975755;0,00016342;-0,09164700
2023-11-14;10831,88412819;0,00029407;-0,09137988
2023-11-15;10834,53556485;0,00024478;-0,09115747
2023-11-16;10840,09837614;0,00051343;-0,09069084
2023-11-17;10842,73991763;0,00024368;-0,09046926
2023-11-20;10843,31235844;0,00005279;-0,09042124
2023-11-21;10847,12756262;0,00035185;-0,09010121
2023-11-22;10852,24514449;0,00047179;-0,08967192
2023-11-24;10853,13456814;0,00008196;-0,08959732
2023-11-27;10854,87817093;0,00016065;-0,08945106
2023-11-28;10858,24694327;0,00031035;-0,08916847
2023-11-29;10859,60969363;0,00012550;-0,08905416
2023-11-30;10863,98829104;0,00040320;-0,08868686
2023-12-01;10868,38563094;0,00040476;-0,08831800
2023-12-04;10865,69159251;-0,00024788;-0,08854398
2023-12-05;10868,20566872;0,00023138;-0,08833309
2023-12-06;10869,54511802;0,00012324;-0,08822074
2023-12-07;10875,05156197;0,00050659;-0,08775883
2023-12-08;10876,88752484;0,00016882;-0,08760483
2023-12-11;10878,80373902;0,00017617;-0,08744409
2023-12-12;10879,29040031;0,00004473;-0,08740326
2023-12-13;10883,32507097;0,00037086;-0,08706482
2023-12-14;10888,38300877;0,00046474;-0,08664054
2023-12-15;10891,58572503;0,00029414;-0,08637189
2023-12-18;10893,80939634;0,00020416;-0,08618536
2023-12-19;10894,48542644;0,00006206;-0,08612865
2023-12-20;10896,30260445;0,00016680;-0,08597622
2023-12-21;10904,09238323;0,00071490;-0,08532278
2023-12-22;10905,61872488;0,00013998;-0,08519474
2023-12-27;10909,47694094;0,00035378;-0,08487110
2023-12-28;10916,40256669;0,00063483;-0,08429015
2023-12-29;10916,15034735;-0,00002310;-0,08431131
2024-01-02;10915,88596135;-0,00002422;-0,08433349
2024-01-03;10917,48795792;0,00014676;-0,08419911
2024-01-04;10920,73977141;0,00029785;-0,08392633
2024-01-05;10921,50444480;0,00007002;-0,08386219
2024-01-08;10923,08887113;0,00014507;-0,08372928
2024-01-09;10924,84613451;0,00016088;-0,08358187
2024-01-10;10927,49372977;0,00024235;-0,08335978
2024-01-11;10933,49432719;0,00054913;-0,08285643
2024-01-12;10937,29841540;0,00034793;-0,08253733
2024-01-16;10937,89035417;0,00005412;-0,08248767
2024-01-17;10938,20028256;0,00002834;-0,08246168
2024-01-18;10944,83498116;0,00060656;-0,08190513
2024-01-19;10947,78901218;0,00026990;-0,08165734
2024-01-22;10949,35790991;0,00014331;-0,08152573
2024-01-23;10951,11866719;0,00016081;-0,08137803
2024-01-24;10952,19517626;0,00009830;-0,08128773
2024-01-25;10958,76108820;0,00059951;-0,08073696
2024-01-26;10959,43944094;0,00006190;-0,08068005
2024-01-29;10961,86603575;0,00022142;-0,08047650
2024-01-30;10963,28596716;0,00012953;-0,08035739
2024-01-31;10962,77651836;-0,00004647;-0,08040013
2024-02-01;10969,51115845;0,00061432;-0,07983520
2024-02-02;10972,51655044;0,00027398;-0,07958310
2024-02-05;10972,41833303;-0,00000895;-0,07959134
2024-02-06;10975,08260264;0,00024282;-0,07936785
2024-02-07;10976,97274211;0,00017222;-0,07920929
2024-02-08;10981,83426935;0,00044288;-0,07880149
2024-02-09;10983,40997942;0,00014348;-0,07866931
2024-02-12;10985,81396189;0,00021887;-0,07846766
2024-02-13;10982,66293076;-0,00028683;-0,07873198
2024-02-14;10985,86854960;0,00029188;-0,07846308
2024-02-15;10992,79059101;0,00063009;-0,07788243
2024-02-16;10995,45764147;0,00024262;-0,07765871
2024-02-20;10995,86146271;0,00003673;-0,07762484
2024-02-21;10996,77428775;0,00008302;-0,07754826
2024-02-22;11005,25168501;0,00077090;-0,07683715
2024-02-23;11007,01949638;0,00016063;-0,07668886
2024-02-26;11006,74546743;-0,00002490;-0,07671184
2024-02-27;11008,89299764;0,00019511;-0,07653170
2024-02-28;11010,14663061;0,00011387;-0,07642654
2024-02-29;11015,89986327;0,00052254;-0,07594394
2024-03-01;11022,19869548;0,00057179;-0,07541557
2024-03-04;11024,93885050;0,00024860;-0,07518571
2024-03-05;11023,90344015;-0,00009392;-0,07527257
2024-03-06;11027,76287119;0,00035010;-0,07494882
2024-03-07;11034,02278232;0,00056765;-0,07442372
2024-03-08;11035,17056491;0,00010402;-0,07432744
2024-03-11;11036,11340485;0,00008544;-0,07424835
2024-03-12;11040,11179839;0,00036230;-0,07391295
2024-03-13;11040,47523761;0,00003292;-0,07388246
2024-03-14;11044,68926969;0,00038169;-0,07352897
2024-03-15;11045,73172213;0,00009438;-0,07344153
2024-03-18;11047,84746004;0,00019154;-0,07326405
2024-03-19;11050,39890808;0,00023095;-0,07305002
2024-03-20;11053,46910739;0,00027784;-0,07279248
2024-03-21;11058,34089291;0,00044075;-0,07238382
2024-03-22;11058,70550567;0,00003297;-0,07235324
2024-03-25;11060,79929071;0,00018933;-0,07217760
2024-03-26;11062,38128996;0,00014303;-0,07204490
2024-03-27;11070,33732654;0,00071920;-0,07137751
2024-03-28;11071,86936068;0,00013839;-0,07124900
2024-04-02;11079,24650914;0,00066630;-0,07063018
2024-04-03;11080,44872872;0,00010851;-0,07052933
2024-04-04;11084,02604531;0,00032285;-0,07022925
2024-04-05;11088,23622256;0,00037984;-0,06987608
2024-04-08;11090,21628063;0,00017857;-0,06970999
2024-04-09;11091,72184299;0,00013576;-0,06958370
2024-04-10;11092,72800572;0,00009071;-0,06949930
2024-04-11;11099,39113451;0,00060068;-0,06894037
2024-04-12;11098,67881287;-0,00006418;-0,06900012
2024-04-15;11102,14951139;0,00031271;-0,06870898
2024-04-16;11102,42300069;0,00002463;-0,06868604
2024-04-17;11101,79325412;-0,00005672;-0,06873887
2024-04-18;11107,85938509;0,00054641;-0,06823002
2024-04-19;11108,24475450;0,00003469;-0,06819769
2024-04-22;11108,52566215;0,00002529;-0,06817413
2024-04-23;11110,52148370;0,00017967;-0,06800671
2024-04-24;11110,60456812;0,00000748;-0,06799974
2024-04-25;11116,01195713;0,00048669;-0,06754615
2024-04-26;11118,10834361;0,00018859;-0,06737030
2024-04-29;11120,16209232;0,00018472;-0,06719802
2024-04-30;11117,96178096;-0,00019787;-0,06738259
2024-05-01;11120,10279874;0,00019257;-0,06720299
2024-05-02;11126,47347937;0,00057290;-0,06666860
2024-05-03;11128,75081740;0,00020468;-0,06647756
2024-05-07;11130,67889456;0,00017325;-0,06631583
2024-05-08;11133,03356251;0,00021155;-0,06611831
2024-05-09;11140,11278596;0,00063588;-0,06552448
2024-05-10;11140,81761805;0,00006327;-0,06546536
2024-05-13;11142,67014968;0,00016628;-0,06530996
2024-05-14;11144,82697978;0,00019356;-0,06512903
2024-05-15;11147,86977077;0,00027302;-0,06487379
2024-05-16;11152,28355088;0,00039593;-0,06450355
2024-05-17;11154,52524525;0,00020101;-0,06431551
2024-05-20;11157,75600874;0,00028964;-0,06404450
2024-05-21;11158,92198323;0,00010450;-0,06394669
2024-05-22;11160,12062528;0,00010742;-0,06384614
2024-05-23;11165,54876224;0,00048639;-0,06339081
2024-05-24;11167,19755388;0,00014767;-0,06325250
2024-05-28;11166,88637239;-0,00002787;-0,06327861
2024-05-29;11168,36848174;0,00013272;-0,06315428
2024-05-30;11169,91010366;0,00013803;-0,06302497
2024-05-31;11171,99382964;0,00018655;-0,06285017
2024-06-03;11174,54356660;0,00022823;-0,06263629
2024-06-04;11176,36946305;0,00016340;-0,06248313
2024-06-05;11179,30987792;0,00026309;-0,06223648
2024-06-06;11180,92724760;0,00014468;-0,06210081
2024-06-07;11183,25194958;0,00020792;-0,06190580
2024-06-10;11186,38687100;0,00028032;-0,06164283
2024-06-11;11188,59990456;0,00019783;-0,06145719
2024-06-12;11192,12957371;0,00031547;-0,06116111
2024-06-13;11193,11981861;0,00008848;-0,06107805
2024-06-14;11200,16304936;0,00062925;-0,06048723
2024-06-17;11201,67036380;0,00013458;-0,06036079
2024-06-18;11204,41225215;0,00024477;-0,06013079
2024-06-20;11207,18213374;0,00024721;-0,05989844
2024-06-21;11209,58710417;0,00021459;-0,05969671
2024-06-24;11211,19225210;0,00014319;-0,05956206
2024-06-25;11211,62738898;0,00003881;-0,05952556
2024-06-26;11212,14702277;0,00004635;-0,05948197
2024-06-27;11215,36790284;0,00028727;-0,05921179
2024-06-28;11218,88972437;0,00031402;-0,05891637
2024-07-01;11223,29136033;0,00039234;-0,05854714
2024-07-02;11224,66579314;0,00012246;-0,05843185
2024-07-03;11230,10697908;0,00048475;-0,05797542
2024-07-05;11235,31569414;0,00046382;-0,05753849
2024-07-08;11236,83405781;0,00013514;-0,05741113
2024-07-09;11237,11335639;0,00002486;-0,05738770
2024-07-10;11240,61076681;0,00031124;-0,05709432
2024-07-11;11242,27013041;0,00014762;-0,05695513
2024-07-12;11247,62245784;0,00047609;-0,05650615
2024-07-15;11250,50860546;0,00025660;-0,05626405
2024-07-16;11252,46464374;0,00017386;-0,05609997
2024-07-17;11253,22758772;0,00006780;-0,05603597
2024-07-18;11253,41984327;0,00001708;-0,05601985
2024-07-19;11254,25042351;0,00007381;-0,05595017
2024-07-22;11257,92420776;0,00032644;-0,05564200
2024-07-23;11258,63971383;0,00006356;-0,05558198
2024-07-24;11258,88240554;0,00002156;-0,05556163
2024-07-25;11256,78015395;-0,00018672;-0,05573797
2024-07-26;11264,56810212;0,00069185;-0,05508469
2024-07-29;11264,31842240;-0,00002217;-0,05510563
2024-07-30;11265,55457196;0,00010974;-0,05500194
2024-07-31;11272,52640299;0,00061886;-0,05441712
2024-08-01;11272,78181722;0,00002266;-0,05439569
2024-08-02;11275,35466107;0,00022824;-0,05417987
2024-08-05;11271,85980223;-0,00030996;-0,05447303
2024-08-06;11274,67876007;0,00025009;-0,05423657
2024-08-07;11277,27184743;0,00022999;-0,05401905
2024-08-08;11281,16959650;0,00034563;-0,05369209
2024-08-09;11284,16508952;0,00026553;-0,05344082
2024-08-12;11289,90670810;0,00050882;-0,05295919
2024-08-13;11292,65071207;0,00024305;-0,05272901
2024-08-14;11293,82942581;0,00010438;-0,05263014
2024-08-15;11297,35798152;0,00031243;-0,05233415
2024-08-16;11305,57015400;0,00072691;-0,05164528
2024-08-19;11306,33528681;0,00006768;-0,05158110
2024-08-20;11308,83196690;0,00022082;-0,05137167
2024-08-21;11311,40179367;0,00022724;-0,05115610
2024-08-22;11309,07214020;-0,00020596;-0,05135152
2024-08-23;11315,58545798;0,00057594;-0,05080516
2024-08-27;11319,28658866;0,00032708;-0,05049469
2024-08-28;11319,12869809;-0,00001395;-0,05050794
2024-08-29;11319,97408902;0,00007469;-0,05043702
2024-08-30;11325,64547785;0,00050101;-0,04996128
2024-09-03;11327,54554588;0,00016777;-0,04980190
2024-09-04;11327,85576539;0,00002739;-0,04977588
2024-09-05;11329,38161639;0,00013470;-0,04964788
2024-09-06;11332,84144711;0,00030539;-0,04935766
2024-09-09;11334,74669845;0,00016812;-0,04919784
2024-09-10;11339,49926264;0,00041929;-0,04879917
2024-09-11;11340,46003741;0,00008473;-0,04871858
2024-09-12;11344,94455441;0,00039544;-0,04834240
2024-09-13;11352,71359691;0,00068480;-0,04769071
2024-09-16;11354,54245452;0,00016109;-0,04753729
2024-09-17;11355,76021638;0,00010725;-0,04743514
2024-09-18;11356,45722458;0,00006138;-0,04737668
2024-09-19;11362,43467842;0,00052635;-0,04687526
2024-09-20;11367,92071983;0,00048282;-0,04641507
2024-09-23;11369,30490590;0,00012176;-0,04629896
2024-09-24;11372,31309739;0,00026459;-0,04604662
2024-09-25;11374,92315569;0,00022951;-0,04582768
2024-09-26;11375,97261043;0,00009226;-0,04573965
2024-09-27;11378,63980503;0,00023446;-0,04551592
2024-09-30;11378,81264119;0,00001519;-0,04550142
2024-10-01;11381,72967834;0,00025636;-0,04525672
2024-10-02;11383,39868719;0,00014664;-0,04511672
2024-10-03;11386,41919333;0,00026534;-0,04486335
2024-10-04;11389,26055590;0,00024954;-0,04462501
2024-10-07;11391,50538664;0,00019710;-0,04443670
2024-10-08;11391,36272240;-0,00001252;-0,04444867
2024-10-09;11392,99650289;0,00014342;-0,04431162
2024-10-10;11395,08946286;0,00018371;-0,04413605
2024-10-11;11402,49436464;0,00064983;-0,04351490
2024-10-14;11402,10606743;-0,00003405;-0,04354747
2024-10-15;11404,82132214;0,00023814;-0,04331971
2024-10-16;11405,66520685;0,00007399;-0,04324892
2024-10-17;11409,17412971;0,00030765;-0,04295458
2024-10-18;11413,89205269;0,00041352;-0,04255882
2024-10-21;11416,34454754;0,00021487;-0,04235310
2024-10-22;11418,59905097;0,00019748;-0,04216398
2024-10-23;11416,53742463;-0,00018055;-0,04233692
2024-10-24;11418,58553082;0,00017940;-0,04216511
2024-10-25;11424,16106631;0,00048829;-0,04169742
2024-10-28;11424,07711148;-0,00000735;-0,04170446
2024-10-29;11428,01819126;0,00034498;-0,04137387
2024-10-30;11429,15054819;0,00009909;-0,04127888
2024-10-31;11428,26183713;-0,00007776;-0,04135343
2024-11-01;11432,94433173;0,00040973;-0,04096064
2024-11-04;11435,21278352;0,00019841;-0,04077036
2024-11-05;11436,10277924;0,00007783;-0,04069570
2024-11-06;11438,29630477;0,00019181;-0,04051170
2024-11-07;11441,93890723;0,00031846;-0,04020614
2024-11-08;11447,74669992;0,00050759;-0,03971896
2024-11-11;11444,72337304;-0,00026410;-0,03997257
2024-11-12;11445,37977202;0,00005735;-0,03991751
2024-11-13;11447,01295581;0,00014269;-0,03978051
2024-11-14;11446,67660084;-0,00002938;-0,03980873
2024-11-15;11448,67917283;0,00017495;-0,03964074
2024-11-18;11451,88506596;0,00028002;-0,03937182
2024-11-19;11456,52478577;0,00040515;-0,03898262
2024-11-20;11458,06604242;0,00013453;-0,03885334
2024-11-21;11461,30014256;0,00028226;-0,03858205
2024-11-22;11466,80933330;0,00048068;-0,03811992
2024-11-25;11465,56344158;-0,00010865;-0,03822443
2024-11-26;11465,99946957;0,00003803;-0,03818785
2024-11-27;11468,65737355;0,00023181;-0,03796490
2024-11-29;11472,63154543;0,00034652;-0,03763153
2024-12-02;11475,75332440;0,00027211;-0,03736966
2024-12-03;11478,50319575;0,00023962;-0,03713899
2024-12-04;11480,70682831;0,00019198;-0,03695414
2024-12-05;11481,11361076;0,00003543;-0,03692002
2024-12-06;11486,24479595;0,00044692;-0,03648959
2024-12-09;11487,75675011;0,00013163;-0,03636277
2024-12-10;11490,72886349;0,00025872;-0,03611345
2024-12-11;11493,60035618;0,00024990;-0,03587258
2024-12-12;11494,71880395;0,00009731;-0,03577876
2024-12-13;11497,53952436;0,00024539;-0,03554215
2024-12-16;11499,15129567;0,00014018;-0,03540695
2024-12-17;11499,60227207;0,00003922;-0,03536912
2024-12-18;11496,79169001;-0,00024441;-0,03560488
2024-12-19;11497,65134980;0,00007477;-0,03553277
2024-12-20;11504,22501097;0,00057174;-0,03498134
2024-12-23;11504,30782680;0,00000720;-0,03497440
2024-12-24;11507,68836293;0,00029385;-0,03469083
2024-12-27;11514,43997771;0,00058670;-0,03412447
2024-12-30;11513,45587306;-0,00008547;-0,03420702
2024-12-31;11516,31611824;0,00024843;-0,03396710
2025-01-02;11520,48586920;0,00036207;-0,03361732
2025-01-03;11521,53343640;0,00009093;-0,03352945
2025-01-06;11523,60141790;0,00017949;-0,03335598
2025-01-07;11525,37022676;0,00015349;-0,03320760
2025-01-08;11528,63730645;0,00028347;-0,03293355
2025-01-10;11532,25419619;0,00031373;-0,03263015
2025-01-13;11532,22417312;-0,00000260;-0,03263267
2025-01-14;11535,53867174;0,00028741;-0,03235463
2025-01-15;11538,91067486;0,00029231;-0,03207178
2025-01-16;11539,48477407;0,00004975;-0,03202362
2025-01-17;11546,58324392;0,00061515;-0,03142817
2025-01-21;11547,96178463;0,00011939;-0,03131254
2025-01-22;11552,29783427;0,00037548;-0,03094881
2025-01-23;11552,18267263;-0,00000997;-0,03095847
2025-01-24;11556,93263543;0,00041117;-0,03056003
2025-01-27;11554,33062723;-0,00022515;-0,03077829
2025-01-28;11556,59141196;0,00019567;-0,03058865
2025-01-29;11557,39134786;0,00006922;-0,03052155
2025-01-30;11560,08417225;0,00023300;-0,03029566
2025-01-31;11564,38163133;0,00037175;-0,02993518
2025-02-03;11566,62262947;0,00019378;-0,02974719
2025-02-04;11567,98047273;0,00011739;-0,02963329
2025-02-05;11570,11516012;0,00018453;-0,02945423
2025-02-06;11573,32599284;0,00027751;-0,02918489
2025-02-07;11575,48568626;0,00018661;-0,02900373
2025-02-10;11578,90489029;0,00029538;-0,02871691
2025-02-11;11579,75860412;0,00007373;-0,02864530
2025-02-12;11580,72531823;0,00008348;-0,02856420
2025-02-13;11584,69229059;0,00034255;-0,02823144
2025-02-14;11587,15381415;0,00021248;-0,02802496
2025-02-18;11591,43316265;0,00036932;-0,02766599
2025-02-19;11592,85585543;0,00012274;-0,02754665
2025-02-20;11594,75635565;0,00016394;-0,02738723
2025-02-21;11597,35396942;0,00022403;-0,02716933
2025-02-24;11597,96989716;0,00005311;-0,02711766
2025-02-25;11595,62516463;-0,00020217;-0,02731435
2025-02-26;11599,21137341;0,00030927;-0,02701352
2025-02-27;11597,76109482;-0,00012503;-0,02713518
2025-02-28;11599,72743077;0,00016954;-0,02697023
2025-03-03;11602,29635726;0,00022146;-0,02675474
2025-03-04;11601,18642269;-0,00009567;-0,02684785
2025-03-05;11602,87339062;0,00014541;-0,02670634
2025-03-06;11603,15310123;0,00002411;-0,02668288
2025-03-07;11607,60015230;0,00038326;-0,02630984
2025-03-10;11606,44149471;-0,00009982;-0,02640703
2025-03-11;11607,60935714;0,00010062;-0,02630907
2025-03-12;11610,03579987;0,00020904;-0,02610553
2025-03-13;11612,87643407;0,00024467;-0,02586725
2025-03-14;11617,18463159;0,00037098;-0,02550586
2025-03-17;11620,51513231;0,00028669;-0,02522648
2025-03-18;11620,85928126;0,00002962;-0,02519761
2025-03-19;11623,26112405;0,00020668;-0,02499614
2025-03-20;11625,46519945;0,00018963;-0,02481125
2025-03-21;11628,54655858;0,00026505;-0,02455278
2025-03-24;11629,56757299;0,00008780;-0,02446713
2025-03-25;11631,33841729;0,00015227;-0,02431858
2025-03-26;11631,67113517;0,00002861;-0,02429067
2025-03-27;11634,52261701;0,00024515;-0,02405148
2025-03-28;11637,30048424;0,00023876;-0,02381846
2025-03-31;11638,18234388;0,00007578;-0,02374449
2025-04-01;11641,54936697;0,00028931;-0,02346205
2025-04-02;11643,15264124;0,00013772;-0,02332756
2025-04-03;11639,59296437;-0,00030573;-0,02362616
2025-04-04;11637,68618925;-0,00016382;-0,02378611
2025-04-07;11636,51020488;-0,00010105;-0,02388475
2025-04-08;11640,29368716;0,00032514;-0,02356738
2025-04-09;11644,81408008;0,00038834;-0,02318819
2025-04-10;11648,50029559;0,00031655;-0,02287898
2025-04-11;11655,43353807;0,00059520;-0,02229739
2025-04-14;11656,22530650;0,00006793;-0,02223098
2025-04-15;11659,36775521;0,00026959;-0,02196737
2025-04-16;11662,01034324;0,00022665;-0,02174570
2025-04-17;11665,92688817;0,00033584;-0,02141717
2025-04-22;11668,14573860;0,00019020;-0,02123104
2025-04-23;11670,75054825;0,00022324;-0,02101254
2025-04-24;11673,34061424;0,00022193;-0,02079528
2025-04-25;11678,07969087;0,00040597;-0,02039775
2025-04-28;11680,35772731;0,00019507;-0,02020665
2025-04-29;11679,93445190;-0,00003624;-0,02024216
2025-04-30;11680,78688587;0,00007298;-0,02017066
2025-05-01;11683,36835794;0,00022100;-0,01995411
2025-05-02;11688,04398527;0,00040020;-0,01956190
2025-05-06;11694,35943359;0,00054033;-0,01903214
2025-05-07;11693,26162667;-0,00009387;-0,01912423
2025-05-08;11695,03023676;0,00015125;-0,01897587
2025-05-09;11699,26059125;0,00036172;-0,01862101
2025-05-12;11699,52328029;0,00002245;-0,01859897
2025-05-13;11703,38342169;0,00032994;-0,01827517
2025-05-14;11701,83132122;-0,00013262;-0,01840537
2025-05-15;11704,47272831;0,00022573;-0,01818380
2025-05-16;11708,94544446;0,00038214;-0,01780861
2025-05-19;11709,66432549;0,00006140;-0,01774830
2025-05-20;11713,66919044;0,00034201;-0,01741236
2025-05-21;11714,65539099;0,00008419;-0,01732963
2025-05-22;11715,92527688;0,00010840;-0,01722311
2025-05-23;11721,80078804;0,00050150;-0,01673025
2025-05-27;11721,90204434;0,00000864;-0,01672176
2025-05-28;11722,92600876;0,00008735;-0,01663586
2025-05-29;11724,66700463;0,00014851;-0,01648982
2025-05-30;11727,86749076;0,00027297;-0,01622135
2025-06-02;11732,04090593;0,00035585;-0,01587127
2025-06-03;11734,90744666;0,00024433;-0,01563081
2025-06-04;11735,37042589;0,00003945;-0,01559198
2025-06-05;11736,27179064;0,00007681;-0,01551637
2025-06-06;11739,71039933;0,00029299;-0,01522792
2025-06-09;11742,62517041;0,00024828;-0,01498342
2025-06-10;11744,24431271;0,00013789;-0,01484760
2025-06-11;11744,68027139;0,00003712;-0,01481103
2025-06-12;11746,75285800;0,00017647;-0,01463718
2025-06-13;11752,07387081;0,00045298;-0,01419083
2025-06-16;11751,81893391;-0,00002169;-0,01421221
2025-06-17;11754,11741741;0,00019559;-0,01401941
2025-06-18;11756,49671220;0,00020242;-0,01381982
2025-06-20;11758,61001705;0,00017976;-0,01364255
2025-06-23;11761,56106174;0,00025097;-0,01339501
2025-06-24;11761,41912219;-0,00001207;-0,01340691
2025-06-25;11763,07794572;0,00014104;-0,01326776
2025-06-26;11764,42860229;0,00011482;-0,01315447
2025-06-27;11768,85823694;0,00037653;-0,01278289
2025-06-30;11771,16627128;0,00019611;-0,01258928
2025-07-01;11773,50542250;0,00019872;-0,01239307
2025-07-02;11775,77214432;0,00019253;-0,01220293
2025-07-03;11782,31297411;0,00055545;-0,01165426
2025-07-07;11783,22973292;0,00007781;-0,01157736
2025-07-08;11782,95086293;-0,00002367;-0,01160075
2025-07-09;11784,68223674;0,00014694;-0,01145551
2025-07-10;11787,54693844;0,00024309;-0,01121521
2025-07-11;11790,49725702;0,00025029;-0,01096773
2025-07-14;11791,74114448;0,00010550;-0,01086339
2025-07-15;11793,13677937;0,00011836;-0,01074631
2025-07-16;11795,51231854;0,00020143;-0,01054704
2025-07-17;11796,21851689;0,00005987;-0,01048781
2025-07-18;11801,42931718;0,00044173;-0,01005070
2025-07-21;11804,87376679;0,00029187;-0,00976177
2025-07-22;11806,23277553;0,00011512;-0,00964777
2025-07-23;11807,14968356;0,00007766;-0,00957086
2025-07-24;11807,28869792;0,00001177;-0,00955920
2025-07-25;11810,91039374;0,00030673;-0,00925539
2025-07-28;11812,10327387;0,00010100;-0,00915533
2025-07-29;11813,57256751;0,00012439;-0,00903208
2025-07-30;11814,16202214;0,00004990;-0,00898264
2025-07-31;11815,72439194;0,00013225;-0,00885158
2025-08-01;11820,27724575;0,00038532;-0,00846967
2025-08-04;11822,67029948;0,00020245;-0,00826893
2025-08-05;11822,43401151;-0,00001999;-0,00828875
2025-08-06;11826,58152403;0,00035082;-0,00794084
2025-08-07;11826,83616636;0,00002153;-0,00791948
2025-08-08;11831,00244363;0,00035227;-0,00757000
2025-08-11;11831,63400880;0,00005338;-0,00751702
2025-08-12;11833,18082423;0,00013074;-0,00738727
2025-08-13;11834,61790299;0,00012144;-0,00726672
2025-08-14;11835,61591770;0,00008433;-0,00718300
2025-08-15;11840,60865946;0,00042184;-0,00676419
2025-08-18;11840,65719118;0,00000410;-0,00676012
2025-08-19;11842,61223523;0,00016511;-0,00659612
2025-08-20;11845,36096128;0,00023210;-0,00636555
2025-08-21;11845,24012197;-0,00001020;-0,00637569
2025-08-22;11850,08668318;0,00040916;-0,00596914
2025-08-26;11852,74016422;0,00022392;-0,00574655
2025-08-27;11854,42504021;0,00014215;-0,00560522
2025-08-28;11856,16405844;0,00014670;-0,00545934
2025-08-29;11861,24580608;0,00042862;-0,00503307
2025-09-02;11864,86106794;0,00030480;-0,00472980
2025-09-03;11866,82078102;0,00016517;-0,00456542
2025-09-04;11869,55059349;0,00023004;-0,00433643
2025-09-05;11873,81242269;0,00035906;-0,00397893
2025-09-08;11876,05435508;0,00018881;-0,00379087
2025-09-09;11877,24591075;0,00010033;-0,00369092
2025-09-10;11879,24270933;0,00016812;-0,00352342
2025-09-11;11880,77754561;0,00012920;-0,00339467
2025-09-12;11884,72695248;0,00033242;-0,00306338
2025-09-15;11886,80024211;0,00017445;-0,00288946
2025-09-16;11887,91351234;0,00009366;-0,00279608
2025-09-17;11888,67707045;0,00006423;-0,00273203
2025-09-18;11890,67729875;0,00016825;-0,00256424
2025-09-19;11896,70249887;0,00050672;-0,00205882
2025-09-22;11899,31819580;0,00021987;-0,00183941
2025-09-23;11899,40588431;0,00000737;-0,00183205
2025-09-24;11901,31227921;0,00016021;-0,00167214
2025-09-25;11901,51947679;0,00001741;-0,00165476
2025-09-26;11905,65258442;0,00034728;-0,00130806
2025-09-29;11908,09126613;0,00020483;-0,00110349
2025-09-30;11908,54530270;0,00003813;-0,00106540
2025-10-01;11911,75486494;0,00026952;-0,00079617
2025-10-02;11913,21994641;0,00012299;-0,00067328
2025-10-03;11916,08585968;0,00024057;-0,00043287
2025-10-06;11919,49442302;0,00028605;-0,00014695
2025-10-07;11919,48442109;-0,00000084;-0,00014779
2025-10-08;11923,12867387;0,00030574;0,00000000
2025-10-09;11922,58399093;-0,00004568;-0,00004568
2025-10-10;11926,81518844;0,00035489;0,00000000
2025-10-13;11929,48351676;0,00022373;0,00000000
2025-10-14;11929,53517392;0,00000433;0,00000000
2025-10-15;11931,66610464;0,00017863;0,00000000
2025-10-16;11933,74492859;0,00017423;0,00000000
2025-10-17;11935,42584780;0,00014085;0,00000000
2025-10-20;11939,96819928;0,00038058;0,00000000
2025-10-21;11937,75077555;-0,00018571;-0,00018571
2025-10-22;11939,99106608;0,00018766;0,00000000
2025-10-23;11941,84912077;0,00015562;0,00000000
2025-10-24;11956,67218658;0,00124127;0,00000000
2025-10-27;11945,77886944;-0,00091107;-0,00091107
2025-10-28;11947,25508444;0,00012358;-0,00078760
2025-10-29;11951,30874364;0,00033930;-0,00044857
2025-10-30;11951,73196949;0,00003541;-0,00041318
2025-10-31;11954,07488273;0,00019603;-0,00021723
2025-11-03;11955,91077252;0,00015358;-0,00006368
2025-11-04;11956,42204279;0,00004276;-0,00002092
2025-11-05;11958,05289427;0,00013640;0,00000000
2025-11-06;11958,79808542;0,00006232;0,00000000
2025-11-07;11962,53790468;0,00031273;0,00000000
2025-11-10;11966,46033852;0,00032789;0,00000000
2025-11-11;11965,25381972;-0,00010083;-0,00010083
2025-11-12;11967,14309620;0,00015790;0,00000000
2025-11-13;11967,64577366;0,00004200;0,00000000
2025-11-14;11972,43800783;0,00040043;0,00000000
2025-11-17;11971,82644943;-0,00005108;-0,00005108
2025-11-18;11974,15197090;0,00019425;0,00000000
2025-11-19;11974,35130542;0,00001665;0,00000000
2025-11-20;11976,61617811;0,00018914;0,00000000
2025-11-21;11978,96787309;0,00019636;0,00000000
2025-11-24;11979,91669975;0,00007921;0,00000000
2025-11-25;11982,55156130;0,00021994;0,00000000
2025-11-26;11984,40582014;0,00015475;0,00000000
2025-11-28;11988,76285751;0,00036356;0,00000000
2025-12-01;11990,31998137;0,00012988;0,00000000
2025-12-02;11994,25538784;0,00032822;0,00000000
2025-12-03;11995,45661831;0,00010015;0,00000000
2025-12-04;11996,84542637;0,00011578;0,00000000
2025-12-05;11999,58974690;0,00022875;0,00000000
2025-12-08;12000,90505141;0,00010961;0,00000000
2025-12-09;12003,71373208;0,00023404;0,00000000
2025-12-10;12003,82285586;0,00000909;0,00000000
2025-12-11;12005,28107969;0,00012148;0,00000000
2025-12-12;12010,18418436;0,00040841;0,00000000
2025-12-15;12010,09519311;-0,00000741;-0,00000741
2025-12-16;12011,25684161;0,00009672;0,00000000
2025-12-17;12012,39782102;0,00009499;0,00000000
2025-12-18;12014,69963801;0,00019162;0,00000000
2025-12-19;12019,03312655;0,00036068;0,00000000
2025-12-22;12019,65288426;0,00005156;0,00000000
2025-12-23;12020,07505082;0,00003512;0,00000000
2025-12-24;12023,92824187;0,00032056;0,00000000
2025-12-29;12027,01411830;0,00025664;0,00000000
2025-12-30;12028,37412938;0,00011308;0,00000000
2025-12-31;12029,35250095;0,00008134;0,00000000
2026-01-02;12034,64170350;0,00043969;0,00000000
2026-01-05;12035,24782885;0,00005037;0,00000000
2026-01-06;12036,95402873;0,00014177;0,00000000
2026-01-07;12039,46515161;0,00020862;0,00000000
2026-01-08;12039,36058153;-0,00000869;-0,00000869
2026-01-09;12042,39362212;0,00025193;0,00000000
2026-01-12;12044,07780489;0,00013985;0,00000000
2026-01-13;12045,35389337;0,00010595;0,00000000
2026-01-14;12046,61161844;0,00010442;0,00000000
2026-01-15;12046,74045420;0,00001069;0,00000000
2026-01-16;12051,87458988;0,00042618;0,00000000
2026-01-20;12052,00686779;0,00001098;0,00000000
2026-01-21;12053,76609692;0,00014597;0,00000000
2026-01-22;12055,60217860;0,00015232;0,00000000
2026-01-23;12059,71408036;0,00034108;0,00000000
2026-01-26;12060,05159810;0,00002799;0,00000000
2026-01-27;12062,02701336;0,00016380;0,00000000
2026-01-28;12064,18540596;0,00017894;0,00000000
2026-01-29;12066,55779549;0,00019665;0,00000000
2026-01-30;12066,85143711;0,00002434;0,00000000
2026-02-02;12068,17964611;0,00011007;0,00000000
2026-02-03;12068,80994461;0,00005223;0,00000000
2026-02-04;12071,11895042;0,00019132;0,00000000
2026-02-05;12070,47638409;-0,00005323;-0,00005323
2026-02-06;12075,41358886;0,00040903;0,00000000
2026-02-09;12076,11044234;0,00005771;0,00000000
2026-02-10;12077,24004864;0,00009354;0,00000000
2026-02-11;12080,07322164;0,00023459;0,00000000
2026-02-12;12079,09403968;-0,00008106;-0,00008106
2026-02-13;12084,76849471;0,00046977;0,00000000
2026-02-17;12085,62240802;0,00007066;0,00000000
2026-02-18;12087,52271310;0,00015724;0,00000000
2026-02-19;12087,54382232;0,00000175;0,00000000
2026-02-20;12091,87996410;0,00035873;0,00000000
2026-02-23;12092,07442718;0,00001608;0,00000000
2026-02-24;12094,62032881;0,00021054;0,00000000
2026-02-25;12096,21539858;0,00013188;0,00000000
2026-02-26;12097,51134847;0,00010714;0,00000000
2026-02-27;12100,23089244;0,00022480;0,00000000
2026-03-02;12102,20150978;0,00016286;0,00000000
2026-03-03;12102,50725685;0,00002526;0,00000000
2026-03-04;12104,26463330;0,00014521;0,00000000
2026-03-05;12105,34609708;0,00008935;0,00000000
2026-03-09;12109,17453477;0,00031626;0,00000000
2026-03-10;12110,84608089;0,00013804;0,00000000
2026-03-11;12110,76194288;-0,00000695;-0,00000695
2026-03-12;12112,85633053;0,00017294;0,00000000
2026-03-13;12116,55576754;0,00030541;0,00000000
2026-03-16;12116,72227457;0,00001374;0,00000000
2026-03-17;12118,09638033;0,00011341;0,00000000
2026-03-18;12120,09323714;0,00016478;0,00000000
2026-03-19;12119,33767145;-0,00006234;-0,00006234
2026-03-20;12122,60637170;0,00026971;0,00000000
2026-03-23;12123,78896462;0,00009755;0,00000000
2026-03-24;12125,06149630;0,00010496;0,00000000
2026-03-25;12124,26174101;-0,00006596;-0,00006596
2026-03-26;12125,96902397;0,00014082;0,00000000
2026-03-27;12130,00176046;0,00033257;0,00000000
2026-03-30;12131,23422643;0,00010160;0,00000000
2026-03-31;12132,17392983;0,00007746;0,00000000
2026-04-01;12135,98819927;0,00031439;0,00000000
2026-04-02;12138,54137495;0,00021038;0,00000000
2026-04-07;12142,60293668;0,00033460;0,00000000
2026-04-08;12143,14261492;0,00004445;0,00000000
2026-04-09;12144,59286203;0,00011943;0,00000000
2026-04-10;12148,60855729;0,00033066;0,00000000
2026-04-13;12148,73789010;0,00001065;0,00000000
2026-04-14;12150,51958000;0,00014666;0,00000000
2026-04-15;12151,92947828;0,00011604;0,00000000
2026-04-16;12153,42084390;0,00012273;0,00000000
2026-04-17;12157,79234840;0,00035969;0,00000000
2026-04-20;12159,00563105;0,00009979;0,00000000
2026-04-21;12160,05991273;0,00008671;0,00000000
2026-04-22;12160,40287833;0,00002820;0,00000000
2026-04-23;12162,85841615;0,00020193;0,00000000
2026-04-24;12165,78458664;0,00024058;0,00000000
2026-04-27;12167,03555840;0,00010283;0,00000000
2026-04-28;12168,00827245;0,00007995;0,00000000
2026-04-29;12167,99333311;-0,00000123;-0,00000123
2026-04-30;12169,50086922;0,00012389;0,00000000
2026-05-01;12173,70234834;0,00034525;0,00000000
2026-05-05;12177,76101882;0,00033340;0,00000000
2026-05-06;12176,88606432;-0,00007185;-0,00007185
2026-05-07;12179,54839166;0,00021864;0,00000000
2026-05-08;12182,43794725;0,00023725;0,00000000
2026-05-11;12185,21377907;0,00022786;0,00000000
2026-05-12;12186,40858636;0,00009805;0,00000000
2026-05-13;12186,50253198;0,00000771;0,00000000
2026-05-14;12189,31121689;0,00023048;0,00000000
2026-05-15;12191,69666706;0,00019570;0,00000000
2026-05-18;12191,57350319;-0,00001010;-0,00001010
2026-05-19;12194,05121072;0,00020323;0,00000000
2026-05-20;12196,99402551;0,00024133;0,00000000
2026-05-21;12197,05210779;0,00000476;0,00000000
2026-05-22;12199,80083619;0,00022536;0,00000000
2026-05-26;12202,66030771;0,00023439;0,00000000
2026-05-27;12203,88342361;0,00010023;0,00000000
2026-05-28;12205,39175605;0,00012359;0,00000000
2026-05-29;12209,60728053;0,00034538;0,00000000
2026-06-01;12210,88644977;0,00010477;0,00000000
2026-06-02;12209,67740815;-0,00009901;-0,00009901
2026-06-03;12212,19205033;0,00020595;0,00000000
2026-06-04;12212,15131236;-0,00000334;-0,00000334
2026-06-05;12216,74157821;0,00037588;0,00000000
2026-06-08;12218,19581748;0,00011904;0,00000000
2026-06-09;12217,84413970;-0,00002878;-0,00002878
2026-06-10;12218,76523276;0,00007539;0,00000000
2026-06-11;12220,52620862;0,00014412;0,00000000
2026-06-12;12224,70846235;0,00034223;0,00000000
2026-06-15;12225,20975331;0,00004101;0,00000000
2026-06-16;12226,37534071;0,00009534;0,00000000
2026-06-17;12227,55424187;0,00009642;0,00000000
2026-06-18;12233,10759394;0,00045417;0,00000000
2026-06-22;12233,08404598;-0,00000192;-0,00000192
2026-06-23;12233,95469668;0,00007117;0,00000000
2026-06-24;12235,11602214;0,00009493;0,00000000
2026-06-25;12236,50790295;0,00011376;0,00000000
2026-06-26;12240,44220803;0,00032152;0,00000000
2026-06-29;12241,84806534;0,00011485;0,00000000
2026-06-30;12242,09240954;0,00001996;0,00000000
