Date;value;daily_return;drawdown
2014-01-02;10000,00000000;;0,00000000
2014-01-03;10000,00000000;0,00000000;0,00000000
2014-01-06;10000,00000000;0,00000000;0,00000000
2014-01-07;10000,00000000;0,00000000;0,00000000
2014-01-08;10000,00000000;0,00000000;0,00000000
2014-01-09;10000,00000000;0,00000000;0,00000000
2014-01-10;10000,00000000;0,00000000;0,00000000
2014-01-13;10000,00000000;0,00000000;0,00000000
2014-01-14;10000,00000000;0,00000000;0,00000000
2014-01-15;10000,00000000;0,00000000;0,00000000
2014-01-16;10000,00000000;0,00000000;0,00000000
2014-01-17;10000,00000000;0,00000000;0,00000000
2014-01-21;10000,00000000;0,00000000;0,00000000
2014-01-22;10000,00000000;0,00000000;0,00000000
2014-01-23;10000,00000000;0,00000000;0,00000000
2014-01-24;10000,00000000;0,00000000;0,00000000
2014-01-27;10000,00000000;0,00000000;0,00000000
2014-01-28;10000,00000000;0,00000000;0,00000000
2014-01-29;10000,00000000;0,00000000;0,00000000
2014-01-30;10000,00000000;0,00000000;0,00000000
2014-01-31;10000,00000000;0,00000000;0,00000000
2014-02-03;10000,00000000;0,00000000;0,00000000
2014-02-04;10000,00000000;0,00000000;0,00000000
2014-02-05;10000,00000000;0,00000000;0,00000000
2014-02-06;10000,00000000;0,00000000;0,00000000
2014-02-07;10000,00000000;0,00000000;0,00000000
2014-02-10;10000,00000000;0,00000000;0,00000000
2014-02-11;10000,00000000;0,00000000;0,00000000
2014-02-12;10000,00000000;0,00000000;0,00000000
2014-02-13;10000,00000000;0,00000000;0,00000000
2014-02-14;10000,00000000;0,00000000;0,00000000
2014-02-18;10000,00000000;0,00000000;0,00000000
2014-02-19;10000,00000000;0,00000000;0,00000000
2014-02-20;10000,00000000;0,00000000;0,00000000
2014-02-21;10000,00000000;0,00000000;0,00000000
2014-02-24;10000,00000000;0,00000000;0,00000000
2014-02-25;10000,00000000;0,00000000;0,00000000
2014-02-26;10000,00000000;0,00000000;0,00000000
2014-02-27;10000,00000000;0,00000000;0,00000000
2014-02-28;10000,00000000;0,00000000;0,00000000
2014-03-03;10000,00000000;0,00000000;0,00000000
2014-03-04;10000,00000000;0,00000000;0,00000000
2014-03-05;10000,00000000;0,00000000;0,00000000
2014-03-06;10000,00000000;0,00000000;0,00000000
2014-03-07;10000,00000000;0,00000000;0,00000000
2014-03-10;10000,00000000;0,00000000;0,00000000
2014-03-11;10000,00000000;0,00000000;0,00000000
2014-03-12;10000,00000000;0,00000000;0,00000000
2014-03-13;10000,00000000;0,00000000;0,00000000
2014-03-14;10000,00000000;0,00000000;0,00000000
2014-03-17;10000,00000000;0,00000000;0,00000000
2014-03-18;10000,00000000;0,00000000;0,00000000
2014-03-19;10000,00000000;0,00000000;0,00000000
2014-03-20;10000,00000000;0,00000000;0,00000000
2014-03-21;10000,00000000;0,00000000;0,00000000
2014-03-24;10000,00000000;0,00000000;0,00000000
2014-03-25;10000,00000000;0,00000000;0,00000000
2014-03-26;10000,00000000;0,00000000;0,00000000
2014-03-27;10000,00000000;0,00000000;0,00000000
2014-03-28;10000,00000000;0,00000000;0,00000000
2014-03-31;10000,00000000;0,00000000;0,00000000
2014-04-01;10000,00000000;0,00000000;0,00000000
2014-04-02;10000,00000000;0,00000000;0,00000000
2014-04-03;10000,00000000;0,00000000;0,00000000
2014-04-04;10000,00000000;0,00000000;0,00000000
2014-04-07;10000,00000000;0,00000000;0,00000000
2014-04-08;10000,00000000;0,00000000;0,00000000
2014-04-09;10000,00000000;0,00000000;0,00000000
2014-04-10;10000,00000000;0,00000000;0,00000000
2014-04-11;10000,00000000;0,00000000;0,00000000
2014-04-14;10000,00000000;0,00000000;0,00000000
2014-04-15;10000,00000000;0,00000000;0,00000000
2014-04-16;10000,00000000;0,00000000;0,00000000
2014-04-17;10000,00000000;0,00000000;0,00000000
2014-04-22;10000,00000000;0,00000000;0,00000000
2014-04-23;10000,00000000;0,00000000;0,00000000
2014-04-24;10000,00000000;0,00000000;0,00000000
2014-04-25;10000,00000000;0,00000000;0,00000000
2014-04-28;10000,00000000;0,00000000;0,00000000
2014-04-29;10000,00000000;0,00000000;0,00000000
2014-04-30;10000,00000000;0,00000000;0,00000000
2014-05-01;10000,00000000;0,00000000;0,00000000
2014-05-02;10000,00000000;0,00000000;0,00000000
2014-05-06;10000,00000000;0,00000000;0,00000000
2014-05-07;10000,00000000;0,00000000;0,00000000
2014-05-08;10000,00000000;0,00000000;0,00000000
2014-05-09;10000,00000000;0,00000000;0,00000000
2014-05-12;10000,00000000;0,00000000;0,00000000
2014-05-13;10000,00000000;0,00000000;0,00000000
2014-05-14;10000,00000000;0,00000000;0,00000000
2014-05-15;10000,00000000;0,00000000;0,00000000
2014-05-16;10000,00000000;0,00000000;0,00000000
2014-05-19;10000,00000000;0,00000000;0,00000000
2014-05-20;10000,00000000;0,00000000;0,00000000
2014-05-21;10000,00000000;0,00000000;0,00000000
2014-05-22;10000,00000000;0,00000000;0,00000000
2014-05-23;10000,00000000;0,00000000;0,00000000
2014-05-27;10000,00000000;0,00000000;0,00000000
2014-05-28;10000,00000000;0,00000000;0,00000000
2014-05-29;10000,00000000;0,00000000;0,00000000
2014-05-30;10000,00000000;0,00000000;0,00000000
2014-06-02;10000,00000000;0,00000000;0,00000000
2014-06-03;10000,00000000;0,00000000;0,00000000
2014-06-04;10000,00000000;0,00000000;0,00000000
2014-06-05;10000,00000000;0,00000000;0,00000000
2014-06-06;10000,00000000;0,00000000;0,00000000
2014-06-09;10000,00000000;0,00000000;0,00000000
2014-06-10;10000,00000000;0,00000000;0,00000000
2014-06-11;10000,00000000;0,00000000;0,00000000
2014-06-12;10000,00000000;0,00000000;0,00000000
2014-06-13;10000,00000000;0,00000000;0,00000000
2014-06-16;10000,00000000;0,00000000;0,00000000
2014-06-17;10000,00000000;0,00000000;0,00000000
2014-06-18;10000,00000000;0,00000000;0,00000000
2014-06-19;10000,00000000;0,00000000;0,00000000
2014-06-20;10000,00000000;0,00000000;0,00000000
2014-06-23;10000,00000000;0,00000000;0,00000000
2014-06-24;10000,00000000;0,00000000;0,00000000
2014-06-25;10000,00000000;0,00000000;0,00000000
2014-06-26;10000,00000000;0,00000000;0,00000000
2014-06-27;10000,00000000;0,00000000;0,00000000
2014-06-30;10000,00000000;0,00000000;0,00000000
2014-07-01;10000,00000000;0,00000000;0,00000000
2014-07-02;10000,00000000;0,00000000;0,00000000
2014-07-03;10000,00000000;0,00000000;0,00000000
2014-07-07;10000,00000000;0,00000000;0,00000000
2014-07-08;10000,00000000;0,00000000;0,00000000
2014-07-09;10000,00000000;0,00000000;0,00000000
2014-07-10;10000,00000000;0,00000000;0,00000000
2014-07-11;10000,00000000;0,00000000;0,00000000
2014-07-14;10000,00000000;0,00000000;0,00000000
2014-07-15;10000,00000000;0,00000000;0,00000000
2014-07-16;10000,00000000;0,00000000;0,00000000
2014-07-17;10000,00000000;0,00000000;0,00000000
2014-07-18;10000,00000000;0,00000000;0,00000000
2014-07-21;10000,00000000;0,00000000;0,00000000
2014-07-22;10000,00000000;0,00000000;0,00000000
2014-07-23;10000,00000000;0,00000000;0,00000000
2014-07-24;10000,00000000;0,00000000;0,00000000
2014-07-25;10000,00000000;0,00000000;0,00000000
2014-07-28;10000,00000000;0,00000000;0,00000000
2014-07-29;10000,00000000;0,00000000;0,00000000
2014-07-30;10000,00000000;0,00000000;0,00000000
2014-07-31;10000,00000000;0,00000000;0,00000000
2014-08-01;10000,00000000;0,00000000;0,00000000
2014-08-04;10000,00000000;0,00000000;0,00000000
2014-08-05;10000,00000000;0,00000000;0,00000000
2014-08-06;10000,00000000;0,00000000;0,00000000
2014-08-07;10000,00000000;0,00000000;0,00000000
2014-08-08;10000,00000000;0,00000000;0,00000000
2014-08-11;10000,00000000;0,00000000;0,00000000
2014-08-12;10000,00000000;0,00000000;0,00000000
2014-08-13;10000,00000000;0,00000000;0,00000000
2014-08-14;10000,00000000;0,00000000;0,00000000
2014-08-15;10000,00000000;0,00000000;0,00000000
2014-08-18;10000,00000000;0,00000000;0,00000000
2014-08-19;10000,00000000;0,00000000;0,00000000
2014-08-20;10000,00000000;0,00000000;0,00000000
2014-08-21;10000,00000000;0,00000000;0,00000000
2014-08-22;10000,00000000;0,00000000;0,00000000
2014-08-26;10000,00000000;0,00000000;0,00000000
2014-08-27;10000,00000000;0,00000000;0,00000000
2014-08-28;10000,00000000;0,00000000;0,00000000
2014-08-29;10000,00000000;0,00000000;0,00000000
2014-09-02;10000,00000000;0,00000000;0,00000000
2014-09-03;10000,00000000;0,00000000;0,00000000
2014-09-04;10000,00000000;0,00000000;0,00000000
2014-09-05;10000,00000000;0,00000000;0,00000000
2014-09-08;10000,00000000;0,00000000;0,00000000
2014-09-09;10000,00000000;0,00000000;0,00000000
2014-09-10;10000,00000000;0,00000000;0,00000000
2014-09-11;10000,00000000;0,00000000;0,00000000
2014-09-12;10000,00000000;0,00000000;0,00000000
2014-09-15;10000,00000000;0,00000000;0,00000000
2014-09-16;10000,00000000;0,00000000;0,00000000
2014-09-17;10000,00000000;0,00000000;0,00000000
2014-09-18;10000,00000000;0,00000000;0,00000000
2014-09-19;10000,00000000;0,00000000;0,00000000
2014-09-22;10000,00000000;0,00000000;0,00000000
2014-09-23;10000,00000000;0,00000000;0,00000000
2014-09-24;10000,00000000;0,00000000;0,00000000
2014-09-25;10000,00000000;0,00000000;0,00000000
2014-09-26;10000,00000000;0,00000000;0,00000000
2014-09-29;10000,00000000;0,00000000;0,00000000
2014-09-30;10000,00000000;0,00000000;0,00000000
2014-10-01;10000,00000000;0,00000000;0,00000000
2014-10-02;10000,00000000;0,00000000;0,00000000
2014-10-03;10000,00000000;0,00000000;0,00000000
2014-10-06;10000,00000000;0,00000000;0,00000000
2014-10-07;10000,00000000;0,00000000;0,00000000
2014-10-08;10000,00000000;0,00000000;0,00000000
2014-10-09;10000,00000000;0,00000000;0,00000000
2014-10-10;10000,00000000;0,00000000;0,00000000
2014-10-13;10000,00000000;0,00000000;0,00000000
2014-10-14;10000,00000000;0,00000000;0,00000000
2014-10-15;10000,00000000;0,00000000;0,00000000
2014-10-16;10000,00000000;0,00000000;0,00000000
2014-10-17;10000,00000000;0,00000000;0,00000000
2014-10-20;10000,00000000;0,00000000;0,00000000
2014-10-21;10000,00000000;0,00000000;0,00000000
2014-10-22;10000,00000000;0,00000000;0,00000000
2014-10-23;10000,00000000;0,00000000;0,00000000
2014-10-24;10000,00000000;0,00000000;0,00000000
2014-10-27;10000,00000000;0,00000000;0,00000000
2014-10-28;10000,00000000;0,00000000;0,00000000
2014-10-29;10000,00000000;0,00000000;0,00000000
2014-10-30;10000,00000000;0,00000000;0,00000000
2014-10-31;10000,00000000;0,00000000;0,00000000
2014-11-03;10000,00000000;0,00000000;0,00000000
2014-11-04;10000,00000000;0,00000000;0,00000000
2014-11-05;10000,00000000;0,00000000;0,00000000
2014-11-06;10000,00000000;0,00000000;0,00000000
2014-11-07;10000,00000000;0,00000000;0,00000000
2014-11-10;10000,00000000;0,00000000;0,00000000
2014-11-11;10000,00000000;0,00000000;0,00000000
2014-11-12;10000,00000000;0,00000000;0,00000000
2014-11-13;10000,00000000;0,00000000;0,00000000
2014-11-14;10000,00000000;0,00000000;0,00000000
2014-11-17;10000,00000000;0,00000000;0,00000000
2014-11-18;10000,00000000;0,00000000;0,00000000
2014-11-19;10000,00000000;0,00000000;0,00000000
2014-11-20;10000,00000000;0,00000000;0,00000000
2014-11-21;10000,00000000;0,00000000;0,00000000
2014-11-24;10000,00000000;0,00000000;0,00000000
2014-11-25;10000,00000000;0,00000000;0,00000000
2014-11-26;10000,00000000;0,00000000;0,00000000
2014-11-28;10000,00000000;0,00000000;0,00000000
2014-12-01;10000,00000000;0,00000000;0,00000000
2014-12-02;10000,00000000;0,00000000;0,00000000
2014-12-03;10000,00000000;0,00000000;0,00000000
2014-12-04;10000,00000000;0,00000000;0,00000000
2014-12-05;10000,00000000;0,00000000;0,00000000
2014-12-08;10000,00000000;0,00000000;0,00000000
2014-12-09;10000,00000000;0,00000000;0,00000000
2014-12-10;10000,00000000;0,00000000;0,00000000
2014-12-11;10000,00000000;0,00000000;0,00000000
2014-12-12;10000,00000000;0,00000000;0,00000000
2014-12-15;10000,00000000;0,00000000;0,00000000
2014-12-16;10000,00000000;0,00000000;0,00000000
2014-12-17;10000,00000000;0,00000000;0,00000000
2014-12-18;10000,00000000;0,00000000;0,00000000
2014-12-19;10000,00000000;0,00000000;0,00000000
2014-12-22;10000,00000000;0,00000000;0,00000000
2014-12-23;10000,00000000;0,00000000;0,00000000
2014-12-24;10000,00000000;0,00000000;0,00000000
2014-12-29;10000,00000000;0,00000000;0,00000000
2014-12-30;10000,00000000;0,00000000;0,00000000
2014-12-31;10000,00000000;0,00000000;0,00000000
2015-01-02;10000,00000000;0,00000000;0,00000000
2015-01-05;10000,00000000;0,00000000;0,00000000
2015-01-06;10000,00000000;0,00000000;0,00000000
2015-01-07;10000,00000000;0,00000000;0,00000000
2015-01-08;10000,00000000;0,00000000;0,00000000
2015-01-09;10000,00000000;0,00000000;0,00000000
2015-01-12;10000,00000000;0,00000000;0,00000000
2015-01-13;10000,00000000;0,00000000;0,00000000
2015-01-14;10000,00000000;0,00000000;0,00000000
2015-01-15;10000,00000000;0,00000000;0,00000000
2015-01-16;10000,00000000;0,00000000;0,00000000
2015-01-20;10000,00000000;0,00000000;0,00000000
2015-01-21;10000,00000000;0,00000000;0,00000000
2015-01-22;10000,00000000;0,00000000;0,00000000
2015-01-23;10000,00000000;0,00000000;0,00000000
2015-01-26;10000,00000000;0,00000000;0,00000000
2015-01-27;10000,00000000;0,00000000;0,00000000
2015-01-28;10000,00000000;0,00000000;0,00000000
2015-01-29;10000,00000000;0,00000000;0,00000000
2015-01-30;10000,00000000;0,00000000;0,00000000
2015-02-02;10000,00000000;0,00000000;0,00000000
2015-02-03;10000,00000000;0,00000000;0,00000000
2015-02-04;10000,00000000;0,00000000;0,00000000
2015-02-05;10000,00000000;0,00000000;0,00000000
2015-02-06;10000,00000000;0,00000000;0,00000000
2015-02-09;10000,00000000;0,00000000;0,00000000
2015-02-10;10000,00000000;0,00000000;0,00000000
2015-02-11;10000,00000000;0,00000000;0,00000000
2015-02-12;10000,00000000;0,00000000;0,00000000
2015-02-13;10000,00000000;0,00000000;0,00000000
2015-02-17;10000,00000000;0,00000000;0,00000000
2015-02-18;10000,00000000;0,00000000;0,00000000
2015-02-19;10000,00000000;0,00000000;0,00000000
2015-02-20;10000,00000000;0,00000000;0,00000000
2015-02-23;10000,00000000;0,00000000;0,00000000
2015-02-24;10000,00000000;0,00000000;0,00000000
2015-02-25;10000,00000000;0,00000000;0,00000000
2015-02-26;10000,00000000;0,00000000;0,00000000
2015-02-27;10000,00000000;0,00000000;0,00000000
2015-03-02;10000,00000000;0,00000000;0,00000000
2015-03-03;10000,00000000;0,00000000;0,00000000
2015-03-04;10000,00000000;0,00000000;0,00000000
2015-03-05;10000,00000000;0,00000000;0,00000000
2015-03-06;10000,00000000;0,00000000;0,00000000
2015-03-09;10000,00000000;0,00000000;0,00000000
2015-03-10;10000,00000000;0,00000000;0,00000000
2015-03-11;10000,00000000;0,00000000;0,00000000
2015-03-12;10000,00000000;0,00000000;0,00000000
2015-03-13;10000,00000000;0,00000000;0,00000000
2015-03-16;10000,00000000;0,00000000;0,00000000
2015-03-17;10000,00000000;0,00000000;0,00000000
2015-03-18;10000,00000000;0,00000000;0,00000000
2015-03-19;10000,00000000;0,00000000;0,00000000
2015-03-20;10000,00000000;0,00000000;0,00000000
2015-03-23;10000,00000000;0,00000000;0,00000000
2015-03-24;10000,00000000;0,00000000;0,00000000
2015-03-25;10000,00000000;0,00000000;0,00000000
2015-03-26;10000,00000000;0,00000000;0,00000000
2015-03-27;10000,00000000;0,00000000;0,00000000
2015-03-30;10000,00000000;0,00000000;0,00000000
2015-03-31;10000,00000000;0,00000000;0,00000000
2015-04-01;10000,00000000;0,00000000;0,00000000
2015-04-02;10000,00000000;0,00000000;0,00000000
2015-04-07;10000,00000000;0,00000000;0,00000000
2015-04-08;10000,00000000;0,00000000;0,00000000
2015-04-09;10000,00000000;0,00000000;0,00000000
2015-04-10;10000,00000000;0,00000000;0,00000000
2015-04-13;10000,00000000;0,00000000;0,00000000
2015-04-14;10000,00000000;0,00000000;0,00000000
2015-04-15;10000,00000000;0,00000000;0,00000000
2015-04-16;10000,00000000;0,00000000;0,00000000
2015-04-17;10000,00000000;0,00000000;0,00000000
2015-04-20;10000,00000000;0,00000000;0,00000000
2015-04-21;10000,00000000;0,00000000;0,00000000
2015-04-22;10000,00000000;0,00000000;0,00000000
2015-04-23;10000,00000000;0,00000000;0,00000000
2015-04-24;10000,00000000;0,00000000;0,00000000
2015-04-27;10000,00000000;0,00000000;0,00000000
2015-04-28;10000,00000000;0,00000000;0,00000000
2015-04-29;10000,00000000;0,00000000;0,00000000
2015-04-30;10000,00000000;0,00000000;0,00000000
2015-05-01;10000,00000000;0,00000000;0,00000000
2015-05-05;10000,00000000;0,00000000;0,00000000
2015-05-06;10000,00000000;0,00000000;0,00000000
2015-05-07;10000,00000000;0,00000000;0,00000000
2015-05-08;10000,00000000;0,00000000;0,00000000
2015-05-11;10000,00000000;0,00000000;0,00000000
2015-05-12;10000,00000000;0,00000000;0,00000000
2015-05-13;10000,00000000;0,00000000;0,00000000
2015-05-14;10000,00000000;0,00000000;0,00000000
2015-05-15;10000,00000000;0,00000000;0,00000000
2015-05-18;10000,00000000;0,00000000;0,00000000
2015-05-19;10000,00000000;0,00000000;0,00000000
2015-05-20;10000,00000000;0,00000000;0,00000000
2015-05-21;10000,00000000;0,00000000;0,00000000
2015-05-22;10000,00000000;0,00000000;0,00000000
2015-05-26;10000,00000000;0,00000000;0,00000000
2015-05-27;10000,00000000;0,00000000;0,00000000
2015-05-28;10000,00000000;0,00000000;0,00000000
2015-05-29;10000,00000000;0,00000000;0,00000000
2015-06-01;10000,00000000;0,00000000;0,00000000
2015-06-02;10000,00000000;0,00000000;0,00000000
2015-06-03;10000,00000000;0,00000000;0,00000000
2015-06-04;10000,00000000;0,00000000;0,00000000
2015-06-05;10000,00000000;0,00000000;0,00000000
2015-06-08;10000,00000000;0,00000000;0,00000000
2015-06-09;10000,00000000;0,00000000;0,00000000
2015-06-10;10000,00000000;0,00000000;0,00000000
2015-06-11;10000,00000000;0,00000000;0,00000000
2015-06-12;10000,00000000;0,00000000;0,00000000
2015-06-15;10000,00000000;0,00000000;0,00000000
2015-06-16;10000,00000000;0,00000000;0,00000000
2015-06-17;10000,00000000;0,00000000;0,00000000
2015-06-18;10000,00000000;0,00000000;0,00000000
2015-06-19;10000,00000000;0,00000000;0,00000000
2015-06-22;10000,00000000;0,00000000;0,00000000
2015-06-23;10000,00000000;0,00000000;0,00000000
2015-06-24;10000,00000000;0,00000000;0,00000000
2015-06-25;10000,00000000;0,00000000;0,00000000
2015-06-26;10000,00000000;0,00000000;0,00000000
2015-06-29;10000,00000000;0,00000000;0,00000000
2015-06-30;10000,00000000;0,00000000;0,00000000
2015-07-01;10000,00000000;0,00000000;0,00000000
2015-07-02;10000,00000000;0,00000000;0,00000000
2015-07-06;10000,00000000;0,00000000;0,00000000
2015-07-07;10000,00000000;0,00000000;0,00000000
2015-07-08;10000,00000000;0,00000000;0,00000000
2015-07-09;10000,00000000;0,00000000;0,00000000
2015-07-10;10000,00000000;0,00000000;0,00000000
2015-07-13;10000,00000000;0,00000000;0,00000000
2015-07-14;10000,00000000;0,00000000;0,00000000
2015-07-15;10000,00000000;0,00000000;0,00000000
2015-07-16;10000,00000000;0,00000000;0,00000000
2015-07-17;10000,00000000;0,00000000;0,00000000
2015-07-20;10000,00000000;0,00000000;0,00000000
2015-07-21;10000,00000000;0,00000000;0,00000000
2015-07-22;10000,00000000;0,00000000;0,00000000
2015-07-23;10000,00000000;0,00000000;0,00000000
2015-07-24;10000,00000000;0,00000000;0,00000000
2015-07-27;10000,00000000;0,00000000;0,00000000
2015-07-28;10000,00000000;0,00000000;0,00000000
2015-07-29;10000,00000000;0,00000000;0,00000000
2015-07-30;10000,00000000;0,00000000;0,00000000
2015-07-31;10000,00000000;0,00000000;0,00000000
2015-08-03;10000,00000000;0,00000000;0,00000000
2015-08-04;10000,00000000;0,00000000;0,00000000
2015-08-05;10000,00000000;0,00000000;0,00000000
2015-08-06;10000,00000000;0,00000000;0,00000000
2015-08-07;10000,00000000;0,00000000;0,00000000
2015-08-10;10000,00000000;0,00000000;0,00000000
2015-08-11;10000,00000000;0,00000000;0,00000000
2015-08-12;10000,00000000;0,00000000;0,00000000
2015-08-13;10000,00000000;0,00000000;0,00000000
2015-08-14;10000,00000000;0,00000000;0,00000000
2015-08-17;10000,00000000;0,00000000;0,00000000
2015-08-18;10000,00000000;0,00000000;0,00000000
2015-08-19;10000,00000000;0,00000000;0,00000000
2015-08-20;10000,00000000;0,00000000;0,00000000
2015-08-21;10000,00000000;0,00000000;0,00000000
2015-08-24;10000,00000000;0,00000000;0,00000000
2015-08-25;10000,00000000;0,00000000;0,00000000
2015-08-26;10000,00000000;0,00000000;0,00000000
2015-08-27;10000,00000000;0,00000000;0,00000000
2015-08-28;10000,00000000;0,00000000;0,00000000
2015-09-01;10000,00000000;0,00000000;0,00000000
2015-09-02;10000,00000000;0,00000000;0,00000000
2015-09-03;10000,00000000;0,00000000;0,00000000
2015-09-04;10000,00000000;0,00000000;0,00000000
2015-09-08;10000,00000000;0,00000000;0,00000000
2015-09-09;10000,00000000;0,00000000;0,00000000
2015-09-10;10000,00000000;0,00000000;0,00000000
2015-09-11;10000,00000000;0,00000000;0,00000000
2015-09-14;10000,00000000;0,00000000;0,00000000
2015-09-15;10000,00000000;0,00000000;0,00000000
2015-09-16;10000,00000000;0,00000000;0,00000000
2015-09-17;10000,00000000;0,00000000;0,00000000
2015-09-18;10000,00000000;0,00000000;0,00000000
2015-09-21;10000,00000000;0,00000000;0,00000000
2015-09-22;10000,00000000;0,00000000;0,00000000
2015-09-23;10000,00000000;0,00000000;0,00000000
2015-09-24;10000,00000000;0,00000000;0,00000000
2015-09-25;10000,00000000;0,00000000;0,00000000
2015-09-28;10000,00000000;0,00000000;0,00000000
2015-09-29;10000,00000000;0,00000000;0,00000000
2015-09-30;10000,00000000;0,00000000;0,00000000
2015-10-01;10000,00000000;0,00000000;0,00000000
2015-10-02;10000,00000000;0,00000000;0,00000000
2015-10-05;10000,00000000;0,00000000;0,00000000
2015-10-06;10000,00000000;0,00000000;0,00000000
2015-10-07;10000,00000000;0,00000000;0,00000000
2015-10-08;10000,00000000;0,00000000;0,00000000
2015-10-09;10000,00000000;0,00000000;0,00000000
2015-10-12;10000,00000000;0,00000000;0,00000000
2015-10-13;10000,00000000;0,00000000;0,00000000
2015-10-14;10000,00000000;0,00000000;0,00000000
2015-10-15;10000,00000000;0,00000000;0,00000000
2015-10-16;10000,00000000;0,00000000;0,00000000
2015-10-19;10000,00000000;0,00000000;0,00000000
2015-10-20;10000,00000000;0,00000000;0,00000000
2015-10-21;10000,00000000;0,00000000;0,00000000
2015-10-22;10000,00000000;0,00000000;0,00000000
2015-10-23;10000,00000000;0,00000000;0,00000000
2015-10-26;10000,00000000;0,00000000;0,00000000
2015-10-27;10000,00000000;0,00000000;0,00000000
2015-10-28;10000,00000000;0,00000000;0,00000000
2015-10-29;10000,00000000;0,00000000;0,00000000
2015-10-30;10000,00000000;0,00000000;0,00000000
2015-11-02;10000,00000000;0,00000000;0,00000000
2015-11-03;10000,00000000;0,00000000;0,00000000
2015-11-04;10000,00000000;0,00000000;0,00000000
2015-11-05;10000,00000000;0,00000000;0,00000000
2015-11-06;10000,00000000;0,00000000;0,00000000
2015-11-09;10000,00000000;0,00000000;0,00000000
2015-11-10;10000,00000000;0,00000000;0,00000000
2015-11-11;10000,00000000;0,00000000;0,00000000
2015-11-12;10000,00000000;0,00000000;0,00000000
2015-11-13;10000,00000000;0,00000000;0,00000000
2015-11-16;10000,00000000;0,00000000;0,00000000
2015-11-17;10000,00000000;0,00000000;0,00000000
2015-11-18;10000,00000000;0,00000000;0,00000000
2015-11-19;10000,00000000;0,00000000;0,00000000
2015-11-20;10000,00000000;0,00000000;0,00000000
2015-11-23;10000,00000000;0,00000000;0,00000000
2015-11-24;10000,00000000;0,00000000;0,00000000
2015-11-25;10000,00000000;0,00000000;0,00000000
2015-11-27;10000,00000000;0,00000000;0,00000000
2015-11-30;10000,00000000;0,00000000;0,00000000
2015-12-01;10000,00000000;0,00000000;0,00000000
2015-12-02;10000,00000000;0,00000000;0,00000000
2015-12-03;10000,00000000;0,00000000;0,00000000
2015-12-04;10000,00000000;0,00000000;0,00000000
2015-12-07;10000,00000000;0,00000000;0,00000000
2015-12-08;10000,00000000;0,00000000;0,00000000
2015-12-09;10000,00000000;0,00000000;0,00000000
2015-12-10;10000,00000000;0,00000000;0,00000000
2015-12-11;10000,00000000;0,00000000;0,00000000
2015-12-14;10000,00000000;0,00000000;0,00000000
2015-12-15;10000,00000000;0,00000000;0,00000000
2015-12-16;10000,00000000;0,00000000;0,00000000
2015-12-17;10000,00000000;0,00000000;0,00000000
2015-12-18;10000,00000000;0,00000000;0,00000000
2015-12-21;10000,00000000;0,00000000;0,00000000
2015-12-22;10000,00000000;0,00000000;0,00000000
2015-12-23;10000,00000000;0,00000000;0,00000000
2015-12-24;10000,00000000;0,00000000;0,00000000
2015-12-29;10000,00000000;0,00000000;0,00000000
2015-12-30;10000,00000000;0,00000000;0,00000000
2015-12-31;10000,00000000;0,00000000;0,00000000
2016-01-04;10000,00000000;0,00000000;0,00000000
2016-01-05;10018,84424492;0,00188442;0,00000000
2016-01-06;10084,73328578;0,00657651;0,00000000
2016-01-07;10109,79052528;0,00248467;0,00000000
2016-01-08;10050,91426290;-0,00582369;-0,00582369
2016-01-11;9998,93370226;-0,00517172;-0,01096529
2016-01-12;10005,34887750;0,00064159;-0,01033074
2016-01-13;9999,35033551;-0,00059953;-0,01092408
2016-01-14;9911,99501186;-0,00873610;-0,01956475
2016-01-15;9925,74903069;0,00138761;-0,01820428
2016-01-19;9945,96718411;0,00203694;-0,01620442
2016-01-20;9961,85338115;0,00159725;-0,01463306
2016-01-21;9999,97933590;0,00382719;-0,01086187
2016-01-22;10014,64695261;0,00146676;-0,00941103
2016-01-25;10066,35773611;0,00516352;-0,00429611
2016-01-26;10139,23563750;0,00723975;0,00000000
2016-01-27;10142,57985529;0,00032983;0,00000000
2016-01-28;10078,59641503;-0,00630840;-0,00630840
2016-01-29;10171,21387187;0,00918952;0,00000000
2016-02-01;10236,81885533;0,00645006;0,00000000
2016-02-02;10194,75738344;-0,00410884;-0,00410884
2016-02-03;10225,78980479;0,00304396;-0,00107739
2016-02-04;10317,17436341;0,00893667;0,00000000
2016-02-05;10356,55382991;0,00381688;0,00000000
2016-02-08;10402,08139043;0,00439601;0,00000000
2016-02-09;10371,29573076;-0,00295957;-0,00295957
2016-02-10;10421,37933447;0,00482906;0,00000000
2016-02-11;10646,42220011;0,02159435;0,00000000
2016-02-12;10638,04011283;-0,00078731;-0,00078731
2016-02-16;10502,12282559;-0,01277653;-0,01355379
2016-02-17;10594,53482886;0,00879936;-0,00487369
2016-02-18;10749,80773375;0,01465594;0,00000000
2016-02-19;10698,89430894;-0,00473622;-0,00473622
2016-02-22;10644,11927986;-0,00511969;-0,00983166
2016-02-23;10712,42061220;0,00641681;-0,00347793
2016-02-24;10721,91340808;0,00088615;-0,00259487
2016-02-25;10796,49751866;0,00695623;0,00000000
2016-02-26;10759,14174004;-0,00345999;-0,00345999
2016-02-29;10835,31582181;0,00707994;0,00000000
2016-03-01;10827,52020672;-0,00071946;-0,00071946
2016-03-02;10876,70111632;0,00454221;0,00000000
2016-03-03;10972,21324106;0,00878135;0,00000000
2016-03-04;10990,27208045;0,00164587;0,00000000
2016-03-07;11008,47288308;0,00165608;0,00000000
2016-03-08;10959,47369287;-0,00445104;-0,00445104
2016-03-09;10929,09157036;-0,00277222;-0,00721093
2016-03-10;11009,40691096;0,00734877;0,00000000
2016-03-11;10942,80070277;-0,00604994;-0,00604994
2016-03-14;10866,17622679;-0,00700227;-0,01300985
2016-03-15;10886,66922932;0,00188594;-0,01114844
2016-03-16;11038,87787083;0,01398119;0,00000000
2016-03-17;11009,36327325;-0,00267370;-0,00267370
2016-03-18;11002,70536789;-0,00060475;-0,00327683
2016-03-21;10967,94619192;-0,00315915;-0,00642562
2016-03-22;11009,99761141;0,00383403;-0,00261623
2016-03-23;10857,93868806;-0,01381099;-0,01639108
2016-03-24;10832,82806023;-0,00231265;-0,01866583
2016-03-29;10962,65739628;0,01198481;-0,00690473
2016-03-30;10909,43501021;-0,00485488;-0,01172609
2016-03-31;10928,44104416;0,00174216;-0,01000435
2016-04-01;10913,59714400;-0,00135828;-0,01134905
2016-04-04;10856,33277200;-0,00524707;-0,01653656
2016-04-05;10920,96469153;0,00595338;-0,01068163
2016-04-06;10909,91813349;-0,00101150;-0,01168232
2016-04-07;10971,65649781;0,00565892;-0,00608951
2016-04-08;10972,61064763;0,00008696;-0,00600308
2016-04-11;11040,43209977;0,00618098;0,00000000
2016-04-12;11061,77871223;0,00193349;0,00000000
2016-04-13;11030,86478025;-0,00279466;-0,00279466
2016-04-14;10959,20282026;-0,00649650;-0,00927300
2016-04-15;10986,70604301;0,00250960;-0,00678667
2016-04-18;10970,93991875;-0,00143502;-0,00821195
2016-04-19;11063,96672543;0,00847938;0,00000000
2016-04-20;11041,74792190;-0,00200821;-0,00200821
2016-04-21;11064,12455987;0,00202655;0,00000000
2016-04-22;10951,56162843;-0,01017369;-0,01017369
2016-04-25;10946,03190872;-0,00050493;-0,01067347
2016-04-26;10967,72219099;0,00198157;-0,00871306
2016-04-27;10980,88678476;0,00120030;-0,00752321
2016-04-28;11070,77418021;0,00818580;0,00000000
2016-04-29;11158,95182517;0,00796490;0,00000000
2016-05-03;11129,11212386;-0,00267406;-0,00267406
2016-05-04;11089,19591088;-0,00358665;-0,00625112
2016-05-05;11078,95517150;-0,00092349;-0,00716883
2016-05-06;11142,53327182;0,00573864;-0,00147133
2016-05-09;11011,49876294;-0,01175985;-0,01321388
2016-05-10;11064,06426113;0,00477369;-0,00850327
2016-05-11;11109,12403138;0,00407262;-0,00446528
2016-05-12;11041,17963434;-0,00611609;-0,01055405
2016-05-13;11076,98762981;0,00324313;-0,00734515
2016-05-16;11102,29494723;0,00228468;-0,00507726
2016-05-17;11100,86077518;-0,00012918;-0,00520578
2016-05-18;10969,43916156;-0,01183887;-0,01698302
2016-05-19;10933,26678539;-0,00329756;-0,02022457
2016-05-20;10959,79225407;0,00242612;-0,01784752
2016-05-23;10954,78687089;-0,00045670;-0,01829607
2016-05-24;10870,90223828;-0,00765735;-0,02581332
2016-05-25;10869,60849118;-0,00011901;-0,02592926
2016-05-26;10852,71259975;-0,00155442;-0,02744337
2016-05-27;10825,88653893;-0,00247183;-0,02984736
2016-05-31;10856,29617576;0,00280897;-0,02712223
2016-06-01;10848,32574375;-0,00073418;-0,02783649
2016-06-02;10829,62327058;-0,00172400;-0,02951250
2016-06-03;10984,42154636;0,01429397;-0,01564038
2016-06-06;11018,05371802;0,00306181;-0,01262646
2016-06-07;11017,08987391;-0,00008748;-0,01271284
2016-06-08;11119,00660385;0,00925079;-0,00357966
2016-06-09;11151,82382037;0,00295145;-0,00063877
2016-06-10;11163,34608449;0,00103322;0,00000000
2016-06-13;11191,92937079;0,00256046;0,00000000
2016-06-14;11189,91731531;-0,00017978;-0,00017978
2016-06-15;11236,36722109;0,00415105;0,00000000
2016-06-16;11168,05068762;-0,00607995;-0,00607995
2016-06-17;11229,76778508;0,00552622;-0,00058733
2016-06-20;11194,32077276;-0,00315652;-0,00374200
2016-06-21;11081,38521911;-0,01008865;-0,01379289
2016-06-22;11074,56858762;-0,00061514;-0,01439955
2016-06-23;11054,56394328;-0,00180636;-0,01617990
2016-06-24;11373,56945737;0,02885736;0,00000000
2016-06-27;11387,70260058;0,00124263;0,00000000
2016-06-28;11349,02810445;-0,00339616;-0,00339616
2016-06-29;11407,72490684;0,00517197;0,00000000
2016-06-30;11495,39337148;0,00768501;0,00000000
2016-07-01;11625,45251333;0,01131402;0,00000000
2016-07-05;11650,66320269;0,00216858;0,00000000
2016-07-06;11685,02358953;0,00294922;0,00000000
2016-07-07;11683,91034239;-0,00009527;-0,00009527
2016-07-08;11736,72025983;0,00451988;0,00000000
2016-07-11;11735,44183667;-0,00010893;-0,00010893
2016-07-12;11677,66490470;-0,00492329;-0,00503167
2016-07-13;11708,05888907;0,00260275;-0,00244203
2016-07-14;11687,63765550;-0,00174420;-0,00418197
2016-07-15;11684,76466405;-0,00024581;-0,00442676
2016-07-18;11694,21402203;0,00080869;-0,00362165
2016-07-19;11707,19711153;0,00111021;-0,00251545
2016-07-20;11692,93466338;-0,00121826;-0,00373065
2016-07-21;11720,54793672;0,00236153;-0,00137793
2016-07-22;11720,31644664;-0,00001975;-0,00139765
2016-07-25;11691,38420244;-0,00246855;-0,00386275
2016-07-26;11708,01852534;0,00142278;-0,00244546
2016-07-27;11772,02557195;0,00546694;0,00000000
2016-07-28;11755,96219691;-0,00136454;-0,00136454
2016-07-29;11787,66961884;0,00269714;0,00000000
2016-08-01;11807,17665694;0,00165487;0,00000000
2016-08-02;11819,67921045;0,00105889;0,00000000
2016-08-03;11791,86575180;-0,00235315;-0,00235315
2016-08-04;11841,45264830;0,00420518;0,00000000
2016-08-05;11763,19180148;-0,00660906;-0,00660906
2016-08-08;11761,86130199;-0,00011311;-0,00672142
2016-08-09;11806,01773286;0,00375420;-0,00299245
2016-08-10;11827,04407746;0,00178099;-0,00121679
2016-08-11;11803,60768222;-0,00198159;-0,00319597
2016-08-12;11785,72808663;-0,00151476;-0,00470589
2016-08-15;11833,20266248;0,00402814;-0,00069670
2016-08-16;11833,74565940;0,00004589;-0,00065085
2016-08-17;11819,27657011;-0,00122270;-0,00187275
2016-08-18;11844,00936479;0,00209258;0,00000000
2016-08-19;11795,30113200;-0,00411248;-0,00411248
2016-08-22;11773,31709359;-0,00186380;-0,00596861
2016-08-23;11779,81281385;0,00055173;-0,00542017
2016-08-24;11695,79024293;-0,00713276;-0,01251427
2016-08-25;11689,02477112;-0,00057845;-0,01308548
2016-08-26;11684,96831900;-0,00034703;-0,01342797
2016-08-30;11643,66730496;-0,00353454;-0,01691505
2016-08-31;11611,26901682;-0,00278248;-0,01965047
2016-09-01;11617,09751539;0,00050197;-0,01915836
2016-09-02;11673,10053861;0,00482074;-0,01442998
2016-09-06;11722,46253962;0,00422870;-0,01026230
2016-09-07;11726,89841805;0,00037841;-0,00988778
2016-09-08;11700,78850332;-0,00222650;-0,01209226
2016-09-09;11632,86534097;-0,00580501;-0,01782707
2016-09-12;11626,75420875;-0,00052533;-0,01834304
2016-09-13;11601,83873707;-0,00214294;-0,02044668
2016-09-14;11619,79118902;0,00154738;-0,01893094
2016-09-15;11634,28918369;0,00124770;-0,01770686
2016-09-16;11625,64626629;-0,00074288;-0,01843659
2016-09-19;11643,79523543;0,00156111;-0,01690425
2016-09-20;11658,41309876;0,00125542;-0,01567005
2016-09-21;11724,10343375;0,00563459;-0,01012376
2016-09-22;11752,42012310;0,00241525;-0,00773296
2016-09-23;11754,72869854;0,00019643;-0,00753804
2016-09-26;11720,10254154;-0,00294572;-0,01046156
2016-09-27;11715,91756426;-0,00035708;-0,01081490
2016-09-28;11711,55938218;-0,00037199;-0,01118287
2016-09-29;11707,29417331;-0,00036419;-0,01154298
2016-09-30;11703,56256524;-0,00031874;-0,01185805
2016-10-03;11710,96298766;0,00063232;-0,01123322
2016-10-04;11506,04101065;-0,01749830;-0,02853496
2016-10-05;11499,22066364;-0,00059276;-0,02911081
2016-10-06;11443,70665462;-0,00482763;-0,03379791
2016-10-07;11470,62900970;0,00235259;-0,03152483
2016-10-10;11518,30769179;0,00415659;-0,02749928
2016-10-11;11474,97189299;-0,00376234;-0,03115815
2016-10-12;11482,73257067;0,00067631;-0,03050291
2016-10-13;11475,94769270;-0,00059088;-0,03107577
2016-10-14;11461,45578936;-0,00126281;-0,03229933
2016-10-17;11464,81584593;0,00029316;-0,03201564
2016-10-18;11505,02886307;0,00350752;-0,02862042
2016-10-19;11557,34804905;0,00454751;-0,02420306
2016-10-20;11524,82873946;-0,00281373;-0,02694870
2016-10-21;11542,61920956;0,00154366;-0,02544663
2016-10-24;11551,04471840;0,00072995;-0,02473526
2016-10-25;11593,69391874;0,00369224;-0,02113435
2016-10-26;11542,65846245;-0,00440200;-0,02544332
2016-10-27;11555,97093606;0,00115333;-0,02431933
2016-10-28;11589,17351132;0,00287320;-0,02151601
2016-10-31;11590,58027371;0,00012139;-0,02139724
2016-11-01;11597,83848045;0,00062622;-0,02078442
2016-11-02;11618,13181739;0,00174975;-0,01907104
2016-11-03;11615,11701772;-0,00025949;-0,01932558
2016-11-04;11605,46646776;-0,00083086;-0,02014038
2016-11-07;11555,50891109;-0,00430466;-0,02435834
2016-11-08;11546,70388844;-0,00076198;-0,02510176
2016-11-09;11534,82243504;-0,00102899;-0,02610492
2016-11-10;11413,83173836;-0,01048917;-0,03632027
2016-11-11;11264,56530364;-0,01307768;-0,04892297
2016-11-14;11209,53004877;-0,00488570;-0,05356964
2016-11-15;11294,49213335;0,00757945;-0,04639622
2016-11-16;11284,11450951;-0,00091882;-0,04727241
2016-11-17;11273,24340321;-0,00096340;-0,04819027
2016-11-18;11228,10995268;-0,00400359;-0,05200092
2016-11-21;11255,52471975;0,00244162;-0,04968627
2016-11-22;11263,80353451;0,00073553;-0,04898728
2016-11-23;11132,27657252;-0,01167696;-0,06009222
2016-11-25;11115,15975812;-0,00153758;-0,06153741
2016-11-28;11182,39885519;0,00604931;-0,05586035
2016-11-29;11145,56221383;-0,00329416;-0,05897050
2016-11-30;11052,86756004;-0,00831673;-0,06679679
2016-12-01;10993,55506623;-0,00536625;-0,07180460
2016-12-02;10997,82534242;0,00038843;-0,07144405
2016-12-05;11004,21852680;0,00058131;-0,07090427
2016-12-06;11010,51467952;0,00057216;-0,07037268
2016-12-07;11072,53306457;0,00563265;-0,06513641
2016-12-08;11094,95274036;0,00202480;-0,06324350
2016-12-09;11083,16976068;-0,00106201;-0,06423835
2016-12-12;11074,18104470;-0,00081102;-0,06499727
2016-12-13;11096,98533917;0,00205923;-0,06307189
2016-12-14;11048,39245061;-0,00437893;-0,06717463
2016-12-15;11052,62932428;0,00038348;-0,06681690
2016-12-16;11039,77941189;-0,00116261;-0,06790183
2016-12-19;11077,70961517;0,00343578;-0,06469935
2016-12-20;11077,56260128;-0,00001327;-0,06471177
2016-12-21;11074,48424115;-0,00027789;-0,06497167
2016-12-22;11064,34189558;-0,00091583;-0,06582800
2016-12-23;11082,35208958;0,00162777;-0,06430739
2016-12-28;11102,18811608;0,00178988;-0,06263261
2016-12-29;11131,43585338;0,00263441;-0,06016320
2016-12-30;11099,97956002;-0,00282590;-0,06281908
2017-01-03;11141,34910999;0,00372699;-0,05932622
2017-01-04;11182,35840380;0,00368082;-0,05586377
2017-01-05;11208,67259043;0,00235319;-0,05364204
2017-01-06;11246,41021850;0,00336682;-0,05045582
2017-01-09;11300,98086133;0,00485227;-0,04584837
2017-01-10;11319,42933605;0,00163247;-0,04429075
2017-01-11;11343,23454747;0,00210304;-0,04228085
2017-01-12;11323,15881895;-0,00176984;-0,04397586
2017-01-13;11373,43071752;0,00443974;-0,03973136
2017-01-17;11341,38674732;-0,00281744;-0,04243686
2017-01-18;11334,66008395;-0,00059311;-0,04300480
2017-01-19;11322,27784158;-0,00109242;-0,04405025
2017-01-20;11353,43085849;0,00275148;-0,04141997
2017-01-23;11332,43507708;-0,00184929;-0,04319266
2017-01-24;11347,46388975;0,00132618;-0,04192377
2017-01-25;11372,00197270;0,00216243;-0,03985199
2017-01-26;11337,79695404;-0,00300783;-0,04273995
2017-01-27;11360,78552842;0,00202761;-0,04079901
2017-01-30;11321,85769658;-0,00342651;-0,04408572
2017-01-31;11330,14312509;0,00073181;-0,04338617
2017-02-01;11340,69539261;0,00093134;-0,04249524
2017-02-02;11388,31866590;0,00419933;-0,03847436
2017-02-03;11434,30668745;0,00403817;-0,03459155
2017-02-06;11521,25377183;0,00760405;-0,02725054
2017-02-07;11507,17736893;-0,00122178;-0,02843902
2017-02-08;11540,75771695;0,00291821;-0,02560380
2017-02-09;11512,54480432;-0,00244463;-0,02798584
2017-02-10;11540,94293145;0,00246671;-0,02558816
2017-02-13;11513,78906069;-0,00235283;-0,02788079
2017-02-14;11526,56217145;0,00110938;-0,02680234
2017-02-15;11569,76133768;0,00374779;-0,02315500
2017-02-16;11601,93433984;0,00278078;-0,02043860
2017-02-17;11593,01873425;-0,00076846;-0,02119136
2017-02-21;11609,67903353;0,00143710;-0,01978471
2017-02-22;11619,10352739;0,00081178;-0,01898900
2017-02-23;11669,43122710;0,00433146;-0,01473978
2017-02-24;11708,69785852;0,00336491;-0,01142447
2017-02-27;11688,46353103;-0,00172814;-0,01313287
2017-02-28;11688,07993675;-0,00003282;-0,01316526
2017-03-01;11740,89025656;0,00451831;-0,00870644
2017-03-02;11650,74021106;-0,00767830;-0,01631788
2017-03-03;11648,51504087;-0,00019099;-0,01650576
2017-03-06;11602,04397472;-0,00398944;-0,02042935
2017-03-07;11557,98671822;-0,00379737;-0,02414914
2017-03-08;11522,32640709;-0,00308534;-0,02715997
2017-03-09;11487,16453917;-0,00305163;-0,03012872
2017-03-10;11514,43008235;0,00237357;-0,02782667
2017-03-13;11507,59256806;-0,00059382;-0,02840396
2017-03-14;11479,28180817;-0,00246018;-0,03079426
2017-03-15;11597,85601780;0,01032941;-0,02078294
2017-03-16;11629,76142493;0,00275097;-0,01808914
2017-03-17;11635,60580449;0,00050254;-0,01759569
2017-03-20;11665,63295948;0,00258063;-0,01506047
2017-03-21;11673,92340619;0,00071067;-0,01436051
2017-03-22;11696,62082178;0,00194428;-0,01244414
2017-03-23;11680,28583821;-0,00139656;-0,01382332
2017-03-24;11695,09303872;0,00126771;-0,01257313
2017-03-27;11714,25099646;0,00163812;-0,01095561
2017-03-28;11722,54963185;0,00070842;-0,01025495
2017-03-29;11756,50110675;0,00289625;-0,00738840
2017-03-30;11703,24470872;-0,00452995;-0,01188488
2017-03-31;11712,46450134;0,00078780;-0,01110645
2017-04-03;11738,32651049;0,00220808;-0,00892290
2017-04-04;11757,49742261;0,00163319;-0,00730428
2017-04-05;11758,97825937;0,00012595;-0,00717925
2017-04-06;11726,50824755;-0,00276130;-0,00992072
2017-04-07;11750,22005787;0,00202207;-0,00791871
2017-04-10;11748,10303098;-0,00018017;-0,00809746
2017-04-11;11810,35415369;0,00529882;-0,00284154
2017-04-12;11859,35917313;0,00414933;0,00000000
2017-04-13;11881,94819420;0,00190474;0,00000000
2017-04-18;11866,33893055;-0,00131370;-0,00131370
2017-04-19;11807,96511601;-0,00491928;-0,00622651
2017-04-20;11832,82958725;0,00210574;-0,00413388
2017-04-21;11856,67870304;0,00201550;-0,00212671
2017-04-24;11855,31377852;-0,00011512;-0,00224159
2017-04-25;11797,39857188;-0,00488517;-0,00711580
2017-04-26;11833,12768407;0,00302856;-0,00410880
2017-04-27;11800,00125869;-0,00279946;-0,00689676
2017-04-28;11817,92256329;0,00151875;-0,00538848
2017-05-02;11780,35783664;-0,00317862;-0,00854997
2017-05-03;11681,09815681;-0,00842586;-0,01690380
2017-05-04;11626,75134561;-0,00465254;-0,02147769
2017-05-05;11636,58079547;0,00084542;-0,02065043
2017-05-08;11635,56398760;-0,00008738;-0,02073601
2017-05-09;11602,07819638;-0,00287788;-0,02355422
2017-05-10;11613,31718394;0,00096870;-0,02260833
2017-05-11;11629,03435745;0,00135338;-0,02128555
2017-05-12;11659,21439019;0,00259523;-0,01874556
2017-05-15;11694,60339952;0,00303528;-0,01576718
2017-05-16;11727,68216026;0,00282855;-0,01298323
2017-05-17;11788,08443843;0,00515040;-0,00789969
2017-05-18;11729,49553703;-0,00497018;-0,01283061
2017-05-19;11781,16916120;0,00440544;-0,00848169
2017-05-22;11825,47247400;0,00376052;-0,00475307
2017-05-23;11794,66107719;-0,00260551;-0,00734620
2017-05-24;11834,32818792;0,00336314;-0,00400776
2017-05-25;11846,82185954;0,00105571;-0,00295628
2017-05-26;11920,17805585;0,00619206;0,00000000
2017-05-30;11887,07362008;-0,00277718;-0,00277718
2017-05-31;11911,66096261;0,00206841;-0,00071451
2017-06-01;11929,04100172;0,00145908;0,00000000
2017-06-02;12000,90890956;0,00602462;0,00000000
2017-06-05;12007,29438419;0,00053208;0,00000000
2017-06-06;12080,52652113;0,00609897;0,00000000
2017-06-07;12042,50359371;-0,00314746;-0,00314746
2017-06-08;11999,35248865;-0,00358323;-0,00671941
2017-06-09;11942,55431750;-0,00473344;-0,01142104
2017-06-12;11915,80889692;-0,00223951;-0,01363497
2017-06-13;11936,92696583;0,00177227;-0,01188686
2017-06-14;11887,38796903;-0,00415006;-0,01598759
2017-06-15;11843,21455386;-0,00371599;-0,01964417
2017-06-16;11841,33164068;-0,00015899;-0,01980004
2017-06-19;11835,73670722;-0,00047249;-0,02026317
2017-06-20;11816,57124764;-0,00161929;-0,02184965
2017-06-21;11829,50371262;0,00109443;-0,02077913
2017-06-22;11861,64813353;0,00271731;-0,01811828
2017-06-23;11887,83167085;0,00220741;-0,01595087
2017-06-26;11818,02384941;-0,00587221;-0,02172941
2017-06-27;11818,30841879;0,00002408;-0,02170585
2017-06-28;11825,89073282;0,00064157;-0,02107820
2017-06-29;11744,84131924;-0,00685356;-0,02778730
2017-06-30;11727,19665139;-0,00150233;-0,02924789
2017-07-03;11620,85811657;-0,00906769;-0,03805036
2017-07-05;11664,44771855;0,00375098;-0,03444211
2017-07-06;11629,59597667;-0,00298786;-0,03732706
2017-07-07;11590,21134516;-0,00338659;-0,04058724
2017-07-10;11617,49196881;0,00235376;-0,03832900
2017-07-11;11630,66213048;0,00113365;-0,03723881
2017-07-12;11685,58084487;0,00472189;-0,03269275
2017-07-13;11673,54468255;-0,00103000;-0,03368908
2017-07-14;11727,78708755;0,00464661;-0,02919901
2017-07-17;11764,94957107;0,00316875;-0,02612278
2017-07-18;11821,54007884;0,00481009;-0,02143834
2017-07-19;11824,11426127;0,00021775;-0,02122526
2017-07-20;11850,73406624;0,00225131;-0,01902173
2017-07-21;11906,83431501;0,00473390;-0,01437787
2017-07-24;11909,99619943;0,00026555;-0,01411613
2017-07-25;11887,90893056;-0,00185452;-0,01594447
2017-07-26;11940,97441531;0,00446382;-0,01155182
2017-07-27;11929,71858416;-0,00094262;-0,01248356
2017-07-28;11970,09759768;0,00338474;-0,00914107
2017-07-31;11963,90538031;-0,00051731;-0,00965365
2017-08-01;11967,98127791;0,00034068;-0,00931625
2017-08-02;11947,14890680;-0,00174068;-0,01104071
2017-08-03;11973,70515932;0,00222281;-0,00884244
2017-08-04;11942,93727476;-0,00256962;-0,01138934
2017-08-07;11949,31134448;0,00053371;-0,01086171
2017-08-08;11968,49481557;0,00160540;-0,00927374
2017-08-09;12026,00706749;0,00480530;-0,00451300
2017-08-10;12042,59056312;0,00137897;-0,00314026
2017-08-11;12070,35793808;0,00230576;-0,00084173
2017-08-14;12062,73299996;-0,00063171;-0,00147291
2017-08-15;12030,23623729;-0,00269398;-0,00416292
2017-08-16;12094,26280130;0,00532214;0,00000000
2017-08-17;12086,80526050;-0,00061662;-0,00061662
2017-08-18;12066,08714062;-0,00171411;-0,00232967
2017-08-21;12077,60463180;0,00095453;-0,00137736
2017-08-22;12092,92457778;0,00126846;-0,00011065
2017-08-23;12118,65555267;0,00212777;0,00000000
2017-08-24;12090,78846464;-0,00229952;-0,00229952
2017-08-25;12117,81956860;0,00223568;-0,00006898
2017-08-29;12201,80306412;0,00693058;0,00000000
2017-08-30;12220,26204657;0,00151281;0,00000000
2017-08-31;12322,42708395;0,00836030;0,00000000
2017-09-01;12332,26377009;0,00079828;0,00000000
2017-09-05;12377,47870322;0,00366639;0,00000000
2017-09-06;12342,01343358;-0,00286531;-0,00286531
2017-09-07;12418,94110294;0,00623299;0,00000000
2017-09-08;12391,25313967;-0,00222949;-0,00222949
2017-09-11;12323,95955763;-0,00543073;-0,00764812
2017-09-12;12343,49878572;0,00158547;-0,00607478
2017-09-13;12299,64990528;-0,00355239;-0,00960559
2017-09-14;12298,20251853;-0,00011768;-0,00972213
2017-09-15;12248,23307293;-0,00406315;-0,01374578
2017-09-18;12195,07177709;-0,00434032;-0,01802644
2017-09-19;12219,29666991;0,00198645;-0,01607580
2017-09-20;12156,93376173;-0,00510364;-0,02109740
2017-09-21;12097,39767548;-0,00489729;-0,02589137
2017-09-22;12133,56907149;0,00299001;-0,02297877
2017-09-25;12185,37678259;0,00426978;-0,01880710
2017-09-26;12120,84783305;-0,00529561;-0,02400311
2017-09-27;12071,98688551;-0,00403115;-0,02793750
2017-09-28;12088,94784155;0,00140498;-0,02657177
2017-09-29;12085,22379673;-0,00030805;-0,02687164
2017-10-02;12055,96749896;-0,00242083;-0,02922742
2017-10-03;12072,27340953;0,00135252;-0,02791443
2017-10-04;12086,83881427;0,00120652;-0,02674159
2017-10-05;12091,89479253;0,00041830;-0,02633448
2017-10-06;12130,91771225;0,00322720;-0,02319227
2017-10-09;12185,88575663;0,00453124;-0,01876612
2017-10-10;12200,84196117;0,00122734;-0,01756181
2017-10-11;12232,64333767;0,00260649;-0,01500110
2017-10-12;12235,96048403;0,00027117;-0,01473400
2017-10-13;12290,34496719;0,00444464;-0,01035484
2017-10-16;12249,85490596;-0,00329446;-0,01361519
2017-10-17;12212,28560630;-0,00306692;-0,01664035
2017-10-18;12191,26110468;-0,00172159;-0,01833329
2017-10-19;12225,04429337;0,00277110;-0,01561299
2017-10-20;12192,58114541;-0,00265546;-0,01822699
2017-10-23;12204,94507755;0,00101405;-0,01723142
2017-10-24;12183,59535610;-0,00174927;-0,01895055
2017-10-25;12155,81622961;-0,00228004;-0,02118738
2017-10-26;12121,52428317;-0,00282103;-0,02394865
2017-10-27;12202,31470764;0,00666504;-0,01744323
2017-10-30;12208,59695359;0,00051484;-0,01693737
2017-10-31;12185,56743071;-0,00188634;-0,01879175
2017-11-01;12214,39410728;0,00236564;-0,01647057
2017-11-02;12250,30780885;0,00294028;-0,01357872
2017-11-03;12229,06815347;-0,00173381;-0,01528898
2017-11-06;12284,45575527;0,00452918;-0,01082905
2017-11-07;12254,91295429;-0,00240489;-0,01320790
2017-11-08;12297,51679160;0,00347647;-0,00977735
2017-11-09;12296,44158673;-0,00008743;-0,00986393
2017-11-10;12232,58364019;-0,00519321;-0,01500591
2017-11-13;12255,05503952;0,00183701;-0,01319646
2017-11-14;12264,40276883;0,00076277;-0,01244376
2017-11-15;12226,27050011;-0,00310918;-0,01551425
2017-11-16;12259,04469440;0,00268064;-0,01287520
2017-11-17;12321,97910817;0,00513371;-0,00780759
2017-11-20;12242,96668029;-0,00641232;-0,01416984
2017-11-21;12283,22096873;0,00328795;-0,01092848
2017-11-22;12340,39606850;0,00465473;-0,00632462
2017-11-24;12328,26274609;-0,00098322;-0,00730162
2017-11-27;12357,60851832;0,00238037;-0,00493863
2017-11-28;12377,61802452;0,00161921;-0,00332742
2017-11-29;12276,76486246;-0,00814803;-0,01144834
2017-11-30;12233,14966239;-0,00355266;-0,01496033
2017-12-01;12238,06318106;0,00040166;-0,01456468
2017-12-04;12220,59588362;-0,00142729;-0,01597119
2017-12-05;12163,47837471;-0,00467387;-0,02057041
2017-12-06;12159,06580691;-0,00036277;-0,02092572
2017-12-07;12077,65919051;-0,00669514;-0,02748076
2017-12-08;12096,85404414;0,00158929;-0,02593515
2017-12-11;12090,31465585;-0,00054059;-0,02646171
2017-12-12;12111,73634437;0,00177181;-0,02473679
2017-12-13;12165,09079644;0,00440519;-0,02044058
2017-12-14;12139,60050990;-0,00209536;-0,02249311
2017-12-15;12184,34303039;0,00368567;-0,01889034
2017-12-18;12231,01517048;0,00383050;-0,01513220
2017-12-19;12230,07165269;-0,00007714;-0,01520818
2017-12-20;12234,30034882;0,00034576;-0,01486767
2017-12-21;12260,75559464;0,00216238;-0,01273744
2017-12-22;12296,01351157;0,00287567;-0,00989840
2017-12-27;12361,80988875;0,00535103;-0,00460033
2017-12-28;12392,03441139;0,00244499;-0,00216659
2017-12-29;12423,21337221;0,00251605;0,00000000
2018-01-02;12518,83932369;0,00769736;0,00000000
2018-01-03;12535,76044638;0,00135165;0,00000000
2018-01-04;12594,29558380;0,00466945;0,00000000
2018-01-05;12603,35077211;0,00071899;0,00000000
2018-01-08;12612,26245837;0,00070709;0,00000000
2018-01-09;12589,13754068;-0,00183353;-0,00183353
2018-01-10;12594,59815371;0,00043376;-0,00140057
2018-01-11;12620,77839556;0,00207869;0,00000000
2018-01-12;12721,40865928;0,00797338;0,00000000
2018-01-16;12713,83134195;-0,00059564;-0,00059564
2018-01-17;12676,60385594;-0,00292811;-0,00352200
2018-01-18;12661,06143470;-0,00122607;-0,00474375
2018-01-19;12694,21292793;0,00261838;-0,00213779
2018-01-22;12718,31294503;0,00189850;-0,00024335
2018-01-23;12774,78985071;0,00444060;0,00000000
2018-01-24;12828,53901325;0,00420744;0,00000000
2018-01-25;12759,01338310;-0,00541961;-0,00541961
2018-01-26;12821,43690754;0,00489250;-0,00055362
2018-01-29;12768,17986017;-0,00415375;-0,00470507
2018-01-30;12701,22305769;-0,00524404;-0,00992443
2018-01-31;12748,55070383;0,00372623;-0,00623518
2018-02-01;12771,64420017;0,00181146;-0,00443502
2018-02-02;12627,69534146;-0,01127097;-0,01565601
2018-02-05;12578,63077555;-0,00388547;-0,01948065
2018-02-06;12468,34191955;-0,00876795;-0,02807780
2018-02-07;12466,17007050;-0,00017419;-0,02824709
2018-02-08;12373,77730168;-0,00741148;-0,03544922
2018-02-09;12377,74582287;0,00032072;-0,03513987
2018-02-12;12465,48001339;0,00708806;-0,02830088
2018-02-13;12503,34498071;0,00303759;-0,02534926
2018-02-14;12664,21484166;0,01286615;-0,01280927
2018-02-15;12704,03492038;0,00314430;-0,00970524
2018-02-16;12703,38467363;-0,00005118;-0,00975593
2018-02-20;12603,52384353;-0,00786096;-0,01754020
2018-02-21;12567,79489468;-0,00283484;-0,02032532
2018-02-22;12611,66397287;0,00349059;-0,01690567
2018-02-23;12625,18329479;0,00107197;-0,01585182
2018-02-26;12685,68902370;0,00479246;-0,01113533
2018-02-27;12596,93576281;-0,00699633;-0,01805375
2018-02-28;12590,97435129;-0,00047324;-0,01851845
2018-03-01;12525,31090276;-0,00521512;-0,02363699
2018-03-02;12542,84515401;0,00139991;-0,02227018
2018-03-05;12559,64614009;0,00133949;-0,02096052
2018-03-06;12647,79838501;0,00701869;-0,01408895
2018-03-07;12603,71611735;-0,00348537;-0,01752521
2018-03-08;12617,56337660;0,00109866;-0,01644580
2018-03-09;12662,44751223;0,00355727;-0,01294703
2018-03-12;12674,19932577;0,00092808;-0,01203096
2018-03-13;12655,41435021;-0,00148214;-0,01349528
2018-03-14;12643,19191276;-0,00096579;-0,01444803
2018-03-15;12600,86445156;-0,00334785;-0,01774751
2018-03-16;12583,55177626;-0,00137393;-0,01909705
2018-03-19;12535,14094853;-0,00384715;-0,02287073
2018-03-20;12508,59322142;-0,00211786;-0,02494016
2018-03-21;12620,32420995;0,00893234;-0,01623059
2018-03-22;12525,79820867;-0,00748998;-0,02359901
2018-03-23;12562,84710204;0,00295781;-0,02071100
2018-03-26;12626,08638542;0,00503383;-0,01578143
2018-03-27;12575,64547021;-0,00399498;-0,01971335
2018-03-28;12443,72151430;-0,01049043;-0,02999699
2018-03-29;12495,47911372;0,00415933;-0,02596242
2018-04-03;12488,45157719;-0,00056241;-0,02651022
2018-04-04;12517,09399365;0,00229351;-0,02427751
2018-04-05;12531,57922985;0,00115724;-0,02314837
2018-04-06;12509,49474005;-0,00176231;-0,02486988
2018-04-09;12537,04735037;0,00220254;-0,02272212
2018-04-10;12601,73313910;0,00515957;-0,01767979
2018-04-11;12637,64941639;0,00285011;-0,01488007
2018-04-12;12572,63283527;-0,00514467;-0,01994819
2018-04-13;12614,32997070;0,00331650;-0,01669785
2018-04-16;12634,69957529;0,00161480;-0,01511002
2018-04-17;12686,33729909;0,00408698;-0,01108479
2018-04-18;12697,77235452;0,00090137;-0,01019342
2018-04-19;12670,06213689;-0,00218229;-0,01235346
2018-04-20;12595,56487211;-0,00587979;-0,01816061
2018-04-23;12549,31283191;-0,00367209;-0,02176602
2018-04-24;12557,80519355;0,00067672;-0,02110403
2018-04-25;12483,45690495;-0,00592048;-0,02689956
2018-04-26;12502,30551182;0,00150989;-0,02543029
2018-04-27;12557,53872199;0,00441784;-0,02112480
2018-04-30;12503,58671854;-0,00429638;-0,02533042
2018-05-01;12467,48082959;-0,00288764;-0,02814492
2018-05-02;12477,39858448;0,00079549;-0,02737182
2018-05-03;12477,31448980;-0,00000674;-0,02737837
2018-05-04;12543,40031638;0,00529648;-0,02222690
2018-05-08;12565,50943872;0,00176261;-0,02050347
2018-05-09;12574,58712580;0,00072243;-0,01979585
2018-05-10;12644,49944483;0,00555981;-0,01434611
2018-05-11;12638,04755591;-0,00051025;-0,01484904
2018-05-14;12627,47295567;-0,00083673;-0,01567334
2018-05-15;12550,42596499;-0,00610154;-0,02167925
2018-05-16;12557,47537795;0,00056169;-0,02112974
2018-05-17;12555,00712092;-0,00019656;-0,02132214
2018-05-18;12550,02034660;-0,00039719;-0,02171086
2018-05-21;12582,41282766;0,00258107;-0,01918583
2018-05-22;12582,58313641;0,00001354;-0,01917256
2018-05-23;12584,75312311;0,00017246;-0,01900340
2018-05-24;12606,66071197;0,00174080;-0,01729568
2018-05-25;12605,52681857;-0,00008994;-0,01738407
2018-05-29;12583,15920955;-0,00177443;-0,01912765
2018-05-30;12603,69433624;0,00163195;-0,01752691
2018-05-31;12595,38975298;-0,00065890;-0,01817426
2018-06-01;12608,08248828;0,00100773;-0,01718485
2018-06-04;12622,94848013;0,00117908;-0,01602603
2018-06-05;12649,72662497;0,00212139;-0,01393864
2018-06-06;12661,60410684;0,00093895;-0,01301278
2018-06-07;12653,51328045;-0,00063900;-0,01364347
2018-06-08;12663,17330804;0,00076343;-0,01289046
2018-06-11;12685,02609783;0,00172570;-0,01118700
2018-06-12;12664,57599457;-0,00161215;-0,01278111
2018-06-13;12686,72275791;0,00174872;-0,01105475
2018-06-14;12714,97413619;0,00222685;-0,00885252
2018-06-15;12581,15987025;-0,01052415;-0,01928350
2018-06-18;12567,22111362;-0,00110791;-0,02037004
2018-06-19;12540,33657719;-0,00213926;-0,02246573
2018-06-20;12518,57756689;-0,00173512;-0,02416187
2018-06-21;12473,74579942;-0,00358122;-0,02765656
2018-06-22;12494,70573108;0,00168032;-0,02602270
2018-06-25;12413,34946738;-0,00651126;-0,03236452
2018-06-26;12385,79321030;-0,00221989;-0,03451257
2018-06-27;12342,32556130;-0,00350948;-0,03790092
2018-06-28;12333,10824094;-0,00074681;-0,03861942
2018-06-29;12370,79398140;0,00305566;-0,03568177
2018-07-02;12298,25739044;-0,00586354;-0,04133609
2018-07-03;12355,77949715;0,00467726;-0,03685217
2018-07-05;12394,95714803;0,00317080;-0,03379823
2018-07-06;12408,64023932;0,00110392;-0,03273161
2018-07-09;12455,01176801;0,00373704;-0,02911690
2018-07-10;12448,25742515;-0,00054230;-0,02964341
2018-07-11;12351,38207409;-0,00778224;-0,03719496
2018-07-12;12410,84388328;0,00481418;-0,03255984
2018-07-13;12387,04229683;-0,00191781;-0,03441520
2018-07-16;12384,63847835;-0,00019406;-0,03460258
2018-07-17;12324,33393549;-0,00486930;-0,03930339
2018-07-18;12342,16847245;0,00144710;-0,03791317
2018-07-19;12317,99616140;-0,00195851;-0,03979743
2018-07-20;12355,24513162;0,00302395;-0,03689383
2018-07-23;12322,75776819;-0,00262944;-0,03942625
2018-07-24;12340,50247590;0,00143999;-0,03804303
2018-07-25;12395,29102145;0,00443973;-0,03377220
2018-07-26;12332,62932400;-0,00505528;-0,03865675
2018-07-27;12311,08275735;-0,00174712;-0,04033634
2018-07-30;12270,60989275;-0,00328751;-0,04349124
2018-07-31;12292,73291430;0,00180293;-0,04176673
2018-08-01;12254,28985317;-0,00312730;-0,04476341
2018-08-02;12232,67660238;-0,00176373;-0,04644819
2018-08-03;12276,94009897;0,00361846;-0,04299780
2018-08-06;12260,27941375;-0,00135707;-0,04429652
2018-08-07;12288,12973048;0,00227159;-0,04212555
2018-08-08;12318,11088303;0,00243985;-0,03978848
2018-08-09;12314,80658674;-0,00026825;-0,04004606
2018-08-10;12289,28728689;-0,00207225;-0,04203532
2018-08-13;12187,80676198;-0,00825764;-0,04994585
2018-08-14;12206,96368991;0,00157181;-0,04845254
2018-08-15;12064,22324009;-0,01169336;-0,05957933
2018-08-16;12080,87589218;0,00138033;-0,05828124
2018-08-17;12136,01519474;0,00456418;-0,05398306
2018-08-20;12176,25626796;0,00331584;-0,05084622
2018-08-21;12196,72095707;0,00168070;-0,04925098
2018-08-22;12211,21579142;0,00118842;-0,04812109
2018-08-23;12157,39053509;-0,00440785;-0,05231683
2018-08-24;12292,26829955;0,01109430;-0,04180295
2018-08-28;12298,96668576;0,00054493;-0,04128080
2018-08-29;12331,21333646;0,00262190;-0,03876713
2018-08-30;12284,74252376;-0,00376855;-0,04238959
2018-08-31;12274,25731089;-0,00085352;-0,04320692
2018-09-04;12250,26526893;-0,00195466;-0,04507713
2018-09-05;12231,32073200;-0,00154646;-0,04655388
2018-09-06;12228,85008258;-0,00020199;-0,04674647
2018-09-07;12193,89611916;-0,00285832;-0,04947117
2018-09-10;12192,31297388;-0,00012983;-0,04959458
2018-09-11;12218,47189944;0,00214553;-0,04755546
2018-09-12;12265,32668227;0,00383475;-0,04390308
2018-09-13;12252,85861615;-0,00101653;-0,04487498
2018-09-14;12224,80313264;-0,00228971;-0,04706194
2018-09-17;12222,66234892;-0,00017512;-0,04722881
2018-09-18;12231,31316566;0,00070777;-0,04655447
2018-09-19;12255,16506667;0,00195007;-0,04469519
2018-09-20;12297,00942267;0,00341443;-0,04143337
2018-09-21;12269,63789219;-0,00222587;-0,04356701
2018-09-24;12261,69883300;-0,00064705;-0,04418587
2018-09-25;12280,17417219;0,00150675;-0,04274570
2018-09-26;12231,24736973;-0,00398421;-0,04655960
2018-09-27;12192,47068474;-0,00317030;-0,04958229
2018-09-28;12242,38118292;0,00409355;-0,04569171
2018-10-01;12236,60406889;-0,00047189;-0,04614204
2018-10-02;12315,86359339;0,00647725;-0,03996366
2018-10-03;12302,97458593;-0,00104654;-0,04096838
2018-10-04;12249,37219642;-0,00435686;-0,04514675
2018-10-05;12237,99747091;-0,00092860;-0,04603342
2018-10-08;12130,52819947;-0,00878161;-0,05441078
2018-10-09;12153,67087644;0,00190780;-0,05260678
2018-10-10;12065,03206899;-0,00729317;-0,05951628
2018-10-11;12174,87136569;0,00910394;-0,05095418
2018-10-12;12195,92088762;0,00172893;-0,04931334
2018-10-15;12224,33375106;0,00232970;-0,04709852
2018-10-16;12271,44017869;0,00385350;-0,04342652
2018-10-17;12255,10347251;-0,00133128;-0,04469999
2018-10-18;12245,54159309;-0,00078024;-0,04544535
2018-10-19;12249,38585970;0,00031393;-0,04514568
2018-10-22;12238,18129259;-0,00091470;-0,04601909
2018-10-23;12245,72373732;0,00061630;-0,04543115
2018-10-24;12202,53168652;-0,00352711;-0,04879802
2018-10-25;12248,42399259;0,00376088;-0,04522066
2018-10-26;12207,72873717;-0,00332249;-0,04839291
2018-10-29;12179,17808800;-0,00233874;-0,05061846
2018-10-30;12168,84599104;-0,00084834;-0,05142386
2018-10-31;12186,56713298;0,00145627;-0,05004248
2018-11-01;12273,44391269;0,00712890;-0,04327033
2018-11-02;12250,66450780;-0,00185599;-0,04504601
2018-11-05;12232,48524960;-0,00148394;-0,04646311
2018-11-06;12209,83838487;-0,00185137;-0,04822846
2018-11-07;12264,76035624;0,00449817;-0,04394722
2018-11-08;12257,99992999;-0,00055121;-0,04447421
2018-11-09;12162,07644763;-0,00782538;-0,05195156
2018-11-12;12054,72030647;-0,00882712;-0,06032010
2018-11-13;12043,48658104;-0,00093189;-0,06119578
2018-11-14;12071,87144524;0,00235686;-0,05898314
2018-11-15;12134,48031608;0,00518634;-0,05410271
2018-11-16;12185,81919941;0,00423083;-0,05010078
2018-11-19;12140,63593529;-0,00370786;-0,05362287
2018-11-20;12082,44300077;-0,00479324;-0,05815908
2018-11-21;12129,77122243;0,00391711;-0,05446979
2018-11-23;12084,75697252;-0,00371106;-0,05797870
2018-11-26;12124,26629856;0,00326935;-0,05489890
2018-11-27;12088,99075624;-0,00290950;-0,05764867
2018-11-28;12175,45884745;0,00715263;-0,05090838
2018-11-29;12199,26195191;0,00195501;-0,04905290
2018-11-30;12199,91774612;0,00005376;-0,04900178
2018-12-03;12306,47825748;0,00873453;-0,04069526
2018-12-04;12296,84952568;-0,00078241;-0,04144583
2018-12-06;12205,09852330;-0,00746134;-0,04859793
2018-12-07;12242,55052657;0,00306855;-0,04567851
2018-12-10;12224,29139688;-0,00149145;-0,04710183
2018-12-11;12254,04319182;0,00243383;-0,04478264
2018-12-12;12284,93720014;0,00252113;-0,04237441
2018-12-13;12266,53469142;-0,00149797;-0,04380891
2018-12-14;12193,96645790;-0,00591595;-0,04946569
2018-12-17;12191,36602733;-0,00021326;-0,04966840
2018-12-18;12188,84806246;-0,00020654;-0,04986468
2018-12-19;12140,00538653;-0,00400716;-0,05367202
2018-12-20;12184,99197050;0,00370565;-0,05016526
2018-12-21;12104,22428248;-0,00662846;-0,05646120
2018-12-24;12109,54847109;0,00043986;-0,05604617
2018-12-27;12233,86475698;0,01026597;-0,04635557
2018-12-28;12295,80624177;0,00506312;-0,04152716
2018-12-31;12322,64362548;0,00218265;-0,03943515
2019-01-02;12343,15706871;0,00166469;-0,03783610
2019-01-03;12330,40887376;-0,00103281;-0,03882984
2019-01-04;12350,76738351;0,00165108;-0,03724287
2019-01-07;12389,94174641;0,00317182;-0,03418918
2019-01-08;12394,11939378;0,00033718;-0,03386353
2019-01-09;12466,29842993;0,00582365;-0,02823709
2019-01-10;12428,57225383;-0,00302625;-0,03117789
2019-01-11;12431,08750602;0,00020238;-0,03098182
2019-01-14;12424,10922436;-0,00056136;-0,03152579
2019-01-15;12457,22449316;0,00266540;-0,02894441
2019-01-16;12479,93406421;0,00182300;-0,02717417
2019-01-17;12472,99188144;-0,00055627;-0,02771533
2019-01-18;12459,78872489;-0,00105854;-0,02874453
2019-01-22;12434,97469163;-0,00199153;-0,03067881
2019-01-23;12412,24515047;-0,00182787;-0,03245061
2019-01-24;12412,31300364;0,00000547;-0,03244532
2019-01-25;12541,55398182;0,01041232;-0,02237083
2019-01-28;12526,98665499;-0,00116152;-0,02350637
2019-01-29;12571,69943453;0,00356932;-0,02002095
2019-01-30;12665,53676991;0,00746417;-0,01270622
2019-01-31;12681,05512935;0,00122524;-0,01149655
2019-02-01;12688,86650578;0,00061599;-0,01088764
2019-02-04;12676,60687600;-0,00096617;-0,01184329
2019-02-05;12741,05919228;0,00508435;-0,00681916
2019-02-06;12695,21561614;-0,00359810;-0,01039272
2019-02-07;12668,79849866;-0,00208087;-0,01245196
2019-02-08;12697,24963367;0,00224576;-0,01023416
2019-02-11;12687,03596738;-0,00080440;-0,01103033
2019-02-12;12737,37434906;0,00396770;-0,00710639
2019-02-13;12722,80054602;-0,00114418;-0,00824244
2019-02-14;12772,24492057;0,00388628;-0,00438819
2019-02-15;12839,50046966;0,00526576;0,00000000
2019-02-19;12922,18103530;0,00643955;0,00000000
2019-02-20;12922,88150813;0,00005421;0,00000000
2019-02-21;12826,15974386;-0,00748454;-0,00748454
2019-02-22;12889,35632210;0,00492716;-0,00259425
2019-02-25;12898,07635484;0,00067653;-0,00191948
2019-02-26;12876,40855739;-0,00167992;-0,00359618
2019-02-27;12812,66514385;-0,00495040;-0,00852878
2019-02-28;12773,37302753;-0,00306666;-0,01156928
2019-03-01;12666,81468925;-0,00834222;-0,01981499
2019-03-04;12650,82745138;-0,00126214;-0,02105212
2019-03-05;12658,38465825;0,00059737;-0,02046733
2019-03-06;12634,12470053;-0,00191651;-0,02234461
2019-03-07;12604,76552573;-0,00232380;-0,02461649
2019-03-08;12683,34192276;0,00623386;-0,01853608
2019-03-11;12686,91423233;0,00028165;-0,01825965
2019-03-12;12757,32410023;0,00554980;-0,01281118
2019-03-13;12811,47516210;0,00424470;-0,00862086
2019-03-14;12716,52713152;-0,00741117;-0,01596814
2019-03-15;12771,63135075;0,00433328;-0,01170406
2019-03-18;12799,58007439;0,00218834;-0,00954133
2019-03-19;12828,91527673;0,00229189;-0,00727131
2019-03-20;12863,66294348;0,00270854;-0,00458246
2019-03-21;12903,11267566;0,00306676;-0,00152975
2019-03-22;12842,08813266;-0,00472944;-0,00625196
2019-03-25;12893,18938077;0,00397920;-0,00229764
2019-03-26;12870,14464434;-0,00178736;-0,00408089
2019-03-27;12810,30342250;-0,00464962;-0,00871153
2019-03-28;12737,07844064;-0,00571610;-0,01437784
2019-03-29;12779,99099261;0,00336910;-0,01105717
2019-04-01;12767,72581003;-0,00095972;-0,01200628
2019-04-02;12817,38861815;0,00388971;-0,00816326
2019-04-03;12813,60642607;-0,00029508;-0,00845594
2019-04-04;12832,99083097;0,00151280;-0,00695593
2019-04-05;12849,35561374;0,00127521;-0,00568959
2019-04-08;12886,81391595;0,00291519;-0,00279099
2019-04-09;12906,22476974;0,00150626;-0,00128893
2019-04-10;12932,04073532;0,00200027;0,00000000
2019-04-11;12845,07533385;-0,00672480;-0,00672480
2019-04-12;12845,81085029;0,00005726;-0,00666793
2019-04-15;12835,06587746;-0,00083646;-0,00749881
2019-04-16;12795,09792780;-0,00311397;-0,01058942
2019-04-17;12786,93838962;-0,00063771;-0,01122037
2019-04-18;12800,03483188;0,00102420;-0,01020766
2019-04-23;12817,31738330;0,00135020;-0,00887125
2019-04-24;12840,20291992;0,00178552;-0,00710157
2019-04-25;12846,41545544;0,00048383;-0,00662117
2019-04-26;12884,60939812;0,00297312;-0,00366774
2019-04-29;12863,00477330;-0,00167678;-0,00533837
2019-04-30;12868,70749965;0,00044334;-0,00489739
2019-05-01;12819,79641247;-0,00380078;-0,00867955
2019-05-02;12773,42494476;-0,00361718;-0,01226533
2019-05-03;12821,54245822;0,00376700;-0,00854454
2019-05-07;12805,40785050;-0,00125840;-0,00979218
2019-05-08;12790,78954863;-0,00114157;-0,01092258
2019-05-09;12774,98482196;-0,00123563;-0,01214471
2019-05-10;12791,54970003;0,00129667;-0,01086379
2019-05-13;12816,77242001;0,00197183;-0,00891339
2019-05-14;12845,89199632;0,00227199;-0,00666165
2019-05-15;12859,40432977;0,00105188;-0,00561678
2019-05-16;12854,04594438;-0,00041669;-0,00603113
2019-05-17;12787,18816796;-0,00520130;-0,01120106
2019-05-20;12748,63894881;-0,00301468;-0,01418197
2019-05-21;12750,56172823;0,00015082;-0,01403328
2019-05-22;12759,48550400;0,00069987;-0,01334323
2019-05-23;12767,28210357;0,00061104;-0,01274034
2019-05-24;12779,54463033;0,00096046;-0,01179211
2019-05-28;12747,86061382;-0,00247928;-0,01424215
2019-05-29;12723,95127431;-0,00187556;-0,01609100
2019-05-30;12790,47053147;0,00522788;-0,01094724
2019-05-31;12869,11397488;0,00614860;-0,00486596
2019-06-03;12953,40532237;0,00654990;0,00000000
2019-06-04;13011,49998803;0,00448490;0,00000000
2019-06-05;13054,24220873;0,00328496;0,00000000
2019-06-06;13096,17914977;0,00321251;0,00000000
2019-06-07;13179,89480721;0,00639237;0,00000000
2019-06-10;13147,50383814;-0,00245760;-0,00245760
2019-06-11;13123,11386189;-0,00185510;-0,00430815
2019-06-12;13149,77571310;0,00203167;-0,00228523
2019-06-13;13204,15869121;0,00413566;0,00000000
2019-06-14;13199,86180664;-0,00032542;-0,00032542
2019-06-17;13206,55771252;0,00050727;0,00000000
2019-06-18;13286,70570296;0,00606880;0,00000000
2019-06-19;13332,55034839;0,00345041;0,00000000
2019-06-20;13551,07101529;0,01639001;0,00000000
2019-06-21;13610,00504554;0,00434903;0,00000000
2019-06-24;13728,70821436;0,00872176;0,00000000
2019-06-25;13718,29951619;-0,00075817;-0,00075817
2019-06-26;13644,89173448;-0,00535108;-0,00610520
2019-06-27;13649,37395291;0,00032849;-0,00577871
2019-06-28;13666,71602272;0,00127054;-0,00451552
2019-07-01;13558,00164256;-0,00795468;-0,01243428
2019-07-02;13742,71914462;0,01362424;0,00000000
2019-07-03;13788,25674562;0,00331358;0,00000000
2019-07-05;13688,64021763;-0,00722474;-0,00722474
2019-07-08;13628,30096037;-0,00440798;-0,01160087
2019-07-09;13661,09096210;0,00240602;-0,00922276
2019-07-10;13800,02440376;0,01017001;0,00000000
2019-07-11;13735,83490512;-0,00465140;-0,00465140
2019-07-12;13794,86512644;0,00429753;-0,00037386
2019-07-15;13810,77323906;0,00115319;0,00000000
2019-07-16;13747,49679957;-0,00458167;-0,00458167
2019-07-17;13858,85875076;0,00810053;0,00000000
2019-07-18;13965,69536776;0,00770890;0,00000000
2019-07-19;13859,80707696;-0,00758203;-0,00758203
2019-07-22;13856,32874838;-0,00025097;-0,00783109
2019-07-23;13836,66916888;-0,00141882;-0,00923880
2019-07-24;13881,61015517;0,00324796;-0,00602084
2019-07-25;13822,98792457;-0,00422301;-0,01021843
2019-07-26;13857,20310456;0,00247524;-0,00776848
2019-07-29;13937,07145618;0,00576367;-0,00204959
2019-07-30;13961,45890964;0,00174983;-0,00030335
2019-07-31;13829,18906944;-0,00947393;-0,00977440
2019-08-01;14024,97077454;0,01415714;0,00000000
2019-08-02;13929,28837846;-0,00682229;-0,00682229
2019-08-05;13951,59483569;0,00160141;-0,00523181
2019-08-06;14030,22485758;0,00563592;0,00000000
2019-08-07;14165,52634723;0,00964357;0,00000000
2019-08-08;14288,79847348;0,00870226;0,00000000
2019-08-09;14234,72586280;-0,00378427;-0,00378427
2019-08-12;14295,62615939;0,00427829;0,00000000
2019-08-13;14293,13149444;-0,00017451;-0,00017451
2019-08-14;14275,85224126;-0,00120892;-0,00138321
2019-08-15;14317,40858303;0,00291095;0,00000000
2019-08-16;14306,25489658;-0,00077903;-0,00077903
2019-08-19;14246,97699088;-0,00414350;-0,00491930
2019-08-20;14291,92034598;0,00315459;-0,00178023
2019-08-21;14281,42414802;-0,00073441;-0,00251333
2019-08-22;14240,88973189;-0,00283826;-0,00534446
2019-08-23;14348,73493002;0,00757293;0,00000000
2019-08-27;14443,27262116;0,00658857;0,00000000
2019-08-28;14438,85793914;-0,00030566;-0,00030566
2019-08-29;14421,04947346;-0,00123337;-0,00153865
2019-08-30;14384,78161968;-0,00251492;-0,00404971
2019-09-03;14518,32584913;0,00928372;0,00000000
2019-09-04;14597,87649937;0,00547933;0,00000000
2019-09-05;14418,03665817;-0,01231959;-0,01231959
2019-09-06;14352,11096526;-0,00457245;-0,01683570
2019-09-09;14295,49193726;-0,00394500;-0,02071428
2019-09-10;14207,21685680;-0,00617503;-0,02676140
2019-09-11;14295,24858466;0,00619627;-0,02073095
2019-09-12;14326,49039109;0,00218547;-0,01859079
2019-09-13;14238,25342024;-0,00615901;-0,02463530
2019-09-16;14299,46870653;0,00429935;-0,02044186
2019-09-17;14310,30381110;0,00075773;-0,01969962
2019-09-18;14255,60952263;-0,00382202;-0,02344635
2019-09-19;14313,81305673;0,00408285;-0,01945923
2019-09-20;14394,44350168;0,00563305;-0,01393579
2019-09-23;14443,70834864;0,00342249;-0,01056100
2019-09-24;14470,58892608;0,00186106;-0,00871960
2019-09-25;14322,90017964;-0,01020613;-0,01883673
2019-09-26;14328,17726307;0,00036844;-0,01847524
2019-09-27;14284,84857914;-0,00302402;-0,02144339
2019-09-30;14164,28666214;-0,00843985;-0,02970225
2019-10-01;14191,33805692;0,00190983;-0,02784915
2019-10-02;14163,63351058;-0,00195222;-0,02974700
2019-10-03;14186,20236524;0,00159344;-0,02820096
2019-10-04;14244,01217975;0,00407507;-0,02424081
2019-10-07;14212,98760123;-0,00217808;-0,02636609
2019-10-08;14216,36162700;0,00023739;-0,02613496
2019-10-09;14242,75444675;0,00185651;-0,02432697
2019-10-10;14213,18450868;-0,00207614;-0,02635260
2019-10-11;14187,07213259;-0,00183719;-0,02814138
2019-10-14;14202,91705281;0,00111686;-0,02705595
2019-10-15;14189,19757421;-0,00096596;-0,02799578
2019-10-16;14185,47855633;-0,00026210;-0,02825054
2019-10-17;14189,29365443;0,00026894;-0,02798920
2019-10-18;14165,87476563;-0,00165046;-0,02959346
2019-10-21;14150,89647453;-0,00105735;-0,03061952
2019-10-22;14157,05314625;0,00043507;-0,03019777
2019-10-23;14176,43968629;0,00136939;-0,02886973
2019-10-24;14241,04317676;0,00455710;-0,02444419
2019-10-25;14270,04100026;0,00203621;-0,02245775
2019-10-28;14251,95078051;-0,00126771;-0,02369699
2019-10-29;14223,55637238;-0,00199232;-0,02564209
2019-10-30;14260,54631872;0,00260061;-0,02310817
2019-10-31;14289,77233933;0,00204943;-0,02110609
2019-11-01;14321,71787146;0,00223555;-0,01891773
2019-11-04;14329,70968553;0,00055802;-0,01837026
2019-11-05;14196,43436907;-0,00930063;-0,02750004
2019-11-06;14235,34337182;0,00274076;-0,02483465
2019-11-07;14134,50737038;-0,00708350;-0,03174223
2019-11-08;14094,34602020;-0,00284137;-0,03449341
2019-11-11;14056,23000000;-0,00270435;-0,03710447
2019-11-12;14100,41886291;0,00314372;-0,03407740
2019-11-13;14123,65496392;0,00164790;-0,03248565
2019-11-14;14150,96156776;0,00193339;-0,03061506
2019-11-15;14154,75528723;0,00026809;-0,03035518
2019-11-18;14178,63819709;0,00168727;-0,02871913
2019-11-19;14186,08531260;0,00052523;-0,02820898
2019-11-20;14178,04834932;-0,00056654;-0,02875954
2019-11-21;14119,62008544;-0,00412104;-0,03276205
2019-11-22;14120,62155223;0,00007093;-0,03269345
2019-11-25;14104,18031147;-0,00116434;-0,03381973
2019-11-26;14158,00588526;0,00381629;-0,03013251
2019-11-27;14124,87747788;-0,00233991;-0,03240191
2019-11-29;14150,82140567;0,00183675;-0,03062467
2019-12-02;14113,29949716;-0,00265157;-0,03319503
2019-12-03;14155,38128627;0,00298171;-0,03031230
2019-12-04;14149,74555359;-0,00039813;-0,03069837
2019-12-05;14158,62198964;0,00062732;-0,03009030
2019-12-06;14111,57900676;-0,00332257;-0,03331289
2019-12-09;14101,91121654;-0,00068510;-0,03397517
2019-12-10;14113,92447586;0,00085189;-0,03315222
2019-12-11;14185,41824025;0,00506548;-0,02825468
2019-12-12;14183,78503255;-0,00011513;-0,02836656
2019-12-13;14207,11227087;0,00164464;-0,02676857
2019-12-16;14240,44426221;0,00234615;-0,02448522
2019-12-17;14249,87074798;0,00066195;-0,02383948
2019-12-18;14258,84337740;0,00062966;-0,02322482
2019-12-19;14294,75038300;0,00251823;-0,02076508
2019-12-20;14302,54157121;0,00054504;-0,02023136
2019-12-23;14372,04888026;0,00485979;-0,01546990
2019-12-24;14442,38259845;0,00489379;-0,01065182
2019-12-27;14503,03798459;0,00419982;-0,00649673
2019-12-30;14508,34091568;0,00036564;-0,00613347
2019-12-31;14506,61816409;-0,00011874;-0,00625148
2020-01-02;14614,08450555;0,00740809;0,00000000
2020-01-03;14726,04241881;0,00766096;0,00000000
2020-01-06;14806,85713552;0,00548788;0,00000000
2020-01-07;14855,51490614;0,00328616;0,00000000
2020-01-08;14807,35055023;-0,00324219;-0,00324219
2020-01-09;14781,84851999;-0,00172225;-0,00495886
2020-01-10;14843,23583403;0,00415288;-0,00082657
2020-01-13;14796,75060340;-0,00313175;-0,00395572
2020-01-14;14781,89400070;-0,00100404;-0,00495580
2020-01-15;14845,47793096;0,00430147;-0,00067564
2020-01-16;14843,36648854;-0,00014223;-0,00081777
2020-01-17;14890,63478562;0,00318447;0,00000000
2020-01-21;14892,85598922;0,00014917;0,00000000
2020-01-22;14885,17996783;-0,00051542;-0,00051542
2020-01-23;14904,77505398;0,00131642;0,00000000
2020-01-24;14960,89878718;0,00376549;0,00000000
2020-01-27;14957,26036275;-0,00024320;-0,00024320
2020-01-28;14924,09366468;-0,00221743;-0,00246009
2020-01-29;14973,67116938;0,00332198;0,00000000
2020-01-30;14958,39731889;-0,00102005;-0,00102005
2020-01-31;14960,03260047;0,00010932;-0,00091084
2020-02-03;14943,22972329;-0,00112318;-0,00203300
2020-02-04;14880,29089352;-0,00421186;-0,00623630
2020-02-05;14920,33986950;0,00269141;-0,00356167
2020-02-06;15005,34480445;0,00569725;0,00000000
2020-02-07;15009,09008923;0,00024960;0,00000000
2020-02-10;15041,70677712;0,00217313;0,00000000
2020-02-11;15020,80469328;-0,00138961;-0,00138961
2020-02-12;15028,63046521;0,00052100;-0,00086934
2020-02-13;15071,55697094;0,00285632;0,00000000
2020-02-14;15117,58359939;0,00305387;0,00000000
2020-02-18;15216,24011313;0,00652594;0,00000000
2020-02-19;15315,67273304;0,00653464;0,00000000
2020-02-20;15338,50869224;0,00149102;0,00000000
2020-02-21;15428,23510756;0,00584975;0,00000000
2020-02-24;15400,25320422;-0,00181368;-0,00181368
2020-02-25;15143,34070191;-0,01668236;-0,01846578
2020-02-26;15199,35996542;0,00369927;-0,01483482
2020-02-27;15068,11238323;-0,00863507;-0,02334180
2020-02-28;14688,89886208;-0,02516662;-0,04792099
2020-03-02;14851,03730028;0,01103816;-0,03741178
2020-03-03;15094,02811293;0,01636187;-0,02166204
2020-03-04;15186,95175203;0,00615632;-0,01563908
2020-03-05;15334,51506901;0,00971645;-0,00607458
2020-03-06;15236,12660141;-0,00641614;-0,01245175
2020-03-09;15069,13518054;-0,01096023;-0,02327550
2020-03-10;14918,94484324;-0,00996675;-0,03301027
2020-03-11;14833,58101633;-0,00572184;-0,03854323
2020-03-12;14221,13712012;-0,04128766;-0,07823954
2020-03-13;14085,26006691;-0,00955458;-0,08704658
2020-03-16;13844,35743688;-0,01710317;-0,10266098
2020-03-17;14058,74793959;0,01548577;-0,08876499
2020-03-18;13782,23330235;-0,01966851;-0,10668763
2020-03-19;13668,60524770;-0,00824453;-0,11405257
2020-03-20;13732,83567354;0,00469912;-0,10988940
2020-03-23;14052,11391136;0,02324926;-0,08919498
2020-03-24;14644,66780621;0,04216831;-0,05078788
2020-03-25;14587,53080776;-0,00390156;-0,05449128
2020-03-26;14792,40909571;0,01404475;-0,04121184
2020-03-27;14597,56074570;-0,01317219;-0,05384118
2020-03-30;14698,89561942;0,00694190;-0,04727303
2020-03-31;14442,44302156;-0,01744707;-0,06389532
2020-04-01;14377,48016800;-0,00449805;-0,06810597
2020-04-02;14549,05583128;0,01193364;-0,05698508
2020-04-03;14607,15005993;0,00399299;-0,05321964
2020-04-06;15002,26608400;0,02704949;-0,02760971
2020-04-07;15021,10214007;0,00125555;-0,02638882
2020-04-08;14920,54970076;-0,00669408;-0,03290625
2020-04-09;15194,78336510;0,01837960;-0,01513146
2020-04-14;15509,38088529;0,02070431;0,00000000
2020-04-15;15424,62188610;-0,00546502;-0,00546502
2020-04-16;15412,40533378;-0,00079202;-0,00625270
2020-04-17;15258,57477333;-0,00998096;-0,01617125
2020-04-20;15345,38097962;0,00568901;-0,01057424
2020-04-21;15174,53997725;-0,01113306;-0,02158957
2020-04-22;15418,30377581;0,01606400;-0,00587239
2020-04-23;15530,79562255;0,00729599;0,00000000
2020-04-24;15497,09857518;-0,00216969;-0,00216969
2020-04-27;15500,18647366;0,00019926;-0,00197087
2020-04-28;15442,88985549;-0,00369651;-0,00566009
2020-04-29;15579,35980058;0,00883707;0,00000000
2020-04-30;15340,01240103;-0,01536311;-0,01536311
2020-05-01;15335,79724577;-0,00027478;-0,01563367
2020-05-04;15359,92208059;0,00157311;-0,01408516
2020-05-05;15435,00556930;0,00488827;-0,00926574
2020-05-06;15393,52545622;-0,00268741;-0,01192824
2020-05-07;15520,87691153;0,00827305;-0,00375387
2020-05-11;15501,19635290;-0,00126801;-0,00501712
2020-05-12;15508,46774825;0,00046909;-0,00455038
2020-05-13;15485,50783082;-0,00148048;-0,00602412
2020-05-14;15530,48995929;0,00290479;-0,00313683
2020-05-15;15592,20780241;0,00397398;0,00000000
2020-05-18;15653,16808428;0,00390966;0,00000000
2020-05-19;15684,16327246;0,00198012;0,00000000
2020-05-20;15741,75240402;0,00367180;0,00000000
2020-05-21;15626,96625799;-0,00729183;-0,00729183
2020-05-22;15664,07998623;0,00237498;-0,00493417
2020-05-26;15625,23296271;-0,00248001;-0,00740194
2020-05-27;15650,87905193;0,00164133;-0,00577276
2020-05-28;15690,16861140;0,00251037;-0,00327688
2020-05-29;15707,81694920;0,00112480;-0,00215576
2020-06-01;15751,29685022;0,00276804;0,00000000
2020-06-02;15729,10901568;-0,00140864;-0,00140864
2020-06-03;15679,34098544;-0,00316407;-0,00456825
2020-06-04;15717,80776664;0,00245334;-0,00212612
2020-06-05;15683,37917915;-0,00219042;-0,00431188
2020-06-08;15745,43872791;0,00395703;-0,00037191
2020-06-09;15790,77573092;0,00287937;0,00000000
2020-06-10;15879,51279240;0,00561955;0,00000000
2020-06-11;15700,55576389;-0,01126968;-0,01126968
2020-06-12;15726,24854807;0,00163643;-0,00965170
2020-06-15;15711,57285332;-0,00093320;-0,01057589
2020-06-16;15807,77248251;0,00612285;-0,00451779
2020-06-17;15826,31593873;0,00117306;-0,00335003
2020-06-18;15823,45009591;-0,00018108;-0,00353050
2020-06-19;15892,74179088;0,00437905;0,00000000
2020-06-22;15930,84914335;0,00239778;0,00000000
2020-06-23;15999,81388803;0,00432901;0,00000000
2020-06-24;15910,49631921;-0,00558241;-0,00558241
2020-06-25;15919,12903645;0,00054258;-0,00504286
2020-06-26;15921,54790275;0,00015195;-0,00489168
2020-06-29;15953,70973951;0,00202002;-0,00288154
2020-06-30;15996,79844310;0,00270086;-0,00018847
2020-07-01;15977,21738009;-0,00122406;-0,00141230
2020-07-02;16025,46634233;0,00301986;0,00000000
2020-07-06;16103,93091728;0,00489624;0,00000000
2020-07-07;16102,69954890;-0,00007646;-0,00007646
2020-07-08;16138,91381825;0,00224896;0,00000000
2020-07-09;16118,57108243;-0,00126048;-0,00126048
2020-07-10;16115,37554336;-0,00019825;-0,00145848
2020-07-13;16141,20188511;0,00160259;0,00000000
2020-07-14;16157,27800856;0,00099597;0,00000000
2020-07-15;16204,92814971;0,00294914;0,00000000
2020-07-16;16118,47986545;-0,00533469;-0,00533469
2020-07-17;16188,61554711;0,00435126;-0,00100664
2020-07-20;16242,03544615;0,00329984;0,00000000
2020-07-21;16302,98694500;0,00375270;0,00000000
2020-07-22;16389,16947824;0,00528630;0,00000000
2020-07-23;16409,85531277;0,00126216;0,00000000
2020-07-24;16398,30141380;-0,00070408;-0,00070408
2020-07-27;16521,26454876;0,00749853;0,00000000
2020-07-28;16556,09603932;0,00210828;0,00000000
2020-07-29;16615,54299146;0,00359064;0,00000000
2020-07-30;16547,88210993;-0,00407214;-0,00407214
2020-07-31;16634,07601001;0,00520876;0,00000000
2020-08-03;16706,38752254;0,00434719;0,00000000
2020-08-04;16834,74271220;0,00768300;0,00000000
2020-08-05;16899,38355188;0,00383973;0,00000000
2020-08-06;16985,47309068;0,00509424;0,00000000
2020-08-07;16888,59021558;-0,00570387;-0,00570387
2020-08-10;16862,29942287;-0,00155672;-0,00725171
2020-08-11;16561,47193970;-0,01784024;-0,02496258
2020-08-12;16582,93147455;0,00129575;-0,02369917
2020-08-13;16699,08343585;0,00700431;-0,01686086
2020-08-14;16667,28385738;-0,00190427;-0,01873302
2020-08-17;16796,73920926;0,00776703;-0,01111149
2020-08-18;16839,05442536;0,00251925;-0,00862023
2020-08-19;16679,03137917;-0,00950309;-0,01804140
2020-08-20;16716,51853343;0,00224756;-0,01583439
2020-08-21;16696,43335769;-0,00120152;-0,01701688
2020-08-24;16709,95566838;0,00080989;-0,01622077
2020-08-25;16717,82651563;0,00047103;-0,01575738
2020-08-26;16813,50299212;0,00572302;-0,01012454
2020-08-27;16755,09760071;-0,00347372;-0,01356309
2020-08-28;16843,67976059;0,00528688;-0,00834792
2020-09-01;16889,36855348;0,00271252;-0,00565804
2020-09-02;16872,33788515;-0,00100837;-0,00666070
2020-09-03;16705,17573207;-0,00990747;-0,01650218
2020-09-04;16663,10660277;-0,00251833;-0,01897895
2020-09-08;16609,22894388;-0,00323335;-0,02215094
2020-09-09;16736,35727957;0,00765408;-0,01466640
2020-09-10;16714,53644828;-0,00130380;-0,01595108
2020-09-11;16701,94599822;-0,00075326;-0,01669233
2020-09-14;16777,74911015;0,00453858;-0,01222951
2020-09-15;16794,36731115;0,00099049;-0,01125113
2020-09-16;16772,16704671;-0,00132189;-0,01255815
2020-09-17;16705,08557291;-0,00399957;-0,01650749
2020-09-18;16683,07771763;-0,00131743;-0,01780318
2020-09-21;16533,75367850;-0,00895063;-0,02659446
2020-09-22;16561,50308247;0,00167835;-0,02496074
2020-09-23;16415,09558270;-0,00884023;-0,03358031
2020-09-24;16415,96523355;0,00005298;-0,03352911
2020-09-25;16443,37041276;0,00166942;-0,03191567
2020-09-28;16543,08936632;0,00606439;-0,02604483
2020-09-29;16587,22600738;0,00266798;-0,02344633
2020-09-30;16563,51007968;-0,00142977;-0,02484258
2020-10-01;16630,58181411;0,00404937;-0,02089381
2020-10-02;16557,25373570;-0,00440923;-0,02521092
2020-10-05;16660,00336676;0,00620572;-0,01916165
2020-10-06;16550,50215212;-0,00657270;-0,02560841
2020-10-07;16593,05086124;0,00257084;-0,02310340
2020-10-08;16650,30757185;0,00345064;-0,01973248
2020-10-09;16802,29906716;0,00912845;-0,01078416
2020-10-12;16859,44978018;0,00340136;-0,00741948
2020-10-13;16745,90431974;-0,00673483;-0,01410433
2020-10-14;16742,13036623;-0,00022537;-0,01432652
2020-10-15;16739,96590259;-0,00012928;-0,01445395
2020-10-16;16733,92636460;-0,00036079;-0,01480952
2020-10-19;16681,52231432;-0,00313161;-0,01789475
2020-10-20;16711,17238500;0,00177742;-0,01614914
2020-10-21;16725,65105923;0,00086641;-0,01529672
2020-10-22;16649,30305802;-0,00456473;-0,01979162
2020-10-23;16662,02162977;0,00076391;-0,01904283
2020-10-26;16583,69132110;-0,00470113;-0,02365444
2020-10-27;16599,11079617;0,00092980;-0,02274663
2020-10-28;16358,74815804;-0,01448045;-0,03689770
2020-10-29;16373,71551011;0,00091494;-0,03601652
2020-10-30;16331,62796979;-0,00257043;-0,03849437
2020-11-02;16436,12394104;0,00639838;-0,03234229
2020-11-03;16542,50664631;0,00647249;-0,02607913
2020-11-04;16714,37673986;0,01038960;-0,01596048
2020-11-05;16951,79790678;0,01420461;-0,00198259
2020-11-06;16958,85015645;0,00041602;-0,00156739
2020-11-09;16753,29941510;-0,01212056;-0,01366896
2020-11-10;16666,24563905;-0,00519622;-0,01879415
2020-11-11;16736,14281497;0,00419394;-0,01467903
2020-11-12;16748,05586189;0,00071182;-0,01397766
2020-11-13;16805,56494369;0,00343378;-0,01059188
2020-11-16;16867,77173514;0,00370156;-0,00692953
2020-11-17;16818,68488139;-0,00291010;-0,00981946
2020-11-18;16753,06875088;-0,00390138;-0,01368254
2020-11-19;16755,66958707;0,00015525;-0,01352941
2020-11-20;16743,21710920;-0,00074318;-0,01426254
2020-11-23;16619,79264724;-0,00737161;-0,02152901
2020-11-24;16608,30002127;-0,00069150;-0,02220563
2020-11-25;16604,74572581;-0,00021401;-0,02241488
2020-11-27;16587,57075375;-0,00103434;-0,02342604
2020-11-30;16546,21404977;-0,00249323;-0,02586087
2020-12-01;16720,16699820;0,01051316;-0,01561959
2020-12-02;16769,51589640;0,00295146;-0,01271423
2020-12-03;16796,27896723;0,00159594;-0,01113858
2020-12-04;16810,84467346;0,00086720;-0,01028105
2020-12-07;16909,80056836;0,00588643;-0,00445513
2020-12-08;16930,67755444;0,00123461;-0,00322602
2020-12-09;16821,01835822;-0,00647695;-0,00968208
2020-12-10;16816,01811454;-0,00029726;-0,00997646
2020-12-11;16820,53470886;0,00026859;-0,00971056
2020-12-14;16796,99937127;-0,00139920;-0,01109617
2020-12-15;16873,28227599;0,00454146;-0,00660510
2020-12-16;16919,77938163;0,00275566;-0,00386764
2020-12-17;16983,59579686;0,00377170;-0,00011052
2020-12-18;16975,66098656;-0,00046720;-0,00057768
2020-12-21;16962,78082489;-0,00075874;-0,00133598
2020-12-22;16954,40910330;-0,00049353;-0,00182886
2020-12-23;16956,29875754;0,00011146;-0,00171760
2020-12-24;16968,84619881;0,00073999;-0,00097889
2020-12-29;17014,82018144;0,00270932;0,00000000
2020-12-30;17040,71828719;0,00152209;0,00000000
2020-12-31;17052,51802845;0,00069244;0,00000000
2021-01-04;17153,84885525;0,00594228;0,00000000
2021-01-05;17175,22063296;0,00124589;0,00000000
2021-01-06;17092,32430045;-0,00482651;-0,00482651
2021-01-07;17128,43639367;0,00211277;-0,00272394
2021-01-08;16932,30046318;-0,01145090;-0,01414364
2021-01-11;16908,74127846;-0,00139138;-0,01551534
2021-01-12;16911,37228567;0,00015560;-0,01536215
2021-01-13;16903,50016487;-0,00046549;-0,01582049
2021-01-14;16887,82689758;-0,00092722;-0,01673304
2021-01-15;16787,66519890;-0,00593100;-0,02256480
2021-01-19;16861,68555602;0,00440921;-0,01825508
2021-01-20;17008,90167909;0,00873081;-0,00968366
2021-01-21;17019,23944301;0,00060779;-0,00908176
2021-01-22;16965,99422250;-0,00312853;-0,01218188
2021-01-25;16968,38988121;0,00014120;-0,01204239
2021-01-26;16959,43651723;-0,00052765;-0,01256369
2021-01-27;16861,06316559;-0,00580051;-0,01829132
2021-01-28;16871,72287563;0,00063221;-0,01767068
2021-01-29;16798,05160350;-0,00436655;-0,02196007
2021-02-01;16911,37556733;0,00674626;-0,01536196
2021-02-02;16912,28768165;0,00005393;-0,01530885
2021-02-03;16896,48242005;-0,00093454;-0,01622909
2021-02-04;16824,91427771;-0,00423568;-0,02039603
2021-02-05;16882,20149724;0,00340490;-0,01706057
2021-02-08;16962,26067688;0,00474222;-0,01239926
2021-02-09;16966,90141235;0,00027359;-0,01212906
2021-02-10;16977,04428045;0,00059780;-0,01153850
2021-02-11;16962,88679888;-0,00083392;-0,01236280
2021-02-12;16957,44933671;-0,00032055;-0,01267939
2021-02-16;16879,48453515;-0,00459767;-0,01721877
2021-02-17;16804,39507697;-0,00444856;-0,02159073
2021-02-18;16767,54183820;-0,00219307;-0,02373645
2021-02-19;16796,55309203;0,00173020;-0,02204732
2021-02-22;16807,47814662;0,00065043;-0,02141122
2021-02-23;16770,49237221;-0,00220055;-0,02356466
2021-02-24;16805,25347507;0,00207275;-0,02154075
2021-02-25;16654,45692550;-0,00897318;-0,03032064
2021-02-26;16524,19215117;-0,00782162;-0,03790510
2021-03-01;16601,78072992;0,00469545;-0,03338763
2021-03-02;16599,72175999;-0,00012402;-0,03350751
2021-03-03;16500,63154683;-0,00596939;-0,03927688
2021-03-04;16395,07208265;-0,00639730;-0,04542291
2021-03-05;16399,78814128;0,00028765;-0,04514833
2021-03-08;16390,00553457;-0,00059651;-0,04571790
2021-03-09;16533,52187146;0,00875633;-0,03736189
2021-03-10;16555,24645358;0,00131397;-0,03609701
2021-03-11;16601,15004705;0,00277275;-0,03342435
2021-03-12;16590,94679359;-0,00061461;-0,03401842
2021-03-15;16634,49665627;0,00262492;-0,03148280
2021-03-16;16666,56600176;0,00192788;-0,02961561
2021-03-17;16688,79449697;0,00133372;-0,02832139
2021-03-18;16623,66735682;-0,00390245;-0,03211332
2021-03-19;16629,47071858;0,00034910;-0,03177542
2021-03-22;16659,74214014;0,00182035;-0,03001292
2021-03-23;16618,89933905;-0,00245159;-0,03239093
2021-03-24;16619,83067089;0,00005604;-0,03233670
2021-03-25;16579,68875389;-0,00241530;-0,03467390
2021-03-26;16649,77375856;0,00422716;-0,03059331
2021-03-29;16590,63796661;-0,00355175;-0,03403640
2021-03-30;16510,96126184;-0,00480251;-0,03867545
2021-03-31;16599,43624238;0,00535856;-0,03352413
2021-04-01;16695,50439962;0,00578743;-0,02793072
2021-04-06;16849,36036840;0,00921541;-0,01897270
2021-04-07;16857,98431830;0,00051183;-0,01847058
2021-04-08;17002,36543917;0,00856455;-0,01006422
2021-04-09;17000,57600589;-0,00010525;-0,01016841
2021-04-12;16941,80780115;-0,00345684;-0,01359009
2021-04-13;17030,16890956;0,00521557;-0,00844541
2021-04-14;16964,04850841;-0,00388255;-0,01229516
2021-04-15;17149,21164596;0,01091503;-0,00151433
2021-04-16;17185,91712162;0,00214036;0,00000000
2021-04-19;17104,05585815;-0,00476328;-0,00476328
2021-04-20;17066,70268714;-0,00218388;-0,00693675
2021-04-21;17192,53780118;0,00737314;0,00000000
2021-04-22;17135,57143155;-0,00331344;-0,00331344
2021-04-23;17161,91923254;0,00153761;-0,00178092
2021-04-26;17208,57115751;0,00271834;0,00000000
2021-04-27;17168,73203693;-0,00231507;-0,00231507
2021-04-28;17155,86246055;-0,00074959;-0,00306293
2021-04-29;17119,32725143;-0,00212960;-0,00518601
2021-04-30;17056,81006205;-0,00365185;-0,00881892
2021-05-04;16973,44937964;-0,00488724;-0,01366306
2021-05-05;17017,55872454;0,00259873;-0,01109984
2021-05-06;17165,71073071;0,00870583;-0,00249064
2021-05-07;17275,55424850;0,00639901;0,00000000
2021-05-10;17179,18649251;-0,00557827;-0,00557827
2021-05-11;17117,61629558;-0,00358400;-0,00914228
2021-05-12;16927,61443384;-0,01109979;-0,02014059
2021-05-13;17015,48125259;0,00519074;-0,01505439
2021-05-14;17177,63296109;0,00952966;-0,00566820
2021-05-17;17223,99285817;0,00269885;-0,00298464
2021-05-18;17201,97466146;-0,00127834;-0,00425917
2021-05-19;17186,89176869;-0,00087681;-0,00513225
2021-05-20;17331,18807702;0,00839572;0,00000000
2021-05-21;17323,30767835;-0,00045469;-0,00045469
2021-05-24;17419,19288048;0,00553504;0,00000000
2021-05-25;17481,81626638;0,00359508;0,00000000
2021-05-26;17472,64704859;-0,00052450;-0,00052450
2021-05-27;17451,20060706;-0,00122743;-0,00175129
2021-05-28;17493,33622755;0,00241448;0,00000000
2021-06-01;17464,65261165;-0,00163969;-0,00163969
2021-06-02;17502,02565829;0,00213992;0,00000000
2021-06-03;17384,23697567;-0,00673000;-0,00673000
2021-06-04;17475,98343343;0,00527757;-0,00148795
2021-06-07;17496,49745613;0,00117384;-0,00031586
2021-06-08;17483,08585744;-0,00076653;-0,00108215
2021-06-09;17486,62822545;0,00020262;-0,00087975
2021-06-10;17515,71236494;0,00166322;0,00000000
2021-06-11;17476,32141764;-0,00224889;-0,00224889
2021-06-14;17465,26879542;-0,00063243;-0,00287990
2021-06-15;17442,40270837;-0,00130923;-0,00418537
2021-06-16;17350,73974856;-0,00525518;-0,00941855
2021-06-17;17224,45326681;-0,00727845;-0,01662845
2021-06-18;17170,50119445;-0,00313230;-0,01970866
2021-06-21;17249,47020005;0,00459911;-0,01520019
2021-06-22;17256,49265056;0,00040711;-0,01479927
2021-06-23;17244,14025293;-0,00071581;-0,01550449
2021-06-24;17273,07625447;0,00167802;-0,01385248
2021-06-25;17294,18402150;0,00122200;-0,01264741
2021-06-28;17310,10383510;0,00092053;-0,01173852
2021-06-29;17286,86761956;-0,00134235;-0,01306511
2021-06-30;17307,28358669;0,00118101;-0,01189953
2021-07-01;17337,47602892;0,00174449;-0,01017580
2021-07-02;17401,13608772;0,00367182;-0,00654134
2021-07-06;17426,62786509;0,00146495;-0,00508598
2021-07-07;17469,34503141;0,00245126;-0,00264719
2021-07-08;17429,00847340;-0,00230899;-0,00495006
2021-07-09;17477,11860064;0,00276035;-0,00220338
2021-07-12;17476,10474458;-0,00005801;-0,00226126
2021-07-13;17499,95551502;0,00136476;-0,00089958
2021-07-14;17553,04825746;0,00303388;0,00000000
2021-07-15;17531,35291733;-0,00123599;-0,00123599
2021-07-16;17467,62504712;-0,00363508;-0,00486657
2021-07-19;17416,58882864;-0,00292176;-0,00777412
2021-07-20;17475,10105135;0,00335957;-0,00444066
2021-07-21;17481,10776845;0,00034373;-0,00409846
2021-07-22;17500,31046166;0,00109848;-0,00300448
2021-07-23;17520,67428128;0,00116363;-0,00184435
2021-07-26;17504,25169990;-0,00093733;-0,00277995
2021-07-27;17468,92191118;-0,00201835;-0,00479269
2021-07-28;17501,91105810;0,00188845;-0,00291329
2021-07-29;17570,14646788;0,00389874;0,00000000
2021-07-30;17525,09500132;-0,00256409;-0,00256409
2021-08-02;17527,45288090;0,00013454;-0,00242989
2021-08-03;17531,50492495;0,00023118;-0,00219927
2021-08-04;17546,00984688;0,00082736;-0,00137373
2021-08-05;17546,42044839;0,00002340;-0,00135036
2021-08-06;17428,86168991;-0,00669987;-0,00804118
2021-08-09;17329,56353391;-0,00569734;-0,01369271
2021-08-10;17315,70486183;-0,00079971;-0,01448147
2021-08-11;17384,69963957;0,00398452;-0,01055465
2021-08-12;17414,22144204;0,00169815;-0,00887443
2021-08-13;17509,35993421;0,00546326;-0,00345965
2021-08-16;17534,01591352;0,00140816;-0,00205636
2021-08-17;17514,15672300;-0,00113261;-0,00318664
2021-08-18;17474,83962134;-0,00224488;-0,00542436
2021-08-19;17473,99205019;-0,00004850;-0,00547260
2021-08-20;17537,37062562;0,00362702;-0,00186543
2021-08-23;17652,61213324;0,00657120;0,00000000
2021-08-24;17651,99556232;-0,00003493;-0,00003493
2021-08-25;17618,61405818;-0,00189109;-0,00192595
2021-08-26;17598,58855843;-0,00113661;-0,00306037
2021-08-27;17708,51014857;0,00624605;0,00000000
2021-08-31;17718,85579514;0,00058422;0,00000000
2021-09-01;17729,38185277;0,00059406;0,00000000
2021-09-02;17706,23661450;-0,00130547;-0,00130547
2021-09-03;17790,69336479;0,00476989;0,00000000
2021-09-07;17658,14520844;-0,00745042;-0,00745042
2021-09-08;17613,07924217;-0,00255213;-0,00998354
2021-09-09;17612,28887059;-0,00004487;-0,01002797
2021-09-10;17529,19679488;-0,00471785;-0,01469850
2021-09-13;17541,64579179;0,00071019;-0,01399876
2021-09-14;17582,15860725;0,00230952;-0,01172156
2021-09-15;17567,29606580;-0,00084532;-0,01255698
2021-09-16;17420,68063390;-0,00834593;-0,02079811
2021-09-17;17335,84138336;-0,00487003;-0,02556685
2021-09-20;17274,33824326;-0,00354774;-0,02902389
2021-09-21;17344,23561869;0,00404631;-0,02509502
2021-09-22;17384,03744821;0,00229482;-0,02285779
2021-09-23;17376,00245706;-0,00046221;-0,02330943
2021-09-24;17374,86931810;-0,00006521;-0,02337312
2021-09-27;17343,57019857;-0,00180140;-0,02513242
2021-09-28;17126,31049988;-0,01252682;-0,03734441
2021-09-29;17123,30994059;-0,00017520;-0,03751306
2021-09-30;17184,44616044;0,00357035;-0,03407665
2021-10-01;17227,09964706;0,00248210;-0,03167913
2021-10-04;17183,15617502;-0,00255083;-0,03414916
2021-10-05;17216,42646872;0,00193622;-0,03227906
2021-10-06;17220,16658651;0,00021724;-0,03206883
2021-10-07;17255,13399160;0,00203061;-0,03010334
2021-10-08;17242,15060163;-0,00075244;-0,03083313
2021-10-11;17232,04871444;-0,00058588;-0,03140095
2021-10-12;17228,90600241;-0,00018238;-0,03157760
2021-10-13;17317,10833505;0,00511944;-0,02661982
2021-10-14;17401,73419692;0,00488684;-0,02186307
2021-10-15;17341,26364582;-0,00347497;-0,02526207
2021-10-18;17351,67479996;0,00060037;-0,02467687
2021-10-19;17387,16258570;0,00204521;-0,02268213
2021-10-20;17435,80541902;0,00279763;-0,01994795
2021-10-21;17434,20241908;-0,00009194;-0,02003806
2021-10-22;17470,03677860;0,00205541;-0,01802384
2021-10-25;17521,10022863;0,00292292;-0,01515360
2021-10-26;17497,20380639;-0,00136387;-0,01649680
2021-10-27;17508,03582202;0,00061907;-0,01588794
2021-10-28;17522,70605866;0,00083791;-0,01506334
2021-10-29;17503,84434414;-0,00107642;-0,01612354
2021-11-01;17544,04138364;0,00229647;-0,01386410
2021-11-02;17565,67982348;0,00123338;-0,01264782
2021-11-03;17523,65519842;-0,00239243;-0,01500999
2021-11-04;17649,55826114;0,00718475;-0,00793309
2021-11-05;17744,52492827;0,00538068;-0,00259509
2021-11-08;17763,84176952;0,00108861;-0,00150931
2021-11-09;17772,46649000;0,00048552;-0,00102452
2021-11-10;17811,64127200;0,00220424;0,00000000
2021-11-11;17856,79263191;0,00253494;0,00000000
2021-11-12;17892,23093371;0,00198458;0,00000000
2021-11-15;17883,47046327;-0,00048962;-0,00048962
2021-11-16;17869,77127274;-0,00076603;-0,00125527
2021-11-17;17895,02276717;0,00141308;0,00000000
2021-11-18;17892,47982547;-0,00014210;-0,00014210
2021-11-19;17870,42103096;-0,00123285;-0,00137478
2021-11-22;17742,18531843;-0,00717586;-0,00854078
2021-11-23;17672,30128452;-0,00393886;-0,01244600
2021-11-24;17693,41278742;0,00119461;-0,01126626
2021-11-26;17581,47851547;-0,00632632;-0,01752131
2021-11-29;17648,73952844;0,00382567;-0,01376267
2021-11-30;17575,35403897;-0,00415812;-0,01786356
2021-12-01;17600,72021649;0,00144328;-0,01644606
2021-12-02;17542,87847272;-0,00328633;-0,01967834
2021-12-03;17560,23188169;0,00098920;-0,01870860
2021-12-06;17579,93378214;0,00112196;-0,01760763
2021-12-07;17721,46871490;0,00805094;-0,00969845
2021-12-08;17727,75253790;0,00035459;-0,00934730
2021-12-09;17685,43152538;-0,00238727;-0,01171226
2021-12-10;17725,85429077;0,00228565;-0,00945338
2021-12-13;17707,61006887;-0,00102924;-0,01047290
2021-12-14;17600,70541564;-0,00603722;-0,01644688
2021-12-15;17669,21217501;0,00389227;-0,01261863
2021-12-16;17704,85041369;0,00201697;-0,01062711
2021-12-17;17669,87688721;-0,00197536;-0,01258148
2021-12-20;17583,98463965;-0,00486094;-0,01738126
2021-12-21;17654,51249405;0,00401091;-0,01344007
2021-12-22;17746,33336829;0,00520099;-0,00830898
2021-12-23;17779,93506074;0,00189344;-0,00643127
2021-12-29;17809,33493781;0,00165354;-0,00478836
2021-12-30;17837,61173648;0,00158775;-0,00320821
2021-12-31;17852,63080215;0,00084199;-0,00236892
2022-01-04;17810,61261645;-0,00235361;-0,00471696
2022-01-05;17734,64936261;-0,00426506;-0,00896190
2022-01-06;17622,81521259;-0,00630597;-0,01521136
2022-01-07;17617,86392112;-0,00028096;-0,01548804
2022-01-10;17596,57912760;-0,00120814;-0,01667747
2022-01-11;17709,93064004;0,00644168;-0,01034322
2022-01-12;17740,36659811;0,00171858;-0,00864241
2022-01-13;17676,38566798;-0,00360652;-0,01221776
2022-01-14;17640,36568093;-0,00203775;-0,01423061
2022-01-18;17587,22791953;-0,00301228;-0,01720003
2022-01-19;17628,43488360;0,00234301;-0,01489732
2022-01-20;17609,95106970;-0,00104852;-0,01593022
2022-01-21;17518,76026769;-0,00517837;-0,02102610
2022-01-24;17467,90242362;-0,00290305;-0,02386811
2022-01-25;17461,65302154;-0,00035776;-0,02421733
2022-01-26;17429,12696120;-0,00186271;-0,02603494
2022-01-27;17361,23618310;-0,00389525;-0,02982877
2022-01-28;17382,77753418;0,00124077;-0,02862501
2022-01-31;17502,57165394;0,00689154;-0,02193074
2022-02-01;17530,15023663;0,00157569;-0,02038961
2022-02-02;17582,32885534;0,00297651;-0,01747379
2022-02-03;17485,16239448;-0,00552637;-0,02290360
2022-02-04;17493,12579675;0,00045544;-0,02245859
2022-02-07;17557,23190357;0,00366465;-0,01887625
2022-02-08;17604,33015646;0,00268256;-0,01624433
2022-02-09;17726,83481204;0,00695878;-0,00939859
2022-02-10;17613,64875307;-0,00638501;-0,01572359
2022-02-11;17681,74528830;0,00386612;-0,01191826
2022-02-14;17689,81278902;0,00045626;-0,01146743
2022-02-15;17693,51702717;0,00020940;-0,01126043
2022-02-16;17765,82813480;0,00408687;-0,00721958
2022-02-17;17796,37557954;0,00171945;-0,00551255
2022-02-18;17737,45147335;-0,00331102;-0,00880531
2022-02-22;17718,58485181;-0,00106366;-0,00985961
2022-02-23;17687,75180169;-0,00174015;-0,01158260
2022-02-24;17674,31018083;-0,00075994;-0,01233374
2022-02-25;17762,40704764;0,00498446;-0,00741076
2022-02-28;17850,23906808;0,00494483;-0,00250258
2022-03-01;17940,95985448;0,00508233;0,00000000
2022-03-02;17960,32838373;0,00107957;0,00000000
2022-03-03;17944,70110041;-0,00087010;-0,00087010
2022-03-04;17962,47059481;0,00099024;0,00000000
2022-03-07;17951,60031959;-0,00060517;-0,00060517
2022-03-08;18045,78305494;0,00524648;0,00000000
2022-03-09;18029,39449129;-0,00090817;-0,00090817
2022-03-10;17988,30049234;-0,00227928;-0,00318537
2022-03-11;17933,00632674;-0,00307390;-0,00624948
2022-03-14;17801,55704292;-0,00733002;-0,01353369
2022-03-15;17791,80535958;-0,00054780;-0,01407407
2022-03-16;17937,18057853;0,00817091;-0,00601816
2022-03-17;18002,08999540;0,00361871;-0,00242123
2022-03-18;18019,88920301;0,00098873;-0,00143490
2022-03-21;18061,71596650;0,00232114;0,00000000
2022-03-22;18071,23979479;0,00052729;0,00000000
2022-03-23;18103,46969619;0,00178349;0,00000000
2022-03-24;18202,72122417;0,00548246;0,00000000
2022-03-25;18191,43945263;-0,00061978;-0,00061978
2022-03-28;18145,90510920;-0,00250306;-0,00312130
2022-03-29;18238,29566462;0,00509154;0,00000000
2022-03-30;18241,98379338;0,00020222;0,00000000
2022-03-31;18204,71785154;-0,00204287;-0,00204287
2022-04-01;18138,39772464;-0,00364302;-0,00567844
2022-04-04;18225,86598759;0,00482227;-0,00088356
2022-04-05;18136,14842739;-0,00492254;-0,00580175
2022-04-06;18066,77376994;-0,00382521;-0,00960477
2022-04-07;18088,67489607;0,00121223;-0,00840418
2022-04-08;18154,84990810;0,00365837;-0,00477656
2022-04-11;18107,48590464;-0,00260889;-0,00737299
2022-04-12;18163,05947458;0,00306909;-0,00432652
2022-04-13;18211,85910206;0,00268675;-0,00165139
2022-04-14;18143,68443157;-0,00374342;-0,00538863
2022-04-19;18100,21302645;-0,00239595;-0,00777167
2022-04-20;18150,39719566;0,00277257;-0,00502065
2022-04-21;18095,83509088;-0,00300611;-0,00801167
2022-04-22;17942,88673834;-0,00845213;-0,01639608
2022-04-25;17801,97570588;-0,00785331;-0,02412063
2022-04-26;17759,93942398;-0,00236133;-0,02642500
2022-04-27;17742,60561879;-0,00097601;-0,02737521
2022-04-28;17864,83072140;0,00688879;-0,02067500
2022-04-29;17787,65245474;-0,00432012;-0,02490581
2022-05-03;17693,07728669;-0,00531690;-0,03009029
2022-05-04;17791,28530006;0,00555065;-0,02470666
2022-05-05;17714,94122007;-0,00429109;-0,02889174
2022-05-06;17702,03771480;-0,00072840;-0,02959909
2022-05-09;17463,27763314;-0,01348772;-0,04268758
2022-05-10;17413,96711656;-0,00282367;-0,04539071
2022-05-11;17451,57472556;0,00215962;-0,04332912
2022-05-12;17301,15772543;-0,00861911;-0,05157477
2022-05-13;17349,54496892;0,00279676;-0,04892225
2022-05-16;17385,37778752;0,00206535;-0,04695794
2022-05-17;17385,96778593;0,00003394;-0,04692560
2022-05-18;17285,58369050;-0,00577386;-0,05242851
2022-05-19;17326,92416131;0,00239162;-0,05016229
2022-05-20;17323,30367541;-0,00020895;-0,05036076
2022-05-23;17426,18464923;0,00593888;-0,04472097
2022-05-24;17425,45935626;-0,00004162;-0,04476073
2022-05-25;17424,98589930;-0,00002717;-0,04478668
2022-05-26;17489,84348444;0,00372210;-0,04123128
2022-05-27;17579,85854687;0,00514670;-0,03629678
2022-05-31;17498,33377113;-0,00463740;-0,04076585
2022-06-01;17541,46241434;0,00246473;-0,03840160
2022-06-06;17536,49507672;-0,00028318;-0,03867390
2022-06-07;17612,83744818;0,00435334;-0,03448892
2022-06-08;17590,89718447;-0,00124570;-0,03569166
2022-06-09;17435,04185671;-0,00886000;-0,04423543
2022-06-10;17346,47017492;-0,00508010;-0,04909080
2022-06-13;16927,88558866;-0,02413082;-0,07203702
2022-06-14;16887,28576785;-0,00239840;-0,07426265
2022-06-15;17072,14575655;0,01094670;-0,06412888
2022-06-16;16931,41014809;-0,00824358;-0,07184381
2022-06-17;16904,77263442;-0,00157326;-0,07330404
2022-06-21;16997,56195407;0,00548894;-0,06821746
2022-06-22;17020,77444573;0,00136564;-0,06694499
2022-06-23;17009,86773171;-0,00064079;-0,06754288
2022-06-24;17178,60263336;0,00991982;-0,05829307
2022-06-27;17168,16752788;-0,00060745;-0,05886510
2022-06-28;17053,82542172;-0,00666012;-0,06513318
2022-06-29;17037,46154948;-0,00095954;-0,06603022
2022-06-30;16906,76693530;-0,00767101;-0,07319472
2022-07-01;16933,50413133;0,00158145;-0,07172902
2022-07-05;16739,97565441;-0,01142873;-0,08233798
2022-07-06;16635,01773774;-0,00626990;-0,08809163
2022-07-07;16701,46601872;0,00399448;-0,08444903
2022-07-08;16717,49039752;0,00095946;-0,08357059
2022-07-11;16625,86152311;-0,00548102;-0,08859356
2022-07-12;16572,64869183;-0,00320061;-0,09151061
2022-07-13;16581,10023436;0,00050997;-0,09104731
2022-07-14;16439,23070184;-0,00855610;-0,09882440
2022-07-15;16502,49923876;0,00384863;-0,09535611
2022-07-18;16493,91162563;-0,00052038;-0,09582687
2022-07-19;16579,76291018;0,00520503;-0,09112062
2022-07-20;16554,48862142;-0,00152441;-0,09250612
2022-07-21;16718,48541707;0,00990649;-0,08351605
2022-07-22;16713,04046283;-0,00032568;-0,08381453
2022-07-25;16669,74736972;-0,00259038;-0,08618780
2022-07-26;16606,90162230;-0,00377005;-0,08963291
2022-07-27;16796,39391814;0,01141045;-0,07924521
2022-07-28;16963,23501413;0,00993315;-0,07009922
2022-07-29;17043,41775936;0,00472685;-0,06570371
2022-08-01;17090,01800654;0,00273421;-0,06314915
2022-08-02;17047,84593173;-0,00246764;-0,06546096
2022-08-03;17128,66791670;0,00474089;-0,06103042
2022-08-04;17222,14029921;0,00545707;-0,05590639
2022-08-05;17165,27784734;-0,00330171;-0,05902351
2022-08-08;17214,57661008;0,00287200;-0,05632102
2022-08-09;17192,76559995;-0,00126701;-0,05751667
2022-08-10;17244,56214043;0,00301269;-0,05467726
2022-08-11;17243,23895716;-0,00007673;-0,05474979
2022-08-12;17344,02006790;0,00584467;-0,04922511
2022-08-15;17309,89956539;-0,00196728;-0,05109555
2022-08-16;17302,59045392;-0,00042225;-0,05149623
2022-08-17;17249,22717535;-0,00308412;-0,05442153
2022-08-18;17267,13806300;0,00103836;-0,05343968
2022-08-19;17203,48054382;-0,00368663;-0,05692929
2022-08-22;17094,32390732;-0,00634503;-0,06291311
2022-08-23;17099,36797275;0,00029507;-0,06263660
2022-08-24;17134,81258995;0,00207286;-0,06069357
2022-08-25;17186,92766367;0,00304147;-0,05783670
2022-08-26;17037,07843766;-0,00871879;-0,06605122
2022-08-30;16924,17629581;-0,00662685;-0,07224036
2022-08-31;16868,94664620;-0,00326336;-0,07526797
2022-09-01;16796,04853136;-0,00432144;-0,07926415
2022-09-02;16867,86944568;0,00427606;-0,07532702
2022-09-06;16790,80965843;-0,00456844;-0,07955133
2022-09-07;16875,87180422;0,00506599;-0,07488835
2022-09-08;16881,84257831;0,00035381;-0,07456104
2022-09-09;16961,58598977;0,00472362;-0,07018961
2022-09-12;17025,18454908;0,00374956;-0,06670323
2022-09-13;16840,75074349;-0,01083300;-0,07681363
2022-09-14;16797,88738662;-0,00254522;-0,07916334
2022-09-15;16677,34253169;-0,00717619;-0,08577144
2022-09-16;16667,47093585;-0,00059192;-0,08631259
2022-09-20;16650,44051529;-0,00102178;-0,08724617
2022-09-21;16668,20608538;0,00106697;-0,08627229
2022-09-22;16603,75747402;-0,00386656;-0,08980527
2022-09-23;16519,97873792;-0,00504577;-0,09439791
2022-09-26;16501,18487573;-0,00113764;-0,09542816
2022-09-27;16481,54698480;-0,00119009;-0,09650468
2022-09-28;16608,13049639;0,00768032;-0,08956555
2022-09-29;16489,31788301;-0,00715388;-0,09607869
2022-09-30;16461,37616750;-0,00169453;-0,09761042
2022-10-03;16585,91494530;0,00756551;-0,09078337
2022-10-04;16833,47524446;0,01492594;-0,07721247
2022-10-05;16792,36023320;-0,00244246;-0,07946633
2022-10-06;16798,31973700;0,00035489;-0,07913964
2022-10-07;16584,21637977;-0,01274552;-0,09087649
2022-10-10;16389,90177578;-0,01171684;-0,10152854
2022-10-11;16322,48367085;-0,00411339;-0,10522431
2022-10-12;16373,94092248;0,00315254;-0,10240349
2022-10-13;16308,61988181;-0,00398933;-0,10598430
2022-10-14;16176,02562045;-0,00813032;-0,11325293
2022-10-17;16244,56538144;0,00423712;-0,10949568
2022-10-18;16310,06659861;0,00403219;-0,10590499
2022-10-19;16188,16810836;-0,00747382;-0,11258730
2022-10-20;16178,91011226;-0,00057190;-0,11309481
2022-10-21;16383,34580104;0,01263594;-0,10188793
2022-10-24;16401,27893939;0,00109460;-0,10090486
2022-10-25;16457,57657653;0,00343252;-0,09781870
2022-10-26;16491,08511259;0,00203606;-0,09598181
2022-10-27;16439,95838966;-0,00310026;-0,09878451
2022-10-28;16408,98652297;-0,00188394;-0,10048234
2022-10-31;16340,55919850;-0,00417011;-0,10423343
2022-11-01;16427,76388004;0,00533670;-0,09945299
2022-11-02;16308,30255344;-0,00727192;-0,10600170
2022-11-03;16250,90108551;-0,00351977;-0,10914837
2022-11-04;16493,90875504;0,01495349;-0,09582703
2022-11-07;16479,10854368;-0,00089731;-0,09663835
2022-11-08;16683,33887422;0,01239329;-0,08544273
2022-11-09;16614,53792455;-0,00412393;-0,08921430
2022-11-10;16996,30378549;0,02297782;-0,06828643
2022-11-11;17084,21478410;0,00517236;-0,06346728
2022-11-14;17113,74746440;0,00172865;-0,06184834
2022-11-15;17147,29770709;0,00196043;-0,06000916
2022-11-16;17077,79185303;-0,00405346;-0,06381937
2022-11-17;17012,04542360;-0,00384982;-0,06742350
2022-11-18;16959,97519965;-0,00306079;-0,07027792
2022-11-21;16907,50558699;-0,00309373;-0,07315423
2022-11-22;16953,22639099;0,00270417;-0,07064788
2022-11-23;17009,32008578;0,00330873;-0,06757290
2022-11-25;17009,41829974;0,00000577;-0,06756751
2022-11-28;16903,19984152;-0,00624468;-0,07339026
2022-11-29;16919,47997859;0,00096314;-0,07249781
2022-11-30;17111,02465095;0,01132096;-0,06199760
2022-12-01;17266,53487628;0,00908831;-0,05347274
2022-12-02;17216,80205289;-0,00288030;-0,05619903
2022-12-05;17018,70955135;-0,01150577;-0,06705818
2022-12-06;16976,73853907;-0,00246617;-0,06935897
2022-12-07;17040,65819579;0,00376513;-0,06585499
2022-12-08;17086,95082133;0,00271660;-0,06331729
2022-12-09;17100,48044767;0,00079181;-0,06257561
2022-12-12;17049,20817433;-0,00299829;-0,06538629
2022-12-13;17267,59625471;0,01280928;-0,05341456
2022-12-14;17224,88522197;-0,00247348;-0,05575592
2022-12-15;16969,30665472;-0,01483775;-0,06976638
2022-12-16;17009,40793214;0,00236317;-0,06756808
2022-12-19;16955,55065441;-0,00316632;-0,07052046
2022-12-20;17119,32896528;0,00965927;-0,06154237
2022-12-21;17173,85430748;0,00318502;-0,05855336
2022-12-22;16990,18323294;-0,01069481;-0,06862195
2022-12-23;17030,58664849;0,00237804;-0,06640709
2022-12-28;17018,84939410;-0,00068919;-0,06705051
2022-12-29;17136,12593511;0,00689098;-0,06062158
2022-12-30;17167,74508772;0,00184518;-0,05888826
2023-01-03;17244,32476740;0,00446067;-0,05469027
2023-01-04;17360,62320938;0,00674416;-0,04831495
2023-01-05;17209,45621193;-0,00870746;-0,05660172
2023-01-06;17454,05379020;0,01421298;-0,04319322
2023-01-09;17508,26381277;0,00310587;-0,04022150
2023-01-10;17531,22923754;0,00131169;-0,03896257
2023-01-11;17588,38252085;0,00326008;-0,03582951
2023-01-12;17735,97340815;0,00839138;-0,02773878
2023-01-13;17868,96979650;0,00749868;-0,02044810
2023-01-17;17808,64699959;-0,00337584;-0,02375492
2023-01-18;17728,72972435;-0,00448755;-0,02813587
2023-01-19;17840,06895649;0,00628016;-0,02203241
2023-01-20;17865,95963640;0,00145127;-0,02061312
2023-01-23;17968,14712504;0,00571968;-0,01501134
2023-01-24;18012,01577131;0,00244147;-0,01260652
2023-01-25;18041,31283294;0,00162653;-0,01100050
2023-01-26;17987,14482481;-0,00300244;-0,01396992
2023-01-27;17999,63347474;0,00069431;-0,01328531
2023-01-30;17929,13894244;-0,00391644;-0,01714972
2023-01-31;18005,96435124;0,00428495;-0,01293826
2023-02-01;18198,20773171;0,01067665;-0,00239974
2023-02-02;18078,70059724;-0,00656697;-0,00895096
2023-02-03;17834,84033927;-0,01348882;-0,02231903
2023-02-06;17817,41317817;-0,00097714;-0,02327437
2023-02-07;17863,73650055;0,00259989;-0,02073499
2023-02-08;17864,59011137;0,00004778;-0,02068819
2023-02-09;17765,42557763;-0,00555090;-0,02612425
2023-02-10;17762,61514397;-0,00015820;-0,02627832
2023-02-13;17756,36342024;-0,00035196;-0,02662103
2023-02-14;17752,87235682;-0,00019661;-0,02681240
2023-02-15;17697,89258426;-0,00309695;-0,02982632
2023-02-16;17671,34883157;-0,00149983;-0,03128141
2023-02-17;17645,80621054;-0,00144543;-0,03268162
2023-02-21;17519,65075006;-0,00714932;-0,03959729
2023-02-22;17466,83801821;-0,00301449;-0,04249241
2023-02-23;17484,49869713;0,00101110;-0,04152427
2023-02-24;17377,42756772;-0,00612377;-0,04739376
2023-02-27;17427,52795254;0,00288307;-0,04464733
2023-02-28;17451,16985271;0,00135658;-0,04335131
2023-03-01;17511,70887862;0,00346905;-0,04003265
2023-03-02;17542,45889441;0,00175597;-0,03834698
2023-03-03;17665,85659226;0,00703423;-0,03158249
2023-03-06;17667,64239680;0,00010109;-0,03148459
2023-03-07;17557,77031802;-0,00621883;-0,03750762
2023-03-08;17569,91943220;0,00069195;-0,03684163
2023-03-09;17577,71473501;0,00044367;-0,03641430
2023-03-10;17589,44911183;0,00066757;-0,03577104
2023-03-13;17651,88986457;0,00354990;-0,03234812
2023-03-14;17689,98942266;0,00215838;-0,03025956
2023-03-15;17694,79835841;0,00027185;-0,02999594
2023-03-16;17790,69034596;0,00541922;-0,02473927
2023-03-17;17912,74095940;0,00686036;-0,01804863
2023-03-20;17913,83995274;0,00006135;-0,01798839
2023-03-21;17879,89814514;-0,00189473;-0,01984903
2023-03-22;17951,00359415;0,00397684;-0,01595113
2023-03-23;18031,60453166;0,00449005;-0,01153270
2023-03-24;17955,80913959;-0,00420347;-0,01568769
2023-03-27;17914,38636653;-0,00230693;-0,01795843
2023-03-28;17937,31723747;0,00128003;-0,01670139
2023-03-29;17974,32232858;0,00206302;-0,01467283
2023-03-30;18059,62208052;0,00474564;-0,00999681
2023-03-31;18074,56699355;0,00082753;-0,00917755
2023-04-03;18121,80536750;0,00261353;-0,00658801
2023-04-04;18183,93870789;0,00342865;-0,00318195
2023-04-05;18153,90017039;-0,00165193;-0,00482862
2023-04-06;18136,47974129;-0,00095960;-0,00578358
2023-04-11;18131,66972233;-0,00026521;-0,00604726
2023-04-12;18146,38900379;0,00081180;-0,00524037
2023-04-13;18252,02006663;0,00582105;0,00000000
2023-04-14;18173,32349285;-0,00431166;-0,00431166
2023-04-17;18171,33041013;-0,00010967;-0,00442086
2023-04-18;18195,22749989;0,00131510;-0,00311158
2023-04-19;18154,64989396;-0,00223012;-0,00533476
2023-04-20;18162,92044219;0,00045556;-0,00488163
2023-04-21;18109,87289961;-0,00292065;-0,00778802
2023-04-24;18111,59546856;0,00009512;-0,00769365
2023-04-25;18095,58265680;-0,00088412;-0,00857096
2023-04-26;18063,45183949;-0,00177562;-0,01033136
2023-04-27;18106,91078369;0,00240590;-0,00795031
2023-04-28;18139,21783259;0,00178424;-0,00618026
2023-05-02;18182,33300419;0,00237690;-0,00381805
2023-05-03;18212,67180321;0,00166859;-0,00215583
2023-05-04;18207,04749687;-0,00030881;-0,00246398
2023-05-05;18192,42460611;-0,00080314;-0,00326514
2023-05-09;18224,67450119;0,00177271;-0,00149822
2023-05-10;18242,23612322;0,00096362;-0,00053605
2023-05-11;18212,03892346;-0,00165535;-0,00219051
2023-05-12;18204,88779993;-0,00039266;-0,00258230
2023-05-15;18230,04209973;0,00138173;-0,00120414
2023-05-16;18166,55042521;-0,00348280;-0,00468275
2023-05-17;18173,48826112;0,00038190;-0,00430264
2023-05-18;18183,75652117;0,00056501;-0,00374005
2023-05-19;18231,92592318;0,00264903;-0,00110093
2023-05-22;18243,48653332;0,00063409;-0,00046754
2023-05-23;18207,45190125;-0,00197521;-0,00244182
2023-05-24;18117,38160205;-0,00494689;-0,00737663
2023-05-25;18150,95845290;0,00185329;-0,00553701
2023-05-26;18259,66684408;0,00598913;0,00000000
2023-05-30;18282,66184003;0,00125933;0,00000000
2023-05-31;18245,13837189;-0,00205241;-0,00205241
2023-06-01;18310,99444078;0,00360951;0,00000000
2023-06-02;18237,49966074;-0,00401370;-0,00401370
2023-06-05;18304,08251421;0,00365088;-0,00037747
2023-06-06;18315,99709770;0,00065092;0,00000000
2023-06-07;18156,25747971;-0,00872132;-0,00872132
2023-06-08;18291,64504022;0,00745680;-0,00132955
2023-06-09;18272,70614508;-0,00103539;-0,00236356
2023-06-12;18331,62180506;0,00322424;0,00000000
2023-06-13;18281,37182264;-0,00274116;-0,00274116
2023-06-14;18304,88304627;0,00128608;-0,00145861
2023-06-15;18393,16837349;0,00482305;0,00000000
2023-06-16;18363,88184794;-0,00159225;-0,00159225
2023-06-20;18225,35609358;-0,00754338;-0,00912362
2023-06-21;18185,26202198;-0,00219991;-0,01130346
2023-06-22;18092,56459222;-0,00509739;-0,01634323
2023-06-23;18079,98142318;-0,00069549;-0,01702735
2023-06-26;18084,23261039;0,00023513;-0,01679622
2023-06-27;18079,15481021;-0,00028079;-0,01707229
2023-06-28;18101,06165412;0,00121172;-0,01588126
2023-06-29;18111,19026239;0,00055956;-0,01533059
2023-06-30;18219,15256280;0,00596108;-0,00946089
2023-07-03;18236,34379267;0,00094358;-0,00852624
2023-07-05;18183,29881469;-0,00290875;-0,01141019
2023-07-06;18110,11670768;-0,00402469;-0,01538896
2023-07-07;18150,42272005;0,00222561;-0,01319760
2023-07-10;18159,53929353;0,00050228;-0,01270195
2023-07-11;18192,97500839;0,00184122;-0,01088412
2023-07-12;18344,90850689;0,00835122;-0,00262379
2023-07-13;18369,26789912;0,00132786;-0,00129942
2023-07-14;18349,59490993;-0,00107097;-0,00236900
2023-07-17;18382,54744244;0,00179582;-0,00057744
2023-07-18;18507,69954832;0,00680820;0,00000000
2023-07-19;18569,84528712;0,00335783;0,00000000
2023-07-20;18491,66816460;-0,00420990;-0,00420990
2023-07-21;18466,13869516;-0,00138059;-0,00558468
2023-07-24;18444,87275473;-0,00115162;-0,00672986
2023-07-25;18505,64227681;0,00329466;-0,00345738
2023-07-26;18504,44964160;-0,00006445;-0,00352160
2023-07-27;18418,81745649;-0,00462765;-0,00813296
2023-07-28;18503,34501224;0,00458920;-0,00358109
2023-07-31;18524,42239878;0,00113911;-0,00244606
2023-08-01;18463,08320831;-0,00331126;-0,00574922
2023-08-02;18358,94858079;-0,00564015;-0,01135694
2023-08-03;18335,17425013;-0,00129497;-0,01263721
2023-08-04;18343,14965228;0,00043498;-0,01220773
2023-08-07;18317,06432650;-0,00142207;-0,01361244
2023-08-08;18252,44413084;-0,00352787;-0,01709229
2023-08-09;18203,61993517;-0,00267494;-0,01972151
2023-08-10;18221,34763196;0,00097386;-0,01876686
2023-08-11;18182,85482104;-0,00211251;-0,02083972
2023-08-14;18200,72776711;0,00098296;-0,01987725
2023-08-15;18135,93009442;-0,00356017;-0,02336666
2023-08-16;18068,47004833;-0,00371969;-0,02699943
2023-08-17;18018,21697517;-0,00278126;-0,02970560
2023-08-18;18002,52523948;-0,00087088;-0,03055061
2023-08-21;18057,50310727;0,00305390;-0,02759001
2023-08-22;18087,92150587;0,00168453;-0,02595195
2023-08-23;18213,70262657;0,00695387;-0,01917855
2023-08-24;18175,82932451;-0,00207939;-0,02121805
2023-08-25;18186,66540605;0,00059618;-0,02063452
2023-08-29;18372,78249730;0,01023371;-0,01061198
2023-08-30;18403,29281622;0,00166063;-0,00896897
2023-08-31;18418,88168005;0,00084707;-0,00812950
2023-09-01;18442,27921893;0,00127030;-0,00686953
2023-09-05;18411,54108755;-0,00166672;-0,00852480
2023-09-06;18359,09906997;-0,00284832;-0,01134884
2023-09-07;18341,58942275;-0,00095373;-0,01229175
2023-09-08;18358,96702665;0,00094744;-0,01135595
2023-09-11;18372,14174636;0,00071762;-0,01064648
2023-09-12;18329,78995111;-0,00230522;-0,01292716
2023-09-13;18321,99180249;-0,00042544;-0,01334709
2023-09-14;18376,58315969;0,00297955;-0,01040731
2023-09-15;18372,24410808;-0,00023612;-0,01064097
2023-09-18;18399,76956580;0,00149821;-0,00915870
2023-09-19;18379,78912184;-0,00108591;-0,01023467
2023-09-20;18374,52635295;-0,00028633;-0,01051807
2023-09-21;18280,19718409;-0,00513369;-0,01559777
2023-09-22;18307,28489185;0,00148181;-0,01413907
2023-09-25;18276,84543400;-0,00166270;-0,01577826
2023-09-26;18195,02506733;-0,00447672;-0,02018435
2023-09-27;18138,39701858;-0,00311228;-0,02323381
2023-09-28;18129,27343503;-0,00050300;-0,02372512
2023-09-29;18095,58482746;-0,00185824;-0,02553928
2023-10-02;18060,11296189;-0,00196025;-0,02744947
2023-10-03;17985,74003461;-0,00411808;-0,03145450
2023-10-04;17993,59525746;0,00043675;-0,03103149
2023-10-05;17989,31161695;-0,00023806;-0,03126217
2023-10-06;18055,63830142;0,00368701;-0,02769043
2023-10-09;18166,26099061;0,00612677;-0,02173331
2023-10-10;18205,63410768;0,00216738;-0,01961304
2023-10-11;18239,11239995;0,00183890;-0,01781021
2023-10-12;18255,43157582;0,00089474;-0,01693141
2023-10-13;18368,86149822;0,00621349;-0,01082313
2023-10-16;18375,78969792;0,00037717;-0,01045004
2023-10-17;18378,76644400;0,00016199;-0,01028974
2023-10-18;18413,11621459;0,00186899;-0,00843998
2023-10-19;18445,38888072;0,00175270;-0,00670207
2023-10-20;18379,05391309;-0,00359629;-0,01027426
2023-10-23;18349,35269628;-0,00161604;-0,01187369
2023-10-24;18377,45763423;0,00153166;-0,01036022
2023-10-25;18373,88295493;-0,00019451;-0,01055272
2023-10-26;18320,36227854;-0,00291287;-0,01343485
2023-10-27;18372,48052857;0,00284483;-0,01062824
2023-10-30;18367,47629930;-0,00027238;-0,01089772
2023-10-31;18370,13166520;0,00014457;-0,01075473
2023-11-01;18411,24675859;0,00223815;-0,00854065
2023-11-02;18513,92849195;0,00557712;-0,00301116
2023-11-03;18549,41160191;0,00191656;-0,00110037
2023-11-06;18515,08717762;-0,00185043;-0,00294876
2023-11-07;18538,74535967;0,00127778;-0,00167475
2023-11-08;18496,18562738;-0,00229572;-0,00396663
2023-11-09;18531,57990880;0,00191360;-0,00206062
2023-11-10;18526,28711903;-0,00028561;-0,00234564
2023-11-13;18558,85235804;0,00175779;-0,00059198
2023-11-14;18651,61113685;0,00499809;0,00000000
2023-11-15;18663,49000025;0,00063688;0,00000000
2023-11-16;18718,33758556;0,00293876;0,00000000
2023-11-17;18733,15202753;0,00079144;0,00000000
2023-11-20;18753,75624010;0,00109988;0,00000000
2023-11-21;18783,45620775;0,00158368;0,00000000
2023-11-22;18801,23235661;0,00094637;0,00000000
2023-11-24;18798,04037563;-0,00016978;-0,00016978
2023-11-27;18831,33745910;0,00177131;0,00000000
2023-11-28;18891,87484041;0,00321471;0,00000000
2023-11-29;18903,11101440;0,00059476;0,00000000
2023-11-30;18891,21782517;-0,00062917;-0,00062917
2023-12-01;19002,64770852;0,00589850;0,00000000
2023-12-04;18865,66738896;-0,00720849;-0,00720849
2023-12-05;18869,48891120;0,00020256;-0,00700738
2023-12-06;18881,49370704;0,00063620;-0,00637564
2023-12-07;18919,67450774;0,00202213;-0,00436640
2023-12-08;18884,38275262;-0,00186535;-0,00622360
2023-12-11;18855,74923340;-0,00151625;-0,00773042
2023-12-12;18875,07902227;0,00102514;-0,00671321
2023-12-13;19020,36606101;0,00769729;0,00000000
2023-12-14;19045,19214049;0,00130524;0,00000000
2023-12-15;19022,86682220;-0,00117223;-0,00117223
2023-12-18;19067,73558795;0,00235868;0,00000000
2023-12-19;19103,53300649;0,00187738;0,00000000
2023-12-20;19076,44209565;-0,00141811;-0,00141811
2023-12-21;19118,44082169;0,00220160;0,00000000
2023-12-22;19138,86380427;0,00106823;0,00000000
2023-12-27;19217,03132094;0,00408423;0,00000000
2023-12-28;19207,92225541;-0,00047401;-0,00047401
2023-12-29;19195,39189647;-0,00065235;-0,00112605
2024-01-02;19133,57814351;-0,00322024;-0,00434267
2024-01-03;19017,71014967;-0,00605574;-0,01037211
2024-01-04;19010,76940775;-0,00036496;-0,01073329
2024-01-05;18987,68240678;-0,00121442;-0,01193467
2024-01-08;18981,87737817;-0,00030573;-0,01223675
2024-01-09;19015,65777168;0,00177961;-0,01047891
2024-01-10;19024,93397213;0,00048782;-0,00999620
2024-01-11;19036,41221695;0,00060333;-0,00939891
2024-01-12;19137,91294127;0,00533193;-0,00411710
2024-01-16;19086,20703403;-0,00270175;-0,00680773
2024-01-17;18952,40646663;-0,00701033;-0,01377033
2024-01-18;19069,02877969;0,00615343;-0,00770163
2024-01-19;19162,39095725;0,00489601;-0,00284333
2024-01-22;19175,57628693;0,00068808;-0,00215720
2024-01-23;19214,45313002;0,00202741;-0,00013416
2024-01-24;19189,80882587;-0,00128259;-0,00141658
2024-01-25;19238,04787040;0,00251378;0,00000000
2024-01-26;19216,40946003;-0,00112477;-0,00112477
2024-01-29;19296,00591830;0,00414211;0,00000000
2024-01-30;19319,44824861;0,00121488;0,00000000
2024-01-31;19237,26424144;-0,00425395;-0,00425395
2024-02-01;19326,89591561;0,00465927;0,00000000
2024-02-02;19339,81733645;0,00066857;0,00000000
2024-02-05;19322,41102027;-0,00090002;-0,00090002
2024-02-06;19354,92744557;0,00168283;0,00000000
2024-02-07;19386,08638325;0,00160987;0,00000000
2024-02-08;19392,52080417;0,00033191;0,00000000
2024-02-09;19400,21148047;0,00039658;0,00000000
2024-02-12;19404,91304567;0,00024235;0,00000000
2024-02-13;19208,69655155;-0,01011169;-0,01011169
2024-02-14;19250,15807638;0,00215848;-0,00797504
2024-02-15;19326,38843922;0,00395999;-0,00404664
2024-02-16;19358,55333295;0,00166430;-0,00238907
2024-02-20;19333,10417012;-0,00131462;-0,00370055
2024-02-21;19321,85274128;-0,00058198;-0,00428037
2024-02-22;19451,54171308;0,00671204;0,00000000
2024-02-23;19498,32478549;0,00240511;0,00000000
2024-02-26;19477,95901893;-0,00104449;-0,00104449
2024-02-27;19464,19343970;-0,00070673;-0,00175048
2024-02-28;19476,33859466;0,00062397;-0,00112759
2024-02-29;19538,88811476;0,00321156;0,00000000
2024-03-01;19756,43567987;0,01113408;0,00000000
2024-03-04;19878,36859503;0,00617181;0,00000000
2024-03-05;19826,20934210;-0,00262392;-0,00262392
2024-03-06;19930,93487805;0,00528218;0,00000000
2024-03-07;20034,65501618;0,00520398;0,00000000
2024-03-08;20047,96851783;0,00066452;0,00000000
2024-03-11;20037,20382444;-0,00053695;-0,00053695
2024-03-12;20047,61673028;0,00051968;-0,00001755
2024-03-13;20081,77811218;0,00170401;0,00000000
2024-03-14;20045,34417116;-0,00181428;-0,00181428
2024-03-15;19961,98410545;-0,00415857;-0,00596531
2024-03-18;20021,09304732;0,00296108;-0,00302190
2024-03-19;20032,25934103;0,00055773;-0,00246586
2024-03-20;20166,56020280;0,00670423;0,00000000
2024-03-21;20246,54995711;0,00396646;0,00000000
2024-03-22;20183,91613168;-0,00309356;-0,00309356
2024-03-25;20173,82814748;-0,00049980;-0,00359181
2024-03-26;20204,92613058;0,00154150;-0,00205585
2024-03-27;20272,56297363;0,00334754;0,00000000
2024-03-28;20386,81002043;0,00563555;0,00000000
2024-04-02;20557,60055266;0,00837750;0,00000000
2024-04-03;20645,64066600;0,00428261;0,00000000
2024-04-04;20567,32653184;-0,00379325;-0,00379325
2024-04-05;20710,17559126;0,00694544;0,00000000
2024-04-08;20770,14589697;0,00289569;0,00000000
2024-04-09;20800,03854876;0,00143921;0,00000000
2024-04-10;20700,64789577;-0,00477839;-0,00477839
2024-04-11;20924,91698182;0,01083392;0,00000000
2024-04-12;20786,32495275;-0,00662330;-0,00662330
2024-04-15;20888,48101850;0,00491458;-0,00174127
2024-04-16;20836,16127655;-0,00250472;-0,00424163
2024-04-17;20713,85807476;-0,00586976;-0,01008649
2024-04-18;20730,55305898;0,00080598;-0,00928864
2024-04-19;20688,72078042;-0,00201790;-0,01128780
2024-04-22;20517,53059339;-0,00827457;-0,01946896
2024-04-23;20561,02246950;0,00211974;-0,01739049
2024-04-24;20563,90569066;0,00014023;-0,01725270
2024-04-25;20545,66735019;-0,00088691;-0,01812431
2024-04-26;20678,21188950;0,00645122;-0,01179002
2024-04-29;20655,97804930;-0,00107523;-0,01285257
2024-04-30;20416,14202501;-0,01161097;-0,02431431
2024-05-01;20433,25253180;0,00083809;-0,02349660
2024-05-02;20456,53574684;0,00113948;-0,02238390
2024-05-03;20554,26907617;0,00477761;-0,01771323
2024-05-07;20678,05122672;0,00602221;-0,01179769
2024-05-08;20674,81688320;-0,00015641;-0,01195226
2024-05-09;20801,01380320;0,00610390;-0,00592132
2024-05-10;20876,77063322;0,00364198;-0,00230091
2024-05-13;20798,59263611;-0,00374474;-0,00603703
2024-05-14;20871,29354470;0,00349547;-0,00256266
2024-05-15;21034,60973165;0,00782492;0,00000000
2024-05-16;21021,29509889;-0,00063299;-0,00063299
2024-05-17;21106,82011950;0,00406849;0,00000000
2024-05-20;21184,53921833;0,00368218;0,00000000
2024-05-21;21160,54701281;-0,00113253;-0,00113253
2024-05-22;21022,70168397;-0,00651426;-0,00763942
2024-05-23;20860,30487442;-0,00772483;-0,01530523
2024-05-24;20870,90882109;0,00050833;-0,01480468
2024-05-28;20940,46615478;0,00333274;-0,01152128
2024-05-29;20842,26439598;-0,00468957;-0,01615682
2024-05-30;20795,26665335;-0,00225492;-0,01837531
2024-05-31;20739,38072526;-0,00268744;-0,02101337
2024-06-03;20836,26786228;0,00467165;-0,01643988
2024-06-04;20752,89282889;-0,00400144;-0,02037554
2024-06-05;20974,80547148;0,01069309;-0,00990032
2024-06-06;21055,83718975;0,00386329;-0,00607528
2024-06-07;20817,90428364;-0,01130009;-0,01730672
2024-06-10;20873,13255066;0,00265292;-0,01469971
2024-06-11;20914,98858071;0,00200526;-0,01272393
2024-06-12;21036,36261921;0,00580321;-0,00699456
2024-06-13;20974,69521694;-0,00293147;-0,00990553
2024-06-14;21102,02280356;0,00607053;-0,00389512
2024-06-17;21110,76421831;0,00041425;-0,00348249
2024-06-18;21199,84121370;0,00421951;0,00000000
2024-06-20;21309,15020079;0,00515612;0,00000000
2024-06-21;21163,47609270;-0,00683622;-0,00683622
2024-06-24;21155,11285114;-0,00039517;-0,00722870
2024-06-25;21140,96522193;-0,00066876;-0,00789262
2024-06-26;21083,48575841;-0,00271887;-0,01059003
2024-06-27;21170,40040842;0,00412240;-0,00651128
2024-06-28;21212,81001812;0,00200325;-0,00452107
2024-07-01;21210,02371468;-0,00013135;-0,00465183
2024-07-02;21216,18386108;0,00029044;-0,00436274
2024-07-03;21344,46756878;0,00604650;0,00000000
2024-07-05;21465,56788049;0,00567362;0,00000000
2024-07-08;21394,68555228;-0,00330214;-0,00330214
2024-07-09;21423,16860298;0,00133131;-0,00197522
2024-07-10;21491,47540581;0,00318845;0,00000000
2024-07-11;21544,53159865;0,00246871;0,00000000
2024-07-12;21583,76149599;0,00182087;0,00000000
2024-07-15;21620,15088833;0,00168596;0,00000000
2024-07-16;21772,05622762;0,00702610;0,00000000
2024-07-17;21578,22619373;-0,00890270;-0,00890270
2024-07-18;21489,82847337;-0,00409662;-0,01296284
2024-07-19;21290,28884552;-0,00928531;-0,02212779
2024-07-22;21370,88135767;0,00378541;-0,01842614
2024-07-23;21448,16008849;0,00361608;-0,01487669
2024-07-24;21195,46188332;-0,01178181;-0,02648323
2024-07-25;21045,38464235;-0,00708063;-0,03337634
2024-07-26;21174,79665822;0,00614919;-0,02743239
2024-07-29;21163,13664261;-0,00055066;-0,02796794
2024-07-30;21190,67390777;0,00130119;-0,02670314
2024-07-31;21530,27010611;0,01602574;-0,01110534
2024-08-01;21370,09906672;-0,00743934;-0,01846207
2024-08-02;21055,91404841;-0,01470209;-0,03289272
2024-08-05;20804,69382234;-0,01193110;-0,04443138
2024-08-06;20860,87804678;0,00270056;-0,04185081
2024-08-07;20928,00539561;0,00321786;-0,03876762
2024-08-08;21063,01564469;0,00645118;-0,03256654
2024-08-09;21104,48264001;0,00196871;-0,03066194
2024-08-12;21238,31981188;0,00634165;-0,02451475
2024-08-13;21342,79793364;0,00491932;-0,01971602
2024-08-14;21367,35479917;0,00115059;-0,01858811
2024-08-15;21540,06618866;0,00808296;-0,01065540
2024-08-16;21668,83417345;0,00597807;-0,00474103
2024-08-19;21716,28580754;0,00218986;-0,00256156
2024-08-20;21717,47895749;0,00005494;-0,00250676
2024-08-21;21724,25345365;0,00031194;-0,00219560
2024-08-22;21588,12803316;-0,00626606;-0,00844790
2024-08-23;21674,36274260;0,00399454;-0,00448710
2024-08-27;21670,12005912;-0,00019575;-0,00468197
2024-08-28;21589,69057879;-0,00371154;-0,00837613
2024-08-29;21685,30487346;0,00442870;-0,00398453
2024-08-30;21645,11545837;-0,00185330;-0,00583044
2024-09-03;21511,90154968;-0,00615446;-0,01194902
2024-09-04;21412,45683468;-0,00462278;-0,01651656
2024-09-05;21406,50622325;-0,00027790;-0,01678987
2024-09-06;21216,60560968;-0,00887116;-0,02551209
2024-09-09;21371,18545622;0,00728580;-0,01841217
2024-09-10;21437,90943091;0,00312215;-0,01534751
2024-09-11;21464,97371254;0,00126245;-0,01410443
2024-09-12;21723,41924484;0,01204034;-0,00223392
2024-09-13;21851,59465977;0,00590033;0,00000000
2024-09-16;21797,34382626;-0,00248269;-0,00248269
2024-09-17;21830,94354588;0,00154146;-0,00094506
2024-09-18;21700,47325212;-0,00597639;-0,00691581
2024-09-19;21943,43967168;0,01119637;0,00000000
2024-09-20;21958,97021968;0,00070775;0,00000000
2024-09-23;21970,28427805;0,00051524;0,00000000
2024-09-24;22076,62081699;0,00484002;0,00000000
2024-09-25;22096,77147928;0,00091276;0,00000000
2024-09-26;22151,20722207;0,00246352;0,00000000
2024-09-27;22113,51504086;-0,00170159;-0,00170159
2024-09-30;22029,78706217;-0,00378628;-0,00548142
2024-10-01;22083,41294019;0,00243424;-0,00306052
2024-10-02;22116,36142466;0,00149200;-0,00157309
2024-10-03;22150,94904135;0,00156389;-0,00001166
2024-10-04;22178,82735471;0,00125856;0,00000000
2024-10-07;22152,04562421;-0,00120754;-0,00120754
2024-10-08;22144,61625371;-0,00033538;-0,00154251
2024-10-09;22163,73411089;0,00086332;-0,00068052
2024-10-10;22231,41469720;0,00305366;0,00000000
2024-10-11;22334,09120671;0,00461853;0,00000000
2024-10-14;22388,12693503;0,00241943;0,00000000
2024-10-15;22325,37245179;-0,00280303;-0,00280303
2024-10-16;22387,07461187;0,00276377;-0,00004700
2024-10-17;22465,23083009;0,00349113;0,00000000
2024-10-18;22557,59201357;0,00411129;0,00000000
2024-10-21;22566,12599352;0,00037832;0,00000000
2024-10-22;22650,83441326;0,00375379;0,00000000
2024-10-23;22490,20077607;-0,00709173;-0,00709173
2024-10-24;22559,94840061;0,00310125;-0,00401248
2024-10-25;22611,87678446;0,00230180;-0,00171992
2024-10-28;22606,03947104;-0,00025815;-0,00197763
2024-10-29;22735,52013122;0,00572770;0,00000000
2024-10-30;22729,18145391;-0,00027880;-0,00027880
2024-10-31;22472,74083224;-0,01128244;-0,01155809
2024-11-01;22466,65449688;-0,00027083;-0,01182580
2024-11-04;22459,38924390;-0,00032338;-0,01214535
2024-11-05;22510,70260623;0,00228472;-0,00988838
2024-11-06;22454,09254314;-0,00251481;-0,01237832
2024-11-07;22608,39779344;0,00687203;-0,00559135
2024-11-08;22582,41675325;-0,00114918;-0,00673410
2024-11-11;22452,23771293;-0,00576462;-0,01245990
2024-11-12;22409,76158181;-0,00189184;-0,01432818
2024-11-13;22352,62206298;-0,00254976;-0,01684140
2024-11-14;22330,82717650;-0,00097505;-0,01780003
2024-11-15;22238,10434030;-0,00415223;-0,02187836
2024-11-18;22371,24018954;0,00598683;-0,01602250
2024-11-19;22436,54656743;0,00291921;-0,01315006
2024-11-20;22461,75490905;0,00112354;-0,01204130
2024-11-21;22582,57905768;0,00537911;-0,00672697
2024-11-22;22700,69517322;0,00523041;-0,00153174
2024-11-25;22525,94983450;-0,00769780;-0,00921775
2024-11-26;22552,35634403;0,00117227;-0,00805628
2024-11-27;22500,09597696;-0,00231729;-0,01035491
2024-11-29;22596,29320009;0,00427541;-0,00612376
2024-12-02;22586,82825729;-0,00041887;-0,00654007
2024-12-03;22613,06756086;0,00116171;-0,00538596
2024-12-04;22693,26166433;0,00354636;-0,00185870
2024-12-05;22623,43721119;-0,00307688;-0,00492986
2024-12-06;22642,30577478;0,00083403;-0,00409994
2024-12-09;22678,46768841;0,00159710;-0,00250940
2024-12-10;22730,42085371;0,00229086;-0,00022429
2024-12-11;22861,32370361;0,00575893;0,00000000
2024-12-12;22743,82902535;-0,00513945;-0,00513945
2024-12-13;22670,06721349;-0,00324316;-0,00836594
2024-12-16;22705,56986864;0,00156606;-0,00681298
2024-12-17;22648,99433987;-0,00249170;-0,00928771
2024-12-18;22409,59940189;-0,01056978;-0,01975932
2024-12-19;22373,17324811;-0,00162547;-0,02135268
2024-12-20;22507,52063119;0,00600484;-0,01547605
2024-12-23;22509,79953720;0,00010125;-0,01537637
2024-12-24;22578,19952062;0,00303868;-0,01238442
2024-12-27;22532,51365677;-0,00202345;-0,01438281
2024-12-30;22457,59021626;-0,00332513;-0,01766011
2024-12-31;22488,59703805;0,00138068;-0,01630381
2025-01-02;22619,02217177;0,00579961;-0,01059875
2025-01-03;22600,63711947;-0,00081281;-0,01140295
2025-01-06;22648,48087634;0,00211692;-0,00931017
2025-01-07;22613,29468478;-0,00155358;-0,01084929
2025-01-08;22665,93579062;0,00232788;-0,00854666
2025-01-10;22670,98624132;0,00022282;-0,00832574
2025-01-13;22585,05564174;-0,00379033;-0,01208452
2025-01-14;22640,69932122;0,00246374;-0,00965055
2025-01-15;22774,07281246;0,00589087;-0,00381653
2025-01-16;22814,15046318;0,00175979;-0,00206345
2025-01-17;22862,79257505;0,00213210;0,00000000
2025-01-21;22961,64718079;0,00432382;0,00000000
2025-01-22;23077,82062957;0,00505946;0,00000000
2025-01-23;23070,30707960;-0,00032557;-0,00032557
2025-01-24;23067,42592996;-0,00012489;-0,00045042
2025-01-27;22829,61196818;-0,01030951;-0,01075529
2025-01-28;22971,86221494;0,00623095;-0,00459135
2025-01-29;22941,60458414;-0,00131716;-0,00590247
2025-01-30;23044,07431896;0,00446655;-0,00146228
2025-01-31;23079,98236084;0,00155823;0,00000000
2025-02-03;23031,05100106;-0,00212008;-0,00212008
2025-02-04;23165,83644873;0,00585234;0,00000000
2025-02-05;23254,96129794;0,00384725;0,00000000
2025-02-06;23362,37100132;0,00461879;0,00000000
2025-02-07;23313,63974544;-0,00208589;-0,00208589
2025-02-10;23524,32708404;0,00903708;0,00000000
2025-02-11;23488,52617124;-0,00152187;-0,00152187
2025-02-12;23446,77113402;-0,00177768;-0,00329684
2025-02-13;23597,69106623;0,00643670;0,00000000
2025-02-14;23498,22626501;-0,00421502;-0,00421502
2025-02-18;23658,83368884;0,00683487;0,00000000
2025-02-19;23678,53418918;0,00083269;0,00000000
2025-02-20;23599,38233225;-0,00334277;-0,00334277
2025-02-21;23457,17041700;-0,00602609;-0,00934871
2025-02-24;23351,18947902;-0,00451806;-0,01382453
2025-02-25;23101,14692773;-0,01070791;-0,02438442
2025-02-26;23240,43344950;0,00602942;-0,01850202
2025-02-27;22957,92554609;-0,01215588;-0,03043299
2025-02-28;22915,36359085;-0,00185391;-0,03223048
2025-03-03;22886,37287033;-0,00126512;-0,03345483
2025-03-04;22685,70289888;-0,00876810;-0,04192959
2025-03-05;22701,64361541;0,00070268;-0,04125638
2025-03-06;22661,61302067;-0,00176333;-0,04294696
2025-03-07;22546,35580693;-0,00508601;-0,04781455
2025-03-10;22355,29135713;-0,00847429;-0,05588365
2025-03-11;22291,68602336;-0,00284520;-0,05856985
2025-03-12;22400,31177961;0,00487293;-0,05398233
2025-03-13;22400,71929399;0,00001819;-0,05396512
2025-03-14;22585,84616048;0,00826433;-0,04614678
2025-03-17;22656,50693258;0,00312854;-0,04316261
2025-03-18;22679,12388066;0,00099825;-0,04220744
2025-03-19;22788,93758655;0,00484206;-0,03756975
2025-03-20;22771,63196839;-0,00075939;-0,03830061
2025-03-21;22716,81445547;-0,00240727;-0,04061568
2025-03-24;22842,47699238;0,00553170;-0,03530866
2025-03-25;22880,85375452;0,00168006;-0,03368791
2025-03-26;22812,19454721;-0,00300073;-0,03658755
2025-03-27;22811,76369990;-0,00001889;-0,03660575
2025-03-28;22689,16926952;-0,00537418;-0,04178320
2025-03-31;22733,08533990;0,00193555;-0,03992852
2025-04-01;22830,20732868;0,00427227;-0,03582683
2025-04-02;22855,52020921;0,00110875;-0,03475781
2025-04-03;22257,90680154;-0,02614744;-0,05999642
2025-04-04;21622,09880129;-0,02856549;-0,08684809
2025-04-07;21321,90540438;-0,01388364;-0,09952596
2025-04-08;21593,45557575;0,01273574;-0,08805776
2025-04-09;21712,21355935;0,00549972;-0,08304233
2025-04-10;22119,70582227;0,01876788;-0,06583298
2025-04-11;22239,03820995;0,00539485;-0,06079329
2025-04-14;22410,01951156;0,00768834;-0,05357235
2025-04-15;22463,94875455;0,00240648;-0,05129479
2025-04-16;22550,65920621;0,00385998;-0,04763280
2025-04-17;22408,81609008;-0,00628998;-0,05362317
2025-04-22;22443,67837431;0,00155574;-0,05215086
2025-04-23;22592,71429257;0,00664044;-0,04585672
2025-04-24;22811,70494347;0,00969298;-0,03660823
2025-04-25;22811,65671655;-0,00000211;-0,03661027
2025-04-28;22877,20982373;0,00287367;-0,03384181
2025-04-29;22868,62771513;-0,00037514;-0,03420425
2025-04-30;22848,08114478;-0,00089846;-0,03507198
2025-05-01;22954,22325641;0,00464556;-0,03058935
2025-05-02;23032,13866892;0,00339438;-0,02729880
2025-05-06;23601,68572101;0,02472836;-0,00324549
2025-05-07;23443,69068242;-0,00669423;-0,00991799
2025-05-08;23288,72111129;-0,00661029;-0,01646272
2025-05-09;23358,34887441;0,00298976;-0,01352218
2025-05-12;23239,08072153;-0,00510602;-0,01855915
2025-05-13;23363,13313358;0,00533809;-0,01332013
2025-05-14;23143,46950218;-0,00940215;-0,02259704
2025-05-15;23323,60740407;0,00778353;-0,01498939
2025-05-16;23225,99334540;-0,00418520;-0,01911186
2025-05-19;23340,55746225;0,00493258;-0,01427355
2025-05-20;23543,83442079;0,00870917;-0,00568869
2025-05-21;23560,88636029;0,00072426;-0,00496854
2025-05-22;23424,16660004;-0,00580283;-0,01074254
2025-05-23;23595,61655828;0,00731936;-0,00350181
2025-05-27;23519,18754006;-0,00323912;-0,00672958
2025-05-28;23491,16570402;-0,00119145;-0,00791301
2025-05-29;23556,92134748;0,00279916;-0,00513600
2025-05-30;23485,37206713;-0,00303729;-0,00815769
2025-06-02;23774,64922639;0,01231733;0,00000000
2025-06-03;23791,38869917;0,00070409;0,00000000
2025-06-04;23836,74824159;0,00190655;0,00000000
2025-06-05;23800,39392580;-0,00152514;-0,00152514
2025-06-06;23755,83725599;-0,00187210;-0,00339438
2025-06-09;23793,64252381;0,00159141;-0,00180837
2025-06-10;23822,89013940;0,00122922;-0,00058138
2025-06-11;23864,46522528;0,00174517;0,00000000
2025-06-12;23947,25743841;0,00346927;0,00000000
2025-06-13;23985,49803986;0,00159687;0,00000000
2025-06-16;23946,74211815;-0,00161581;-0,00161581
2025-06-17;23928,42755329;-0,00076480;-0,00237937
2025-06-18;23909,36183947;-0,00079678;-0,00317426
2025-06-20;23875,85721895;-0,00140132;-0,00457113
2025-06-23;23916,37912132;0,00169719;-0,00288170
2025-06-24;23885,59557645;-0,00128713;-0,00416512
2025-06-25;23922,20125513;0,00153254;-0,00263896
2025-06-26;23929,18848331;0,00029208;-0,00234765
2025-06-27;23853,79115813;-0,00315085;-0,00549110
2025-06-30;23953,56489380;0,00418272;-0,00133135
2025-07-01;23989,02687125;0,00148045;0,00000000
2025-07-02;24167,38322595;0,00743491;0,00000000
2025-07-03;24257,71677967;0,00373783;0,00000000
2025-07-07;24172,26004270;-0,00352287;-0,00352287
2025-07-08;24166,77946033;-0,00022673;-0,00374880
2025-07-09;24254,26231415;0,00361996;-0,00014241
2025-07-10;24280,62947300;0,00108711;0,00000000
2025-07-11;24308,47794228;0,00114694;0,00000000
2025-07-14;24303,34385355;-0,00021121;-0,00021121
2025-07-15;24364,44894828;0,00251427;0,00000000
2025-07-16;24352,42664264;-0,00049344;-0,00049344
2025-07-17;24492,37260395;0,00574669;0,00000000
2025-07-18;24504,35685249;0,00048931;0,00000000
2025-07-21;24621,58705270;0,00478406;0,00000000
2025-07-22;24582,91560156;-0,00157063;-0,00157063
2025-07-23;24570,64651207;-0,00049909;-0,00206894
2025-07-24;24613,78475739;0,00175568;-0,00031689
2025-07-25;24605,92691032;-0,00031925;-0,00063603
2025-07-28;24637,39210822;0,00127876;0,00000000
2025-07-29;24662,42714667;0,00101614;0,00000000
2025-07-30;24593,25413454;-0,00280479;-0,00280479
2025-07-31;24593,02378930;-0,00000937;-0,00281413
2025-08-01;24418,74014071;-0,00708671;-0,00988090
2025-08-04;24683,30665966;0,01083457;0,00000000
2025-08-05;24605,34549593;-0,00315846;-0,00315846
2025-08-06;24710,12443125;0,00425838;0,00000000
2025-08-07;24751,82230674;0,00168748;0,00000000
2025-08-08;24852,80777881;0,00407992;0,00000000
2025-08-11;24723,33699989;-0,00520950;-0,00520950
2025-08-12;24846,17302347;0,00496842;-0,00026696
2025-08-13;24870,62695486;0,00098421;0,00000000
2025-08-14;24818,63563829;-0,00209047;-0,00209047
2025-08-15;24760,32095751;-0,00234963;-0,00443519
2025-08-18;24778,68405459;0,00074163;-0,00369685
2025-08-19;24597,60651543;-0,00730779;-0,01097763
2025-08-20;24588,93454995;-0,00035255;-0,01132631
2025-08-21;24551,90378017;-0,00150599;-0,01281524
2025-08-22;24767,77406676;0,00879241;-0,00413552
2025-08-26;24795,07344339;0,00110221;-0,00303786
2025-08-27;24881,26048236;0,00347597;0,00000000
2025-08-28;24990,21711088;0,00437906;0,00000000
2025-08-29;24902,69019908;-0,00350245;-0,00350245
2025-09-02;24961,43588663;0,00235901;-0,00115170
2025-09-03;25089,11340812;0,00511499;0,00000000
2025-09-04;25138,43581671;0,00196589;0,00000000
2025-09-05;25202,95107622;0,00256640;0,00000000
2025-09-08;25379,23648960;0,00699463;0,00000000
2025-09-09;25376,99828517;-0,00008819;-0,00008819
2025-09-10;25577,28335385;0,00789239;0,00000000
2025-09-11;25631,09193469;0,00210376;0,00000000
2025-09-12;25642,06606648;0,00042816;0,00000000
2025-09-15;25804,64076942;0,00634016;0,00000000
2025-09-16;25761,54774374;-0,00166997;-0,00166997
2025-09-17;25668,75534662;-0,00360197;-0,00526593
2025-09-18;25865,68765333;0,00767206;0,00000000
2025-09-19;26050,40936575;0,00714157;0,00000000
2025-09-22;26324,04745083;0,01050418;0,00000000
2025-09-23;26285,90526175;-0,00144895;-0,00144895
2025-09-24;26157,07580717;-0,00490108;-0,00634293
2025-09-25;26176,27520591;0,00073400;-0,00561358
2025-09-26;26234,75738798;0,00223417;-0,00339196
2025-09-29;26429,05927421;0,00740628;0,00000000
2025-09-30;26525,62924178;0,00365393;0,00000000
2025-10-01;26654,01219693;0,00483996;0,00000000
2025-10-02;26680,23611800;0,00098386;0,00000000
2025-10-03;26733,96787941;0,00201392;0,00000000
2025-10-06;26908,87097059;0,00654235;0,00000000
2025-10-07;26910,81238570;0,00007215;0,00000000
2025-10-08;27122,74431849;0,00787535;0,00000000
2025-10-09;27001,09390435;-0,00448518;-0,00448518
2025-10-10;26841,93602567;-0,00589450;-0,01035324
2025-10-13;27125,01165386;0,01054602;0,00000000
2025-10-14;27134,87588805;0,00036366;0,00000000
2025-10-15;27307,00597030;0,00634350;0,00000000
2025-10-16;27476,71460568;0,00621484;0,00000000
2025-10-17;27304,85674280;-0,00625467;-0,00625467
2025-10-20;27688,99544925;0,01406851;0,00000000
2025-10-21;27218,14347448;-0,01700502;-0,01700502
2025-10-22;27155,32744764;-0,00230787;-0,01927365
2025-10-23;27261,33658991;0,00390381;-0,01544508
2025-10-24;28872,49853393;0,05910062;0,00000000
2025-10-27;27243,78972704;-0,05641039;-0,05641039
2025-10-28;27267,62608967;0,00087493;-0,05558481
2025-10-29;27297,55548479;0,00109762;-0,05454821
2025-10-30;27386,73221044;0,00326684;-0,05145957
2025-10-31;27343,24010360;-0,00158807;-0,05296592
2025-11-03;27375,79367635;0,00119055;-0,05183843
2025-11-04;27124,42344193;-0,00918221;-0,06054464
2025-11-05;27225,62849494;0,00373114;-0,05703940
2025-11-06;27072,76260636;-0,00561478;-0,06233392
2025-11-07;27048,48473095;-0,00089676;-0,06317478
2025-11-10;27429,10554787;0,01407180;-0,04999197
2025-11-11;27442,83113215;0,00050040;-0,04951658
2025-11-12;27608,19769435;0,00602586;-0,04378910
2025-11-13;27380,02826671;-0,00826455;-0,05169176
2025-11-14;27263,28489766;-0,00426381;-0,05573517
2025-11-17;27083,05719354;-0,00661064;-0,06197736
2025-11-18;27016,31675610;-0,00246429;-0,06428892
2025-11-19;27072,06435020;0,00206348;-0,06235810
2025-11-20;26950,23125448;-0,00450033;-0,06657779
2025-11-21;26900,72454699;-0,00183697;-0,06829246
2025-11-24;27173,78719111;0,01015075;-0,05883493
2025-11-25;27185,54708396;0,00043277;-0,05842762
2025-11-26;27339,43780238;0,00566075;-0,05309761
2025-11-28;27479,02342418;0,00510565;-0,04826306
2025-12-01;27517,96064294;0,00141698;-0,04691447
2025-12-02;27564,86040920;0,00170433;-0,04529009
2025-12-03;27534,14681319;-0,00111423;-0,04635386
2025-12-04;27576,35288379;0,00153286;-0,04489205
2025-12-05;27651,95630870;0,00274160;-0,04227352
2025-12-08;27680,38878003;0,00102823;-0,04128876
2025-12-09;27757,44678742;0,00278385;-0,03861986
2025-12-10;27806,61821061;0,00177147;-0,03691680
2025-12-11;27834,95954728;0,00101923;-0,03593520
2025-12-12;27624,10755629;-0,00757508;-0,04323807
2025-12-15;27561,43610519;-0,00226872;-0,04540869
2025-12-16;27511,92839082;-0,00179627;-0,04712339
2025-12-17;27374,93131130;-0,00497955;-0,05186829
2025-12-18;27549,46193677;0,00637556;-0,04582342
2025-12-19;27763,08196079;0,00775405;-0,03842468
2025-12-22;27979,71521043;0,00780293;-0,03092158
2025-12-23;28135,98035306;0,00558494;-0,02550933
2025-12-24;28121,09205132;-0,00052916;-0,02602499
2025-12-29;27843,14713984;-0,00988386;-0,03565162
2025-12-30;27852,51543824;0,00033647;-0,03532715
2025-12-31;27708,00529577;-0,00518841;-0,04033226
2026-01-02;27727,52511876;0,00070448;-0,03965619
2026-01-05;28001,29212423;0,00987347;-0,03017426
2026-01-06;28222,51141349;0,00790032;-0,02251233
2026-01-07;28172,94858636;-0,00175615;-0,02422894
2026-01-08;28073,00779015;-0,00354740;-0,02769039
2026-01-09;28299,42448979;0,00806528;-0,01984844
2026-01-12;28476,99357890;0,00627465;-0,01369833
2026-01-13;28455,48193838;-0,00075540;-0,01444338
2026-01-14;28389,25170483;-0,00232750;-0,01673727
2026-01-15;28465,88161586;0,00269926;-0,01408319
2026-01-16;28421,72432602;-0,00155124;-0,01561258
2026-01-20;28386,64217624;-0,00123434;-0,01682765
2026-01-21;28629,63800309;0,00856022;-0,00841148
2026-01-22;28885,91886404;0,00895159;0,00000000
2026-01-23;28967,64432717;0,00282925;0,00000000
2026-01-26;29137,76531031;0,00587279;0,00000000
2026-01-27;29475,21044709;0,01158102;0,00000000
2026-01-28;29871,57396057;0,01344735;0,00000000
2026-01-29;29706,31872517;-0,00553219;-0,00553219
2026-01-30;28621,09161066;-0,03653186;-0,04186195
2026-02-02;28432,71976890;-0,00658157;-0,04816801
2026-02-03;28617,61860492;0,00650303;-0,04197822
2026-02-04;28300,35240808;-0,01108639;-0,05259922
2026-02-05;27895,82808118;-0,01429397;-0,06614134
2026-02-06;28581,87347157;0,02459312;-0,04317484
2026-02-09;28988,07122420;0,01421173;-0,02957671
2026-02-10;28860,02725323;-0,00441713;-0,03386319
2026-02-11;28977,32642862;0,00406442;-0,02993640
2026-02-12;28373,90665729;-0,02082386;-0,05013687
2026-02-13;28589,67973564;0,00760463;-0,04291351
2026-02-17;28355,36285032;-0,00819586;-0,05075766
2026-02-18;28673,66793201;0,01122557;-0,04010187
2026-02-19;28650,05643950;-0,00082346;-0,04089231
2026-02-20;28862,52358040;0,00741594;-0,03377962
2026-02-23;28872,87094613;0,00035851;-0,03343322
2026-02-24;28903,90332755;0,00107479;-0,03239436
2026-02-25;29128,84816613;0,00778251;-0,02486397
2026-02-26;29039,36150286;-0,00307210;-0,02785968
2026-02-27;28982,85524957;-0,00194585;-0,02975132
2026-03-02;29143,90251356;0,00555664;-0,02436000
2026-03-03;28611,53708199;-0,01826679;-0,04218180
2026-03-04;28820,34978240;0,00729820;-0,03519146
2026-03-05;28704,25921462;-0,00402808;-0,03907778
2026-03-09;28699,59172439;-0,00016261;-0,03923403
2026-03-10;28858,05167570;0,00552133;-0,03392932
2026-03-11;28827,80166849;-0,00104823;-0,03494199
2026-03-12;28539,86691519;-0,00998809;-0,04458108
2026-03-13;28393,00919058;-0,00514570;-0,04949738
2026-03-16;28475,62063098;0,00290957;-0,04673183
2026-03-17;28496,70567327;0,00074046;-0,04602597
2026-03-18;28151,94613096;-0,01209822;-0,05756737
2026-03-19;27767,28468255;-0,01366376;-0,07044454
2026-03-20;27394,89179468;-0,01341121;-0,08291100
2026-03-23;27305,95018923;-0,00324665;-0,08588847
2026-03-24;27279,14186998;-0,00098178;-0,08678592
2026-03-25;27553,09505795;0,01004259;-0,07761489
2026-03-26;27064,64690071;-0,01772752;-0,09396649
2026-03-27;27156,27200384;0,00338542;-0,09089919
2026-03-30;27093,11542090;-0,00232567;-0,09301346
2026-03-31;27603,37789792;0,01883366;-0,07593159
2026-04-01;27904,50614626;0,01090911;-0,06585083
2026-04-02;27822,27205506;-0,00294698;-0,06860375
2026-04-07;27851,69013866;0,00105736;-0,06761893
2026-04-08;28209,84639091;0,01285941;-0,05562906
2026-04-09;28301,11143437;0,00323522;-0,05257381
2026-04-10;28330,05243525;0,00102261;-0,05160496
2026-04-13;28368,99459256;0,00137459;-0,05030131
2026-04-14;28678,57114602;0,01091250;-0,03993773
2026-04-15;28707,61491991;0,00101273;-0,03896544
2026-04-16;28813,50146668;0,00368845;-0,03542071
2026-04-17;29088,67572191;0,00955018;-0,02620880
2026-04-20;28996,08447327;-0,00318307;-0,02930845
2026-04-21;28794,86851079;-0,00693942;-0,03604448
2026-04-22;28987,69631499;0,00669660;-0,02958926
2026-04-23;28894,71627099;-0,00320757;-0,03270192
2026-04-24;29014,45736763;0,00414405;-0,02869339
2026-04-27;28950,42956983;-0,00220675;-0,03083682
2026-04-28;28740,65138960;-0,00724612;-0,03785949
2026-04-29;28708,50662634;-0,00111844;-0,03893559
2026-04-30;28839,71852014;0,00457049;-0,03454306
2026-05-01;28971,20053379;0,00455906;-0,03014148
2026-05-05;29154,46525118;0,00632576;-0,02400639
2026-05-06;29701,00548019;0,01874636;-0,00571006
2026-05-07;29693,32913477;-0,00025845;-0,00596704
2026-05-08;30104,77472594;0,01385650;0,00000000
2026-05-11;30287,36403480;0,00606513;0,00000000
2026-05-12;30077,21554469;-0,00693849;-0,00693849
2026-05-13;30194,14110731;0,00388751;-0,00307795
2026-05-14;30387,10717531;0,00639084;0,00000000
2026-05-15;30019,63218136;-0,01209312;-0,01209312
2026-05-18;29866,21818150;-0,00511046;-0,01714178
2026-05-19;29666,09464133;-0,00670067;-0,02372758
2026-05-20;30048,55534430;0,01289218;-0,01114130
2026-05-21;30146,24000157;0,00325089;-0,00792662
2026-05-22;30264,26174432;0,00391497;-0,00404268
2026-05-26;30598,94208296;0,01105860;0,00000000
2026-05-27;30472,72521463;-0,00412488;-0,00412488
2026-05-28;30714,83368721;0,00794509;0,00000000
2026-05-29;31064,05861551;0,01136991;0,00000000
2026-06-01;31289,41386018;0,00725453;0,00000000
2026-06-02;31376,08654415;0,00277003;0,00000000
2026-06-03;31242,47171776;-0,00425849;-0,00425849
2026-06-04;31257,82021569;0,00049127;-0,00376931
2026-06-05;30667,03459112;-0,01890041;-0,02259848
2026-06-08;30736,03700407;0,00225005;-0,02039928
2026-06-09;30430,42327560;-0,00994317;-0,03013962
2026-06-10;30026,07891170;-0,01328750;-0,04302664
2026-06-11;30394,07534719;0,01225589;-0,03129808
2026-06-12;30540,23470811;0,00480881;-0,02663977
2026-06-15;30959,55346806;0,01373004;-0,01327549
2026-06-16;30876,80493756;-0,00267279;-0,01591281
2026-06-17;30698,93078530;-0,00576077;-0,02158191
2026-06-18;30826,57250817;0,00415786;-0,01751379
2026-06-22;30781,84039955;-0,00145109;-0,01893946
2026-06-23;30422,49967161;-0,01167379;-0,03039215
2026-06-24;30222,16245406;-0,00658517;-0,03677718
2026-06-25;30277,85292457;0,00184270;-0,03500225
2026-06-26;30283,28027722;0,00017925;-0,03482927
2026-06-29;30273,06686022;-0,00033726;-0,03515479
2026-06-30;30431,36384082;0,00522897;-0,03010964
