Date;value;daily_return;drawdown
2014-01-02;10000,00000000;;0,00000000
2014-01-03;10000,00000000;0,00000000;0,00000000
2014-01-06;10000,00000000;0,00000000;0,00000000
2014-01-07;10000,00000000;0,00000000;0,00000000
2014-01-08;10000,00000000;0,00000000;0,00000000
2014-01-09;10000,00000000;0,00000000;0,00000000
2014-01-10;10000,00000000;0,00000000;0,00000000
2014-01-13;10000,00000000;0,00000000;0,00000000
2014-01-14;10000,00000000;0,00000000;0,00000000
2014-01-15;10000,00000000;0,00000000;0,00000000
2014-01-16;10000,00000000;0,00000000;0,00000000
2014-01-17;10000,00000000;0,00000000;0,00000000
2014-01-21;10000,00000000;0,00000000;0,00000000
2014-01-22;10000,00000000;0,00000000;0,00000000
2014-01-23;10000,00000000;0,00000000;0,00000000
2014-01-24;10000,00000000;0,00000000;0,00000000
2014-01-27;10000,00000000;0,00000000;0,00000000
2014-01-28;10000,00000000;0,00000000;0,00000000
2014-01-29;10000,00000000;0,00000000;0,00000000
2014-01-30;10000,00000000;0,00000000;0,00000000
2014-01-31;10000,00000000;0,00000000;0,00000000
2014-02-03;10000,00000000;0,00000000;0,00000000
2014-02-04;10000,00000000;0,00000000;0,00000000
2014-02-05;10000,00000000;0,00000000;0,00000000
2014-02-06;10000,00000000;0,00000000;0,00000000
2014-02-07;10000,00000000;0,00000000;0,00000000
2014-02-10;10000,00000000;0,00000000;0,00000000
2014-02-11;10000,00000000;0,00000000;0,00000000
2014-02-12;10000,00000000;0,00000000;0,00000000
2014-02-13;10000,00000000;0,00000000;0,00000000
2014-02-14;10000,00000000;0,00000000;0,00000000
2014-02-18;10000,00000000;0,00000000;0,00000000
2014-02-19;10000,00000000;0,00000000;0,00000000
2014-02-20;10000,00000000;0,00000000;0,00000000
2014-02-21;10000,00000000;0,00000000;0,00000000
2014-02-24;10000,00000000;0,00000000;0,00000000
2014-02-25;10000,00000000;0,00000000;0,00000000
2014-02-26;10000,00000000;0,00000000;0,00000000
2014-02-27;10000,00000000;0,00000000;0,00000000
2014-02-28;10000,00000000;0,00000000;0,00000000
2014-03-03;10000,00000000;0,00000000;0,00000000
2014-03-04;10000,00000000;0,00000000;0,00000000
2014-03-05;10000,00000000;0,00000000;0,00000000
2014-03-06;10000,00000000;0,00000000;0,00000000
2014-03-07;10000,00000000;0,00000000;0,00000000
2014-03-10;10000,00000000;0,00000000;0,00000000
2014-03-11;10000,00000000;0,00000000;0,00000000
2014-03-12;10000,00000000;0,00000000;0,00000000
2014-03-13;10000,00000000;0,00000000;0,00000000
2014-03-14;10000,00000000;0,00000000;0,00000000
2014-03-17;10000,00000000;0,00000000;0,00000000
2014-03-18;10000,00000000;0,00000000;0,00000000
2014-03-19;10000,00000000;0,00000000;0,00000000
2014-03-20;10000,00000000;0,00000000;0,00000000
2014-03-21;10000,00000000;0,00000000;0,00000000
2014-03-24;10000,00000000;0,00000000;0,00000000
2014-03-25;10000,00000000;0,00000000;0,00000000
2014-03-26;10000,00000000;0,00000000;0,00000000
2014-03-27;10000,00000000;0,00000000;0,00000000
2014-03-28;10000,00000000;0,00000000;0,00000000
2014-03-31;10000,00000000;0,00000000;0,00000000
2014-04-01;10000,00000000;0,00000000;0,00000000
2014-04-02;10000,00000000;0,00000000;0,00000000
2014-04-03;10000,00000000;0,00000000;0,00000000
2014-04-04;10000,00000000;0,00000000;0,00000000
2014-04-07;10000,00000000;0,00000000;0,00000000
2014-04-08;10000,00000000;0,00000000;0,00000000
2014-04-09;10000,00000000;0,00000000;0,00000000
2014-04-10;10000,00000000;0,00000000;0,00000000
2014-04-11;10000,00000000;0,00000000;0,00000000
2014-04-14;10000,00000000;0,00000000;0,00000000
2014-04-15;10000,00000000;0,00000000;0,00000000
2014-04-16;10000,00000000;0,00000000;0,00000000
2014-04-17;10000,00000000;0,00000000;0,00000000
2014-04-22;10000,00000000;0,00000000;0,00000000
2014-04-23;10000,00000000;0,00000000;0,00000000
2014-04-24;10000,00000000;0,00000000;0,00000000
2014-04-25;10000,00000000;0,00000000;0,00000000
2014-04-28;10000,00000000;0,00000000;0,00000000
2014-04-29;10000,00000000;0,00000000;0,00000000
2014-04-30;10000,00000000;0,00000000;0,00000000
2014-05-01;10000,00000000;0,00000000;0,00000000
2014-05-02;10000,00000000;0,00000000;0,00000000
2014-05-06;10000,00000000;0,00000000;0,00000000
2014-05-07;10000,00000000;0,00000000;0,00000000
2014-05-08;10000,00000000;0,00000000;0,00000000
2014-05-09;10000,00000000;0,00000000;0,00000000
2014-05-12;10000,00000000;0,00000000;0,00000000
2014-05-13;10000,00000000;0,00000000;0,00000000
2014-05-14;10000,00000000;0,00000000;0,00000000
2014-05-15;10000,00000000;0,00000000;0,00000000
2014-05-16;10000,00000000;0,00000000;0,00000000
2014-05-19;10000,00000000;0,00000000;0,00000000
2014-05-20;10000,00000000;0,00000000;0,00000000
2014-05-21;10000,00000000;0,00000000;0,00000000
2014-05-22;10000,00000000;0,00000000;0,00000000
2014-05-23;10000,00000000;0,00000000;0,00000000
2014-05-27;10000,00000000;0,00000000;0,00000000
2014-05-28;10000,00000000;0,00000000;0,00000000
2014-05-29;10000,00000000;0,00000000;0,00000000
2014-05-30;10000,00000000;0,00000000;0,00000000
2014-06-02;10000,00000000;0,00000000;0,00000000
2014-06-03;10000,00000000;0,00000000;0,00000000
2014-06-04;10000,00000000;0,00000000;0,00000000
2014-06-05;10000,00000000;0,00000000;0,00000000
2014-06-06;10000,00000000;0,00000000;0,00000000
2014-06-09;10000,00000000;0,00000000;0,00000000
2014-06-10;10000,00000000;0,00000000;0,00000000
2014-06-11;10000,00000000;0,00000000;0,00000000
2014-06-12;10000,00000000;0,00000000;0,00000000
2014-06-13;10000,00000000;0,00000000;0,00000000
2014-06-16;10000,00000000;0,00000000;0,00000000
2014-06-17;10000,00000000;0,00000000;0,00000000
2014-06-18;10000,00000000;0,00000000;0,00000000
2014-06-19;10000,00000000;0,00000000;0,00000000
2014-06-20;10000,00000000;0,00000000;0,00000000
2014-06-23;10000,00000000;0,00000000;0,00000000
2014-06-24;10000,00000000;0,00000000;0,00000000
2014-06-25;10000,00000000;0,00000000;0,00000000
2014-06-26;10000,00000000;0,00000000;0,00000000
2014-06-27;10000,00000000;0,00000000;0,00000000
2014-06-30;10000,00000000;0,00000000;0,00000000
2014-07-01;10000,00000000;0,00000000;0,00000000
2014-07-02;10000,00000000;0,00000000;0,00000000
2014-07-03;10000,00000000;0,00000000;0,00000000
2014-07-07;10000,00000000;0,00000000;0,00000000
2014-07-08;10000,00000000;0,00000000;0,00000000
2014-07-09;10000,00000000;0,00000000;0,00000000
2014-07-10;10000,00000000;0,00000000;0,00000000
2014-07-11;10000,00000000;0,00000000;0,00000000
2014-07-14;10000,00000000;0,00000000;0,00000000
2014-07-15;10000,00000000;0,00000000;0,00000000
2014-07-16;10000,00000000;0,00000000;0,00000000
2014-07-17;10000,00000000;0,00000000;0,00000000
2014-07-18;10000,00000000;0,00000000;0,00000000
2014-07-21;10000,00000000;0,00000000;0,00000000
2014-07-22;10000,00000000;0,00000000;0,00000000
2014-07-23;10000,00000000;0,00000000;0,00000000
2014-07-24;10000,00000000;0,00000000;0,00000000
2014-07-25;10000,00000000;0,00000000;0,00000000
2014-07-28;10000,00000000;0,00000000;0,00000000
2014-07-29;10000,00000000;0,00000000;0,00000000
2014-07-30;10000,00000000;0,00000000;0,00000000
2014-07-31;10000,00000000;0,00000000;0,00000000
2014-08-01;10000,00000000;0,00000000;0,00000000
2014-08-04;10000,00000000;0,00000000;0,00000000
2014-08-05;10000,00000000;0,00000000;0,00000000
2014-08-06;10000,00000000;0,00000000;0,00000000
2014-08-07;10000,00000000;0,00000000;0,00000000
2014-08-08;10000,00000000;0,00000000;0,00000000
2014-08-11;10000,00000000;0,00000000;0,00000000
2014-08-12;10000,00000000;0,00000000;0,00000000
2014-08-13;10000,00000000;0,00000000;0,00000000
2014-08-14;10000,00000000;0,00000000;0,00000000
2014-08-15;10000,00000000;0,00000000;0,00000000
2014-08-18;10000,00000000;0,00000000;0,00000000
2014-08-19;10000,00000000;0,00000000;0,00000000
2014-08-20;10000,00000000;0,00000000;0,00000000
2014-08-21;10000,00000000;0,00000000;0,00000000
2014-08-22;10000,00000000;0,00000000;0,00000000
2014-08-26;10000,00000000;0,00000000;0,00000000
2014-08-27;10000,00000000;0,00000000;0,00000000
2014-08-28;10000,00000000;0,00000000;0,00000000
2014-08-29;10000,00000000;0,00000000;0,00000000
2014-09-02;10000,00000000;0,00000000;0,00000000
2014-09-03;10000,00000000;0,00000000;0,00000000
2014-09-04;10000,00000000;0,00000000;0,00000000
2014-09-05;10000,00000000;0,00000000;0,00000000
2014-09-08;10000,00000000;0,00000000;0,00000000
2014-09-09;10000,00000000;0,00000000;0,00000000
2014-09-10;10000,00000000;0,00000000;0,00000000
2014-09-11;10000,00000000;0,00000000;0,00000000
2014-09-12;10000,00000000;0,00000000;0,00000000
2014-09-15;10000,00000000;0,00000000;0,00000000
2014-09-16;10000,00000000;0,00000000;0,00000000
2014-09-17;10000,00000000;0,00000000;0,00000000
2014-09-18;10000,00000000;0,00000000;0,00000000
2014-09-19;10000,00000000;0,00000000;0,00000000
2014-09-22;10000,00000000;0,00000000;0,00000000
2014-09-23;10000,00000000;0,00000000;0,00000000
2014-09-24;10000,00000000;0,00000000;0,00000000
2014-09-25;10000,00000000;0,00000000;0,00000000
2014-09-26;10000,00000000;0,00000000;0,00000000
2014-09-29;10000,00000000;0,00000000;0,00000000
2014-09-30;10000,00000000;0,00000000;0,00000000
2014-10-01;10000,00000000;0,00000000;0,00000000
2014-10-02;10000,00000000;0,00000000;0,00000000
2014-10-03;10000,00000000;0,00000000;0,00000000
2014-10-06;10000,00000000;0,00000000;0,00000000
2014-10-07;10000,00000000;0,00000000;0,00000000
2014-10-08;10000,00000000;0,00000000;0,00000000
2014-10-09;10000,00000000;0,00000000;0,00000000
2014-10-10;10000,00000000;0,00000000;0,00000000
2014-10-13;10000,00000000;0,00000000;0,00000000
2014-10-14;10000,00000000;0,00000000;0,00000000
2014-10-15;10000,00000000;0,00000000;0,00000000
2014-10-16;10000,00000000;0,00000000;0,00000000
2014-10-17;10000,00000000;0,00000000;0,00000000
2014-10-20;10000,00000000;0,00000000;0,00000000
2014-10-21;10000,00000000;0,00000000;0,00000000
2014-10-22;10000,00000000;0,00000000;0,00000000
2014-10-23;10000,00000000;0,00000000;0,00000000
2014-10-24;10000,00000000;0,00000000;0,00000000
2014-10-27;10000,00000000;0,00000000;0,00000000
2014-10-28;10000,00000000;0,00000000;0,00000000
2014-10-29;10000,00000000;0,00000000;0,00000000
2014-10-30;10000,00000000;0,00000000;0,00000000
2014-10-31;10000,00000000;0,00000000;0,00000000
2014-11-03;10000,00000000;0,00000000;0,00000000
2014-11-04;10000,00000000;0,00000000;0,00000000
2014-11-05;10000,00000000;0,00000000;0,00000000
2014-11-06;10000,00000000;0,00000000;0,00000000
2014-11-07;10000,00000000;0,00000000;0,00000000
2014-11-10;10000,00000000;0,00000000;0,00000000
2014-11-11;10000,00000000;0,00000000;0,00000000
2014-11-12;10000,00000000;0,00000000;0,00000000
2014-11-13;10000,00000000;0,00000000;0,00000000
2014-11-14;10000,00000000;0,00000000;0,00000000
2014-11-17;10000,00000000;0,00000000;0,00000000
2014-11-18;10000,00000000;0,00000000;0,00000000
2014-11-19;10000,00000000;0,00000000;0,00000000
2014-11-20;10000,00000000;0,00000000;0,00000000
2014-11-21;10000,00000000;0,00000000;0,00000000
2014-11-24;10000,00000000;0,00000000;0,00000000
2014-11-25;10000,00000000;0,00000000;0,00000000
2014-11-26;10000,00000000;0,00000000;0,00000000
2014-11-28;10000,00000000;0,00000000;0,00000000
2014-12-01;10000,00000000;0,00000000;0,00000000
2014-12-02;10000,00000000;0,00000000;0,00000000
2014-12-03;10000,00000000;0,00000000;0,00000000
2014-12-04;10000,00000000;0,00000000;0,00000000
2014-12-05;10000,00000000;0,00000000;0,00000000
2014-12-08;10000,00000000;0,00000000;0,00000000
2014-12-09;10000,00000000;0,00000000;0,00000000
2014-12-10;10000,00000000;0,00000000;0,00000000
2014-12-11;10000,00000000;0,00000000;0,00000000
2014-12-12;10000,00000000;0,00000000;0,00000000
2014-12-15;10000,00000000;0,00000000;0,00000000
2014-12-16;10000,00000000;0,00000000;0,00000000
2014-12-17;10000,00000000;0,00000000;0,00000000
2014-12-18;10000,00000000;0,00000000;0,00000000
2014-12-19;10000,00000000;0,00000000;0,00000000
2014-12-22;10000,00000000;0,00000000;0,00000000
2014-12-23;10000,00000000;0,00000000;0,00000000
2014-12-24;10000,00000000;0,00000000;0,00000000
2014-12-29;10000,00000000;0,00000000;0,00000000
2014-12-30;10000,00000000;0,00000000;0,00000000
2014-12-31;10000,00000000;0,00000000;0,00000000
2015-01-02;10000,00000000;0,00000000;0,00000000
2015-01-05;10000,00000000;0,00000000;0,00000000
2015-01-06;10000,00000000;0,00000000;0,00000000
2015-01-07;10000,00000000;0,00000000;0,00000000
2015-01-08;10000,00000000;0,00000000;0,00000000
2015-01-09;10000,00000000;0,00000000;0,00000000
2015-01-12;10000,00000000;0,00000000;0,00000000
2015-01-13;10000,00000000;0,00000000;0,00000000
2015-01-14;10000,00000000;0,00000000;0,00000000
2015-01-15;10000,00000000;0,00000000;0,00000000
2015-01-16;10000,00000000;0,00000000;0,00000000
2015-01-20;10000,00000000;0,00000000;0,00000000
2015-01-21;10000,00000000;0,00000000;0,00000000
2015-01-22;10000,00000000;0,00000000;0,00000000
2015-01-23;10000,00000000;0,00000000;0,00000000
2015-01-26;10000,00000000;0,00000000;0,00000000
2015-01-27;10000,00000000;0,00000000;0,00000000
2015-01-28;10000,00000000;0,00000000;0,00000000
2015-01-29;10000,00000000;0,00000000;0,00000000
2015-01-30;10000,00000000;0,00000000;0,00000000
2015-02-02;10000,00000000;0,00000000;0,00000000
2015-02-03;10000,00000000;0,00000000;0,00000000
2015-02-04;10000,00000000;0,00000000;0,00000000
2015-02-05;10000,00000000;0,00000000;0,00000000
2015-02-06;10000,00000000;0,00000000;0,00000000
2015-02-09;10000,00000000;0,00000000;0,00000000
2015-02-10;10000,00000000;0,00000000;0,00000000
2015-02-11;10000,00000000;0,00000000;0,00000000
2015-02-12;10000,00000000;0,00000000;0,00000000
2015-02-13;10000,00000000;0,00000000;0,00000000
2015-02-17;10000,00000000;0,00000000;0,00000000
2015-02-18;10000,00000000;0,00000000;0,00000000
2015-02-19;10000,00000000;0,00000000;0,00000000
2015-02-20;10000,00000000;0,00000000;0,00000000
2015-02-23;10000,00000000;0,00000000;0,00000000
2015-02-24;10000,00000000;0,00000000;0,00000000
2015-02-25;10000,00000000;0,00000000;0,00000000
2015-02-26;10000,00000000;0,00000000;0,00000000
2015-02-27;10000,00000000;0,00000000;0,00000000
2015-03-02;10000,00000000;0,00000000;0,00000000
2015-03-03;10000,00000000;0,00000000;0,00000000
2015-03-04;10000,00000000;0,00000000;0,00000000
2015-03-05;10000,00000000;0,00000000;0,00000000
2015-03-06;10000,00000000;0,00000000;0,00000000
2015-03-09;10000,00000000;0,00000000;0,00000000
2015-03-10;10000,00000000;0,00000000;0,00000000
2015-03-11;10000,00000000;0,00000000;0,00000000
2015-03-12;10000,00000000;0,00000000;0,00000000
2015-03-13;10000,00000000;0,00000000;0,00000000
2015-03-16;10000,00000000;0,00000000;0,00000000
2015-03-17;10000,00000000;0,00000000;0,00000000
2015-03-18;10000,00000000;0,00000000;0,00000000
2015-03-19;10000,00000000;0,00000000;0,00000000
2015-03-20;10000,00000000;0,00000000;0,00000000
2015-03-23;10000,00000000;0,00000000;0,00000000
2015-03-24;10000,00000000;0,00000000;0,00000000
2015-03-25;10000,00000000;0,00000000;0,00000000
2015-03-26;10000,00000000;0,00000000;0,00000000
2015-03-27;10000,00000000;0,00000000;0,00000000
2015-03-30;10000,00000000;0,00000000;0,00000000
2015-03-31;10000,00000000;0,00000000;0,00000000
2015-04-01;10000,00000000;0,00000000;0,00000000
2015-04-02;10000,00000000;0,00000000;0,00000000
2015-04-07;10000,00000000;0,00000000;0,00000000
2015-04-08;10000,00000000;0,00000000;0,00000000
2015-04-09;10000,00000000;0,00000000;0,00000000
2015-04-10;10000,00000000;0,00000000;0,00000000
2015-04-13;10000,00000000;0,00000000;0,00000000
2015-04-14;10000,00000000;0,00000000;0,00000000
2015-04-15;10000,00000000;0,00000000;0,00000000
2015-04-16;10000,00000000;0,00000000;0,00000000
2015-04-17;10000,00000000;0,00000000;0,00000000
2015-04-20;10000,00000000;0,00000000;0,00000000
2015-04-21;10000,00000000;0,00000000;0,00000000
2015-04-22;10000,00000000;0,00000000;0,00000000
2015-04-23;10000,00000000;0,00000000;0,00000000
2015-04-24;10000,00000000;0,00000000;0,00000000
2015-04-27;10000,00000000;0,00000000;0,00000000
2015-04-28;10000,00000000;0,00000000;0,00000000
2015-04-29;10000,00000000;0,00000000;0,00000000
2015-04-30;10000,00000000;0,00000000;0,00000000
2015-05-01;10000,00000000;0,00000000;0,00000000
2015-05-05;10000,00000000;0,00000000;0,00000000
2015-05-06;10000,00000000;0,00000000;0,00000000
2015-05-07;10000,00000000;0,00000000;0,00000000
2015-05-08;10000,00000000;0,00000000;0,00000000
2015-05-11;10000,00000000;0,00000000;0,00000000
2015-05-12;10000,00000000;0,00000000;0,00000000
2015-05-13;10000,00000000;0,00000000;0,00000000
2015-05-14;10000,00000000;0,00000000;0,00000000
2015-05-15;10000,00000000;0,00000000;0,00000000
2015-05-18;10000,00000000;0,00000000;0,00000000
2015-05-19;10000,00000000;0,00000000;0,00000000
2015-05-20;10000,00000000;0,00000000;0,00000000
2015-05-21;10000,00000000;0,00000000;0,00000000
2015-05-22;10000,00000000;0,00000000;0,00000000
2015-05-26;10000,00000000;0,00000000;0,00000000
2015-05-27;10000,00000000;0,00000000;0,00000000
2015-05-28;10000,00000000;0,00000000;0,00000000
2015-05-29;10000,00000000;0,00000000;0,00000000
2015-06-01;10000,00000000;0,00000000;0,00000000
2015-06-02;10000,00000000;0,00000000;0,00000000
2015-06-03;10000,00000000;0,00000000;0,00000000
2015-06-04;10000,00000000;0,00000000;0,00000000
2015-06-05;10000,00000000;0,00000000;0,00000000
2015-06-08;10000,00000000;0,00000000;0,00000000
2015-06-09;10000,00000000;0,00000000;0,00000000
2015-06-10;10000,00000000;0,00000000;0,00000000
2015-06-11;10000,00000000;0,00000000;0,00000000
2015-06-12;10000,00000000;0,00000000;0,00000000
2015-06-15;10000,00000000;0,00000000;0,00000000
2015-06-16;10000,00000000;0,00000000;0,00000000
2015-06-17;10000,00000000;0,00000000;0,00000000
2015-06-18;10000,00000000;0,00000000;0,00000000
2015-06-19;10000,00000000;0,00000000;0,00000000
2015-06-22;10000,00000000;0,00000000;0,00000000
2015-06-23;10000,00000000;0,00000000;0,00000000
2015-06-24;10000,00000000;0,00000000;0,00000000
2015-06-25;10000,00000000;0,00000000;0,00000000
2015-06-26;10000,00000000;0,00000000;0,00000000
2015-06-29;10000,00000000;0,00000000;0,00000000
2015-06-30;10000,00000000;0,00000000;0,00000000
2015-07-01;10000,00000000;0,00000000;0,00000000
2015-07-02;10000,00000000;0,00000000;0,00000000
2015-07-06;10000,00000000;0,00000000;0,00000000
2015-07-07;10000,00000000;0,00000000;0,00000000
2015-07-08;10000,00000000;0,00000000;0,00000000
2015-07-09;10000,00000000;0,00000000;0,00000000
2015-07-10;10000,00000000;0,00000000;0,00000000
2015-07-13;10000,00000000;0,00000000;0,00000000
2015-07-14;10000,00000000;0,00000000;0,00000000
2015-07-15;10000,00000000;0,00000000;0,00000000
2015-07-16;10000,00000000;0,00000000;0,00000000
2015-07-17;10000,00000000;0,00000000;0,00000000
2015-07-20;10000,00000000;0,00000000;0,00000000
2015-07-21;10000,00000000;0,00000000;0,00000000
2015-07-22;10000,00000000;0,00000000;0,00000000
2015-07-23;10000,00000000;0,00000000;0,00000000
2015-07-24;10000,00000000;0,00000000;0,00000000
2015-07-27;10000,00000000;0,00000000;0,00000000
2015-07-28;10000,00000000;0,00000000;0,00000000
2015-07-29;10000,00000000;0,00000000;0,00000000
2015-07-30;10000,00000000;0,00000000;0,00000000
2015-07-31;10000,00000000;0,00000000;0,00000000
2015-08-03;10000,00000000;0,00000000;0,00000000
2015-08-04;10000,00000000;0,00000000;0,00000000
2015-08-05;10000,00000000;0,00000000;0,00000000
2015-08-06;10000,00000000;0,00000000;0,00000000
2015-08-07;10000,00000000;0,00000000;0,00000000
2015-08-10;10000,00000000;0,00000000;0,00000000
2015-08-11;10000,00000000;0,00000000;0,00000000
2015-08-12;10000,00000000;0,00000000;0,00000000
2015-08-13;10000,00000000;0,00000000;0,00000000
2015-08-14;10000,00000000;0,00000000;0,00000000
2015-08-17;10000,00000000;0,00000000;0,00000000
2015-08-18;10000,00000000;0,00000000;0,00000000
2015-08-19;10000,00000000;0,00000000;0,00000000
2015-08-20;10000,00000000;0,00000000;0,00000000
2015-08-21;10000,00000000;0,00000000;0,00000000
2015-08-24;10000,00000000;0,00000000;0,00000000
2015-08-25;10000,00000000;0,00000000;0,00000000
2015-08-26;10000,00000000;0,00000000;0,00000000
2015-08-27;10000,00000000;0,00000000;0,00000000
2015-08-28;10000,00000000;0,00000000;0,00000000
2015-09-01;10000,00000000;0,00000000;0,00000000
2015-09-02;10000,00000000;0,00000000;0,00000000
2015-09-03;10000,00000000;0,00000000;0,00000000
2015-09-04;10000,00000000;0,00000000;0,00000000
2015-09-08;10000,00000000;0,00000000;0,00000000
2015-09-09;10000,00000000;0,00000000;0,00000000
2015-09-10;10000,00000000;0,00000000;0,00000000
2015-09-11;10000,00000000;0,00000000;0,00000000
2015-09-14;10000,00000000;0,00000000;0,00000000
2015-09-15;10000,00000000;0,00000000;0,00000000
2015-09-16;10000,00000000;0,00000000;0,00000000
2015-09-17;10000,00000000;0,00000000;0,00000000
2015-09-18;10000,00000000;0,00000000;0,00000000
2015-09-21;10000,00000000;0,00000000;0,00000000
2015-09-22;10000,00000000;0,00000000;0,00000000
2015-09-23;10000,00000000;0,00000000;0,00000000
2015-09-24;10000,00000000;0,00000000;0,00000000
2015-09-25;10000,00000000;0,00000000;0,00000000
2015-09-28;10000,00000000;0,00000000;0,00000000
2015-09-29;10000,00000000;0,00000000;0,00000000
2015-09-30;10000,00000000;0,00000000;0,00000000
2015-10-01;10000,00000000;0,00000000;0,00000000
2015-10-02;10000,00000000;0,00000000;0,00000000
2015-10-05;10000,00000000;0,00000000;0,00000000
2015-10-06;10000,00000000;0,00000000;0,00000000
2015-10-07;10000,00000000;0,00000000;0,00000000
2015-10-08;10000,00000000;0,00000000;0,00000000
2015-10-09;10000,00000000;0,00000000;0,00000000
2015-10-12;10000,00000000;0,00000000;0,00000000
2015-10-13;10000,00000000;0,00000000;0,00000000
2015-10-14;10000,00000000;0,00000000;0,00000000
2015-10-15;10000,00000000;0,00000000;0,00000000
2015-10-16;10000,00000000;0,00000000;0,00000000
2015-10-19;10000,00000000;0,00000000;0,00000000
2015-10-20;10000,00000000;0,00000000;0,00000000
2015-10-21;10000,00000000;0,00000000;0,00000000
2015-10-22;10000,00000000;0,00000000;0,00000000
2015-10-23;10000,00000000;0,00000000;0,00000000
2015-10-26;10000,00000000;0,00000000;0,00000000
2015-10-27;10000,00000000;0,00000000;0,00000000
2015-10-28;10000,00000000;0,00000000;0,00000000
2015-10-29;10000,00000000;0,00000000;0,00000000
2015-10-30;10000,00000000;0,00000000;0,00000000
2015-11-02;10000,00000000;0,00000000;0,00000000
2015-11-03;10000,00000000;0,00000000;0,00000000
2015-11-04;10000,00000000;0,00000000;0,00000000
2015-11-05;10000,00000000;0,00000000;0,00000000
2015-11-06;10000,00000000;0,00000000;0,00000000
2015-11-09;10000,00000000;0,00000000;0,00000000
2015-11-10;10000,00000000;0,00000000;0,00000000
2015-11-11;10000,00000000;0,00000000;0,00000000
2015-11-12;10000,00000000;0,00000000;0,00000000
2015-11-13;10000,00000000;0,00000000;0,00000000
2015-11-16;10000,00000000;0,00000000;0,00000000
2015-11-17;10000,00000000;0,00000000;0,00000000
2015-11-18;10000,00000000;0,00000000;0,00000000
2015-11-19;10000,00000000;0,00000000;0,00000000
2015-11-20;10000,00000000;0,00000000;0,00000000
2015-11-23;10000,00000000;0,00000000;0,00000000
2015-11-24;10000,00000000;0,00000000;0,00000000
2015-11-25;10000,00000000;0,00000000;0,00000000
2015-11-27;10000,00000000;0,00000000;0,00000000
2015-11-30;10000,00000000;0,00000000;0,00000000
2015-12-01;10000,00000000;0,00000000;0,00000000
2015-12-02;10000,00000000;0,00000000;0,00000000
2015-12-03;10000,00000000;0,00000000;0,00000000
2015-12-04;10000,00000000;0,00000000;0,00000000
2015-12-07;10000,00000000;0,00000000;0,00000000
2015-12-08;10000,00000000;0,00000000;0,00000000
2015-12-09;10000,00000000;0,00000000;0,00000000
2015-12-10;10000,00000000;0,00000000;0,00000000
2015-12-11;10000,00000000;0,00000000;0,00000000
2015-12-14;10000,00000000;0,00000000;0,00000000
2015-12-15;10000,00000000;0,00000000;0,00000000
2015-12-16;10000,00000000;0,00000000;0,00000000
2015-12-17;10000,00000000;0,00000000;0,00000000
2015-12-18;10000,00000000;0,00000000;0,00000000
2015-12-21;10000,00000000;0,00000000;0,00000000
2015-12-22;10000,00000000;0,00000000;0,00000000
2015-12-23;10000,00000000;0,00000000;0,00000000
2015-12-24;10000,00000000;0,00000000;0,00000000
2015-12-29;10000,00000000;0,00000000;0,00000000
2015-12-30;10000,00000000;0,00000000;0,00000000
2015-12-31;10000,00000000;0,00000000;0,00000000
2016-01-04;10000,00000000;0,00000000;0,00000000
2016-01-05;10036,75115135;0,00367512;0,00000000
2016-01-06;10035,87960688;-0,00008684;-0,00008684
2016-01-07;9979,02366971;-0,00566527;-0,00575161
2016-01-08;9901,68247247;-0,00775038;-0,01345741
2016-01-11;9851,47554317;-0,00507055;-0,01845972
2016-01-12;9910,35091281;0,00597630;-0,01259374
2016-01-13;9891,00345072;-0,00195225;-0,01452140
2016-01-14;9828,12790880;-0,00635684;-0,02078593
2016-01-15;9773,59723660;-0,00554843;-0,02621903
2016-01-19;9846,28330112;0,00743698;-0,01897704
2016-01-20;9719,24645086;-0,01290201;-0,03163421
2016-01-21;9807,91615448;0,00912310;-0,02279971
2016-01-22;9870,77298586;0,00640879;-0,01653704
2016-01-25;9890,55603748;0,00200420;-0,01456598
2016-01-26;9923,79412472;0,00336059;-0,01125434
2016-01-27;9942,70587250;0,00190570;-0,00937009
2016-01-28;9868,09778731;-0,00750380;-0,01680358
2016-01-29;10031,91993888;0,01660119;-0,00048135
2016-02-01;10044,52847138;0,00125684;0,00000000
2016-02-02;10002,53999219;-0,00418023;-0,00418023
2016-02-03;10032,37032402;0,00298228;-0,00121042
2016-02-04;10122,36996968;0,00897093;0,00000000
2016-02-05;10160,29355476;0,00374651;0,00000000
2016-02-08;10204,20139071;0,00432151;0,00000000
2016-02-09;10173,82085159;-0,00297726;-0,00297726
2016-02-10;10223,11912508;0,00484560;0,00000000
2016-02-11;10443,31231549;0,02153875;0,00000000
2016-02-12;10435,77699949;-0,00072154;-0,00072154
2016-02-16;10303,45165518;-0,01267997;-0,01339237
2016-02-17;10395,09673737;0,00889460;-0,00461689
2016-02-18;10547,31951466;0,01464371;0,00000000
2016-02-19;10497,28845960;-0,00474349;-0,00474349
2016-02-22;10444,54550884;-0,00502444;-0,00974409
2016-02-23;10511,04646263;0,00636705;-0,00343908
2016-02-24;10520,29394373;0,00087979;-0,00256232
2016-02-25;10594,25064422;0,00702991;0,00000000
2016-02-26;10558,00520700;-0,00342124;-0,00342124
2016-02-29;10632,42304836;0,00704848;0,00000000
2016-03-01;10625,58242134;-0,00064337;-0,00064337
2016-03-02;10673,87364601;0,00454481;0,00000000
2016-03-03;10767,64451230;0,00878508;0,00000000
2016-03-04;10785,30855631;0,00164047;0,00000000
2016-03-07;10803,13641132;0,00165298;0,00000000
2016-03-08;10755,04840823;-0,00445130;-0,00445130
2016-03-09;10725,29092861;-0,00276684;-0,00720582
2016-03-10;10804,18704558;0,00735608;0,00000000
2016-03-11;10738,85054281;-0,00604733;-0,00604733
2016-03-14;10663,61729297;-0,00700571;-0,01301067
2016-03-15;10683,73400351;0,00188648;-0,01114874
2016-03-16;10833,16783046;0,01398704;0,00000000
2016-03-17;10804,34526548;-0,00266059;-0,00266059
2016-03-18;10797,79069270;-0,00060666;-0,00326563
2016-03-21;10763,67894924;-0,00315914;-0,00641446
2016-03-22;10804,82815027;0,00382297;-0,00261601
2016-03-23;10655,52436777;-0,01381825;-0,01639811
2016-03-24;10631,04542472;-0,00229730;-0,01865774
2016-03-29;10758,61268707;0,01199950;-0,00688212
2016-03-30;10706,35505696;-0,00485728;-0,01170597
2016-03-31;10725,00742902;0,00174218;-0,00998419
2016-04-01;10710,45872130;-0,00135652;-0,01132717
2016-04-04;10678,50237388;-0,00298366;-0,01427703
2016-04-05;10698,18961527;0,00184363;-0,01245972
2016-04-06;10706,90124152;0,00081431;-0,01165556
2016-04-07;10720,99957167;0,00131675;-0,01035415
2016-04-08;10727,85187523;0,00063915;-0,00972162
2016-04-11;10750,42173510;0,00210386;-0,00763822
2016-04-12;10768,94908311;0,00172341;-0,00592797
2016-04-13;10774,92560583;0,00055498;-0,00537629
2016-04-14;10751,56090691;-0,00216843;-0,00753306
2016-04-15;10756,43656721;0,00045348;-0,00708299
2016-04-18;10751,78092122;-0,00043282;-0,00751275
2016-04-19;10791,51069868;0,00369518;-0,00384533
2016-04-20;10786,28759762;-0,00048400;-0,00432747
2016-04-21;10794,73276534;0,00078295;-0,00354791
2016-04-22;10721,61970399;-0,00677303;-0,01029691
2016-04-25;10710,06277478;-0,00107791;-0,01136372
2016-04-26;10714,89007970;0,00045073;-0,01091811
2016-04-27;10719,82022555;0,00046012;-0,01046302
2016-04-28;10750,83585521;0,00289330;-0,00759999
2016-04-29;10768,06272017;0,00160237;-0,00600979
2016-05-03;10755,25905553;-0,00118904;-0,00719169
2016-05-04;10732,21225545;-0,00214284;-0,00931912
2016-05-05;10727,57888843;-0,00043173;-0,00974682
2016-05-06;10762,85214304;0,00328809;-0,00649078
2016-05-09;10708,06989861;-0,00508994;-0,01154768
2016-05-10;10746,47486228;0,00358654;-0,00800255
2016-05-11;10760,71970985;0,00132554;-0,00668762
2016-05-12;10720,69261166;-0,00371974;-0,01038249
2016-05-13;10742,88884779;0,00207041;-0,00833357
2016-05-16;10762,13384607;0,00179142;-0,00655708
2016-05-17;10749,46620845;-0,00117706;-0,00772642
2016-05-18;10682,37471940;-0,00624138;-0,01391958
2016-05-19;10651,51721944;-0,00288864;-0,01676800
2016-05-20;10686,83354220;0,00331561;-0,01350799
2016-05-23;10684,73961324;-0,00019594;-0,01370128
2016-05-24;10659,55926266;-0,00235666;-0,01602565
2016-05-25;10666,64342172;0,00066458;-0,01537172
2016-05-26;10663,86247144;-0,00026071;-0,01562843
2016-05-27;10659,62632321;-0,00039724;-0,01601946
2016-05-31;10678,89301711;0,00180745;-0,01424097
2016-06-01;10679,71140141;0,00007664;-0,01416543
2016-06-02;10665,12902849;-0,00136543;-0,01551151
2016-06-03;10757,47759507;0,00865893;-0,00698690
2016-06-06;10796,99735791;0,00367370;-0,00333886
2016-06-07;10799,67295285;0,00024781;-0,00309188
2016-06-08;10868,67169588;0,00638897;0,00000000
2016-06-09;10887,42400879;0,00172535;0,00000000
2016-06-10;10883,83327664;-0,00032981;-0,00032981
2016-06-13;10888,47893539;0,00042684;0,00000000
2016-06-14;10881,79847542;-0,00061353;-0,00061353
2016-06-15;10911,81538783;0,00275845;0,00000000
2016-06-16;10866,69441276;-0,00413506;-0,00413506
2016-06-17;10890,65909646;0,00220533;-0,00193884
2016-06-20;10868,33138095;-0,00205017;-0,00398504
2016-06-21;10803,66407267;-0,00595007;-0,00991140
2016-06-22;10797,89592711;-0,00053391;-0,01044001
2016-06-23;10801,46571485;0,00033060;-0,01011286
2016-06-24;11014,09324099;0,01968506;0,00000000
2016-06-27;11002,09806649;-0,00108908;-0,00108908
2016-06-28;11003,05186876;0,00008669;-0,00100248
2016-06-29;11070,35963306;0,00611719;0,00000000
2016-06-30;11170,46511067;0,00904266;0,00000000
2016-07-01;11271,21870469;0,00901964;0,00000000
2016-07-05;11295,70297988;0,00217228;0,00000000
2016-07-06;11336,04052995;0,00357105;0,00000000
2016-07-07;11339,08335470;0,00026842;0,00000000
2016-07-08;11406,06833675;0,00590744;0,00000000
2016-07-11;11414,64939778;0,00075232;0,00000000
2016-07-12;11355,79473851;-0,00515606;-0,00515606
2016-07-13;11387,34016520;0,00277791;-0,00239247
2016-07-14;11368,36549169;-0,00166630;-0,00405478
2016-07-15;11368,37632252;0,00000095;-0,00405383
2016-07-18;11379,63837926;0,00099065;-0,00306720
2016-07-19;11396,52580658;0,00148400;-0,00158775
2016-07-20;11393,98179912;-0,00022323;-0,00181062
2016-07-21;11414,17235069;0,00177204;-0,00004179
2016-07-22;11423,44147097;0,00081207;0,00000000
2016-07-25;11391,05474670;-0,00283511;-0,00283511
2016-07-26;11409,40912732;0,00161130;-0,00122838
2016-07-27;11478,16445549;0,00602620;0,00000000
2016-07-28;11460,80836629;-0,00151210;-0,00151210
2016-07-29;11492,28955641;0,00274686;0,00000000
2016-08-01;11516,73314610;0,00212696;0,00000000
2016-08-02;11492,55074957;-0,00209976;-0,00209976
2016-08-03;11476,48750562;-0,00139771;-0,00349454
2016-08-04;11538,01921308;0,00536155;0,00000000
2016-08-05;11515,95811763;-0,00191203;-0,00191203
2016-08-08;11517,88642440;0,00016745;-0,00174491
2016-08-09;11560,50436271;0,00370015;0,00000000
2016-08-10;11567,11023734;0,00057142;0,00000000
2016-08-11;11568,49292011;0,00011954;0,00000000
2016-08-12;11558,70765139;-0,00084586;-0,00084586
2016-08-15;11605,94919296;0,00408710;0,00000000
2016-08-16;11580,23068852;-0,00221598;-0,00221598
2016-08-17;11560,06902329;-0,00174104;-0,00395316
2016-08-18;11571,83921650;0,00101818;-0,00293901
2016-08-19;11545,57152801;-0,00226997;-0,00520230
2016-08-22;11522,50283586;-0,00199806;-0,00718996
2016-08-23;11535,33643318;0,00111379;-0,00608419
2016-08-24;11467,42485032;-0,00588727;-0,01193563
2016-08-25;11465,56216769;-0,00016243;-0,01209613
2016-08-26;11467,47431476;0,00016677;-0,01193137
2016-08-30;11443,96353842;-0,00205021;-0,01395712
2016-08-31;11413,94748580;-0,00262287;-0,01654339
2016-09-01;11403,15848844;-0,00094525;-0,01747300
2016-09-02;11465,91028923;0,00550302;-0,01206613
2016-09-06;11509,65129478;0,00381487;-0,00829729
2016-09-07;11519,26529006;0,00083530;-0,00746892
2016-09-08;11495,49910569;-0,00206317;-0,00951668
2016-09-09;11422,14257363;-0,00638133;-0,01583728
2016-09-12;11407,04880597;-0,00132145;-0,01713780
2016-09-13;11384,12632427;-0,00200950;-0,01911286
2016-09-14;11402,51519973;0,00161531;-0,01752842
2016-09-15;11419,59519454;0,00149791;-0,01605676
2016-09-16;11412,64557587;-0,00060857;-0,01665556
2016-09-19;11438,13089220;0,00223308;-0,01445968
2016-09-20;11456,97231823;0,00164725;-0,01283625
2016-09-21;11524,52107679;0,00589586;-0,00701607
2016-09-22;11556,26112258;0,00275413;-0,00428126
2016-09-23;11563,89662265;0,00066072;-0,00362336
2016-09-26;11521,14180223;-0,00369727;-0,00730723
2016-09-27;11516,48594776;-0,00040411;-0,00770840
2016-09-28;11513,08465393;-0,00029534;-0,00800146
2016-09-29;11513,71952219;0,00005514;-0,00794676
2016-09-30;11508,96081572;-0,00041331;-0,00835678
2016-10-03;11524,11469458;0,00131670;-0,00705108
2016-10-04;11322,46223945;-0,01749830;-0,02442600
2016-10-05;11315,75071063;-0,00059276;-0,02500429
2016-10-06;11261,12242497;-0,00482763;-0,02971121
2016-10-07;11287,61523389;0,00235259;-0,02742852
2016-10-10;11334,53320309;0,00415659;-0,02338594
2016-10-11;11291,88882624;-0,00376234;-0,02706029
2016-10-12;11299,52568245;0,00067631;-0,02640228
2016-10-13;11292,84905805;-0,00059088;-0,02697756
2016-10-14;11278,58837144;-0,00126281;-0,02820629
2016-10-17;11281,89481901;0,00029316;-0,02792140
2016-10-18;11321,46623876;0,00350752;-0,02451182
2016-10-19;11372,95067356;0,00454751;-0,02007578
2016-10-20;11340,95020868;-0,00281373;-0,02283303
2016-10-21;11358,45683214;0,00154366;-0,02132461
2016-10-24;11366,74791112;0,00072995;-0,02061023
2016-10-25;11408,71664528;0,00369224;-0,01699409
2016-10-26;11358,49545872;-0,00440200;-0,02132128
2016-10-27;11371,59553220;0,00115333;-0,02019255
2016-10-28;11404,26836152;0,00287320;-0,01737737
2016-10-31;11405,65267971;0,00012139;-0,01725809
2016-11-01;11412,79508345;0,00062622;-0,01664268
2016-11-02;11432,76464120;0,00174975;-0,01492205
2016-11-03;11429,79794325;-0,00025949;-0,01517767
2016-11-04;11420,30136781;-0,00083086;-0,01599592
2016-11-07;11371,14088150;-0,00430466;-0,02023172
2016-11-08;11362,47634246;-0,00076198;-0,02097828
2016-11-09;11350,78445744;-0,00102899;-0,02198568
2016-11-10;11231,72416450;-0,01048917;-0,03224424
2016-11-11;11084,83927184;-0,01307768;-0,04490024
2016-11-14;11030,68210302;-0,00488570;-0,04956657
2016-11-15;11114,28861929;0,00757945;-0,04236281
2016-11-16;11104,07656998;-0,00091882;-0,04324270
2016-11-17;11093,37891162;-0,00096340;-0,04416444
2016-11-18;11048,96556387;-0,00400359;-0,04799122
2016-11-21;11075,94292905;0,00244162;-0,04566677
2016-11-22;11084,08965532;0,00073553;-0,04496483
2016-11-23;10954,66120254;-0,01167696;-0,05611674
2016-11-25;10937,81748621;-0,00153758;-0,05756804
2016-11-28;11003,98378532;0,00604931;-0,05186697
2016-11-29;10967,73487167;-0,00329416;-0,05499027
2016-11-30;10876,51915881;-0,00831673;-0,06284967
2016-12-01;10818,15299506;-0,00536625;-0,06787865
2016-12-02;10827,25131822;0,00084102;-0,06709472
2016-12-05;10827,45379037;0,00001870;-0,06707727
2016-12-06;10833,82720115;0,00058863;-0,06652812
2016-12-07;10897,90043605;0,00591418;-0,06100740
2016-12-08;10917,93286734;0,00183819;-0,05928135
2016-12-09;10895,17509101;-0,00208444;-0,06124222
2016-12-12;10889,19643172;-0,00054874;-0,06175736
2016-12-13;10908,77024212;0,00179754;-0,06007083
2016-12-14;10844,71596763;-0,00587181;-0,06558992
2016-12-15;10834,67809198;-0,00092560;-0,06645481
2016-12-16;10826,92947582;-0,00071517;-0,06712245
2016-12-19;10870,52102088;0,00402621;-0,06336648
2016-12-20;10862,08029584;-0,00077648;-0,06409376
2016-12-21;10860,24348455;-0,00016910;-0,06425202
2016-12-22;10846,02607527;-0,00130912;-0,06547703
2016-12-23;10867,80808769;0,00200829;-0,06360024
2016-12-28;10896,62064758;0,00265118;-0,06111767
2016-12-29;10940,80124782;0,00405452;-0,05731095
2016-12-30;10903,40302891;-0,00341823;-0,06053328
2017-01-03;10952,58587556;0,00451078;-0,05629555
2017-01-04;10990,47292339;0,00345919;-0,05303110
2017-01-05;11032,65319228;0,00383789;-0,04939674
2017-01-06;11047,24648320;0,00132274;-0,04813934
2017-01-09;11104,61824375;0,00519331;-0,04319603
2017-01-10;11127,79121530;0,00208679;-0,04119939
2017-01-11;11145,77528539;0,00161614;-0,03964983
2017-01-12;11137,37569228;-0,00075361;-0,04037356
2017-01-13;11182,45602134;0,00404766;-0,03648932
2017-01-17;11179,05710707;-0,00030395;-0,03678218
2017-01-18;11156,52137859;-0,00201589;-0,03872392
2017-01-19;11146,13621367;-0,00093086;-0,03961873
2017-01-20;11170,82612297;0,00221511;-0,03749138
2017-01-23;11160,65323884;-0,00091067;-0,03836790
2017-01-24;11160,45550569;-0,00001772;-0,03838494
2017-01-25;11159,71942896;-0,00006595;-0,03844836
2017-01-26;11118,32430750;-0,00370933;-0,04201508
2017-01-27;11136,11994661;0,00160057;-0,04048176
2017-01-30;11119,26196023;-0,00151381;-0,04193429
2017-01-31;11150,72920204;0,00282998;-0,03922299
2017-02-01;11147,62324352;-0,00027854;-0,03949060
2017-02-02;11194,22809329;0,00418070;-0,03547500
2017-02-03;11246,59306860;0,00467785;-0,03096310
2017-02-06;11310,77671275;0,00570694;-0,02543286
2017-02-07;11301,91635653;-0,00078336;-0,02619629
2017-02-08;11323,53462207;0,00191280;-0,02433360
2017-02-09;11313,87862319;-0,00085274;-0,02516559
2017-02-10;11344,16905524;0,00267728;-0,02255569
2017-02-13;11336,06968802;-0,00071397;-0,02325355
2017-02-14;11350,76201094;0,00129607;-0,02198762
2017-02-15;11394,97637129;0,00389528;-0,01817799
2017-02-16;11418,53734514;0,00206766;-0,01614791
2017-02-17;11421,18529441;0,00023190;-0,01591976
2017-02-21;11442,07183003;0,00182875;-0,01412012
2017-02-22;11452,03107070;0,00087041;-0,01326200
2017-02-23;11478,36660926;0,00229964;-0,01099286
2017-02-24;11512,48027950;0,00297200;-0,00805353
2017-02-27;11502,61064909;-0,00085730;-0,00890393
2017-02-28;11501,66958528;-0,00008181;-0,00898501
2017-03-01;11580,42735940;0,00684751;-0,00219903
2017-03-02;11499,31970510;-0,00700386;-0,00918749
2017-03-03;11497,72449442;-0,00013872;-0,00932493
2017-03-06;11456,06986026;-0,00362286;-0,01291401
2017-03-07;11417,34424959;-0,00338036;-0,01625071
2017-03-08;11386,63782341;-0,00268945;-0,01889646
2017-03-09;11354,93016187;-0,00278464;-0,02162848
2017-03-10;11381,34965415;0,00232670;-0,01935210
2017-03-13;11374,06268393;-0,00064026;-0,01997997
2017-03-14;11348,84263719;-0,00221733;-0,02215300
2017-03-15;11455,54917114;0,00940242;-0,01295887
2017-03-16;11483,11355306;0,00240620;-0,01058385
2017-03-17;11488,20690166;0,00044355;-0,01014499
2017-03-20;11515,22949993;0,00235220;-0,00781665
2017-03-21;11516,20238226;0,00008449;-0,00773283
2017-03-22;11536,06781726;0,00172500;-0,00602117
2017-03-23;11521,62780014;-0,00125173;-0,00726536
2017-03-24;11535,44533520;0,00119927;-0,00607480
2017-03-27;11549,69329003;0,00123515;-0,00484716
2017-03-28;11561,00225324;0,00097916;-0,00387275
2017-03-29;11593,76798027;0,00283416;-0,00104957
2017-03-30;11546,30833184;-0,00409355;-0,00513882
2017-03-31;11552,71408079;0,00055479;-0,00458688
2017-04-03;11574,86896173;0,00191772;-0,00267796
2017-04-04;11590,85200407;0,00138084;-0,00130081
2017-04-05;11590,74507528;-0,00000923;-0,00131003
2017-04-06;11566,72404619;-0,00207243;-0,00337974
2017-04-07;11585,57418756;0,00162969;-0,00175557
2017-04-10;11583,51149262;-0,00017804;-0,00193329
2017-04-11;11617,22774147;0,00291071;0,00000000
2017-04-12;11648,93111132;0,00272900;0,00000000
2017-04-13;11660,96387997;0,00103295;0,00000000
2017-04-18;11642,06539680;-0,00162066;-0,00162066
2017-04-19;11600,94382750;-0,00353215;-0,00514709
2017-04-20;11622,23285186;0,00183511;-0,00332143
2017-04-21;11639,37954610;0,00147534;-0,00185099
2017-04-24;11652,76795711;0,00115027;-0,00070285
2017-04-25;11617,54989323;-0,00302229;-0,00372302
2017-04-26;11643,05049025;0,00219501;-0,00153618
2017-04-27;11616,11465843;-0,00231347;-0,00384610
2017-04-28;11628,64688239;0,00107887;-0,00277138
2017-05-02;11610,37537375;-0,00157125;-0,00433828
2017-05-03;11542,44829981;-0,00585055;-0,01016345
2017-05-04;11507,45377186;-0,00303181;-0,01316444
2017-05-05;11515,46993706;0,00069661;-0,01247701
2017-05-08;11517,96615586;0,00021677;-0,01226294
2017-05-09;11496,72163825;-0,00184447;-0,01408479
2017-05-10;11506,14144971;0,00081935;-0,01327698
2017-05-11;11516,72490483;0,00091981;-0,01236939
2017-05-12;11540,13412909;0,00203263;-0,01036190
2017-05-15;11568,67661182;0,00247332;-0,00791421
2017-05-16;11594,90933732;0,00226756;-0,00566459
2017-05-17;11614,86448657;0,00172103;-0,00395331
2017-05-18;11573,01039327;-0,00360349;-0,00754256
2017-05-19;11614,62308005;0,00359567;-0,00397401
2017-05-22;11652,26239580;0,00324068;-0,00074621
2017-05-23;11633,75956619;-0,00158792;-0,00233294
2017-05-24;11664,95895938;0,00268180;0,00000000
2017-05-25;11679,33535853;0,00123244;0,00000000
2017-05-26;11736,12889859;0,00486274;0,00000000
2017-05-30;11711,17167576;-0,00212653;-0,00212653
2017-05-31;11725,14007614;0,00119274;-0,00093632
2017-06-01;11741,03479906;0,00135561;0,00000000
2017-06-02;11811,84338691;0,00603086;0,00000000
2017-06-05;11818,09866628;0,00052958;0,00000000
2017-06-06;11890,18101393;0,00609932;0,00000000
2017-06-07;11852,70370172;-0,00315195;-0,00315195
2017-06-08;11810,24471760;-0,00358222;-0,00672288
2017-06-09;11754,50482204;-0,00471962;-0,01141078
2017-06-12;11728,17435139;-0,00224003;-0,01362525
2017-06-13;11748,95630721;0,00177197;-0,01187742
2017-06-14;11700,17835960;-0,00415168;-0,01597979
2017-06-15;11656,65077754;-0,00372025;-0,01964060
2017-06-16;11654,79644510;-0,00015908;-0,01979655
2017-06-19;11649,39369001;-0,00046356;-0,02025094
2017-06-20;11630,57297986;-0,00161560;-0,02183382
2017-06-21;11643,24469837;0,00108952;-0,02076809
2017-06-22;11674,90221540;0,00271896;-0,01810559
2017-06-23;11700,62711123;0,00220344;-0,01594205
2017-06-26;11631,93590989;-0,00587073;-0,02171919
2017-06-27;11632,17877274;0,00002088;-0,02169876
2017-06-28;11639,56057717;0,00063460;-0,02107793
2017-06-29;11559,71080839;-0,00686020;-0,02779354
2017-06-30;11542,31576467;-0,00150480;-0,02925651
2017-07-03;11437,73417778;-0,00906071;-0,03805214
2017-07-05;11469,53079200;0,00277997;-0,03537795
2017-07-06;11438,67936483;-0,00268986;-0,03797265
2017-07-07;11421,99252575;-0,00145881;-0,03937606
2017-07-10;11445,41711391;0,00205083;-0,03740598
2017-07-11;11454,73778671;0,00081436;-0,03662209
2017-07-12;11501,82840319;0,00411102;-0,03266162
2017-07-13;11493,50052807;-0,00072405;-0,03336202
2017-07-14;11528,76141161;0,00306790;-0,03039648
2017-07-17;11556,37727277;0,00239539;-0,02807390
2017-07-18;11595,79966390;0,00341131;-0,02475836
2017-07-19;11602,15009762;0,00054765;-0,02422427
2017-07-20;11625,09533848;0,00197767;-0,02229450
2017-07-21;11660,30525584;0,00302879;-0,01933324
2017-07-24;11659,47392795;-0,00007130;-0,01940316
2017-07-25;11647,02279224;-0,00106790;-0,02045034
2017-07-26;11683,07598832;0,00309549;-0,01741816
2017-07-27;11673,96803721;-0,00077959;-0,01818416
2017-07-28;11695,03998724;0,00180504;-0,01641195
2017-07-31;11686,98729634;-0,00068856;-0,01708920
2017-08-01;11693,09933784;0,00052298;-0,01657516
2017-08-02;11678,35819909;-0,00126067;-0,01781494
2017-08-03;11708,00229340;0,00253838;-0,01532178
2017-08-04;11707,22439338;-0,00006644;-0,01538720
2017-08-07;11717,80151867;0,00090347;-0,01449763
2017-08-08;11739,96938685;0,00189181;-0,01263325
2017-08-09;11754,54738258;0,00124174;-0,01140720
2017-08-10;11743,31770056;-0,00095535;-0,01235165
2017-08-11;11753,30044441;0,00085008;-0,01151207
2017-08-14;11778,29369224;0,00212649;-0,00941006
2017-08-15;11774,95204743;-0,00028371;-0,00969110
2017-08-16;11821,41281027;0,00394573;-0,00578361
2017-08-17;11792,85052411;-0,00241615;-0,00818579
2017-08-18;11770,92230480;-0,00185945;-0,01003002
2017-08-21;11766,57136320;-0,00036963;-0,01039594
2017-08-22;11807,10360503;0,00344469;-0,00698706
2017-08-23;11829,51010225;0,00189771;-0,00510261
2017-08-24;11806,88320778;-0,00191275;-0,00700560
2017-08-25;11817,48242326;0,00089771;-0,00611417
2017-08-29;11857,85689539;0,00341650;-0,00271856
2017-08-30;11881,79067191;0,00201839;-0,00070565
2017-08-31;11965,39809106;0,00703660;0,00000000
2017-09-01;11964,96169237;-0,00003647;-0,00003647
2017-09-05;12008,57696380;0,00364525;0,00000000
2017-09-06;11974,08911389;-0,00287193;-0,00287193
2017-09-07;12048,76603833;0,00623654;0,00000000
2017-09-08;12021,73986929;-0,00224307;-0,00224307
2017-09-11;11956,68794518;-0,00541119;-0,00764212
2017-09-12;11975,55726319;0,00157814;-0,00607604
2017-09-13;11933,10531098;-0,00354488;-0,00959938
2017-09-14;11931,35887104;-0,00014635;-0,00974433
2017-09-15;11882,53708061;-0,00409189;-0,01379635
2017-09-18;11831,18536381;-0,00432161;-0,01805834
2017-09-19;11854,70850329;0,00198823;-0,01610601
2017-09-20;11794,15373337;-0,00510808;-0,02113182
2017-09-21;11736,33082036;-0,00490268;-0,02593089
2017-09-22;11771,47385019;0,00299438;-0,02301416
2017-09-25;11821,70409163;0,00426712;-0,01884524
2017-09-26;11759,18212214;-0,00528874;-0,02403432
2017-09-27;11711,88724567;-0,00402195;-0,02795961
2017-09-28;11728,33975284;0,00140477;-0,02659412
2017-09-29;11724,91947538;-0,00029163;-0,02687799
2017-10-02;11696,86108040;-0,00239306;-0,02920672
2017-10-03;11712,68128821;0,00135252;-0,02789371
2017-10-04;11726,81282419;0,00120652;-0,02672085
2017-10-05;11731,71823131;0,00041831;-0,02631372
2017-10-06;11769,57876592;0,00322719;-0,02317144
2017-10-09;11822,90944455;0,00453123;-0,01874521
2017-10-10;11837,42013483;0,00122734;-0,01754088
2017-10-11;11868,27423642;0,00260649;-0,01498011
2017-10-12;11871,49257622;0,00027117;-0,01471300
2017-10-13;11924,25707594;0,00444464;-0,01033375
2017-10-16;11884,97312058;-0,00329446;-0,01359417
2017-10-17;11848,52292718;-0,00306691;-0,01661939
2017-10-18;11828,12469874;-0,00172158;-0,01831236
2017-10-19;11860,90156149;0,00277110;-0,01559201
2017-10-20;11829,40542481;-0,00265546;-0,01820606
2017-10-23;11841,40106260;0,00101405;-0,01721047
2017-10-24;11820,68730642;-0,00174927;-0,01892963
2017-10-25;11793,73561627;-0,00228004;-0,02116652
2017-10-26;11760,46516462;-0,00282103;-0,02392783
2017-10-27;11838,84909140;0,00666504;-0,01742228
2017-10-30;11844,94419585;0,00051484;-0,01691641
2017-10-31;11822,60066894;-0,00188633;-0,01877083
2017-11-01;11850,56867684;0,00236564;-0,01644960
2017-11-02;11883,01872085;0,00273827;-0,01375637
2017-11-03;11874,46612017;-0,00071973;-0,01446620
2017-11-06;11909,34894360;0,00293763;-0,01157107
2017-11-07;11890,01892424;-0,00162310;-0,01317538
2017-11-08;11922,79824459;0,00275688;-0,01045483
2017-11-09;11912,88612375;-0,00083136;-0,01127750
2017-11-10;11867,11507799;-0,00384215;-0,01507631
2017-11-13;11885,76025117;0,00157116;-0,01352884
2017-11-14;11888,75514981;0,00025197;-0,01328027
2017-11-15;11856,16332285;-0,00274140;-0,01598526
2017-11-16;11887,68720609;0,00265886;-0,01336891
2017-11-17;11921,50858234;0,00284508;-0,01056187
2017-11-20;11873,37133221;-0,00403785;-0,01455707
2017-11-21;11910,33392645;0,00311307;-0,01148932
2017-11-22;11942,65444906;0,00271365;-0,00880684
2017-11-24;11939,05879542;-0,00030108;-0,00910527
2017-11-27;11956,00683731;0,00141955;-0,00769865
2017-11-28;11978,67827081;0,00189624;-0,00581701
2017-11-29;11892,61265359;-0,00718490;-0,01296011
2017-11-30;11869,89199655;-0,00191048;-0,01484584
2017-12-01;11863,92897668;-0,00050237;-0,01534075
2017-12-04;11847,25491960;-0,00140544;-0,01672463
2017-12-05;11791,86047032;-0,00467572;-0,02132215
2017-12-06;11787,55713337;-0,00036494;-0,02167931
2017-12-07;11708,62382816;-0,00669632;-0,02823046
2017-12-08;11727,37047326;0,00160110;-0,02667456
2017-12-11;11721,13367302;-0,00053182;-0,02719219
2017-12-12;11742,02110832;0,00178203;-0,02545862
2017-12-13;11793,71364089;0,00440235;-0,02116834
2017-12-14;11768,85632267;-0,00210768;-0,02323140
2017-12-15;11812,42094257;0,00370169;-0,01961571
2017-12-18;11857,72785357;0,00383553;-0,01585541
2017-12-19;11856,84398129;-0,00007454;-0,01592877
2017-12-20;11860,80479606;0,00033405;-0,01560004
2017-12-21;11886,59757338;0,00217462;-0,01345934
2017-12-22;11920,73910637;0,00287227;-0,01062573
2017-12-27;11984,53939873;0,00535204;-0,00533056
2017-12-28;12013,77318099;0,00243929;-0,00290427
2017-12-29;12044,00409176;0,00251635;-0,00039522
2018-01-02;12136,56673963;0,00768537;0,00000000
2018-01-03;12161,59652092;0,00206234;0,00000000
2018-01-04;12198,23099525;0,00301231;0,00000000
2018-01-05;12212,75809959;0,00119092;0,00000000
2018-01-08;12221,39827914;0,00070747;0,00000000
2018-01-09;12216,22445800;-0,00042334;-0,00042334
2018-01-10;12212,89608522;-0,00027246;-0,00069568
2018-01-11;12229,65664967;0,00137237;0,00000000
2018-01-12;12278,36060747;0,00398245;0,00000000
2018-01-16;12271,01443150;-0,00059830;-0,00059830
2018-01-17;12260,78444602;-0,00083367;-0,00143147
2018-01-18;12251,46262132;-0,00076030;-0,00219068
2018-01-19;12274,98361046;0,00191985;-0,00027504
2018-01-22;12289,72477090;0,00120091;0,00000000
2018-01-23;12324,36362530;0,00281852;0,00000000
2018-01-24;12327,61270381;0,00026363;0,00000000
2018-01-25;12291,81966293;-0,00290349;-0,00290349
2018-01-26;12343,72008766;0,00422235;0,00000000
2018-01-29;12317,95500014;-0,00208730;-0,00208730
2018-01-30;12267,40597052;-0,00410369;-0,00618242
2018-01-31;12287,42209715;0,00163165;-0,00456086
2018-02-01;12295,44065476;0,00065258;-0,00391125
2018-02-02;12161,83318967;-0,01086642;-0,01473518
2018-02-05;12094,70621620;-0,00551948;-0,02017332
2018-02-06;11978,85801849;-0,00957842;-0,02955852
2018-02-07;12004,94273612;0,00217756;-0,02744532
2018-02-08;11882,26249088;-0,01021914;-0,03738400
2018-02-09;11883,86220771;0,00013463;-0,03725440
2018-02-12;11983,87260529;0,00841565;-0,02915227
2018-02-13;12009,74720749;0,00215912;-0,02705610
2018-02-14;12156,33688693;0,01220589;-0,01518045
2018-02-15;12200,73241164;0,00365205;-0,01158384
2018-02-16;12213,79902729;0,00107097;-0,01052528
2018-02-20;12131,83653040;-0,00671065;-0,01716529
2018-02-21;12104,27290445;-0,00227201;-0,01939830
2018-02-22;12139,12041366;0,00287894;-0,01657520
2018-02-23;12155,12189028;0,00131817;-0,01527888
2018-02-26;12227,20896009;0,00593059;-0,00943890
2018-02-27;12152,65545787;-0,00609734;-0,01547869
2018-02-28;12144,11168506;-0,00070304;-0,01617085
2018-03-01;12071,93950816;-0,00594298;-0,02201772
2018-03-02;12088,85067082;0,00140087;-0,02064770
2018-03-05;12105,03965736;0,00133917;-0,01933618
2018-03-06;12190,02814600;0,00702092;-0,01245102
2018-03-07;12147,52411557;-0,00348679;-0,01589440
2018-03-08;12160,86628993;0,00109835;-0,01481351
2018-03-09;12204,12771024;0,00355743;-0,01130878
2018-03-12;12215,45414977;0,00092808;-0,01039119
2018-03-13;12197,35491859;-0,00148167;-0,01185746
2018-03-14;12185,57295855;-0,00096594;-0,01281195
2018-03-15;12144,76214862;-0,00334911;-0,01611815
2018-03-16;12128,07033587;-0,00137440;-0,01747040
2018-03-19;12081,41760355;-0,00384667;-0,02124987
2018-03-20;12055,81922047;-0,00211882;-0,02332367
2018-03-21;12163,54843865;0,00893587;-0,01459622
2018-03-22;12072,43428580;-0,00749075;-0,02197764
2018-03-23;12108,17690978;0,00296068;-0,01908203
2018-03-26;12169,13874371;0,00503477;-0,01414333
2018-03-27;12120,50815916;-0,00399622;-0,01808304
2018-03-28;11993,32461384;-0,01049325;-0,02838654
2018-03-29;12043,20877142;0,00415933;-0,02434528
2018-04-03;12036,44719662;-0,00056144;-0,02489305
2018-04-04;12064,05672207;0,00229383;-0,02265633
2018-04-05;12078,00412311;0,00115611;-0,02152641
2018-04-06;12056,73253518;-0,00176118;-0,02324968
2018-04-09;12083,29363324;0,00220301;-0,02109789
2018-04-10;12145,64575166;0,00516019;-0,01604657
2018-04-11;12180,27937152;0,00285153;-0,01324080
2018-04-12;12117,58718578;-0,00514702;-0,01831967
2018-04-13;12157,79241719;0,00331792;-0,01506253
2018-04-16;12177,42857738;0,00161511;-0,01347175
2018-04-17;12227,19912985;0,00408712;-0,00943970
2018-04-18;12238,22027704;0,00090136;-0,00854684
2018-04-19;12211,51113977;-0,00218244;-0,01071062
2018-04-20;12139,68916456;-0,00588150;-0,01652913
2018-04-23;12095,09196859;-0,00367367;-0,02014207
2018-04-24;12103,29045833;0,00067784;-0,01947789
2018-04-25;12031,61399793;-0,00592206;-0,02528461
2018-04-26;12049,77262539;0,00150924;-0,02381352
2018-04-27;12103,01817910;0,00441880;-0,01949995
2018-04-30;12051,00166271;-0,00429781;-0,02371396
2018-05-01;12016,18529418;-0,00288909;-0,02653453
2018-05-02;12025,72894909;0,00079423;-0,02576137
2018-05-03;12041,80614212;0,00133690;-0,02445891
2018-05-04;12113,52286656;0,00595565;-0,01864893
2018-05-08;12134,81935874;0,00175808;-0,01692364
2018-05-09;12138,19517371;0,00027819;-0,01665016
2018-05-10;12224,35316163;0,00709809;-0,00967026
2018-05-11;12212,75604604;-0,00094869;-0,01060977
2018-05-14;12191,80909401;-0,00171517;-0,01230674
2018-05-15;12061,09941112;-0,01072111;-0,02289591
2018-05-16;12065,20097661;0,00034007;-0,02256363
2018-05-17;12060,12297416;-0,00042088;-0,02297501
2018-05-18;12060,70015662;0,00004786;-0,02292825
2018-05-21;12094,58529444;0,00280955;-0,02018312
2018-05-22;12092,05404422;-0,00020929;-0,02038818
2018-05-23;12096,84950289;0,00039658;-0,01999969
2018-05-24;12144,85588845;0,00396850;-0,01611056
2018-05-25;12135,68640867;-0,00075501;-0,01685340
2018-05-29;12114,14818112;-0,00177478;-0,01859828
2018-05-30;12136,61842554;0,00185488;-0,01677790
2018-05-31;12120,55009312;-0,00132395;-0,01807964
2018-06-01;12119,33808929;-0,00010000;-0,01817783
2018-06-04;12133,62781139;0,00117908;-0,01702018
2018-06-05;12159,36791734;0,00212139;-0,01493490
2018-06-06;12170,78497645;0,00093895;-0,01400997
2018-06-07;12163,00778552;-0,00063900;-0,01464002
2018-06-08;12172,29334777;0,00076343;-0,01388777
2018-06-11;12193,29902803;0,00172570;-0,01218604
2018-06-12;12173,64166113;-0,00161215;-0,01377854
2018-06-13;12194,92991816;0,00174872;-0,01205392
2018-06-14;12222,08614933;0,00222685;-0,00985391
2018-06-15;12093,45911313;-0,01052415;-0,02027436
2018-06-18;12080,06068432;-0,00110791;-0,02135980
2018-06-19;12054,21831036;-0,00213926;-0,02345337
2018-06-20;12033,30277557;-0,00173512;-0,02514779
2018-06-21;11990,20888331;-0,00358122;-0,02863895
2018-06-22;12010,35631580;0,00168032;-0,02700675
2018-06-25;11932,15377579;-0,00651126;-0,03334216
2018-06-26;11905,66572138;-0,00221989;-0,03548803
2018-06-27;11863,88306950;-0,00350948;-0,03887297
2018-06-28;11855,02305380;-0,00074681;-0,03959074
2018-06-29;11891,24792941;0,00305566;-0,03665606
2018-07-02;11821,52317632;-0,00586354;-0,04230466
2018-07-03;11876,81547177;0,00467726;-0,03782528
2018-07-05;11914,47442563;0,00317080;-0,03477442
2018-07-06;11927,62710198;0,00110392;-0,03370888
2018-07-09;11972,20106779;0,00373704;-0,03009782
2018-07-10;11965,70855345;-0,00054230;-0,03062379
2018-07-11;11872,58851707;-0,00778224;-0,03816771
2018-07-12;11929,74532678;0,00481418;-0,03353728
2018-07-13;11906,86639508;-0,00191781;-0,03539076
2018-07-16;11904,55575865;-0,00019406;-0,03557796
2018-07-17;11846,58888734;-0,00486930;-0,04027402
2018-07-18;11863,73208006;0,00144710;-0,03888520
2018-07-19;11840,49679422;-0,00195851;-0,04076756
2018-07-20;11876,30182958;0,00302395;-0,03786689
2018-07-23;11845,07381991;-0,00262944;-0,04039676
2018-07-24;11862,13066585;0,00143999;-0,03901493
2018-07-25;11914,79536709;0,00443973;-0,03474842
2018-07-26;11854,56271215;-0,00505528;-0,03962804
2018-07-27;11833,85138353;-0,00174712;-0,04130592
2018-07-30;11794,94742290;-0,00328751;-0,04445764
2018-07-31;11816,21285939;0,00180293;-0,04273487
2018-08-01;11779,26002165;-0,00312730;-0,04572852
2018-08-02;11775,06642124;-0,00035602;-0,04606826
2018-08-03;11806,91537933;0,00270478;-0,04348808
2018-08-06;11805,65727983;-0,00010656;-0,04359000
2018-08-07;11828,69049683;0,00195103;-0,04172402
2018-08-08;11851,31282002;0,00191250;-0,03989132
2018-08-09;11850,58033985;-0,00006181;-0,03995066
2018-08-10;11827,50305200;-0,00194736;-0,04182022
2018-08-13;11766,35155700;-0,00517028;-0,04677427
2018-08-14;11782,99394372;0,00141441;-0,04542603
2018-08-15;11687,93270183;-0,00806766;-0,05312721
2018-08-16;11707,56139433;0,00167940;-0,05153703
2018-08-17;11739,86306202;0,00275904;-0,04892018
2018-08-20;11765,20884485;0,00215895;-0,04686685
2018-08-21;11775,29645776;0,00085741;-0,04604962
2018-08-22;11784,58886818;0,00078914;-0,04529682
2018-08-23;11756,02551136;-0,00242379;-0,04761082
2018-08-24;11842,82877563;0,00738373;-0,04057864
2018-08-28;11859,82307221;0,00143499;-0,03920188
2018-08-29;11878,80273072;0,00160033;-0,03766428
2018-08-30;11847,30451643;-0,00265163;-0,04021604
2018-08-31;11839,14247384;-0,00068894;-0,04087727
2018-09-04;11828,29195350;-0,00091650;-0,04175630
2018-09-05;11801,49956164;-0,00226511;-0,04392683
2018-09-06;11791,27604220;-0,00086629;-0,04475507
2018-09-07;11769,01671390;-0,00188778;-0,04655836
2018-09-10;11767,13186707;-0,00016015;-0,04671106
2018-09-11;11788,03992446;0,00177682;-0,04501724
2018-09-12;11814,97110990;0,00228462;-0,04283546
2018-09-13;11812,08198665;-0,00024453;-0,04306952
2018-09-14;11799,51280449;-0,00106410;-0,04408779
2018-09-17;11787,32274317;-0,00103310;-0,04507534
2018-09-18;11798,50928892;0,00094903;-0,04416908
2018-09-19;11812,45184695;0,00118172;-0,04303956
2018-09-20;11843,83511417;0,00265680;-0,04049711
2018-09-21;11837,71813487;-0,00051647;-0,04099266
2018-09-24;11829,08651991;-0,00072916;-0,04169193
2018-09-25;11840,09426012;0,00093057;-0,04080017
2018-09-26;11808,91487643;-0,00263337;-0,04332610
2018-09-27;11792,90520089;-0,00135573;-0,04462309
2018-09-28;11825,10263975;0,00273024;-0,04201468
2018-10-01;11826,93636591;0,00015507;-0,04186612
2018-10-02;11903,58002558;0,00648043;-0,03565700
2018-10-03;11891,18528554;-0,00104126;-0,03666114
2018-10-04;11837,90890743;-0,00448033;-0,04097721
2018-10-05;11825,73514532;-0,00102837;-0,04196344
2018-10-08;11721,34920877;-0,00882701;-0,05042004
2018-10-09;11743,75474976;0,00191152;-0,04860490
2018-10-10;11655,74887366;-0,00749384;-0,05573451
2018-10-11;11759,18717910;0,00887445;-0,04735468
2018-10-12;11779,85832821;0,00175787;-0,04568005
2018-10-15;11807,77181822;0,00236959;-0,04341870
2018-10-16;11853,85344581;0,00390265;-0,03968550
2018-10-17;11838,55318620;-0,00129074;-0,04092501
2018-10-18;11829,17336017;-0,00079231;-0,04168490
2018-10-19;11833,15250848;0,00033638;-0,04136254
2018-10-22;11822,05947427;-0,00093745;-0,04226122
2018-10-23;11827,46666776;0,00045738;-0,04182316
2018-10-24;11785,83360237;-0,00352003;-0,04519598
2018-10-25;11830,80451377;0,00381568;-0,04155275
2018-10-26;11789,71446685;-0,00347314;-0,04488158
2018-10-29;11763,16144328;-0,00225222;-0,04703271
2018-10-30;11753,56435264;-0,00081586;-0,04781020
2018-10-31;11772,23605649;0,00158860;-0,04629755
2018-11-01;11855,02444994;0,00703251;-0,03959063
2018-11-02;11832,99851509;-0,00185794;-0,04137501
2018-11-05;11815,45788712;-0,00148235;-0,04279603
2018-11-06;11793,59101809;-0,00185070;-0,04456753
2018-11-07;11846,59718676;0,00449449;-0,04027335
2018-11-08;11840,02254322;-0,00055498;-0,04080598
2018-11-09;11747,36654284;-0,00782566;-0,04831230
2018-11-12;11643,67674380;-0,00882664;-0,05671251
2018-11-13;11632,87483522;-0,00092771;-0,05758760
2018-11-14;11660,34195943;0,00236116;-0,05536241
2018-11-15;11720,73987600;0,00517977;-0,05046941
2018-11-16;11770,30609318;0,00422893;-0,04645390
2018-11-19;11726,69163285;-0,00370547;-0,04998724
2018-11-20;11670,56750388;-0,00478602;-0,05453401
2018-11-21;11716,21121823;0,00391101;-0,05083628
2018-11-23;11672,78631702;-0,00370639;-0,05435426
2018-11-26;11710,91690315;0,00326662;-0,05126519
2018-11-27;11676,80924105;-0,00291247;-0,05402835
2018-11-28;11760,32209888;0,00715203;-0,04726274
2018-11-29;11783,24034088;0,00194878;-0,04540606
2018-11-30;11783,87854484;0,00005416;-0,04535436
2018-12-03;11886,70425148;0,00872596;-0,03702416
2018-12-04;11877,40395425;-0,00078241;-0,03777760
2018-12-06;11788,78257846;-0,00746134;-0,04495707
2018-12-07;11824,95709238;0,00306855;-0,04202647
2018-12-10;11807,32078220;-0,00149145;-0,04345524
2018-12-11;11836,05774362;0,00243383;-0,04112718
2018-12-12;11865,89795716;0,00252113;-0,03870973
2018-12-13;11848,12315823;-0,00149797;-0,04014972
2018-12-14;11778,03022724;-0,00591595;-0,04582815
2018-12-17;11775,51849626;-0,00021326;-0,04603163
2018-12-18;11773,08641902;-0,00020654;-0,04622866
2018-12-19;11725,90976697;-0,00400716;-0,05005058
2018-12-20;11769,36185635;0,00370565;-0,04653040
2018-12-21;11691,34915432;-0,00662846;-0,05285043
2018-12-24;11696,49173314;0,00043986;-0,05243382
2018-12-27;11816,56759093;0,01026597;-0,04270613
2018-12-28;11876,39625112;0,00506312;-0,03785924
2018-12-31;11902,31821163;0,00218265;-0,03575923
2019-01-02;11922,13194125;0,00166470;-0,03415406
2019-01-03;11909,81858651;-0,00103281;-0,03515160
2019-01-04;11929,48266811;0,00165108;-0,03355856
2019-01-07;11967,32079369;0,00317182;-0,03049318
2019-01-08;11971,35594163;0,00033718;-0,03016628
2019-01-09;12041,07295118;0,00582365;-0,02451831
2019-01-10;12004,63361493;-0,00302625;-0,02747036
2019-01-11;12007,06307183;0,00020238;-0,02727355
2019-01-14;12000,32281921;-0,00056136;-0,02781959
2019-01-15;12032,30852647;0,00266540;-0,02522834
2019-01-16;12054,24347411;0,00182300;-0,02345133
2019-01-17;12047,53808925;-0,00055627;-0,02399455
2019-01-18;12034,78529258;-0,00105854;-0,02502769
2019-01-22;12010,81766569;-0,00199153;-0,02696938
2019-01-23;11988,86342917;-0,00182787;-0,02874795
2019-01-24;11988,92896797;0,00000547;-0,02874264
2019-01-25;12113,76153682;0,01041232;-0,01862960
2019-01-28;12099,69110128;-0,00116152;-0,01976948
2019-01-29;12142,87872785;0,00356932;-0,01627073
2019-01-30;12233,51527232;0,00746417;-0,00892801
2019-01-31;12248,50430054;0,00122524;-0,00771370
2019-02-01;12256,04923103;0,00061599;-0,00710247
2019-02-04;12244,20777569;-0,00096617;-0,00806178
2019-02-05;12306,46162322;0,00508435;-0,00301841
2019-02-06;12262,18177005;-0,00359810;-0,00660565
2019-02-07;12236,66574196;-0,00208087;-0,00867278
2019-02-08;12264,14640922;0,00224576;-0,00644649
2019-02-11;12254,28112980;-0,00080440;-0,00724571
2019-02-12;12302,90246911;0,00396770;-0,00330675
2019-02-13;12288,82577746;-0,00114418;-0,00444714
2019-02-14;12336,58360537;0,00388628;-0,00057815
2019-02-15;12401,54506859;0,00526576;0,00000000
2019-02-19;12481,40540335;0,00643955;0,00000000
2019-02-20;12482,08198278;0,00005421;0,00000000
2019-02-21;12388,65939529;-0,00748454;-0,00748454
2019-02-22;12449,70033863;0,00492716;-0,00259425
2019-02-25;12458,12293065;0,00067653;-0,00191948
2019-02-26;12437,19422224;-0,00167992;-0,00359618
2019-02-27;12375,62509545;-0,00495040;-0,00852878
2019-02-28;12337,67323206;-0,00306666;-0,01156928
2019-03-01;12234,74959469;-0,00834222;-0,01981499
2019-03-04;12219,30768270;-0,00126214;-0,02105212
2019-03-05;12226,60710928;0,00059737;-0,02046733
2019-03-06;12203,17465207;-0,00191651;-0,02234462
2019-03-07;12174,81690167;-0,00232380;-0,02461649
2019-03-08;12250,71303117;0,00623386;-0,01853609
2019-03-11;12254,16353974;0,00028166;-0,01825965
2019-03-12;12322,17172901;0,00554980;-0,01281118
2019-03-13;12374,47569037;0,00424470;-0,00862086
2019-03-14;12282,76636428;-0,00741117;-0,01596814
2019-03-15;12335,99099430;0,00433328;-0,01170406
2019-03-18;12362,98639531;0,00218834;-0,00954132
2019-03-19;12391,32097546;0,00229189;-0,00727130
2019-03-20;12424,88337660;0,00270854;-0,00458246
2019-03-21;12462,98754625;0,00306676;-0,00152975
2019-03-22;12404,04448527;-0,00472945;-0,00625196
2019-03-25;12453,40264331;0,00397920;-0,00229764
2019-03-26;12431,14398570;-0,00178736;-0,00408089
2019-03-27;12373,34394715;-0,00464962;-0,00871153
2019-03-28;12302,61672122;-0,00571610;-0,01437783
2019-03-29;12344,06554632;0,00336911;-0,01105716
2019-04-01;12332,21876645;-0,00095971;-0,01200627
2019-04-02;12380,18757601;0,00388971;-0,00816325
2019-04-03;12376,53439470;-0,00029508;-0,00845593
2019-04-04;12395,25759740;0,00151280;-0,00695592
2019-04-05;12411,06417755;0,00127521;-0,00568958
2019-04-08;12447,24477686;0,00291519;-0,00279098
2019-04-09;12465,99352617;0,00150626;-0,00128892
2019-04-10;12490,92890907;0,00200027;0,00000000
2019-04-11;12406,92989812;-0,00672480;-0,00672480
2019-04-12;12407,64032626;0,00005726;-0,00666793
2019-04-15;12397,26186456;-0,00083646;-0,00749881
2019-04-16;12358,65722216;-0,00311397;-0,01058942
2019-04-17;12350,77600601;-0,00063771;-0,01122037
2019-04-18;12363,42572863;0,00102420;-0,01020766
2019-04-23;12380,11877258;0,00135020;-0,00887125
2019-04-24;12402,22368341;0,00178552;-0,00710157
2019-04-25;12408,22430932;0,00048383;-0,00662117
2019-04-26;12445,11545625;0,00297312;-0,00366774
2019-04-29;12424,24776542;-0,00167678;-0,00533837
2019-04-30;12429,75597163;0,00044334;-0,00489739
2019-05-01;12382,51324194;-0,00380078;-0,00867955
2019-05-02;12337,72350473;-0,00361718;-0,01226533
2019-05-03;12384,19972991;0,00376700;-0,00854453
2019-05-07;12368,61547309;-0,00125840;-0,00979218
2019-05-08;12354,49580156;-0,00114157;-0,01092257
2019-05-09;12339,23017359;-0,00123563;-0,01214471
2019-05-10;12355,23002373;0,00129667;-0,01086379
2019-05-13;12379,59239623;0,00197183;-0,00891339
2019-05-14;12407,71870429;0,00227199;-0,00666165
2019-05-15;12420,77013234;0,00105188;-0,00561678
2019-05-16;12415,59452203;-0,00041669;-0,00603113
2019-05-17;12351,01726433;-0,00520130;-0,01120106
2019-05-20;12313,78295861;-0,00301468;-0,01418197
2019-05-21;12315,64015225;0,00015082;-0,01403328
2019-05-22;12324,25953817;0,00069987;-0,01334323
2019-05-23;12331,79019517;0,00061104;-0,01274034
2019-05-24;12343,63444722;0,00096046;-0,01179211
2019-05-28;12313,03117251;-0,00247928;-0,01424215
2019-05-29;12289,93738020;-0,00187556;-0,01609100
2019-05-30;12354,18766571;0,00522788;-0,01094724
2019-05-31;12430,14858090;0,00614860;-0,00486596
2019-06-03;12511,56475031;0,00654990;0,00000000
2019-06-04;12567,67780741;0,00448490;0,00000000
2019-06-05;12608,96209123;0,00328496;0,00000000
2019-06-06;12649,46856348;0,00321251;0,00000000
2019-06-07;12730,32868030;0,00639237;0,00000000
2019-06-10;12699,04256764;-0,00245760;-0,00245760
2019-06-11;12675,48453340;-0,00185510;-0,00430815
2019-06-12;12701,23694866;0,00203167;-0,00228523
2019-06-13;12753,76492352;0,00413566;0,00000000
2019-06-14;12749,61460567;-0,00032542;-0,00032542
2019-06-17;12756,08211437;0,00050727;0,00000000
2019-06-18;12833,49625735;0,00606880;0,00000000
2019-06-19;12877,77714177;0,00345041;0,00000000
2019-06-20;13088,84406889;0,01639001;0,00000000
2019-06-21;13145,76785933;0,00434903;0,00000000
2019-06-24;13260,42206296;0,00872176;0,00000000
2019-06-25;13250,36840517;-0,00075817;-0,00075817
2019-06-26;13179,46456305;-0,00535108;-0,00610520
2019-06-27;13183,79389306;0,00032849;-0,00577871
2019-06-28;13200,54442494;0,00127054;-0,00451552
2019-07-01;13095,53829287;-0,00795468;-0,01243428
2019-07-02;13264,24535317;0,01288279;0,00000000
2019-07-03;13308,20040206;0,00331380;0,00000000
2019-07-05;13217,47864348;-0,00681698;-0,00681698
2019-07-08;13161,02528660;-0,00427111;-0,01105898
2019-07-09;13191,73993528;0,00233376;-0,00875103
2019-07-10;13319,46518154;0,00968221;0,00000000
2019-07-11;13261,93802474;-0,00431903;-0,00431903
2019-07-12;13317,09262828;0,00415886;-0,00017813
2019-07-15;13332,92278487;0,00118871;0,00000000
2019-07-16;13274,45336275;-0,00438534;-0,00438534
2019-07-17;13374,10194847;0,00750679;0,00000000
2019-07-18;13471,49283509;0,00728205;0,00000000
2019-07-19;13375,08842719;-0,00715618;-0,00715618
2019-07-22;13374,04856114;-0,00007775;-0,00723337
2019-07-23;13358,35184513;-0,00117367;-0,00839855
2019-07-24;13400,77203242;0,00317556;-0,00524966
2019-07-25;13346,80146616;-0,00402742;-0,00925594
2019-07-26;13379,44003020;0,00244542;-0,00683316
2019-07-29;13453,26091818;0,00551749;-0,00135337
2019-07-30;13474,10602658;0,00154945;0,00000000
2019-07-31;13350,32851667;-0,00918632;-0,00918632
2019-08-01;13527,57635243;0,01327666;0,00000000
2019-08-02;13431,01411630;-0,00713818;-0,00713818
2019-08-05;13407,46219850;-0,00175355;-0,00887921
2019-08-06;13462,65454677;0,00411654;-0,00479922
2019-08-07;13561,22667068;0,00732189;0,00000000
2019-08-08;13674,86193085;0,00837942;0,00000000
2019-08-09;13630,71126808;-0,00322860;-0,00322860
2019-08-12;13665,44776281;0,00254840;-0,00068843
2019-08-13;13682,67323386;0,00126051;0,00000000
2019-08-14;13637,93991567;-0,00326934;-0,00326934
2019-08-15;13658,09931353;0,00147818;-0,00179599
2019-08-16;13668,60139520;0,00076893;-0,00102844
2019-08-19;13646,70295239;-0,00160210;-0,00262889
2019-08-20;13670,80438592;0,00176610;-0,00086744
2019-08-21;13674,34457614;0,00025896;-0,00060870
2019-08-22;13634,08440639;-0,00294421;-0,00355112
2019-08-23;13682,44162411;0,00354679;-0,00001693
2019-08-27;13750,63081157;0,00498370;0,00000000
2019-08-28;13753,73796126;0,00022596;0,00000000
2019-08-29;13762,47423563;0,00063519;0,00000000
2019-08-30;13737,79681029;-0,00179310;-0,00179310
2019-09-03;13827,62186622;0,00653853;0,00000000
2019-09-04;13891,92349016;0,00465023;0,00000000
2019-09-05;13781,89825520;-0,00792009;-0,00792009
2019-09-06;13740,04050321;-0,00303715;-0,01093319
2019-09-09;13695,50309713;-0,00324143;-0,01413918
2019-09-10;13628,61374971;-0,00488404;-0,01895416
2019-09-11;13703,10737716;0,00546597;-0,01359179
2019-09-12;13732,83789363;0,00216962;-0,01145166
2019-09-13;13663,30768153;-0,00506306;-0,01645674
2019-09-16;13700,15104410;0,00269652;-0,01380460
2019-09-17;13706,69044439;0,00047732;-0,01333387
2019-09-18;13669,35219214;-0,00272409;-0,01602163
2019-09-19;13716,15123032;0,00342365;-0,01265284
2019-09-20;13762,18010931;0,00335582;-0,00933948
2019-09-23;13796,09284171;0,00246420;-0,00689830
2019-09-24;13808,23637969;0,00088022;-0,00602416
2019-09-25;13713,46606803;-0,00686332;-0,01284613
2019-09-26;13719,50928463;0,00044068;-0,01241111
2019-09-27;13690,61323685;-0,00210620;-0,01449117
2019-09-30;13613,13317896;-0,00565936;-0,02006852
2019-10-01;13625,41972906;0,00090255;-0,01918408
2019-10-02;13633,92425747;0,00062417;-0,01857189
2019-10-03;13671,39899183;0,00274864;-0,01587430
2019-10-04;13727,83838857;0,00412828;-0,01181155
2019-10-07;13670,06403373;-0,00420855;-0,01597039
2019-10-08;13699,67770439;0,00216632;-0,01383867
2019-10-09;13728,15095336;0,00207839;-0,01178905
2019-10-10;13672,64379769;-0,00404331;-0,01578469
2019-10-11;13631,69527766;-0,00299492;-0,01873234
2019-10-14;13657,46907350;0,00189073;-0,01687703
2019-10-15;13628,13554277;-0,00214780;-0,01898858
2019-10-16;13639,02063837;0,00079872;-0,01820503
2019-10-17;13646,78781242;0,00056948;-0,01764591
2019-10-18;13619,39422363;-0,00200733;-0,01961782
2019-10-21;13590,97222575;-0,00208688;-0,02166376
2019-10-22;13606,46976057;0,00114028;-0,02054818
2019-10-23;13633,60037514;0,00199395;-0,01859520
2019-10-24;13717,81472280;0,00617697;-0,01253309
2019-10-25;13752,87921285;0,00255613;-0,01000900
2019-10-28;13708,81139468;-0,00320426;-0,01318119
2019-10-29;13670,26884380;-0,00281152;-0,01595565
2019-10-30;13727,47892811;0,00418500;-0,01183742
2019-10-31;13785,29820030;0,00421194;-0,00767534
2019-11-01;13816,75860463;0,00228217;-0,00541069
2019-11-04;13838,51461820;0,00157461;-0,00384460
2019-11-05;13746,48233117;-0,00665045;-0,01046948
2019-11-06;13773,73479717;0,00198250;-0,00850773
2019-11-07;13719,30655620;-0,00395160;-0,01242570
2019-11-08;13691,02597157;-0,00206137;-0,01446146
2019-11-11;13655,80526284;-0,00257254;-0,01699680
2019-11-12;13697,37374486;0,00304402;-0,01400452
2019-11-13;13708,50974947;0,00081300;-0,01320290
2019-11-14;13723,26465679;0,00107633;-0,01214078
2019-11-15;13737,22894366;0,00101756;-0,01113557
2019-11-18;13748,30821648;0,00080651;-0,01033804
2019-11-19;13758,43118040;0,00073631;-0,00960935
2019-11-20;13750,17152202;-0,00060033;-0,01020391
2019-11-21;13701,50404228;-0,00353941;-0,01370721
2019-11-22;13712,51307248;0,00080349;-0,01291473
2019-11-25;13709,41521296;-0,00022591;-0,01313773
2019-11-26;13758,13416938;0,00355369;-0,00963073
2019-11-27;13735,38222398;-0,00165371;-0,01126851
2019-11-29;13745,10480425;0,00070785;-0,01056864
2019-12-02;13698,24704124;-0,00340905;-0,01394166
2019-12-03;13706,77974533;0,00062290;-0,01332744
2019-12-04;13709,64024423;0,00020869;-0,01312153
2019-12-05;13714,83154367;0,00037866;-0,01274783
2019-12-06;13702,97788333;-0,00086430;-0,01360111
2019-12-09;13686,01454895;-0,00123793;-0,01482221
2019-12-10;13691,99686775;0,00043711;-0,01439157
2019-12-11;13751,98612941;0,00438134;-0,01007329
2019-12-12;13771,07114136;0,00138780;-0,00869947
2019-12-13;13778,50781373;0,00054002;-0,00816414
2019-12-16;13824,72459053;0,00335427;-0,00483726
2019-12-17;13844,91137445;0,00146019;-0,00338413
2019-12-18;13857,35245569;0,00089860;-0,00248857
2019-12-19;13896,46486646;0,00282250;0,00000000
2019-12-20;13910,82618117;0,00103345;0,00000000
2019-12-23;13978,73588070;0,00488179;0,00000000
2019-12-24;14029,99992651;0,00366729;0,00000000
2019-12-27;14074,96113582;0,00320465;0,00000000
2019-12-30;14064,52244455;-0,00074165;-0,00074165
2019-12-31;14058,57537589;-0,00042284;-0,00116418
2020-01-02;14168,44274254;0,00781497;0,00000000
2020-01-03;14240,33616561;0,00507419;0,00000000
2020-01-06;14290,06942925;0,00349242;0,00000000
2020-01-07;14332,38123776;0,00296092;0,00000000
2020-01-08;14311,33277080;-0,00146860;-0,00146860
2020-01-09;14313,24855910;0,00013387;-0,00133493
2020-01-10;14356,67007847;0,00303366;0,00000000
2020-01-13;14342,03758719;-0,00101921;-0,00101921
2020-01-14;14329,73748473;-0,00085763;-0,00187596
2020-01-15;14376,22844545;0,00324437;0,00000000
2020-01-16;14385,78608542;0,00066482;0,00000000
2020-01-17;14434,46343546;0,00338371;0,00000000
2020-01-21;14433,42459883;-0,00007197;-0,00007197
2020-01-22;14422,93104749;-0,00072703;-0,00079895
2020-01-23;14433,56992574;0,00073764;-0,00006190
2020-01-24;14477,90055501;0,00307136;0,00000000
2020-01-27;14427,59746279;-0,00347447;-0,00347447
2020-01-28;14439,53179635;0,00082719;-0,00265016
2020-01-29;14479,06507978;0,00273785;0,00000000
2020-01-30;14454,11849222;-0,00172294;-0,00172294
2020-01-31;14415,09016934;-0,00270015;-0,00441844
2020-02-03;14437,16095134;0,00153109;-0,00289412
2020-02-04;14390,03163993;-0,00326444;-0,00614912
2020-02-05;14427,48332625;0,00260261;-0,00356251
2020-02-06;14503,62410362;0,00527748;0,00000000
2020-02-07;14505,19790646;0,00010851;0,00000000
2020-02-10;14534,66535002;0,00203151;0,00000000
2020-02-11;14517,93035380;-0,00115139;-0,00115139
2020-02-12;14526,16541660;0,00056723;-0,00058480
2020-02-13;14560,79014408;0,00238361;0,00000000
2020-02-14;14601,22086637;0,00277668;0,00000000
2020-02-18;14683,61324349;0,00564284;0,00000000
2020-02-19;14773,75436151;0,00613889;0,00000000
2020-02-20;14791,04761136;0,00117054;0,00000000
2020-02-21;14862,05465116;0,00480068;0,00000000
2020-02-24;14825,21047768;-0,00247908;-0,00247908
2020-02-25;14596,38397176;-0,01543496;-0,01787577
2020-02-26;14645,81275057;0,00338637;-0,01454993
2020-02-27;14519,33949719;-0,00863545;-0,02305974
2020-02-28;14189,87721813;-0,02269127;-0,04522776
2020-03-02;14341,37817909;0,01067669;-0,03503395
2020-03-03;14499,39197510;0,01101803;-0,02440192
2020-03-04;14598,07373171;0,00680592;-0,01776207
2020-03-05;14678,00591801;0,00547553;-0,01238380
2020-03-06;14540,92757771;-0,00933903;-0,02160718
2020-03-09;14313,49730891;-0,01564070;-0,03690993
2020-03-10;14231,84768626;-0,00570438;-0,04240376
2020-03-11;14153,92827745;-0,00547500;-0,04764660
2020-03-12;13587,61376181;-0,04001112;-0,08575133
2020-03-13;13546,72203701;-0,00300949;-0,08850274
2020-03-16;13318,18632246;-0,01687019;-0,10387987
2020-03-17;13516,23091578;0,01487024;-0,09055435
2020-03-18;13281,54719093;-0,01736310;-0,10634515
2020-03-19;13218,28612772;-0,00476308;-0,11060170
2020-03-20;13237,75925131;0,00147320;-0,10929144
2020-03-23;13426,69024956;0,01427213;-0,09657914
2020-03-24;13950,88121327;0,03904097;-0,06130871
2020-03-25;13943,94270702;-0,00049735;-0,06177557
2020-03-26;14120,07221087;0,01263126;-0,04992462
2020-03-27;13909,69922549;-0,01489886;-0,06407966
2020-03-30;14022,86022132;0,00813540;-0,05646557
2020-03-31;13845,98306342;-0,01261349;-0,06836683
2020-04-01;13725,89314678;-0,00867327;-0,07644714
2020-04-02;13825,26098171;0,00723944;-0,06976113
2020-04-03;13854,64569611;0,00212544;-0,06778396
2020-04-06;14174,13783981;0,02306029;-0,04628679
2020-04-07;14247,16006465;0,00515179;-0,04137346
2020-04-08;14195,91565124;-0,00359682;-0,04482146
2020-04-09;14372,84934589;0,01246370;-0,03291640
2020-04-14;14557,15664288;0,01282330;-0,02051520
2020-04-15;14467,82789383;-0,00613641;-0,02652572
2020-04-16;14493,19990064;0,00175368;-0,02481856
2020-04-17;14453,85123308;-0,00271497;-0,02746615
2020-04-20;14503,97328723;0,00346773;-0,02409366
2020-04-21;14334,40633486;-0,01169107;-0,03550305
2020-04-22;14513,08632515;0,01246511;-0,02348049
2020-04-23;14585,37976382;0,00498126;-0,01861619
2020-04-24;14565,64081563;-0,00135334;-0,01994434
2020-04-27;14610,44892722;0,00307629;-0,01692940
2020-04-28;14585,07178781;-0,00173692;-0,01863692
2020-04-29;14720,17928367;0,00926341;-0,00954615
2020-04-30;14549,57435667;-0,01158987;-0,02102538
2020-05-01;14488,66795845;-0,00418613;-0,02512349
2020-05-04;14495,38810144;0,00046382;-0,02467132
2020-05-05;14673,80555269;0,01230857;-0,01266642
2020-05-06;14636,15148398;-0,00256607;-0,01520000
2020-05-07;14811,18536945;0,01195901;-0,00342276
2020-05-11;14833,80442587;0,00152716;-0,00190083
2020-05-12;14867,79568249;0,00229147;0,00000000
2020-05-13;14756,20123776;-0,00750578;-0,00750578
2020-05-14;14742,97576051;-0,00089627;-0,00839532
2020-05-15;14863,00613331;0,00814153;-0,00032214
2020-05-18;15077,80335444;0,01445180;0,00000000
2020-05-19;15096,53908995;0,00124260;0,00000000
2020-05-20;15184,59774597;0,00583304;0,00000000
2020-05-21;15028,46656279;-0,01028221;-0,01028221
2020-05-22;15069,52920321;0,00273232;-0,00757798
2020-05-26;15101,16209897;0,00209913;-0,00549476
2020-05-27;15156,00085647;0,00363143;-0,00188328
2020-05-28;15261,42611611;0,00695601;0,00000000
2020-05-29;15202,76196031;-0,00384395;-0,00384395
2020-06-01;15264,46019000;0,00405836;0,00000000
2020-06-02;15258,27629128;-0,00040512;-0,00040512
2020-06-03;15261,98802970;0,00024326;-0,00016196
2020-06-04;15284,60901985;0,00148218;0,00000000
2020-06-05;15330,07271777;0,00297448;0,00000000
2020-06-08;15402,94441163;0,00475351;0,00000000
2020-06-09;15439,65490728;0,00238334;0,00000000
2020-06-10;15539,92834695;0,00649454;0,00000000
2020-06-11;15211,61103498;-0,02112734;-0,02112734
2020-06-12;15245,58785377;0,00223361;-0,01894092
2020-06-15;15228,38866836;-0,00112814;-0,02004769
2020-06-16;15428,47496008;0,01313903;-0,00717207
2020-06-17;15462,42081445;0,00220021;-0,00498764
2020-06-18;15475,31692785;0,00083403;-0,00415777
2020-06-19;15559,03267425;0,00540963;0,00000000
2020-06-22;15589,35142915;0,00194863;0,00000000
2020-06-23;15690,11063384;0,00646334;0,00000000
2020-06-24;15514,41160470;-0,01119807;-0,01119807
2020-06-25;15534,97916413;0,00132571;-0,00988721
2020-06-26;15518,53102928;-0,00105878;-0,01093553
2020-06-29;15586,43729226;0,00437582;-0,00660756
2020-06-30;15652,13750920;0,00421522;-0,00242019
2020-07-01;15635,07807798;-0,00108991;-0,00350747
2020-07-02;15716,08707973;0,00518123;0,00000000
2020-07-06;15822,25268169;0,00675522;0,00000000
2020-07-07;15795,87001867;-0,00166744;-0,00166744
2020-07-08;15806,31602104;0,00066131;-0,00100723
2020-07-09;15764,87625031;-0,00262172;-0,00362631
2020-07-10;15780,70550928;0,00100408;-0,00262587
2020-07-13;15868,67323918;0,00557439;0,00000000
2020-07-14;15850,68756362;-0,00113341;-0,00113341
2020-07-15;15932,43553764;0,00515738;0,00000000
2020-07-16;15833,94405100;-0,00618182;-0,00618182
2020-07-17;15926,26822320;0,00583078;-0,00038709
2020-07-20;15965,52089088;0,00246465;0,00000000
2020-07-21;16036,15826779;0,00442437;0,00000000
2020-07-22;16113,47128529;0,00482117;0,00000000
2020-07-23;16142,98662016;0,00183172;0,00000000
2020-07-24;16085,72928356;-0,00354689;-0,00354689
2020-07-27;16194,54213534;0,00676456;0,00000000
2020-07-28;16227,00626240;0,00200463;0,00000000
2020-07-29;16281,97731025;0,00338763;0,00000000
2020-07-30;16178,69503273;-0,00634335;-0,00634335
2020-07-31;16243,54759385;0,00400852;-0,00236026
2020-08-03;16363,69914195;0,00739688;0,00000000
2020-08-04;16544,84754436;0,01107014;0,00000000
2020-08-05;16642,24064716;0,00588661;0,00000000
2020-08-06;16757,06630992;0,00689965;0,00000000
2020-08-07;16635,05614334;-0,00728112;-0,00728112
2020-08-10;16594,70696887;-0,00242555;-0,00968901
2020-08-11;16188,77625099;-0,02446146;-0,03391346
2020-08-12;16227,93982340;0,00241918;-0,03157632
2020-08-13;16385,61844688;0,00971649;-0,02216664
2020-08-14;16335,18566787;-0,00307787;-0,02517628
2020-08-17;16524,05570841;0,01156216;-0,01390521
2020-08-18;16569,70475298;0,00276258;-0,01118105
2020-08-19;16353,26523055;-0,01306236;-0,02409736
2020-08-20;16396,80026555;0,00266216;-0,02149935
2020-08-21;16373,90690832;-0,00139621;-0,02286554
2020-08-24;16409,34515149;0,00216431;-0,02075072
2020-08-25;16418,22181461;0,00054095;-0,02022099
2020-08-26;16555,92978846;0,00838751;-0,01200309
2020-08-27;16478,55161719;-0,00467374;-0,01662073
2020-08-28;16587,73181213;0,00662559;-0,01010526
2020-09-01;16645,94627529;0,00350949;-0,00663123
2020-09-02;16644,86899784;-0,00006472;-0,00669552
2020-09-03;16419,92393560;-0,01351438;-0,02011942
2020-09-04;16340,02333420;-0,00486608;-0,02488759
2020-09-08;16298,95223021;-0,00251353;-0,02733856
2020-09-09;16479,63583133;0,01108560;-0,01655603
2020-09-10;16477,94495209;-0,00010260;-0,01665693
2020-09-11;16458,97017784;-0,00115153;-0,01778928
2020-09-14;16556,87584388;0,00594847;-0,01194663
2020-09-15;16588,06807630;0,00188394;-0,01008519
2020-09-16;16550,77327945;-0,00224829;-0,01231081
2020-09-17;16447,10744489;-0,00626350;-0,01849720
2020-09-18;16419,95325661;-0,00165100;-0,02011767
2020-09-21;16186,82703847;-0,01419774;-0,03402978
2020-09-22;16237,47084667;0,00312871;-0,03100754
2020-09-23;16059,16890396;-0,01098089;-0,04164795
2020-09-24;16039,28313092;-0,00123828;-0,04283466
2020-09-25;16076,68457072;0,00233186;-0,04060268
2020-09-28;16220,08553061;0,00891981;-0,03204504
2020-09-29;16279,99648087;0,00369363;-0,02846977
2020-09-30;16246,20605096;-0,00207558;-0,03048626
2020-10-01;16338,84918634;0,00570245;-0,02495766
2020-10-02;16261,18105727;-0,00475359;-0,02959261
2020-10-05;16366,83817311;0,00649751;-0,02328738
2020-10-06;16293,59514171;-0,00447509;-0,02765825
2020-10-07;16336,83177005;0,00265360;-0,02507805
2020-10-08;16403,13805178;0,00405870;-0,02112113
2020-10-09;16525,71757562;0,00747293;-0,01380604
2020-10-12;16588,96563077;0,00382725;-0,01003163
2020-10-13;16515,66310932;-0,00441875;-0,01440605
2020-10-14;16493,85533166;-0,00132043;-0,01570746
2020-10-15;16467,62266331;-0,00159045;-0,01727293
2020-10-16;16499,86224499;0,00195776;-0,01534899
2020-10-19;16432,40900861;-0,00408811;-0,01937435
2020-10-20;16441,97437129;0,00058210;-0,01880353
2020-10-21;16401,15835660;-0,00248243;-0,02123928
2020-10-22;16346,93727453;-0,00330593;-0,02447499
2020-10-23;16385,01736444;0,00232949;-0,02220251
2020-10-26;16283,96821063;-0,00616717;-0,02823275
2020-10-27;16277,21110163;-0,00041495;-0,02863599
2020-10-28;16030,68841713;-0,01514527;-0,04334756
2020-10-29;16048,24466694;0,00109517;-0,04229987
2020-10-30;15986,28844644;-0,00386062;-0,04599718
2020-11-02;16122,66947610;0,00853113;-0,03785847
2020-11-03;16253,73217029;0,00812909;-0,03003713
2020-11-04;16492,33805771;0,01468007;-0,01579801
2020-11-05;16703,44697990;0,01280042;-0,00319980
2020-11-06;16675,45778108;-0,00167565;-0,00487010
2020-11-09;16671,56731550;-0,00023330;-0,00510227
2020-11-10;16514,12264701;-0,00944390;-0,01449798
2020-11-11;16600,70965186;0,00524321;-0,00933079
2020-11-12;16626,49687897;0,00155338;-0,00779190
2020-11-13;16657,06658368;0,00183861;-0,00596762
2020-11-16;16775,23365534;0,00709411;0,00000000
2020-11-17;16709,19803961;-0,00393649;-0,00393649
2020-11-18;16663,09286978;-0,00275927;-0,00668490
2020-11-19;16625,33887418;-0,00226573;-0,00893548
2020-11-20;16628,87850468;0,00021291;-0,00872448
2020-11-23;16506,48326454;-0,00736040;-0,01602066
2020-11-24;16543,95898924;0,00227036;-0,01378667
2020-11-25;16523,30509167;-0,00124843;-0,01501789
2020-11-27;16560,83776293;0,00227150;-0,01278050
2020-11-30;16437,98735546;-0,00741813;-0,02010382
2020-12-01;16637,50597176;0,01213765;-0,00821018
2020-12-02;16714,66161089;0,00463745;-0,00361080
2020-12-03;16761,92468303;0,00282764;-0,00079337
2020-12-04;16781,26474779;0,00115381;0,00000000
2020-12-07;16937,14279973;0,00928881;0,00000000
2020-12-08;16971,20692089;0,00201121;0,00000000
2020-12-09;16794,40718883;-0,01041763;-0,01041763
2020-12-10;16784,08918038;-0,00061437;-0,01102560
2020-12-11;16792,69806802;0,00051292;-0,01051834
2020-12-14;16753,78752067;-0,00231711;-0,01281107
2020-12-15;16881,78051618;0,00763965;-0,00526930
2020-12-16;16954,08819540;0,00428318;-0,00100869
2020-12-17;17058,22693012;0,00614240;0,00000000
2020-12-18;17043,37248536;-0,00087081;-0,00087081
2020-12-21;17022,89870329;-0,00120128;-0,00207104
2020-12-22;17003,72712710;-0,00112622;-0,00319493
2020-12-23;17012,09422767;0,00049207;-0,00270443
2020-12-24;17035,49893839;0,00137577;-0,00133238
2020-12-29;17099,53441311;0,00375894;0,00000000
2020-12-30;17145,75026841;0,00270276;0,00000000
2020-12-31;17168,32002443;0,00131635;0,00000000
2021-01-04;17335,18099259;0,00971912;0,00000000
2021-01-05;17356,34619557;0,00122094;0,00000000
2021-01-06;17285,43864437;-0,00408540;-0,00408540
2021-01-07;17335,08136420;0,00287194;-0,00122519
2021-01-08;17178,60473708;-0,00902659;-0,01024072
2021-01-11;17155,19835783;-0,00136253;-0,01158930
2021-01-12;17149,59790872;-0,00032646;-0,01191197
2021-01-13;17147,75870481;-0,00010724;-0,01201794
2021-01-14;17129,56563984;-0,00106096;-0,01306615
2021-01-15;17038,37477996;-0,00532359;-0,01832018
2021-01-19;17107,96087240;0,00408408;-0,01431092
2021-01-20;17245,53271017;0,00804139;-0,00638461
2021-01-21;17261,24398565;0,00091103;-0,00547939
2021-01-22;17214,38574067;-0,00271465;-0,00817917
2021-01-25;17219,91362141;0,00032112;-0,00786067
2021-01-26;17213,61021250;-0,00036605;-0,00822385
2021-01-27;17113,81000235;-0,00579775;-0,01397392
2021-01-28;17126,14168634;0,00072057;-0,01326342
2021-01-29;17043,24694583;-0,00484025;-0,01803947
2021-02-01;17156,16689126;0,00662549;-0,01153349
2021-02-02;17157,47302890;0,00007613;-0,01145824
2021-02-03;17141,44740680;-0,00093403;-0,01238157
2021-02-04;17068,24004234;-0,00427078;-0,01659947
2021-02-05;17126,32284246;0,00340298;-0,01325298
2021-02-08;17207,49122727;0,00473939;-0,00857640
2021-02-09;17212,21928410;0,00027477;-0,00830399
2021-02-10;17223,10726051;0,00063257;-0,00767667
2021-02-11;17208,12723876;-0,00086976;-0,00853976
2021-02-12;17203,16235063;-0,00028852;-0,00882581
2021-02-16;17123,50523318;-0,00463038;-0,01341532
2021-02-17;17047,36758328;-0,00444638;-0,01780205
2021-02-18;17010,64137859;-0,00215436;-0,01991806
2021-02-19;17039,47339646;0,00169494;-0,01825688
2021-02-22;17051,22459897;0,00068965;-0,01757983
2021-02-23;17013,79838131;-0,00219493;-0,01973617
2021-02-24;17049,55179205;0,00210144;-0,01767621
2021-02-25;16896,03983425;-0,00900387;-0,02652093
2021-02-26;16763,95428066;-0,00781755;-0,03413114
2021-03-01;16843,08029284;0,00472001;-0,02957223
2021-03-02;16844,20598835;0,00006683;-0,02950737
2021-03-03;16740,83995511;-0,00613659;-0,03546289
2021-03-04;16630,45667065;-0,00659365;-0,04182272
2021-03-05;16635,10309824;0,00027939;-0,04155501
2021-03-08;16620,29842987;-0,00088997;-0,04240799
2021-03-09;16773,74782897;0,00923265;-0,03356688
2021-03-10;16797,74752009;0,00143079;-0,03218412
2021-03-11;16843,64796733;0,00273254;-0,02953953
2021-03-12;16833,44373668;-0,00060582;-0,03012745
2021-03-15;16878,31286984;0,00266548;-0,02754228
2021-03-16;16910,82768490;0,00192643;-0,02566891
2021-03-17;16937,00501790;0,00154796;-0,02416068
2021-03-18;16869,20545156;-0,00400304;-0,02806701
2021-03-19;16877,59198619;0,00049715;-0,02758381
2021-03-22;16906,16889672;0,00169319;-0,02593733
2021-03-23;16861,86331740;-0,00262068;-0,02849003
2021-03-24;16864,46574229;0,00015434;-0,02834009
2021-03-25;16822,47536826;-0,00248987;-0,03075940
2021-03-26;16893,87077964;0,00424405;-0,02664590
2021-03-29;16828,57971742;-0,00386478;-0,03040769
2021-03-30;16740,80528506;-0,00521580;-0,03546489
2021-03-31;16835,97518797;0,00568491;-0,02998160
2021-04-01;16938,32820443;0,00607942;-0,02408445
2021-04-06;17041,43084886;0,00608694;-0,01814410
2021-04-07;17042,34153020;0,00005344;-0,01809163
2021-04-08;17138,24449303;0,00562733;-0,01256611
2021-04-09;17122,29124346;-0,00093086;-0,01348527
2021-04-12;17084,18916340;-0,00222529;-0,01568055
2021-04-13;17140,75532805;0,00331102;-0,01242144
2021-04-14;17105,66822785;-0,00204700;-0,01444301
2021-04-15;17227,76370788;0,00713772;-0,00740838
2021-04-16;17257,82251864;0,00174479;-0,00567652
2021-04-19;17198,94520285;-0,00341163;-0,00906879
2021-04-20;17178,31253071;-0,00119965;-0,01025755
2021-04-21;17266,15483490;0,00511356;-0,00519645
2021-04-22;17247,04424153;-0,00110682;-0,00629752
2021-04-23;17244,14491384;-0,00016811;-0,00646457
2021-04-26;17272,93645170;0,00166964;-0,00480572
2021-04-27;17243,44337246;-0,00170747;-0,00650499
2021-04-28;17249,33646866;0,00034176;-0,00616545
2021-04-29;17220,40334030;-0,00167735;-0,00783246
2021-04-30;17195,99870165;-0,00141719;-0,00923855
2021-05-04;17154,68881683;-0,00240230;-0,01161865
2021-05-05;17198,86640253;0,00257525;-0,00907333
2021-05-06;17300,81205397;0,00592746;-0,00319964
2021-05-07;17377,99716332;0,00446136;0,00000000
2021-05-10;17336,64678568;-0,00237947;-0,00237947
2021-05-11;17281,47170159;-0,00318257;-0,00555446
2021-05-12;17171,29160794;-0,00637562;-0,01189467
2021-05-13;17222,63735470;0,00299021;-0,00894003
2021-05-14;17323,04345506;0,00582989;-0,00316226
2021-05-17;17369,42281447;0,00267732;-0,00049340
2021-05-18;17364,57601923;-0,00027904;-0,00077231
2021-05-19;17338,78310906;-0,00148538;-0,00225653
2021-05-20;17432,61921479;0,00541192;0,00000000
2021-05-21;17436,66510874;0,00023209;0,00000000
2021-05-24;17488,77797063;0,00298869;0,00000000
2021-05-25;17537,88669018;0,00280801;0,00000000
2021-05-26;17531,33329786;-0,00037367;-0,00037367
2021-05-27;17522,11762481;-0,00052567;-0,00089914
2021-05-28;17551,86752185;0,00169785;0,00000000
2021-06-01;17537,01222080;-0,00084637;-0,00084637
2021-06-02;17575,86947087;0,00221573;0,00000000
2021-06-03;17451,45958092;-0,00707845;-0,00707845
2021-06-04;17546,21329038;0,00542956;-0,00168732
2021-06-07;17568,95493472;0,00129610;-0,00039341
2021-06-08;17554,47232113;-0,00082433;-0,00121742
2021-06-09;17557,59862900;0,00017809;-0,00103954
2021-06-10;17587,87605967;0,00172446;0,00000000
2021-06-11;17544,32665650;-0,00247610;-0,00247610
2021-06-14;17531,55176576;-0,00072815;-0,00320245
2021-06-15;17507,60887016;-0,00136570;-0,00456378
2021-06-16;17410,14661467;-0,00556685;-0,01010523
2021-06-17;17274,14418466;-0,00781168;-0,01783796
2021-06-18;17218,01897970;-0,00324909;-0,02102909
2021-06-21;17301,05893337;0,00482285;-0,01630766
2021-06-22;17306,75958926;0,00032950;-0,01598354
2021-06-23;17294,05922056;-0,00073384;-0,01670565
2021-06-24;17322,49951025;0,00164451;-0,01508861
2021-06-25;17344,76743398;0,00128549;-0,01382251
2021-06-28;17360,85896522;0,00092775;-0,01290759
2021-06-29;17334,40511559;-0,00152376;-0,01441169
2021-06-30;17356,47721903;0,00127331;-0,01315672
2021-07-01;17387,34372691;0,00177839;-0,01140174
2021-07-02;17480,96726686;0,00538458;-0,00607855
2021-07-06;17525,59765838;0,00255308;-0,00354098
2021-07-07;17582,86550111;0,00326767;-0,00028489
2021-07-08;17534,63228236;-0,00274319;-0,00302730
2021-07-09;17598,05836558;0,00361719;0,00000000
2021-07-12;17594,90639795;-0,00017911;-0,00017911
2021-07-13;17626,09780122;0,00177275;0,00000000
2021-07-14;17716,07805285;0,00510494;0,00000000
2021-07-15;17689,09509500;-0,00152308;-0,00152308
2021-07-16;17588,92656421;-0,00566273;-0,00717718
2021-07-19;17530,56838939;-0,00331789;-0,01047126
2021-07-20;17596,53235418;0,00376280;-0,00674786
2021-07-21;17597,51480157;0,00005583;-0,00669241
2021-07-22;17627,68176585;0,00171427;-0,00498961
2021-07-23;17644,68539320;0,00096460;-0,00402982
2021-07-26;17622,08318654;-0,00128096;-0,00530562
2021-07-27;17585,81057001;-0,00205836;-0,00735307
2021-07-28;17631,42716293;0,00259394;-0,00477820
2021-07-29;17737,48402013;0,00601522;0,00000000
2021-07-30;17668,15489249;-0,00390862;-0,00390862
2021-08-02;17665,35009567;-0,00015875;-0,00406675
2021-08-03;17653,43766765;-0,00067434;-0,00473835
2021-08-04;17668,29688981;0,00084172;-0,00390062
2021-08-05;17664,73562122;-0,00020156;-0,00410139
2021-08-06;17553,00901961;-0,00632484;-0,01040029
2021-08-09;17459,08865401;-0,00535067;-0,01569531
2021-08-10;17459,96468272;0,00005018;-0,01564592
2021-08-11;17530,21451880;0,00402348;-0,01168539
2021-08-12;17557,68401117;0,00156698;-0,01013673
2021-08-13;17649,11504368;0,00520747;-0,00498205
2021-08-16;17658,91678742;0,00055537;-0,00442945
2021-08-17;17660,46164752;0,00008748;-0,00434235
2021-08-18;17640,68062324;-0,00112007;-0,00545756
2021-08-19;17615,29128357;-0,00143925;-0,00688896
2021-08-20;17673,28086753;0,00329200;-0,00361963
2021-08-23;17778,31122692;0,00594289;0,00000000
2021-08-24;17782,35372170;0,00022738;0,00000000
2021-08-25;17751,36117207;-0,00174288;-0,00174288
2021-08-26;17737,04755321;-0,00080634;-0,00254782
2021-08-27;17836,74261870;0,00562072;0,00000000
2021-08-31;17842,85650844;0,00034277;0,00000000
2021-09-01;17857,33923017;0,00081168;0,00000000
2021-09-02;17829,39146251;-0,00156506;-0,00156506
2021-09-03;17932,36936053;0,00577574;0,00000000
2021-09-07;17754,95977555;-0,00989326;-0,00989326
2021-09-08;17712,30401537;-0,00240247;-0,01227196
2021-09-09;17728,76827998;0,00092954;-0,01135383
2021-09-10;17654,62906120;-0,00418186;-0,01548821
2021-09-13;17674,79858477;0,00114245;-0,01436345
2021-09-14;17731,66913217;0,00321761;-0,01119206
2021-09-15;17692,51716710;-0,00220802;-0,01337538
2021-09-16;17495,48174882;-0,01113665;-0,02436307
2021-09-17;17432,74513824;-0,00358587;-0,02786158
2021-09-20;17420,62113383;-0,00069547;-0,02853768
2021-09-21;17497,53127140;0,00441489;-0,02424878
2021-09-22;17506,04883069;0,00048679;-0,02377380
2021-09-23;17451,71731163;-0,00310359;-0,02680360
2021-09-24;17448,19551385;-0,00020180;-0,02699999
2021-09-27;17436,78960652;-0,00065370;-0,02763604
2021-09-28;17247,48317972;-0,01085672;-0,03819273
2021-09-29;17232,22643325;-0,00088458;-0,03904353
2021-09-30;17343,66518709;0,00646688;-0,03282913
2021-10-01;17377,02995516;0,00192374;-0,03096855
2021-10-04;17332,16629912;-0,00258178;-0,03347037
2021-10-05;17365,80286409;0,00194070;-0,03159463
2021-10-06;17370,19082733;0,00025268;-0,03134993
2021-10-07;17405,06423694;0,00200766;-0,02940521
2021-10-08;17391,96484071;-0,00075262;-0,03013570
2021-10-11;17381,40280385;-0,00060729;-0,03072469
2021-10-12;17378,31460250;-0,00017767;-0,03089691
2021-10-13;17467,71541885;0,00514439;-0,02591146
2021-10-14;17553,48710407;0,00491030;-0,02112840
2021-10-15;17492,74138775;-0,00346061;-0,02451589
2021-10-18;17503,45539576;0,00061248;-0,02391842
2021-10-19;17539,66565395;0,00206875;-0,02189915
2021-10-20;17588,46671354;0,00278233;-0,01917776
2021-10-21;17587,08592319;-0,00007851;-0,01925476
2021-10-22;17622,88026667;0,00203526;-0,01725868
2021-10-25;17674,39187423;0,00292300;-0,01438613
2021-10-26;17650,23048418;-0,00136703;-0,01573350
2021-10-27;17661,13516234;0,00061782;-0,01512540
2021-10-28;17676,45573728;0,00086747;-0,01427104
2021-10-29;17657,34758825;-0,00108099;-0,01533661
2021-11-01;17697,54146387;0,00227633;-0,01309520
2021-11-02;17719,36905032;0,00123337;-0,01187798
2021-11-03;17676,97588198;-0,00239248;-0,01424204
2021-11-04;17803,98161328;0,00718481;-0,00715955
2021-11-05;17899,78060485;0,00538076;-0,00181731
2021-11-08;17919,26688188;0,00108863;-0,00073066
2021-11-09;17927,96760184;0,00048555;-0,00024546
2021-11-10;17967,48631447;0,00220431;0,00000000
2021-11-11;18013,03330165;0,00253497;0,00000000
2021-11-12;18048,78183974;0,00198459;0,00000000
2021-11-15;18039,94456538;-0,00048963;-0,00048963
2021-11-16;18026,12480572;-0,00076606;-0,00125532
2021-11-17;18051,59821193;0,00141314;0,00000000
2021-11-18;18049,03265533;-0,00014212;-0,00014212
2021-11-19;18026,78007237;-0,00123290;-0,00137484
2021-11-22;17897,41987041;-0,00717600;-0,00854098
2021-11-23;17826,92356865;-0,00393891;-0,01244625
2021-11-24;17848,21966269;0,00119460;-0,01126651
2021-11-26;17735,30578456;-0,00632634;-0,01752157
2021-11-29;17803,15525826;0,00382567;-0,01376293
2021-11-30;17729,12688760;-0,00415816;-0,01786387
2021-12-01;17754,71546644;0,00144331;-0,01644634
2021-12-02;17696,36692114;-0,00328637;-0,01967866
2021-12-03;17713,90732448;0,00099119;-0,01870698
2021-12-06;17733,78130530;0,00112194;-0,01760603
2021-12-07;17876,55500003;0,00805094;-0,00969683
2021-12-08;17882,85959508;0,00035267;-0,00934757
2021-12-09;17840,20191978;-0,00238539;-0,01171067
2021-12-10;17880,94451183;0,00228375;-0,00945366
2021-12-13;17862,54097511;-0,00102923;-0,01047316
2021-12-14;17754,70003559;-0,00603727;-0,01644720
2021-12-15;17823,80648895;0,00389229;-0,01261892
2021-12-16;17859,79212071;0,00201896;-0,01062544
2021-12-17;17824,47818617;-0,00197729;-0,01258171
2021-12-20;17737,86814534;-0,00485905;-0,01737963
2021-12-21;17809,04739871;0,00401284;-0,01343653
2021-12-22;17901,67263500;0,00520102;-0,00830539
2021-12-23;17935,56857334;0,00189345;-0,00642767
2021-12-29;17965,22540671;0,00165352;-0,00478477
2021-12-30;17993,71603246;0,00158588;-0,00320649
2021-12-31;18008,86723518;0,00084203;-0,00236716
2022-01-04;17966,48053476;-0,00235366;-0,00471524
2022-01-05;17889,85239211;-0,00426506;-0,00896019
2022-01-06;17777,03843802;-0,00630603;-0,01520972
2022-01-07;17772,04429126;-0,00028093;-0,01548638
2022-01-10;17750,60785046;-0,00120619;-0,01667389
2022-01-11;17864,98661754;0,00644365;-0,01033768
2022-01-12;17895,65493868;0,00171667;-0,00863875
2022-01-13;17831,07963030;-0,00360844;-0,01221601
2022-01-14;17794,74406587;-0,00203777;-0,01422889
2022-01-18;17741,20981367;-0,00300843;-0,01719451
2022-01-19;17782,71050919;0,00233923;-0,01489551
2022-01-20;17764,06476134;-0,00104853;-0,01592842
2022-01-21;17672,11004583;-0,00517645;-0,02102241
2022-01-24;17620,77323566;-0,00290496;-0,02386631
2022-01-25;17614,53810775;-0,00035385;-0,02421171
2022-01-26;17581,69162156;-0,00186474;-0,02603130
2022-01-27;17513,17123522;-0,00389726;-0,02982711
2022-01-28;17534,96905412;0,00124465;-0,02861958
2022-01-31;17655,74341077;0,00688763;-0,02192907
2022-02-01;17683,59780800;0,00157764;-0,02038603
2022-02-02;17738,42686621;0,00310056;-0,01734868
2022-02-03;17645,14744398;-0,00525861;-0,02251605
2022-02-04;17653,75665125;0,00048791;-0,02203913
2022-02-07;17729,05137620;0,00426508;-0,01786805
2022-02-08;17776,62920815;0,00268361;-0,01523239
2022-02-09;17901,14531599;0,00700448;-0,00833460
2022-02-10;17786,99548516;-0,00637668;-0,01465813
2022-02-11;17884,98262556;0,00550892;-0,00922996
2022-02-14;17899,23654380;0,00079698;-0,00844034
2022-02-15;17885,85045470;-0,00074786;-0,00918189
2022-02-16;17972,22778394;0,00482937;-0,00439686
2022-02-17;18025,69403831;0,00297494;-0,00143501
2022-02-18;17966,51361950;-0,00328311;-0,00471341
2022-02-22;17952,23337854;-0,00079483;-0,00550449
2022-02-23;17931,16534046;-0,00117356;-0,00667159
2022-02-24;17903,83093882;-0,00152441;-0,00818583
2022-02-25;17986,14607450;0,00459763;-0,00362584
2022-02-28;18087,27144034;0,00562240;0,00000000
2022-03-01;18205,73314098;0,00654945;0,00000000
2022-03-02;18200,19611245;-0,00030414;-0,00030414
2022-03-03;18197,68831518;-0,00013779;-0,00044188
2022-03-04;18252,39017110;0,00300598;0,00000000
2022-03-07;18280,71962969;0,00155210;0,00000000
2022-03-08;18436,89317569;0,00854307;0,00000000
2022-03-09;18348,55410255;-0,00479143;-0,00479143
2022-03-10;18316,32422810;-0,00175653;-0,00653955
2022-03-11;18247,57228518;-0,00375359;-0,01026859
2022-03-14;18081,48079903;-0,00910211;-0,01927724
2022-03-15;18027,37134591;-0,00299253;-0,02221208
2022-03-16;18184,30201796;0,00870513;-0,01370031
2022-03-17;18262,59336521;0,00430544;-0,00945386
2022-03-18;18257,52213190;-0,00027768;-0,00972892
2022-03-21;18317,83755511;0,00330359;-0,00645747
2022-03-22;18311,04285784;-0,00037093;-0,00682600
2022-03-23;18373,70644740;0,00342217;-0,00342719
2022-03-24;18487,81227845;0,00621028;0,00000000
2022-03-25;18469,73924887;-0,00097756;-0,00097756
2022-03-28;18381,54860343;-0,00477487;-0,00574777
2022-03-29;18475,35186923;0,00510312;-0,00067398
2022-03-30;18496,84564598;0,00116338;0,00000000
2022-03-31;18465,24905886;-0,00170821;-0,00170821
2022-04-01;18379,52009091;-0,00464272;-0,00634300
2022-04-04;18486,48123133;0,00581958;-0,00056033
2022-04-05;18373,71255623;-0,00610006;-0,00665698
2022-04-06;18295,45725915;-0,00425909;-0,01088772
2022-04-07;18323,87544917;0,00155329;-0,00935133
2022-04-08;18396,24094904;0,00394925;-0,00543902
2022-04-11;18343,60196665;-0,00286140;-0,00828485
2022-04-12;18410,51157097;0,00364757;-0,00466750
2022-04-13;18476,71488733;0,00359595;-0,00108833
2022-04-14;18389,05985764;-0,00474408;-0,00582725
2022-04-19;18334,54517656;-0,00296452;-0,00877449
2022-04-20;18394,48815815;0,00326940;-0,00553378
2022-04-21;18325,11096386;-0,00377163;-0,00928454
2022-04-22;18140,04415507;-0,01009908;-0,01928986
2022-04-25;17974,19526484;-0,00914269;-0,02825619
2022-04-26;17916,44435715;-0,00321299;-0,03137839
2022-04-27;17893,27947250;-0,00129294;-0,03263076
2022-04-28;18044,51507165;0,00845209;-0,02445447
2022-04-29;17946,49920668;-0,00543189;-0,02975353
2022-05-03;17832,49723814;-0,00635232;-0,03591685
2022-05-04;17964,18265408;0,00738458;-0,02879750
2022-05-05;17856,94250532;-0,00596966;-0,03459526
2022-05-06;17843,37617524;-0,00075972;-0,03532870
2022-05-09;17559,83402392;-0,01589061;-0,05065791
2022-05-10;17502,87200505;-0,00324388;-0,05373747
2022-05-11;17540,20866065;0,00213317;-0,05171893
2022-05-12;17358,84075732;-0,01034012;-0,06152427
2022-05-13;17409,67964985;0,00292870;-0,05877575
2022-05-16;17456,66426074;0,00269876;-0,05623561
2022-05-17;17460,73743922;0,00023333;-0,05601540
2022-05-18;17338,59515105;-0,00699525;-0,06261881
2022-05-19;17399,44329104;0,00350940;-0,05932916
2022-05-20;17397,16337874;-0,00013103;-0,05945242
2022-05-23;17519,74211924;0,00704590;-0,05282541
2022-05-24;17523,95676508;0,00024057;-0,05259756
2022-05-25;17518,44092518;-0,00031476;-0,05289576
2022-05-26;17591,77503242;0,00418611;-0,04893108
2022-05-27;17699,26489337;0,00611023;-0,04311983
2022-05-31;17597,04423057;-0,00577542;-0,04864621
2022-06-01;17649,39015057;0,00297470;-0,04581622
2022-06-06;17643,62083929;-0,00032688;-0,04612812
2022-06-07;17714,47657897;0,00401594;-0,04229743
2022-06-08;17699,95438513;-0,00081979;-0,04308255
2022-06-09;17559,96786955;-0,00790886;-0,05065068
2022-06-10;17499,72778171;-0,00343054;-0,05390745
2022-06-13;17097,93857654;-0,02295974;-0,07562949
2022-06-14;17050,83618744;-0,00275486;-0,07817600
2022-06-15;17228,29849647;0,01040784;-0,06858181
2022-06-16;17115,07445472;-0,00657198;-0,07470307
2022-06-17;17080,23197561;-0,00203578;-0,07658677
2022-06-21;17157,51025037;0,00452443;-0,07240885
2022-06-22;17184,88717224;0,00159562;-0,07092877
2022-06-23;17162,77272022;-0,00128685;-0,07212435
2022-06-24;17310,24868272;0,00859278;-0,06415131
2022-06-27;17303,76671097;-0,00037446;-0,06450175
2022-06-28;17207,09046008;-0,00558701;-0,06972839
2022-06-29;17189,35199170;-0,00103088;-0,07068739
2022-06-30;17063,98029253;-0,00729357;-0,07746539
2022-07-01;17089,37963677;0,00148848;-0,07609222
2022-07-05;16983,77235337;-0,00617970;-0,08180169
2022-07-06;16943,79353562;-0,00235394;-0,08396308
2022-07-07;17031,76645636;0,00519204;-0,07920697
2022-07-08;17046,44911096;0,00086207;-0,07841318
2022-07-11;16960,68260624;-0,00503134;-0,08305000
2022-07-12;16903,55144400;-0,00336845;-0,08613870
2022-07-13;16890,74261926;-0,00075776;-0,08683119
2022-07-14;16809,23609948;-0,00482551;-0,09123769
2022-07-15;16898,32489575;0,00529999;-0,08642126
2022-07-18;16876,76407248;-0,00127591;-0,08758691
2022-07-19;16987,73398595;0,00657531;-0,08158751
2022-07-20;17012,24956688;0,00144313;-0,08026212
2022-07-21;17146,47426414;0,00788989;-0,07300550
2022-07-22;17115,15151083;-0,00182678;-0,07469891
2022-07-25;17074,67503562;-0,00236495;-0,07688720
2022-07-26;16996,54855401;-0,00457558;-0,08111097
2022-07-27;17200,67554469;0,01200991;-0,07007520
2022-07-28;17344,95040997;0,00838774;-0,06227523
2022-07-29;17433,96417648;0,00513197;-0,05746285
2022-08-01;17459,28732711;0,00145252;-0,05609380
2022-08-02;17406,27983704;-0,00303606;-0,05895956
2022-08-03;17493,66341018;0,00502023;-0,05423531
2022-08-04;17613,42789297;0,00684616;-0,04776045
2022-08-05;17537,81107196;-0,00429313;-0,05184855
2022-08-08;17601,47265840;0,00362996;-0,04840679
2022-08-09;17584,00565722;-0,00099236;-0,04935112
2022-08-10;17633,96350701;0,00284110;-0,04665023
2022-08-11;17627,50319565;-0,00036636;-0,04699950
2022-08-12;17744,51697846;0,00663814;-0,04067335
2022-08-15;17689,85979829;-0,00308023;-0,04362830
2022-08-16;17678,97067939;-0,00061556;-0,04421700
2022-08-17;17614,70147141;-0,00363535;-0,04769160
2022-08-18;17628,13575377;0,00076267;-0,04696530
2022-08-19;17551,02787446;-0,00437414;-0,05113400
2022-08-22;17429,12480182;-0,00694564;-0,05772448
2022-08-23;17446,23084574;0,00098146;-0,05679967
2022-08-24;17486,10876948;0,00228576;-0,05464374
2022-08-25;17544,28706623;0,00332712;-0,05149843
2022-08-26;17372,62320105;-0,00978460;-0,06077914
2022-08-30;17244,57121700;-0,00737091;-0,06770205
2022-08-31;17176,19611214;-0,00396502;-0,07139864
2022-09-01;17087,46391116;-0,00516600;-0,07619579
2022-09-02;17175,19092035;0,00513400;-0,07145298
2022-09-06;17087,27495368;-0,00511878;-0,07620600
2022-09-07;17190,01417151;0,00601262;-0,07065159
2022-09-08;17186,13559643;-0,00022563;-0,07086127
2022-09-09;17275,88664676;0,00522229;-0,06600904
2022-09-12;17348,72401415;0,00421613;-0,06207121
2022-09-13;17139,98195595;-0,01203213;-0,07335649
2022-09-14;17090,69396511;-0,00287562;-0,07602116
2022-09-15;16939,01318400;-0,00887505;-0,08422152
2022-09-16;16937,01692060;-0,00011785;-0,08432944
2022-09-20;16913,05514562;-0,00141476;-0,08562490
2022-09-21;16937,23764456;0,00142981;-0,08431751
2022-09-22;16871,15686046;-0,00390151;-0,08789006
2022-09-23;16759,77055770;-0,00660217;-0,09391196
2022-09-26;16723,53810209;-0,00216187;-0,09587081
2022-09-27;16706,41205293;-0,00102407;-0,09679670
2022-09-28;16865,60709625;0,00952898;-0,08819009
2022-09-29;16744,63423533;-0,00717275;-0,09473028
2022-09-30;16716,61159394;-0,00167353;-0,09624528
2022-10-03;16879,01966482;0,00971537;-0,08746497
2022-10-04;17139,92306063;0,01545726;-0,07335968
2022-10-05;17132,78918776;-0,00041621;-0,07374536
2022-10-06;17186,12542033;0,00311311;-0,07086182
2022-10-07;16961,44481150;-0,01307337;-0,08300879
2022-10-10;16814,23637920;-0,00867900;-0,09096736
2022-10-11;16719,89315850;-0,00561091;-0,09606787
2022-10-12;16739,92087527;0,00119784;-0,09498510
2022-10-13;16651,05599573;-0,00530856;-0,09978943
2022-10-14;16626,51122424;-0,00147407;-0,10111640
2022-10-17;16664,92906662;0,00231064;-0,09903940
2022-10-18;16776,10420922;0,00667120;-0,09302891
2022-10-19;16733,02490286;-0,00256790;-0,09535792
2022-10-20;16730,99824027;-0,00012112;-0,09546749
2022-10-21;16848,42975636;0,00701880;-0,08911876
2022-10-24;16930,93733347;0,00489705;-0,08465813
2022-10-25;16985,23421220;0,00320696;-0,08172266
2022-10-26;16993,87640343;0,00050881;-0,08125544
2022-10-27;16913,58978557;-0,00472444;-0,08559599
2022-10-28;16943,52663878;0,00176999;-0,08397751
2022-10-31;16951,29556799;0,00045852;-0,08355749
2022-11-01;17001,27533923;0,00294843;-0,08085542
2022-11-02;16867,83354884;-0,00784893;-0,08806972
2022-11-03;16829,15635206;-0,00229296;-0,09016074
2022-11-04;16991,14359954;0,00962539;-0,08140318
2022-11-07;16977,85168526;-0,00078228;-0,08212178
2022-11-08;17168,71109422;0,01124167;-0,07180330
2022-11-09;17113,21100246;-0,00323263;-0,07480382
2022-11-10;17486,81582251;0,02183137;-0,05460552
2022-11-11;17573,94863906;0,00498277;-0,04989483
2022-11-14;17642,29292985;0,00388895;-0,04619992
2022-11-15;17651,11177233;0,00049987;-0,04572314
2022-11-16;17531,02511347;-0,00680335;-0,05221542
2022-11-17;17464,15389121;-0,00381445;-0,05583070
2022-11-18;17424,25705119;-0,00228450;-0,05798765
2022-11-21;17395,62100856;-0,00164346;-0,05953581
2022-11-22;17460,44062605;0,00372620;-0,05603145
2022-11-23;17486,60906610;0,00149873;-0,05461670
2022-11-25;17483,16268792;-0,00019709;-0,05480302
2022-11-28;17377,32019818;-0,00605397;-0,06052521
2022-11-29;17356,62135680;-0,00119114;-0,06164426
2022-11-30;17556,43980357;0,01151252;-0,05084142
2022-12-01;17673,95938438;0,00669382;-0,04448792
2022-12-02;17614,88713539;-0,00334233;-0,04768156
2022-12-05;17467,69844945;-0,00835593;-0,05563906
2022-12-06;17326,38902621;-0,00808976;-0,06327871
2022-12-07;17336,24429420;0,00056880;-0,06274591
2022-12-08;17413,54759825;0,00445906;-0,05856664
2022-12-09;17396,03733889;-0,00100555;-0,05951330
2022-12-12;17395,17185435;-0,00004975;-0,05956009
2022-12-13;17606,83322762;0,01216782;-0,04811698
2022-12-14;17551,77172976;-0,00312728;-0,05109379
2022-12-15;17256,94709096;-0,01679743;-0,06703297
2022-12-16;17221,97741373;-0,00202641;-0,06892355
2022-12-19;17150,60326186;-0,00414436;-0,07278227
2022-12-20;17246,63942524;0,00559958;-0,06759024
2022-12-21;17398,38071730;0,00879831;-0,05938661
2022-12-22;17201,15105329;-0,01133609;-0,07004949
2022-12-23;17236,98844493;0,00208343;-0,06811200
2022-12-28;17177,13193567;-0,00347256;-0,07134804
2022-12-29;17321,22290031;0,00838853;-0,06355801
2022-12-30;17321,31759013;0,00000547;-0,06355289
2023-01-03;17368,81935488;0,00274239;-0,06098479
2023-01-04;17485,48772462;0,00671712;-0,05467732
2023-01-05;17333,82693195;-0,00867352;-0,06287660
2023-01-06;17579,27933804;0,01416031;-0,04960664
2023-01-09;17633,78079820;0,00310032;-0,04666011
2023-01-10;17656,74131482;0,00130208;-0,04541879
2023-01-11;17714,32144294;0,00326108;-0,04230582
2023-01-12;17862,39319978;0,00835887;-0,03430058
2023-01-13;17995,73742596;0,00746508;-0,02709155
2023-01-17;17935,32081936;-0,00335727;-0,03035787
2023-01-18;17854,96882259;-0,00448010;-0,03470196
2023-01-19;17966,28559238;0,00623450;-0,02868381
2023-01-20;17992,56236530;0,00146256;-0,02726320
2023-01-23;18095,38792660;0,00571489;-0,02170412
2023-01-24;18139,38806414;0,00243157;-0,01932533
2023-01-25;18168,62600318;0,00161185;-0,01774463
2023-01-26;18114,56454688;-0,00297554;-0,02066737
2023-01-27;18127,20017056;0,00069754;-0,01998424
2023-01-30;18056,35331623;-0,00390832;-0,02381446
2023-01-31;18133,51966996;0,00427364;-0,01964259
2023-02-01;18326,46748553;0,01064040;-0,00921120
2023-02-02;18243,91826541;-0,00450437;-0,01367408
2023-02-03;18038,46325159;-0,01126156;-0,02478165
2023-02-06;18017,15200567;-0,00118143;-0,02593381
2023-02-07;18062,60749328;0,00252290;-0,02347634
2023-02-08;18058,89439154;-0,00020557;-0,02367708
2023-02-09;17972,21400846;-0,00479987;-0,02836330
2023-02-10;17966,66193634;-0,00030893;-0,02866347
2023-02-13;17968,50319342;0,00010248;-0,02856392
2023-02-14;17963,79075839;-0,00026226;-0,02881869
2023-02-15;17925,45076516;-0,00213429;-0,03089148
2023-02-16;17899,61756673;-0,00144115;-0,03228810
2023-02-17;17869,48870111;-0,00168321;-0,03391697
2023-02-21;17747,69164687;-0,00681592;-0,04050172
2023-02-22;17702,99139994;-0,00251865;-0,04291836
2023-02-23;17722,62660153;0,00110915;-0,04185681
2023-02-24;17625,87155967;-0,00545941;-0,04708771
2023-02-27;17671,34108934;0,00257970;-0,04462948
2023-02-28;17687,39519173;0,00090848;-0,04376154
2023-03-01;17738,90446351;0,00291220;-0,04097678
2023-03-02;17767,97277671;0,00163868;-0,03940525
2023-03-03;17913,12398957;0,00816926;-0,03155790
2023-03-06;17904,22079510;-0,00049702;-0,03203924
2023-03-07;17754,91216919;-0,00833930;-0,04011135
2023-03-08;17766,89068496;0,00067466;-0,03946375
2023-03-09;17792,60565771;0,00144735;-0,03807352
2023-03-10;17849,47442766;0,00319620;-0,03499901
2023-03-13;17961,63674613;0,00628379;-0,02893514
2023-03-14;17986,28333438;0,00137218;-0,02760267
2023-03-15;18005,28406072;0,00105640;-0,02657543
2023-03-16;18105,56306503;0,00556942;-0,02115402
2023-03-17;18291,64840466;0,01027780;-0,01109363
2023-03-20;18292,92672269;0,00006989;-0,01102452
2023-03-21;18216,45624715;-0,00418033;-0,01515877
2023-03-22;18324,65528674;0,00593963;-0,00930917
2023-03-23;18433,09771843;0,00591784;-0,00344642
2023-03-24;18329,32753376;-0,00562956;-0,00905658
2023-03-27;18267,50212125;-0,00337303;-0,01239906
2023-03-28;18308,46124951;0,00224219;-0,01018468
2023-03-29;18334,24790034;0,00140846;-0,00879057
2023-03-30;18439,22106393;0,00572552;-0,00311537
2023-03-31;18443,05023696;0,00020766;-0,00290836
2023-04-03;18506,58410853;0,00344487;0,00000000
2023-04-04;18546,27378377;0,00214462;0,00000000
2023-04-05;18510,83259943;-0,00191096;-0,00191096
2023-04-06;18502,20892812;-0,00046587;-0,00237594
2023-04-11;18511,14225250;0,00048282;-0,00189426
2023-04-12;18521,63206217;0,00056668;-0,00132866
2023-04-13;18625,38107876;0,00560151;0,00000000
2023-04-14;18569,38517818;-0,00300643;-0,00300643
2023-04-17;18576,61872285;0,00038954;-0,00261806
2023-04-18;18599,85222249;0,00125069;-0,00137065
2023-04-19;18553,96518896;-0,00246706;-0,00383433
2023-04-20;18555,57367526;0,00008669;-0,00374797
2023-04-21;18509,83257914;-0,00246509;-0,00620382
2023-04-24;18505,34419942;-0,00024249;-0,00644480
2023-04-25;18484,58951888;-0,00112155;-0,00755912
2023-04-26;18434,90955675;-0,00268764;-0,01022645
2023-04-27;18482,40655608;0,00257647;-0,00767633
2023-04-28;18522,22310959;0,00215429;-0,00553857
2023-05-02;18550,54396385;0,00152902;-0,00401802
2023-05-03;18578,59658883;0,00151223;-0,00251187
2023-05-04;18544,52887065;-0,00183371;-0,00434097
2023-05-05;18553,82326160;0,00050119;-0,00384195
2023-05-09;18585,71949359;0,00171912;-0,00212944
2023-05-10;18604,97852391;0,00103623;-0,00109542
2023-05-11;18590,49593723;-0,00077843;-0,00187299
2023-05-12;18587,65922715;-0,00015259;-0,00202529
2023-05-15;18611,98904263;0,00130892;-0,00071902
2023-05-16;18551,86676180;-0,00323030;-0,00394700
2023-05-17;18560,61344325;0,00047147;-0,00347739
2023-05-18;18603,06723574;0,00228731;-0,00119803
2023-05-19;18648,11123824;0,00242132;0,00000000
2023-05-22;18671,09062372;0,00123226;0,00000000
2023-05-23;18625,40715396;-0,00244675;-0,00244675
2023-05-24;18512,13634852;-0,00608152;-0,00851339
2023-05-25;18559,12023867;0,00253800;-0,00599699
2023-05-26;18690,18097715;0,00706180;0,00000000
2023-05-30;18699,54059878;0,00050078;0,00000000
2023-05-31;18640,53770022;-0,00315531;-0,00315531
2023-06-01;18707,83763102;0,00361041;0,00000000
2023-06-02;18632,75002444;-0,00401370;-0,00401370
2023-06-05;18700,77589585;0,00365088;-0,00037747
2023-06-06;18712,94869806;0,00065092;0,00000000
2023-06-07;18549,74712170;-0,00872132;-0,00872132
2023-06-08;18688,06887293;0,00745680;-0,00132955
2023-06-09;18668,71952282;-0,00103539;-0,00236356
2023-06-12;18728,91202765;0,00322424;0,00000000
2023-06-13;18677,57299791;-0,00274116;-0,00274116
2023-06-14;18701,59376776;0,00128608;-0,00145861
2023-06-15;18791,79245928;0,00482305;0,00000000
2023-06-16;18761,87122173;-0,00159225;-0,00159225
2023-06-20;18620,34326684;-0,00754338;-0,00912362
2023-06-21;18579,38025740;-0,00219991;-0,01130346
2023-06-22;18484,67383849;-0,00509739;-0,01634323
2023-06-23;18471,81796379;-0,00069549;-0,01702735
2023-06-26;18476,16128612;0,00023513;-0,01679622
2023-06-27;18470,97343318;-0,00028079;-0,01707230
2023-06-28;18493,35504873;0,00121172;-0,01588126
2023-06-29;18503,70316739;0,00055956;-0,01533059
2023-06-30;18614,00527970;0,00596108;-0,00946090
2023-07-03;18631,56908520;0,00094358;-0,00852624
2023-07-05;18568,52819337;-0,00338355;-0,01188095
2023-07-06;18485,05444818;-0,00449544;-0,01632298
2023-07-07;18545,91773193;0,00329257;-0,01308416
2023-07-10;18556,08422022;0,00054818;-0,01254315
2023-07-11;18599,94295591;0,00236358;-0,01020922
2023-07-12;18790,25691960;0,01023196;-0,00008171
2023-07-13;18815,42414719;0,00133938;0,00000000
2023-07-14;18786,47949749;-0,00153835;-0,00153835
2023-07-17;18821,28498989;0,00185269;0,00000000
2023-07-18;18979,10550317;0,00838521;0,00000000
2023-07-19;19043,44992632;0,00339028;0,00000000
2023-07-20;18948,59293364;-0,00498108;-0,00498108
2023-07-21;18913,95107129;-0,00182820;-0,00680018
2023-07-24;18881,23880459;-0,00172953;-0,00851795
2023-07-25;18957,30479328;0,00402865;-0,00452361
2023-07-26;18970,06222881;0,00067296;-0,00385370
2023-07-27;18839,77268286;-0,00686817;-0,01069540
2023-07-28;18945,81539359;0,00562866;-0,00512694
2023-07-31;18972,76868431;0,00142265;-0,00371158
2023-08-01;18883,73237416;-0,00469285;-0,00838701
2023-08-02;18787,04985419;-0,00511988;-0,01346395
2023-08-03;18764,77240769;-0,00118579;-0,01463377
2023-08-04;18766,60942932;0,00009790;-0,01453731
2023-08-07;18744,44622152;-0,00118099;-0,01570113
2023-08-08;18691,79323696;-0,00280899;-0,01846602
2023-08-09;18652,24531693;-0,00211579;-0,02054274
2023-08-10;18673,77292792;0,00115416;-0,01941229
2023-08-11;18634,63016105;-0,00209614;-0,02146774
2023-08-14;18658,78372433;0,00129617;-0,02019940
2023-08-15;18598,94669068;-0,00320691;-0,02334153
2023-08-16;18541,69557486;-0,00307819;-0,02634787
2023-08-17;18494,59446213;-0,00254028;-0,02882122
2023-08-18;18478,20792008;-0,00088602;-0,02968170
2023-08-21;18529,58528005;0,00278043;-0,02698380
2023-08-22;18556,97248777;0,00147803;-0,02554566
2023-08-23;18665,18658182;0,00583145;-0,01986317
2023-08-24;18627,69676383;-0,00200854;-0,02183182
2023-08-25;18641,49349643;0,00074066;-0,02110733
2023-08-29;18807,23907913;0,00889122;-0,01240378
2023-08-30;18832,68993069;0,00135325;-0,01106732
2023-08-31;18853,38608698;0,00109895;-0,00998054
2023-09-01;18877,09418258;0,00125750;-0,00873559
2023-09-05;18844,59214732;-0,00172177;-0,01044232
2023-09-06;18790,91212966;-0,00284856;-0,01326114
2023-09-07;18770,51405923;-0,00108553;-0,01433227
2023-09-08;18787,79173795;0,00092047;-0,01342499
2023-09-11;18801,28028396;0,00071794;-0,01271669
2023-09-12;18756,42337949;-0,00238584;-0,01507219
2023-09-13;18747,93045838;-0,00045280;-0,01551817
2023-09-14;18802,26887502;0,00289837;-0,01266478
2023-09-15;18796,88851552;-0,00028615;-0,01294731
2023-09-18;18824,58834149;0,00147364;-0,01149275
2023-09-19;18803,64286745;-0,00111267;-0,01259263
2023-09-20;18797,76866856;-0,00031240;-0,01290109
2023-09-21;18698,72833984;-0,00526873;-0,01810185
2023-09-22;18725,96011631;0,00145634;-0,01667186
2023-09-25;18694,28425090;-0,00169155;-0,01833521
2023-09-26;18610,03479900;-0,00450670;-0,02275928
2023-09-27;18550,51682821;-0,00319817;-0,02588465
2023-09-28;18539,64452126;-0,00058609;-0,02645557
2023-09-29;18504,60652341;-0,00188990;-0,02829547
2023-10-02;18467,54357715;-0,00200290;-0,03024170
2023-10-03;18376,30500723;-0,00494048;-0,03503278
2023-10-04;18384,55528010;0,00044896;-0,03459954
2023-10-05;18374,41922348;-0,00055134;-0,03513180
2023-10-06;18466,12001029;0,00499068;-0,03031646
2023-10-09;18665,01718159;0,01077092;-0,01987207
2023-10-10;18695,23383754;0,00161889;-0,01828535
2023-10-11;18765,16685667;0,00374069;-0,01461306
2023-10-12;18767,31364796;0,00011440;-0,01450033
2023-10-13;19030,99725552;0,01405015;-0,00065391
2023-10-16;19017,83755147;-0,00069149;-0,00134494
2023-10-17;19027,02346053;0,00048302;-0,00086258
2023-10-18;19131,36224871;0,00548372;0,00000000
2023-10-19;19223,84059443;0,00483386;0,00000000
2023-10-20;19168,85979243;-0,00286003;-0,00286003
2023-10-23;19123,26774671;-0,00237844;-0,00523167
2023-10-24;19151,07466247;0,00145409;-0,00378519
2023-10-25;19168,90523073;0,00093105;-0,00285767
2023-10-26;19121,37076459;-0,00247977;-0,00533035
2023-10-27;19233,75898202;0,00587762;0,00000000
2023-10-30;19200,67906754;-0,00171989;-0,00171989
2023-10-31;19177,38446636;-0,00121322;-0,00293102
2023-11-01;19203,92295327;0,00138384;-0,00155123
2023-11-02;19315,06518053;0,00578748;0,00000000
2023-11-03;19355,97290937;0,00211792;0,00000000
2023-11-06;19311,33444586;-0,00230619;-0,00230619
2023-11-07;19331,24658389;0,00103111;-0,00127745
2023-11-08;19275,94100711;-0,00286094;-0,00413474
2023-11-09;19316,17474464;0,00208725;-0,00205612
2023-11-10;19299,28979299;-0,00087414;-0,00292846
2023-11-13;19339,46540256;0,00208171;-0,00085284
2023-11-14;19445,92868975;0,00550498;0,00000000
2023-11-15;19455,12014693;0,00047267;0,00000000
2023-11-16;19524,23849098;0,00355271;0,00000000
2023-11-17;19539,36220513;0,00077461;0,00000000
2023-11-20;19559,11280995;0,00101081;0,00000000
2023-11-21;19601,26247784;0,00215499;0,00000000
2023-11-22;19614,62746241;0,00068184;0,00000000
2023-11-24;19617,00124545;0,00012102;0,00000000
2023-11-27;19659,53807023;0,00216837;0,00000000
2023-11-28;19737,16126234;0,00394837;0,00000000
2023-11-29;19750,81698459;0,00069188;0,00000000
2023-11-30;19732,87533055;-0,00090840;-0,00090840
2023-12-01;19868,60798350;0,00687850;0,00000000
2023-12-04;19706,66358945;-0,00815077;-0,00815077
2023-12-05;19709,28483851;0,00013301;-0,00801884
2023-12-06;19723,67548647;0,00073015;-0,00729455
2023-12-07;19767,07230187;0,00220024;-0,00511036
2023-12-08;19722,18320471;-0,00227090;-0,00736965
2023-12-11;19686,16462679;-0,00182630;-0,00918249
2023-12-12;19707,44057469;0,00108076;-0,00811166
2023-12-13;19878,39470725;0,00867460;0,00000000
2023-12-14;19908,35295705;0,00150708;0,00000000
2023-12-15;19879,38009633;-0,00145531;-0,00145531
2023-12-18;19931,11783183;0,00260258;0,00000000
2023-12-19;19974,01233988;0,00215214;0,00000000
2023-12-20;19940,48308211;-0,00167864;-0,00167864
2023-12-21;19990,70753053;0,00251872;0,00000000
2023-12-22;20015,50827514;0,00124061;0,00000000
2023-12-27;20107,71123106;0,00460658;0,00000000
2023-12-28;20094,59309945;-0,00065239;-0,00065239
2023-12-29;20079,72752323;-0,00073978;-0,00139169
2024-01-02;20008,89096936;-0,00352776;-0,00491455
2024-01-03;19865,75143216;-0,00715380;-0,01203318
2024-01-04;19854,19810726;-0,00058157;-0,01260776
2024-01-05;19810,36442539;-0,00220778;-0,01478770
2024-01-08;19827,32471737;0,00085613;-0,01394423
2024-01-09;19888,49241775;0,00308502;-0,01090223
2024-01-10;19910,34855469;0,00109893;-0,00981527
2024-01-11;19903,39535077;-0,00034923;-0,01016107
2024-01-12;20005,81937366;0,00514606;-0,00506730
2024-01-16;19985,18092152;-0,00103162;-0,00609370
2024-01-17;19832,66647019;-0,00763138;-0,01367857
2024-01-18;19949,03553712;0,00586755;-0,00789129
2024-01-19;20064,67406834;0,00579670;-0,00214033
2024-01-22;20118,53857585;0,00268454;0,00000000
2024-01-23;20151,43002192;0,00163488;0,00000000
2024-01-24;20164,38336371;0,00064280;0,00000000
2024-01-25;20212,13310329;0,00236802;0,00000000
2024-01-26;20201,20421861;-0,00054071;-0,00054071
2024-01-29;20274,29609829;0,00361819;0,00000000
2024-01-30;20322,76497419;0,00239066;0,00000000
2024-01-31;20201,04354936;-0,00598941;-0,00598941
2024-02-01;20256,30229414;0,00273544;-0,00327036
2024-02-02;20267,93196537;0,00057413;-0,00269811
2024-02-05;20247,01321311;-0,00103211;-0,00372743
2024-02-06;20285,59189670;0,00190540;-0,00182913
2024-02-07;20318,83460279;0,00163873;-0,00019340
2024-02-08;20325,89987887;0,00034772;0,00000000
2024-02-09;20332,13566585;0,00030679;0,00000000
2024-02-12;20338,39277775;0,00030774;0,00000000
2024-02-13;20116,95446881;-0,01088770;-0,01088770
2024-02-14;20162,33243472;0,00225571;-0,00865655
2024-02-15;20250,45925581;0,00437086;-0,00432352
2024-02-16;20288,96430734;0,00190144;-0,00243030
2024-02-20;20262,88654886;-0,00128532;-0,00371250
2024-02-21;20251,15080006;-0,00057917;-0,00428952
2024-02-22;20393,45148002;0,00702679;0,00000000
2024-02-23;20447,70611066;0,00266039;0,00000000
2024-02-26;20424,21218271;-0,00114898;-0,00114898
2024-02-27;20408,58189293;-0,00076528;-0,00191338
2024-02-28;20423,45503466;0,00072877;-0,00118600
2024-02-29;20493,63867425;0,00343642;0,00000000
2024-03-01;20740,17163055;0,01202973;0,00000000
2024-03-04;20878,76836263;0,00668253;0,00000000
2024-03-05;20843,28216674;-0,00169963;-0,00169963
2024-03-06;20954,57015606;0,00533927;0,00000000
2024-03-07;21056,69300701;0,00487354;0,00000000
2024-03-08;21086,07812375;0,00139552;0,00000000
2024-03-11;21076,21618522;-0,00046770;-0,00046770
2024-03-12;21067,87405364;-0,00039581;-0,00086332
2024-03-13;21117,31310534;0,00234666;0,00000000
2024-03-14;21074,77025763;-0,00201460;-0,00201460
2024-03-15;20993,95956775;-0,00383448;-0,00584135
2024-03-18;21056,41369171;0,00297486;-0,00288386
2024-03-19;21063,74016828;0,00034795;-0,00253692
2024-03-20;21205,69768045;0,00673943;0,00000000
2024-03-21;21295,52706104;0,00423610;0,00000000
2024-03-22;21223,67622559;-0,00337399;-0,00337399
2024-03-25;21218,16784697;-0,00025954;-0,00363265
2024-03-26;21257,35241100;0,00184675;-0,00179261
2024-03-27;21328,13456846;0,00332977;0,00000000
2024-03-28;21460,31288785;0,00619737;0,00000000
2024-04-02;21660,36267551;0,00932185;0,00000000
2024-04-03;21758,06218898;0,00451052;0,00000000
2024-04-04;21683,21992428;-0,00343975;-0,00343975
2024-04-05;21834,54582914;0,00697894;0,00000000
2024-04-08;21903,72398118;0,00316829;0,00000000
2024-04-09;21932,68389751;0,00132215;0,00000000
2024-04-10;21830,86776614;-0,00464221;-0,00464221
2024-04-11;22066,61481532;0,01079879;0,00000000
2024-04-12;21924,27978195;-0,00645024;-0,00645024
2024-04-15;22058,18677714;0,00610770;-0,00038194
2024-04-16;21997,20571877;-0,00276455;-0,00314543
2024-04-17;21871,18484668;-0,00572895;-0,00885636
2024-04-18;21899,62611968;0,00130040;-0,00756748
2024-04-19;21870,50585960;-0,00132971;-0,00888713
2024-04-22;21667,23118458;-0,00929447;-0,01809900
2024-04-23;21703,23565590;0,00166170;-0,01646737
2024-04-24;21702,35331577;-0,00004065;-0,01650736
2024-04-25;21682,40215239;-0,00091931;-0,01741149
2024-04-26;21823,07823080;0,00648803;-0,01103643
2024-04-29;21793,32717739;-0,00136328;-0,01238467
2024-04-30;21540,49323999;-0,01160144;-0,02384242
2024-05-01;21568,83796241;0,00131588;-0,02255792
2024-05-02;21596,77804159;0,00129539;-0,02129175
2024-05-03;21712,55726291;0,00536095;-0,01604494
2024-05-07;21866,27307420;0,00707958;-0,00907895
2024-05-08;21865,10905163;-0,00005323;-0,00913170
2024-05-09;22004,57191694;0,00637833;-0,00281162
2024-05-10;22088,54260405;0,00381606;0,00000000
2024-05-13;22000,70617719;-0,00397656;-0,00397656
2024-05-14;22074,46835021;0,00335272;-0,00063717
2024-05-15;22253,09658933;0,00809207;0,00000000
2024-05-16;22245,94758826;-0,00032126;-0,00032126
2024-05-17;22328,06848733;0,00369150;0,00000000
2024-05-20;22415,48756798;0,00391521;0,00000000
2024-05-21;22383,90029060;-0,00140917;-0,00140917
2024-05-22;22233,64117238;-0,00671282;-0,00811253
2024-05-23;22062,87492330;-0,00768053;-0,01573076
2024-05-24;22067,10485282;0,00019172;-0,01554205
2024-05-28;22136,18521079;0,00313047;-0,01246024
2024-05-29;22026,26368880;-0,00496569;-0,01736406
2024-05-30;21976,32920343;-0,00226704;-0,01959174
2024-05-31;21909,79052926;-0,00302774;-0,02256016
2024-06-03;22021,56519554;0,00510159;-0,01757367
2024-06-04;21928,22127106;-0,00423875;-0,02173793
2024-06-05;22162,39672675;0,01067918;-0,01129089
2024-06-06;22251,33390715;0,00401298;-0,00732323
2024-06-07;21969,66424432;-0,01265855;-0,01988908
2024-06-10;22036,37581136;0,00303653;-0,01691294
2024-06-11;22084,81968334;0,00219836;-0,01475176
2024-06-12;22209,26726174;0,00563498;-0,00919990
2024-06-13;22139,90561953;-0,00312309;-0,01229427
2024-06-14;22281,53519287;0,00639703;-0,00597588
2024-06-17;22285,20510900;0,00016471;-0,00581216
2024-06-18;22377,02826264;0,00412036;-0,00171575
2024-06-20;22498,22934511;0,00541632;0,00000000
2024-06-21;22334,98117669;-0,00725605;-0,00725605
2024-06-24;22328,54471912;-0,00028818;-0,00754213
2024-06-25;22310,79327053;-0,00079501;-0,00833115
2024-06-26;22242,29596331;-0,00307014;-0,01137571
2024-06-27;22342,72115561;0,00451506;-0,00691202
2024-06-28;22382,37417387;0,00177476;-0,00514952
2024-07-01;22385,73805042;0,00015029;-0,00500001
2024-07-02;22392,62948620;0,00030785;-0,00469370
2024-07-03;22507,88506550;0,00514703;0,00000000
2024-07-05;22611,94079016;0,00462308;0,00000000
2024-07-08;22557,07158306;-0,00242656;-0,00242656
2024-07-09;22582,94506009;0,00114702;-0,00128232
2024-07-10;22647,71895031;0,00286827;0,00000000
2024-07-11;22676,68508491;0,00127899;0,00000000
2024-07-12;22716,59456115;0,00175993;0,00000000
2024-07-15;22748,72075011;0,00141422;0,00000000
2024-07-16;22874,57990617;0,00553258;0,00000000
2024-07-17;22686,01267471;-0,00824353;-0,00824353
2024-07-18;22607,48497442;-0,00346150;-0,01167650
2024-07-19;22431,02875335;-0,00780521;-0,01939057
2024-07-22;22512,49936393;0,00363205;-0,01582895
2024-07-23;22582,43797225;0,00310666;-0,01277147
2024-07-24;22336,38614986;-0,01089572;-0,02352803
2024-07-25;22205,25237909;-0,00587086;-0,02926076
2024-07-26;22321,98990440;0,00525720;-0,02415738
2024-07-29;22311,28944130;-0,00047937;-0,02462517
2024-07-30;22323,25049499;0,00053610;-0,02410227
2024-07-31;22639,06400715;0,01414729;-0,01029597
2024-08-01;22482,22292952;-0,00692790;-0,01715253
2024-08-02;22103,06407314;-0,01686483;-0,03372809
2024-08-05;21792,06351743;-0,01407047;-0,04732399
2024-08-06;21871,40686273;0,00364093;-0,04385536
2024-08-07;21928,19861963;0,00259662;-0,04137262
2024-08-08;22112,68350351;0,00841313;-0,03330756
2024-08-09;22162,67601866;0,00226081;-0,03112205
2024-08-12;22314,38667231;0,00684532;-0,02448977
2024-08-13;22465,04196625;0,00675149;-0,01790363
2024-08-14;22501,09271472;0,00160475;-0,01632761
2024-08-15;22724,72830083;0,00993888;-0,00655101
2024-08-16;22861,93966418;0,00603798;-0,00055259
2024-08-19;22934,61672533;0,00317895;0,00000000
2024-08-20;22930,49208294;-0,00017984;-0,00017984
2024-08-21;22945,46466539;0,00065296;0,00000000
2024-08-22;22770,68643002;-0,00761711;-0,00761711
2024-08-23;22881,59576142;0,00487071;-0,00278351
2024-08-27;22866,91150456;-0,00064175;-0,00342347
2024-08-28;22763,51547523;-0,00452164;-0,00792964
2024-08-29;22856,83439637;0,00409950;-0,00386265
2024-08-30;22830,34070002;-0,00115911;-0,00501729
2024-09-03;22629,19826526;-0,00881031;-0,01378339
2024-09-04;22516,12174609;-0,00499693;-0,01871145
2024-09-05;22505,02079128;-0,00049302;-0,01919525
2024-09-06;22267,83818767;-0,01053910;-0,02953204
2024-09-09;22455,58218888;0,00843117;-0,02134986
2024-09-10;22544,79156199;0,00397270;-0,01746197
2024-09-11;22614,26027442;0,00308136;-0,01443442
2024-09-12;22904,06254172;0,01281502;-0,00180437
2024-09-13;23048,38010645;0,00630096;0,00000000
2024-09-16;22983,97570611;-0,00279431;-0,00279431
2024-09-17;23020,42790444;0,00158598;-0,00121276
2024-09-18;22867,83260845;-0,00662869;-0,00783341
2024-09-19;23166,47651634;0,01305956;0,00000000
2024-09-20;23173,29215277;0,00029420;0,00000000
2024-09-23;23185,00791108;0,00050557;0,00000000
2024-09-24;23305,97555460;0,00521749;0,00000000
2024-09-25;23332,11769604;0,00112169;0,00000000
2024-09-26;23406,78054702;0,00320000;0,00000000
2024-09-27;23356,30304055;-0,00215653;-0,00215653
2024-09-30;23269,96790483;-0,00369644;-0,00584500
2024-10-01;23295,74215165;0,00110762;-0,00474386
2024-10-02;23332,25356383;0,00156730;-0,00318399
2024-10-03;23401,30701287;0,00295957;-0,00023384
2024-10-04;23435,46879574;0,00145982;0,00000000
2024-10-07;23452,24214212;0,00071572;0,00000000
2024-10-08;23420,57716141;-0,00135019;-0,00135019
2024-10-09;23475,03445516;0,00232519;0,00000000
2024-10-10;23546,63015898;0,00304987;0,00000000
2024-10-11;23654,00585126;0,00456013;0,00000000
2024-10-14;23731,31527807;0,00326834;0,00000000
2024-10-15;23654,26803873;-0,00324665;-0,00324665
2024-10-16;23727,06367246;0,00307748;-0,00017916
2024-10-17;23823,50279091;0,00406452;0,00000000
2024-10-18;23888,12008159;0,00271233;0,00000000
2024-10-21;23872,71635860;-0,00064483;-0,00064483
2024-10-22;23948,63030883;0,00317995;0,00000000
2024-10-23;23796,55157108;-0,00635021;-0,00635021
2024-10-24;23849,17294544;0,00221130;-0,00415295
2024-10-25;23912,32658879;0,00264804;-0,00151590
2024-10-28;23904,44413916;-0,00032964;-0,00184504
2024-10-29;23989,47055616;0,00355693;0,00000000
2024-10-30;23994,56712578;0,00021245;0,00000000
2024-10-31;23751,56651117;-0,01012732;-0,01012732
2024-11-01;23743,46478482;-0,00034110;-0,01046497
2024-11-04;23732,94652450;-0,00044300;-0,01090333
2024-11-05;23816,47264482;0,00351942;-0,00742228
2024-11-06;23756,82651680;-0,00250441;-0,00990810
2024-11-07;23989,92132026;0,00981170;-0,00019362
2024-11-08;23952,14500508;-0,00157467;-0,00176799
2024-11-11;23762,05934410;-0,00793606;-0,00969002
2024-11-12;23702,62843744;-0,00250108;-0,01216687
2024-11-13;23618,57181396;-0,00354630;-0,01567002
2024-11-14;23584,83837980;-0,00142826;-0,01707590
2024-11-15;23433,88685811;-0,00640036;-0,02336697
2024-11-18;23625,60085352;0,00818106;-0,01537708
2024-11-19;23725,19117421;0,00421536;-0,01122654
2024-11-20;23760,56968427;0,00149118;-0,00975210
2024-11-21;23939,68706723;0,00753843;-0,00228719
2024-11-22;24107,69763155;0,00701808;0,00000000
2024-11-25;23859,10014082;-0,01031195;-0,01031195
2024-11-26;23900,57139182;0,00173817;-0,00859171
2024-11-27;23816,21314304;-0,00352955;-0,01209093
2024-11-29;23960,17241729;0,00604459;-0,00611942
2024-12-02;23954,02030799;-0,00025676;-0,00637462
2024-12-03;23981,44957456;0,00114508;-0,00523684
2024-12-04;24069,86700165;0,00368691;-0,00156923
2024-12-05;23991,65634728;-0,00324932;-0,00481345
2024-12-06;24010,73334420;0,00079515;-0,00402213
2024-12-09;24044,85057574;0,00142092;-0,00260693
2024-12-10;24100,40494535;0,00231045;-0,00030250
2024-12-11;24250,53952834;0,00622955;0,00000000
2024-12-12;24120,81529046;-0,00534933;-0,00534933
2024-12-13;24035,97351275;-0,00351737;-0,00884789
2024-12-16;24071,77796716;0,00148962;-0,00737145
2024-12-17;24002,84044400;-0,00286383;-0,01021417
2024-12-18;23739,43228222;-0,01097404;-0,02107612
2024-12-19;23680,65923353;-0,00247576;-0,02349970
2024-12-20;23831,33592356;0,00636286;-0,01728636
2024-12-23;23834,86677159;0,00014816;-0,01714076
2024-12-24;23915,21765532;0,00337115;-0,01382740
2024-12-27;23858,21891009;-0,00238337;-0,01617781
2024-12-30;23770,63005013;-0,00367122;-0,01978964
2024-12-31;23808,15110562;0,00157846;-0,01824242
2025-01-02;23964,14725796;0,00655222;-0,01180973
2025-01-03;23936,51968812;-0,00115287;-0,01294898
2025-01-06;24016,79003664;0,00335347;-0,00963894
2025-01-07;23952,17624317;-0,00269036;-0,01230337
2025-01-08;24030,11614941;0,00325398;-0,00908942
2025-01-10;24027,44420996;-0,00011119;-0,00919960
2025-01-13;23929,98824086;-0,00405603;-0,01321832
2025-01-14;24006,61727000;0,00320222;-0,01005843
2025-01-15;24199,05817448;0,00801616;-0,00212290
2025-01-16;24260,85263164;0,00255359;0,00000000
2025-01-17;24365,16634608;0,00429967;0,00000000
2025-01-21;24452,96814369;0,00360358;0,00000000
2025-01-22;24611,05196524;0,00646481;0,00000000
2025-01-23;24596,26011045;-0,00060102;-0,00060102
2025-01-24;24568,06777731;-0,00114620;-0,00174654
2025-01-27;24248,10625645;-0,01302347;-0,01474727
2025-01-28;24436,82249861;0,00778272;-0,00707932
2025-01-29;24417,13930402;-0,00080547;-0,00787909
2025-01-30;24530,93284210;0,00466040;-0,00325541
2025-01-31;24611,12950813;0,00326921;0,00000000
2025-02-03;24490,08062386;-0,00491846;-0,00491846
2025-02-04;24600,92186591;0,00452596;-0,00041476
2025-02-05;24657,14609000;0,00228545;0,00000000
2025-02-06;24798,22242454;0,00572152;0,00000000
2025-02-07;24761,85682107;-0,00146646;-0,00146646
2025-02-10;24960,34834978;0,00801602;0,00000000
2025-02-11;24916,23777454;-0,00176723;-0,00176723
2025-02-12;24865,18140780;-0,00204912;-0,00381272
2025-02-13;24996,50695369;0,00528150;0,00000000
2025-02-14;24876,18434170;-0,00481358;-0,00481358
2025-02-18;25026,12819638;0,00602761;0,00000000
2025-02-19;25050,84256166;0,00098754;0,00000000
2025-02-20;24954,18577813;-0,00385842;-0,00385842
2025-02-21;24870,13023046;-0,00336839;-0,00721382
2025-02-24;24770,30312761;-0,00401394;-0,01119880
2025-02-25;24503,67134509;-0,01076417;-0,02184243
2025-02-26;24650,14360481;0,00597756;-0,01599543
2025-02-27;24434,23997939;-0,00875872;-0,02461405
2025-02-28;24338,44859422;-0,00392038;-0,02843792
2025-03-03;24387,68082905;0,00202282;-0,02647263
2025-03-04;24385,96931418;-0,00007018;-0,02654095
2025-03-05;24436,38407981;0,00206737;-0,02452846
2025-03-06;24324,30207968;-0,00458669;-0,02900264
2025-03-07;24294,95551775;-0,00120647;-0,03017412
2025-03-10;24057,76539020;-0,00976294;-0,03964247
2025-03-11;24152,46984290;0,00393654;-0,03586198
2025-03-12;24268,43970944;0,00480157;-0,03123260
2025-03-13;24443,81570269;0,00722650;-0,02423179
2025-03-14;24570,03727521;0,00516374;-0,01919318
2025-03-17;24678,85526404;0,00442889;-0,01484929
2025-03-18;24803,58489431;0,00505411;-0,00987023
2025-03-19;24919,38394061;0,00466864;-0,00524767
2025-03-20;24889,38151104;-0,00120398;-0,00644533
2025-03-21;24772,10596636;-0,00471187;-0,01112684
2025-03-24;24799,01990502;0,00108646;-0,01005246
2025-03-25;24880,01365334;0,00326601;-0,00681929
2025-03-26;24807,48246620;-0,00291524;-0,00971465
2025-03-27;24950,88273278;0,00578052;-0,00399028
2025-03-28;24956,81042312;0,00023757;-0,00375365
2025-03-31;25146,00214183;0,00758077;0,00000000
2025-04-01;25180,71782403;0,00138056;0,00000000
2025-04-02;25214,51636846;0,00134224;0,00000000
2025-04-03;24848,11183592;-0,01453149;-0,01453149
2025-04-04;24319,75028131;-0,02126365;-0,03548615
2025-04-07;24031,08884282;-0,01186942;-0,04693437
2025-04-08;24142,49839691;0,00463606;-0,04251590
2025-04-09;24667,73226961;0,02175557;-0,02168529
2025-04-10;24987,21694155;0,01295152;-0,00901463
2025-04-11;25241,25436092;0,01016670;0,00000000
2025-04-14;25256,99015091;0,00062342;0,00000000
2025-04-15;25338,13265054;0,00321267;0,00000000
2025-04-16;25643,81088428;0,01206396;0,00000000
2025-04-17;25538,58844155;-0,00410323;-0,00410323
2025-04-22;25713,47269085;0,00684784;0,00000000
2025-04-23;25559,22659127;-0,00599865;-0,00599865
2025-04-24;25833,26455114;0,01072168;0,00000000
2025-04-25;25742,51037549;-0,00351307;-0,00351307
2025-04-28;25906,83409092;0,00638336;0,00000000
2025-04-29;25815,76664070;-0,00351519;-0,00351519
2025-04-30;25739,17535765;-0,00296684;-0,00647160
2025-05-01;25590,07148147;-0,00579288;-0,01222699
2025-05-02;25677,90660211;0,00343239;-0,00883657
2025-05-06;26028,87489784;0,01366810;0,00000000
2025-05-07;25914,75424541;-0,00438439;-0,00438439
2025-05-08;25861,34996159;-0,00206077;-0,00643612
2025-05-09;25903,24700867;0,00162006;-0,00482648
2025-05-12;25948,34346733;0,00174096;-0,00309393
2025-05-13;26076,54547312;0,00494066;0,00000000
2025-05-14;25923,62516317;-0,00586429;-0,00586429
2025-05-15;26058,16002860;0,00518966;-0,00070506
2025-05-16;26015,54764167;-0,00163528;-0,00233918
2025-05-19;26076,34942687;0,00233713;-0,00000752
2025-05-20;26223,98185242;0,00566154;0,00000000
2025-05-21;26197,77834852;-0,00099922;-0,00099922
2025-05-22;26060,58120178;-0,00523698;-0,00623096
2025-05-23;26126,43928163;0,00252711;-0,00371959
2025-05-27;26151,19383622;0,00094749;-0,00277563
2025-05-28;26133,99817060;-0,00065755;-0,00343135
2025-05-29;26177,11285120;0,00164975;-0,00178726
2025-05-30;26124,84199781;-0,00199682;-0,00378050
2025-06-02;26317,74430456;0,00738387;0,00000000
2025-06-03;26296,46461558;-0,00080857;-0,00080857
2025-06-04;26390,46197587;0,00357452;0,00000000
2025-06-05;26312,04771558;-0,00297131;-0,00297131
2025-06-06;26185,31357885;-0,00481658;-0,00777358
2025-06-09;26261,13244082;0,00289547;-0,00490062
2025-06-10;26303,67981177;0,00162017;-0,00328839
2025-06-11;26386,21488163;0,00313778;-0,00016093
2025-06-12;26568,86109843;0,00692203;0,00000000
2025-06-13;26686,70570603;0,00443544;0,00000000
2025-06-16;26560,80921256;-0,00471757;-0,00471757
2025-06-17;26534,88553339;-0,00097601;-0,00568898
2025-06-18;26479,44386181;-0,00208939;-0,00776648
2025-06-20;26432,57751110;-0,00176991;-0,00952265
2025-06-23;26512,06725568;0,00300726;-0,00654402
2025-06-24;26392,50145353;-0,00450986;-0,01102438
2025-06-25;26460,28016632;0,00256810;-0,00848458
2025-06-26;26469,54307901;0,00035007;-0,00813748
2025-06-27;26264,70072355;-0,00773879;-0,01581330
2025-06-30;26462,61018415;0,00753519;-0,00839727
2025-07-01;26552,53218186;0,00339808;-0,00502773
2025-07-02;26694,59440179;0,00535023;0,00000000
2025-07-03;26705,92471374;0,00042444;0,00000000
2025-07-07;26661,10303046;-0,00167834;-0,00167834
2025-07-08;26599,81380415;-0,00229883;-0,00397331
2025-07-09;26671,95822265;0,00271222;-0,00127187
2025-07-10;26710,92282638;0,00146088;0,00000000
2025-07-11;26785,86220843;0,00280557;0,00000000
2025-07-14;26767,13582346;-0,00069911;-0,00069911
2025-07-15;26776,20531687;0,00033883;-0,00036052
2025-07-16;26781,79048421;0,00020859;-0,00015201
2025-07-17;26860,03007734;0,00292137;0,00000000
2025-07-18;26883,02688350;0,00085617;0,00000000
2025-07-21;27036,80271470;0,00572018;0,00000000
2025-07-22;27069,87858153;0,00122336;0,00000000
2025-07-23;26993,65403909;-0,00281584;-0,00281584
2025-07-24;26991,89283701;-0,00006525;-0,00288090
2025-07-25;26938,98660390;-0,00196008;-0,00483534
2025-07-28;26918,35860162;-0,00076573;-0,00559736
2025-07-29;26949,51147654;0,00115731;-0,00444653
2025-07-30;26817,97937393;-0,00488069;-0,00930552
2025-07-31;26862,07763569;0,00164435;-0,00767646
2025-08-01;26863,98367302;0,00007096;-0,00760605
2025-08-04;27123,51184365;0,00966082;0,00000000
2025-08-05;27048,04110755;-0,00278248;-0,00278248
2025-08-06;27148,32016819;0,00370744;0,00000000
2025-08-07;27198,08413559;0,00183304;0,00000000
2025-08-08;27296,48133178;0,00361780;0,00000000
2025-08-11;27155,26599715;-0,00517339;-0,00517339
2025-08-12;27277,48425046;0,00450072;-0,00069595
2025-08-13;27303,76520685;0,00096347;0,00000000
2025-08-14;27246,95451963;-0,00208069;-0,00208069
2025-08-15;27189,20902204;-0,00211934;-0,00419562
2025-08-18;27205,07103139;0,00058339;-0,00361467
2025-08-19;27020,23762698;-0,00679408;-0,01038419
2025-08-20;27020,92926746;0,00002560;-0,01035886
2025-08-21;26979,22629545;-0,00154336;-0,01188623
2025-08-22;27197,63235489;0,00809534;-0,00388711
2025-08-26;27231,44910443;0,00124337;-0,00264858
2025-08-27;27315,21997673;0,00307625;0,00000000
2025-08-28;27430,18527218;0,00420884;0,00000000
2025-08-29;27352,22253744;-0,00284222;-0,00284222
2025-09-02;27429,47677016;0,00282442;-0,00002583
2025-09-03;27559,87894993;0,00475409;0,00000000
2025-09-04;27601,11100273;0,00149609;0,00000000
2025-09-05;27678,89249979;0,00281806;0,00000000
2025-09-08;27858,65043050;0,00649440;0,00000000
2025-09-09;27855,89460812;-0,00009892;-0,00009892
2025-09-10;28055,33996104;0,00715990;0,00000000
2025-09-11;28103,07182549;0,00170135;0,00000000
2025-09-12;28115,75107842;0,00045117;0,00000000
2025-09-15;28283,82606483;0,00597797;0,00000000
2025-09-16;28246,59375882;-0,00131638;-0,00131638
2025-09-17;28149,38336704;-0,00344149;-0,00475334
2025-09-18;28332,58724428;0,00650827;0,00000000
2025-09-19;28522,39108499;0,00669914;0,00000000
2025-09-22;28805,48436317;0,00992530;0,00000000
2025-09-23;28769,47159678;-0,00125021;-0,00125021
2025-09-24;28635,14070805;-0,00466922;-0,00591358
2025-09-25;28656,63338823;0,00075057;-0,00516745
2025-09-26;28721,12964954;0,00225066;-0,00292843
2025-09-29;28923,88452538;0,00705943;0,00000000
2025-09-30;29028,81050558;0,00362766;0,00000000
2025-10-01;29154,47849770;0,00432908;0,00000000
2025-10-02;29220,93604260;0,00227950;0,00000000
2025-10-03;29241,99218956;0,00072058;0,00000000
2025-10-06;29503,83808743;0,00895445;0,00000000
2025-10-07;29457,84969551;-0,00155873;-0,00155873
2025-10-08;29813,57037323;0,01207558;0,00000000
2025-10-09;29668,22919751;-0,00487500;-0,00487500
2025-10-10;29194,93940246;-0,01595275;-0,02074998
2025-10-13;29673,64740177;0,01639695;-0,00469326
2025-10-14;29592,72434212;-0,00272710;-0,00740757
2025-10-15;29850,09755905;0,00869718;0,00000000
2025-10-16;30040,17301097;0,00636767;0,00000000
2025-10-17;29863,08789768;-0,00589494;-0,00589494
2025-10-20;30361,31640855;0,01668376;0,00000000
2025-10-21;29850,05172852;-0,01683934;-0,01683934
2025-10-22;29708,29302553;-0,00474903;-0,02150840
2025-10-23;29913,63842426;0,00691206;-0,01474501
2025-10-24;31786,00596113;0,06259244;0,00000000
2025-10-27;30140,32293272;-0,05177382;-0,05177382
2025-10-28;30239,75084308;0,00329883;-0,04864578
2025-10-29;30324,41539776;0,00279978;-0,04598220
2025-10-30;30328,24072529;0,00012615;-0,04586186
2025-10-31;30286,30197483;-0,00138283;-0,04718127
2025-11-03;30351,66537041;0,00215818;-0,04512491
2025-11-04;29952,73152066;-0,01314372;-0,05767552
2025-11-05;30086,60904634;0,00446963;-0,05346368
2025-11-06;29815,85054455;-0,00899930;-0,06198185
2025-11-07;29760,08252655;-0,00187042;-0,06373633
2025-11-10;30319,71116385;0,01880467;-0,04613020
2025-11-11;30308,07775086;-0,00038369;-0,04649619
2025-11-12;30521,32351392;0,00703594;-0,03978740
2025-11-13;30143,95601272;-0,01236406;-0,05165952
2025-11-14;30026,67453285;-0,00389071;-0,05534924
2025-11-17;29749,76003205;-0,00922228;-0,06406108
2025-11-18;29597,40936822;-0,00512107;-0,06885409
2025-11-19;29692,53016385;0,00321382;-0,06586156
2025-11-20;29437,31093632;-0,00859540;-0,07389085
2025-11-21;29380,24113018;-0,00193869;-0,07568629
2025-11-24;29799,01601378;0,01425362;-0,06251147
2025-11-25;29822,60276821;0,00079153;-0,06176942
2025-11-26;30057,30872142;0,00787007;-0,05438548
2025-11-28;30254,22940361;0,00655151;-0,04819028
2025-12-01;30300,83394351;0,00154043;-0,04672408
2025-12-02;30231,06162239;-0,00230265;-0,04891915
2025-12-03;30199,34927787;-0,00104900;-0,04991683
2025-12-04;30227,41936301;0,00092949;-0,04903374
2025-12-05;30240,00006624;0,00041620;-0,04863794
2025-12-08;30216,04706241;-0,00079210;-0,04939151
2025-12-09;30321,52798297;0,00349089;-0,04607304
2025-12-10;30396,50386308;0,00247269;-0,04371427
2025-12-11;30561,27446063;0,00542071;-0,03853053
2025-12-12;30552,32389973;-0,00029287;-0,03881211
2025-12-15;30543,63094635;-0,00028453;-0,03908560
2025-12-16;30511,01084022;-0,00106798;-0,04011184
2025-12-17;30570,95011510;0,00196451;-0,03822613
2025-12-18;30633,39804131;0,00204272;-0,03626149
2025-12-19;30743,74668253;0,00360223;-0,03278988
2025-12-22;31167,51497162;0,01378389;-0,01945796
2025-12-23;31428,18565795;0,00836354;-0,01125716
2025-12-24;31361,78326252;-0,00211283;-0,01334621
2025-12-29;30761,88248736;-0,01912840;-0,03221932
2025-12-30;30788,79073255;0,00087473;-0,03137278
2025-12-31;30630,47840005;-0,00514188;-0,03635334
2026-01-02;30702,17007245;0,00234053;-0,03409789
2026-01-05;31208,26835004;0,01648412;-0,01817585
2026-01-06;31462,84704328;0,00815741;-0,01016670
2026-01-07;31307,06741203;-0,00495122;-0,01506759
2026-01-08;31349,38193448;0,00135160;-0,01373636
2026-01-09;31562,55182660;0,00679981;-0,00702995
2026-01-12;31916,78924167;0,01122335;0,00000000
2026-01-13;31887,47399243;-0,00091849;-0,00091849
2026-01-14;32006,58874273;0,00373547;0,00000000
2026-01-15;31963,74424700;-0,00133861;-0,00133861
2026-01-16;31865,50429179;-0,00307348;-0,00440798
2026-01-20;32408,88364899;0,01705228;0,00000000
2026-01-21;32742,19045765;0,01028443;0,00000000
2026-01-22;33154,74578280;0,01260011;0,00000000
2026-01-23;33396,53679759;0,00729280;0,00000000
2026-01-26;33707,94363476;0,00932452;0,00000000
2026-01-27;34254,57520129;0,01621670;0,00000000
2026-01-28;35079,52904205;0,02408303;0,00000000
2026-01-29;35058,04328452;-0,00061249;-0,00061249
2026-01-30;32789,56347865;-0,06470640;-0,06527926
2026-02-02;32083,38348277;-0,02153673;-0,08541009
2026-02-03;32497,34016705;0,01290253;-0,07360957
2026-02-04;32392,29346000;-0,00323247;-0,07660410
2026-02-05;32095,59668803;-0,00915949;-0,08506193
2026-02-06;32516,23069434;0,01310566;-0,07307106
2026-02-09;32830,21826648;0,00965633;-0,06412032
2026-02-10;32735,91295744;-0,00287252;-0,06680865
2026-02-11;32841,85416276;0,00323624;-0,06378862
2026-02-12;32403,85751851;-0,01333654;-0,07627444
2026-02-13;32625,38465238;0,00683644;-0,06995945
2026-02-17;32364,61072908;-0,00799298;-0,07739324
2026-02-18;32629,59370625;0,00818743;-0,06983946
2026-02-19;32646,99426988;0,00053328;-0,06934343
2026-02-20;32843,59243434;0,00602194;-0,06373907
2026-02-23;33008,14622239;0,00501023;-0,05904819
2026-02-24;32927,78575387;-0,00243456;-0,06133900
2026-02-25;33007,04060289;0,00240693;-0,05907971
2026-02-26;33034,06420275;0,00081872;-0,05830936
2026-02-27;33113,20272089;0,00239566;-0,05605338
2026-03-02;33245,99057452;0,00401012;-0,05226805
2026-03-03;32611,78330466;-0,01907620;-0,07034717
2026-03-04;32915,35406215;0,00930862;-0,06169339
2026-03-05;32768,89724326;-0,00444950;-0,06586838
2026-03-09;32644,31546917;-0,00380183;-0,06941979
2026-03-10;32876,10785278;0,00710054;-0,06281217
2026-03-11;32821,31032987;-0,00166679;-0,06437426
2026-03-12;32470,80074411;-0,01067933;-0,07436612
2026-03-13;32312,50858688;-0,00487491;-0,07887849
2026-03-16;32435,13334814;0,00379496;-0,07538287
2026-03-17;32482,89988219;0,00147268;-0,07402121
2026-03-18;32085,29576252;-0,01224041;-0,08535557
2026-03-19;31622,01006419;-0,01443919;-0,09856230
2026-03-20;31183,38099709;-0,01387101;-0,11106614
2026-03-23;31129,21210545;-0,00173711;-0,11261032
2026-03-24;31097,19343233;-0,00102857;-0,11352306
2026-03-25;31415,51506763;0,01023635;-0,10444878
2026-03-26;30813,57164306;-0,01916071;-0,12160817
2026-03-27;30800,10744869;-0,00043696;-0,12199199
2026-03-30;30738,70798737;-0,00199348;-0,12374228
2026-03-31;31347,18535500;0,01979515;-0,10639663
2026-04-01;31778,50661475;0,01375949;-0,09410110
2026-04-02;31750,27250542;-0,00088847;-0,09490596
2026-04-07;31911,21333728;0,00506896;-0,09031808
2026-04-08;32488,33540730;0,01808524;-0,07386626
2026-04-09;32599,16894834;0,00341149;-0,07070677
2026-04-10;32654,75768601;0,00170522;-0,06912212
2026-04-13;32913,31208634;0,00791782;-0,06175160
2026-04-14;33362,17837766;0,01363783;-0,04895592
2026-04-15;33536,49620667;0,00522501;-0,04398670
2026-04-16;33735,29352242;0,00592779;-0,03831966
2026-04-17;34131,61596153;0,01174801;-0,02702183
2026-04-20;34066,47012111;-0,00190867;-0,02887892
2026-04-21;33859,54803582;-0,00607407;-0,03477758
2026-04-22;34300,58794332;0,01302557;-0,02220500
2026-04-23;34023,70429691;-0,00807227;-0,03009803
2026-04-24;34476,69712867;0,01331404;-0,01718472
2026-04-27;34442,58595674;-0,00098940;-0,01815712
2026-04-28;34030,12286067;-0,01197538;-0,02991506
2026-04-29;34079,78913779;0,00145948;-0,02849924
2026-04-30;34239,92592752;0,00469888;-0,02393428
2026-05-01;34505,61082187;0,00775951;-0,01636049
2026-05-05;34567,22083644;0,00178551;-0,01460419
2026-05-06;35194,10484761;0,01813522;0,00000000
2026-05-07;35201,95591946;0,00022308;0,00000000
2026-05-08;35531,88910886;0,00937258;0,00000000
2026-05-11;35685,82409323;0,00433231;0,00000000
2026-05-12;35502,22526804;-0,00514487;-0,00514487
2026-05-13;35570,79703379;0,00193148;-0,00322333
2026-05-14;35694,56932525;0,00347960;0,00000000
2026-05-15;35271,01092316;-0,01186619;-0,01186619
2026-05-18;35155,37638289;-0,00327846;-0,01510574
2026-05-19;34890,89519777;-0,00752321;-0,02251531
2026-05-20;35278,88719760;0,01112015;-0,01164553
2026-05-21;35346,93929825;0,00192898;-0,00973902
2026-05-22;35408,38177775;0,00173827;-0,00801768
2026-05-26;35663,19359678;0,00719637;-0,00087901
2026-05-27;35489,64668884;-0,00486628;-0,00574100
2026-05-28;35740,56211138;0,00707010;0,00000000
2026-05-29;36067,32323734;0,00914258;0,00000000
2026-06-01;36141,27949876;0,00205051;0,00000000
2026-06-02;36280,80505965;0,00386056;0,00000000
2026-06-03;36066,22682348;-0,00591437;-0,00591437
2026-06-04;36079,83487391;0,00037731;-0,00553930
2026-06-05;35117,35332736;-0,02667644;-0,03206797
2026-06-08;35241,33284038;0,00353043;-0,02865075
2026-06-09;34771,70387306;-0,01332608;-0,04159503
2026-06-10;34122,87401991;-0,01865971;-0,05947859
2026-06-11;34719,12572304;0,01747367;-0,04304423
2026-06-12;34931,09153496;0,00610516;-0,03720186
2026-06-15;35596,29006176;0,01904316;-0,01886714
2026-06-16;35449,97931002;-0,00411028;-0,02289987
2026-06-17;35164,30967295;-0,00805839;-0,03077372
2026-06-18;35370,57587720;0,00586578;-0,02508845
2026-06-22;35305,12663211;-0,00185039;-0,02689241
2026-06-23;34726,94828374;-0,01637661;-0,04282862
2026-06-24;34397,75040166;-0,00947961;-0,05190223
2026-06-25;34498,07611122;0,00291664;-0,04913697
2026-06-26;34496,75109594;-0,00003841;-0,04917349
2026-06-29;34491,65506532;-0,00014772;-0,04931396
2026-06-30;34744,27012279;0,00732395;-0,04235118
