Date,value,daily_return,drawdown
2014-01-02,10000.00000000,,0.00000000
2014-01-03,10000.00000000,0.00000000,0.00000000
2014-01-06,10000.00000000,0.00000000,0.00000000
2014-01-07,10000.00000000,0.00000000,0.00000000
2014-01-08,10000.00000000,0.00000000,0.00000000
2014-01-09,10000.00000000,0.00000000,0.00000000
2014-01-10,10000.00000000,0.00000000,0.00000000
2014-01-13,10000.00000000,0.00000000,0.00000000
2014-01-14,10000.00000000,0.00000000,0.00000000
2014-01-15,10000.00000000,0.00000000,0.00000000
2014-01-16,10000.00000000,0.00000000,0.00000000
2014-01-17,10000.00000000,0.00000000,0.00000000
2014-01-21,10000.00000000,0.00000000,0.00000000
2014-01-22,10000.00000000,0.00000000,0.00000000
2014-01-23,10000.00000000,0.00000000,0.00000000
2014-01-24,10000.00000000,0.00000000,0.00000000
2014-01-27,10000.00000000,0.00000000,0.00000000
2014-01-28,10000.00000000,0.00000000,0.00000000
2014-01-29,10000.00000000,0.00000000,0.00000000
2014-01-30,10000.00000000,0.00000000,0.00000000
2014-01-31,10000.00000000,0.00000000,0.00000000
2014-02-03,10000.00000000,0.00000000,0.00000000
2014-02-04,10000.00000000,0.00000000,0.00000000
2014-02-05,10000.00000000,0.00000000,0.00000000
2014-02-06,10000.00000000,0.00000000,0.00000000
2014-02-07,10000.00000000,0.00000000,0.00000000
2014-02-10,10000.00000000,0.00000000,0.00000000
2014-02-11,10000.00000000,0.00000000,0.00000000
2014-02-12,10000.00000000,0.00000000,0.00000000
2014-02-13,10000.00000000,0.00000000,0.00000000
2014-02-14,10000.00000000,0.00000000,0.00000000
2014-02-18,10000.00000000,0.00000000,0.00000000
2014-02-19,10000.00000000,0.00000000,0.00000000
2014-02-20,10000.00000000,0.00000000,0.00000000
2014-02-21,10000.00000000,0.00000000,0.00000000
2014-02-24,10000.00000000,0.00000000,0.00000000
2014-02-25,10000.00000000,0.00000000,0.00000000
2014-02-26,10000.00000000,0.00000000,0.00000000
2014-02-27,10000.00000000,0.00000000,0.00000000
2014-02-28,10000.00000000,0.00000000,0.00000000
2014-03-03,10000.00000000,0.00000000,0.00000000
2014-03-04,10000.00000000,0.00000000,0.00000000
2014-03-05,10000.00000000,0.00000000,0.00000000
2014-03-06,10000.00000000,0.00000000,0.00000000
2014-03-07,10000.00000000,0.00000000,0.00000000
2014-03-10,10000.00000000,0.00000000,0.00000000
2014-03-11,10000.00000000,0.00000000,0.00000000
2014-03-12,10000.00000000,0.00000000,0.00000000
2014-03-13,10000.00000000,0.00000000,0.00000000
2014-03-14,10000.00000000,0.00000000,0.00000000
2014-03-17,10000.00000000,0.00000000,0.00000000
2014-03-18,10000.00000000,0.00000000,0.00000000
2014-03-19,10000.00000000,0.00000000,0.00000000
2014-03-20,10000.00000000,0.00000000,0.00000000
2014-03-21,10000.00000000,0.00000000,0.00000000
2014-03-24,10000.00000000,0.00000000,0.00000000
2014-03-25,10000.00000000,0.00000000,0.00000000
2014-03-26,10000.00000000,0.00000000,0.00000000
2014-03-27,10000.00000000,0.00000000,0.00000000
2014-03-28,10000.00000000,0.00000000,0.00000000
2014-03-31,10000.00000000,0.00000000,0.00000000
2014-04-01,10000.00000000,0.00000000,0.00000000
2014-04-02,10000.00000000,0.00000000,0.00000000
2014-04-03,10000.00000000,0.00000000,0.00000000
2014-04-04,10000.00000000,0.00000000,0.00000000
2014-04-07,10000.00000000,0.00000000,0.00000000
2014-04-08,10000.00000000,0.00000000,0.00000000
2014-04-09,10000.00000000,0.00000000,0.00000000
2014-04-10,10000.00000000,0.00000000,0.00000000
2014-04-11,10000.00000000,0.00000000,0.00000000
2014-04-14,10000.00000000,0.00000000,0.00000000
2014-04-15,10000.00000000,0.00000000,0.00000000
2014-04-16,10000.00000000,0.00000000,0.00000000
2014-04-17,10000.00000000,0.00000000,0.00000000
2014-04-22,10000.00000000,0.00000000,0.00000000
2014-04-23,10000.00000000,0.00000000,0.00000000
2014-04-24,10000.00000000,0.00000000,0.00000000
2014-04-25,10000.00000000,0.00000000,0.00000000
2014-04-28,10000.00000000,0.00000000,0.00000000
2014-04-29,10000.00000000,0.00000000,0.00000000
2014-04-30,10000.00000000,0.00000000,0.00000000
2014-05-01,10000.00000000,0.00000000,0.00000000
2014-05-02,10000.00000000,0.00000000,0.00000000
2014-05-06,10000.00000000,0.00000000,0.00000000
2014-05-07,10000.00000000,0.00000000,0.00000000
2014-05-08,10000.00000000,0.00000000,0.00000000
2014-05-09,10000.00000000,0.00000000,0.00000000
2014-05-12,10000.00000000,0.00000000,0.00000000
2014-05-13,10000.00000000,0.00000000,0.00000000
2014-05-14,10000.00000000,0.00000000,0.00000000
2014-05-15,10000.00000000,0.00000000,0.00000000
2014-05-16,10000.00000000,0.00000000,0.00000000
2014-05-19,10000.00000000,0.00000000,0.00000000
2014-05-20,10000.00000000,0.00000000,0.00000000
2014-05-21,10000.00000000,0.00000000,0.00000000
2014-05-22,10000.00000000,0.00000000,0.00000000
2014-05-23,10000.00000000,0.00000000,0.00000000
2014-05-27,10000.00000000,0.00000000,0.00000000
2014-05-28,10000.00000000,0.00000000,0.00000000
2014-05-29,10000.00000000,0.00000000,0.00000000
2014-05-30,10000.00000000,0.00000000,0.00000000
2014-06-02,10000.00000000,0.00000000,0.00000000
2014-06-03,10000.00000000,0.00000000,0.00000000
2014-06-04,10000.00000000,0.00000000,0.00000000
2014-06-05,10000.00000000,0.00000000,0.00000000
2014-06-06,10000.00000000,0.00000000,0.00000000
2014-06-09,10000.00000000,0.00000000,0.00000000
2014-06-10,10000.00000000,0.00000000,0.00000000
2014-06-11,10000.00000000,0.00000000,0.00000000
2014-06-12,10000.00000000,0.00000000,0.00000000
2014-06-13,10000.00000000,0.00000000,0.00000000
2014-06-16,10000.00000000,0.00000000,0.00000000
2014-06-17,10000.00000000,0.00000000,0.00000000
2014-06-18,10000.00000000,0.00000000,0.00000000
2014-06-19,10000.00000000,0.00000000,0.00000000
2014-06-20,10000.00000000,0.00000000,0.00000000
2014-06-23,10000.00000000,0.00000000,0.00000000
2014-06-24,10000.00000000,0.00000000,0.00000000
2014-06-25,10000.00000000,0.00000000,0.00000000
2014-06-26,10000.00000000,0.00000000,0.00000000
2014-06-27,10000.00000000,0.00000000,0.00000000
2014-06-30,10000.00000000,0.00000000,0.00000000
2014-07-01,10000.00000000,0.00000000,0.00000000
2014-07-02,10000.00000000,0.00000000,0.00000000
2014-07-03,10000.00000000,0.00000000,0.00000000
2014-07-07,10000.00000000,0.00000000,0.00000000
2014-07-08,10000.00000000,0.00000000,0.00000000
2014-07-09,10000.00000000,0.00000000,0.00000000
2014-07-10,10000.00000000,0.00000000,0.00000000
2014-07-11,10000.00000000,0.00000000,0.00000000
2014-07-14,10000.00000000,0.00000000,0.00000000
2014-07-15,10000.00000000,0.00000000,0.00000000
2014-07-16,10000.00000000,0.00000000,0.00000000
2014-07-17,10000.00000000,0.00000000,0.00000000
2014-07-18,10000.00000000,0.00000000,0.00000000
2014-07-21,10000.00000000,0.00000000,0.00000000
2014-07-22,10000.00000000,0.00000000,0.00000000
2014-07-23,10000.00000000,0.00000000,0.00000000
2014-07-24,10000.00000000,0.00000000,0.00000000
2014-07-25,10000.00000000,0.00000000,0.00000000
2014-07-28,10000.00000000,0.00000000,0.00000000
2014-07-29,10000.00000000,0.00000000,0.00000000
2014-07-30,10000.00000000,0.00000000,0.00000000
2014-07-31,10000.00000000,0.00000000,0.00000000
2014-08-01,10000.00000000,0.00000000,0.00000000
2014-08-04,10000.00000000,0.00000000,0.00000000
2014-08-05,10000.00000000,0.00000000,0.00000000
2014-08-06,10000.00000000,0.00000000,0.00000000
2014-08-07,10000.00000000,0.00000000,0.00000000
2014-08-08,10000.00000000,0.00000000,0.00000000
2014-08-11,10000.00000000,0.00000000,0.00000000
2014-08-12,10000.00000000,0.00000000,0.00000000
2014-08-13,10000.00000000,0.00000000,0.00000000
2014-08-14,10000.00000000,0.00000000,0.00000000
2014-08-15,10000.00000000,0.00000000,0.00000000
2014-08-18,10000.00000000,0.00000000,0.00000000
2014-08-19,10000.00000000,0.00000000,0.00000000
2014-08-20,10000.00000000,0.00000000,0.00000000
2014-08-21,10000.00000000,0.00000000,0.00000000
2014-08-22,10000.00000000,0.00000000,0.00000000
2014-08-26,10000.00000000,0.00000000,0.00000000
2014-08-27,10000.00000000,0.00000000,0.00000000
2014-08-28,10000.00000000,0.00000000,0.00000000
2014-08-29,10000.00000000,0.00000000,0.00000000
2014-09-02,10000.00000000,0.00000000,0.00000000
2014-09-03,10000.00000000,0.00000000,0.00000000
2014-09-04,10000.00000000,0.00000000,0.00000000
2014-09-05,10000.00000000,0.00000000,0.00000000
2014-09-08,10000.00000000,0.00000000,0.00000000
2014-09-09,10000.00000000,0.00000000,0.00000000
2014-09-10,10000.00000000,0.00000000,0.00000000
2014-09-11,10000.00000000,0.00000000,0.00000000
2014-09-12,10000.00000000,0.00000000,0.00000000
2014-09-15,10000.00000000,0.00000000,0.00000000
2014-09-16,10000.00000000,0.00000000,0.00000000
2014-09-17,10000.00000000,0.00000000,0.00000000
2014-09-18,10000.00000000,0.00000000,0.00000000
2014-09-19,10000.00000000,0.00000000,0.00000000
2014-09-22,10000.00000000,0.00000000,0.00000000
2014-09-23,10000.00000000,0.00000000,0.00000000
2014-09-24,10000.00000000,0.00000000,0.00000000
2014-09-25,10000.00000000,0.00000000,0.00000000
2014-09-26,10000.00000000,0.00000000,0.00000000
2014-09-29,10000.00000000,0.00000000,0.00000000
2014-09-30,10000.00000000,0.00000000,0.00000000
2014-10-01,10000.00000000,0.00000000,0.00000000
2014-10-02,10000.00000000,0.00000000,0.00000000
2014-10-03,10000.00000000,0.00000000,0.00000000
2014-10-06,10000.00000000,0.00000000,0.00000000
2014-10-07,10000.00000000,0.00000000,0.00000000
2014-10-08,10000.00000000,0.00000000,0.00000000
2014-10-09,10000.00000000,0.00000000,0.00000000
2014-10-10,10000.00000000,0.00000000,0.00000000
2014-10-13,10000.00000000,0.00000000,0.00000000
2014-10-14,10000.00000000,0.00000000,0.00000000
2014-10-15,10000.00000000,0.00000000,0.00000000
2014-10-16,10000.00000000,0.00000000,0.00000000
2014-10-17,10000.00000000,0.00000000,0.00000000
2014-10-20,10000.00000000,0.00000000,0.00000000
2014-10-21,10000.00000000,0.00000000,0.00000000
2014-10-22,10000.00000000,0.00000000,0.00000000
2014-10-23,10000.00000000,0.00000000,0.00000000
2014-10-24,10000.00000000,0.00000000,0.00000000
2014-10-27,10000.00000000,0.00000000,0.00000000
2014-10-28,10000.00000000,0.00000000,0.00000000
2014-10-29,10000.00000000,0.00000000,0.00000000
2014-10-30,10000.00000000,0.00000000,0.00000000
2014-10-31,10000.00000000,0.00000000,0.00000000
2014-11-03,10000.00000000,0.00000000,0.00000000
2014-11-04,10000.00000000,0.00000000,0.00000000
2014-11-05,10000.00000000,0.00000000,0.00000000
2014-11-06,10000.00000000,0.00000000,0.00000000
2014-11-07,10000.00000000,0.00000000,0.00000000
2014-11-10,10000.00000000,0.00000000,0.00000000
2014-11-11,10000.00000000,0.00000000,0.00000000
2014-11-12,10000.00000000,0.00000000,0.00000000
2014-11-13,10000.00000000,0.00000000,0.00000000
2014-11-14,10000.00000000,0.00000000,0.00000000
2014-11-17,10000.00000000,0.00000000,0.00000000
2014-11-18,10000.00000000,0.00000000,0.00000000
2014-11-19,10000.00000000,0.00000000,0.00000000
2014-11-20,10000.00000000,0.00000000,0.00000000
2014-11-21,10000.00000000,0.00000000,0.00000000
2014-11-24,10000.00000000,0.00000000,0.00000000
2014-11-25,10000.00000000,0.00000000,0.00000000
2014-11-26,10000.00000000,0.00000000,0.00000000
2014-11-28,10000.00000000,0.00000000,0.00000000
2014-12-01,10000.00000000,0.00000000,0.00000000
2014-12-02,10000.00000000,0.00000000,0.00000000
2014-12-03,10000.00000000,0.00000000,0.00000000
2014-12-04,10000.00000000,0.00000000,0.00000000
2014-12-05,10000.00000000,0.00000000,0.00000000
2014-12-08,10000.00000000,0.00000000,0.00000000
2014-12-09,10000.00000000,0.00000000,0.00000000
2014-12-10,10000.00000000,0.00000000,0.00000000
2014-12-11,10000.00000000,0.00000000,0.00000000
2014-12-12,10000.00000000,0.00000000,0.00000000
2014-12-15,10000.00000000,0.00000000,0.00000000
2014-12-16,10000.00000000,0.00000000,0.00000000
2014-12-17,10000.00000000,0.00000000,0.00000000
2014-12-18,10000.00000000,0.00000000,0.00000000
2014-12-19,10000.00000000,0.00000000,0.00000000
2014-12-22,10000.00000000,0.00000000,0.00000000
2014-12-23,10000.00000000,0.00000000,0.00000000
2014-12-24,10000.00000000,0.00000000,0.00000000
2014-12-29,10000.00000000,0.00000000,0.00000000
2014-12-30,10000.00000000,0.00000000,0.00000000
2014-12-31,10000.00000000,0.00000000,0.00000000
2015-01-02,10000.00000000,0.00000000,0.00000000
2015-01-05,10000.00000000,0.00000000,0.00000000
2015-01-06,10000.00000000,0.00000000,0.00000000
2015-01-07,10000.00000000,0.00000000,0.00000000
2015-01-08,10000.00000000,0.00000000,0.00000000
2015-01-09,10000.00000000,0.00000000,0.00000000
2015-01-12,10000.00000000,0.00000000,0.00000000
2015-01-13,10000.00000000,0.00000000,0.00000000
2015-01-14,10000.00000000,0.00000000,0.00000000
2015-01-15,10000.00000000,0.00000000,0.00000000
2015-01-16,10000.00000000,0.00000000,0.00000000
2015-01-20,10000.00000000,0.00000000,0.00000000
2015-01-21,10000.00000000,0.00000000,0.00000000
2015-01-22,10000.00000000,0.00000000,0.00000000
2015-01-23,10000.00000000,0.00000000,0.00000000
2015-01-26,10000.00000000,0.00000000,0.00000000
2015-01-27,10000.00000000,0.00000000,0.00000000
2015-01-28,10000.00000000,0.00000000,0.00000000
2015-01-29,10000.00000000,0.00000000,0.00000000
2015-01-30,10000.00000000,0.00000000,0.00000000
2015-02-02,10000.00000000,0.00000000,0.00000000
2015-02-03,10000.00000000,0.00000000,0.00000000
2015-02-04,10000.00000000,0.00000000,0.00000000
2015-02-05,10000.00000000,0.00000000,0.00000000
2015-02-06,10000.00000000,0.00000000,0.00000000
2015-02-09,10000.00000000,0.00000000,0.00000000
2015-02-10,10000.00000000,0.00000000,0.00000000
2015-02-11,10000.00000000,0.00000000,0.00000000
2015-02-12,10000.00000000,0.00000000,0.00000000
2015-02-13,10000.00000000,0.00000000,0.00000000
2015-02-17,10000.00000000,0.00000000,0.00000000
2015-02-18,10000.00000000,0.00000000,0.00000000
2015-02-19,10000.00000000,0.00000000,0.00000000
2015-02-20,10000.00000000,0.00000000,0.00000000
2015-02-23,10000.00000000,0.00000000,0.00000000
2015-02-24,10000.00000000,0.00000000,0.00000000
2015-02-25,10000.00000000,0.00000000,0.00000000
2015-02-26,10000.00000000,0.00000000,0.00000000
2015-02-27,10000.00000000,0.00000000,0.00000000
2015-03-02,10000.00000000,0.00000000,0.00000000
2015-03-03,10000.00000000,0.00000000,0.00000000
2015-03-04,10000.00000000,0.00000000,0.00000000
2015-03-05,10000.00000000,0.00000000,0.00000000
2015-03-06,10000.00000000,0.00000000,0.00000000
2015-03-09,10000.00000000,0.00000000,0.00000000
2015-03-10,10000.00000000,0.00000000,0.00000000
2015-03-11,10000.00000000,0.00000000,0.00000000
2015-03-12,10000.00000000,0.00000000,0.00000000
2015-03-13,10000.00000000,0.00000000,0.00000000
2015-03-16,10000.00000000,0.00000000,0.00000000
2015-03-17,10000.00000000,0.00000000,0.00000000
2015-03-18,10000.00000000,0.00000000,0.00000000
2015-03-19,10000.00000000,0.00000000,0.00000000
2015-03-20,10000.00000000,0.00000000,0.00000000
2015-03-23,10000.00000000,0.00000000,0.00000000
2015-03-24,10000.00000000,0.00000000,0.00000000
2015-03-25,10000.00000000,0.00000000,0.00000000
2015-03-26,10000.00000000,0.00000000,0.00000000
2015-03-27,10000.00000000,0.00000000,0.00000000
2015-03-30,10000.00000000,0.00000000,0.00000000
2015-03-31,10000.00000000,0.00000000,0.00000000
2015-04-01,10000.00000000,0.00000000,0.00000000
2015-04-02,10000.00000000,0.00000000,0.00000000
2015-04-07,10000.00000000,0.00000000,0.00000000
2015-04-08,10000.00000000,0.00000000,0.00000000
2015-04-09,10000.00000000,0.00000000,0.00000000
2015-04-10,10000.00000000,0.00000000,0.00000000
2015-04-13,10000.00000000,0.00000000,0.00000000
2015-04-14,10000.00000000,0.00000000,0.00000000
2015-04-15,10000.00000000,0.00000000,0.00000000
2015-04-16,10000.00000000,0.00000000,0.00000000
2015-04-17,10000.00000000,0.00000000,0.00000000
2015-04-20,10000.00000000,0.00000000,0.00000000
2015-04-21,10000.00000000,0.00000000,0.00000000
2015-04-22,10000.00000000,0.00000000,0.00000000
2015-04-23,10000.00000000,0.00000000,0.00000000
2015-04-24,10000.00000000,0.00000000,0.00000000
2015-04-27,10000.00000000,0.00000000,0.00000000
2015-04-28,10000.00000000,0.00000000,0.00000000
2015-04-29,10000.00000000,0.00000000,0.00000000
2015-04-30,10000.00000000,0.00000000,0.00000000
2015-05-01,10000.00000000,0.00000000,0.00000000
2015-05-05,10000.00000000,0.00000000,0.00000000
2015-05-06,10000.00000000,0.00000000,0.00000000
2015-05-07,10000.00000000,0.00000000,0.00000000
2015-05-08,10000.00000000,0.00000000,0.00000000
2015-05-11,10000.00000000,0.00000000,0.00000000
2015-05-12,10000.00000000,0.00000000,0.00000000
2015-05-13,10000.00000000,0.00000000,0.00000000
2015-05-14,10000.00000000,0.00000000,0.00000000
2015-05-15,10000.00000000,0.00000000,0.00000000
2015-05-18,10000.00000000,0.00000000,0.00000000
2015-05-19,10000.00000000,0.00000000,0.00000000
2015-05-20,10000.00000000,0.00000000,0.00000000
2015-05-21,10000.00000000,0.00000000,0.00000000
2015-05-22,10000.00000000,0.00000000,0.00000000
2015-05-26,10000.00000000,0.00000000,0.00000000
2015-05-27,10000.00000000,0.00000000,0.00000000
2015-05-28,10000.00000000,0.00000000,0.00000000
2015-05-29,10000.00000000,0.00000000,0.00000000
2015-06-01,10000.00000000,0.00000000,0.00000000
2015-06-02,10000.00000000,0.00000000,0.00000000
2015-06-03,10000.00000000,0.00000000,0.00000000
2015-06-04,10000.00000000,0.00000000,0.00000000
2015-06-05,10000.00000000,0.00000000,0.00000000
2015-06-08,10000.00000000,0.00000000,0.00000000
2015-06-09,10000.00000000,0.00000000,0.00000000
2015-06-10,10000.00000000,0.00000000,0.00000000
2015-06-11,10000.00000000,0.00000000,0.00000000
2015-06-12,10000.00000000,0.00000000,0.00000000
2015-06-15,10000.00000000,0.00000000,0.00000000
2015-06-16,10000.00000000,0.00000000,0.00000000
2015-06-17,10000.00000000,0.00000000,0.00000000
2015-06-18,10000.00000000,0.00000000,0.00000000
2015-06-19,10000.00000000,0.00000000,0.00000000
2015-06-22,10000.00000000,0.00000000,0.00000000
2015-06-23,10000.00000000,0.00000000,0.00000000
2015-06-24,10000.00000000,0.00000000,0.00000000
2015-06-25,10000.00000000,0.00000000,0.00000000
2015-06-26,10000.00000000,0.00000000,0.00000000
2015-06-29,10000.00000000,0.00000000,0.00000000
2015-06-30,10000.00000000,0.00000000,0.00000000
2015-07-01,10000.00000000,0.00000000,0.00000000
2015-07-02,10000.00000000,0.00000000,0.00000000
2015-07-06,10000.00000000,0.00000000,0.00000000
2015-07-07,10000.00000000,0.00000000,0.00000000
2015-07-08,10000.00000000,0.00000000,0.00000000
2015-07-09,10000.00000000,0.00000000,0.00000000
2015-07-10,10000.00000000,0.00000000,0.00000000
2015-07-13,10000.00000000,0.00000000,0.00000000
2015-07-14,10000.00000000,0.00000000,0.00000000
2015-07-15,10000.00000000,0.00000000,0.00000000
2015-07-16,10000.00000000,0.00000000,0.00000000
2015-07-17,10000.00000000,0.00000000,0.00000000
2015-07-20,10000.00000000,0.00000000,0.00000000
2015-07-21,10000.00000000,0.00000000,0.00000000
2015-07-22,10000.00000000,0.00000000,0.00000000
2015-07-23,10000.00000000,0.00000000,0.00000000
2015-07-24,10000.00000000,0.00000000,0.00000000
2015-07-27,10000.00000000,0.00000000,0.00000000
2015-07-28,10000.00000000,0.00000000,0.00000000
2015-07-29,10000.00000000,0.00000000,0.00000000
2015-07-30,10000.00000000,0.00000000,0.00000000
2015-07-31,10000.00000000,0.00000000,0.00000000
2015-08-03,10000.00000000,0.00000000,0.00000000
2015-08-04,10000.00000000,0.00000000,0.00000000
2015-08-05,10000.00000000,0.00000000,0.00000000
2015-08-06,10000.00000000,0.00000000,0.00000000
2015-08-07,10000.00000000,0.00000000,0.00000000
2015-08-10,10000.00000000,0.00000000,0.00000000
2015-08-11,10000.00000000,0.00000000,0.00000000
2015-08-12,10000.00000000,0.00000000,0.00000000
2015-08-13,10000.00000000,0.00000000,0.00000000
2015-08-14,10000.00000000,0.00000000,0.00000000
2015-08-17,10000.00000000,0.00000000,0.00000000
2015-08-18,10000.00000000,0.00000000,0.00000000
2015-08-19,10000.00000000,0.00000000,0.00000000
2015-08-20,10000.00000000,0.00000000,0.00000000
2015-08-21,10000.00000000,0.00000000,0.00000000
2015-08-24,10000.00000000,0.00000000,0.00000000
2015-08-25,10000.00000000,0.00000000,0.00000000
2015-08-26,10000.00000000,0.00000000,0.00000000
2015-08-27,10000.00000000,0.00000000,0.00000000
2015-08-28,10000.00000000,0.00000000,0.00000000
2015-09-01,10000.00000000,0.00000000,0.00000000
2015-09-02,10000.00000000,0.00000000,0.00000000
2015-09-03,10000.00000000,0.00000000,0.00000000
2015-09-04,10000.00000000,0.00000000,0.00000000
2015-09-08,10000.00000000,0.00000000,0.00000000
2015-09-09,10000.00000000,0.00000000,0.00000000
2015-09-10,10000.00000000,0.00000000,0.00000000
2015-09-11,10000.00000000,0.00000000,0.00000000
2015-09-14,10000.00000000,0.00000000,0.00000000
2015-09-15,10000.00000000,0.00000000,0.00000000
2015-09-16,10000.00000000,0.00000000,0.00000000
2015-09-17,10000.00000000,0.00000000,0.00000000
2015-09-18,10000.00000000,0.00000000,0.00000000
2015-09-21,10000.00000000,0.00000000,0.00000000
2015-09-22,10000.00000000,0.00000000,0.00000000
2015-09-23,10000.00000000,0.00000000,0.00000000
2015-09-24,10000.00000000,0.00000000,0.00000000
2015-09-25,10000.00000000,0.00000000,0.00000000
2015-09-28,10000.00000000,0.00000000,0.00000000
2015-09-29,10000.00000000,0.00000000,0.00000000
2015-09-30,10000.00000000,0.00000000,0.00000000
2015-10-01,10000.00000000,0.00000000,0.00000000
2015-10-02,10000.00000000,0.00000000,0.00000000
2015-10-05,10000.00000000,0.00000000,0.00000000
2015-10-06,10000.00000000,0.00000000,0.00000000
2015-10-07,10000.00000000,0.00000000,0.00000000
2015-10-08,10000.00000000,0.00000000,0.00000000
2015-10-09,10000.00000000,0.00000000,0.00000000
2015-10-12,10000.00000000,0.00000000,0.00000000
2015-10-13,10000.00000000,0.00000000,0.00000000
2015-10-14,10000.00000000,0.00000000,0.00000000
2015-10-15,10000.00000000,0.00000000,0.00000000
2015-10-16,10000.00000000,0.00000000,0.00000000
2015-10-19,10000.00000000,0.00000000,0.00000000
2015-10-20,10000.00000000,0.00000000,0.00000000
2015-10-21,10000.00000000,0.00000000,0.00000000
2015-10-22,10000.00000000,0.00000000,0.00000000
2015-10-23,10000.00000000,0.00000000,0.00000000
2015-10-26,10000.00000000,0.00000000,0.00000000
2015-10-27,10000.00000000,0.00000000,0.00000000
2015-10-28,10000.00000000,0.00000000,0.00000000
2015-10-29,10000.00000000,0.00000000,0.00000000
2015-10-30,10000.00000000,0.00000000,0.00000000
2015-11-02,10000.00000000,0.00000000,0.00000000
2015-11-03,10000.00000000,0.00000000,0.00000000
2015-11-04,10000.00000000,0.00000000,0.00000000
2015-11-05,10000.00000000,0.00000000,0.00000000
2015-11-06,10000.00000000,0.00000000,0.00000000
2015-11-09,10000.00000000,0.00000000,0.00000000
2015-11-10,10000.00000000,0.00000000,0.00000000
2015-11-11,10000.00000000,0.00000000,0.00000000
2015-11-12,10000.00000000,0.00000000,0.00000000
2015-11-13,10000.00000000,0.00000000,0.00000000
2015-11-16,10000.00000000,0.00000000,0.00000000
2015-11-17,10000.00000000,0.00000000,0.00000000
2015-11-18,10000.00000000,0.00000000,0.00000000
2015-11-19,10000.00000000,0.00000000,0.00000000
2015-11-20,10000.00000000,0.00000000,0.00000000
2015-11-23,10000.00000000,0.00000000,0.00000000
2015-11-24,10000.00000000,0.00000000,0.00000000
2015-11-25,10000.00000000,0.00000000,0.00000000
2015-11-27,10000.00000000,0.00000000,0.00000000
2015-11-30,10000.00000000,0.00000000,0.00000000
2015-12-01,10000.00000000,0.00000000,0.00000000
2015-12-02,10000.00000000,0.00000000,0.00000000
2015-12-03,10000.00000000,0.00000000,0.00000000
2015-12-04,10000.00000000,0.00000000,0.00000000
2015-12-07,10000.00000000,0.00000000,0.00000000
2015-12-08,10000.00000000,0.00000000,0.00000000
2015-12-09,10000.00000000,0.00000000,0.00000000
2015-12-10,10000.00000000,0.00000000,0.00000000
2015-12-11,10000.00000000,0.00000000,0.00000000
2015-12-14,10000.00000000,0.00000000,0.00000000
2015-12-15,10000.00000000,0.00000000,0.00000000
2015-12-16,10000.00000000,0.00000000,0.00000000
2015-12-17,10000.00000000,0.00000000,0.00000000
2015-12-18,10000.00000000,0.00000000,0.00000000
2015-12-21,10000.00000000,0.00000000,0.00000000
2015-12-22,10000.00000000,0.00000000,0.00000000
2015-12-23,10000.00000000,0.00000000,0.00000000
2015-12-24,10000.00000000,0.00000000,0.00000000
2015-12-29,10000.00000000,0.00000000,0.00000000
2015-12-30,10000.00000000,0.00000000,0.00000000
2015-12-31,10000.00000000,0.00000000,0.00000000
2016-01-04,10000.00000000,0.00000000,0.00000000
2016-01-05,10000.00000000,0.00000000,0.00000000
2016-01-06,10000.00000000,0.00000000,0.00000000
2016-01-07,10000.00000000,0.00000000,0.00000000
2016-01-08,10000.00000000,0.00000000,0.00000000
2016-01-11,10000.00000000,0.00000000,0.00000000
2016-01-12,10000.00000000,0.00000000,0.00000000
2016-01-13,10000.00000000,0.00000000,0.00000000
2016-01-14,10000.00000000,0.00000000,0.00000000
2016-01-15,10000.00000000,0.00000000,0.00000000
2016-01-19,10000.00000000,0.00000000,0.00000000
2016-01-20,10000.00000000,0.00000000,0.00000000
2016-01-21,10000.00000000,0.00000000,0.00000000
2016-01-22,10000.00000000,0.00000000,0.00000000
2016-01-25,10000.00000000,0.00000000,0.00000000
2016-01-26,10000.00000000,0.00000000,0.00000000
2016-01-27,10000.00000000,0.00000000,0.00000000
2016-01-28,10000.00000000,0.00000000,0.00000000
2016-01-29,10000.00000000,0.00000000,0.00000000
2016-02-01,10000.00000000,0.00000000,0.00000000
2016-02-02,10000.00000000,0.00000000,0.00000000
2016-02-03,10000.00000000,0.00000000,0.00000000
2016-02-04,10000.00000000,0.00000000,0.00000000
2016-02-05,10000.00000000,0.00000000,0.00000000
2016-02-08,10000.00000000,0.00000000,0.00000000
2016-02-09,10000.00000000,0.00000000,0.00000000
2016-02-10,10000.00000000,0.00000000,0.00000000
2016-02-11,10000.00000000,0.00000000,0.00000000
2016-02-12,10000.00000000,0.00000000,0.00000000
2016-02-16,10000.00000000,0.00000000,0.00000000
2016-02-17,10000.00000000,0.00000000,0.00000000
2016-02-18,10000.00000000,0.00000000,0.00000000
2016-02-19,10000.00000000,0.00000000,0.00000000
2016-02-22,10000.00000000,0.00000000,0.00000000
2016-02-23,10000.00000000,0.00000000,0.00000000
2016-02-24,10000.00000000,0.00000000,0.00000000
2016-02-25,10000.00000000,0.00000000,0.00000000
2016-02-26,10000.00000000,0.00000000,0.00000000
2016-02-29,10000.00000000,0.00000000,0.00000000
2016-03-01,10000.00000000,0.00000000,0.00000000
2016-03-02,10000.00000000,0.00000000,0.00000000
2016-03-03,10000.00000000,0.00000000,0.00000000
2016-03-04,10000.00000000,0.00000000,0.00000000
2016-03-07,10000.00000000,0.00000000,0.00000000
2016-03-08,10000.00000000,0.00000000,0.00000000
2016-03-09,10000.00000000,0.00000000,0.00000000
2016-03-10,10000.00000000,0.00000000,0.00000000
2016-03-11,10000.00000000,0.00000000,0.00000000
2016-03-14,10000.00000000,0.00000000,0.00000000
2016-03-15,10000.00000000,0.00000000,0.00000000
2016-03-16,10000.00000000,0.00000000,0.00000000
2016-03-17,10000.00000000,0.00000000,0.00000000
2016-03-18,10000.00000000,0.00000000,0.00000000
2016-03-21,10000.00000000,0.00000000,0.00000000
2016-03-22,10000.00000000,0.00000000,0.00000000
2016-03-23,10000.00000000,0.00000000,0.00000000
2016-03-24,10000.00000000,0.00000000,0.00000000
2016-03-29,10000.00000000,0.00000000,0.00000000
2016-03-30,10000.00000000,0.00000000,0.00000000
2016-03-31,10000.00000000,0.00000000,0.00000000
2016-04-01,10000.00000000,0.00000000,0.00000000
2016-04-04,10000.00000000,0.00000000,0.00000000
2016-04-05,10000.00000000,0.00000000,0.00000000
2016-04-06,10000.00000000,0.00000000,0.00000000
2016-04-07,10000.00000000,0.00000000,0.00000000
2016-04-08,10000.00000000,0.00000000,0.00000000
2016-04-11,10000.00000000,0.00000000,0.00000000
2016-04-12,10000.00000000,0.00000000,0.00000000
2016-04-13,10000.00000000,0.00000000,0.00000000
2016-04-14,10000.00000000,0.00000000,0.00000000
2016-04-15,10000.00000000,0.00000000,0.00000000
2016-04-18,10000.00000000,0.00000000,0.00000000
2016-04-19,10000.00000000,0.00000000,0.00000000
2016-04-20,10000.00000000,0.00000000,0.00000000
2016-04-21,10000.00000000,0.00000000,0.00000000
2016-04-22,10000.00000000,0.00000000,0.00000000
2016-04-25,10000.00000000,0.00000000,0.00000000
2016-04-26,10000.00000000,0.00000000,0.00000000
2016-04-27,10000.00000000,0.00000000,0.00000000
2016-04-28,10000.00000000,0.00000000,0.00000000
2016-04-29,10000.00000000,0.00000000,0.00000000
2016-05-03,10000.00000000,0.00000000,0.00000000
2016-05-04,10000.00000000,0.00000000,0.00000000
2016-05-05,10000.00000000,0.00000000,0.00000000
2016-05-06,10000.00000000,0.00000000,0.00000000
2016-05-09,10000.00000000,0.00000000,0.00000000
2016-05-10,10000.00000000,0.00000000,0.00000000
2016-05-11,10000.00000000,0.00000000,0.00000000
2016-05-12,10000.00000000,0.00000000,0.00000000
2016-05-13,10000.00000000,0.00000000,0.00000000
2016-05-16,10000.00000000,0.00000000,0.00000000
2016-05-17,10000.00000000,0.00000000,0.00000000
2016-05-18,10000.00000000,0.00000000,0.00000000
2016-05-19,10000.00000000,0.00000000,0.00000000
2016-05-20,10000.00000000,0.00000000,0.00000000
2016-05-23,10000.00000000,0.00000000,0.00000000
2016-05-24,10000.00000000,0.00000000,0.00000000
2016-05-25,10000.00000000,0.00000000,0.00000000
2016-05-26,10000.00000000,0.00000000,0.00000000
2016-05-27,10000.00000000,0.00000000,0.00000000
2016-05-31,10000.00000000,0.00000000,0.00000000
2016-06-01,10000.00000000,0.00000000,0.00000000
2016-06-02,10000.00000000,0.00000000,0.00000000
2016-06-03,10000.00000000,0.00000000,0.00000000
2016-06-06,10000.00000000,0.00000000,0.00000000
2016-06-07,10000.00000000,0.00000000,0.00000000
2016-06-08,10000.00000000,0.00000000,0.00000000
2016-06-09,10000.00000000,0.00000000,0.00000000
2016-06-10,10000.00000000,0.00000000,0.00000000
2016-06-13,10000.00000000,0.00000000,0.00000000
2016-06-14,10000.00000000,0.00000000,0.00000000
2016-06-15,10000.00000000,0.00000000,0.00000000
2016-06-16,10000.00000000,0.00000000,0.00000000
2016-06-17,10000.00000000,0.00000000,0.00000000
2016-06-20,10000.00000000,0.00000000,0.00000000
2016-06-21,10000.00000000,0.00000000,0.00000000
2016-06-22,10000.00000000,0.00000000,0.00000000
2016-06-23,10000.00000000,0.00000000,0.00000000
2016-06-24,10000.00000000,0.00000000,0.00000000
2016-06-27,10000.00000000,0.00000000,0.00000000
2016-06-28,10000.00000000,0.00000000,0.00000000
2016-06-29,10000.00000000,0.00000000,0.00000000
2016-06-30,10000.00000000,0.00000000,0.00000000
2016-07-01,10000.00000000,0.00000000,0.00000000
2016-07-05,10000.00000000,0.00000000,0.00000000
2016-07-06,10000.00000000,0.00000000,0.00000000
2016-07-07,10000.00000000,0.00000000,0.00000000
2016-07-08,10000.00000000,0.00000000,0.00000000
2016-07-11,10000.00000000,0.00000000,0.00000000
2016-07-12,10000.00000000,0.00000000,0.00000000
2016-07-13,10000.00000000,0.00000000,0.00000000
2016-07-14,10000.00000000,0.00000000,0.00000000
2016-07-15,10000.00000000,0.00000000,0.00000000
2016-07-18,10000.00000000,0.00000000,0.00000000
2016-07-19,10000.00000000,0.00000000,0.00000000
2016-07-20,10000.00000000,0.00000000,0.00000000
2016-07-21,10000.00000000,0.00000000,0.00000000
2016-07-22,10000.00000000,0.00000000,0.00000000
2016-07-25,10000.00000000,0.00000000,0.00000000
2016-07-26,10000.00000000,0.00000000,0.00000000
2016-07-27,10000.00000000,0.00000000,0.00000000
2016-07-28,10000.00000000,0.00000000,0.00000000
2016-07-29,10000.00000000,0.00000000,0.00000000
2016-08-01,10000.00000000,0.00000000,0.00000000
2016-08-02,10000.00000000,0.00000000,0.00000000
2016-08-03,10000.00000000,0.00000000,0.00000000
2016-08-04,10000.00000000,0.00000000,0.00000000
2016-08-05,10000.00000000,0.00000000,0.00000000
2016-08-08,10000.00000000,0.00000000,0.00000000
2016-08-09,10000.00000000,0.00000000,0.00000000
2016-08-10,10000.00000000,0.00000000,0.00000000
2016-08-11,10000.00000000,0.00000000,0.00000000
2016-08-12,10000.00000000,0.00000000,0.00000000
2016-08-15,10000.00000000,0.00000000,0.00000000
2016-08-16,10000.00000000,0.00000000,0.00000000
2016-08-17,10000.00000000,0.00000000,0.00000000
2016-08-18,10000.00000000,0.00000000,0.00000000
2016-08-19,10000.00000000,0.00000000,0.00000000
2016-08-22,10000.00000000,0.00000000,0.00000000
2016-08-23,10000.00000000,0.00000000,0.00000000
2016-08-24,10000.00000000,0.00000000,0.00000000
2016-08-25,10000.00000000,0.00000000,0.00000000
2016-08-26,10000.00000000,0.00000000,0.00000000
2016-08-30,10000.00000000,0.00000000,0.00000000
2016-08-31,10000.00000000,0.00000000,0.00000000
2016-09-01,10000.00000000,0.00000000,0.00000000
2016-09-02,10000.00000000,0.00000000,0.00000000
2016-09-06,10000.00000000,0.00000000,0.00000000
2016-09-07,10000.00000000,0.00000000,0.00000000
2016-09-08,10000.00000000,0.00000000,0.00000000
2016-09-09,10000.00000000,0.00000000,0.00000000
2016-09-12,10000.00000000,0.00000000,0.00000000
2016-09-13,10000.00000000,0.00000000,0.00000000
2016-09-14,10000.00000000,0.00000000,0.00000000
2016-09-15,10000.00000000,0.00000000,0.00000000
2016-09-16,10000.00000000,0.00000000,0.00000000
2016-09-19,10000.00000000,0.00000000,0.00000000
2016-09-20,10000.00000000,0.00000000,0.00000000
2016-09-21,10000.00000000,0.00000000,0.00000000
2016-09-22,10000.00000000,0.00000000,0.00000000
2016-09-23,10000.00000000,0.00000000,0.00000000
2016-09-26,10000.00000000,0.00000000,0.00000000
2016-09-27,10000.00000000,0.00000000,0.00000000
2016-09-28,10000.00000000,0.00000000,0.00000000
2016-09-29,10000.00000000,0.00000000,0.00000000
2016-09-30,10000.00000000,0.00000000,0.00000000
2016-10-03,10000.00000000,0.00000000,0.00000000
2016-10-04,10000.00000000,0.00000000,0.00000000
2016-10-05,10000.00000000,0.00000000,0.00000000
2016-10-06,10000.00000000,0.00000000,0.00000000
2016-10-07,10000.00000000,0.00000000,0.00000000
2016-10-10,10000.00000000,0.00000000,0.00000000
2016-10-11,10000.00000000,0.00000000,0.00000000
2016-10-12,10000.00000000,0.00000000,0.00000000
2016-10-13,10000.00000000,0.00000000,0.00000000
2016-10-14,10000.00000000,0.00000000,0.00000000
2016-10-17,10000.00000000,0.00000000,0.00000000
2016-10-18,10000.00000000,0.00000000,0.00000000
2016-10-19,10000.00000000,0.00000000,0.00000000
2016-10-20,10000.00000000,0.00000000,0.00000000
2016-10-21,10000.00000000,0.00000000,0.00000000
2016-10-24,10000.00000000,0.00000000,0.00000000
2016-10-25,10000.00000000,0.00000000,0.00000000
2016-10-26,10000.00000000,0.00000000,0.00000000
2016-10-27,10000.00000000,0.00000000,0.00000000
2016-10-28,10000.00000000,0.00000000,0.00000000
2016-10-31,10000.00000000,0.00000000,0.00000000
2016-11-01,10000.00000000,0.00000000,0.00000000
2016-11-02,10000.00000000,0.00000000,0.00000000
2016-11-03,10000.00000000,0.00000000,0.00000000
2016-11-04,10000.00000000,0.00000000,0.00000000
2016-11-07,10000.00000000,0.00000000,0.00000000
2016-11-08,10000.00000000,0.00000000,0.00000000
2016-11-09,10000.00000000,0.00000000,0.00000000
2016-11-10,10000.00000000,0.00000000,0.00000000
2016-11-11,10000.00000000,0.00000000,0.00000000
2016-11-14,10000.00000000,0.00000000,0.00000000
2016-11-15,10000.00000000,0.00000000,0.00000000
2016-11-16,10000.00000000,0.00000000,0.00000000
2016-11-17,10000.00000000,0.00000000,0.00000000
2016-11-18,10000.00000000,0.00000000,0.00000000
2016-11-21,10000.00000000,0.00000000,0.00000000
2016-11-22,10000.00000000,0.00000000,0.00000000
2016-11-23,10000.00000000,0.00000000,0.00000000
2016-11-25,10000.00000000,0.00000000,0.00000000
2016-11-28,10000.00000000,0.00000000,0.00000000
2016-11-29,10000.00000000,0.00000000,0.00000000
2016-11-30,10000.00000000,0.00000000,0.00000000
2016-12-01,10000.00000000,0.00000000,0.00000000
2016-12-02,10000.00000000,0.00000000,0.00000000
2016-12-05,10000.00000000,0.00000000,0.00000000
2016-12-06,10000.00000000,0.00000000,0.00000000
2016-12-07,10000.00000000,0.00000000,0.00000000
2016-12-08,10000.00000000,0.00000000,0.00000000
2016-12-09,10000.00000000,0.00000000,0.00000000
2016-12-12,10000.00000000,0.00000000,0.00000000
2016-12-13,10000.00000000,0.00000000,0.00000000
2016-12-14,10000.00000000,0.00000000,0.00000000
2016-12-15,10000.00000000,0.00000000,0.00000000
2016-12-16,10000.00000000,0.00000000,0.00000000
2016-12-19,10000.00000000,0.00000000,0.00000000
2016-12-20,10000.00000000,0.00000000,0.00000000
2016-12-21,10000.00000000,0.00000000,0.00000000
2016-12-22,10000.00000000,0.00000000,0.00000000
2016-12-23,10000.00000000,0.00000000,0.00000000
2016-12-28,10000.00000000,0.00000000,0.00000000
2016-12-29,10000.00000000,0.00000000,0.00000000
2016-12-30,10000.00000000,0.00000000,0.00000000
2017-01-03,10000.00000000,0.00000000,0.00000000
2017-01-04,10000.00000000,0.00000000,0.00000000
2017-01-05,10000.00000000,0.00000000,0.00000000
2017-01-06,10000.00000000,0.00000000,0.00000000
2017-01-09,10000.00000000,0.00000000,0.00000000
2017-01-10,10000.00000000,0.00000000,0.00000000
2017-01-11,10000.00000000,0.00000000,0.00000000
2017-01-12,10000.00000000,0.00000000,0.00000000
2017-01-13,10000.00000000,0.00000000,0.00000000
2017-01-17,10000.00000000,0.00000000,0.00000000
2017-01-18,10000.00000000,0.00000000,0.00000000
2017-01-19,10000.00000000,0.00000000,0.00000000
2017-01-20,10000.00000000,0.00000000,0.00000000
2017-01-23,10000.00000000,0.00000000,0.00000000
2017-01-24,10000.00000000,0.00000000,0.00000000
2017-01-25,10000.00000000,0.00000000,0.00000000
2017-01-26,10000.00000000,0.00000000,0.00000000
2017-01-27,10000.00000000,0.00000000,0.00000000
2017-01-30,10000.00000000,0.00000000,0.00000000
2017-01-31,10000.00000000,0.00000000,0.00000000
2017-02-01,10000.00000000,0.00000000,0.00000000
2017-02-02,10035.99944982,0.00359994,0.00000000
2017-02-03,10088.66453110,0.00524762,0.00000000
2017-02-06,10118.65080468,0.00297227,0.00000000
2017-02-07,10118.82243275,0.00001696,0.00000000
2017-02-08,10125.34786317,0.00064488,0.00000000
2017-02-09,10137.94523295,0.00124414,0.00000000
2017-02-10,10166.10441113,0.00277760,0.00000000
2017-02-13,10181.22506375,0.00148736,0.00000000
2017-02-14,10197.11212847,0.00156043,0.00000000
2017-02-15,10235.97932460,0.00381159,0.00000000
2017-02-16,10247.80392265,0.00115520,0.00000000
2017-02-17,10263.71354989,0.00155249,0.00000000
2017-02-21,10287.82865164,0.00234955,0.00000000
2017-02-22,10297.15186716,0.00090624,0.00000000
2017-02-23,10294.28979144,-0.00027795,-0.00027795
2017-02-24,10318.24208852,0.00232676,0.00000000
2017-02-27,10320.34445673,0.00020375,0.00000000
2017-02-28,10316.57949001,-0.00036481,-0.00036481
2017-03-01,10414.91042422,0.00953135,0.00000000
2017-03-02,10394.20398871,-0.00198815,-0.00198815
2017-03-03,10400.43334120,0.00059931,-0.00139003
2017-03-06,10392.80766811,-0.00073321,-0.00212222
2017-03-07,10401.01680219,0.00078989,-0.00133401
2017-03-08,10414.26819574,0.00127405,-0.00006166
2017-03-09,10408.82620680,-0.00052255,-0.00058418
2017-03-10,10440.28586146,0.00302240,0.00000000
2017-03-13,10429.15716603,-0.00106594,-0.00106594
2017-03-14,10425.29182244,-0.00037063,-0.00143617
2017-03-15,10448.54913498,0.00223085,0.00000000
2017-03-16,10438.53883355,-0.00095806,-0.00095806
2017-03-17,10440.51701731,0.00018951,-0.00076873
2017-03-20,10447.18778890,0.00063893,-0.00013029
2017-03-21,10349.86769287,-0.00931543,-0.00944451
2017-03-22,10355.31708761,0.00052652,-0.00892297
2017-03-23,10353.93703210,-0.00013327,-0.00905505
2017-03-24,10361.10112724,0.00069192,-0.00836939
2017-03-27,10328.76192222,-0.00312121,-0.01146448
2017-03-28,10384.88209974,0.00543339,-0.00609339
2017-03-29,10417.31126363,0.00312273,-0.00298969
2017-03-30,10418.80379370,0.00014327,-0.00284684
2017-03-31,10396.75767321,-0.00211599,-0.00495681
2017-04-03,10385.03102526,-0.00112791,-0.00607913
2017-04-04,10404.42929993,0.00186791,-0.00422258
2017-04-05,10387.84624298,-0.00159385,-0.00580970
2017-04-06,10376.22430790,-0.00111880,-0.00692200
2017-04-07,10391.22680894,0.00144585,-0.00548615
2017-04-10,10382.93952181,-0.00079753,-0.00627930
2017-04-11,10325.04547067,-0.00557588,-0.01182017
2017-04-12,10309.10948069,-0.00154343,-0.01334536
2017-04-13,10280.27642546,-0.00279685,-0.01610489
2017-04-18,10253.24423267,-0.00262952,-0.01869206
2017-04-19,10241.59660640,-0.00113599,-0.01980682
2017-04-20,10289.80184128,0.00470681,-0.01519324
2017-04-21,10290.71591493,0.00008883,-0.01510575
2017-04-24,10403.08885889,0.01091984,-0.00435087
2017-04-25,10438.59830897,0.00341336,-0.00095236
2017-04-26,10443.26673288,0.00044723,-0.00050556
2017-04-27,10427.53707308,-0.00150620,-0.00201100
2017-04-28,10435.55605710,0.00076902,-0.00124353
2017-05-02,10501.75180354,0.00634329,0.00000000
2017-05-03,10492.01282410,-0.00092737,-0.00092737
2017-05-04,10499.60052332,0.00072319,-0.00020485
2017-05-05,10517.28670196,0.00168446,0.00000000
2017-05-08,10546.33220838,0.00276169,0.00000000
2017-05-09,10557.51056375,0.00105993,0.00000000
2017-05-10,10577.33660545,0.00187791,0.00000000
2017-05-11,10573.90971382,-0.00032398,-0.00032398
2017-05-12,10598.34560347,0.00231096,0.00000000
2017-05-15,10639.05521377,0.00384113,0.00000000
2017-05-16,10673.58403773,0.00324548,0.00000000
2017-05-17,10481.78663813,-0.01796935,-0.01796935
2017-05-18,10483.40299862,0.00015421,-0.01781792
2017-05-19,10537.48480249,0.00515880,-0.01275103
2017-05-22,10601.99702825,0.00612217,-0.00670693
2017-05-23,10619.97191244,0.00169542,-0.00502288
2017-05-24,10656.56629144,0.00344581,-0.00159438
2017-05-25,10708.94808063,0.00491545,0.00000000
2017-05-26,10748.99708369,0.00373977,0.00000000
2017-05-30,10746.01637955,-0.00027730,-0.00027730
2017-05-31,10726.59282137,-0.00180751,-0.00208431
2017-06-01,10756.30943142,0.00277037,0.00000000
2017-06-02,10837.80805705,0.00757682,0.00000000
2017-06-05,10829.80982264,-0.00073799,-0.00073799
2017-06-06,10820.95707066,-0.00081744,-0.00155483
2017-06-07,10814.97631552,-0.00055270,-0.00210668
2017-06-08,10832.29587908,0.00160144,-0.00050861
2017-06-09,10770.16754313,-0.00573547,-0.00624116
2017-06-12,10735.58371910,-0.00321108,-0.00943220
2017-06-13,10772.44364529,0.00343343,-0.00603115
2017-06-14,10737.73445247,-0.00322204,-0.00923375
2017-06-15,10691.69553599,-0.00428758,-0.01348174
2017-06-16,10682.67275770,-0.00084391,-0.01431427
2017-06-19,10806.53907337,0.01159507,-0.00288518
2017-06-20,10782.57919119,-0.00221717,-0.00509594
2017-06-21,10787.24436672,0.00043266,-0.00466549
2017-06-22,10798.23469993,0.00101883,-0.00365142
2017-06-23,10810.85757938,0.00116898,-0.00248671
2017-06-26,10789.19641174,-0.00200365,-0.00448538
2017-06-27,10685.04087500,-0.00965369,-0.01409576
2017-06-28,10715.59672050,0.00285968,-0.01127639
2017-06-29,10585.51601544,-0.01213938,-0.02327888
2017-06-30,10568.49277844,-0.00160816,-0.02484961
2017-07-03,10568.35857693,-0.00001270,-0.02486199
2017-07-05,10560.51313995,-0.00074235,-0.02558589
2017-07-06,10537.07098962,-0.00221979,-0.02774888
2017-07-07,10557.92938116,0.00197952,-0.02582429
2017-07-10,10570.84171878,0.00122300,-0.02463287
2017-07-11,10568.85520530,-0.00018792,-0.02481617
2017-07-12,10599.74678118,0.00292289,-0.02196581
2017-07-13,10590.80747052,-0.00084335,-0.02279064
2017-07-14,10561.79719530,-0.00273919,-0.02546741
2017-07-17,10582.76079966,0.00198485,-0.02353310
2017-07-18,10584.25068477,0.00014078,-0.02339563
2017-07-19,10597.16302239,0.00121996,-0.02220422
2017-07-20,10624.97421110,0.00262440,-0.01963809
2017-07-21,10620.50455577,-0.00042067,-0.02005050
2017-07-24,10595.17650891,-0.00238483,-0.02238751
2017-07-25,10613.05513022,0.00168743,-0.02073786
2017-07-26,10609.47351881,-0.00033747,-0.02106833
2017-07-27,10609.87084334,0.00003745,-0.02103167
2017-07-28,10581.66233009,-0.00265870,-0.02363446
2017-07-31,10572.22639106,-0.00089173,-0.02450511
2017-08-01,10576.87183866,0.00043940,-0.02407648
2017-08-02,10570.91874222,-0.00056284,-0.02462577
2017-08-03,10598.40315741,0.00260000,-0.02208979
2017-08-04,10630.72099237,0.00304931,-0.01910784
2017-08-07,10639.78983369,0.00085308,-0.01827106
2017-08-08,10660.92939152,0.00198684,-0.01632052
2017-08-09,10623.21495326,-0.00353763,-0.01980042
2017-08-10,10595.17704275,-0.00263931,-0.02238746
2017-08-11,10578.22128707,-0.00160033,-0.02395196
2017-08-14,10624.69350457,0.00439320,-0.01966399
2017-08-15,10654.55736318,0.00281080,-0.01690846
2017-08-16,10667.93676931,0.00125574,-0.01567395
2017-08-17,10634.41114019,-0.00314265,-0.01876735
2017-08-18,10616.97931364,-0.00163919,-0.02037578
2017-08-21,10595.74833229,-0.00199972,-0.02233475
2017-08-22,10646.25070304,0.00476629,-0.01767492
2017-08-23,10661.00161162,0.00138555,-0.01631386
2017-08-24,10650.32941443,-0.00100105,-0.01729858
2017-08-25,10639.67848885,-0.00100006,-0.01828133
2017-08-29,10616.61279048,-0.00216789,-0.02040959
2017-08-30,10636.53843601,0.00187684,-0.01857106
2017-08-31,10675.12558974,0.00362779,-0.01501064
2017-09-01,10663.58538566,-0.00108104,-0.01607545
2017-09-05,10583.50839996,-0.00750939,-0.02346412
2017-09-06,10577.20800327,-0.00059530,-0.02404546
2017-09-07,10599.67600916,0.00212419,-0.02197234
2017-09-08,10536.07645858,-0.00600014,-0.02784065
2017-09-11,10638.33809785,0.00970586,-0.01840501
2017-09-12,10638.27577180,-0.00000586,-0.01841076
2017-09-13,10644.47962619,0.00058316,-0.01783833
2017-09-14,10578.87872045,-0.00616290,-0.02389130
2017-09-15,10550.64231157,-0.00266913,-0.02649666
2017-09-18,10586.91988539,0.00343842,-0.02314935
2017-09-19,10612.25026691,0.00239261,-0.02081212
2017-09-20,10585.11394001,-0.00255708,-0.02331598
2017-09-21,10549.73587988,-0.00334225,-0.02658030
2017-09-22,10559.19677919,0.00089679,-0.02570735
2017-09-25,10496.38451156,-0.00594858,-0.03150301
2017-09-26,10526.07813956,0.00282894,-0.02876319
2017-09-27,10591.32306728,0.00619841,-0.02274307
2017-09-28,10596.38300180,0.00047774,-0.02227619
2017-09-29,10658.01171251,0.00581601,-0.01658973
2017-10-02,10711.94328473,0.00506019,-0.01161349
2017-10-03,10739.99436668,0.00261867,-0.00902523
2017-10-04,10735.54155988,-0.00041460,-0.00943609
2017-10-05,10835.06232958,0.00927021,-0.00025335
2017-10-06,10864.00625780,0.00267132,0.00000000
2017-10-09,10859.79251655,-0.00038786,-0.00038786
2017-10-10,10847.91568123,-0.00109365,-0.00148109
2017-10-11,10876.58959067,0.00264326,0.00000000
2017-10-12,10876.69890474,0.00001005,0.00000000
2017-10-13,10876.50135266,-0.00001816,-0.00001816
2017-10-16,10902.78645983,0.00241669,0.00000000
2017-10-17,10925.73142150,0.00210450,0.00000000
2017-10-18,10944.11231376,0.00168235,0.00000000
2017-10-19,10917.24864037,-0.00245462,-0.00245462
2017-10-20,10966.23743776,0.00448728,0.00000000
2017-10-23,10947.81627817,-0.00167981,-0.00167981
2017-10-24,10976.40139230,0.00261103,0.00000000
2017-10-25,10883.08440992,-0.00850160,-0.00850160
2017-10-26,10945.60589232,0.00574483,-0.00280561
2017-10-27,11119.48469205,0.01588572,0.00000000
2017-10-30,11104.40061721,-0.00135654,-0.00135654
2017-10-31,11122.45451887,0.00162583,0.00000000
2017-11-01,11137.47440826,0.00135041,0.00000000
2017-11-02,11193.00279733,0.00498573,0.00000000
2017-11-03,11237.71193501,0.00399438,0.00000000
2017-11-06,11241.74779583,0.00035914,0.00000000
2017-11-07,11239.07792145,-0.00023750,-0.00023750
2017-11-08,11284.07199775,0.00400336,0.00000000
2017-11-09,11215.36409989,-0.00608893,-0.00608893
2017-11-10,11184.75332824,-0.00272936,-0.00880167
2017-11-13,11208.63646012,0.00213533,-0.00668513
2017-11-14,11187.94118848,-0.00184637,-0.00851916
2017-11-15,11124.10677607,-0.00570564,-0.01417620
2017-11-16,11214.89159432,0.00816109,-0.00613080
2017-11-17,11168.09702548,-0.00417254,-0.01027776
2017-11-20,11185.81849267,0.00158679,-0.00870727
2017-11-21,11273.03358732,0.00779693,-0.00097823
2017-11-22,11247.90009730,-0.00222952,-0.00320557
2017-11-24,11283.73149736,0.00318561,-0.00003018
2017-11-27,11275.01942580,-0.00077209,-0.00080224
2017-11-28,11336.91663300,0.00548977,0.00000000
2017-11-29,11162.63620393,-0.01537282,-0.01537282
2017-11-30,11209.26528509,0.00417725,-0.01125979
2017-12-01,11147.27389651,-0.00553037,-0.01672789
2017-12-04,11197.73833212,0.00452707,-0.01227656
2017-12-05,11194.04110052,-0.00033018,-0.01260268
2017-12-06,11188.38277742,-0.00050548,-0.01310179
2017-12-07,11186.16273867,-0.00019842,-0.01329761
2017-12-08,11213.48103546,0.00244215,-0.01088793
2017-12-11,11232.44811455,0.00169145,-0.00921490
2017-12-12,11256.31962802,0.00212523,-0.00710925
2017-12-13,11249.68203110,-0.00058968,-0.00769474
2017-12-14,11222.34419254,-0.00243010,-0.01010614
2017-12-15,11259.51458270,0.00331218,-0.00682743
2017-12-18,11272.06371172,0.00111454,-0.00572051
2017-12-19,11278.12087088,0.00053736,-0.00518622
2017-12-20,11251.53139963,-0.00235762,-0.00753161
2017-12-21,11279.59806373,0.00249448,-0.00505592
2017-12-22,11273.67044075,-0.00052552,-0.00557878
2017-12-27,11277.36193409,0.00032744,-0.00525317
2017-12-28,11264.55959608,-0.00113522,-0.00638243
2017-12-29,11264.08052865,-0.00004253,-0.00642468
2018-01-02,11237.97161361,-0.00231789,-0.00872768
2018-01-03,11288.37125208,0.00448476,-0.00428206
2018-01-04,11317.69846327,0.00259800,-0.00169518
2018-01-05,11333.54168135,0.00139986,-0.00029770
2018-01-08,11342.46887524,0.00078768,0.00000000
2018-01-09,11371.31119549,0.00254286,0.00000000
2018-01-10,11356.37240968,-0.00131373,-0.00131373
2018-01-11,11366.59441934,0.00090011,-0.00041480
2018-01-12,11363.95333644,-0.00023235,-0.00064705
2018-01-16,11358.67445264,-0.00046453,-0.00111128
2018-01-17,11344.91075289,-0.00121173,-0.00232167
2018-01-18,11330.32875865,-0.00128533,-0.00360402
2018-01-19,11360.71362221,0.00268173,-0.00093196
2018-01-22,11349.94068907,-0.00094826,-0.00187934
2018-01-23,11376.34403267,0.00232630,0.00000000
2018-01-24,11309.64929057,-0.00586258,-0.00586258
2018-01-25,11295.74836423,-0.00122912,-0.00708450
2018-01-26,11350.99963285,0.00489133,-0.00222782
2018-01-29,11369.72894448,0.00165001,-0.00058148
2018-01-30,11309.06110244,-0.00533591,-0.00591428
2018-01-31,11282.63035316,-0.00233713,-0.00823759
2018-02-01,11270.35397303,-0.00108808,-0.00931671
2018-02-02,11092.71630638,-0.01576150,-0.02493136
2018-02-05,10831.31938056,-0.02356474,-0.04790859
2018-02-06,10847.40094158,0.00148473,-0.04649500
2018-02-07,10897.34062331,0.00460384,-0.04210521
2018-02-08,10569.70432506,-0.03006571,-0.07090500
2018-02-09,10653.92200378,0.00796784,-0.06350213
2018-02-12,10822.89380849,0.01586006,-0.04864922
2018-02-13,10814.35640995,-0.00078883,-0.04939967
2018-02-14,10939.36021666,0.01155906,-0.03841162
2018-02-15,11056.50000106,0.01070810,-0.02811483
2018-02-16,11099.25444647,0.00386691,-0.02435665
2018-02-20,11101.23012221,0.00017800,-0.02418298
2018-02-21,11081.45587751,-0.00178127,-0.02592117
2018-02-22,11082.79730739,0.00012105,-0.02580326
2018-02-23,11183.52586558,0.00908873,-0.01694905
2018-02-26,11327.87956199,0.01290771,-0.00426011
2018-02-27,11279.05660467,-0.00430998,-0.00855173
2018-02-28,11236.96191362,-0.00373211,-0.01225193
2018-03-01,11103.74532063,-0.01185521,-0.02396189
2018-03-02,11089.79736935,-0.00125615,-0.02518794
2018-03-05,11176.66117760,0.00783277,-0.01755246
2018-03-06,11202.30270373,0.00229420,-0.01529853
2018-03-07,11230.67209433,0.00253246,-0.01280481
2018-03-08,11297.50288306,0.00595074,-0.00693027
2018-03-09,11430.41966288,0.01176515,0.00000000
2018-03-12,11463.97772503,0.00293586,0.00000000
2018-03-13,11355.91463157,-0.00942632,-0.00942632
2018-03-14,11339.16826772,-0.00147468,-0.01088710
2018-03-15,11347.19881197,0.00070821,-0.01018660
2018-03-16,11343.08770372,-0.00036230,-0.01054521
2018-03-19,11148.83912230,-0.01712484,-0.02748946
2018-03-20,11164.37089239,0.00139313,-0.02613463
2018-03-21,11121.49670815,-0.00384027,-0.02987454
2018-03-22,10911.59284856,-0.01887371,-0.04818440
2018-03-23,10705.29171904,-0.01890660,-0.06618000
2018-03-26,10857.66185499,0.01423316,-0.05288879
2018-03-27,10769.12405295,-0.00815441,-0.06061192
2018-03-28,10686.05667722,-0.00771348,-0.06785786
2018-03-29,10845.51163084,0.01492178,-0.05394865
2018-04-03,10722.12446921,-0.01137679,-0.06471168
2018-04-04,10791.97945754,0.00651503,-0.05861825
2018-04-05,10921.19346439,0.01197315,-0.04734694
2018-04-06,10727.11090687,-0.01777119,-0.06427671
2018-04-09,10768.13898332,0.00382471,-0.06069784
2018-04-10,10918.58813645,0.01397169,-0.04757420
2018-04-11,10870.97304886,-0.00436092,-0.05172765
2018-04-12,10942.67935917,0.00659613,-0.04547273
2018-04-13,10914.65610911,-0.00256091,-0.04791719
2018-04-16,10952.26686030,0.00344589,-0.04463641
2018-04-17,11098.54984409,0.01335641,-0.03187619
2018-04-18,11117.91089398,0.00174447,-0.03018733
2018-04-19,11041.51405773,-0.00687151,-0.03685140
2018-04-20,10980.85333417,-0.00549388,-0.04214282
2018-04-23,10994.94272684,0.00128309,-0.04091381
2018-04-24,10884.80624872,-0.01001701,-0.05052099
2018-04-25,10844.99898633,-0.00365714,-0.05399337
2018-04-26,10978.63558178,0.01232242,-0.04233628
2018-04-27,11021.51441416,0.00390566,-0.03859597
2018-04-30,10999.55026126,-0.00199284,-0.04051190
2018-05-01,11061.07957254,0.00559380,-0.03514471
2018-05-02,11079.43854331,0.00165978,-0.03354326
2018-05-03,11049.30373786,-0.00271989,-0.03617191
2018-05-04,11222.22799745,0.01565024,-0.02108777
2018-05-08,11293.64703058,0.00636407,-0.01485791
2018-05-09,11357.72664016,0.00567395,-0.00926826
2018-05-10,11501.77564771,0.01268291,0.00000000
2018-05-11,11495.89787382,-0.00051103,-0.00051103
2018-05-14,11496.53286185,0.00005524,-0.00045582
2018-05-15,11429.18563999,-0.00585805,-0.00631120
2018-05-16,11462.04593619,0.00287512,-0.00345422
2018-05-17,11448.72489841,-0.00116219,-0.00461240
2018-05-18,11414.46242843,-0.00299269,-0.00759128
2018-05-21,11501.67100326,0.00764018,-0.00000910
2018-05-22,11504.12436250,0.00021330,0.00000000
2018-05-23,11522.28457639,0.00157858,0.00000000
2018-05-24,11506.18420592,-0.00139732,-0.00139732
2018-05-25,11519.34642713,0.00114393,-0.00025500
2018-05-29,11456.34165215,-0.00546947,-0.00572308
2018-05-30,11514.80672381,0.00510329,-0.00064899
2018-05-31,11514.87467478,0.00000590,-0.00064309
2018-06-01,11618.01220644,0.00895690,0.00000000
2018-06-04,11700.15046784,0.00706991,0.00000000
2018-06-05,11703.38511609,0.00027646,0.00000000
2018-06-06,11748.47599424,0.00385281,0.00000000
2018-06-07,11708.15286472,-0.00343220,-0.00343220
2018-06-08,11698.23521764,-0.00084707,-0.00427637
2018-06-11,11737.87799152,0.00338878,-0.00090207
2018-06-12,11757.63196088,0.00168293,0.00000000
2018-06-13,11741.45256208,-0.00137608,-0.00137608
2018-06-14,11783.70163954,0.00359828,0.00000000
2018-06-15,11748.86836945,-0.00295605,-0.00295605
2018-06-18,11760.64303086,0.00100220,-0.00195682
2018-06-19,11724.78859422,-0.00304868,-0.00499954
2018-06-20,11748.19404780,0.00199624,-0.00301328
2018-06-21,11664.47533208,-0.00712609,-0.01011790
2018-06-22,11663.49073592,-0.00008441,-0.01020146
2018-06-25,11474.55410557,-0.01619898,-0.02623518
2018-06-26,11516.48504080,0.00365425,-0.02267680
2018-06-27,11475.31666698,-0.00357473,-0.02617047
2018-06-28,11525.52961079,0.00437573,-0.02190925
2018-06-29,11543.09890423,0.00152438,-0.02041826
2018-07-02,11561.27179668,0.00157435,-0.01887606
2018-07-03,11511.53657457,-0.00430188,-0.02309674
2018-07-05,11584.33604129,0.00632404,-0.01691876
2018-07-06,11674.86451510,0.00781473,-0.00923624
2018-07-09,11763.13120900,0.00756040,-0.00174567
2018-07-10,11781.25079185,0.00154037,-0.00020799
2018-07-11,11738.01699604,-0.00366971,-0.00387693
2018-07-12,11850.73193340,0.00960255,0.00000000
2018-07-13,11861.56584842,0.00091420,0.00000000
2018-07-16,11834.96160272,-0.00224289,-0.00224289
2018-07-17,11909.44343154,0.00629337,0.00000000
2018-07-18,11947.50492709,0.00319591,0.00000000
2018-07-19,11936.62795924,-0.00091040,-0.00091040
2018-07-20,11912.37464696,-0.00203184,-0.00294039
2018-07-23,11933.78260621,0.00179712,-0.00114855
2018-07-24,11990.22782963,0.00472987,0.00000000
2018-07-25,12055.92747788,0.00547943,0.00000000
2018-07-26,11991.80605937,-0.00531866,-0.00531866
2018-07-27,11893.71607911,-0.00817975,-0.01345491
2018-07-30,11770.31174664,-0.01037559,-0.02369090
2018-07-31,11801.09742691,0.00261554,-0.02113732
2018-08-01,11846.00545089,0.00380541,-0.01741235
2018-08-02,11929.91028617,0.00708296,-0.01045272
2018-08-03,11973.74254314,0.00367415,-0.00681697
2018-08-06,12036.29573833,0.00522420,-0.00162839
2018-08-07,12084.89049222,0.00403735,0.00000000
2018-08-08,12121.62370953,0.00303960,0.00000000
2018-08-09,12129.15139549,0.00062101,0.00000000
2018-08-10,12058.87782889,-0.00579377,-0.00579377
2018-08-13,12044.00290793,-0.00123352,-0.00702015
2018-08-14,12093.47307737,0.00410745,-0.00294153
2018-08-15,12000.90925522,-0.00765403,-0.01057305
2018-08-16,12068.63083978,0.00564304,-0.00498968
2018-08-17,12073.56590208,0.00040892,-0.00458280
2018-08-20,12079.01178194,0.00045106,-0.00413381
2018-08-21,12073.61366802,-0.00044690,-0.00457886
2018-08-22,12087.45832044,0.00114669,-0.00343743
2018-08-23,12109.04642173,0.00178599,-0.00165757
2018-08-24,12184.36253165,0.00621982,0.00000000
2018-08-28,12289.92209811,0.00866353,0.00000000
2018-08-29,12319.81757227,0.00243252,0.00000000
2018-08-30,12285.06411688,-0.00282094,-0.00282094
2018-08-31,12276.73935232,-0.00067763,-0.00349666
2018-09-04,12281.51277827,0.00038882,-0.00310920
2018-09-05,12155.97226512,-0.01022191,-0.01329933
2018-09-06,12084.50246125,-0.00587940,-0.01910054
2018-09-07,12063.22922225,-0.00176037,-0.02082728
2018-09-10,12067.71374512,0.00037175,-0.02046328
2018-09-11,12124.90501385,0.00473920,-0.01582106
2018-09-12,12109.43233121,-0.00127611,-0.01707698
2018-09-13,12170.28282926,0.00502505,-0.01213774
2018-09-14,12188.31225004,0.00148143,-0.01067429
2018-09-17,12088.10110000,-0.00822191,-0.01880843
2018-09-18,12141.55277336,0.00442184,-0.01446976
2018-09-19,12133.58774355,-0.00065601,-0.01511628
2018-09-20,12208.26959755,0.00615497,-0.00905435
2018-09-21,12249.66142375,0.00339047,-0.00569458
2018-09-24,12243.23287505,-0.00052479,-0.00621638
2018-09-25,12240.60811505,-0.00021438,-0.00642943
2018-09-26,12214.44494441,-0.00213741,-0.00855310
2018-09-27,12268.83931019,0.00445328,-0.00413791
2018-09-28,12297.42999448,0.00233035,-0.00181720
2018-10-01,12341.02719436,0.00354523,0.00000000
2018-10-02,12343.49817478,0.00020022,0.00000000
2018-10-03,12364.67178491,0.00171537,0.00000000
2018-10-04,12196.63600517,-0.01358999,-0.01358999
2018-10-05,12074.60879476,-0.01000499,-0.02345901
2018-10-08,11987.05494434,-0.00725107,-0.03053998
2018-10-09,12009.50312832,0.00187270,-0.02872447
2018-10-10,11631.08760089,-0.03150967,-0.05932905
2018-10-11,11454.28629553,-0.01520075,-0.07362795
2018-10-12,11646.24825554,0.01675896,-0.05810292
2018-10-15,11569.34749923,-0.00660305,-0.06432231
2018-10-16,11762.09183467,0.01665991,-0.04873400
2018-10-17,11754.10845820,-0.00067874,-0.04937966
2018-10-18,11634.64024825,-0.01016395,-0.05904172
2018-10-19,11642.58227952,0.00068262,-0.05839941
2018-10-22,11680.08514803,0.00322118,-0.05536634
2018-10-23,11585.30954371,-0.00811429,-0.06303137
2018-10-24,11333.07830508,-0.02177164,-0.08343072
2018-10-25,11545.36851980,0.01873191,-0.06626163
2018-10-26,11364.34138274,-0.01567963,-0.08090230
2018-10-29,11310.85283979,-0.00470670,-0.08522822
2018-10-30,11387.03147424,0.00673500,-0.07906723
2018-10-31,11578.15553669,0.01678436,-0.06360996
2018-11-01,11598.99588541,0.00179997,-0.06192448
2018-11-02,11497.38401881,-0.00876040,-0.07014240
2018-11-05,11479.52292557,-0.00155349,-0.07158693
2018-11-06,11509.54515898,0.00261529,-0.06915886
2018-11-07,11707.90557566,0.01723443,-0.05311635
2018-11-08,11729.54420807,0.00184821,-0.05136631
2018-11-09,11624.15775396,-0.00898470,-0.05988950
2018-11-12,11409.52177695,-0.01846465,-0.07724831
2018-11-13,11386.55803951,-0.00201268,-0.07910552
2018-11-14,11290.22321930,-0.00846040,-0.08689665
2018-11-15,11479.12875808,0.01673178,-0.07161881
2018-11-16,11486.11836394,0.00060890,-0.07105352
2018-11-19,11249.65053416,-0.02058727,-0.09017799
2018-11-20,11078.57823734,-0.01520690,-0.10401356
2018-11-21,11163.08534121,0.00762797,-0.09717900
2018-11-23,11078.81054920,-0.00754942,-0.10399477
2018-11-26,11221.03631583,0.01283764,-0.09249218
2018-11-27,11250.95971246,0.00266672,-0.09007211
2018-11-28,11451.81196586,0.01785201,-0.07382807
2018-11-29,11442.07286961,-0.00085044,-0.07461572
2018-11-30,11492.85633990,0.00443831,-0.07050858
2018-12-03,11684.37780215,0.01666439,-0.05501917
2018-12-04,11456.81966453,-0.01947542,-0.07342307
2018-12-06,11270.42030579,-0.01626973,-0.08849822
2018-12-07,11131.30592399,-0.01234332,-0.09974918
2018-12-10,11177.14147878,0.00411772,-0.09604220
2018-12-11,11260.24490040,0.00743512,-0.08932116
2018-12-12,11307.53534435,0.00419977,-0.08549652
2018-12-13,11297.01574822,-0.00093032,-0.08634730
2018-12-14,11140.81595033,-0.01382664,-0.09898005
2018-12-17,10989.61753759,-0.01357157,-0.11120831
2018-12-18,10976.01622417,-0.00123765,-0.11230832
2018-12-19,10886.93989377,-0.00811554,-0.11951242
2018-12-20,10703.84537116,-0.01681781,-0.13432030
2018-12-21,10533.26261576,-0.01593659,-0.14811628
2018-12-24,10324.72877889,-0.01979765,-0.16498157
2018-12-27,10669.00627805,0.03334494,-0.13713793
2018-12-28,10721.35902064,0.00490699,-0.13290387
2018-12-31,10776.02691865,0.00509897,-0.12848257
2019-01-02,10810.26907872,0.00317762,-0.12571322
2019-01-03,10499.07974423,-0.02878646,-0.15088084
2019-01-04,10776.87097340,0.02645863,-0.12841431
2019-01-07,10850.22360104,0.00680649,-0.12248187
2019-01-08,10921.50645988,0.00656971,-0.11671683
2019-01-09,11028.56938164,0.00980294,-0.10805806
2019-01-10,11046.78147517,0.00165136,-0.10658514
2019-01-11,11020.51338090,-0.00237790,-0.10870959
2019-01-14,10940.19997165,-0.00728763,-0.11520498
2019-01-15,11081.73650876,0.01293729,-0.10375813
2019-01-16,11083.15922821,0.00012838,-0.10364307
2019-01-17,11098.13002183,0.00135077,-0.10243230
2019-01-18,11254.41447371,0.01408205,-0.08979270
2019-01-22,11110.78460827,-0.01276209,-0.10140885
2019-01-23,11082.68031150,-0.00252946,-0.10368180
2019-01-24,11144.61267629,0.00558821,-0.09867299
2019-01-25,11229.47874754,0.00761499,-0.09180940
2019-01-28,11118.56954979,-0.00987661,-0.10077924
2019-01-29,11071.07118070,-0.00427199,-0.10462070
2019-01-30,11291.82303248,0.01993952,-0.08676726
2019-01-31,11310.48555115,0.00165275,-0.08525792
2019-02-01,11370.86646187,0.00533849,-0.08037458
2019-02-04,11468.64091257,0.00859868,-0.07246702
2019-02-05,11591.88062833,0.01074580,-0.06249993
2019-02-06,11603.57382984,0.00100874,-0.06155424
2019-02-07,11457.07345415,-0.01262545,-0.07340254
2019-02-08,11486.31511731,0.00255228,-0.07103760
2019-02-11,11534.78635043,0.00421991,-0.06711747
2019-02-12,11645.07885764,0.00956173,-0.05819750
2019-02-13,11678.60830680,0.00287928,-0.05548578
2019-02-14,11701.89717468,0.00199415,-0.05360228
2019-02-15,11771.23520239,0.00592537,-0.04799453
2019-02-19,11727.95190694,-0.00367704,-0.05149509
2019-02-20,11745.01797247,0.00145516,-0.05011486
2019-02-21,11738.00305042,-0.00059727,-0.05068220
2019-02-22,11838.66579974,0.00857580,-0.04254104
2019-02-25,11885.03466813,0.00391673,-0.03879093
2019-02-26,11836.55038072,-0.00407944,-0.04271212
2019-02-27,11797.59834567,-0.00329083,-0.04586239
2019-02-28,11789.69810800,-0.00066965,-0.04650133
2019-03-01,11855.20361998,0.00555617,-0.04120353
2019-03-04,11846.23378580,-0.00075662,-0.04192897
2019-03-05,11839.22448135,-0.00059169,-0.04249586
2019-03-06,11795.01737125,-0.00373395,-0.04607113
2019-03-07,11712.90606607,-0.00696152,-0.05271193
2019-03-08,11703.00466285,-0.00084534,-0.05351271
2019-03-11,11857.39196757,0.01319211,-0.04102655
2019-03-12,11925.65354179,0.00575688,-0.03550585
2019-03-13,11949.77802966,0.00202291,-0.03355477
2019-03-14,11944.19429045,-0.00046727,-0.03400636
2019-03-15,12039.59853574,0.00798750,-0.02629049
2019-03-18,12088.07184672,0.00402616,-0.02237018
2019-03-19,12119.59808682,0.00260805,-0.01982048
2019-03-20,12083.41556532,-0.00298546,-0.02274676
2019-03-21,12316.39542680,0.01928096,-0.00390438
2019-03-22,12065.44647154,-0.02037519,-0.02420002
2019-03-25,12032.91646084,-0.00269613,-0.02683090
2019-03-26,12078.16148221,0.00376010,-0.02317169
2019-03-27,12018.95735320,-0.00490175,-0.02795986
2019-03-28,12102.88523547,0.00698296,-0.02117214
2019-03-29,12202.90451527,0.00826409,-0.01308302
2019-04-01,12300.08849616,0.00796400,-0.00522321
2019-04-02,12356.05518568,0.00455010,-0.00069687
2019-04-03,12402.78635333,0.00378205,0.00000000
2019-04-04,12389.60052294,-0.00106313,-0.00106313
2019-04-05,12456.46011324,0.00539643,0.00000000
2019-04-08,12472.77077942,0.00130941,0.00000000
2019-04-09,12431.50268706,-0.00330865,-0.00330865
2019-04-10,12460.02060842,0.00229400,-0.00102224
2019-04-11,12462.38583703,0.00018983,-0.00083261
2019-04-12,12515.79813789,0.00428588,0.00000000
2019-04-15,12517.02717503,0.00009820,0.00000000
2019-04-16,12580.86711422,0.00510025,0.00000000
2019-04-17,12609.05725442,0.00224072,0.00000000
2019-04-18,12634.76529606,0.00203886,0.00000000
2019-04-23,12775.47724589,0.01113689,0.00000000
2019-04-24,12773.35850273,-0.00016584,-0.00016584
2019-04-25,12772.12330305,-0.00009670,-0.00026253
2019-04-26,12749.31593582,-0.00178571,-0.00204778
2019-04-29,12769.08264253,0.00155041,-0.00050054
2019-04-30,12733.63833831,-0.00277579,-0.00327494
2019-05-01,12722.80054868,-0.00085111,-0.00412327
2019-05-02,12652.61552742,-0.00551648,-0.00961700
2019-05-03,12712.78414543,0.00475543,-0.00490730
2019-05-07,12481.93901029,-0.01815850,-0.02297669
2019-05-08,12486.70195809,0.00038159,-0.02260387
2019-05-09,12367.92406551,-0.00951235,-0.03190121
2019-05-10,12388.28954918,0.00164664,-0.03030710
2019-05-13,12141.97099675,-0.01988318,-0.04958768
2019-05-14,12293.04627168,0.01244240,-0.03776227
2019-05-15,12390.53266260,0.00793021,-0.03013152
2019-05-16,12524.50850956,0.01081276,-0.01964457
2019-05-17,12483.32945830,-0.00328788,-0.02286786
2019-05-20,12332.18357077,-0.01210782,-0.03469880
2019-05-21,12421.99353567,0.00728257,-0.02766892
2019-05-22,12423.96209445,0.00015847,-0.02751484
2019-05-23,12251.42541592,-0.01388741,-0.04102014
2019-05-24,12266.61032584,0.00123944,-0.03983154
2019-05-28,12254.32257637,-0.00100172,-0.04079336
2019-05-29,12164.22871294,-0.00735201,-0.04784546
2019-05-30,12224.42217588,0.00494840,-0.04313381
2019-05-31,12092.92031205,-0.01075731,-0.05342712
2019-06-03,11987.22639394,-0.00874015,-0.06170031
2019-06-04,12207.88444746,0.01840777,-0.04442830
2019-06-05,12310.77921226,0.00842855,-0.03637422
2019-06-06,12406.28544265,0.00775794,-0.02889847
2019-06-07,12569.41921869,0.01314928,-0.01612918
2019-06-10,12684.31274854,0.00914072,-0.00713590
2019-06-11,12670.50883436,-0.00108827,-0.00821640
2019-06-12,12613.52666111,-0.00449723,-0.01267668
2019-06-13,12651.24583451,0.00299037,-0.00972421
2019-06-14,12607.81947298,-0.00343258,-0.01312341
2019-06-17,12639.54213950,0.00251611,-0.01064032
2019-06-18,12807.38978896,0.01327957,0.00000000
2019-06-19,12801.44516714,-0.00046416,-0.00046416
2019-06-20,12915.00530510,0.00887088,0.00000000
2019-06-21,12893.16393318,-0.00169116,-0.00169116
2019-06-24,12895.68272409,0.00019536,-0.00149613
2019-06-25,12759.35297206,-0.01057174,-0.01205205
2019-06-26,12825.19349853,0.00516018,-0.00695407
2019-06-27,12845.30583388,0.00156819,-0.00539678
2019-06-28,12856.32905873,0.00085815,-0.00454326
2019-07-01,13013.76056566,0.01224545,0.00000000
2019-07-02,13057.91877935,0.00339319,0.00000000
2019-07-03,13149.18126216,0.00698905,0.00000000
2019-07-05,13136.65632710,-0.00095253,-0.00095253
2019-07-08,13080.65746559,-0.00426279,-0.00521126
2019-07-09,13113.24856404,0.00249155,-0.00273269
2019-07-10,13169.12542645,0.00426110,0.00000000
2019-07-11,13188.24152471,0.00145158,0.00000000
2019-07-12,13239.84715656,0.00391300,0.00000000
2019-07-15,13289.70380534,0.00376565,0.00000000
2019-07-16,13262.16353727,-0.00207230,-0.00207230
2019-07-17,13214.75781498,-0.00357451,-0.00563940
2019-07-18,13221.61024988,0.00051854,-0.00512378
2019-07-19,13213.16278811,-0.00063891,-0.00575942
2019-07-22,13276.63261340,0.00480353,-0.00098356
2019-07-23,13351.43708210,0.00563430,0.00000000
2019-07-24,13402.23486791,0.00380467,0.00000000
2019-07-25,13376.24060673,-0.00193955,-0.00193955
2019-07-26,13436.79942931,0.00452734,0.00000000
2019-07-29,13492.96740936,0.00418016,0.00000000
2019-07-30,13454.41401408,-0.00285730,-0.00285730
2019-07-31,13328.12615196,-0.00938635,-0.01221683
2019-08-01,13326.17014075,-0.00014676,-0.01236179
2019-08-02,13098.68774028,-0.01707035,-0.02922112
2019-08-05,12730.62808065,-0.02809897,-0.05649901
2019-08-06,12805.36375288,0.00587054,-0.05096015
2019-08-07,12862.50787866,0.00446251,-0.04672505
2019-08-08,13112.07185690,0.01940244,-0.02822919
2019-08-09,13028.04912093,-0.00640804,-0.03445634
2019-08-12,12938.73564577,-0.00685548,-0.04107560
2019-08-13,13135.56596050,0.01521248,-0.02648798
2019-08-14,12841.71148029,-0.02237090,-0.04826632
2019-08-15,12790.87259082,-0.00395889,-0.05203413
2019-08-16,12959.54543551,0.01318697,-0.03953333
2019-08-19,13114.74650935,0.01197581,-0.02803097
2019-08-20,13060.54014209,-0.00413324,-0.03204834
2019-08-21,13164.00925456,0.00792227,-0.02437997
2019-08-22,13088.03057547,-0.00577170,-0.03001095
2019-08-23,12823.97798664,-0.02017512,-0.04958060
2019-08-27,12892.55419170,0.00534750,-0.04449823
2019-08-28,12927.61469741,0.00271944,-0.04189981
2019-08-29,13102.66191229,0.01354057,-0.02892659
2019-08-30,13100.73957981,-0.00014671,-0.02906906
2019-09-03,13043.41605081,-0.00437559,-0.03331746
2019-09-04,13166.38327192,0.00942753,-0.02420403
2019-09-05,13315.21740620,0.01130410,-0.01317353
2019-09-06,13325.57806037,0.00077811,-0.01240567
2019-09-09,13262.91935949,-0.00470214,-0.01704948
2019-09-10,13205.20198139,-0.00435179,-0.02132707
2019-09-11,13323.91785412,0.00899008,-0.01252872
2019-09-12,13388.37944274,0.00483804,-0.00775129
2019-09-13,13308.67485870,-0.00595327,-0.01365842
2019-09-16,13274.21289324,-0.00258944,-0.01621248
2019-09-17,13286.81534956,0.00094939,-0.01527848
2019-09-18,13284.00678123,-0.00021138,-0.01548663
2019-09-19,13329.85698846,0.00345153,-0.01208855
2019-09-20,13234.88085517,-0.00712507,-0.01912749
2019-09-23,13248.86559425,0.00105666,-0.01809104
2019-09-24,13176.74044893,-0.00544387,-0.02343643
2019-09-25,13255.27100620,0.00595979,-0.01761632
2019-09-26,13270.92771835,0.00118117,-0.01645596
2019-09-27,13216.37271918,-0.00411087,-0.02049917
2019-09-30,13282.59021647,0.00501026,-0.01559162
2019-10-01,13212.41493610,-0.00528325,-0.02079250
2019-10-02,12960.64521311,-0.01905554,-0.03945183
2019-10-03,13008.90054952,0.00372322,-0.03587549
2019-10-04,13203.86502307,0.01498701,-0.02142615
2019-10-07,13205.40059563,0.00011630,-0.02131235
2019-10-08,13053.72092933,-0.01148618,-0.03255373
2019-10-09,13163.16531921,0.00838415,-0.02444252
2019-10-10,13210.10822389,0.00356623,-0.02096345
2019-10-11,13257.78556657,0.00360916,-0.01742996
2019-10-14,13257.77776329,-0.00000059,-0.01743054
2019-10-15,13323.82217183,0.00498156,-0.01253581
2019-10-16,13239.63524487,-0.00631853,-0.01877513
2019-10-17,13226.60231642,-0.00098439,-0.01974103
2019-10-18,13149.45091722,-0.00583305,-0.02545893
2019-10-21,13204.31322982,0.00417221,-0.02139294
2019-10-22,13131.58709508,-0.00550776,-0.02678286
2019-10-23,13151.88250090,0.00154554,-0.02527872
2019-10-24,13286.74540300,0.01025427,-0.01528367
2019-10-25,13379.83769248,0.00700640,-0.00838435
2019-10-28,13478.16209046,0.00734870,-0.00109726
2019-10-29,13410.34966388,-0.00503128,-0.00612302
2019-10-30,13450.38024819,0.00298505,-0.00315625
2019-10-31,13418.43311433,-0.00237518,-0.00552394
2019-11-01,13539.38797405,0.00901408,0.00000000
2019-11-04,13617.80619366,0.00579186,0.00000000
2019-11-05,13615.94488218,-0.00013668,-0.00013668
2019-11-06,13612.96570746,-0.00021880,-0.00035545
2019-11-07,13708.53028937,0.00702011,0.00000000
2019-11-08,13741.53174030,0.00240737,0.00000000
2019-11-11,13719.31260269,-0.00161693,-0.00161693
2019-11-12,13770.58158219,0.00373699,0.00000000
2019-11-13,13768.17409215,-0.00017483,-0.00017483
2019-11-14,13748.18068552,-0.00145215,-0.00162672
2019-11-15,13829.83384306,0.00593920,0.00000000
2019-11-18,13831.02471444,0.00008611,0.00000000
2019-11-19,13857.10429585,0.00188559,0.00000000
2019-11-20,13812.99695370,-0.00318301,-0.00318301
2019-11-21,13760.21921498,-0.00382088,-0.00699173
2019-11-22,13783.42009127,0.00168608,-0.00531743
2019-11-25,13895.40364043,0.00812451,0.00000000
2019-11-26,13933.30945040,0.00272794,0.00000000
2019-11-27,13969.01784543,0.00256281,0.00000000
2019-11-29,13925.74507618,-0.00309777,-0.00309777
2019-12-02,13778.23101541,-0.01059290,-0.01365786
2019-12-03,13648.67362380,-0.00940305,-0.02293248
2019-12-04,13692.95541883,0.00324440,-0.01976248
2019-12-05,13699.92007870,0.00050863,-0.01926390
2019-12-06,13840.23505178,0.01024203,-0.00921917
2019-12-09,13780.04255159,-0.00434910,-0.01352817
2019-12-10,13770.30381406,-0.00070673,-0.01422534
2019-12-11,13819.62567103,0.00358176,-0.01069454
2019-12-12,13943.51958306,0.00896507,-0.00182534
2019-12-13,13928.68722341,-0.00106375,-0.00288715
2019-12-16,14048.61656304,0.00861024,0.00000000
2019-12-17,14092.89519560,0.00315181,0.00000000
2019-12-18,14114.46745422,0.00153072,0.00000000
2019-12-19,14191.19513916,0.00543610,0.00000000
2019-12-20,14248.86191219,0.00406356,0.00000000
2019-12-23,14322.03204972,0.00513516,0.00000000
2019-12-24,14313.94284482,-0.00056481,-0.00056481
2019-12-27,14339.20155924,0.00176462,0.00000000
2019-12-30,14255.99546308,-0.00580270,-0.00580270
2019-12-31,14250.01310370,-0.00041964,-0.00621990
2020-01-02,14440.49091948,0.01336685,0.00000000
2020-01-03,14369.55925707,-0.00491200,-0.00491200
2020-01-06,14353.03449153,-0.00114998,-0.00605633
2020-01-07,14382.21237489,0.00203287,-0.00403577
2020-01-08,14472.54496480,0.00628085,0.00000000
2020-01-09,14593.15277724,0.00833356,0.00000000
2020-01-10,14584.85065599,-0.00056891,-0.00056891
2020-01-13,14704.25254216,0.00818671,0.00000000
2020-01-14,14677.65779081,-0.00180864,-0.00180864
2020-01-15,14688.96256528,0.00077020,-0.00103983
2020-01-16,14785.32367893,0.00656010,0.00000000
2020-01-17,14872.73223289,0.00591185,0.00000000
2020-01-21,14860.65685420,-0.00081191,-0.00081191
2020-01-22,14856.47024914,-0.00028172,-0.00109341
2020-01-23,14864.09877249,0.00051348,-0.00058049
2020-01-24,14862.85401723,-0.00008374,-0.00066418
2020-01-27,14580.76216566,-0.01897966,-0.01963123
2020-01-28,14793.18547189,0.01456874,-0.00534850
2020-01-29,14821.45939851,0.00191128,-0.00344744
2020-01-30,14803.93128414,-0.00118262,-0.00462598
2020-01-31,14535.00220976,-0.01816606,-0.02270800
2020-02-03,14717.63956857,0.01256535,-0.01042799
2020-02-04,14977.42289243,0.01765115,0.00000000
2020-02-05,15073.93658314,0.00644395,0.00000000
2020-02-06,15191.68611617,0.00781147,0.00000000
2020-02-07,15114.78824442,-0.00506184,-0.00506184
2020-02-10,15210.59057740,0.00633832,0.00000000
2020-02-11,15220.01476313,0.00061958,0.00000000
2020-02-12,15302.25195952,0.00540323,0.00000000
2020-02-13,15244.21857522,-0.00379247,-0.00379247
2020-02-14,15288.21272795,0.00288596,-0.00091746
2020-02-18,15228.60609444,-0.00389886,-0.00481275
2020-02-19,15397.24820520,0.01107403,0.00000000
2020-02-20,15300.54206996,-0.00628074,-0.00628074
2020-02-21,15072.86047114,-0.01488062,-0.02106790
2020-02-24,14603.95762922,-0.03110908,-0.05152158
2020-02-25,14262.14038622,-0.02340580,-0.07372147
2020-02-26,14314.52025439,0.00367265,-0.07031958
2020-02-27,13773.82468231,-0.03777252,-0.10543595
2020-02-28,13683.23561594,-0.00657690,-0.11131941
2020-03-02,14196.26530442,0.03749330,-0.07799984
2020-03-03,13943.10770159,-0.01783269,-0.09444158
2020-03-04,14284.95050673,0.02451697,-0.07224003
2020-03-05,14026.65613892,-0.01808157,-0.08901539
2020-03-06,13671.55128829,-0.02531643,-0.11207827
2020-03-09,12883.15666657,-0.05766680,-0.16328187
2020-03-10,13288.17303121,0.03143767,-0.13697741
2020-03-11,12982.78018156,-0.02298231,-0.15681166
2020-03-12,12022.56700628,-0.07396052,-0.21917431
2020-03-13,12730.92876259,0.05891934,-0.17316857
2020-03-16,11843.28960612,-0.06972305,-0.23081778
2020-03-17,12299.67709826,0.03853553,-0.20117693
2020-03-18,11984.92108197,-0.02559059,-0.22161928
2020-03-19,12061.26709180,0.00637017,-0.21666086
2020-03-20,11768.58268805,-0.02426647,-0.23566974
2020-03-23,11603.82866771,-0.01399948,-0.24636997
2020-03-24,12410.22228713,0.06949375,-0.19399739
2020-03-25,12523.71717135,0.00914527,-0.18662627
2020-03-26,12918.78171466,0.03154531,-0.16096815
2020-03-27,12439.40254498,-0.03710715,-0.19210223
2020-03-30,12782.89575772,0.02761332,-0.16979349
2020-03-31,12705.65904613,-0.00604219,-0.17480975
2020-04-01,12215.50635611,-0.03857751,-0.20664354
2020-04-02,12353.42358517,0.01129034,-0.19768627
2020-04-03,12284.43575886,-0.00558451,-0.20216680
2020-04-06,12956.83759328,0.05473608,-0.15849654
2020-04-07,13061.52827229,0.00807996,-0.15169723
2020-04-08,13188.35902380,0.00971025,-0.14346000
2020-04-09,13285.36243223,0.00735523,-0.13715995
2020-04-14,13571.54455142,0.02154116,-0.11857337
2020-04-15,13348.08923293,-0.01646499,-0.13308605
2020-04-16,13483.27106362,0.01012743,-0.12430644
2020-04-17,13637.25885757,0.01142066,-0.11430545
2020-04-20,13570.39904834,-0.00490273,-0.11864777
2020-04-21,13157.68066124,-0.03041314,-0.14545245
2020-04-22,13481.79447237,0.02463305,-0.12440234
2020-04-23,13485.22329592,0.00025433,-0.12417965
2020-04-24,13585.70369202,0.00745115,-0.11765378
2020-04-27,13730.87206069,0.01068538,-0.10822558
2020-04-28,13668.37031241,-0.00455191,-0.11228486
2020-04-29,14037.08564334,0.02697581,-0.08833803
2020-04-30,13891.79470125,-0.01035051,-0.09777419
2020-05-01,13608.37063959,-0.02040226,-0.11618164
2020-05-04,13680.98091573,0.00533571,-0.11146585
2020-05-05,13894.27021464,0.01559021,-0.09761342
2020-05-06,13951.04694518,0.00408634,-0.09392596
2020-05-07,14116.19185696,0.01183746,-0.08320034
2020-05-11,14315.40427053,0.01411233,-0.07026216
2020-05-12,14194.49535919,-0.00844607,-0.07811479
2020-05-13,13972.25195335,-0.01565701,-0.09254876
2020-05-14,14001.17173220,0.00206980,-0.09067052
2020-05-15,14103.63596111,0.00731826,-0.08401581
2020-05-18,14452.05504277,0.02470420,-0.06138715
2020-05-19,14413.64858082,-0.00265751,-0.06388152
2020-05-20,14610.67502286,0.01366944,-0.05108531
2020-05-21,14454.80566689,-0.01066818,-0.06120850
2020-05-22,14487.45566968,0.00225876,-0.05908800
2020-05-26,14555.81256518,0.00471835,-0.05464844
2020-05-27,14630.87699219,0.00515701,-0.04977326
2020-05-28,14691.56711142,0.00414808,-0.04583164
2020-05-29,14701.96521197,0.00070776,-0.04515632
2020-06-01,14723.12749128,0.00143942,-0.04378190
2020-06-02,14796.67695231,0.00499551,-0.03900510
2020-06-03,14940.30766786,0.00970696,-0.02967677
2020-06-04,14872.62524012,-0.00453019,-0.03407251
2020-06-05,15152.77674512,0.01883672,-0.01587761
2020-06-08,15203.44651251,0.00334393,-0.01258677
2020-06-09,15209.84084409,0.00042058,-0.01217148
2020-06-10,15317.72283234,0.00709291,-0.00516491
2020-06-11,14722.28444792,-0.03887251,-0.04383665
2020-06-12,14800.63464808,0.00532188,-0.03874806
2020-06-15,14837.60807145,0.00249810,-0.03634676
2020-06-16,15157.88064153,0.02158519,-0.01554613
2020-06-17,15190.45812237,0.00214921,-0.01343033
2020-06-18,15242.93320711,0.00345448,-0.01002225
2020-06-19,15245.63881767,0.00017750,-0.00984652
2020-06-22,15318.41277106,0.00477343,-0.00512010
2020-06-23,15423.31545541,0.00684814,0.00000000
2020-06-24,15129.99826192,-0.01901778,-0.01901778
2020-06-25,15215.78371704,0.00566989,-0.01345572
2020-06-26,15083.22524775,-0.00871191,-0.02205040
2020-06-29,15210.31534067,0.00842592,-0.01381027
2020-06-30,15343.50082141,0.00875626,-0.00517493
2020-07-01,15355.21377885,0.00076338,-0.00441550
2020-07-02,15473.87650402,0.00772785,0.00000000
2020-07-06,15674.57016743,0.01296984,0.00000000
2020-07-07,15536.33779395,-0.00881889,-0.00881889
2020-07-08,15615.97161751,0.00512565,-0.00373845
2020-07-09,15600.60087313,-0.00098430,-0.00471906
2020-07-10,15639.33112248,0.00248261,-0.00224817
2020-07-13,15599.79775690,-0.00252782,-0.00477030
2020-07-14,15622.22947512,0.00143795,-0.00333921
2020-07-15,15740.08653956,0.00754419,0.00000000
2020-07-16,15608.18791154,-0.00837979,-0.00837979
2020-07-17,15698.80868401,0.00580598,-0.00262247
2020-07-20,15879.83513751,0.01153122,0.00000000
2020-07-21,15818.93124014,-0.00383530,-0.00383530
2020-07-22,15869.30807573,0.00318459,-0.00066292
2020-07-23,15673.31755458,-0.01235029,-0.01300502
2020-07-24,15477.28473946,-0.01250742,-0.02534978
2020-07-27,15579.82018547,0.00662490,-0.01889283
2020-07-28,15482.32683551,-0.00625767,-0.02503227
2020-07-29,15592.36486644,0.00710733,-0.01810285
2020-07-30,15559.16673809,-0.00212913,-0.02019343
2020-07-31,15724.86493401,0.01064955,-0.00975893
2020-08-03,16034.64248713,0.01969985,0.00000000
2020-08-04,16061.63141665,0.00168316,0.00000000
2020-08-05,16114.71887431,0.00330523,0.00000000
2020-08-06,16207.30624997,0.00574552,0.00000000
2020-08-07,16142.42733038,-0.00400307,-0.00400307
2020-08-10,16105.14839604,-0.00230938,-0.00630320
2020-08-11,16022.12687451,-0.00515497,-0.01142567
2020-08-12,16246.32793942,0.01399321,0.00000000
2020-08-13,16229.91086653,-0.00101051,-0.00101051
2020-08-14,16197.02022368,-0.00202654,-0.00303501
2020-08-17,16280.07778292,0.00512795,0.00000000
2020-08-18,16259.13006943,-0.00128671,-0.00128671
2020-08-19,16285.15924312,0.00160090,0.00000000
2020-08-20,16360.99154125,0.00465653,0.00000000
2020-08-21,16492.81917754,0.00805744,0.00000000
2020-08-24,16635.30339042,0.00863917,0.00000000
2020-08-25,16666.88034127,0.00189819,0.00000000
2020-08-26,16859.28035371,0.01154385,0.00000000
2020-08-27,16886.58848070,0.00161977,0.00000000
2020-08-28,16906.49744945,0.00117898,0.00000000
2020-09-01,17085.62235239,0.01059503,0.00000000
2020-09-02,17264.84082193,0.01048943,0.00000000
2020-09-03,16674.74981671,-0.03417877,-0.03417877
2020-09-04,16446.89541155,-0.01366464,-0.04737637
2020-09-08,16142.57904227,-0.01850297,-0.06500273
2020-09-09,16478.39046870,0.02080284,-0.04555213
2020-09-10,16378.23985518,-0.00607769,-0.05135298
2020-09-11,16296.89395186,-0.00496671,-0.05606463
2020-09-14,16477.97312351,0.01111127,-0.04557631
2020-09-15,16601.15377998,0.00747547,-0.03844154
2020-09-16,16430.29291000,-0.01029211,-0.04833800
2020-09-17,16297.98338152,-0.00805278,-0.05600153
2020-09-18,16144.14287816,-0.00943924,-0.06491215
2020-09-21,16085.97339103,-0.00360313,-0.06828140
2020-09-22,16284.72045220,0.01235530,-0.05676973
2020-09-23,16070.48159839,-0.01315582,-0.06917870
2020-09-24,16037.53182144,-0.00205033,-0.07108719
2020-09-25,16252.92406049,0.01343051,-0.05861142
2020-09-28,16471.03318424,0.01341969,-0.04597828
2020-09-29,16442.19407615,-0.00175090,-0.04764867
2020-09-30,16510.19118237,0.00413553,-0.04371020
2020-10-01,16620.50705913,0.00668168,-0.03732057
2020-10-02,16617.34701726,-0.00019013,-0.03750361
2020-10-05,16620.17424152,0.00017014,-0.03733985
2020-10-06,16620.62390023,0.00002705,-0.03731381
2020-10-07,16620.96861436,0.00002074,-0.03729384
2020-10-08,16621.97966681,0.00006083,-0.03723528
2020-10-09,16623.66056640,0.00010113,-0.03713792
2020-10-12,16628.85552284,0.00031250,-0.03683702
2020-10-13,16626.71630436,-0.00012864,-0.03696093
2020-10-14,16625.70627614,-0.00006075,-0.03701943
2020-10-15,16624.66195506,-0.00006281,-0.03707992
2020-10-16,16626.95980550,0.00013822,-0.03694682
2020-10-19,16624.36187853,-0.00015625,-0.03709730
2020-10-20,16622.62409699,-0.00010453,-0.03719795
2020-10-21,16621.30406812,-0.00007941,-0.03727441
2020-10-22,16622.74350835,0.00008660,-0.03719104
2020-10-23,16623.23942671,0.00002983,-0.03716231
2020-10-26,16620.03726767,-0.00019263,-0.03734778
2020-10-27,16618.34656459,-0.00010173,-0.03744571
2020-10-28,16612.62253848,-0.00034444,-0.03777725
2020-10-29,16616.25239506,0.00021850,-0.03756701
2020-10-30,16613.32780820,-0.00017601,-0.03773640
2020-11-02,16614.74781774,0.00008547,-0.03765416
2020-11-03,16617.24266715,0.00015016,-0.03750965
2020-11-04,16621.09867705,0.00023205,-0.03728631
2020-11-05,16626.60412311,0.00033123,-0.03696742
2020-11-06,16624.77059259,-0.00011028,-0.03707362
2020-11-09,16628.13917177,0.00020262,-0.03687851
2020-11-10,16622.95255199,-0.00031192,-0.03717893
2020-11-11,16626.14174822,0.00019185,-0.03699421
2020-11-12,16625.25704482,-0.00005321,-0.03704545
2020-11-13,16627.80550723,0.00015329,-0.03689784
2020-11-16,16629.86237697,0.00012370,-0.03677870
2020-11-17,16628.86188506,-0.00006016,-0.03683665
2020-11-18,16627.71061278,-0.00006923,-0.03690334
2020-11-19,16628.14063631,0.00002586,-0.03687843
2020-11-20,16627.07467671,-0.00006411,-0.03694017
2020-11-23,16626.86524933,-0.00001260,-0.03695230
2020-11-24,16629.21713153,0.00014145,-0.03681608
2020-11-25,16627.44252040,-0.00010672,-0.03691886
2020-11-27,16630.62697109,0.00019152,-0.03673442
2020-11-30,16628.47127868,-0.00012962,-0.03685928
2020-12-01,16629.45143145,0.00005894,-0.03680250
2020-12-02,16631.53507518,0.00012530,-0.03668182
2020-12-03,16630.88474302,-0.00003910,-0.03671949
2020-12-04,16634.51558872,0.00021832,-0.03650918
2020-12-07,16632.17273782,-0.00014084,-0.03664488
2020-12-08,16632.54936936,0.00002264,-0.03662307
2020-12-09,16629.97749872,-0.00015463,-0.03677203
2020-12-10,16630.48764406,0.00003068,-0.03674249
2020-12-11,16631.79929244,0.00007887,-0.03666651
2020-12-14,16630.55845536,-0.00007461,-0.03673838
2020-12-15,16631.92654503,0.00008226,-0.03665914
2020-12-16,16635.02707775,0.00018642,-0.03647956
2020-12-17,16635.94818604,0.00005537,-0.03642621
2020-12-18,16635.82882189,-0.00000718,-0.03643312
2020-12-21,16635.86894590,0.00000241,-0.03643079
2020-12-22,16637.78228058,0.00011501,-0.03631997
2020-12-23,16634.27743732,-0.00021066,-0.03652298
2020-12-24,16636.36331286,0.00012540,-0.03640216
2020-12-29,16638.86092546,0.00015013,-0.03625750
2020-12-30,16636.41084495,-0.00014725,-0.03639941
2020-12-31,16637.81581675,0.00008445,-0.03631803
2021-01-04,16635.54366818,-0.00013657,-0.03644964
2021-01-05,16634.60232498,-0.00005659,-0.03650416
2021-01-06,16635.74457786,0.00006867,-0.03643800
2021-01-07,16640.16346209,0.00026563,-0.03618205
2021-01-08,16639.59460118,-0.00003419,-0.03621500
2021-01-11,16640.43660005,0.00005060,-0.03616623
2021-01-12,16636.98457955,-0.00020745,-0.03636618
2021-01-13,16638.01926325,0.00006219,-0.03630625
2021-01-14,16638.57654538,0.00003349,-0.03627397
2021-01-15,16636.66360350,-0.00011497,-0.03638477
2021-01-19,16638.56903128,0.00011453,-0.03627440
2021-01-20,16642.16828724,0.00021632,-0.03606593
2021-01-21,16643.77223474,0.00009638,-0.03597303
2021-01-22,16641.38202889,-0.00014361,-0.03611147
2021-01-25,16643.91006813,0.00015191,-0.03596504
2021-01-26,16642.41664049,-0.00008973,-0.03605154
2021-01-27,16638.26699937,-0.00024934,-0.03629190
2021-01-28,16640.78637260,0.00015142,-0.03614597
2021-01-29,16635.86717523,-0.00029561,-0.03643090
2021-02-01,16640.19967915,0.00026043,-0.03617995
2021-02-02,16640.38035830,0.00001086,-0.03616949
2021-02-03,16640.29111251,-0.00000536,-0.03617466
2021-02-04,16642.47544669,0.00013127,-0.03604814
2021-02-05,16642.83242983,0.00002145,-0.03602746
2021-02-08,16643.35897997,0.00003164,-0.03599696
2021-02-09,16643.14479008,-0.00001287,-0.03600937
2021-02-10,16641.01400338,-0.00012803,-0.03613279
2021-02-11,16643.35005539,0.00014038,-0.03599748
2021-02-12,16641.71904509,-0.00009800,-0.03609195
2021-02-16,16643.48392407,0.00010605,-0.03598973
2021-02-17,16643.07339345,-0.00002467,-0.03601350
2021-02-18,16640.28218794,-0.00016771,-0.03617517
2021-02-19,16642.42189922,0.00012859,-0.03605124
2021-02-22,16639.55037249,-0.00017254,-0.03621756
2021-02-23,16638.54189511,-0.00006061,-0.03627597
2021-02-24,16637.60919818,-0.00005606,-0.03633000
2021-02-25,16639.00597320,0.00008395,-0.03624909
2021-02-26,16638.31878065,-0.00004130,-0.03628890
2021-03-01,16638.18037120,-0.00000832,-0.03629691
2021-03-02,16636.51929500,-0.00009984,-0.03639313
2021-03-03,16633.31658430,-0.00019251,-0.03657863
2021-03-04,16624.48267901,-0.00053110,-0.03709030
2021-03-05,16616.10179450,-0.00050413,-0.03757573
2021-03-08,16638.93540584,0.00137419,-0.03625318
2021-03-09,16638.55788852,-0.00002269,-0.03627505
2021-03-10,16641.04950284,0.00014975,-0.03613073
2021-03-11,16648.11526325,0.00042460,-0.03572147
2021-03-12,16645.57971068,-0.00015230,-0.03586834
2021-03-15,16650.41193237,0.00029030,-0.03558845
2021-03-16,16655.77267832,0.00032196,-0.03527795
2021-03-17,16654.45755422,-0.00007896,-0.03535412
2021-03-18,16653.28106401,-0.00007064,-0.03542226
2021-03-19,16648.75085617,-0.00027203,-0.03568466
2021-03-22,16653.65858133,0.00029478,-0.03540040
2021-03-23,16657.17567893,0.00021119,-0.03519668
2021-03-24,16655.92368525,-0.00007516,-0.03526920
2021-03-25,16648.29783538,-0.00045785,-0.03571090
2021-03-26,16654.18710558,0.00035375,-0.03536979
2021-03-29,16656.30120257,0.00012694,-0.03524733
2021-03-30,16662.98944566,0.00040154,-0.03485994
2021-03-31,16660.22738270,-0.00016576,-0.03501993
2021-04-01,16665.02803918,0.00028815,-0.03474187
2021-04-06,16673.13743076,0.00048661,-0.03427216
2021-04-07,16676.92679661,0.00022727,-0.03405268
2021-04-08,16684.68846972,0.00046541,-0.03360311
2021-04-09,16685.34760962,0.00003951,-0.03356493
2021-04-12,16686.33003780,0.00005888,-0.03350803
2021-04-13,16689.13697547,0.00016822,-0.03334545
2021-04-14,16688.99662859,-0.00000841,-0.03335358
2021-04-15,16694.79344533,0.00034734,-0.03301782
2021-04-16,16695.70570007,0.00005464,-0.03296498
2021-04-19,16683.10205948,-0.00075490,-0.03369500
2021-04-20,16674.68124647,-0.00050475,-0.03418274
2021-04-21,16681.41789688,0.00040400,-0.03379255
2021-04-22,16692.61806863,0.00067142,-0.03314382
2021-04-23,16693.31980305,0.00004204,-0.03310317
2021-04-26,16692.71582100,-0.00003618,-0.03313816
2021-04-27,16690.72338571,-0.00011936,-0.03325356
2021-04-28,16690.89131151,0.00001006,-0.03324383
2021-04-29,16688.85628170,-0.00012192,-0.03336171
2021-04-30,16694.16188435,0.00031791,-0.03305440
2021-05-04,16680.22494837,-0.00083484,-0.03386164
2021-05-05,16689.31991687,0.00054525,-0.03333485
2021-05-06,16689.74095752,0.00002523,-0.03331046
2021-05-07,16694.39998360,0.00027916,-0.03304061
2021-05-10,16686.11951748,-0.00049600,-0.03352022
2021-05-11,16669.34806490,-0.00100511,-0.03449164
2021-05-12,16663.25955594,-0.00036525,-0.03484430
2021-05-13,16665.92614673,0.00016003,-0.03468985
2021-05-14,16674.48730662,0.00051369,-0.03419397
2021-05-17,16672.50586978,-0.00011883,-0.03430874
2021-05-18,16672.71639011,0.00001263,-0.03429655
2021-05-19,16659.04914944,-0.00081974,-0.03508817
2021-05-20,16672.80314402,0.00082562,-0.03429152
2021-05-21,16676.22506219,0.00020524,-0.03409332
2021-05-24,16681.36430391,0.00030818,-0.03379565
2021-05-25,16681.22395703,-0.00000841,-0.03380378
2021-05-26,16682.13621177,0.00005469,-0.03375094
2021-05-27,16682.11963130,-0.00000099,-0.03375190
2021-05-28,16685.13708929,0.00018088,-0.03357713
2021-06-01,16684.24141502,-0.00005368,-0.03362900
2021-06-02,16685.08349632,0.00005047,-0.03358023
2021-06-03,16685.57471041,0.00002944,-0.03355178
2021-06-04,16687.59634401,0.00012116,-0.03343468
2021-06-07,16686.85122858,-0.00004465,-0.03347784
2021-06-08,16688.11435053,0.00007570,-0.03340468
2021-06-09,16691.83354294,0.00022286,-0.03318926
2021-06-10,16690.57042099,-0.00007567,-0.03326242
2021-06-11,16693.85517654,0.00019680,-0.03307216
2021-06-14,16694.78082750,0.00005545,-0.03301855
2021-06-15,16697.09655107,0.00013871,-0.03288442
2021-06-16,16697.92523616,0.00004963,-0.03283642
2021-06-17,16701.02626381,0.00018571,-0.03265681
2021-06-18,16697.15332830,-0.00023190,-0.03288113
2021-06-21,16698.00880582,0.00005123,-0.03283158
2021-06-22,16702.35955921,0.00026056,-0.03257958
2021-06-23,16700.25435595,-0.00012604,-0.03270152
2021-06-24,16708.31090554,0.00048242,-0.03223487
2021-06-25,16710.69680255,0.00014280,-0.03209668
2021-06-28,16710.21898468,-0.00002859,-0.03212435
2021-06-29,16715.41181937,0.00031076,-0.03182358
2021-06-30,16714.14869742,-0.00007557,-0.03189674
2021-07-01,16718.76674835,0.00027630,-0.03162926
2021-07-02,16788.66866557,0.00418105,-0.02758045
2021-07-06,16823.75428081,0.00208984,-0.02554825
2021-07-07,16875.60246775,0.00308184,-0.02254515
2021-07-08,16839.85467062,-0.00211831,-0.02461570
2021-07-09,16890.36190561,0.00299927,-0.02169026
2021-07-12,16885.99443625,-0.00025858,-0.02194323
2021-07-13,16911.94114580,0.00153658,-0.02044037
2021-07-14,16984.34508105,0.00428123,-0.01624665
2021-07-15,16972.39441872,-0.00070363,-0.01693884
2021-07-16,16892.18901136,-0.00472564,-0.02158443
2021-07-19,16853.06072117,-0.00231635,-0.02385079
2021-07-20,16900.53653813,0.00281704,-0.02110093
2021-07-21,16882.81062521,-0.00104884,-0.02212764
2021-07-22,16895.95187429,0.00077838,-0.02136648
2021-07-23,16897.61772897,0.00009859,-0.02127000
2021-07-26,16873.34925052,-0.00143621,-0.02267565
2021-07-27,16848.82404772,-0.00145349,-0.02409618
2021-07-28,16902.82180941,0.00320484,-0.02096857
2021-07-29,17002.29076367,0.00588475,-0.01520721
2021-07-30,16931.10580937,-0.00418679,-0.01933033
2021-08-02,16940.59923811,0.00056071,-0.01878046
2021-08-03,16917.75981215,-0.00134821,-0.02010334
2021-08-04,16929.87203767,0.00071595,-0.01940179
2021-08-05,16900.60257180,-0.00172887,-0.02109711
2021-08-06,16709.75284850,-0.01129248,-0.03215135
2021-08-09,16562.89001429,-0.00878905,-0.04065782
2021-08-10,16575.00303969,0.00073134,-0.03995622
2021-08-11,16687.05256470,0.00676015,-0.03346618
2021-08-12,16703.64197977,0.00099415,-0.03250530
2021-08-13,16830.25741654,0.00758011,-0.02517158
2021-08-16,16851.20832969,0.00124484,-0.02395808
2021-08-17,16857.23806816,0.00035782,-0.02360883
2021-08-18,16863.44689990,0.00036832,-0.02324921
2021-08-19,16817.33998881,-0.00273413,-0.02591978
2021-08-20,16850.00654952,0.00194243,-0.02402769
2021-08-23,16968.87342263,0.00705441,-0.01714278
2021-08-24,16972.51809993,0.00021479,-0.01693168
2021-08-25,16919.97929695,-0.00309552,-0.01997479
2021-08-26,16921.47851372,0.00008861,-0.01988795
2021-08-27,17050.26923703,0.00761108,-0.01242824
2021-08-31,17037.05946010,-0.00077475,-0.01319337
2021-09-01,17051.11296653,0.00082488,-0.01237937
2021-09-02,17029.17941989,-0.00128634,-0.01364979
2021-09-03,17110.16360366,0.00475561,-0.00895909
2021-09-07,16951.26156724,-0.00928700,-0.01816288
2021-09-08,16918.23218241,-0.00194849,-0.02007598
2021-09-09,16937.62909552,0.00114651,-0.01895249
2021-09-10,16889.57634721,-0.00283704,-0.02173576
2021-09-13,16903.97206374,0.00085234,-0.02090195
2021-09-14,16958.00182028,0.00319628,-0.01777248
2021-09-15,16899.14883636,-0.00347051,-0.02118131
2021-09-16,16722.14837777,-0.01047393,-0.03143339
2021-09-17,16698.96993332,-0.00138609,-0.03277591
2021-09-20,16718.71595244,0.00118247,-0.03163220
2021-09-21,16795.94486845,0.00461931,-0.02715901
2021-09-22,16776.54795534,-0.00115486,-0.02828250
2021-09-23,16701.19420646,-0.00449161,-0.03264708
2021-09-24,16696.23921027,-0.00029669,-0.03293408
2021-09-27,16707.01976190,0.00064569,-0.03230966
2021-09-28,16596.06896072,-0.00664097,-0.03873606
2021-09-29,16594.84929547,-0.00007349,-0.03880670
2021-09-30,16703.81864609,0.00656646,-0.03249507
2021-10-01,16688.93285280,-0.00089116,-0.03335727
2021-10-04,16686.74080078,-0.00013135,-0.03348424
2021-10-05,16694.63861000,0.00047330,-0.03302679
2021-10-06,16690.87676267,-0.00022533,-0.03324468
2021-10-07,16709.45946020,0.00111334,-0.03216835
2021-10-08,16700.86764278,-0.00051419,-0.03266599
2021-10-11,16695.80150310,-0.00030335,-0.03295943
2021-10-12,16709.85382530,0.00084167,-0.03214550
2021-10-13,16842.99814703,0.00796801,-0.02443363
2021-10-14,16914.43667179,0.00424144,-0.02029582
2021-10-15,16790.93015704,-0.00730184,-0.02744947
2021-10-18,16783.32477138,-0.00045295,-0.02788998
2021-10-19,16814.79689801,0.00187520,-0.02606708
2021-10-20,16899.64564885,0.00504608,-0.02115254
2021-10-21,16887.91477097,-0.00069415,-0.02183200
2021-10-22,16952.41628244,0.00381939,-0.01809600
2021-10-25,17024.08747414,0.00422779,-0.01394472
2021-10-26,16975.06816810,-0.00287941,-0.01678397
2021-10-27,16995.65345970,0.00121268,-0.01559165
2021-10-28,16992.41863561,-0.00019033,-0.01577902
2021-10-29,16944.12306472,-0.00284218,-0.01857635
2021-11-01,17008.79580269,0.00381682,-0.01483043
2021-11-02,17036.69815264,0.00164047,-0.01321429
2021-11-03,17023.30536734,-0.00078611,-0.01399002
2021-11-04,17091.10623861,0.00398283,-0.01006291
2021-11-05,17116.21771106,0.00146927,-0.00860843
2021-11-08,17100.31316892,-0.00092921,-0.00952964
2021-11-09,17088.03716297,-0.00071788,-0.01024068
2021-11-10,17099.19781738,0.00065313,-0.00959424
2021-11-11,17111.19541657,0.00070165,-0.00889932
2021-11-12,17122.91410371,0.00068485,-0.00822056
2021-11-15,17123.47213643,0.00003259,-0.00818824
2021-11-16,17131.56371520,0.00047254,-0.00771957
2021-11-17,17106.45224276,-0.00146580,-0.00917405
2021-11-18,17103.94099120,-0.00014680,-0.00931951
2021-11-19,17110.63738385,0.00039151,-0.00893165
2021-11-22,17127.37836547,0.00097840,-0.00796199
2021-11-23,17091.94339201,-0.00206891,-0.01001442
2021-11-24,17112.31148201,0.00119168,-0.00883468
2021-11-26,17028.32766183,-0.00490780,-0.01369912
2021-11-29,17069.34296250,0.00240865,-0.01132347
2021-11-30,17041.16241441,-0.00165095,-0.01295572
2021-12-01,17074.36525699,0.00194839,-0.01103257
2021-12-02,17051.55424581,-0.00133598,-0.01235381
2021-12-03,16912.59263322,-0.00814950,-0.02040263
2021-12-06,17037.85572870,0.00740650,-0.01314725
2021-12-07,17487.02189748,0.02636283,0.00000000
2021-12-08,17519.61527708,0.00186386,0.00000000
2021-12-09,17442.56519749,-0.00439793,-0.00439793
2021-12-10,17580.08270380,0.00788402,0.00000000
2021-12-13,17433.00659697,-0.00836606,-0.00836606
2021-12-14,17208.42229054,-0.01288271,-0.02114099
2021-12-15,17452.45879609,0.01418122,-0.00725957
2021-12-16,17258.58078002,-0.01110892,-0.01828785
2021-12-17,17165.29763514,-0.00540503,-0.02359403
2021-12-20,16961.27427840,-0.01188580,-0.03519940
2021-12-21,17244.80519872,0.01671637,-0.01907144
2021-12-22,17410.01640352,0.00958035,-0.00967381
2021-12-23,17487.65319688,0.00445932,-0.00525763
2021-12-29,17667.05828897,0.01025896,0.00000000
2021-12-30,17615.93228441,-0.00289386,-0.00289386
2021-12-31,17543.03614028,-0.00413808,-0.00701997
2022-01-04,17540.45695461,-0.00014702,-0.00716595
2022-01-05,17251.38237649,-0.01648045,-0.02352830
2022-01-06,17109.12731694,-0.00824601,-0.03158030
2022-01-07,17001.68008311,-0.00628011,-0.03766208
2022-01-10,16918.06498766,-0.00491805,-0.04239491
2022-01-11,17089.43112667,0.01012918,-0.03269515
2022-01-12,17157.69521003,0.00399452,-0.02883123
2022-01-13,16919.67254507,-0.01387265,-0.04230392
2022-01-14,16912.62980447,-0.00041625,-0.04270255
2022-01-18,16691.98318860,-0.01304626,-0.05519171
2022-01-19,16530.74928498,-0.00965936,-0.06431795
2022-01-20,16461.37517472,-0.00419667,-0.06824470
2022-01-21,16202.56099475,-0.01572251,-0.08289424
2022-01-24,16045.00232121,-0.00972431,-0.09181245
2022-01-25,15889.12331370,-0.00971511,-0.10063560
2022-01-26,16037.36843018,0.00932997,-0.09224455
2022-01-27,15995.54307623,-0.00260799,-0.09461197
2022-01-28,16271.36107228,0.01724343,-0.07899998
2022-01-31,16595.53046552,0.01992270,-0.06065117
2022-02-01,16655.17000984,0.00359371,-0.05727543
2022-02-02,16738.64985130,0.00501225,-0.05255026
2022-02-03,16435.74133639,-0.01809635,-0.06969564
2022-02-04,16451.58808080,0.00096416,-0.06879868
2022-02-07,16429.17125862,-0.00136259,-0.07006752
2022-02-08,16535.43180576,0.00646780,-0.06405291
2022-02-09,16808.07139641,0.01648821,-0.04862082
2022-02-10,16543.35628705,-0.01574929,-0.06360436
2022-02-11,16231.04146045,-0.01887856,-0.08128217
2022-02-14,16156.10588288,-0.00461681,-0.08552371
2022-02-15,16433.81541129,0.01718914,-0.06980465
2022-02-16,16387.27860360,-0.00283177,-0.07243875
2022-02-17,16096.87528087,-0.01772127,-0.08887631
2022-02-18,15953.26321723,-0.00892174,-0.09700512
2022-02-22,15833.49846917,-0.00750723,-0.10378410
2022-02-23,15602.87746530,-0.01456539,-0.11683783
2022-02-24,15796.02313214,0.01237885,-0.10590530
2022-02-25,16102.95989227,0.01943127,-0.08853191
2022-02-28,16105.94195878,0.00018519,-0.08836312
2022-03-01,15878.32029664,-0.01413278,-0.10124708
2022-03-02,16108.89927146,0.01452162,-0.08819573
2022-03-03,15968.18625802,-0.00873511,-0.09616044
2022-03-04,15770.51867514,-0.01237884,-0.10734892
2022-03-07,15461.05405234,-0.01962298,-0.12486540
2022-03-08,15333.48847380,-0.00825077,-0.13208593
2022-03-09,15772.91830708,0.02865818,-0.10721309
2022-03-10,15585.65972283,-0.01187216,-0.11781240
2022-03-11,15501.95348469,-0.00537072,-0.12255039
2022-03-14,15329.19468032,-0.01114432,-0.13232897
2022-03-15,15614.92957401,0.01863992,-0.11615565
2022-03-16,15974.74523011,0.02304305,-0.09578918
2022-03-17,16080.39253772,0.00661340,-0.08980928
2022-03-18,16296.03061562,0.01341000,-0.07760362
2022-03-21,16296.29221658,0.00001605,-0.07758881
2022-03-22,16438.90572515,0.00875129,-0.06951653
2022-03-23,16317.99235650,-0.00735532,-0.07636053
2022-03-24,16528.86196111,0.01292252,-0.06442478
2022-03-25,16545.58082760,0.00101150,-0.06347845
2022-03-28,16696.11187020,0.00909796,-0.05495801
2022-03-29,16968.44605905,0.01631123,-0.03954321
2022-03-30,16847.60216571,-0.00712168,-0.04638328
2022-03-31,16692.51143564,-0.00920551,-0.05516181
2022-04-01,16624.29552782,-0.00408662,-0.05902300
2022-04-04,16822.42802169,0.01191825,-0.04780820
2022-04-05,16630.29973442,-0.01142096,-0.05868315
2022-04-06,16330.85572906,-0.01800593,-0.07563243
2022-04-07,16334.44180123,0.00021959,-0.07542945
2022-04-08,16300.98939859,-0.00204797,-0.07732294
2022-04-11,16012.50560753,-0.01769732,-0.09365185
2022-04-12,15994.99153722,-0.00109377,-0.09464319
2022-04-13,16085.62406892,0.00566631,-0.08951316
2022-04-14,15894.78739876,-0.01186380,-0.10031500
2022-04-19,16090.85340037,0.01233524,-0.08921717
2022-04-20,16105.66330609,0.00092039,-0.08837889
2022-04-21,15967.92261924,-0.00855231,-0.09617536
2022-04-22,15672.30514185,-0.01851321,-0.11290805
2022-04-25,15708.83608172,0.00233092,-0.11084031
2022-04-26,15438.28055617,-0.01722314,-0.12615443
2022-04-27,15576.12352348,0.00892865,-0.11835217
2022-04-28,15922.33309506,0.02222694,-0.09875584
2022-04-29,15575.32635138,-0.02179371,-0.11839730
2022-05-03,15682.31738200,0.00686926,-0.11234133
2022-05-04,15893.74304602,0.01348179,-0.10037411
2022-05-05,15582.08217640,-0.01960903,-0.11801490
2022-05-06,15490.77448632,-0.00585979,-0.12318314
2022-05-09,15037.68893329,-0.02924873,-0.14882893
2022-05-10,15118.29033614,0.00535996,-0.14426669
2022-05-11,14950.12435785,-0.01112335,-0.15378530
2022-05-12,14811.91061586,-0.00924499,-0.16160855
2022-05-13,15159.79969252,0.02348712,-0.14191715
2022-05-16,15066.87357043,-0.00612977,-0.14717700
2022-05-17,15267.40042274,0.01330912,-0.13582668
2022-05-18,14863.25730080,-0.02647098,-0.15870220
2022-05-19,14688.26169630,-0.01177370,-0.16860739
2022-05-20,14684.56792971,-0.00025148,-0.16881647
2022-05-23,14915.83370330,0.01574890,-0.15572624
2022-05-24,14749.95498705,-0.01112098,-0.16511539
2022-05-25,14887.27639831,0.00930995,-0.15734266
2022-05-26,15147.13243186,0.01745491,-0.14263415
2022-05-27,15466.88073458,0.02110949,-0.12453559
2022-05-31,15413.62895885,-0.00344296,-0.12754978
2022-06-01,15401.52702717,-0.00078514,-0.12823478
2022-06-06,15411.74669470,0.00066355,-0.12765632
2022-06-07,15443.30564863,0.00204772,-0.12587000
2022-06-08,15452.13075152,0.00057145,-0.12537048
2022-06-09,15342.02821558,-0.00712540,-0.13160256
2022-06-10,15273.30051160,-0.00447970,-0.13549272
2022-06-13,14974.19351033,-0.01958365,-0.15242293
2022-06-14,14941.54245717,-0.00218049,-0.15427106
2022-06-15,15064.75797095,0.00824651,-0.14729675
2022-06-16,14936.25653100,-0.00852994,-0.15457026
2022-06-17,14917.78754994,-0.00123652,-0.15561565
2022-06-21,14990.24515617,0.00485713,-0.15151437
2022-06-22,15011.02554016,0.00138626,-0.15033814
2022-06-23,14987.08835573,-0.00159464,-0.15169305
2022-06-24,15113.07299130,0.00840621,-0.14456200
2022-06-27,15124.33377069,0.00074510,-0.14392461
2022-06-28,15070.92332758,-0.00353142,-0.14694778
2022-06-29,15043.82530924,-0.00179803,-0.14848159
2022-06-30,14940.38360768,-0.00687602,-0.15433666
2022-07-01,14971.78281703,0.00210163,-0.15255938
2022-07-05,14847.16826411,-0.00832329,-0.15961288
2022-07-06,14807.59421165,-0.00266543,-0.16185287
2022-07-07,14874.67309607,0.00453003,-0.15805604
2022-07-08,14892.01014037,0.00116554,-0.15707472
2022-07-11,14824.42903482,-0.00453808,-0.16089998
2022-07-12,14788.06425652,-0.00245303,-0.16295831
2022-07-13,14765.91208537,-0.00149798,-0.16421218
2022-07-14,14666.43354983,-0.00673704,-0.16984292
2022-07-15,14747.08686530,0.00549918,-0.16527774
2022-07-18,14740.57818048,-0.00044135,-0.16564615
2022-07-19,14809.59860491,0.00468234,-0.16173942
2022-07-20,14823.10614547,0.00091208,-0.16097485
2022-07-21,14938.33236616,0.00777342,-0.15445276
2022-07-22,14925.99194967,-0.00082609,-0.15515126
2022-07-25,14894.25589022,-0.00212623,-0.15694760
2022-07-26,14832.81616216,-0.00412506,-0.16042524
2022-07-27,14977.86749784,0.00977908,-0.15221497
2022-07-28,15106.18529296,0.00856716,-0.14495186
2022-07-29,15178.90894295,0.00481416,-0.14083552
2022-08-01,15206.93909246,0.00184665,-0.13924894
2022-08-02,15160.44713344,-0.00305729,-0.14188051
2022-08-03,15248.92010879,0.00583578,-0.13687271
2022-08-04,15356.16571358,0.00703300,-0.13080234
2022-08-05,15289.69365733,-0.00432869,-0.13456483
2022-08-08,15356.28759055,0.00435548,-0.13079544
2022-08-09,15331.21048381,-0.00163302,-0.13221487
2022-08-10,15381.74055375,0.00329590,-0.12935474
2022-08-11,15388.00551320,0.00040730,-0.12900013
2022-08-12,15499.85122029,0.00726837,-0.12266938
2022-08-15,15462.65169826,-0.00239999,-0.12477497
2022-08-16,15456.75925060,-0.00038108,-0.12510849
2022-08-17,15395.39256237,-0.00397022,-0.12858200
2022-08-18,15416.35496504,0.00136160,-0.12739548
2022-08-19,15352.94946489,-0.00411287,-0.13098439
2022-08-22,15230.65486540,-0.00796554,-0.13790657
2022-08-23,15232.04424390,0.00009122,-0.13782793
2022-08-24,15276.34442228,0.00290835,-0.13532043
2022-08-25,15330.31942599,0.00353324,-0.13226531
2022-08-26,15171.20916649,-0.01037880,-0.14127135
2022-08-30,15040.07571791,-0.00864357,-0.14869383
2022-08-31,14977.57290587,-0.00415575,-0.15223165
2022-09-01,14887.37691756,-0.00602207,-0.15733697
2022-09-02,14987.90960832,0.00675288,-0.15164656
2022-09-06,14887.55432527,-0.00669575,-0.15732693
2022-09-07,14990.26138934,0.00689885,-0.15151345
2022-09-08,15002.79266886,0.00083596,-0.15080415
2022-09-09,15100.24200925,0.00649541,-0.14528827
2022-09-12,15176.90954762,0.00507724,-0.14094869
2022-09-13,14957.26880080,-0.01447203,-0.15338091
2022-09-14,14897.72462787,-0.00398095,-0.15675126
2022-09-15,14755.96770054,-0.00951534,-0.16477506
2022-09-16,14740.04642413,-0.00107897,-0.16567624
2022-09-20,14718.63221228,-0.00145279,-0.16688834
2022-09-21,14748.43162972,0.00202461,-0.16520162
2022-09-22,14662.23646390,-0.00584436,-0.17008048
2022-09-23,14565.38746610,-0.00660534,-0.17556238
2022-09-26,14552.44053160,-0.00088888,-0.17629521
2022-09-27,14522.07898690,-0.00208635,-0.17801375
2022-09-28,14678.64982995,0.01078157,-0.16915145
2022-09-29,14522.87266782,-0.01061250,-0.17796883
2022-09-30,14492.36181490,-0.00210088,-0.17969582
2022-10-03,14633.19859688,0.00971800,-0.17172410
2022-10-04,14836.69500244,0.01390649,-0.16020569
2022-10-05,14815.14035932,-0.00145279,-0.16142574
2022-10-06,14837.75379284,0.00152637,-0.16014576
2022-10-07,14663.56846988,-0.01173933,-0.17000509
2022-10-10,14524.12766363,-0.00950934,-0.17789779
2022-10-11,14461.03749506,-0.00434382,-0.18146885
2022-10-12,14491.84448909,0.00213034,-0.17972510
2022-10-13,14428.90145709,-0.00434334,-0.18328783
2022-10-14,14361.72092203,-0.00465597,-0.18709042
2022-10-17,14404.45870128,0.00297581,-0.18467135
2022-10-18,14473.12115926,0.00476675,-0.18078489
2022-10-19,14402.41849258,-0.00488510,-0.18478684
2022-10-20,14398.17252732,-0.00029481,-0.18502717
2022-10-21,14531.32418693,0.00924782,-0.17749045
2022-10-24,14567.50278299,0.00248970,-0.17544265
2022-10-25,14610.97363796,0.00298410,-0.17298209
2022-10-26,14631.44329896,0.00140098,-0.17182345
2022-10-27,14581.08887654,-0.00344152,-0.17467364
2022-10-28,14574.08312550,-0.00048047,-0.17507019
2022-10-31,14546.63040754,-0.00188367,-0.17662408
2022-11-01,14604.94785548,0.00400900,-0.17332316
2022-11-02,14506.61750319,-0.00673267,-0.17888891
2022-11-03,14468.89157105,-0.00260060,-0.18102429
2022-11-04,14666.77819556,0.01367670,-0.16982341
2022-11-07,14647.82392615,-0.00129233,-0.17089627
2022-11-08,14826.93295464,0.01222769,-0.16075825
2022-11-09,14776.89964477,-0.00337449,-0.16359026
2022-11-10,15092.96794620,0.02138935,-0.14570000
2022-11-11,15166.00659223,0.00483925,-0.14156583
2022-11-14,15203.83905816,0.00249456,-0.13942441
2022-11-15,15224.87012664,0.00138327,-0.13823400
2022-11-16,15156.99653037,-0.00445807,-0.14207582
2022-11-17,15096.95939024,-0.00396102,-0.14547407
2022-11-18,15051.79542663,-0.00299159,-0.14803047
2022-11-21,15013.18051047,-0.00256547,-0.15021617
2022-11-22,15051.41790678,0.00254692,-0.14805183
2022-11-23,15093.03039998,0.00276469,-0.14569646
2022-11-25,15094.62972564,0.00010596,-0.14560594
2022-11-28,15006.68737738,-0.00582607,-0.15058369
2022-11-29,15017.89864098,0.00074708,-0.14994911
2022-11-30,15174.61505477,0.01043531,-0.14107857
2022-12-01,15307.52226294,0.00875852,-0.13355568
2022-12-02,15271.08209066,-0.00238054,-0.13561829
2022-12-05,15156.18714724,-0.00752369,-0.14212163
2022-12-06,15097.39443712,-0.00387912,-0.14544945
2022-12-07,15124.20176137,0.00177563,-0.14393208
2022-12-08,15163.90841338,0.00262537,-0.14168459
2022-12-09,15163.88160766,-0.00000177,-0.14168611
2022-12-12,15138.64670093,-0.00166415,-0.14311446
2022-12-13,15286.73306006,0.00978201,-0.13473240
2022-12-14,15255.48920068,-0.00204385,-0.13650088
2022-12-15,15073.67155428,-0.01191818,-0.14679222
2022-12-16,15078.58187497,0.00032575,-0.14651429
2022-12-19,15038.70574987,-0.00264455,-0.14877137
2022-12-20,15129.03620458,0.00600653,-0.14365844
2022-12-21,15198.82083196,0.00461263,-0.13970846
2022-12-22,15073.45748115,-0.00824823,-0.14680434
2022-12-23,15100.05525607,0.00176454,-0.14529884
2022-12-28,15083.03429987,-0.00112721,-0.14626227
2022-12-29,15168.18710847,0.00564560,-0.14144240
2022-12-30,15179.01840592,0.00071408,-0.14082932
2023-01-03,15225.92403191,0.00309016,-0.13817435
2023-01-04,15297.34586524,0.00469080,-0.13413169
2023-01-05,15206.13376793,-0.00596261,-0.13929453
2023-01-06,15368.25386571,0.01066149,-0.13011812
2023-01-09,15428.02787857,0.00388945,-0.12673476
2023-01-10,15420.65089545,-0.00047815,-0.12715232
2023-01-11,15512.46085059,0.00595370,-0.12195564
2023-01-12,15603.58155476,0.00587403,-0.11679798
2023-01-13,15665.95847359,0.00399760,-0.11326729
2023-01-17,15651.85135274,-0.00090050,-0.11406579
2023-01-18,15560.82679118,-0.00581558,-0.11921801
2023-01-19,15537.96331035,-0.00146930,-0.12051214
2023-01-20,15621.87957945,0.00540073,-0.11576227
2023-01-23,15756.79328366,0.00863620,-0.10812581
2023-01-24,15781.99858364,0.00159965,-0.10669913
2023-01-25,15762.21855649,-0.00125333,-0.10781873
2023-01-26,15793.10630400,0.00195961,-0.10607040
2023-01-27,15826.41221905,0.00210889,-0.10418520
2023-01-30,15756.98640854,-0.00438671,-0.10811488
2023-01-31,15824.14745434,0.00426230,-0.10431340
2023-02-01,15958.59336299,0.00849625,-0.09670342
2023-02-02,16089.26441674,0.00818813,-0.08930711
2023-02-03,16012.62750505,-0.00476323,-0.09364495
2023-02-06,15942.34217011,-0.00438937,-0.09762328
2023-02-07,16028.50877016,0.00540489,-0.09274603
2023-02-08,15981.71518193,-0.00291940,-0.09539467
2023-02-09,15920.66228022,-0.00382017,-0.09885041
2023-02-10,15888.89304177,-0.00199547,-0.10064863
2023-02-13,15957.06933734,0.00429081,-0.09678968
2023-02-14,15946.77759106,-0.00064496,-0.09737222
2023-02-15,15996.01284905,0.00308747,-0.09458538
2023-02-16,15936.14775896,-0.00374250,-0.09797390
2023-02-17,15847.99804543,-0.00553143,-0.10296339
2023-02-21,15669.66867623,-0.01125249,-0.11305728
2023-02-22,15647.94895166,-0.00138610,-0.11428667
2023-02-23,15701.42182528,0.00341724,-0.11125998
2023-02-24,15602.53422688,-0.00629800,-0.11685726
2023-02-27,15644.99289671,0.00272127,-0.11445399
2023-02-28,15617.50752752,-0.00175682,-0.11600974
2023-03-01,15629.54148780,0.00077054,-0.11532858
2023-03-02,15665.08837366,0.00227434,-0.11331654
2023-03-03,15820.21889578,0.00990295,-0.10453576
2023-03-06,15822.71929488,0.00015805,-0.10439423
2023-03-07,15685.82900803,-0.00865150,-0.11214257
2023-03-08,15697.56467495,0.00074817,-0.11147830
2023-03-09,15707.54755054,0.00063595,-0.11091324
2023-03-10,15716.86022165,0.00059288,-0.11038612
2023-03-13,15786.15831521,0.00440916,-0.10646368
2023-03-14,15832.64606821,0.00294484,-0.10383235
2023-03-15,15830.63816022,-0.00012682,-0.10394600
2023-03-16,15947.58121974,0.00738713,-0.09732673
2023-03-17,16098.56633977,0.00946759,-0.08878060
2023-03-20,16097.99182667,-0.00003569,-0.08881311
2023-03-21,16058.95917988,-0.00242469,-0.09102246
2023-03-22,16150.06997226,0.00567352,-0.08586536
2023-03-23,16244.03189756,0.00581805,-0.08054688
2023-03-24,16143.33856205,-0.00619879,-0.08624637
2023-03-27,16095.52424242,-0.00296186,-0.08895279
2023-03-28,16122.64423854,0.00168494,-0.08741773
2023-03-29,16168.28585016,0.00283090,-0.08483430
2023-03-30,16274.64302931,0.00657814,-0.07881421
2023-03-31,16294.04893711,0.00119240,-0.07771579
2023-04-03,16353.93325368,0.00367523,-0.07432618
2023-04-04,16392.63402095,0.00236645,-0.07213562
2023-04-05,16358.77121329,-0.00206573,-0.07405234
2023-04-06,16351.29672662,-0.00045691,-0.07447542
2023-04-11,16351.08418119,-0.00001300,-0.07448745
2023-04-12,16359.20074515,0.00049639,-0.07402803
2023-04-13,16458.75827241,0.00608572,-0.06839282
2023-04-14,16401.01899139,-0.00350812,-0.07166101
2023-04-17,16406.49230107,0.00033372,-0.07135121
2023-04-18,16428.40236920,0.00133545,-0.07011105
2023-04-19,16388.71163103,-0.00241598,-0.07235764
2023-04-20,16389.87692644,0.00007110,-0.07229168
2023-04-21,16346.37691837,-0.00265408,-0.07475389
2023-04-24,16342.43332412,-0.00024125,-0.07497711
2023-04-25,16316.41261672,-0.00159222,-0.07644995
2023-04-26,16284.48066937,-0.00195704,-0.07825738
2023-04-27,16334.13174548,0.00304898,-0.07544700
2023-04-28,16371.47057521,0.00228594,-0.07333353
2023-05-02,16396.36818104,0.00152079,-0.07192426
2023-05-03,16417.93430131,0.00131530,-0.07070356
2023-05-04,16394.52254954,-0.00142599,-0.07202873
2023-05-05,16406.82990439,0.00075070,-0.07133210
2023-05-09,16431.36373297,0.00149534,-0.06994342
2023-05-10,16453.12664498,0.00132447,-0.06871159
2023-05-11,16434.66443808,-0.00112211,-0.06975660
2023-05-12,16430.58871140,-0.00024800,-0.06998729
2023-05-15,16455.80383765,0.00153465,-0.06856005
2023-05-16,16402.73516697,-0.00322492,-0.07156387
2023-05-17,16415.97857108,0.00080739,-0.07081426
2023-05-18,16453.61643095,0.00229276,-0.06868387
2023-05-19,16493.61419719,0.00243094,-0.06641989
2023-05-22,16511.40436562,0.00107861,-0.06541292
2023-05-23,16467.48384982,-0.00266001,-0.06789893
2023-05-24,16371.89095346,-0.00580495,-0.07330973
2023-05-25,16426.96305597,0.00336382,-0.07019251
2023-05-26,16548.46853363,0.00739671,-0.06331500
2023-05-30,16563.17889112,0.00088893,-0.06248235
2023-05-31,16513.96987147,-0.00297099,-0.06526771
2023-06-01,16577.69642218,0.00385895,-0.06166063
2023-06-02,16632.10143689,0.00328182,-0.05858116
2023-06-05,16659.88365311,0.00167040,-0.05700862
2023-06-06,16665.51724791,0.00033815,-0.05668975
2023-06-07,16536.92606191,-0.00771600,-0.06396833
2023-06-08,16609.99436534,0.00441849,-0.05983248
2023-06-09,16619.53906426,0.00057464,-0.05929223
2023-06-12,16741.67908478,0.00734918,-0.05237879
2023-06-13,16754.81851922,0.00078483,-0.05163507
2023-06-14,16794.14449553,0.00234714,-0.04940912
2023-06-15,16869.49433993,0.00448667,-0.04514413
2023-06-16,16829.57856134,-0.00236615,-0.04740346
2023-06-20,16725.15432242,-0.00620480,-0.05331414
2023-06-21,16660.99909190,-0.00383585,-0.05694548
2023-06-22,16640.14972576,-0.00125139,-0.05812561
2023-06-23,16582.10529883,-0.00348822,-0.06141107
2023-06-26,16559.14955614,-0.00138437,-0.06271042
2023-06-27,16624.93904866,0.00397300,-0.05898657
2023-06-28,16679.90131481,0.00330601,-0.05587557
2023-06-29,16702.29794432,0.00134273,-0.05460787
2023-06-30,16813.10893070,0.00663448,-0.04833568
2023-07-03,16829.41487702,0.00096984,-0.04741273
2023-07-05,16764.78835948,-0.00384009,-0.05107075
2023-07-06,16672.38066100,-0.00551201,-0.05630126
2023-07-07,16673.64995196,0.00007613,-0.05622941
2023-07-10,16685.82776524,0.00073036,-0.05554012
2023-07-11,16711.49797259,0.00153844,-0.05408712
2023-07-12,16856.66587834,0.00868671,-0.04587025
2023-07-13,16904.29756558,0.00282569,-0.04317418
2023-07-14,16895.02159037,-0.00054873,-0.04369922
2023-07-17,16956.65239912,0.00364787,-0.04021076
2023-07-18,17078.74928678,0.00720053,-0.03329977
2023-07-19,17162.01582352,0.00487545,-0.02858668
2023-07-20,17051.90469801,-0.00641598,-0.03481924
2023-07-21,17035.82617965,-0.00094292,-0.03572933
2023-07-24,17034.14432727,-0.00009872,-0.03582452
2023-07-25,17101.66732820,0.00396398,-0.03200255
2023-07-26,17043.93751427,-0.00337568,-0.03527021
2023-07-27,17018.68545583,-0.00148159,-0.03669954
2023-07-28,17109.22976558,0.00532029,-0.03157450
2023-07-31,17128.11327308,0.00110370,-0.03050565
2023-08-01,17105.49418939,-0.00132058,-0.03178594
2023-08-02,16944.90397944,-0.00938822,-0.04087575
2023-08-03,16903.95768788,-0.00241644,-0.04319342
2023-08-04,16871.49052369,-0.00192068,-0.04503114
2023-08-07,16851.66240357,-0.00117524,-0.04615346
2023-08-08,16787.67781276,-0.00379693,-0.04977515
2023-08-09,16731.46198189,-0.00334864,-0.05295711
2023-08-10,16763.22469005,0.00189838,-0.05115926
2023-08-11,16693.68040078,-0.00414862,-0.05509564
2023-08-14,16761.81102207,0.00408122,-0.05123928
2023-08-15,16671.02147711,-0.00541645,-0.05637819
2023-08-16,16594.33946873,-0.00459972,-0.06071859
2023-08-17,16514.10188628,-0.00483524,-0.06526024
2023-08-18,16489.25289943,-0.00150471,-0.06666675
2023-08-21,16579.31331299,0.00546176,-0.06156911
2023-08-22,16609.37503524,0.00181321,-0.05986754
2023-08-23,16749.04115862,0.00840887,-0.05196208
2023-08-24,16659.61515875,-0.00533917,-0.05702382
2023-08-25,16696.35999463,0.00220562,-0.05494397
2023-08-29,16928.86295938,0.01392537,-0.04178372
2023-08-30,16962.03019771,0.00195921,-0.03990637
2023-08-31,17000.43270021,0.00226403,-0.03773269
2023-09-01,17037.39797079,0.00217437,-0.03564036
2023-09-05,17015.61012276,-0.00127882,-0.03687361
2023-09-06,16936.44680592,-0.00465239,-0.04135445
2023-09-07,16881.19788170,-0.00326213,-0.04448168
2023-09-08,16908.62199510,0.00162454,-0.04292940
2023-09-11,16930.83778865,0.00131387,-0.04167193
2023-09-12,16853.33319948,-0.00457772,-0.04605889
2023-09-13,16850.08832388,-0.00019254,-0.04624256
2023-09-14,16938.11770564,0.00522427,-0.04125987
2023-09-15,16884.13249584,-0.00318720,-0.04431557
2023-09-18,16915.37443386,0.00185037,-0.04254720
2023-09-19,16886.38332208,-0.00171389,-0.04418817
2023-09-20,16854.47503687,-0.00188959,-0.04599426
2023-09-21,16707.50189476,-0.00872013,-0.05431331
2023-09-22,16740.89601411,0.00199875,-0.05242312
2023-09-25,16712.67485395,-0.00168576,-0.05402051
2023-09-26,16587.17176491,-0.00750946,-0.06112430
2023-09-27,16534.71445175,-0.00316252,-0.06409351
2023-09-28,16541.69129331,0.00042195,-0.06369861
2023-09-29,16522.27348640,-0.00117387,-0.06479770
2023-10-02,16508.16066745,-0.00085417,-0.06559652
2023-10-03,16386.03930926,-0.00739764,-0.07250890
2023-10-04,16414.86209871,0.00175898,-0.07087746
2023-10-05,16414.78209930,-0.00000487,-0.07088199
2023-10-06,16520.19462492,0.00642180,-0.06491537
2023-10-09,16621.82013866,0.00615159,-0.05916311
2023-10-10,16690.62294078,0.00413931,-0.05526870
2023-10-11,16724.56306611,0.00203348,-0.05334760
2023-10-12,16761.77846843,0.00222519,-0.05124112
2023-10-13,16788.64431258,0.00160280,-0.04972044
2023-10-16,16829.23943624,0.00241801,-0.04742266
2023-10-17,16821.83204080,-0.00044015,-0.04784193
2023-10-18,16801.45329746,-0.00121145,-0.04899542
2023-10-19,16792.45807452,-0.00053538,-0.04950458
2023-10-20,16659.34057989,-0.00792722,-0.05703936
2023-10-23,16629.26311713,-0.00180544,-0.05874182
2023-10-24,16681.34065290,0.00313168,-0.05579410
2023-10-25,16641.77948973,-0.00237158,-0.05803336
2023-10-26,16529.60271041,-0.00674067,-0.06438285
2023-10-27,16566.60274143,0.00223841,-0.06228856
2023-10-30,16596.72931641,0.00181851,-0.06058332
2023-10-31,16631.78926995,0.00211246,-0.05859883
2023-11-01,16732.42326363,0.00605070,-0.05290270
2023-11-02,16913.47621620,0.01082049,-0.04265464
2023-11-03,16971.89976045,0.00345426,-0.03934772
2023-11-06,16971.96746347,0.00000399,-0.03934389
2023-11-07,17056.15989936,0.00496068,-0.03457839
2023-11-08,17051.62932932,-0.00026563,-0.03483483
2023-11-09,17074.40717108,0.00133582,-0.03354555
2023-11-10,17178.32805288,0.00608635,-0.02766336
2023-11-13,17186.20175762,0.00045835,-0.02721769
2023-11-14,17332.84773093,0.00853277,-0.01891716
2023-11-15,17368.88168177,0.00207894,-0.01687755
2023-11-16,17401.46106328,0.00187573,-0.01503347
2023-11-17,17419.92347608,0.00106097,-0.01398845
2023-11-20,17495.81257523,0.00435645,-0.00969294
2023-11-21,17462.88222818,-0.00188218,-0.01155688
2023-11-22,17522.49339932,0.00341359,-0.00818274
2023-11-24,17480.26217893,-0.00241011,-0.01057313
2023-11-27,17493.18462090,0.00073926,-0.00984169
2023-11-28,17519.14298287,0.00148391,-0.00837238
2023-11-29,17527.58591032,0.00048193,-0.00789449
2023-11-30,17531.99672217,0.00025165,-0.00764482
2023-12-01,17618.91447408,0.00495766,-0.00272506
2023-12-04,17450.20000522,-0.00957576,-0.01227473
2023-12-05,17464.19805637,0.00080217,-0.01148240
2023-12-06,17471.79344397,0.00043491,-0.01105248
2023-12-07,17529.51091919,0.00330347,-0.00778553
2023-12-08,17503.27408036,-0.00149672,-0.00927060
2023-12-11,17482.04514696,-0.00121285,-0.01047221
2023-12-12,17513.98871672,0.00182722,-0.00866412
2023-12-13,17692.56110556,0.01019599,0.00000000
2023-12-14,17717.69900283,0.00142082,0.00000000
2023-12-15,17702.50597538,-0.00085751,-0.00085751
2023-12-18,17760.93829178,0.00330079,0.00000000
2023-12-19,17803.84607835,0.00241585,0.00000000
2023-12-20,17765.61340566,-0.00214744,-0.00214744
2023-12-21,17820.41231073,0.00308455,0.00000000
2023-12-22,17843.20188300,0.00127885,0.00000000
2023-12-27,17938.07182211,0.00531687,0.00000000
2023-12-28,17934.68103389,-0.00018903,-0.00018903
2023-12-29,17917.97780498,-0.00093134,-0.00112019
2024-01-02,17820.15714580,-0.00545936,-0.00657343
2024-01-03,17700.88217594,-0.00669326,-0.01322269
2024-01-04,17682.94007403,-0.00101363,-0.01422292
2024-01-05,17658.52648987,-0.00138063,-0.01558391
2024-01-08,17696.42170492,0.00214600,-0.01347135
2024-01-09,17733.38453722,0.00208872,-0.01141077
2024-01-10,17757.16386248,0.00134094,-0.01008514
2024-01-11,17770.81153705,0.00076857,-0.00932432
2024-01-12,17861.71780296,0.00511548,-0.00425653
2024-01-16,17828.86328130,-0.00183938,-0.00608809
2024-01-17,17704.17727342,-0.00699349,-0.01303900
2024-01-18,17834.35208921,0.00735277,-0.00578210
2024-01-19,17954.87538130,0.00675793,0.00000000
2024-01-22,17982.12704550,0.00151779,0.00000000
2024-01-23,18020.24187337,0.00211960,0.00000000
2024-01-24,18019.08443129,-0.00006423,-0.00006423
2024-01-25,18066.68805767,0.00264184,0.00000000
2024-01-26,18031.58257407,-0.00194311,-0.00194311
2024-01-29,18112.43111641,0.00448372,0.00000000
2024-01-30,18123.96458958,0.00063677,0.00000000
2024-01-31,18011.32251105,-0.00621509,-0.00621509
2024-02-01,18099.81283655,0.00491304,-0.00133259
2024-02-02,18146.55613783,0.00258253,0.00000000
2024-02-05,18142.13717786,-0.00024352,-0.00024352
2024-02-06,18159.39409160,0.00095121,0.00000000
2024-02-07,18210.23857052,0.00279990,0.00000000
2024-02-08,18223.46598570,0.00072637,0.00000000
2024-02-09,18255.34374656,0.00174927,0.00000000
2024-02-12,18255.80606518,0.00002533,0.00000000
2024-02-13,18055.68779532,-0.01096190,-0.01096190
2024-02-14,18114.22808455,0.00324221,-0.00775523
2024-02-15,18178.44636680,0.00354518,-0.00423754
2024-02-16,18193.87865869,0.00084893,-0.00339220
2024-02-20,18141.72150365,-0.00286674,-0.00624922
2024-02-21,18122.82799392,-0.00104144,-0.00728415
2024-02-22,18300.11583236,0.00978257,0.00000000
2024-02-23,18335.10534827,0.00191198,0.00000000
2024-02-26,18319.01882293,-0.00087736,-0.00087736
2024-02-27,18307.86384633,-0.00060893,-0.00148576
2024-02-28,18310.69127500,0.00015444,-0.00133155
2024-02-29,18382.03234969,0.00389614,0.00000000
2024-03-01,18595.44928314,0.01161008,0.00000000
2024-03-04,18689.68168145,0.00506750,0.00000000
2024-03-05,18611.03496965,-0.00420803,-0.00420803
2024-03-06,18707.82147064,0.00520049,0.00000000
2024-03-07,18812.27805712,0.00558358,0.00000000
2024-03-08,18801.11065190,-0.00059362,-0.00059362
2024-03-11,18784.89673324,-0.00086239,-0.00145550
2024-03-12,18827.80024887,0.00228394,0.00000000
2024-03-13,18843.52403753,0.00083514,0.00000000
2024-03-14,18814.47128000,-0.00154179,-0.00154179
2024-03-15,18726.11197144,-0.00469635,-0.00623090
2024-03-18,18787.66051963,0.00328678,-0.00296460
2024-03-19,18803.19628874,0.00082691,-0.00214014
2024-03-20,18924.36071978,0.00644382,0.00000000
2024-03-21,19010.33181788,0.00454288,0.00000000
2024-03-22,18961.79569830,-0.00255314,-0.00255314
2024-03-25,18941.80458557,-0.00105428,-0.00360474
2024-03-26,18964.65693589,0.00120645,-0.00240263
2024-03-27,19022.62719550,0.00305675,0.00000000
2024-03-28,19114.52902623,0.00483118,0.00000000
2024-04-02,19234.38931946,0.00627064,0.00000000
2024-04-03,19308.81752371,0.00386954,0.00000000
2024-04-04,19231.47812083,-0.00400539,-0.00400539
2024-04-05,19348.73990690,0.00609739,0.00000000
2024-04-08,19396.55068823,0.00247100,0.00000000
2024-04-09,19417.81952407,0.00109653,0.00000000
2024-04-10,19329.96377816,-0.00452449,-0.00452449
2024-04-11,19530.21722921,0.01035974,0.00000000
2024-04-12,19407.68996591,-0.00627373,-0.00627373
2024-04-15,19463.08174054,0.00285411,-0.00343752
2024-04-16,19406.21464285,-0.00292179,-0.00634927
2024-04-17,19287.94072238,-0.00609464,-0.01240521
2024-04-18,19292.79464513,0.00025166,-0.01215668
2024-04-19,19232.57558045,-0.00312132,-0.01524006
2024-04-22,19113.59207657,-0.00618656,-0.02133234
2024-04-23,19172.26715469,0.00306981,-0.01832801
2024-04-24,19179.89119232,0.00039766,-0.01793764
2024-04-25,19146.68318042,-0.00173140,-0.01963798
2024-04-26,19282.81227943,0.00710980,-0.01266780
2024-04-29,19266.49461025,-0.00084623,-0.01350331
2024-04-30,19049.46881753,-0.01126442,-0.02461562
2024-05-01,19042.69795561,-0.00035544,-0.02496231
2024-05-02,19073.04188452,0.00159347,-0.02340862
2024-05-03,19184.13428345,0.00582458,-0.01772038
2024-05-07,19313.59089949,0.00674811,-0.01109185
2024-05-08,19311.80511925,-0.00009246,-0.01118329
2024-05-09,19440.76583063,0.00667782,-0.00458015
2024-05-10,19519.41468298,0.00404556,-0.00055312
2024-05-13,19442.28861178,-0.00395125,-0.00450218
2024-05-14,19520.33024681,0.00401401,-0.00050624
2024-05-15,19696.53299521,0.00902663,0.00000000
2024-05-16,19681.93693490,-0.00074105,-0.00074105
2024-05-17,19768.21050460,0.00438339,0.00000000
2024-05-20,19852.81068044,0.00427961,0.00000000
2024-05-21,19829.36506861,-0.00118097,-0.00118097
2024-05-22,19690.47993287,-0.00700401,-0.00817671
2024-05-23,19522.42338982,-0.00853491,-0.01664184
2024-05-24,19537.26372167,0.00076017,-0.01589432
2024-05-28,19609.87027420,0.00371631,-0.01223708
2024-05-29,19507.41711645,-0.00522457,-0.01739772
2024-05-30,19449.50889312,-0.00296852,-0.02031459
2024-05-31,19393.73429230,-0.00286766,-0.02312400
2024-06-03,19493.55796462,0.00514721,-0.01809581
2024-06-04,19423.39898883,-0.00359909,-0.02162977
2024-06-05,19616.36764398,0.00993486,-0.01190980
2024-06-06,19680.63878715,0.00327640,-0.00867242
2024-06-07,19449.12290473,-0.01176364,-0.02033404
2024-06-10,19509.33587286,0.00309592,-0.01730107
2024-06-11,19569.48047434,0.00308286,-0.01427154
2024-06-12,19680.71510483,0.00568409,-0.00866857
2024-06-13,19635.55675019,-0.00229455,-0.01094323
2024-06-14,19750.82341436,0.00587030,-0.00513717
2024-06-17,19765.49784475,0.00074298,-0.00439801
2024-06-18,19831.38190472,0.00333329,-0.00107938
2024-06-20,19912.10619601,0.00407053,0.00000000
2024-06-21,19783.16245891,-0.00647565,-0.00647565
2024-06-24,19752.95744316,-0.00152680,-0.00799256
2024-06-25,19758.05379201,0.00025800,-0.00773662
2024-06-26,19699.38904921,-0.00296916,-0.01068280
2024-06-27,19781.94931574,0.00419101,-0.00653657
2024-06-28,19805.32145234,0.00118149,-0.00536281
2024-07-01,19823.87635770,0.00093686,-0.00443096
2024-07-02,19834.41733532,0.00053173,-0.00390159
2024-07-03,19963.48154115,0.00650708,0.00000000
2024-07-05,20082.50907934,0.00596226,0.00000000
2024-07-08,20011.33968637,-0.00354385,-0.00354385
2024-07-09,20031.14608303,0.00098976,-0.00255760
2024-07-10,20103.61243367,0.00361768,0.00000000
2024-07-11,20158.19729263,0.00271518,0.00000000
2024-07-12,20192.92294567,0.00172266,0.00000000
2024-07-15,20228.06214212,0.00174017,0.00000000
2024-07-16,20377.08478830,0.00736712,0.00000000
2024-07-17,20196.66642703,-0.00885398,-0.00885398
2024-07-18,20124.69783561,-0.00356339,-0.01238582
2024-07-19,19929.12053687,-0.00971827,-0.02198373
2024-07-22,20007.76948778,0.00394643,-0.01812405
2024-07-23,20059.06988744,0.00256402,-0.01560650
2024-07-24,19845.92571766,-0.01062583,-0.02606649
2024-07-25,19695.22812912,-0.00759338,-0.03346193
2024-07-26,19821.23294573,0.00639773,-0.02727828
2024-07-29,19804.52548712,-0.00084291,-0.02809819
2024-07-30,19823.49282386,0.00095773,-0.02716738
2024-07-31,20131.99404545,0.01556240,-0.01202776
2024-08-01,19980.57919249,-0.00752111,-0.01945841
2024-08-02,19759.46022227,-0.01106669,-0.03030976
2024-08-05,19523.42636504,-0.01194536,-0.04189306
2024-08-06,19537.33801130,0.00071256,-0.04121035
2024-08-07,19553.61063081,0.00083290,-0.04041177
2024-08-08,19739.56365734,0.00950991,-0.03128618
2024-08-09,19780.36891626,0.00206718,-0.02928367
2024-08-12,19939.21158201,0.00803032,-0.02148851
2024-08-13,20030.44917622,0.00457579,-0.01701105
2024-08-14,20017.88417655,-0.00062729,-0.01762767
2024-08-15,20166.24541787,0.00741143,-0.01034689
2024-08-16,20338.02542800,0.00851819,-0.00191683
2024-08-19,20382.10245200,0.00216722,0.00000000
2024-08-20,20393.45347639,0.00055691,0.00000000
2024-08-21,20401.21927889,0.00038080,0.00000000
2024-08-22,20239.71081044,-0.00791661,-0.00791661
2024-08-23,20361.76250924,0.00603031,-0.00193404
2024-08-27,20377.31839325,0.00076398,-0.00117154
2024-08-28,20283.37488804,-0.00461020,-0.00577634
2024-08-29,20348.35520817,0.00320362,-0.00259122
2024-08-30,20313.00845836,-0.00173708,-0.00432380
2024-09-03,20161.03317677,-0.00748167,-0.01177312
2024-09-04,20103.14164071,-0.00287146,-0.01461078
2024-09-05,20134.79072454,0.00157434,-0.01305944
2024-09-06,19962.95827895,-0.00853411,-0.02148210
2024-09-09,20089.35712493,0.00633167,-0.01528645
2024-09-10,20165.12086530,0.00377134,-0.01157276
2024-09-11,20216.50812931,0.00254832,-0.00905393
2024-09-12,20452.13945019,0.01165539,0.00000000
2024-09-13,20577.57422413,0.00613309,0.00000000
2024-09-16,20539.53626644,-0.00184852,-0.00184852
2024-09-17,20534.61049684,-0.00023982,-0.00208789
2024-09-18,20414.12089514,-0.00586764,-0.00794327
2024-09-19,20659.49512681,0.01201983,0.00000000
2024-09-20,20720.96794826,0.00297552,0.00000000
2024-09-23,20734.86067111,0.00067047,0.00000000
2024-09-24,20869.95757935,0.00651545,0.00000000
2024-09-25,20880.46230490,0.00050334,0.00000000
2024-09-26,20952.00353212,0.00342623,0.00000000
2024-09-27,20881.45402908,-0.00336720,-0.00336720
2024-09-30,20802.12298127,-0.00379912,-0.00715352
2024-10-01,20847.71254723,0.00219158,-0.00497761
2024-10-02,20877.81380176,0.00144386,-0.00354094
2024-10-03,20918.53180209,0.00195030,-0.00159754
2024-10-04,20941.36928200,0.00109173,-0.00050755
2024-10-07,20927.64649173,-0.00065530,-0.00116252
2024-10-08,20902.36759732,-0.00120792,-0.00236903
2024-10-09,20922.72273579,0.00097382,-0.00139752
2024-10-10,20993.78888256,0.00339660,0.00000000
2024-10-11,21099.28773818,0.00502524,0.00000000
2024-10-14,21152.12420403,0.00250418,0.00000000
2024-10-15,21098.08155199,-0.00255495,-0.00255495
2024-10-16,21162.54270821,0.00305531,0.00000000
2024-10-17,21245.38001945,0.00391434,0.00000000
2024-10-18,21331.92724649,0.00407370,0.00000000
2024-10-21,21331.85049486,-0.00000360,-0.00000360
2024-10-22,21418.19342744,0.00404761,0.00000000
2024-10-23,21263.15578844,-0.00723860,-0.00723860
2024-10-24,21329.46177120,0.00311835,-0.00414282
2024-10-25,21381.72890944,0.00245047,-0.00170250
2024-10-28,21375.41170680,-0.00029545,-0.00199745
2024-10-29,21490.24121641,0.00537204,0.00000000
2024-10-30,21496.79383248,0.00030491,0.00000000
2024-10-31,21254.84981331,-0.01125489,-0.01125489
2024-11-01,21242.57444998,-0.00057753,-0.01182592
2024-11-04,21231.72719814,-0.00051064,-0.01233052
2024-11-05,21295.69915232,0.00301304,-0.00935464
2024-11-06,21221.10277883,-0.00350288,-0.01282475
2024-11-07,21419.38375521,0.00934358,-0.00360101
2024-11-08,21387.88745535,-0.00147046,-0.00506617
2024-11-11,21221.97429249,-0.00775734,-0.01278421
2024-11-12,21166.74555664,-0.00260243,-0.01535337
2024-11-13,21094.10529319,-0.00343181,-0.01873249
2024-11-14,21066.76832840,-0.00129595,-0.02000417
2024-11-15,20950.14128115,-0.00553607,-0.02542949
2024-11-18,21124.90159421,0.00834172,-0.01729989
2024-11-19,21207.26646746,0.00389895,-0.01346840
2024-11-20,21239.68075040,0.00152845,-0.01196053
2024-11-21,21399.83796617,0.00754047,-0.00451025
2024-11-22,21558.33588451,0.00740650,0.00000000
2024-11-25,21330.37568856,-0.01057411,-0.01057411
2024-11-26,21363.76712107,0.00156544,-0.00902522
2024-11-27,21296.06202517,-0.00316916,-0.01216577
2024-11-29,21421.16376592,0.00587441,-0.00636283
2024-12-02,21408.61835325,-0.00058566,-0.00694476
2024-12-03,21432.89588460,0.00113401,-0.00581863
2024-12-04,21500.21934607,0.00314113,-0.00269578
2024-12-05,21425.81229076,-0.00346076,-0.00614721
2024-12-06,21440.74010936,0.00069672,-0.00545477
2024-12-09,21488.28177678,0.00221735,-0.00324951
2024-12-10,21566.46201904,0.00363827,0.00000000
2024-12-11,21701.01951810,0.00623920,0.00000000
2024-12-12,21572.69601382,-0.00591325,-0.00591325
2024-12-13,21479.13385059,-0.00433706,-0.01022467
2024-12-16,21504.20600672,0.00116728,-0.00906932
2024-12-17,21443.46116637,-0.00282479,-0.01186849
2024-12-18,21212.20730942,-0.01078435,-0.02252485
2024-12-19,21157.85509712,-0.00256231,-0.02502944
2024-12-20,21293.88587447,0.00642933,-0.01876104
2024-12-23,21282.52584334,-0.00053349,-0.01928452
2024-12-24,21349.80082800,0.00316104,-0.01618443
2024-12-27,21310.25269229,-0.00185239,-0.01800684
2024-12-30,21238.44594627,-0.00336959,-0.02131575
2024-12-31,21287.34057444,0.00230218,-0.01906265
2025-01-02,21448.03094051,0.00754864,-0.01165791
2025-01-03,21410.32274623,-0.00175812,-0.01339554
2025-01-06,21463.32777926,0.00247568,-0.01095302
2025-01-07,21433.43819809,-0.00139259,-0.01233036
2025-01-08,21503.38336207,0.00326337,-0.00910723
2025-01-10,21527.91782257,0.00114096,-0.00797666
2025-01-13,21421.48316370,-0.00494403,-0.01288125
2025-01-14,21492.72635824,0.00332578,-0.00959831
2025-01-15,21652.67316748,0.00744190,-0.00222784
2025-01-16,21712.10485417,0.00274477,0.00000000
2025-01-17,21765.19457239,0.00244517,0.00000000
2025-01-21,21886.33368443,0.00556573,0.00000000
2025-01-22,22020.37281481,0.00612433,0.00000000
2025-01-23,22008.75564367,-0.00052756,-0.00052756
2025-01-24,22013.08350007,0.00019664,-0.00033103
2025-01-27,21742.03464220,-0.01231308,-0.01264003
2025-01-28,21907.44698726,0.00760795,-0.00512824
2025-01-29,21875.36925305,-0.00146424,-0.00658497
2025-01-30,22007.64164703,0.00604664,-0.00057815
2025-01-31,22061.25673597,0.00243620,0.00000000
2025-02-03,22005.69237770,-0.00251864,-0.00251864
2025-02-04,22132.32971040,0.00575475,0.00000000
2025-02-05,22214.81437667,0.00372689,0.00000000
2025-02-06,22272.16052225,0.00258144,0.00000000
2025-02-07,22249.69328036,-0.00100876,-0.00100876
2025-02-10,22456.83164794,0.00930972,0.00000000
2025-02-11,22418.81369016,-0.00169294,-0.00169294
2025-02-12,22398.05998570,-0.00092573,-0.00261710
2025-02-13,22536.38596325,0.00617580,0.00000000
2025-02-14,22406.38101877,-0.00576867,-0.00576867
2025-02-18,22582.85084189,0.00787587,0.00000000
2025-02-19,22599.76587203,0.00074902,0.00000000
2025-02-20,22552.59686585,-0.00208715,-0.00208715
2025-02-21,22462.79595650,-0.00398184,-0.00606068
2025-02-24,22421.90870602,-0.00182022,-0.00786987
2025-02-25,22206.73890135,-0.00959641,-0.01739075
2025-02-26,22299.94771315,0.00419732,-0.01326643
2025-02-27,22056.29268789,-0.01092626,-0.02404774
2025-02-28,22001.49947017,-0.00248424,-0.02647224
2025-03-03,22045.03375445,0.00197870,-0.02454592
2025-03-04,21972.36394316,-0.00329643,-0.02776143
2025-03-05,22002.68637038,0.00138003,-0.02641972
2025-03-06,21934.31123625,-0.00310758,-0.02944520
2025-03-07,21878.45253489,-0.00254664,-0.03191685
2025-03-10,21694.20329984,-0.00842149,-0.04006956
2025-03-11,21719.47334673,0.00116483,-0.03895140
2025-03-12,21815.80834335,0.00443542,-0.03468875
2025-03-13,21905.73093024,0.00412190,-0.03070983
2025-03-14,22033.95144603,0.00585329,-0.02503630
2025-03-17,22113.93434775,0.00362998,-0.02149719
2025-03-18,22185.62130021,0.00324171,-0.01832517
2025-03-19,22282.45763252,0.00436482,-0.01404033
2025-03-20,22262.23784332,-0.00090743,-0.01493502
2025-03-21,22184.42673715,-0.00349521,-0.01837803
2025-03-24,22241.67268081,0.00258046,-0.01584500
2025-03-25,22296.09869282,0.00244703,-0.01343674
2025-03-26,22236.91657166,-0.00265437,-0.01605545
2025-03-27,22309.86327331,0.00328043,-0.01282768
2025-03-28,22271.35798625,-0.00172593,-0.01453147
2025-03-31,22381.96044165,0.00496613,-0.00963751
2025-04-01,22434.27098937,0.00233717,-0.00732286
2025-04-02,22461.05467652,0.00119387,-0.00613773
2025-04-03,22099.73234781,-0.01608661,-0.02212561
2025-04-04,21626.36706219,-0.02141950,-0.04307119
2025-04-07,21374.87544947,-0.01162893,-0.05419925
2025-04-08,21508.55508640,0.00625405,-0.04828416
2025-04-09,21860.30935929,0.01635416,-0.03271965
2025-04-10,22159.25209619,0.01367514,-0.01949196
2025-04-11,22347.11856284,0.00847801,-0.01117920
2025-04-14,22394.64995274,0.00212696,-0.00907602
2025-04-15,22458.55161695,0.00285343,-0.00624848
2025-04-16,22675.94211660,0.00967963,0.00000000
2025-04-17,22578.30778021,-0.00430564,-0.00430564
2025-04-22,22698.00501175,0.00530143,0.00000000
2025-04-23,22631.06051181,-0.00294936,-0.00294936
2025-04-24,22851.81177142,0.00975435,0.00000000
2025-04-25,22793.44710296,-0.00255405,-0.00255405
2025-04-28,22913.24637868,0.00525586,0.00000000
2025-04-29,22852.84696644,-0.00263600,-0.00263600
2025-04-30,22799.23877391,-0.00234580,-0.00497562
2025-05-01,22727.03930434,-0.00316675,-0.00812661
2025-05-02,22805.94805237,0.00347202,-0.00468281
2025-05-06,23137.63357591,0.01454382,0.00000000
2025-05-07,23027.68617812,-0.00475189,-0.00475189
2025-05-08,22976.80559206,-0.00220954,-0.00695093
2025-05-09,23016.63665625,0.00173353,-0.00522944
2025-05-12,23049.12140335,0.00141136,-0.00382546
2025-05-13,23164.12050437,0.00498931,0.00000000
2025-05-14,23018.80305256,-0.00627339,-0.00627339
2025-05-15,23144.83151531,0.00547502,-0.00083271
2025-05-16,23105.64086985,-0.00169328,-0.00252458
2025-05-19,23162.48522342,0.00246019,-0.00007060
2025-05-20,23302.45780613,0.00604307,0.00000000
2025-05-21,23282.83082642,-0.00084227,-0.00084227
2025-05-22,23153.19734582,-0.00556777,-0.00640535
2025-05-23,23217.24060988,0.00276607,-0.00365700
2025-05-27,23235.51536546,0.00078712,-0.00287276
2025-05-28,23220.91534141,-0.00062835,-0.00349931
2025-05-29,23260.83674857,0.00171920,-0.00178612
2025-05-30,23213.17921756,-0.00204883,-0.00383129
2025-06-02,23391.10279743,0.00766477,0.00000000
2025-06-03,23513.68558038,0.00524057,0.00000000
2025-06-04,23524.49202054,0.00045958,0.00000000
2025-06-05,23523.24460670,-0.00005303,-0.00005303
2025-06-06,23582.83687459,0.00253334,0.00000000
2025-06-09,23593.79685524,0.00046474,0.00000000
2025-06-10,23638.69772053,0.00190308,0.00000000
2025-06-11,23659.26525458,0.00087008,0.00000000
2025-06-12,23648.35246351,-0.00046125,-0.00046125
2025-06-13,23575.35928773,-0.00308661,-0.00354643
2025-06-16,23660.07692477,0.00359348,0.00000000
2025-06-17,23630.72188868,-0.00124070,-0.00124070
2025-06-18,23660.28412004,0.00125101,0.00000000
2025-06-20,23600.90560094,-0.00250963,-0.00250963
2025-06-23,23612.82989252,0.00050525,-0.00200565
2025-06-24,23721.79416204,0.00461462,0.00000000
2025-06-25,23743.45850710,0.00091327,0.00000000
2025-06-26,23751.89662898,0.00035539,0.00000000
2025-06-27,23842.38576095,0.00380976,0.00000000
2025-06-30,23881.24820775,0.00162997,0.00000000
2025-07-01,23857.42273066,-0.00099766,-0.00099766
2025-07-02,24029.36058835,0.00720689,0.00000000
2025-07-03,24122.00443313,0.00385544,0.00000000
2025-07-07,24037.87056994,-0.00348785,-0.00348785
2025-07-08,24043.99307759,0.00025470,-0.00323403
2025-07-09,24123.17785393,0.00329333,0.00000000
2025-07-10,24157.35304420,0.00141670,0.00000000
2025-07-11,24176.89665750,0.00080901,0.00000000
2025-07-14,24182.85521132,0.00024646,0.00000000
2025-07-15,24244.28479879,0.00254021,0.00000000
2025-07-16,24208.65529576,-0.00146960,-0.00146960
2025-07-17,24359.10027149,0.00621451,0.00000000
2025-07-18,24368.42336383,0.00038274,0.00000000
2025-07-21,24467.31913316,0.00405836,0.00000000
2025-07-22,24420.72864683,-0.00190419,-0.00190419
2025-07-23,24422.81557572,0.00008546,-0.00181890
2025-07-24,24478.78942348,0.00229187,0.00000000
2025-07-25,24488.19926360,0.00038441,0.00000000
2025-07-28,24520.65941293,0.00132554,0.00000000
2025-07-29,24543.81322540,0.00094426,0.00000000
2025-07-30,24497.72098845,-0.00187796,-0.00187796
2025-07-31,24501.27000475,0.00014487,-0.00173336
2025-08-01,24297.66444673,-0.00831000,-0.01002895
2025-08-04,24512.18127094,0.00882870,-0.00128880
2025-08-05,24459.14968189,-0.00216348,-0.00344949
2025-08-06,24531.23780174,0.00294729,-0.00051237
2025-08-07,24569.78846884,0.00157149,0.00000000
2025-08-08,24641.55896615,0.00292109,0.00000000
2025-08-11,24532.19051980,-0.00443837,-0.00443837
2025-08-12,24602.56557945,0.00286868,-0.00158242
2025-08-13,24627.67204721,0.00102048,-0.00056356
2025-08-14,24581.46321994,-0.00187630,-0.00243880
2025-08-15,24549.95471683,-0.00128180,-0.00371747
2025-08-18,24562.55548146,0.00051327,-0.00320611
2025-08-19,24438.53403824,-0.00504921,-0.00823913
2025-08-20,24453.57661178,0.00061553,-0.00762867
2025-08-21,24430.23780961,-0.00095441,-0.00857580
2025-08-22,24614.41475191,0.00753889,-0.00110156
2025-08-26,24631.49884151,0.00069407,-0.00040826
2025-08-27,24706.67687075,0.00305211,0.00000000
2025-08-28,24791.42695232,0.00343025,0.00000000
2025-08-29,24756.54721716,-0.00140693,-0.00140693
2025-09-02,24857.73206118,0.00408720,0.00000000
2025-09-03,24974.78785569,0.00470903,0.00000000
2025-09-04,25013.77109364,0.00156090,0.00000000
2025-09-05,25075.90936948,0.00248416,0.00000000
2025-09-08,25240.53717674,0.00656518,0.00000000
2025-09-09,25229.76520227,-0.00042677,-0.00042677
2025-09-10,25375.89605742,0.00579200,0.00000000
2025-09-11,25425.12763836,0.00194009,0.00000000
2025-09-12,25440.02191596,0.00058581,0.00000000
2025-09-15,25579.94247927,0.00550002,0.00000000
2025-09-16,25543.92244398,-0.00140814,-0.00140814
2025-09-17,25457.31255248,-0.00339063,-0.00479399
2025-09-18,25609.14434292,0.00596417,0.00000000
2025-09-19,25768.69513175,0.00623023,0.00000000
2025-09-22,26004.06687592,0.00913402,0.00000000
2025-09-23,26001.04944696,-0.00011604,-0.00011604
2025-09-24,25887.76609330,-0.00435688,-0.00447241
2025-09-25,25916.54588048,0.00111171,-0.00336567
2025-09-26,25965.49570674,0.00188875,-0.00148327
2025-09-29,26155.79288865,0.00732885,0.00000000
2025-09-30,26234.48189516,0.00300847,0.00000000
2025-10-01,26335.02465245,0.00383247,0.00000000
2025-10-02,26405.99067785,0.00269474,0.00000000
2025-10-03,26402.54226985,-0.00013059,-0.00013059
2025-10-06,26463.98331278,0.00232709,0.00000000
2025-10-07,26411.09037931,-0.00199868,-0.00199868
2025-10-08,26555.60924008,0.00547190,0.00000000
2025-10-09,26570.32675957,0.00055422,0.00000000
2025-10-10,26216.41959172,-0.01331964,-0.01331964
2025-10-13,26378.64382128,0.00618789,-0.00721417
2025-10-14,26307.49157215,-0.00269734,-0.00989206
2025-10-15,26381.85160875,0.00282657,-0.00709344
2025-10-16,26375.30560009,-0.00024813,-0.00733981
2025-10-17,26330.26532793,-0.00170767,-0.00903494
2025-10-20,26497.29164132,0.00634351,-0.00274875
2025-10-21,26517.61407553,0.00076696,-0.00198389
2025-10-22,26433.96756795,-0.00315438,-0.00513201
2025-10-23,26554.13767728,0.00454605,-0.00060929
2025-10-24,29007.63922965,0.09239621,0.00000000
2025-10-27,26866.51374875,-0.07381247,-0.07381247
2025-10-28,26981.07921833,0.00426425,-0.06986298
2025-10-29,27061.92274788,0.00299630,-0.06707600
2025-10-30,26984.83862367,-0.00284843,-0.06973338
2025-10-31,26973.47253986,-0.00042120,-0.07012521
2025-11-03,26999.39731105,0.00096112,-0.06923148
2025-11-04,26676.70769143,-0.01195173,-0.08035578
2025-11-05,26758.68069081,0.00307283,-0.07752987
2025-11-06,26443.76169964,-0.01176885,-0.08838629
2025-11-07,26314.25450279,-0.00489746,-0.09285088
2025-11-10,26803.43422161,0.01858991,-0.07598705
2025-11-11,26783.62137465,-0.00073919,-0.07667007
2025-11-12,26941.22103579,0.00588418,-0.07123703
2025-11-13,26553.31140788,-0.01439837,-0.08460971
2025-11-14,26527.30145886,-0.00097954,-0.08550636
2025-11-17,26280.81034542,-0.00929198,-0.09400382
2025-11-18,26044.08596917,-0.00900750,-0.10216458
2025-11-19,26149.02414728,0.00402925,-0.09854697
2025-11-20,25892.89899152,-0.00979483,-0.10737655
2025-11-21,25809.21792349,-0.00323182,-0.11026134
2025-11-24,26197.67664281,0.01505116,-0.09686974
2025-11-25,26222.87509690,0.00096186,-0.09600106
2025-11-26,26455.42153358,0.00886808,-0.08798433
2025-11-28,26597.29698351,0.00536281,-0.08309336
2025-12-01,26616.21412547,0.00071124,-0.08244122
2025-12-02,26730.33382094,0.00428760,-0.07850709
2025-12-03,26700.67180357,-0.00110968,-0.07952965
2025-12-04,26745.43335209,0.00167642,-0.07798656
2025-12-05,26851.18712510,0.00395409,-0.07434083
2025-12-08,26906.70811414,0.00206773,-0.07242682
2025-12-09,26954.68292944,0.00178301,-0.07077295
2025-12-10,26976.89248708,0.00082396,-0.07000731
2025-12-11,26912.93256473,-0.00237092,-0.07221224
2025-12-12,26608.48738580,-0.01131223,-0.08270759
2025-12-15,26522.98934072,-0.00321319,-0.08565502
2025-12-16,26464.29048848,-0.00221313,-0.08767858
2025-12-17,26223.35047074,-0.00910434,-0.09598467
2025-12-18,26446.32785044,0.00850301,-0.08829782
2025-12-19,26692.78327016,0.00931908,-0.07980160
2025-12-22,26741.29968069,0.00181759,-0.07812906
2025-12-23,26806.08120623,0.00242253,-0.07589580
2025-12-24,26825.95941207,0.00074156,-0.07521053
2025-12-29,26798.97584952,-0.00100588,-0.07614075
2025-12-30,26798.39747095,-0.00002158,-0.07616069
2025-12-31,26685.66120195,-0.00420683,-0.08004712
2026-01-02,26664.95676540,-0.00077586,-0.08076088
2026-01-05,26759.89224950,0.00356031,-0.07748810
2026-01-06,26834.67779561,0.00279469,-0.07490997
2026-01-07,26882.64856809,0.00178764,-0.07325624
2026-01-08,26817.01455967,-0.00244150,-0.07551889
2026-01-09,26951.14678251,0.00500176,-0.07089486
2026-01-12,26954.83909990,0.00013700,-0.07076757
2026-01-13,26961.74617163,0.00025625,-0.07052946
2026-01-14,26857.30530468,-0.00387367,-0.07412992
2026-01-15,26997.77356593,0.00523017,-0.06928746
2026-01-16,26983.75422710,-0.00051928,-0.06977076
2026-01-20,26719.96323928,-0.00977592,-0.07886460
2026-01-21,26774.14951822,0.00202793,-0.07699660
2026-01-22,26857.24484000,0.00310357,-0.07413200
2026-01-23,26796.08865655,-0.00227708,-0.07624028
2026-01-26,26793.81333082,-0.00008491,-0.07631872
2026-01-27,26854.39491261,0.00226103,-0.07423025
2026-01-28,26850.54831410,-0.00014324,-0.07436286
2026-01-29,26711.48446448,-0.00517918,-0.07915690
2026-01-30,26715.34346792,0.00014447,-0.07902386
2026-02-02,26847.87796333,0.00496099,-0.07445491
2026-02-03,26701.60318238,-0.00544828,-0.07949754
2026-02-04,26604.82510802,-0.00362443,-0.08283384
2026-02-05,26520.62611759,-0.00316480,-0.08573649
2026-02-06,26728.97345589,0.00785605,-0.07855399
2026-02-09,26862.24215547,0.00498593,-0.07395973
2026-02-10,26871.47619695,0.00034376,-0.07364140
2026-02-11,26872.47840536,0.00003730,-0.07360685
2026-02-12,26695.49499923,-0.00658605,-0.07970811
2026-02-13,26697.68766443,0.00008214,-0.07963253
2026-02-17,26741.99210631,0.00165949,-0.07810519
2026-02-18,26865.54479557,0.00462018,-0.07384587
2026-02-19,26868.25170049,0.00010076,-0.07375256
2026-02-20,26900.00734534,0.00118190,-0.07265782
2026-02-23,26776.23337870,-0.00460126,-0.07692477
2026-02-24,26836.37115527,0.00224594,-0.07485160
2026-02-25,26988.52011389,0.00566951,-0.06960646
2026-02-26,26932.19760845,-0.00208691,-0.07154811
2026-02-27,26903.38839564,-0.00106969,-0.07254126
2026-03-02,26898.01970301,-0.00019955,-0.07272634
2026-03-03,26696.86675178,-0.00747836,-0.07966083
2026-03-04,26869.55762937,0.00646858,-0.07370754
2026-03-05,26806.50466853,-0.00234663,-0.07588120
2026-03-09,26589.84291417,-0.00808243,-0.08335033
2026-03-10,26735.16255899,0.00546523,-0.07834063
2026-03-11,26683.78439280,-0.00192175,-0.08011182
2026-03-12,26572.36480302,-0.00417555,-0.08395287
2026-03-13,26554.28661749,-0.00068034,-0.08457609
2026-03-16,26620.08393725,0.00247784,-0.08230781
2026-03-17,26667.11021351,0.00176657,-0.08068664
2026-03-18,26564.54622830,-0.00384609,-0.08422240
2026-03-19,26396.54176981,-0.00632439,-0.09001413
2026-03-20,26278.92929563,-0.00445560,-0.09406867
2026-03-23,26328.76983000,0.00189660,-0.09235048
2026-03-24,26324.12581415,-0.00017639,-0.09251058
2026-03-25,26414.89155647,0.00344801,-0.08938155
2026-03-26,26209.67194753,-0.00776909,-0.09645622
2026-03-27,26039.08218997,-0.00650866,-0.10233708
2026-03-30,26055.94464205,0.00064758,-0.10175577
2026-03-31,26229.05835999,0.00664392,-0.09578790
2026-04-01,26475.98554329,0.00941426,-0.08727541
2026-04-02,26522.41584933,0.00175368,-0.08567479
2026-04-07,26510.54513800,-0.00044757,-0.08608402
2026-04-08,26827.33042227,0.01194941,-0.07516326
2026-04-09,26869.69125952,0.00157902,-0.07370293
2026-04-10,26912.51743605,0.00159385,-0.07222655
2026-04-13,26971.26886545,0.00218305,-0.07020118
2026-04-14,27136.33916882,0.00612023,-0.06451059
2026-04-15,27232.83093797,0.00355581,-0.06118417
2026-04-16,27345.14713024,0.00412429,-0.05731222
2026-04-17,27536.51863791,0.00699837,-0.05071494
2026-04-20,27499.19541989,-0.00135541,-0.05200161
2026-04-21,27484.50247603,-0.00053430,-0.05250813
2026-04-22,27587.02583162,0.00373022,-0.04897377
2026-04-23,27563.49332934,-0.00085303,-0.04978502
2026-04-24,27645.07314965,0.00295971,-0.04697266
2026-04-27,27630.23603394,-0.00053670,-0.04748415
2026-04-28,27544.10139946,-0.00311740,-0.05045353
2026-04-29,27576.99755412,0.00119431,-0.04931948
2026-04-30,27613.19894525,0.00131274,-0.04807148
2026-05-01,27755.43200593,0.00515091,-0.04316819
2026-05-05,27868.60370931,0.00407746,-0.03926674
2026-05-06,28113.71056001,0.00879509,-0.03081701
2026-05-07,28112.82421666,-0.00003153,-0.03084756
2026-05-08,28240.31481090,0.00453496,-0.02645249
2026-05-11,28324.38605070,0.00297699,-0.02355425
2026-05-12,28245.59382159,-0.00278178,-0.02627051
2026-05-13,28388.94194912,0.00507506,-0.02132877
2026-05-14,28600.29358329,0.00744486,-0.01404270
2026-05-15,28517.19696832,-0.00290545,-0.01690735
2026-05-18,28367.95638351,-0.00523335,-0.02205222
2026-05-19,28297.52231527,-0.00248287,-0.02448034
2026-05-20,28469.05376969,0.00606171,-0.01856702
2026-05-21,28522.65279544,0.00188271,-0.01671927
2026-05-22,28667.90180921,0.00509241,-0.01171200
2026-05-26,28826.42718351,0.00552972,-0.00624705
2026-05-27,28811.12372270,-0.00053088,-0.00677461
2026-05-28,28910.09909269,0.00343532,-0.00336257
2026-05-29,29024.41102688,0.00395405,0.00000000
2026-06-01,29140.62510928,0.00400401,0.00000000
2026-06-02,29237.43944467,0.00332231,0.00000000
2026-06-03,29164.86421596,-0.00248227,-0.00248227
2026-06-04,29109.79264883,-0.00188828,-0.00436587
2026-06-05,28730.10987475,-0.01304313,-0.01735205
2026-06-08,28784.62919378,0.00189764,-0.01548734
2026-06-09,28518.79011898,-0.00923545,-0.02457976
2026-06-10,28401.32673214,-0.00411881,-0.02859733
2026-06-11,28583.43824776,0.00641208,-0.02236862
2026-06-12,28797.89638055,0.00750288,-0.01503357
2026-06-15,29101.21926397,0.01053281,-0.00465910
2026-06-16,28975.48736962,-0.00432050,-0.00895947
2026-06-17,28977.82683863,0.00008074,-0.00887946
2026-06-18,29184.72543922,0.00713989,-0.00180296
2026-06-22,29185.54300715,0.00002801,-0.00177500
2026-06-23,28895.74475557,-0.00992951,-0.01168689
2026-06-24,28939.55999365,0.00151632,-0.01018829
2026-06-25,28906.51801023,-0.00114176,-0.01131841
2026-06-26,28814.25205948,-0.00319187,-0.01447416
2026-06-29,28919.29545337,0.00364554,-0.01088139
2026-06-30,29135.81404075,0.00748699,-0.00347587
