rebalance_date,macro_source_date,configuration,evidence_id,prompt_mode,guard_enabled,p_memorized,parse_ok,steered,conviction,cpi_yoy_z,t10y2y_z,hy_oas_z,macro_state_norm,loading_inflation,loading_growth,loading_credit_stress,loading_policy,loading_risk_appetite,raw_view_tilt,applied_view_tilt,expected_attenuation,observed_attenuation,relation_error,allocation_status,bl_fallback_reason,target_effective_date,target_reconstruction_error,raw_tilt_SWDA_L,raw_tilt_XLK,raw_tilt_IAU,raw_tilt_BIL,applied_tilt_SWDA_L,applied_tilt_XLK,applied_tilt_IAU,applied_tilt_BIL,bl_q_SWDA_L,bl_q_XLK,bl_q_IAU,bl_q_BIL,hrp_base_weight_SWDA_L,hrp_base_weight_XLK,hrp_base_weight_IAU,hrp_base_weight_BIL,bl_weight_SWDA_L,bl_weight_XLK,bl_weight_IAU,bl_weight_BIL,target_weight_SWDA_L,target_weight_XLK,target_weight_IAU,target_weight_BIL,target_delta_SWDA_L,target_delta_XLK,target_delta_IAU,target_delta_BIL
2019-01-02,2018-12-31,factor_pit_ext2026,1f475bc274c0b13c0da9926a3695a68e260b5669851bf06112cdce17c5932721,pit,True,0.29204048,True,True,0.82036577,0.55415989,-1.58715468,0.64765574,1.80155797,0.55000000,-1.00000000,0.65000000,1.00000000,-0.80000000,9.62000000,6.81057056,0.70795952,0.70795952,-0.00000000,bl_blend_applied,,2019-01-02,0.00000000,-2.46500000,-2.92500000,1.79500000,2.43500000,-1.74512021,-2.07078159,1.27078733,1.72388143,-0.00568110,-0.00674126,0.00413695,0.00561196,0.21607784,0.13994703,0.39397512,0.25000000,0.00000000,0.00000000,0.99999999,0.00000001,0.15125449,0.09796292,0.57578258,0.17500000,-0.06482335,-0.04198411,0.18180746,-0.07500000
2019-02-01,2019-01-31,factor_pit_ext2026,bea2a69cb2b5d4713191fe30fd036d481f702c9a1c70d0eae53a2e85d9b9da92,pit,True,0.60414109,True,True,0.55196014,-0.03021485,-1.59932940,-0.18449514,1.61021921,-0.03000000,-0.18000000,0.80000000,0.70000000,-0.60000000,5.41000000,2.14159671,0.39585891,0.39585891,0.00000000,bl_blend_applied,,2019-02-01,0.00000000,-1.38100000,-1.55200000,0.97800000,1.49900000,-0.54668116,-0.61437303,0.38715001,0.59339251,-0.00119741,-0.00134567,0.00084798,0.00129972,0.22149296,0.13409385,0.39441319,0.25000000,0.00000001,0.00000001,0.99999994,0.00000005,0.15504507,0.09386570,0.57608921,0.17500002,-0.06644789,-0.04022815,0.18167602,-0.07499998
2019-03-01,2019-02-28,factor_pit_ext2026,1e01888ab6f5decdae21af742659ba61d5ec9f1b77a2c317ba26b8aa59b12bb5,pit,True,0.47493392,True,True,0.57445626,-0.00219275,-1.51619788,-0.57582790,1.62186269,0.00000000,-0.80000000,-0.40000000,-0.60000000,-0.70000000,2.01000000,1.05538282,0.52506608,0.52506608,-0.00000000,bl_blend_applied,,2019-03-01,0.00000000,-0.72000000,-0.78000000,0.33000000,0.18000000,-0.37804758,-0.40955154,0.17327181,0.09451189,-0.00086179,-0.00093361,0.00039499,0.00021545,0.21837179,0.13370570,0.39792251,0.25000000,0.00000000,0.00000000,0.99999999,0.00000001,0.15286025,0.09359399,0.57854575,0.17500000,-0.06551154,-0.04011171,0.18062324,-0.07500000
2019-04-01,2019-03-31,factor_pit_ext2026,423f49769dc88f61377a88bca112e9f1001d990de06240d7d71757d8a90cd4d8,pit,True,0.61393731,True,True,0.54954527,0.40735864,-1.60580403,-0.46845828,1.72162737,0.40000000,-0.60000000,-0.50000000,-0.70000000,-0.50000000,1.42000000,0.54820901,0.38606269,0.38606269,0.00000000,bl_blend_applied,,2019-04-01,0.00000000,-0.41000000,-0.54000000,0.39000000,-0.08000000,-0.15828570,-0.20847385,0.15056445,-0.03088501,-0.00034518,-0.00045463,0.00032834,-0.00006735,0.21385623,0.13225313,0.40389065,0.25000000,0.00000001,0.00000001,0.99999997,0.00000001,0.14969936,0.09257719,0.58272345,0.17500000,-0.06415686,-0.03967594,0.17883280,-0.07500000
2019-05-01,2019-04-30,factor_pit_ext2026,de2c11aa82b53fef9b35ed5b91a95c5a62044199a39cdb07b993f7691e73e1b9,pit,True,0.03837118,True,True,0.54954527,0.54134103,-1.40160296,-0.74660398,1.67778380,0.50000000,-0.40000000,-0.60000000,-0.70000000,-0.50000000,1.04000000,1.00009397,0.96162882,0.96162882,0.00000000,bl_blend_applied,,2019-05-01,0.00000000,-0.16000000,-0.33000000,0.32000000,-0.23000000,-0.15386061,-0.31733751,0.30772122,-0.22117463,-0.00033553,-0.00069203,0.00067106,-0.00048232,0.21199891,0.12964318,0.40835791,0.25000000,0.00000000,0.00000000,1.00000000,0.00000000,0.14839924,0.09075022,0.58585054,0.17500000,-0.06359967,-0.03889295,0.17749263,-0.07500000
2019-06-03,2019-05-31,factor_pit_ext2026,cb09f4e7208b6bd36d77a5b06e732d0cf4765a077feafc814cd355989865138f,pit,True,0.06919663,True,True,0.47749346,0.31657087,-1.46124673,-0.01352818,1.49520638,0.30000000,0.00000000,0.80000000,-0.50000000,-0.40000000,2.99000000,2.78310209,0.93080337,0.93080337,-0.00000000,bl_blend_applied,,2019-06-03,0.00000000,-0.82000000,-0.81000000,0.95000000,0.41000000,-0.76325877,-0.75395073,0.88426320,0.38162938,-0.00144623,-0.00142860,0.00167552,0.00072312,0.20788938,0.12640151,0.41570912,0.25000000,0.00000000,0.00000001,0.99999997,0.00000002,0.14552257,0.08848106,0.59099637,0.17500001,-0.06236681,-0.03792045,0.17528726,-0.07499999
2019-07-01,2019-06-30,factor_pit_ext2026,8117ec939adfa2aaca3a4bb44944dedd6ac27504ce88d69d93c537ea8a521399,pit,True,0.01742180,True,True,0.50990195,0.18199305,-1.32110109,-0.47793871,1.41663509,0.20000000,-0.70000000,-0.40000000,-0.50000000,-0.60000000,2.03000000,1.99463375,0.98257820,0.98257820,0.00000000,bl_blend_applied,,2019-07-01,0.00000000,-0.65000000,-0.77000000,0.41000000,0.20000000,-0.63867583,-0.75658522,0.40285706,0.19651564,-0.00129231,-0.00153089,0.00081515,0.00039763,0.20453584,0.12697706,0.41848710,0.25000000,0.00000000,0.00000000,1.00000000,0.00000000,0.14317509,0.08888394,0.59294097,0.17500000,-0.06136075,-0.03809312,0.17445387,-0.07500000
2019-08-01,2019-07-31,factor_pit_ext2026,4ba1a639ecda4da084670f3e2c1b4cc30cb906b2f87f3a77dce6c48af726a61a,pit,True,0.51660448,True,True,0.42661458,0.36308874,-1.51990579,-0.59867516,1.67342732,0.30000000,-0.40000000,0.50000000,0.40000000,-0.50000000,5.13000000,2.47981904,0.48339552,0.48339552,-0.00000000,bl_blend_applied,,2019-08-01,0.00000000,-1.31000000,-1.53000000,1.04000000,1.25000000,-0.63324814,-0.73959515,0.50273135,0.60424441,-0.00107204,-0.00125207,0.00085108,0.00102293,0.20617057,0.12669796,0.41713146,0.25000000,0.00000000,0.00000000,0.99999996,0.00000003,0.14431940,0.08868858,0.59199201,0.17500001,-0.06185117,-0.03800939,0.17486055,-0.07499999
2019-09-02,2019-08-31,factor_pit_ext2026,4e961dedfb6ee98185f9224947a415cd71cffcfe3c103719954f3011f3278cad,pit,True,0.02155456,True,True,0.52107581,0.26084925,-1.72179937,-0.42854264,1.79340018,0.26000000,-0.80000000,-0.20000000,-0.60000000,0.50000000,0.77400000,0.75731677,0.97844544,0.97844544,0.00000000,non_trading_rebalance_date,rebalance_date_not_in_price_calendar,2019-08-01,,-0.23800000,-0.11600000,0.07800000,-0.34200000,-0.23287001,-0.11349967,0.07631874,-0.33462834,-0.00048152,-0.00023469,0.00015781,-0.00069193,0.19930127,0.12278071,0.42791801,0.25000000,,,,,0.14431940,0.08868858,0.59199201,0.17500001,-0.05498187,-0.03409214,0.16407400,-0.07499999
2019-10-01,2019-09-30,factor_pit_ext2026,936ff7741350bb887cba24f40b3641670fd79e5ea7ac7f0b84494584e3cc38dd,pit,True,0.21133500,True,True,0.59665736,0.19986001,-1.58824128,-0.51862942,1.68268561,0.20000000,0.50000000,-0.60000000,-0.80000000,0.70000000,5.89000000,4.64523684,0.78866500,0.78866500,0.00000000,bl_blend_applied,,2019-10-01,0.00000000,1.58000000,1.76000000,-0.89000000,-1.66000000,1.24609070,1.38805040,-0.70191185,-1.30918390,0.00295035,0.00328647,-0.00166191,-0.00309974,0.19960338,0.12295354,0.42744308,0.25000000,1.00000000,0.00000000,0.00000000,0.00000000,0.43972237,0.08606748,0.29921016,0.17500000,0.24011899,-0.03688606,-0.12823292,-0.07500000
2019-11-01,2019-10-31,factor_pit_ext2026,0f6d91fd76f3ecd31c068adf2f7354f648cf97a608ec067f5c02a986496ddf8f,pit,True,0.07019225,True,True,0.57314920,0.25413906,-1.31977011,-0.40208469,1.40287273,0.25000000,-0.90000000,-0.40000000,0.50000000,-0.60000000,4.43000000,4.11904832,0.92980775,0.92980775,0.00000000,bl_blend_applied,,2019-11-01,0.00000000,-1.16500000,-1.50000000,0.63000000,1.13500000,-1.08322603,-1.39471162,0.58577888,1.05533179,-0.00246369,-0.00317213,0.00133230,0.00240025,0.19128260,0.12033726,0.43838014,0.25000000,0.00000000,0.00000001,0.85890309,0.14109689,0.13389782,0.08423609,0.56453702,0.21732907,-0.05738478,-0.03610117,0.12615689,-0.03267093
2019-12-02,2019-11-30,factor_pit_ext2026,061bfba3cf79a2710f4c7eb63d82a26fefd9e580b06519c6d6b7346357eb7843,pit,True,0.40950246,True,True,0.64807407,0.64689240,-1.28647506,-0.50544679,1.52609447,0.60000000,-0.50000000,0.80000000,0.70000000,-0.60000000,7.63000000,4.50549622,0.59049754,0.59049754,0.00000000,bl_blend_applied,,2019-12-02,0.00000000,-1.89000000,-2.25000000,1.61000000,1.88000000,-1.11604035,-1.32861946,0.95070104,1.11013537,-0.00287015,-0.00341684,0.00244494,0.00285496,0.18984748,0.11956017,0.44059234,0.25000000,0.00000000,0.00000000,0.99999998,0.00000002,0.13289324,0.08369212,0.60841463,0.17500000,-0.05695424,-0.03586805,0.16782229,-0.07500000
2020-01-02,2019-12-31,factor_pit_ext2026,ef57a2d96c4e1ba3419f7b5a4317a211b48725cc1b578f031f2c74c5133624cc,pit,True,0.44463788,True,True,0.77136243,0.87680668,-0.90533675,-0.84764132,1.51885496,0.88000000,-0.91000000,-0.85000000,-0.40000000,-0.70000000,3.18000000,1.76605153,0.55536212,0.55536212,0.00000000,bl_blend_applied,,2020-01-02,0.00000000,-0.79400000,-1.20300000,0.78300000,0.40000000,-0.44095752,-0.66810063,0.43484854,0.22214485,-0.00134975,-0.00204503,0.00133105,0.00067998,0.18970716,0.11975724,0.44053559,0.25000000,0.00000000,0.00000000,1.00000000,0.00000000,0.13279501,0.08383007,0.60837491,0.17500000,-0.05691215,-0.03592717,0.16783932,-0.07500000
2020-02-03,2020-01-31,factor_pit_ext2026,2188d8101e3f2fd8cd4bbf94046edf1891106e65dfb15adadedc50ed8fc29158,pit,True,0.09316215,True,True,0.61644140,1.17338188,-1.19802547,-0.45610526,1.73784984,0.80000000,-0.70000000,-0.40000000,0.60000000,-0.50000000,4.85000000,4.39816356,0.90683785,0.90683785,0.00000000,bl_blend_applied,,2020-02-03,0.00000000,-1.10000000,-1.60000000,0.95000000,1.20000000,-0.99752163,-1.45094055,0.86149595,1.08820542,-0.00244013,-0.00354929,0.00210739,0.00266196,0.18765620,0.11860522,0.44373858,0.25000000,0.00000000,0.00000001,0.99999992,0.00000007,0.13135934,0.08302366,0.61061698,0.17500002,-0.05629686,-0.03558156,0.16687840,-0.07499998
2020-03-02,2020-02-29,factor_pit_ext2026,cbdafc981b0ba23e66808d28352535758315c493d4a9fffa8e62265361e95c42,pit,True,0.00000542,True,True,0.74027022,0.84611810,-0.97829809,0.43219149,1.36373475,0.80000000,0.40000000,0.90000000,0.70000000,-0.80000000,6.11000000,6.10996690,0.99999458,0.99999458,0.00000000,bl_blend_applied,,2020-03-02,0.00000000,-1.25000000,-1.70000000,1.58000000,1.58000000,-1.24999323,-1.69999079,1.57999144,1.57999144,-0.00367196,-0.00499386,0.00464135,0.00464135,0.18532372,0.11900408,0.44567220,0.25000000,0.00000000,0.00000000,1.00000000,0.00000000,0.12972660,0.08330286,0.61197054,0.17500000,-0.05559711,-0.03570122,0.16629834,-0.07500000
2020-04-01,2020-03-31,factor_pit_ext2026,7fbab5049f660466080843c7e1936ce86fefff9afb8fca40d9aa8850e10a11ee,pit,True,0.05873939,True,True,0.53851648,-0.21747233,-0.53468045,3.25834982,3.30908158,-0.20000000,-0.40000000,0.80000000,-0.50000000,-0.60000000,3.69000000,3.47325167,0.94126061,0.94126061,0.00000000,bl_blend_applied,,2020-04-01,0.00000000,-1.19000000,-1.07000000,0.81000000,0.62000000,-1.12010013,-1.00714886,0.76242110,0.58358158,-0.00239362,-0.00215225,0.00162927,0.00124710,0.17829986,0.10940325,0.46229690,0.25000000,0.00000000,0.00000000,0.99999998,0.00000002,0.12480990,0.07658227,0.62360782,0.17500001,-0.05348996,-0.03282097,0.16131093,-0.07499999
2020-05-01,2020-04-30,factor_pit_ext2026,5ff102d36dfd7da3b8556d1726c747ca4bd51237da59ae28eb1e05180832cbdc,pit,True,0.05213506,True,True,0.66633325,-1.73809160,-0.57293306,2.22060803,2.87755360,-0.80000000,-0.40000000,0.90000000,-0.50000000,-0.60000000,2.77000000,2.62558588,0.94786494,0.94786494,0.00000000,bl_blend_applied,,2020-05-01,0.00000000,-1.09000000,-0.78000000,0.40000000,0.50000000,-1.03317278,-0.73933465,0.37914598,0.47393247,-0.00273189,-0.00195493,0.00100253,0.00125316,0.17363078,0.10949978,0.46686944,0.25000000,0.00000029,0.00000059,0.00000218,0.99999694,0.12154163,0.07665002,0.32680926,0.47499908,-0.05208915,-0.03284976,-0.14006018,0.22499908
2020-06-01,2020-05-31,factor_pit_ext2026,4581d94f64622b12a04d25fe04e742de2199b979b07b7cb8cbd89856216b44ab,pit,True,0.68579960,True,True,0.64807407,-1.90160882,-0.43883389,1.35373628,2.37514067,-0.80000000,-0.70000000,0.60000000,0.50000000,-0.60000000,4.53000000,1.42332783,0.31420040,0.31420040,0.00000000,bl_blend_applied,,2020-06-01,0.00000000,-1.45000000,-1.37000000,0.41000000,1.30000000,-0.45559059,-0.43045455,0.12882217,0.40846053,-0.00117165,-0.00110701,0.00033129,0.00105045,0.17349211,0.10991181,0.46659608,0.25000000,0.00000002,0.07230350,0.00000001,0.92769647,0.12144448,0.09862932,0.32661726,0.45330894,-0.05204763,-0.01128249,-0.13997882,0.20330894
2020-07-01,2020-06-30,factor_pit_ext2026,107a6cb55804c7b5292b0abfc2584dee953065f55644cce7079fa0daa12d4869,pit,True,0.39264581,True,True,0.71414284,-1.27027504,-0.38904973,1.24538757,1.82097462,-0.90000000,-0.70000000,0.80000000,0.60000000,-0.50000000,4.81000000,2.92137363,0.60735419,0.60735419,0.00000000,bl_blend_applied,,2020-07-01,0.00000000,-1.55000000,-1.42000000,0.43000000,1.41000000,-0.94139899,-0.86244294,0.26116230,0.85636940,-0.00266783,-0.00244408,0.00074011,0.00242687,0.17281850,0.10903659,0.46814491,0.25000000,0.00000000,0.03140914,0.00000000,0.96859086,0.12097295,0.08574835,0.32770144,0.46557726,-0.05184555,-0.02328824,-0.14044347,0.21557726
2020-08-03,2020-07-31,factor_pit_ext2026,3e73658c8b38b8042ef325148a7c4267dbebdf6cd15189a90933f3238aa914b2,pit,True,0.52038850,True,True,0.61644140,-0.94310441,-0.50285879,0.31234484,1.11349548,-0.80000000,-0.70000000,0.40000000,-0.50000000,-0.60000000,2.27000000,1.08871810,0.47961150,0.47961150,0.00000000,bl_blend_applied,,2020-08-03,0.00000000,-0.99000000,-0.73000000,0.17000000,0.38000000,-0.47481538,-0.35011639,0.08153395,0.18225237,-0.00116149,-0.00085645,0.00019945,0.00044583,0.17268698,0.10911750,0.46819551,0.25000000,0.00000006,0.00000076,0.00000056,0.99999863,0.12088090,0.07638248,0.32773703,0.47499959,-0.05180608,-0.03273502,-0.14045849,0.22499959
2020-09-01,2020-08-31,factor_pit_ext2026,318e76bbd6e557709804a99211e13dec415d5c9049ceade0c5a51bd4fd581202,pit,True,0.02525352,True,True,0.32496154,-0.60301568,-0.13551637,0.21904688,0.65572413,-0.60000000,-0.14000000,0.22000000,-0.10000000,-0.30000000,0.67600000,0.65892862,0.97474648,0.97474648,0.00000000,bl_blend_applied,,2020-09-01,0.00000000,-0.28600000,-0.12400000,-0.13000000,0.13600000,-0.27877749,-0.12086856,-0.12671704,0.13256552,-0.00035949,-0.00015586,-0.00016341,0.00017095,0.18272618,0.11547249,0.45180133,0.25000000,0.00000002,0.22021128,0.17652204,0.60326667,0.12790833,0.14689413,0.36921754,0.35598000,-0.05481785,0.03142164,-0.08258379,0.10598000
2020-10-01,2020-09-30,factor_pit_ext2026,9d81c273345fadb1cdb3b3399b0f2aa1cd9aad950852aab5c8d64aa948dfeb5d,pit,True,0.47079164,True,True,0.39749214,-0.50656062,-0.15475020,0.52804694,0.74792035,-0.50000000,-0.30000000,0.50000000,-0.20000000,-0.40000000,1.96000000,1.03724838,0.52920836,0.52920836,0.00000000,bl_blend_applied,,2020-10-01,0.00000000,-0.73000000,-0.57000000,0.25000000,0.41000000,-0.38632210,-0.30164876,0.13230209,0.21697543,-0.00060937,-0.00047581,0.00020869,0.00034225,0.18543961,0.11536994,0.44919045,0.25000000,0.00000000,0.13961182,0.57200802,0.28838015,0.12980773,0.12264250,0.48603572,0.26151405,-0.05563188,0.00727256,0.03684527,0.01151405
2020-11-02,2020-10-31,factor_pit_ext2026,43aa6a6bb16d7a96b65185b1d7406df523ccc360b813f794883c4b158d82fbfe,pit,True,0.49792686,True,True,0.48579831,-0.80162130,0.34923096,0.47051338,0.99294603,-0.80000000,0.30000000,0.50000000,0.20000000,-0.40000000,0.64000000,0.32132681,0.50207314,0.50207314,0.00000000,bl_blend_applied,,2020-11-02,0.00000000,-0.16000000,0.01000000,-0.19000000,0.28000000,-0.08033170,0.00502073,-0.09539390,0.14058048,-0.00015486,0.00000968,-0.00018390,0.00027101,0.18606109,0.11509066,0.44884825,0.25000000,0.00000001,0.30200400,0.11129877,0.58669723,0.13024277,0.17116466,0.34758341,0.35100917,-0.05581832,0.05607400,-0.10126485,0.10100917
2020-12-01,2020-11-30,factor_pit_ext2026,e538eb3b97db7c44601035144fb36fe20d843d37889e0066f1d63656cd5cef7f,pit,True,0.61382488,True,True,0.48579831,-0.92959420,0.22140791,-0.24877642,0.98744951,-0.80000000,0.40000000,-0.20000000,0.30000000,0.50000000,4.10000000,1.58331798,0.38617512,0.38617512,0.00000000,bl_blend_applied,,2020-12-01,0.00000000,1.01000000,1.27000000,-1.16000000,-0.66000000,0.39003687,0.49044240,-0.44796314,-0.25487558,0.00075190,0.00094546,-0.00086357,-0.00049134,0.19172184,0.11878394,0.43949422,0.25000000,0.99999992,0.00000004,0.00000002,0.00000002,0.43420526,0.08314877,0.30764596,0.17500001,0.24248342,-0.03563517,-0.13184826,-0.07499999
2021-01-04,2020-12-31,factor_pit_ext2026,9ea830a24a123a318fadff37de0ac2087cb4dbed57f75fdd318421cf7256c63b,pit,True,0.01031310,True,True,0.60504545,-0.73784046,0.58135223,-0.58040367,1.10419535,-0.74000000,-0.58000000,0.58000000,-0.50000000,-0.60000000,2.53400000,2.50786661,0.98968690,0.98968690,0.00000000,bl_blend_applied,,2021-01-04,0.00000000,-1.03200000,-0.77200000,0.29600000,0.43400000,-1.02135688,-0.76403829,0.29294732,0.42952412,-0.00245225,-0.00183444,0.00070336,0.00103128,0.19197426,0.11895320,0.43907254,0.25000000,0.00000002,0.00000016,0.23123549,0.76876432,0.13438199,0.08326729,0.37672143,0.40562930,-0.05759227,-0.03568591,-0.06235111,0.15562930
2021-02-01,2021-01-31,factor_pit_ext2026,8899da824981571095aa29fbd1c62b6bf67eb96a99146902e54666127f9442cd,pit,True,0.37683716,True,True,0.54954527,-0.65781323,1.16361158,-0.57427030,1.45481838,-0.60000000,-0.50000000,-0.50000000,0.70000000,-0.40000000,1.81000000,1.12792475,0.62316284,0.62316284,0.00000000,bl_blend_applied,,2021-02-01,0.00000000,-0.37000000,-0.46000000,-0.36000000,0.62000000,-0.23057025,-0.28665491,-0.22433862,0.38636096,-0.00050281,-0.00062512,-0.00048922,0.00084255,0.19703310,0.12127345,0.43169346,0.25000000,0.00000033,0.00000066,0.00000118,0.99999782,0.13792327,0.08489161,0.30218577,0.47499935,-0.05910983,-0.03638184,-0.12950768,0.22499935
2021-03-01,2021-02-28,factor_pit_ext2026,195c7f36d2fef4876c391d5c4c0d1fc12be08660a8a0cb3463ebef9ae278455f,pit,True,0.87337078,True,True,0.56035703,-0.20869573,1.94967055,-0.78277997,2.11128246,-0.20000000,0.40000000,-0.80000000,0.80000000,-0.30000000,1.81000000,0.22919888,0.12662922,0.12662922,0.00000000,bl_blend_applied,,2021-03-01,0.00000000,0.68000000,0.44000000,-0.65000000,0.04000000,0.08610787,0.05571686,-0.08230899,0.00506517,0.00019147,0.00012389,-0.00018303,0.00001126,0.20060487,0.12236155,0.42703359,0.25000000,0.40021379,0.15058369,0.34143681,0.10776570,0.26048754,0.13082819,0.40135455,0.20732971,0.05988268,0.00846664,-0.02567903,-0.04267029
2021-04-01,2021-03-31,factor_pit_ext2026,4eeb91d4cb06b5335c1f4b91048400cfa7eeaed17aee955342a7e3fe7d86eb9e,pit,True,0.03272645,True,True,0.68410526,1.38016819,2.57591131,-0.94665584,3.07186272,0.90000000,0.70000000,-0.60000000,0.80000000,-0.20000000,1.02000000,0.98661902,0.96727355,0.96727355,-0.00000000,bl_blend_applied,,2021-04-01,0.00000000,0.55000000,0.02000000,0.20000000,0.25000000,0.53200045,0.01934547,0.19345471,0.24181839,0.00144422,0.00005252,0.00052517,0.00065647,0.20100967,0.12295302,0.42603731,0.25000000,0.00000011,0.47411976,0.27763415,0.24824598,0.14070680,0.22830304,0.38151636,0.24947379,-0.06030287,0.10535002,-0.04452095,-0.00052621
2021-05-03,2021-04-30,factor_pit_ext2026,9f5db4dfa7bdab37ca51c0b51f0f7aa3803ff4c7f057ba2882eb2f2a5bb681b1,pit,True,0.03412558,True,True,0.71414284,3.35818608,2.24470475,-0.98927689,4.15869954,0.90000000,-0.70000000,0.80000000,0.60000000,-0.50000000,8.41000000,8.12300385,0.96587442,0.96587442,-0.00000000,non_trading_rebalance_date,rebalance_date_not_in_price_calendar,2021-04-01,,-2.09000000,-2.50000000,1.87000000,1.95000000,-2.01867753,-2.41468604,1.80618516,1.88345511,-0.00572073,-0.00684298,0.00511855,0.00533752,0.20087442,0.12287029,0.42625530,0.25000000,,,,,0.14070680,0.22830304,0.38151636,0.24947379,-0.06016762,0.10543276,-0.04473893,-0.00052621
2021-06-01,2021-05-31,factor_pit_ext2026,ed45889e05648390e8752afc67526b6b9e982353b0586b33c4d46f70244f51b9,pit,True,0.06227431,True,True,0.66633325,3.86550412,2.03554438,-0.90497392,4.46145053,0.90000000,-0.40000000,0.50000000,0.80000000,-0.60000000,7.26000000,6.80788849,0.93772569,0.93772569,0.00000000,bl_blend_applied,,2021-06-01,0.00000000,-1.67000000,-2.17000000,1.61000000,1.81000000,-1.56600190,-2.03486474,1.50973836,1.69728349,-0.00414079,-0.00538055,0.00399202,0.00448792,0.20044113,0.12293949,0.42661938,0.25000000,0.00000008,0.00000016,0.00001195,0.99998781,0.14030881,0.08605769,0.29863715,0.47499634,-0.06013231,-0.03688180,-0.12798223,0.22499634
2021-07-01,2021-06-30,factor_pit_ext2026,a8483fd4dc0ce0a9a1a1c99fbff3c4e55691b0926c78cf2e5e76b61c12119b1d,pit,True,0.44179813,True,True,0.64342832,3.75162317,1.41028483,-1.15192486,4.17019311,0.90000000,-0.50000000,0.40000000,0.60000000,-0.70000000,7.19000000,4.01347143,0.55820187,0.55820187,0.00000000,bl_blend_applied,,2021-07-01,0.00000000,-1.69000000,-2.18000000,1.61000000,1.71000000,-0.94336116,-1.21688007,0.89870501,0.95452519,-0.00240867,-0.00310704,0.00229465,0.00243718,0.20326413,0.12467989,0.42205598,0.25000000,0.00000000,0.00000004,0.27490023,0.72509973,0.14228489,0.08727593,0.37790926,0.39252992,-0.06097924,-0.03740396,-0.04414673,0.14252992
2021-08-02,2021-07-31,factor_pit_ext2026,ac0fca6d1cf867c348b7e3e9fb2b170a62e0908f8825767acfd5c00254ad0f2d,pit,True,0.07386986,True,True,0.67527772,3.30244489,1.02470863,-0.85921319,3.56292259,0.90000000,0.50000000,-0.70000000,0.80000000,-0.30000000,1.19000000,1.10209487,0.92613014,0.92613014,0.00000000,bl_blend_applied,,2021-08-02,0.00000000,0.37000000,-0.19000000,0.26000000,0.37000000,0.34266815,-0.17596473,0.24079384,0.34266815,0.00091824,-0.00047153,0.00064525,0.00091824,0.20318053,0.12461970,0.42219977,0.25000000,0.00000011,0.45437006,0.54558640,0.00004343,0.14222641,0.22354480,0.45921576,0.17501303,-0.06095413,0.09892511,0.03701599,-0.07498697
2021-09-01,2021-08-31,factor_pit_ext2026,c006bf0acbee87b3dd6d3fd83bd1f723f055fe6aba3fd201a2e4b2347b9586f5,pit,True,0.02407182,True,True,0.60000000,2.92307346,1.12212301,-0.93235303,3.26692526,0.90000000,0.50000000,-0.40000000,0.70000000,0.30000000,0.92000000,0.89785392,0.97592818,0.97592818,0.00000000,bl_blend_applied,,2021-09-01,0.00000000,0.52000000,0.13000000,0.16000000,0.11000000,0.50748265,0.12687066,0.15614851,0.10735210,0.00120829,0.00030207,0.00037178,0.00025560,0.20458965,0.12549295,0.41991740,0.25000000,0.13286964,0.48746358,0.37966674,0.00000003,0.18307365,0.23408414,0.40784220,0.17500001,-0.02151600,0.10859119,-0.01207520,-0.07499999
2021-10-01,2021-09-30,factor_pit_ext2026,fb8682444ae0b64191ea76ff182c244253c8edb4753c0ec403f058d4cc44715d,pit,True,0.48361196,True,True,0.71414284,2.84305380,1.41978928,-0.95737385,3.31893374,0.90000000,-0.70000000,0.80000000,0.60000000,-0.50000000,8.41000000,4.34282342,0.51638804,0.51638804,-0.00000000,bl_blend_applied,,2021-10-01,0.00000000,-2.09000000,-2.50000000,1.87000000,1.95000000,-1.07925100,-1.29097010,0.96564563,1.00695668,-0.00305849,-0.00365848,0.00273654,0.00285361,0.20737718,0.12690228,0.41572054,0.25000000,0.00000000,0.00000005,0.00000023,0.99999972,0.14516403,0.08883161,0.29100445,0.47499991,-0.06221315,-0.03807067,-0.12471609,0.22499991
2021-11-01,2021-10-31,factor_pit_ext2026,90aad2c4c63dc56de9405faacb8bdfeab16b34a675d6879c0e716ac20e54466b,pit,True,0.06777449,True,True,0.71414284,3.24195442,1.01054176,-0.92672973,3.51998453,0.90000000,-0.50000000,0.80000000,0.70000000,-0.60000000,8.23000000,7.67221594,0.93222551,0.93222551,-0.00000000,bl_blend_applied,,2021-11-01,0.00000000,-1.98000000,-2.43000000,1.85000000,1.97000000,-1.84580651,-2.26530799,1.72461719,1.83648425,-0.00523083,-0.00641966,0.00488739,0.00520441,0.20546485,0.12879630,0.41573885,0.25000000,0.00000009,0.00000040,0.00000202,0.99999749,0.14382542,0.09015753,0.29101780,0.47499925,-0.06163943,-0.03863877,-0.12472105,0.22499925
2021-12-01,2021-11-30,factor_pit_ext2026,0cc43f32a086b79239cdeeac65125b6bbcff3a5620f92fafbb7a778ca6417af4,pit,True,0.66891962,True,True,0.57792733,3.34748187,0.65657205,-0.42115601,3.43716368,0.90000000,0.30000000,-0.40000000,0.60000000,-0.50000000,2.05000000,0.67871478,0.33108038,0.33108038,0.00000000,bl_blend_applied,,2021-12-01,0.00000000,-0.13000000,-0.66000000,0.63000000,0.63000000,-0.04304045,-0.21851305,0.20858064,0.20858064,-0.00009871,-0.00050113,0.00047835,0.00047835,0.20651938,0.13023183,0.41324879,0.25000000,0.00000003,0.28827470,0.57275447,0.13897080,0.14456358,0.17764469,0.46110050,0.21669124,-0.06195580,0.04741286,0.04785170,-0.03330876
2022-01-03,2021-12-31,factor_pit_ext2026,4004960fccdccff62450522600577fd1a836765c22f051801b27f97443448451,pit,True,0.14819213,True,True,0.62449980,3.17099498,0.39446102,-0.93416622,3.32918537,0.90000000,0.20000000,-0.70000000,0.60000000,-0.50000000,1.53000000,1.30326604,0.85180787,0.85180787,0.00000000,non_trading_rebalance_date,rebalance_date_not_in_price_calendar,2021-12-01,,0.01000000,-0.55000000,0.46000000,0.51000000,0.00851808,-0.46849433,0.39183162,0.43442201,0.00002111,-0.00116101,0.00097103,0.00107657,0.20710261,0.13262832,0.41026907,0.25000000,,,,,0.14456358,0.17764469,0.46110050,0.21669124,-0.06253903,0.04501636,0.05083143,-0.03330876
2022-02-01,2022-01-31,factor_pit_ext2026,ade4659583cb4b588dfefec2cba8abaa00fa04bdc328cd7104c19586720b37af,pit,True,0.00294624,True,True,0.62449980,3.08425981,-0.01825156,-0.43154681,3.11435778,1.00000000,-0.50000000,-0.30000000,0.50000000,0.60000000,2.01000000,2.00407805,0.99705376,0.99705376,0.00000000,bl_blend_applied,,2022-02-01,0.00000000,-0.35000000,-0.66000000,0.54000000,0.46000000,-0.34896882,-0.65805548,0.53840903,0.45864473,-0.00086481,-0.00163078,0.00133427,0.00113660,0.20536693,0.13331470,0.41131837,0.25000000,0.00000001,0.12024836,0.60679406,0.27295757,0.14375685,0.12939480,0.46996108,0.25688727,-0.06161008,-0.00391990,0.05864271,0.00688727
2022-03-01,2022-02-28,factor_pit_ext2026,151373aaee46d3b882b5b83b5fa35392140fec1cbbb65d600c3bc511c6139fa4,pit,True,0.16995719,True,True,0.67675697,3.00118227,-0.54128839,-0.30119310,3.06444211,1.00000000,-0.20000000,0.80000000,0.60000000,-0.50000000,7.11000000,5.90160440,0.83004281,0.83004281,0.00000000,bl_blend_applied,,2022-03-01,0.00000000,-1.62000000,-2.06000000,1.75000000,1.68000000,-1.34466936,-1.70988819,1.45257492,1.39447193,-0.00361117,-0.00459198,0.00390095,0.00374492,0.20589943,0.13239151,0.41170906,0.25000000,0.00000000,0.35083988,0.00000000,0.64916012,0.14412960,0.19792602,0.28819634,0.36974804,-0.06176983,0.06553451,-0.12351272,0.11974804
2022-04-01,2022-03-31,factor_pit_ext2026,ba67ecb6da56012835f725e3aae1a60b5a0342236060585467c6a6df513f320e,pit,True,0.29454034,True,True,0.71414284,3.03029624,-1.37563362,-0.60959837,3.38329327,0.90000000,-0.70000000,0.80000000,0.60000000,-0.50000000,8.41000000,5.93291573,0.70545966,0.70545966,-0.00000000,bl_blend_applied,,2022-04-01,0.00000000,-2.09000000,-2.50000000,1.87000000,1.95000000,-1.47441069,-1.76364915,1.31920956,1.37564634,-0.00417833,-0.00499801,0.00373851,0.00389844,0.21009506,0.13301268,0.40689227,0.25000000,0.00000000,0.00000000,1.00000000,0.00000000,0.14706654,0.09310888,0.58482459,0.17500000,-0.06302852,-0.03990380,0.17793232,-0.07500000
2022-05-02,2022-04-30,factor_pit_ext2026,131d24c9595d5d187070f0f35bcbdcdcb04bcd9a20927ef8d74d13908e4cee1e,pit,True,0.03648758,True,True,0.71972217,2.63069463,-0.96549745,-0.10879597,2.80438516,0.90000000,-0.10000000,-0.80000000,-0.70000000,0.80000000,3.33000000,3.20849634,0.96351242,0.96351242,0.00000000,non_trading_rebalance_date,rebalance_date_not_in_price_calendar,2022-04-01,,0.96000000,0.91000000,-0.27000000,-1.19000000,0.92497192,0.87679630,-0.26014835,-1.14657977,0.00264176,0.00250417,-0.00074299,-0.00327468,0.21041740,0.13184402,0.40773858,0.25000000,,,,,0.14706654,0.09310888,0.58482459,0.17500000,-0.06335086,-0.03873514,0.17708600,-0.07500000
2022-06-01,2022-05-31,factor_pit_ext2026,5a280eba398fee59f2c7427449909221fd4bb9913f122bbc6361c4f7eb0e357f,pit,True,0.39611799,True,True,0.66783231,2.57089331,-0.61446285,0.11696957,2.64589094,0.90000000,0.20000000,0.80000000,0.50000000,-0.70000000,6.04000000,3.64744733,0.60388201,0.60388201,0.00000000,bl_blend_applied,,2022-06-01,0.00000000,-1.28000000,-1.71000000,1.60000000,1.45000000,-0.77296897,-1.03263823,0.96621121,0.87562891,-0.00204847,-0.00273662,0.00256058,0.00232053,0.20966034,0.12889243,0.41144723,0.25000000,0.00000000,0.36304283,0.63695716,0.00000000,0.14676224,0.19913755,0.47910021,0.17500000,-0.06289810,0.07024512,0.06765298,-0.07500000
2022-07-01,2022-06-30,factor_pit_ext2026,663609bddb21590bb31dadcbf5416fdb18c958953ddbc0daced6299e9d94e9f4,pit,True,0.00008058,True,True,0.68410526,2.56659967,-1.22866544,1.58968803,3.25947245,0.90000000,-0.80000000,0.70000000,0.20000000,-0.60000000,8.00000000,7.99935539,0.99991942,0.99991942,0.00000000,bl_blend_applied,,2022-07-01,0.00000000,-2.05000000,-2.41000000,1.85000000,1.69000000,-2.04983482,-2.40980581,1.84985093,1.68986383,-0.00556469,-0.00654191,0.00502180,0.00458748,0.20415747,0.12761411,0.41822842,0.25000000,0.00000000,0.00000000,0.99999999,0.00000001,0.14291023,0.08932988,0.59275989,0.17500000,-0.06124724,-0.03828423,0.17453147,-0.07500000
2022-08-01,2022-07-31,factor_pit_ext2026,61cba3ee9725a1c0339d2329d7d6c87507c219ef2ec3c1cfd9cde6a2e8a188b5,pit,True,0.07209391,True,True,0.71449283,2.20194839,-1.84473041,0.62028107,2.93876770,0.95000000,-0.40000000,0.70000000,0.80000000,-0.60000000,7.92000000,7.34901621,0.92790609,0.92790609,0.00000000,bl_blend_applied,,2022-08-01,0.00000000,-1.84500000,-2.34000000,1.79000000,1.94500000,-1.71198673,-2.17130024,1.66095190,1.80477734,-0.00485398,-0.00615626,0.00470928,0.00511707,0.20673897,0.12828815,0.41497288,0.25000000,0.00000013,0.00000190,0.00002216,0.99997581,0.14471732,0.08980228,0.29048766,0.47499274,-0.06202165,-0.03848587,-0.12448522,0.22499274
2022-09-01,2022-08-31,factor_pit_ext2026,eb949fa03f7be3398ef51d31abc865c427a022526f99f510e86bfd7201994a7b,pit,True,0.02229805,True,True,0.84380092,1.99124949,-1.93828377,0.78114365,2.88655571,0.90000000,-0.90000000,0.90000000,-0.80000000,-0.70000000,7.41000000,7.24477147,0.97770195,0.97770195,-0.00000000,bl_blend_applied,,2022-09-01,0.00000000,-2.07000000,-2.23000000,1.98000000,1.13000000,-2.02384304,-2.18027535,1.93584987,1.10480321,-0.00677667,-0.00730047,0.00648203,0.00369934,0.20614010,0.12711898,0.41674092,0.25000000,0.00000000,0.00000000,0.99999999,0.00000000,0.14429807,0.08898328,0.59171864,0.17500000,-0.06184203,-0.03813569,0.17497772,-0.07500000
2022-10-03,2022-09-30,factor_pit_ext2026,372674182c191716b359395f2f85994572e669aeb575c4a4459b6411197a1639,pit,True,0.68587857,True,True,0.71414284,1.88168266,-2.03921436,1.10710337,2.98744083,0.90000000,0.60000000,0.80000000,0.70000000,-0.50000000,4.68000000,1.47008831,0.31412143,0.31412143,0.00000000,bl_blend_applied,,2022-10-03,0.00000000,-0.82000000,-1.25000000,1.36000000,1.25000000,-0.25757958,-0.39265179,0.42720515,0.39265179,-0.00072995,-0.00111274,0.00121066,0.00111274,0.20467104,0.12569025,0.41963871,0.25000000,0.00000005,0.00000006,0.99999225,0.00000763,0.14326974,0.08798320,0.59374477,0.17500229,-0.06140130,-0.03770706,0.17410606,-0.07499771
2022-11-01,2022-10-31,factor_pit_ext2026,373b36dc3906e73de0b8af42e9e0631c4fbe8ecd8d1b3ac0902efac72452a871,pit,True,0.48571828,True,True,0.60497934,1.63935686,-1.97740547,0.37053569,2.59517244,0.90000000,0.30000000,-0.80000000,0.50000000,-0.20000000,0.81000000,0.41656820,0.51428172,0.51428172,0.00000000,bl_blend_applied,,2022-11-01,0.00000000,0.40000000,-0.09000000,0.19000000,0.13000000,0.20571269,-0.04628536,0.09771353,0.06685662,0.00049386,-0.00011112,0.00023458,0.00016050,0.20445396,0.12475301,0.42079303,0.25000000,0.26595780,0.00668763,0.53041779,0.19693678,0.22290511,0.08933339,0.45368046,0.23408104,0.01845115,-0.03541961,0.03288743,-0.01591896
2022-12-01,2022-11-30,factor_pit_ext2026,b1d806418520ea3e6c90c96b78f39e08df4caafa5be31bda187c4ad1cb6e0057,pit,True,0.46549314,True,True,0.76550637,1.34539937,-2.44552459,0.28472774,2.80566568,1.00000000,0.20000000,1.00000000,-0.50000000,-0.80000000,5.35000000,2.85961168,0.53450686,0.53450686,0.00000000,bl_blend_applied,,2022-12-01,0.00000000,-1.23000000,-1.49000000,1.77000000,0.86000000,-0.65744343,-0.79641522,0.94607714,0.45967590,-0.00199713,-0.00241929,0.00287392,0.00139637,0.20469378,0.12456767,0.42073854,0.25000000,0.00000000,0.00000000,1.00000000,0.00000000,0.14328565,0.08719737,0.59451698,0.17500000,-0.06140813,-0.03737030,0.17377844,-0.07500000
2023-01-03,2022-12-31,factor_pit_ext2026,a808be4c11a4a277ce351a634c5b8893411fbd5c92035cfa46b1e0fa5cc53a45,pit,True,0.30373101,True,True,0.66783231,1.03967932,-1.97649322,0.50228492,2.28904973,0.60000000,-0.70000000,0.80000000,0.50000000,-0.70000000,8.14000000,5.66762955,0.69626899,0.69626899,0.00000000,bl_blend_applied,,2023-01-03,0.00000000,-2.09000000,-2.43000000,1.72000000,1.90000000,-1.45520218,-1.69193364,1.19758266,1.32291107,-0.00385647,-0.00448384,0.00317375,0.00350588,0.20427920,0.12401891,0.42170190,0.25000000,0.00000005,0.00000002,0.99976425,0.00023569,0.14299545,0.08681324,0.59512060,0.17507071,-0.06128374,-0.03720567,0.17341870,-0.07492929
2023-02-01,2023-01-31,factor_pit_ext2026,35512a5aeaaa41ddcb28a8cff608b40f4cc48018c8261ea4a5e73a613889ff70,pit,True,0.37049566,True,True,0.72307676,0.97892506,-2.17028404,0.02580435,2.38098571,0.92000000,0.12000000,0.85000000,0.78000000,-0.65000000,6.81100000,4.28755407,0.62950434,0.62950434,0.00000000,bl_blend_applied,,2023-02-01,0.00000000,-1.46000000,-1.93700000,1.68600000,1.72800000,-0.91907634,-1.21934991,1.06134432,1.08778350,-0.00263715,-0.00349874,0.00304537,0.00312123,0.20706821,0.12448920,0.41844259,0.25000000,0.00000001,0.00000000,0.99999877,0.00000122,0.14494775,0.08714244,0.59290945,0.17500037,-0.06212046,-0.03734676,0.17446685,-0.07499963
2023-03-01,2023-02-28,factor_pit_ext2026,17f8e4bed6f967e23281dedba6717b1a6b30538a6c6f334ce75f0a921749b3c6,pit,True,0.53397321,True,True,0.53851648,0.81532658,-2.39187508,-0.05870785,2.52770063,0.80000000,-0.20000000,0.50000000,0.40000000,-0.60000000,5.78000000,2.69363483,0.46602679,0.46602679,0.00000000,bl_blend_applied,,2023-03-01,0.00000000,-1.32000000,-1.71000000,1.41000000,1.34000000,-0.61515536,-0.79690581,0.65709777,0.62447589,-0.00131457,-0.00170296,0.00140420,0.00133449,0.22408138,0.13575205,0.39016657,0.25000000,0.00000003,0.00000005,0.00000014,0.99999978,0.15685697,0.09502645,0.27311664,0.47499993,-0.06722441,-0.04072560,-0.11704993,0.22499993
2023-04-03,2023-03-31,factor_pit_ext2026,ad76d8f46ad3492793b6be9688656312c00a4a69146fd09eca82c011b7daff69,pit,True,0.45843135,True,True,0.53103672,0.41250292,-1.73083395,0.25799741,1.79791754,0.40000000,-0.40000000,0.30000000,-0.80000000,-0.60000000,2.98000000,1.61387456,0.54156865,0.54156865,0.00000000,bl_blend_applied,,2023-04-03,0.00000000,-0.88000000,-0.93000000,0.91000000,0.26000000,-0.47658041,-0.50365884,0.49282747,0.14080785,-0.00100429,-0.00106135,0.00103853,0.00029672,0.23525258,0.13848140,0.37626602,0.25000000,0.00000001,0.00000001,0.99999993,0.00000005,0.16467681,0.09693698,0.56338619,0.17500001,-0.07057577,-0.04154442,0.18712017,-0.07499999
2023-05-01,2023-04-30,factor_pit_ext2026,2cdd86e1ab4f8b664fb12561ed1e95363aa22ddd215e558c71ca143477fb1624,pit,True,0.00186199,True,True,0.47749346,0.40945384,-1.69216953,0.19676622,1.75208650,0.40000000,-0.30000000,0.30000000,0.80000000,-0.40000000,4.90000000,4.89087626,0.99813801,0.99813801,0.00000000,non_trading_rebalance_date,rebalance_date_not_in_price_calendar,2023-04-03,,-1.14000000,-1.47000000,0.93000000,1.36000000,-1.13787733,-1.46726288,0.92826835,1.35746770,-0.00215607,-0.00278019,0.00175890,0.00257215,0.23841397,0.13734885,0.37423718,0.25000000,,,,,0.16467681,0.09693698,0.56338619,0.17500001,-0.07373716,-0.04041187,0.18914901,-0.07499999
2023-06-01,2023-05-31,factor_pit_ext2026,4be421692ce57e4885af00014dce2e4169c7b237a8fc4f0f8117602e5c6206e5,pit,True,0.12870553,True,True,0.51961524,0.09607417,-1.88229305,0.32866954,1.91318610,0.10000000,-0.50000000,0.80000000,-0.30000000,-0.60000000,4.93000000,4.29548174,0.87129447,0.87129447,0.00000000,bl_blend_applied,,2023-06-01,0.00000000,-1.44000000,-1.45000000,1.11000000,0.93000000,-1.25466404,-1.26337698,0.96713686,0.81030386,-0.00258707,-0.00260504,0.00199420,0.00167082,0.24040142,0.13937545,0.37022312,0.25000000,0.00000001,0.00000001,0.99999966,0.00000032,0.16828100,0.09756282,0.55915608,0.17500010,-0.07212042,-0.04181263,0.18893296,-0.07499990
2023-07-03,2023-06-30,factor_pit_ext2026,41360c76e1617ecd75c7770de12eeae068e0982a959937aec6d7187f410afb8e,pit,True,0.50058995,True,True,0.48579831,-0.30198166,-2.25502513,-0.26803079,2.29088886,-0.30000000,-0.80000000,-0.40000000,-0.20000000,-0.50000000,1.59000000,0.79406198,0.49941005,0.49941005,0.00000000,bl_blend_applied,,2023-07-03,0.00000000,-0.63000000,-0.64000000,0.03000000,0.29000000,-0.31462833,-0.31962243,0.01498230,0.14482891,-0.00060653,-0.00061616,0.00002888,0.00027920,0.24229568,0.13912557,0.36857875,0.25000000,0.00000000,0.00000003,0.53048562,0.46951435,0.16960697,0.09738791,0.41715081,0.31585430,-0.07268870,-0.04173766,0.04857206,0.06585430
2023-08-01,2023-07-31,factor_pit_ext2026,873a3982fe1198b70edd212187f0106f7b54fbae98a9660dbe476d7a6772ffc1,pit,True,0.31888113,True,True,0.54954527,-0.22374811,-1.91116869,-0.51547400,1.99206988,-0.20000000,-0.80000000,-0.50000000,-0.30000000,-0.70000000,1.84000000,1.25325872,0.68111887,0.68111887,0.00000000,bl_blend_applied,,2023-08-01,0.00000000,-0.67000000,-0.74000000,0.13000000,0.30000000,-0.45634964,-0.50402796,0.08854545,0.20433566,-0.00099518,-0.00109915,0.00019309,0.00044560,0.23441197,0.13398854,0.38159950,0.25000000,0.00000000,0.00000000,0.36715372,0.63284628,0.16408838,0.09379198,0.37726576,0.36485388,-0.07032359,-0.04019656,-0.00433373,0.11485388
2023-09-01,2023-08-31,factor_pit_ext2026,46a3473fad72891863ac937caca2583abb8240486e7641369efce8b469ff4b71,pit,True,0.26802470,True,True,0.60000000,-0.06804122,-1.60778123,-0.46700381,1.67561411,0.00000000,-0.80000000,-0.40000000,0.80000000,0.60000000,1.50000000,1.09796295,0.73197530,0.73197530,0.00000000,bl_blend_applied,,2023-09-01,0.00000000,-0.36000000,-0.44000000,-0.18000000,0.52000000,-0.26351111,-0.32206913,-0.13175555,0.38062716,-0.00062741,-0.00076683,-0.00031370,0.00090626,0.23424036,0.13517480,0.38058484,0.25000000,0.00000094,0.00000731,0.00000210,0.99998965,0.16396853,0.09462455,0.26641002,0.47499690,-0.07027183,-0.04055025,-0.11417482,0.22499690
2023-10-02,2023-09-30,factor_pit_ext2026,684b1bceb61a337cacc98729f5b6221c5c434b4a0083f13efdcbd0b33bf1bdb5,pit,True,0.04404487,True,True,0.41713307,-0.08998719,-1.07910690,-0.31336076,1.12728185,-0.10000000,-0.50000000,-0.30000000,-0.60000000,-0.40000000,0.74000000,0.70740680,0.95595513,0.95595513,0.00000000,bl_blend_applied,,2023-10-02,0.00000000,-0.29000000,-0.25000000,0.05000000,-0.15000000,-0.27722699,-0.23898878,0.04779776,-0.14339327,-0.00045889,-0.00039560,0.00007912,-0.00023736,0.23432445,0.13483437,0.38084118,0.25000000,0.11279741,0.00000017,0.88720103,0.00000139,0.19786634,0.09438411,0.53274913,0.17500042,-0.03645811,-0.04045026,0.15190796,-0.07499958
2023-11-01,2023-10-31,factor_pit_ext2026,56a753440f44e507a6b0041ce2d798b3d8f3be041c793c37e256a1494a712a34,pit,True,0.33222023,True,True,0.47958315,-0.25901958,-0.67761606,0.04345778,0.72673464,-0.30000000,-0.40000000,0.70000000,0.40000000,-0.50000000,4.49000000,2.99833115,0.66777977,0.66777977,0.00000000,bl_blend_applied,,2023-11-01,0.00000000,-1.29000000,-1.31000000,0.70000000,1.19000000,-0.86143590,-0.87479149,0.46744584,0.79465792,-0.00163941,-0.00166482,0.00088960,0.00151232,0.23106340,0.13302225,0.38591435,0.25000000,0.00000001,0.00000002,0.00000019,0.99999979,0.16174438,0.09311558,0.27014010,0.47499994,-0.06931902,-0.03990667,-0.11577425,0.22499994
2023-12-01,2023-11-30,factor_pit_ext2026,bcaf6cea7c46fe438e94ead7f82790fc8abbd15551177714f9a953a8041c6461,pit,True,0.55386779,True,True,0.51961524,-0.31055518,-0.91817105,-0.49443171,1.08809251,-0.30000000,0.40000000,-0.50000000,0.70000000,0.60000000,3.51000000,1.56592405,0.44613221,0.44613221,0.00000000,bl_blend_applied,,2023-12-01,0.00000000,1.04000000,1.06000000,-0.98000000,-0.43000000,0.46397750,0.47290014,-0.43720956,-0.19183685,0.00095671,0.00097510,-0.00090151,-0.00039556,0.23106564,0.13292179,0.38601257,0.25000000,0.99999956,0.00000041,0.00000001,0.00000001,0.46174582,0.09304538,0.27020880,0.17500000,0.23068018,-0.03987641,-0.11580377,-0.07500000
2024-01-02,2023-12-31,factor_pit_ext2026,3cb6e6a20b70b89a73f136361a2abfc9e15784d7f32e2b3ed274e2127067469c,pit,True,0.26338398,True,True,0.66852076,-0.25093136,-0.88263216,-0.88703628,1.27625995,-0.25000000,-0.80000000,-0.89000000,-0.50000000,-0.70000000,0.93200000,0.68652613,0.73661602,0.73661602,0.00000000,bl_blend_applied,,2024-01-02,0.00000000,-0.28300000,-0.33700000,-0.20300000,-0.10900000,-0.20846233,-0.24823960,-0.14953305,-0.08029115,-0.00055302,-0.00065854,-0.00039669,-0.00021300,0.22888017,0.13164425,0.38947558,0.25000000,0.20178020,0.00000001,0.39657124,0.40164856,0.22075018,0.09215098,0.39160427,0.29549457,-0.00812999,-0.03949327,0.00212870,0.04549457
2024-02-01,2024-01-31,factor_pit_ext2026,190bc652b590a549ba98a46886ab2ac41e9cdcfcf4af7081d62aef0c0fe6da20,pit,True,0.53628655,True,True,0.51961524,-0.34966296,-0.76085893,-0.68411990,1.08129114,-0.30000000,-0.70000000,-0.60000000,-0.50000000,-0.40000000,0.81000000,0.37560789,0.46371345,0.46371345,0.00000000,bl_blend_applied,,2024-02-01,0.00000000,-0.22000000,-0.17000000,-0.23000000,-0.19000000,-0.10201696,-0.07883129,-0.10665409,-0.08810556,-0.00021036,-0.00016255,-0.00021992,-0.00018167,0.22939898,0.13091559,0.38968543,0.25000000,0.55878448,0.00000012,0.44121524,0.00000016,0.32821463,0.09164095,0.40514437,0.17500005,0.09881565,-0.03927464,0.01545894,-0.07499995
2024-03-01,2024-02-29,factor_pit_ext2026,76637299b34afe84cab3ddd6cc6e6c2b1a9a411cf9c86b9dadebc0095cca71c7,pit,True,0.51533859,False,False,,-0.33614224,-0.90555770,-0.94876806,1.35395243,,,,,,0.00000000,0.00000000,,,,fallback,no_valid_views,2024-03-01,0.00000000,0.00000000,0.00000000,0.00000000,0.00000000,0.00000000,0.00000000,0.00000000,0.00000000,0.00000000,0.00000000,0.00000000,0.00000000,0.22575261,0.13020648,0.39404091,0.25000000,0.22575261,0.13020648,0.39404091,0.25000000,0.22575261,0.13020648,0.39404091,0.25000000,0.00000000,0.00000000,0.00000000,0.00000000
2024-04-01,2024-03-31,factor_pit_ext2026,7a7496162c98803c8978caa812503565f8e23879761a1f41a1bddb976abb24a0,pit,True,0.83680060,True,True,0.54954527,-0.22088704,-0.88633035,-1.05524538,1.39567739,-0.20000000,-0.80000000,-0.70000000,-0.50000000,-0.30000000,0.84000000,0.13708749,0.16319940,0.16319940,0.00000000,non_trading_rebalance_date,rebalance_date_not_in_price_calendar,2024-03-01,,-0.21000000,-0.18000000,-0.23000000,-0.22000000,-0.03427187,-0.02937589,-0.03753586,-0.03590387,-0.00007474,-0.00006406,-0.00008186,-0.00007830,0.22517770,0.12985274,0.39496957,0.25000000,,,,,0.22575261,0.13020648,0.39404091,0.25000000,0.00057491,0.00035375,-0.00092866,0.00000000
2024-05-01,2024-04-30,factor_pit_ext2026,8a4d838c23bcf0408f10ace44526abd823281abd41c0bc23baeab94cfd1a396b,pit,True,0.66154631,True,True,0.48340459,-0.27969618,-0.80747822,-1.01249119,1.32491110,-0.28000000,-0.50000000,0.20000000,-0.80000000,0.40000000,1.05200000,0.35605328,0.33845369,0.33845369,-0.00000000,bl_blend_applied,,2024-05-01,0.00000000,-0.09600000,0.24800000,-0.16400000,-0.54400000,-0.03249155,0.08393651,-0.05550640,-0.18411881,-0.00006233,0.00016101,-0.00010648,-0.00035319,0.22882322,0.13097796,0.39019882,0.25000000,0.75584517,0.00000002,0.24415480,0.00000001,0.38692980,0.09168458,0.34638561,0.17500000,0.15810658,-0.03929338,-0.04381320,-0.07500000
2024-06-03,2024-05-31,factor_pit_ext2026,6928bd6ed07d1ab9809aac46234e6d64ad78a1c9db213dfdbe8331696d66a618,pit,True,0.49040214,True,True,0.68635268,-0.33627766,-0.83284644,-0.96577613,1.31887808,-0.34000000,-0.83000000,-0.97000000,-0.50000000,-0.60000000,0.93400000,0.47596440,0.50959786,0.50959786,0.00000000,bl_blend_applied,,2024-06-03,0.00000000,-0.16200000,-0.17700000,-0.36900000,-0.22600000,-0.08255485,-0.09019882,-0.18804161,-0.11516912,-0.00022485,-0.00024567,-0.00051215,-0.00031368,0.22617515,0.12948027,0.39434458,0.25000000,0.72537211,0.00000000,0.27462783,0.00000006,0.37593424,0.09063619,0.35842956,0.17500002,0.14975909,-0.03884408,-0.03591503,-0.07499998
2024-07-01,2024-06-30,factor_pit_ext2026,2eaef88bcd8d2c8d01b1b8bf740180ba2dd8c06e4838839d2ae33022fb035f26,pit,True,0.54352256,True,True,0.76830983,-0.45451273,-0.76999726,-0.93675664,1.29498672,-0.45000000,-0.86000000,-0.94000000,-0.77000000,-0.73000000,1.05800000,0.48295313,0.45647744,0.45647744,0.00000000,bl_blend_applied,,2024-07-01,0.00000000,-0.18000000,-0.13100000,-0.38600000,-0.36100000,-0.08216594,-0.05979854,-0.17620029,-0.16478835,-0.00025051,-0.00018232,-0.00053721,-0.00050241,0.23013152,0.13174520,0.38812328,0.25000000,0.75514313,0.00000000,0.24485686,0.00000000,0.38763500,0.09222164,0.34514335,0.17500000,0.15750349,-0.03952356,-0.04297993,-0.07500000
2024-08-01,2024-07-31,factor_pit_ext2026,7a0c59fa9fe9dccacd8ceb8242c4eefea1f9cafa2e4daf8baff6356057f88bce,pit,True,0.47738421,True,True,0.59398653,-0.47556509,-0.54065708,-0.88506611,1.14097075,-0.48000000,0.30000000,-0.89000000,-0.54000000,-0.60000000,3.77000000,1.97026155,0.52261579,0.52261579,0.00000000,bl_blend_applied,,2024-08-01,0.00000000,0.95800000,1.00100000,-0.88100000,-0.93000000,0.50066593,0.52313841,-0.46042452,-0.48603269,0.00118011,0.00123308,-0.00108526,-0.00114562,0.22764133,0.12785625,0.39450242,0.25000000,0.99999999,0.00000000,0.00000000,0.00000000,0.45934893,0.08949938,0.27615169,0.17500000,0.23170760,-0.03835687,-0.11835072,-0.07500000
2024-09-02,2024-08-31,factor_pit_ext2026,25832a86c7e8669016db17a54788937309a5770beec679e46f05650e35a03c0f,pit,True,0.00000000,True,True,0.57323643,-0.61615873,-0.24814649,-0.93536910,1.14723302,-0.62000000,-0.25000000,-0.94000000,-0.25000000,0.50000000,4.79700000,4.79699999,1.00000000,1.00000000,0.00000000,non_trading_rebalance_date,rebalance_date_not_in_price_calendar,2024-08-01,,1.06300000,1.30500000,-1.32900000,-1.10000000,1.06300000,1.30500000,-1.32900000,-1.10000000,0.00241806,0.00296855,-0.00302314,-0.00250222,0.22140706,0.12567888,0.40291406,0.25000000,,,,,0.45934893,0.08949938,0.27615169,0.17500000,0.23794187,-0.03617950,-0.12676237,-0.07500000
2024-10-01,2024-09-30,factor_pit_ext2026,812bcdbf9c8429a094b5b06083862c1aaadc58a02e66cfea4967f22af6f78679,pit,True,0.27776542,True,True,0.46043458,-0.69566591,-0.03120911,-1.03580648,1.24812664,-0.60000000,-0.50000000,-0.40000000,-0.20000000,-0.50000000,0.75000000,0.54167593,0.72223458,0.72223458,0.00000000,bl_blend_applied,,2024-10-01,0.00000000,-0.24000000,-0.16000000,-0.33000000,0.02000000,-0.17333630,-0.11555753,-0.23833741,0.01444469,-0.00031671,-0.00021114,-0.00043547,0.00002639,0.22069368,0.12567006,0.40363626,0.25000000,0.00000054,0.18281676,0.24792982,0.56925287,0.15448574,0.14281407,0.35692433,0.34577586,-0.06620794,0.01714401,-0.04671193,0.09577586
2024-11-01,2024-10-31,factor_pit_ext2026,69955ea5ae32b014eb0445ea2f471f0c96efc1a9cdfa80f88aee05f3bf98d49b,pit,True,0.10804431,True,True,0.47116876,-0.64353235,-0.07387434,-1.13653375,1.30816676,-0.60000000,0.30000000,-0.70000000,-0.10000000,0.40000000,5.23000000,4.66492827,0.89195569,0.89195569,0.00000000,bl_blend_applied,,2024-11-01,0.00000000,1.31000000,1.52000000,-1.30000000,-1.10000000,1.16846196,1.35577265,-1.15954240,-0.98115126,0.00218469,0.00253491,-0.00216802,-0.00183448,0.21973442,0.12449260,0.40577297,0.25000000,1.00000000,0.00000000,0.00000000,0.00000000,0.45381410,0.08714482,0.28404108,0.17500000,0.23407967,-0.03734778,-0.12173189,-0.07500000
2024-12-02,2024-11-30,factor_pit_ext2026,397353dab19c4ded2970e74b28ee1ee2702795facc57d3fbde2cdba5b75e3f2b,pit,True,0.52316359,True,True,0.59665736,-0.59322853,-0.17330382,-1.22407236,1.37124303,-0.60000000,-0.80000000,-0.70000000,-0.20000000,-0.50000000,0.99000000,0.47206804,0.47683641,0.47683641,-0.00000000,bl_blend_applied,,2024-12-02,0.00000000,-0.30000000,-0.25000000,-0.42000000,0.02000000,-0.14305092,-0.11920910,-0.20027129,0.00953673,-0.00033870,-0.00028225,-0.00047418,0.00002258,0.22753484,0.12789587,0.39456929,0.25000000,0.00000001,0.13462827,0.18332221,0.68204952,0.15927439,0.12991559,0.33119516,0.37961486,-0.06826045,0.00201972,-0.06337412,0.12961486
2025-01-02,2024-12-31,factor_pit_ext2026,c1cea5533825cec40fffb728dfb10e074d06c90f29bcf17e1dd4e1c201587503,pit,True,0.74142549,True,True,0.44497191,-0.53749905,0.23644847,-1.05141178,1.20427565,-0.50000000,0.40000000,-0.70000000,0.30000000,0.00000000,3.65000000,0.94379697,0.25857451,0.25857451,0.00000000,bl_blend_applied,,2025-01-02,0.00000000,1.02000000,1.04000000,-1.02000000,-0.57000000,0.26374600,0.26891749,-0.26374600,-0.14738747,0.00046571,0.00047484,-0.00046571,-0.00026025,0.23400515,0.12580125,0.39019360,0.25000000,0.97762702,0.02237292,0.00000004,0.00000002,0.45709171,0.09477275,0.27313553,0.17500001,0.22308656,-0.03102850,-0.11705807,-0.07499999
2025-02-03,2025-01-31,factor_pit_ext2026,662ef08cdbc6b4dbd7386ff6e6b199ad289e4f9ec36a9307ee2c6b80498b1172,pit,True,0.01080625,True,True,0.38729833,-0.49245478,0.27575759,-1.22126284,1.34537611,-0.50000000,0.00000000,-0.50000000,0.30000000,-0.40000000,0.95000000,0.93973406,0.98919375,0.98919375,0.00000000,bl_blend_applied,,2025-02-03,0.00000000,0.22000000,0.18000000,-0.52000000,0.03000000,0.21762262,0.17805487,-0.51438075,0.02967581,0.00033446,0.00027365,-0.00079055,0.00004561,0.23272421,0.12482010,0.39245569,0.25000000,0.64697797,0.35302041,0.00000018,0.00000144,0.35700034,0.19328020,0.27471903,0.17500043,0.12427613,0.06846009,-0.11773665,-0.07499957
2025-03-03,2025-02-28,factor_pit_ext2026,8a645d3baabf6cb3c71d81210ea0a858e718ff27ad3300dc709ee71e13dc5f5e,pit,True,0.47241782,True,True,0.36466423,-0.57309371,0.11547483,-1.02638780,1.18120394,-0.57000000,0.40000000,-0.40000000,0.10000000,-0.10000000,3.04000000,1.60384984,0.52758218,0.52758218,0.00000000,bl_blend_applied,,2025-03-03,0.00000000,0.80100000,0.89200000,-0.83600000,-0.51100000,0.42259333,0.47060331,-0.44105870,-0.26959450,0.00061153,0.00068100,-0.00063825,-0.00039012,0.23003429,0.12305487,0.39691085,0.25000000,0.99999994,0.00000005,0.00000000,0.00000000,0.46102398,0.08613842,0.27783759,0.17500000,0.23098969,-0.03691644,-0.11907325,-0.07500000
2025-04-01,2025-03-31,factor_pit_ext2026,076960f8371f502369dd55b510642f46574094ef09d89464af8f6f7e1e190e38,pit,True,0.10428815,True,True,0.57619441,-0.75282403,0.25047282,-0.44541286,0.90987542,-0.80000000,0.50000000,-0.60000000,-0.50000000,0.40000000,6.63000000,5.93856953,0.89571185,0.89571185,0.00000000,bl_blend_applied,,2025-04-01,0.00000000,1.61000000,1.97000000,-1.51000000,-1.54000000,1.44209607,1.76455234,-1.35252489,-1.37939624,0.00329733,0.00403462,-0.00309253,-0.00315397,0.22743590,0.12384003,0.39872407,0.25000000,0.99999999,0.00000001,0.00000000,0.00000000,0.45920513,0.08668802,0.27910685,0.17500000,0.23176923,-0.03715201,-0.11961722,-0.07500000
2025-05-01,2025-04-30,factor_pit_ext2026,fb13dcaa203be8aa933c97b01e5f2dc9c8e3408922d3e005f93fbc246e196d57,pit,True,0.77311989,True,True,0.51768716,-0.80280570,0.58294661,-0.00405460,0.99213920,-0.80000000,0.00000000,0.30000000,0.60000000,-0.50000000,1.75000000,0.39704020,0.22688011,0.22688011,0.00000000,bl_blend_applied,,2025-05-01,0.00000000,-0.48000000,-0.43000000,-0.12000000,0.72000000,-0.10890245,-0.09755845,-0.02722561,0.16335368,-0.00022372,-0.00020042,-0.00005593,0.00033558,0.21790643,0.12696970,0.40512388,0.25000000,0.00000001,0.00000002,0.59049812,0.40950186,0.15253450,0.08887879,0.46073615,0.29785056,-0.06537193,-0.03809090,0.05561227,0.04785056
2025-06-02,2025-05-31,factor_pit_ext2026,78709ef2b347120e996289cd33a5eb262b860f0afeced93059d10494cc4fbef5,pit,True,0.61473370,True,True,0.54037024,-0.81187433,0.50898081,-0.67779851,1.17371726,-0.80000000,-0.20000000,-0.70000000,0.50000000,0.20000000,2.61000000,1.00554504,0.38526630,0.38526630,0.00000000,bl_blend_applied,,2025-06-02,0.00000000,0.57000000,0.68000000,-1.10000000,-0.26000000,0.21960179,0.26198108,-0.42379293,-0.10016924,0.00047090,0.00056177,-0.00090875,-0.00021480,0.23454006,0.13243858,0.38302136,0.25000000,0.56322681,0.43677318,0.00000000,0.00000001,0.33314609,0.22373896,0.26811495,0.17500000,0.09860602,0.09130038,-0.11490641,-0.07500000
2025-07-01,2025-06-30,factor_pit_ext2026,060f05d918392c39537aaabec43a466efa03707a554a06b9c94d3334f61436cf,pit,True,0.55991013,True,True,0.60497934,-0.70902910,0.50836963,-1.11809886,1.41820556,-0.70000000,0.60000000,-0.80000000,0.50000000,0.30000000,5.34000000,2.35007989,0.44008987,0.44008987,0.00000000,bl_blend_applied,,2025-07-01,0.00000000,1.48000000,1.57000000,-1.46000000,-0.83000000,0.65133300,0.69094109,-0.64253120,-0.36527459,0.00156366,0.00165875,-0.00154253,-0.00087692,0.23486471,0.13280371,0.38233158,0.25000000,0.23850079,0.76149921,0.00000000,0.00000000,0.23595553,0.32141236,0.26763211,0.17500000,0.00109082,0.18860865,-0.11469947,-0.07500000
2025-08-01,2025-07-31,factor_pit_ext2026,1c5603e37623679243e8e4ef23d1910283c76a470a2c00a8f3382d39ae2deb2e,pit,True,0.58678198,True,True,0.58137767,-0.70441699,0.37723690,-1.21259063,1.45220074,-0.70000000,0.40000000,-0.80000000,0.20000000,0.60000000,6.00000000,2.47930812,0.41321802,0.41321802,0.00000000,bl_blend_applied,,2025-08-01,0.00000000,1.55000000,1.76000000,-1.56000000,-1.13000000,0.64048793,0.72726372,-0.64462011,-0.46693636,0.00147764,0.00167784,-0.00148717,-0.00107725,0.23561267,0.13358030,0.38080703,0.25000000,0.16942810,0.83057190,0.00000000,0.00000000,0.21575730,0.34267778,0.26656492,0.17500000,-0.01985537,0.20909748,-0.11424211,-0.07500000
2025-09-01,2025-08-31,factor_pit_ext2026,a420755e727ed26dcef5762ced9a90b209b6ffa817f5b08f74c61c3811c53501,pit,True,0.32109040,True,True,0.68805523,-0.63911605,0.68178670,-1.20301795,1.52333667,-0.64000000,0.85000000,-0.85000000,0.65000000,0.30000000,5.85500000,3.97501570,0.67890960,0.67890960,0.00000000,non_trading_rebalance_date,rebalance_date_not_in_price_calendar,2025-08-01,,1.70700000,1.74400000,-1.53200000,-0.87200000,1.15889869,1.18401834,-1.04008951,-0.59200917,0.00316423,0.00323282,-0.00283984,-0.00161641,0.23251017,0.13850317,0.37898666,0.25000000,,,,,0.21575730,0.34267778,0.26656492,0.17500000,-0.01675287,0.20417461,-0.11242174,-0.07500000
2025-10-01,2025-09-30,factor_pit_ext2026,a0519177d026f904f6270ad9b942c2817006b04eb55d71d251ee2bd699151169,pit,True,0.00000017,True,True,0.54772256,-0.62151991,0.56507571,-1.23360061,1.49243694,-0.60000000,-0.40000000,-0.80000000,0.50000000,-0.30000000,0.96000000,0.95999984,0.99999983,0.99999983,0.00000000,bl_blend_applied,,2025-10-01,0.00000000,0.09000000,0.03000000,-0.68000000,0.16000000,0.08999998,0.02999999,-0.67999988,0.15999997,0.00019562,0.00006521,-0.00147798,0.00034776,0.24165499,0.13882723,0.36951778,0.25000000,0.00000123,0.14613591,0.00000006,0.85386279,0.16915886,0.14101983,0.25866247,0.43115884,-0.07249613,0.00219261,-0.11085532,0.18115884
2025-11-03,2025-09-30,factor_pit_ext2026,8063347088cb5a039015c147a1c956b61e61eddb29355efec4e848b156882410,pit,True,0.46976691,True,True,0.63274007,-0.62151991,0.56507571,-1.23360061,1.49243694,-0.62000000,0.75000000,0.57000000,-0.30000000,0.80000000,4.40400000,2.33514654,0.53023309,0.53023309,0.00000000,bl_blend_applied,,2025-11-03,0.00000000,1.05000000,1.51300000,-0.82700000,-1.01400000,0.55674475,0.80224267,-0.43850277,-0.53765636,0.00139792,0.00201433,-0.00110102,-0.00134999,0.20081312,0.15784568,0.39134120,0.25000000,0.00000001,0.99999999,0.00000000,0.00000000,0.14056919,0.41049197,0.27393884,0.17500000,-0.06024393,0.25264629,-0.11740236,-0.07500000
2025-12-01,2025-11-30,factor_pit_ext2026,309f23fa533117c80959e0d2b8c72fc118f789e95a7270b50215b2cbe1f43391,pit,True,0.48228975,True,True,0.57096410,-0.69111505,0.56255000,-1.01778788,1.35277296,-0.70000000,0.30000000,-0.80000000,0.50000000,-0.40000000,2.69000000,1.39264056,0.51771025,0.51771025,0.00000000,bl_blend_applied,,2025-12-01,0.00000000,0.76000000,0.71000000,-0.99000000,-0.23000000,0.39345979,0.36757427,-0.51253314,-0.11907336,0.00089147,0.00083282,-0.00116126,-0.00026979,0.20307491,0.15843775,0.38848734,0.25000000,0.38501463,0.61498536,0.00000000,0.00000001,0.25765682,0.29540204,0.27194114,0.17500000,0.05458192,0.13696428,-0.11654620,-0.07500000
2026-01-02,2025-12-31,factor_pit_ext2026,f560dc108b4f5c91972376ff22e8bc38c5cd51cbc7f47ca0373058f9a9d74514,pit,True,0.49017750,True,True,0.70851958,-0.70784531,0.80110660,-1.13467400,1.55894254,-0.70000000,0.80000000,-0.80000000,0.70000000,-0.50000000,3.60000000,1.83536100,0.50982250,0.50982250,0.00000000,bl_blend_applied,,2026-01-02,0.00000000,1.14000000,1.03000000,-1.12000000,-0.31000000,0.58119765,0.52511718,-0.57100120,-0.15804498,0.00163409,0.00147641,-0.00160542,-0.00044436,0.20458157,0.15822453,0.38719390,0.25000000,0.32805992,0.67194008,0.00000000,0.00000000,0.24162507,0.31233920,0.27103573,0.17500000,0.03704350,0.15411466,-0.11615817,-0.07500000
2026-02-02,2026-01-31,factor_pit_ext2026,c8c9a5a22322d7920840e81a5ed0649af6cdb7ac02eeffd7ef6b2c5d2bc7524d,pit,True,0.55955550,True,True,0.71414284,-0.81007724,0.85738412,-1.00790028,1.55151398,-0.80000000,0.60000000,-0.90000000,0.70000000,0.50000000,5.98000000,2.63385810,0.44044450,0.44044450,-0.00000000,bl_blend_applied,,2026-02-02,0.00000000,1.65000000,1.76000000,-1.69000000,-0.88000000,0.72673342,0.77518232,-0.74435120,-0.38759116,0.00205949,0.00219679,-0.00210942,-0.00109839,0.21384955,0.16539244,0.37075801,0.25000000,0.00000002,0.99999998,0.00000000,0.00000000,0.14969469,0.41577470,0.25953061,0.17500000,-0.06415486,0.25038226,-0.11122740,-0.07500000
2026-03-02,2026-02-28,factor_pit_ext2026,662b5167d0f833c60f1a888ee5d0aadca6399c6fb04b3ac76023a12bb36b340b,pit,True,0.41617241,True,True,0.58991525,-0.90294874,0.66688902,-0.66695517,1.30571306,-0.80000000,0.60000000,0.70000000,0.50000000,0.00000000,1.03000000,0.60134241,0.58382759,0.58382759,0.00000000,bl_blend_applied,,2026-03-02,0.00000000,0.13000000,0.34000000,-0.34000000,0.22000000,0.07589759,0.19850138,-0.19850138,0.12844207,0.00017767,0.00046468,-0.00046468,0.00030067,0.22419530,0.16692405,0.35888065,0.25000000,0.61679351,0.23942248,0.14378397,0.00000003,0.34197476,0.18867358,0.29435165,0.17500001,0.11777947,0.02174953,-0.06452900,-0.07499999
2026-04-01,2026-03-31,factor_pit_ext2026,00d4f83d6fdceb83912a5f5d31560475997cae307529aca69f39f39abd18b14a,pit,True,0.35042804,True,True,0.50772040,-0.60091761,0.59567043,-0.44688480,0.95688623,-0.60000000,0.45000000,0.08000000,0.60000000,-0.60000000,0.73400000,0.47678582,0.64957196,0.64957196,0.00000000,bl_blend_applied,,2026-04-01,0.00000000,0.02600000,-0.02600000,-0.24400000,0.43800000,0.01688887,-0.01688887,-0.15849556,0.28451252,0.00003403,-0.00003403,-0.00031933,0.00057323,0.23516660,0.17559935,0.33923405,0.25000000,0.74289248,0.00000000,0.00000002,0.25710750,0.38748436,0.12291955,0.23746384,0.25213225,0.15231776,-0.05267980,-0.10177021,0.00213225
2026-05-01,2026-03-31,factor_pit_ext2026,03dd1ed7800d4faa65b73afe0e11bdbe6008264be9f52a89025ec9bc0b626920,pit,True,0.45231592,True,True,0.52535702,-0.60091761,0.59567043,-0.44688480,0.95688623,-0.60000000,0.50000000,-0.50000000,0.60000000,0.40000000,4.08000000,2.23455104,0.54768408,0.54768408,0.00000000,bl_blend_applied,,2026-05-01,0.00000000,1.14000000,1.23000000,-1.17000000,-0.54000000,0.62435985,0.67365142,-0.64079037,-0.29574940,0.00130163,0.00140439,-0.00133589,-0.00061656,0.23660484,0.17627008,0.33712508,0.25000000,0.00000007,0.99999990,0.00000002,0.00000002,0.16562341,0.42338903,0.23598756,0.17500000,-0.07098143,0.24711894,-0.10113752,-0.07500000
2026-06-01,2026-03-31,factor_pit_ext2026,f41387f03bc453cd708359b2bc5bd0249aea1870aff39f70784740ac0521d276,pit,True,0.53773076,True,True,0.48887626,-0.60091761,0.59567043,-0.44688480,0.95688623,-0.60000000,-0.15000000,-0.45000000,0.60000000,-0.50000000,1.11000000,0.51311886,0.46226924,0.46226924,0.00000000,bl_blend_applied,,2026-06-01,0.00000000,-0.09000000,-0.17500000,-0.42500000,0.42000000,-0.04160423,-0.08089712,-0.19646443,0.19415308,-0.00008071,-0.00015694,-0.00038114,0.00037665,0.23724461,0.17654264,0.33621274,0.25000000,0.66276645,0.00000001,0.06482616,0.27240739,0.36490116,0.12357985,0.25479677,0.25672222,0.12765655,-0.05296279,-0.08141597,0.00672222
2019-01-02,2018-12-31,factor_pit_unguarded_diagnostic_ext2026,1f475bc274c0b13c0da9926a3695a68e260b5669851bf06112cdce17c5932721,pit,False,0.29204048,True,True,0.82036577,0.55415989,-1.58715468,0.64765574,1.80155797,0.55000000,-1.00000000,0.65000000,1.00000000,-0.80000000,9.62000000,9.62000000,1.00000000,1.00000000,0.00000000,bl_blend_applied,,2019-01-02,0.00000000,-2.46500000,-2.92500000,1.79500000,2.43500000,-2.46500000,-2.92500000,1.79500000,2.43500000,-0.00802461,-0.00952210,0.00584348,0.00792695,0.21607784,0.13994703,0.39397512,0.25000000,0.00000001,0.00000000,0.99999997,0.00000002,0.15125449,0.09796292,0.57578258,0.17500001,-0.06482335,-0.04198411,0.18180745,-0.07499999
2019-02-01,2019-01-31,factor_pit_unguarded_diagnostic_ext2026,bea2a69cb2b5d4713191fe30fd036d481f702c9a1c70d0eae53a2e85d9b9da92,pit,False,0.60414109,True,True,0.55196014,-0.03021485,-1.59932940,-0.18449514,1.61021921,-0.03000000,-0.18000000,0.80000000,0.70000000,-0.60000000,5.41000000,5.41000000,1.00000000,1.00000000,0.00000000,bl_blend_applied,,2019-02-01,0.00000000,-1.38100000,-1.55200000,0.97800000,1.49900000,-1.38100000,-1.55200000,0.97800000,1.49900000,-0.00302483,-0.00339937,0.00214213,0.00328329,0.22149296,0.13409385,0.39441319,0.25000000,0.00000000,0.00000000,0.99999997,0.00000003,0.15504507,0.09386570,0.57608922,0.17500001,-0.06644789,-0.04022815,0.18167603,-0.07499999
2019-03-01,2019-02-28,factor_pit_unguarded_diagnostic_ext2026,1e01888ab6f5decdae21af742659ba61d5ec9f1b77a2c317ba26b8aa59b12bb5,pit,False,0.47493392,True,True,0.57445626,-0.00219275,-1.51619788,-0.57582790,1.62186269,0.00000000,-0.80000000,-0.40000000,-0.60000000,-0.70000000,2.01000000,2.01000000,1.00000000,1.00000000,0.00000000,bl_blend_applied,,2019-03-01,0.00000000,-0.72000000,-0.78000000,0.33000000,0.18000000,-0.72000000,-0.78000000,0.33000000,0.18000000,-0.00164130,-0.00177808,0.00075226,0.00041033,0.21837179,0.13370570,0.39792251,0.25000000,0.00000000,0.00000001,0.99999995,0.00000004,0.15286025,0.09359399,0.57854574,0.17500001,-0.06551154,-0.04011171,0.18062323,-0.07499999
2019-04-01,2019-03-31,factor_pit_unguarded_diagnostic_ext2026,423f49769dc88f61377a88bca112e9f1001d990de06240d7d71757d8a90cd4d8,pit,False,0.61393731,True,True,0.54954527,0.40735864,-1.60580403,-0.46845828,1.72162737,0.40000000,-0.60000000,-0.50000000,-0.70000000,-0.50000000,1.42000000,1.42000000,1.00000000,1.00000000,0.00000000,bl_blend_applied,,2019-04-01,0.00000000,-0.41000000,-0.54000000,0.39000000,-0.08000000,-0.41000000,-0.54000000,0.39000000,-0.08000000,-0.00089410,-0.00117760,0.00085049,-0.00017446,0.21385623,0.13225313,0.40389065,0.25000000,0.00000000,0.00000000,0.99999998,0.00000001,0.14969936,0.09257719,0.58272345,0.17500000,-0.06415687,-0.03967594,0.17883280,-0.07500000
2019-05-01,2019-04-30,factor_pit_unguarded_diagnostic_ext2026,de2c11aa82b53fef9b35ed5b91a95c5a62044199a39cdb07b993f7691e73e1b9,pit,False,0.03837118,True,True,0.54954527,0.54134103,-1.40160296,-0.74660398,1.67778380,0.50000000,-0.40000000,-0.60000000,-0.70000000,-0.50000000,1.04000000,1.04000000,1.00000000,1.00000000,0.00000000,bl_blend_applied,,2019-05-01,0.00000000,-0.16000000,-0.33000000,0.32000000,-0.23000000,-0.16000000,-0.33000000,0.32000000,-0.23000000,-0.00034892,-0.00071964,0.00069784,-0.00050157,0.21199891,0.12964318,0.40835791,0.25000000,0.00000000,0.00000000,1.00000000,0.00000000,0.14839924,0.09075022,0.58585054,0.17500000,-0.06359967,-0.03889295,0.17749263,-0.07500000
2019-06-03,2019-05-31,factor_pit_unguarded_diagnostic_ext2026,cb09f4e7208b6bd36d77a5b06e732d0cf4765a077feafc814cd355989865138f,pit,False,0.06919663,True,True,0.47749346,0.31657087,-1.46124673,-0.01352818,1.49520638,0.30000000,0.00000000,0.80000000,-0.50000000,-0.40000000,2.99000000,2.99000000,1.00000000,1.00000000,0.00000000,bl_blend_applied,,2019-06-03,0.00000000,-0.82000000,-0.81000000,0.95000000,0.41000000,-0.82000000,-0.81000000,0.95000000,0.41000000,-0.00155375,-0.00153480,0.00180007,0.00077687,0.20788938,0.12640151,0.41570912,0.25000000,0.00000000,0.00000000,1.00000000,0.00000000,0.14552256,0.08848105,0.59099638,0.17500000,-0.06236681,-0.03792045,0.17528726,-0.07500000
2019-07-01,2019-06-30,factor_pit_unguarded_diagnostic_ext2026,8117ec939adfa2aaca3a4bb44944dedd6ac27504ce88d69d93c537ea8a521399,pit,False,0.01742180,True,True,0.50990195,0.18199305,-1.32110109,-0.47793871,1.41663509,0.20000000,-0.70000000,-0.40000000,-0.50000000,-0.60000000,2.03000000,2.03000000,1.00000000,1.00000000,0.00000000,bl_blend_applied,,2019-07-01,0.00000000,-0.65000000,-0.77000000,0.41000000,0.20000000,-0.65000000,-0.77000000,0.41000000,0.20000000,-0.00131522,-0.00155803,0.00082960,0.00040468,0.20453584,0.12697706,0.41848710,0.25000000,0.00000000,0.00000000,1.00000000,0.00000000,0.14317509,0.08888394,0.59294097,0.17500000,-0.06136075,-0.03809312,0.17445387,-0.07500000
2019-08-01,2019-07-31,factor_pit_unguarded_diagnostic_ext2026,4ba1a639ecda4da084670f3e2c1b4cc30cb906b2f87f3a77dce6c48af726a61a,pit,False,0.51660448,True,True,0.42661458,0.36308874,-1.51990579,-0.59867516,1.67342732,0.30000000,-0.40000000,0.50000000,0.40000000,-0.50000000,5.13000000,5.13000000,1.00000000,1.00000000,0.00000000,bl_blend_applied,,2019-08-01,0.00000000,-1.31000000,-1.53000000,1.04000000,1.25000000,-1.31000000,-1.53000000,1.04000000,1.25000000,-0.00221772,-0.00259016,0.00176063,0.00211614,0.20617057,0.12669796,0.41713146,0.25000000,0.00000000,0.00000000,0.99999999,0.00000001,0.14431940,0.08868858,0.59199202,0.17500000,-0.06185117,-0.03800939,0.17486056,-0.07500000
2019-09-02,2019-08-31,factor_pit_unguarded_diagnostic_ext2026,4e961dedfb6ee98185f9224947a415cd71cffcfe3c103719954f3011f3278cad,pit,False,0.02155456,True,True,0.52107581,0.26084925,-1.72179937,-0.42854264,1.79340018,0.26000000,-0.80000000,-0.20000000,-0.60000000,0.50000000,0.77400000,0.77400000,1.00000000,1.00000000,0.00000000,non_trading_rebalance_date,rebalance_date_not_in_price_calendar,2019-08-01,,-0.23800000,-0.11600000,0.07800000,-0.34200000,-0.23800000,-0.11600000,0.07800000,-0.34200000,-0.00049213,-0.00023986,0.00016129,-0.00070717,0.19930127,0.12278071,0.42791801,0.25000000,,,,,0.14431940,0.08868858,0.59199202,0.17500000,-0.05498187,-0.03409214,0.16407401,-0.07500000
2019-10-01,2019-09-30,factor_pit_unguarded_diagnostic_ext2026,936ff7741350bb887cba24f40b3641670fd79e5ea7ac7f0b84494584e3cc38dd,pit,False,0.21133500,True,True,0.59665736,0.19986001,-1.58824128,-0.51862942,1.68268561,0.20000000,0.50000000,-0.60000000,-0.80000000,0.70000000,5.89000000,5.89000000,1.00000000,1.00000000,0.00000000,bl_blend_applied,,2019-10-01,0.00000000,1.58000000,1.76000000,-0.89000000,-1.66000000,1.58000000,1.76000000,-0.89000000,-1.66000000,0.00374095,0.00416713,-0.00210724,-0.00393036,0.19960338,0.12295354,0.42744308,0.25000000,0.99999998,0.00000001,0.00000000,0.00000000,0.43972236,0.08606748,0.29921016,0.17500000,0.24011898,-0.03688606,-0.12823292,-0.07500000
2019-11-01,2019-10-31,factor_pit_unguarded_diagnostic_ext2026,0f6d91fd76f3ecd31c068adf2f7354f648cf97a608ec067f5c02a986496ddf8f,pit,False,0.07019225,True,True,0.57314920,0.25413906,-1.31977011,-0.40208469,1.40287273,0.25000000,-0.90000000,-0.40000000,0.50000000,-0.60000000,4.43000000,4.43000000,1.00000000,1.00000000,0.00000000,bl_blend_applied,,2019-11-01,0.00000000,-1.16500000,-1.50000000,0.63000000,1.13500000,-1.16500000,-1.50000000,0.63000000,1.13500000,-0.00264968,-0.00341160,0.00143287,0.00258145,0.19128260,0.12033726,0.43838014,0.25000000,0.00000000,0.00000001,0.81878421,0.18121578,0.13389782,0.08423609,0.55250136,0.22936473,-0.05738478,-0.03610118,0.11412122,-0.02063527
2019-12-02,2019-11-30,factor_pit_unguarded_diagnostic_ext2026,061bfba3cf79a2710f4c7eb63d82a26fefd9e580b06519c6d6b7346357eb7843,pit,False,0.40950246,True,True,0.64807407,0.64689240,-1.28647506,-0.50544679,1.52609447,0.60000000,-0.50000000,0.80000000,0.70000000,-0.60000000,7.63000000,7.63000000,1.00000000,1.00000000,0.00000000,bl_blend_applied,,2019-12-02,0.00000000,-1.89000000,-2.25000000,1.61000000,1.88000000,-1.89000000,-2.25000000,1.61000000,1.88000000,-0.00486056,-0.00578638,0.00414047,0.00483484,0.18984748,0.11956017,0.44059234,0.25000000,0.00000000,0.00000000,0.99999999,0.00000001,0.13289324,0.08369212,0.60841464,0.17500000,-0.05695424,-0.03586805,0.16782229,-0.07500000
2020-01-02,2019-12-31,factor_pit_unguarded_diagnostic_ext2026,ef57a2d96c4e1ba3419f7b5a4317a211b48725cc1b578f031f2c74c5133624cc,pit,False,0.44463788,True,True,0.77136243,0.87680668,-0.90533675,-0.84764132,1.51885496,0.88000000,-0.91000000,-0.85000000,-0.40000000,-0.70000000,3.18000000,3.18000000,1.00000000,1.00000000,0.00000000,bl_blend_applied,,2020-01-02,0.00000000,-0.79400000,-1.20300000,0.78300000,0.40000000,-0.79400000,-1.20300000,0.78300000,0.40000000,-0.00243040,-0.00368234,0.00239673,0.00122438,0.18970716,0.11975724,0.44053559,0.25000000,0.00000000,0.00000000,0.99999999,0.00000001,0.13279501,0.08383007,0.60837491,0.17500000,-0.05691215,-0.03592717,0.16783932,-0.07500000
2020-02-03,2020-01-31,factor_pit_unguarded_diagnostic_ext2026,2188d8101e3f2fd8cd4bbf94046edf1891106e65dfb15adadedc50ed8fc29158,pit,False,0.09316215,True,True,0.61644140,1.17338188,-1.19802547,-0.45610526,1.73784984,0.80000000,-0.70000000,-0.40000000,0.60000000,-0.50000000,4.85000000,4.85000000,1.00000000,1.00000000,0.00000000,bl_blend_applied,,2020-02-03,0.00000000,-1.10000000,-1.60000000,0.95000000,1.20000000,-1.10000000,-1.60000000,0.95000000,1.20000000,-0.00269082,-0.00391391,0.00232389,0.00293544,0.18765620,0.11860522,0.44373858,0.25000000,0.00000000,0.00000001,0.99999993,0.00000005,0.13135934,0.08302366,0.61061698,0.17500002,-0.05629686,-0.03558156,0.16687841,-0.07499998
2020-03-02,2020-02-29,factor_pit_unguarded_diagnostic_ext2026,cbdafc981b0ba23e66808d28352535758315c493d4a9fffa8e62265361e95c42,pit,False,0.00000542,True,True,0.74027022,0.84611810,-0.97829809,0.43219149,1.36373475,0.80000000,0.40000000,0.90000000,0.70000000,-0.80000000,6.11000000,6.11000000,1.00000000,1.00000000,0.00000000,bl_blend_applied,,2020-03-02,0.00000000,-1.25000000,-1.70000000,1.58000000,1.58000000,-1.25000000,-1.70000000,1.58000000,1.58000000,-0.00367198,-0.00499389,0.00464138,0.00464138,0.18532372,0.11900408,0.44567220,0.25000000,0.00000000,0.00000000,1.00000000,0.00000000,0.12972660,0.08330286,0.61197054,0.17500000,-0.05559711,-0.03570122,0.16629834,-0.07500000
2020-04-01,2020-03-31,factor_pit_unguarded_diagnostic_ext2026,7fbab5049f660466080843c7e1936ce86fefff9afb8fca40d9aa8850e10a11ee,pit,False,0.05873939,True,True,0.53851648,-0.21747233,-0.53468045,3.25834982,3.30908158,-0.20000000,-0.40000000,0.80000000,-0.50000000,-0.60000000,3.69000000,3.69000000,1.00000000,1.00000000,0.00000000,bl_blend_applied,,2020-04-01,0.00000000,-1.19000000,-1.07000000,0.81000000,0.62000000,-1.19000000,-1.07000000,0.81000000,0.62000000,-0.00254299,-0.00228656,0.00173095,0.00132492,0.17829986,0.10940325,0.46229690,0.25000000,0.00000000,0.00000000,0.99999999,0.00000001,0.12480990,0.07658227,0.62360782,0.17500000,-0.05348996,-0.03282097,0.16131093,-0.07500000
2020-05-01,2020-04-30,factor_pit_unguarded_diagnostic_ext2026,5ff102d36dfd7da3b8556d1726c747ca4bd51237da59ae28eb1e05180832cbdc,pit,False,0.05213506,True,True,0.66633325,-1.73809160,-0.57293306,2.22060803,2.87755360,-0.80000000,-0.40000000,0.90000000,-0.50000000,-0.60000000,2.77000000,2.77000000,1.00000000,1.00000000,0.00000000,bl_blend_applied,,2020-05-01,0.00000000,-1.09000000,-0.78000000,0.40000000,0.50000000,-1.09000000,-0.78000000,0.40000000,0.50000000,-0.00288216,-0.00206246,0.00105767,0.00132209,0.17363078,0.10949978,0.46686944,0.25000000,0.00000030,0.00000040,0.00000099,0.99999831,0.12154164,0.07664996,0.32680891,0.47499949,-0.05208914,-0.03284981,-0.14006054,0.22499949
2020-06-01,2020-05-31,factor_pit_unguarded_diagnostic_ext2026,4581d94f64622b12a04d25fe04e742de2199b979b07b7cb8cbd89856216b44ab,pit,False,0.68579960,True,True,0.64807407,-1.90160882,-0.43883389,1.35373628,2.37514067,-0.80000000,-0.70000000,0.60000000,0.50000000,-0.60000000,4.53000000,4.53000000,1.00000000,1.00000000,0.00000000,bl_blend_applied,,2020-06-01,0.00000000,-1.45000000,-1.37000000,0.41000000,1.30000000,-1.45000000,-1.37000000,0.41000000,1.30000000,-0.00372900,-0.00352326,0.00105441,0.00334324,0.17349211,0.10991181,0.46659608,0.25000000,0.00000011,0.00000235,0.00000021,0.99999734,0.12144451,0.07693897,0.32661732,0.47499920,-0.05204760,-0.03297284,-0.13997876,0.22499920
2020-07-01,2020-06-30,factor_pit_unguarded_diagnostic_ext2026,107a6cb55804c7b5292b0abfc2584dee953065f55644cce7079fa0daa12d4869,pit,False,0.39264581,True,True,0.71414284,-1.27027504,-0.38904973,1.24538757,1.82097462,-0.90000000,-0.70000000,0.80000000,0.60000000,-0.50000000,4.81000000,4.81000000,1.00000000,1.00000000,0.00000000,bl_blend_applied,,2020-07-01,0.00000000,-1.55000000,-1.42000000,0.43000000,1.41000000,-1.55000000,-1.42000000,0.43000000,1.41000000,-0.00439255,-0.00402414,0.00121858,0.00399580,0.17281850,0.10903659,0.46814491,0.25000000,0.00000014,0.00000928,0.00000025,0.99999033,0.12097299,0.07632840,0.32770151,0.47499710,-0.05184551,-0.03270819,-0.14044340,0.22499710
2020-08-03,2020-07-31,factor_pit_unguarded_diagnostic_ext2026,3e73658c8b38b8042ef325148a7c4267dbebdf6cd15189a90933f3238aa914b2,pit,False,0.52038850,True,True,0.61644140,-0.94310441,-0.50285879,0.31234484,1.11349548,-0.80000000,-0.70000000,0.40000000,-0.50000000,-0.60000000,2.27000000,2.27000000,1.00000000,1.00000000,0.00000000,bl_blend_applied,,2020-08-03,0.00000000,-0.99000000,-0.73000000,0.17000000,0.38000000,-0.99000000,-0.73000000,0.17000000,0.38000000,-0.00242173,-0.00178572,0.00041585,0.00092955,0.17268698,0.10911750,0.46819551,0.25000000,0.00000037,0.00000119,0.00000145,0.99999699,0.12088100,0.07638261,0.32773729,0.47499910,-0.05180598,-0.03273489,-0.14045822,0.22499910
2020-09-01,2020-08-31,factor_pit_unguarded_diagnostic_ext2026,318e76bbd6e557709804a99211e13dec415d5c9049ceade0c5a51bd4fd581202,pit,False,0.02525352,True,True,0.32496154,-0.60301568,-0.13551637,0.21904688,0.65572413,-0.60000000,-0.14000000,0.22000000,-0.10000000,-0.30000000,0.67600000,0.67600000,1.00000000,1.00000000,0.00000000,bl_blend_applied,,2020-09-01,0.00000000,-0.28600000,-0.12400000,-0.13000000,0.13600000,-0.28600000,-0.12400000,-0.13000000,0.13600000,-0.00036881,-0.00015990,-0.00016764,0.00017538,0.18272618,0.11547249,0.45180133,0.25000000,0.00000004,0.21885253,0.15764747,0.62349995,0.12790833,0.14648651,0.36355517,0.36204999,-0.05481784,0.03101401,-0.08824616,0.11204999
2020-10-01,2020-09-30,factor_pit_unguarded_diagnostic_ext2026,9d81c273345fadb1cdb3b3399b0f2aa1cd9aad950852aab5c8d64aa948dfeb5d,pit,False,0.47079164,True,True,0.39749214,-0.50656062,-0.15475020,0.52804694,0.74792035,-0.50000000,-0.30000000,0.50000000,-0.20000000,-0.40000000,1.96000000,1.96000000,1.00000000,1.00000000,0.00000000,bl_blend_applied,,2020-10-01,0.00000000,-0.73000000,-0.57000000,0.25000000,0.41000000,-0.73000000,-0.57000000,0.25000000,0.41000000,-0.00115147,-0.00089909,0.00039434,0.00064671,0.18543961,0.11536994,0.44919045,0.25000000,0.00000000,0.05105196,0.37922886,0.56971918,0.12980773,0.09607455,0.42820197,0.34591575,-0.05563188,-0.01929539,-0.02098848,0.09591575
2020-11-02,2020-10-31,factor_pit_unguarded_diagnostic_ext2026,43aa6a6bb16d7a96b65185b1d7406df523ccc360b813f794883c4b158d82fbfe,pit,False,0.49792686,True,True,0.48579831,-0.80162130,0.34923096,0.47051338,0.99294603,-0.80000000,0.30000000,0.50000000,0.20000000,-0.40000000,0.64000000,0.64000000,1.00000000,1.00000000,0.00000000,bl_blend_applied,,2020-11-02,0.00000000,-0.16000000,0.01000000,-0.19000000,0.28000000,-0.16000000,0.01000000,-0.19000000,0.28000000,-0.00030844,0.00001928,-0.00036628,0.00053978,0.18606109,0.11509066,0.44884825,0.25000000,0.00000002,0.37252872,0.00000012,0.62747115,0.13024277,0.19232207,0.31419381,0.36324134,-0.05581832,0.07723142,-0.13465444,0.11324134
2020-12-01,2020-11-30,factor_pit_unguarded_diagnostic_ext2026,e538eb3b97db7c44601035144fb36fe20d843d37889e0066f1d63656cd5cef7f,pit,False,0.61382488,True,True,0.48579831,-0.92959420,0.22140791,-0.24877642,0.98744951,-0.80000000,0.40000000,-0.20000000,0.30000000,0.50000000,4.10000000,4.10000000,1.00000000,1.00000000,0.00000000,bl_blend_applied,,2020-12-01,0.00000000,1.01000000,1.27000000,-1.16000000,-0.66000000,1.01000000,1.27000000,-1.16000000,-0.66000000,0.00194705,0.00244827,-0.00223621,-0.00127233,0.19172184,0.11878394,0.43949422,0.25000000,1.00000000,0.00000000,0.00000000,0.00000000,0.43420529,0.08314876,0.30764595,0.17500000,0.24248345,-0.03563518,-0.13184827,-0.07500000
2021-01-04,2020-12-31,factor_pit_unguarded_diagnostic_ext2026,9ea830a24a123a318fadff37de0ac2087cb4dbed57f75fdd318421cf7256c63b,pit,False,0.01031310,True,True,0.60504545,-0.73784046,0.58135223,-0.58040367,1.10419535,-0.74000000,-0.58000000,0.58000000,-0.50000000,-0.60000000,2.53400000,2.53400000,1.00000000,1.00000000,0.00000000,bl_blend_applied,,2021-01-04,0.00000000,-1.03200000,-0.77200000,0.29600000,0.43400000,-1.03200000,-0.77200000,0.29600000,0.43400000,-0.00247781,-0.00185355,0.00071069,0.00104202,0.19197426,0.11895320,0.43907254,0.25000000,0.00000004,0.00000036,0.22609907,0.77390053,0.13438199,0.08326735,0.37518050,0.40717016,-0.05759227,-0.03568585,-0.06389204,0.15717016
2021-02-01,2021-01-31,factor_pit_unguarded_diagnostic_ext2026,8899da824981571095aa29fbd1c62b6bf67eb96a99146902e54666127f9442cd,pit,False,0.37683716,True,True,0.54954527,-0.65781323,1.16361158,-0.57427030,1.45481838,-0.60000000,-0.50000000,-0.50000000,0.70000000,-0.40000000,1.81000000,1.81000000,1.00000000,1.00000000,0.00000000,bl_blend_applied,,2021-02-01,0.00000000,-0.37000000,-0.46000000,-0.36000000,0.62000000,-0.37000000,-0.46000000,-0.36000000,0.62000000,-0.00080687,-0.00100314,-0.00078506,0.00135206,0.19703310,0.12127345,0.43169346,0.25000000,0.00000006,0.00000010,0.00000018,0.99999966,0.13792319,0.08489144,0.30218547,0.47499990,-0.05910991,-0.03638201,-0.12950798,0.22499990
2021-03-01,2021-02-28,factor_pit_unguarded_diagnostic_ext2026,195c7f36d2fef4876c391d5c4c0d1fc12be08660a8a0cb3463ebef9ae278455f,pit,False,0.87337078,True,True,0.56035703,-0.20869573,1.94967055,-0.78277997,2.11128246,-0.20000000,0.40000000,-0.80000000,0.80000000,-0.30000000,1.81000000,1.81000000,1.00000000,1.00000000,0.00000000,bl_blend_applied,,2021-03-01,0.00000000,0.68000000,0.44000000,-0.65000000,0.04000000,0.68000000,0.44000000,-0.65000000,0.04000000,0.00151207,0.00097840,-0.00144537,0.00008895,0.20060487,0.12236155,0.42703359,0.25000000,0.82779420,0.17220568,0.00000003,0.00000008,0.38876167,0.13731479,0.29892352,0.17500002,0.18815680,0.01495324,-0.12811007,-0.07499998
2021-04-01,2021-03-31,factor_pit_unguarded_diagnostic_ext2026,4eeb91d4cb06b5335c1f4b91048400cfa7eeaed17aee955342a7e3fe7d86eb9e,pit,False,0.03272645,True,True,0.68410526,1.38016819,2.57591131,-0.94665584,3.07186272,0.90000000,0.70000000,-0.60000000,0.80000000,-0.20000000,1.02000000,1.02000000,1.00000000,1.00000000,0.00000000,bl_blend_applied,,2021-04-01,0.00000000,0.55000000,0.02000000,0.20000000,0.25000000,0.55000000,0.02000000,0.20000000,0.25000000,0.00149309,0.00005429,0.00054294,0.00067868,0.20100967,0.12295302,0.42603731,0.25000000,0.00000015,0.48320815,0.26686358,0.24992812,0.14070681,0.23102956,0.37828519,0.24997843,-0.06030286,0.10807654,-0.04775212,-0.00002157
2021-05-03,2021-04-30,factor_pit_unguarded_diagnostic_ext2026,9f5db4dfa7bdab37ca51c0b51f0f7aa3803ff4c7f057ba2882eb2f2a5bb681b1,pit,False,0.03412558,True,True,0.71414284,3.35818608,2.24470475,-0.98927689,4.15869954,0.90000000,-0.70000000,0.80000000,0.60000000,-0.50000000,8.41000000,8.41000000,1.00000000,1.00000000,0.00000000,non_trading_rebalance_date,rebalance_date_not_in_price_calendar,2021-04-01,,-2.09000000,-2.50000000,1.87000000,1.95000000,-2.09000000,-2.50000000,1.87000000,1.95000000,-0.00592285,-0.00708475,0.00529939,0.00552611,0.20087442,0.12287029,0.42625530,0.25000000,,,,,0.14070681,0.23102956,0.37828519,0.24997843,-0.06016760,0.10815927,-0.04797010,-0.00002157
2021-06-01,2021-05-31,factor_pit_unguarded_diagnostic_ext2026,ed45889e05648390e8752afc67526b6b9e982353b0586b33c4d46f70244f51b9,pit,False,0.06227431,True,True,0.66633325,3.86550412,2.03554438,-0.90497392,4.46145053,0.90000000,-0.40000000,0.50000000,0.80000000,-0.60000000,7.26000000,7.26000000,1.00000000,1.00000000,0.00000000,bl_blend_applied,,2021-06-01,0.00000000,-1.67000000,-2.17000000,1.61000000,1.81000000,-1.67000000,-2.17000000,1.61000000,1.81000000,-0.00441578,-0.00573787,0.00425713,0.00478597,0.20044113,0.12293949,0.42661938,0.25000000,0.00000001,0.00000002,0.00000098,0.99999899,0.14030879,0.08605765,0.29863386,0.47499970,-0.06013234,-0.03688184,-0.12798552,0.22499970
2021-07-01,2021-06-30,factor_pit_unguarded_diagnostic_ext2026,a8483fd4dc0ce0a9a1a1c99fbff3c4e55691b0926c78cf2e5e76b61c12119b1d,pit,False,0.44179813,True,True,0.64342832,3.75162317,1.41028483,-1.15192486,4.17019311,0.90000000,-0.50000000,0.40000000,0.60000000,-0.70000000,7.19000000,7.19000000,1.00000000,1.00000000,0.00000000,bl_blend_applied,,2021-07-01,0.00000000,-1.69000000,-2.18000000,1.61000000,1.71000000,-1.69000000,-2.18000000,1.61000000,1.71000000,-0.00431505,-0.00556617,0.00411079,0.00436612,0.20326413,0.12467989,0.42205598,0.25000000,0.00000010,0.00000030,0.00004599,0.99995361,0.14228492,0.08727601,0.29545299,0.47498608,-0.06097921,-0.03740388,-0.12660300,0.22498608
2021-08-02,2021-07-31,factor_pit_unguarded_diagnostic_ext2026,ac0fca6d1cf867c348b7e3e9fb2b170a62e0908f8825767acfd5c00254ad0f2d,pit,False,0.07386986,True,True,0.67527772,3.30244489,1.02470863,-0.85921319,3.56292259,0.90000000,0.50000000,-0.70000000,0.80000000,-0.30000000,1.19000000,1.19000000,1.00000000,1.00000000,0.00000000,bl_blend_applied,,2021-08-02,0.00000000,0.37000000,-0.19000000,0.26000000,0.37000000,0.37000000,-0.19000000,0.26000000,0.37000000,0.00099148,-0.00050914,0.00069672,0.00099148,0.20318053,0.12461970,0.42219977,0.25000000,0.00000000,0.46996024,0.53003919,0.00000057,0.14222637,0.22822186,0.45455160,0.17500017,-0.06095416,0.10360216,0.03235182,-0.07499983
2021-09-01,2021-08-31,factor_pit_unguarded_diagnostic_ext2026,c006bf0acbee87b3dd6d3fd83bd1f723f055fe6aba3fd201a2e4b2347b9586f5,pit,False,0.02407182,True,True,0.60000000,2.92307346,1.12212301,-0.93235303,3.26692526,0.90000000,0.50000000,-0.40000000,0.70000000,0.30000000,0.92000000,0.92000000,1.00000000,1.00000000,0.00000000,bl_blend_applied,,2021-09-01,0.00000000,0.52000000,0.13000000,0.16000000,0.11000000,0.52000000,0.13000000,0.16000000,0.11000000,0.00123810,0.00030952,0.00038095,0.00026190,0.20458965,0.12549295,0.41991740,0.25000000,0.13088921,0.49556098,0.37354976,0.00000004,0.18247952,0.23651336,0.40600711,0.17500001,-0.02211013,0.11102041,-0.01391029,-0.07499999
2021-10-01,2021-09-30,factor_pit_unguarded_diagnostic_ext2026,fb8682444ae0b64191ea76ff182c244253c8edb4753c0ec403f058d4cc44715d,pit,False,0.48361196,True,True,0.71414284,2.84305380,1.41978928,-0.95737385,3.31893374,0.90000000,-0.70000000,0.80000000,0.60000000,-0.50000000,8.41000000,8.41000000,1.00000000,1.00000000,0.00000000,bl_blend_applied,,2021-10-01,0.00000000,-2.09000000,-2.50000000,1.87000000,1.95000000,-2.09000000,-2.50000000,1.87000000,1.95000000,-0.00592285,-0.00708475,0.00529939,0.00552611,0.20737718,0.12690228,0.41572054,0.25000000,0.00000012,0.00000154,0.00000328,0.99999505,0.14516406,0.08883206,0.29100536,0.47499851,-0.06221312,-0.03807022,-0.12471518,0.22499851
2021-11-01,2021-10-31,factor_pit_unguarded_diagnostic_ext2026,90aad2c4c63dc56de9405faacb8bdfeab16b34a675d6879c0e716ac20e54466b,pit,False,0.06777449,True,True,0.71414284,3.24195442,1.01054176,-0.92672973,3.51998453,0.90000000,-0.50000000,0.80000000,0.70000000,-0.60000000,8.23000000,8.23000000,1.00000000,1.00000000,0.00000000,bl_blend_applied,,2021-11-01,0.00000000,-1.98000000,-2.43000000,1.85000000,1.97000000,-1.98000000,-2.43000000,1.85000000,1.97000000,-0.00561112,-0.00688638,0.00524272,0.00558278,0.20546485,0.12879630,0.41573885,0.25000000,0.00000008,0.00000038,0.00000188,0.99999765,0.14382542,0.09015752,0.29101776,0.47499930,-0.06163943,-0.03863877,-0.12472109,0.22499930
2021-12-01,2021-11-30,factor_pit_unguarded_diagnostic_ext2026,0cc43f32a086b79239cdeeac65125b6bbcff3a5620f92fafbb7a778ca6417af4,pit,False,0.66891962,True,True,0.57792733,3.34748187,0.65657205,-0.42115601,3.43716368,0.90000000,0.30000000,-0.40000000,0.60000000,-0.50000000,2.05000000,2.05000000,1.00000000,1.00000000,0.00000000,bl_blend_applied,,2021-12-01,0.00000000,-0.13000000,-0.66000000,0.63000000,0.63000000,-0.13000000,-0.66000000,0.63000000,0.63000000,-0.00029814,-0.00151362,0.00144482,0.00144482,0.20651938,0.13023183,0.41324879,0.25000000,0.00000001,0.28604502,0.16522108,0.54873389,0.14456357,0.17697578,0.33884048,0.33962017,-0.06195581,0.04674396,-0.07440831,0.08962017
2022-01-03,2021-12-31,factor_pit_unguarded_diagnostic_ext2026,4004960fccdccff62450522600577fd1a836765c22f051801b27f97443448451,pit,False,0.14819213,True,True,0.62449980,3.17099498,0.39446102,-0.93416622,3.32918537,0.90000000,0.20000000,-0.70000000,0.60000000,-0.50000000,1.53000000,1.53000000,1.00000000,1.00000000,0.00000000,non_trading_rebalance_date,rebalance_date_not_in_price_calendar,2021-12-01,,0.01000000,-0.55000000,0.46000000,0.51000000,0.01000000,-0.55000000,0.46000000,0.51000000,0.00002478,-0.00136300,0.00113996,0.00126387,0.20710261,0.13262832,0.41026907,0.25000000,,,,,0.14456357,0.17697578,0.33884048,0.33962017,-0.06253904,0.04434746,-0.07142859,0.08962017
2022-02-01,2022-01-31,factor_pit_unguarded_diagnostic_ext2026,ade4659583cb4b588dfefec2cba8abaa00fa04bdc328cd7104c19586720b37af,pit,False,0.00294624,True,True,0.62449980,3.08425981,-0.01825156,-0.43154681,3.11435778,1.00000000,-0.50000000,-0.30000000,0.50000000,0.60000000,2.01000000,2.01000000,1.00000000,1.00000000,0.00000000,bl_blend_applied,,2022-02-01,0.00000000,-0.35000000,-0.66000000,0.54000000,0.46000000,-0.35000000,-0.66000000,0.54000000,0.46000000,-0.00086736,-0.00163559,0.00133821,0.00113996,0.20536693,0.13331470,0.41131837,0.25000000,0.00000000,0.11986429,0.60656833,0.27356738,0.14375685,0.12927958,0.46989336,0.25707021,-0.06161008,-0.00403512,0.05857499,0.00707021
2022-03-01,2022-02-28,factor_pit_unguarded_diagnostic_ext2026,151373aaee46d3b882b5b83b5fa35392140fec1cbbb65d600c3bc511c6139fa4,pit,False,0.16995719,True,True,0.67675697,3.00118227,-0.54128839,-0.30119310,3.06444211,1.00000000,-0.20000000,0.80000000,0.60000000,-0.50000000,7.11000000,7.11000000,1.00000000,1.00000000,0.00000000,bl_blend_applied,,2022-03-01,0.00000000,-1.62000000,-2.06000000,1.75000000,1.68000000,-1.62000000,-2.06000000,1.75000000,1.68000000,-0.00435058,-0.00553222,0.00469970,0.00451171,0.20589943,0.13239151,0.41170906,0.25000000,0.00000000,0.36119885,0.00000000,0.63880115,0.14412960,0.20103371,0.28819634,0.36664035,-0.06176983,0.06864220,-0.12351272,0.11664035
2022-04-01,2022-03-31,factor_pit_unguarded_diagnostic_ext2026,ba67ecb6da56012835f725e3aae1a60b5a0342236060585467c6a6df513f320e,pit,False,0.29454034,True,True,0.71414284,3.03029624,-1.37563362,-0.60959837,3.38329327,0.90000000,-0.70000000,0.80000000,0.60000000,-0.50000000,8.41000000,8.41000000,1.00000000,1.00000000,0.00000000,bl_blend_applied,,2022-04-01,0.00000000,-2.09000000,-2.50000000,1.87000000,1.95000000,-2.09000000,-2.50000000,1.87000000,1.95000000,-0.00592285,-0.00708475,0.00529939,0.00552611,0.21009506,0.13301268,0.40689227,0.25000000,0.00000000,0.00000000,1.00000000,0.00000000,0.14706654,0.09310888,0.58482459,0.17500000,-0.06302852,-0.03990380,0.17793232,-0.07500000
2022-05-02,2022-04-30,factor_pit_unguarded_diagnostic_ext2026,131d24c9595d5d187070f0f35bcbdcdcb04bcd9a20927ef8d74d13908e4cee1e,pit,False,0.03648758,True,True,0.71972217,2.63069463,-0.96549745,-0.10879597,2.80438516,0.90000000,-0.10000000,-0.80000000,-0.70000000,0.80000000,3.33000000,3.33000000,1.00000000,1.00000000,0.00000000,non_trading_rebalance_date,rebalance_date_not_in_price_calendar,2022-04-01,,0.96000000,0.91000000,-0.27000000,-1.19000000,0.96000000,0.91000000,-0.27000000,-1.19000000,0.00274180,0.00259900,-0.00077113,-0.00339869,0.21041740,0.13184402,0.40773858,0.25000000,,,,,0.14706654,0.09310888,0.58482459,0.17500000,-0.06335086,-0.03873514,0.17708600,-0.07500000
2022-06-01,2022-05-31,factor_pit_unguarded_diagnostic_ext2026,5a280eba398fee59f2c7427449909221fd4bb9913f122bbc6361c4f7eb0e357f,pit,False,0.39611799,True,True,0.66783231,2.57089331,-0.61446285,0.11696957,2.64589094,0.90000000,0.20000000,0.80000000,0.50000000,-0.70000000,6.04000000,6.04000000,1.00000000,1.00000000,0.00000000,bl_blend_applied,,2022-06-01,0.00000000,-1.28000000,-1.71000000,1.60000000,1.45000000,-1.28000000,-1.71000000,1.60000000,1.45000000,-0.00339216,-0.00453172,0.00424021,0.00384269,0.20966034,0.12889243,0.41144723,0.25000000,0.00000000,0.43588804,0.56411195,0.00000001,0.14676224,0.22099111,0.45724665,0.17500000,-0.06289810,0.09209868,0.04579942,-0.07500000
2022-07-01,2022-06-30,factor_pit_unguarded_diagnostic_ext2026,663609bddb21590bb31dadcbf5416fdb18c958953ddbc0daced6299e9d94e9f4,pit,False,0.00008058,True,True,0.68410526,2.56659967,-1.22866544,1.58968803,3.25947245,0.90000000,-0.80000000,0.70000000,0.20000000,-0.60000000,8.00000000,8.00000000,1.00000000,1.00000000,0.00000000,bl_blend_applied,,2022-07-01,0.00000000,-2.05000000,-2.41000000,1.85000000,1.69000000,-2.05000000,-2.41000000,1.85000000,1.69000000,-0.00556514,-0.00654244,0.00502220,0.00458785,0.20415747,0.12761411,0.41822842,0.25000000,0.00000000,0.00000000,0.99999999,0.00000001,0.14291023,0.08932988,0.59275989,0.17500000,-0.06124724,-0.03828423,0.17453147,-0.07500000
2022-08-01,2022-07-31,factor_pit_unguarded_diagnostic_ext2026,61cba3ee9725a1c0339d2329d7d6c87507c219ef2ec3c1cfd9cde6a2e8a188b5,pit,False,0.07209391,True,True,0.71449283,2.20194839,-1.84473041,0.62028107,2.93876770,0.95000000,-0.40000000,0.70000000,0.80000000,-0.60000000,7.92000000,7.92000000,1.00000000,1.00000000,0.00000000,bl_blend_applied,,2022-08-01,0.00000000,-1.84500000,-2.34000000,1.79000000,1.94500000,-1.84500000,-2.34000000,1.79000000,1.94500000,-0.00523111,-0.00663458,0.00507517,0.00551464,0.20673897,0.12828815,0.41497288,0.25000000,0.00000007,0.00000104,0.00001039,0.99998850,0.14471730,0.08980202,0.29048413,0.47499655,-0.06202167,-0.03848613,-0.12448875,0.22499655
2022-09-01,2022-08-31,factor_pit_unguarded_diagnostic_ext2026,eb949fa03f7be3398ef51d31abc865c427a022526f99f510e86bfd7201994a7b,pit,False,0.02229805,True,True,0.84380092,1.99124949,-1.93828377,0.78114365,2.88655571,0.90000000,-0.90000000,0.90000000,-0.80000000,-0.70000000,7.41000000,7.41000000,1.00000000,1.00000000,0.00000000,bl_blend_applied,,2022-09-01,0.00000000,-2.07000000,-2.23000000,1.98000000,1.13000000,-2.07000000,-2.23000000,1.98000000,1.13000000,-0.00693122,-0.00746697,0.00662986,0.00378371,0.20614010,0.12711898,0.41674092,0.25000000,0.00000000,0.00000000,0.99999999,0.00000000,0.14429807,0.08898328,0.59171864,0.17500000,-0.06184203,-0.03813569,0.17497772,-0.07500000
2022-10-03,2022-09-30,factor_pit_unguarded_diagnostic_ext2026,372674182c191716b359395f2f85994572e669aeb575c4a4459b6411197a1639,pit,False,0.68587857,True,True,0.71414284,1.88168266,-2.03921436,1.10710337,2.98744083,0.90000000,0.60000000,0.80000000,0.70000000,-0.50000000,4.68000000,4.68000000,1.00000000,1.00000000,0.00000000,bl_blend_applied,,2022-10-03,0.00000000,-0.82000000,-1.25000000,1.36000000,1.25000000,-0.82000000,-1.25000000,1.36000000,1.25000000,-0.00232380,-0.00354238,0.00385410,0.00354238,0.20467104,0.12569025,0.41963871,0.25000000,0.00000000,0.00000000,0.99999999,0.00000001,0.14326973,0.08798318,0.59374709,0.17500000,-0.06140131,-0.03770708,0.17410839,-0.07500000
2022-11-01,2022-10-31,factor_pit_unguarded_diagnostic_ext2026,373b36dc3906e73de0b8af42e9e0631c4fbe8ecd8d1b3ac0902efac72452a871,pit,False,0.48571828,True,True,0.60497934,1.63935686,-1.97740547,0.37053569,2.59517244,0.90000000,0.30000000,-0.80000000,0.50000000,-0.20000000,0.81000000,0.81000000,1.00000000,1.00000000,0.00000000,bl_blend_applied,,2022-11-01,0.00000000,0.40000000,-0.09000000,0.19000000,0.13000000,0.40000000,-0.09000000,0.19000000,0.13000000,0.00096028,-0.00021606,0.00045614,0.00031209,0.20445396,0.12475301,0.42079303,0.25000000,0.31523969,0.00000005,0.64894834,0.03581192,0.23768968,0.08732712,0.48923963,0.18574358,0.03323572,-0.03742589,0.06844659,-0.06425642
2022-12-01,2022-11-30,factor_pit_unguarded_diagnostic_ext2026,b1d806418520ea3e6c90c96b78f39e08df4caafa5be31bda187c4ad1cb6e0057,pit,False,0.46549314,True,True,0.76550637,1.34539937,-2.44552459,0.28472774,2.80566568,1.00000000,0.20000000,1.00000000,-0.50000000,-0.80000000,5.35000000,5.35000000,1.00000000,1.00000000,0.00000000,bl_blend_applied,,2022-12-01,0.00000000,-1.23000000,-1.49000000,1.77000000,0.86000000,-1.23000000,-1.49000000,1.77000000,0.86000000,-0.00373640,-0.00452621,0.00537677,0.00261244,0.20469378,0.12456767,0.42073854,0.25000000,0.00000000,0.00000000,1.00000000,0.00000000,0.14328565,0.08719737,0.59451698,0.17500000,-0.06140813,-0.03737030,0.17377844,-0.07500000
2023-01-03,2022-12-31,factor_pit_unguarded_diagnostic_ext2026,a808be4c11a4a277ce351a634c5b8893411fbd5c92035cfa46b1e0fa5cc53a45,pit,False,0.30373101,True,True,0.66783231,1.03967932,-1.97649322,0.50228492,2.28904973,0.60000000,-0.70000000,0.80000000,0.50000000,-0.70000000,8.14000000,8.14000000,1.00000000,1.00000000,0.00000000,bl_blend_applied,,2023-01-03,0.00000000,-2.09000000,-2.43000000,1.72000000,1.90000000,-2.09000000,-2.43000000,1.72000000,1.90000000,-0.00553877,-0.00643981,0.00455822,0.00503524,0.20427920,0.12401891,0.42170190,0.25000000,0.00000002,0.00000001,0.99998996,0.00001002,0.14299544,0.08681324,0.59518832,0.17500301,-0.06128375,-0.03720567,0.17348642,-0.07499699
2023-02-01,2023-01-31,factor_pit_unguarded_diagnostic_ext2026,35512a5aeaaa41ddcb28a8cff608b40f4cc48018c8261ea4a5e73a613889ff70,pit,False,0.37049566,True,True,0.72307676,0.97892506,-2.17028404,0.02580435,2.38098571,0.92000000,0.12000000,0.85000000,0.78000000,-0.65000000,6.81100000,6.81100000,1.00000000,1.00000000,0.00000000,bl_blend_applied,,2023-02-01,0.00000000,-1.46000000,-1.93700000,1.68600000,1.72800000,-1.46000000,-1.93700000,1.68600000,1.72800000,-0.00418925,-0.00555794,0.00483773,0.00495824,0.20706821,0.12448920,0.41844259,0.25000000,0.00000000,0.00000000,0.99999988,0.00000011,0.14494775,0.08714244,0.59290978,0.17500003,-0.06212046,-0.03734676,0.17446719,-0.07499997
2023-03-01,2023-02-28,factor_pit_unguarded_diagnostic_ext2026,17f8e4bed6f967e23281dedba6717b1a6b30538a6c6f334ce75f0a921749b3c6,pit,False,0.53397321,True,True,0.53851648,0.81532658,-2.39187508,-0.05870785,2.52770063,0.80000000,-0.20000000,0.50000000,0.40000000,-0.60000000,5.78000000,5.78000000,1.00000000,1.00000000,0.00000000,bl_blend_applied,,2023-03-01,0.00000000,-1.32000000,-1.71000000,1.41000000,1.34000000,-1.32000000,-1.71000000,1.41000000,1.34000000,-0.00282080,-0.00365422,0.00301313,0.00286354,0.22408138,0.13575205,0.39016657,0.25000000,0.00000003,0.00000006,0.00000015,0.99999976,0.15685698,0.09502645,0.27311665,0.47499993,-0.06722440,-0.04072560,-0.11704993,0.22499993
2023-04-03,2023-03-31,factor_pit_unguarded_diagnostic_ext2026,ad76d8f46ad3492793b6be9688656312c00a4a69146fd09eca82c011b7daff69,pit,False,0.45843135,True,True,0.53103672,0.41250292,-1.73083395,0.25799741,1.79791754,0.40000000,-0.40000000,0.30000000,-0.80000000,-0.60000000,2.98000000,2.98000000,1.00000000,1.00000000,0.00000000,bl_blend_applied,,2023-04-03,0.00000000,-0.88000000,-0.93000000,0.91000000,0.26000000,-0.88000000,-0.93000000,0.91000000,0.26000000,-0.00185441,-0.00195978,0.00191763,0.00054790,0.23525258,0.13848140,0.37626602,0.25000000,0.00000000,0.00000000,1.00000000,0.00000000,0.16467681,0.09693698,0.56338621,0.17500000,-0.07057577,-0.04154442,0.18712019,-0.07500000
2023-05-01,2023-04-30,factor_pit_unguarded_diagnostic_ext2026,2cdd86e1ab4f8b664fb12561ed1e95363aa22ddd215e558c71ca143477fb1624,pit,False,0.00186199,True,True,0.47749346,0.40945384,-1.69216953,0.19676622,1.75208650,0.40000000,-0.30000000,0.30000000,0.80000000,-0.40000000,4.90000000,4.90000000,1.00000000,1.00000000,0.00000000,non_trading_rebalance_date,rebalance_date_not_in_price_calendar,2023-04-03,,-1.14000000,-1.47000000,0.93000000,1.36000000,-1.14000000,-1.47000000,0.93000000,1.36000000,-0.00216009,-0.00278538,0.00176218,0.00257695,0.23841397,0.13734885,0.37423718,0.25000000,,,,,0.16467681,0.09693698,0.56338621,0.17500000,-0.07373716,-0.04041188,0.18914904,-0.07500000
2023-06-01,2023-05-31,factor_pit_unguarded_diagnostic_ext2026,4be421692ce57e4885af00014dce2e4169c7b237a8fc4f0f8117602e5c6206e5,pit,False,0.12870553,True,True,0.51961524,0.09607417,-1.88229305,0.32866954,1.91318610,0.10000000,-0.50000000,0.80000000,-0.30000000,-0.60000000,4.93000000,4.93000000,1.00000000,1.00000000,0.00000000,bl_blend_applied,,2023-06-01,0.00000000,-1.44000000,-1.45000000,1.11000000,0.93000000,-1.44000000,-1.45000000,1.11000000,0.93000000,-0.00296923,-0.00298985,0.00228878,0.00191763,0.24040142,0.13937545,0.37022312,0.25000000,0.00000001,0.00000000,0.99999981,0.00000018,0.16828100,0.09756282,0.55915613,0.17500005,-0.07212042,-0.04181264,0.18893301,-0.07499995
2023-07-03,2023-06-30,factor_pit_unguarded_diagnostic_ext2026,41360c76e1617ecd75c7770de12eeae068e0982a959937aec6d7187f410afb8e,pit,False,0.50058995,True,True,0.48579831,-0.30198166,-2.25502513,-0.26803079,2.29088886,-0.30000000,-0.80000000,-0.40000000,-0.20000000,-0.50000000,1.59000000,1.59000000,1.00000000,1.00000000,0.00000000,bl_blend_applied,,2023-07-03,0.00000000,-0.63000000,-0.64000000,0.03000000,0.29000000,-0.63000000,-0.64000000,0.03000000,0.29000000,-0.00121450,-0.00123377,0.00005783,0.00055905,0.24229568,0.13912557,0.36857875,0.25000000,0.00000000,0.00000001,0.49197923,0.50802076,0.16960697,0.09738790,0.40559890,0.32740623,-0.07268870,-0.04173767,0.03702014,0.07740623
2023-08-01,2023-07-31,factor_pit_unguarded_diagnostic_ext2026,873a3982fe1198b70edd212187f0106f7b54fbae98a9660dbe476d7a6772ffc1,pit,False,0.31888113,True,True,0.54954527,-0.22374811,-1.91116869,-0.51547400,1.99206988,-0.20000000,-0.80000000,-0.50000000,-0.30000000,-0.70000000,1.84000000,1.84000000,1.00000000,1.00000000,0.00000000,bl_blend_applied,,2023-08-01,0.00000000,-0.67000000,-0.74000000,0.13000000,0.30000000,-0.67000000,-0.74000000,0.13000000,0.30000000,-0.00146109,-0.00161374,0.00028350,0.00065422,0.23441197,0.13398854,0.38159950,0.25000000,0.00000002,0.00000001,0.25687134,0.74312863,0.16408838,0.09379198,0.34418105,0.39793859,-0.07032358,-0.04019656,-0.03741845,0.14793859
2023-09-01,2023-08-31,factor_pit_unguarded_diagnostic_ext2026,46a3473fad72891863ac937caca2583abb8240486e7641369efce8b469ff4b71,pit,False,0.26802470,True,True,0.60000000,-0.06804122,-1.60778123,-0.46700381,1.67561411,0.00000000,-0.80000000,-0.40000000,0.80000000,0.60000000,1.50000000,1.50000000,1.00000000,1.00000000,0.00000000,bl_blend_applied,,2023-09-01,0.00000000,-0.36000000,-0.44000000,-0.18000000,0.52000000,-0.36000000,-0.44000000,-0.18000000,0.52000000,-0.00085714,-0.00104762,-0.00042857,0.00123810,0.23424036,0.13517480,0.38058484,0.25000000,0.00000010,0.00000044,0.00000021,0.99999925,0.16396828,0.09462249,0.26640945,0.47499978,-0.07027208,-0.04055231,-0.11417539,0.22499978
2023-10-02,2023-09-30,factor_pit_unguarded_diagnostic_ext2026,684b1bceb61a337cacc98729f5b6221c5c434b4a0083f13efdcbd0b33bf1bdb5,pit,False,0.04404487,True,True,0.41713307,-0.08998719,-1.07910690,-0.31336076,1.12728185,-0.10000000,-0.50000000,-0.30000000,-0.60000000,-0.40000000,0.74000000,0.74000000,1.00000000,1.00000000,0.00000000,bl_blend_applied,,2023-10-02,0.00000000,-0.29000000,-0.25000000,0.05000000,-0.15000000,-0.29000000,-0.25000000,0.05000000,-0.15000000,-0.00048003,-0.00041382,0.00008276,-0.00024829,0.23432445,0.13483437,0.38084118,0.25000000,0.09849056,0.00000001,0.90150940,0.00000003,0.19357429,0.09438406,0.53704164,0.17500001,-0.04075017,-0.04045031,0.15620047,-0.07499999
2023-11-01,2023-10-31,factor_pit_unguarded_diagnostic_ext2026,56a753440f44e507a6b0041ce2d798b3d8f3be041c793c37e256a1494a712a34,pit,False,0.33222023,True,True,0.47958315,-0.25901958,-0.67761606,0.04345778,0.72673464,-0.30000000,-0.40000000,0.70000000,0.40000000,-0.50000000,4.49000000,4.49000000,1.00000000,1.00000000,0.00000000,bl_blend_applied,,2023-11-01,0.00000000,-1.29000000,-1.31000000,0.70000000,1.19000000,-1.29000000,-1.31000000,0.70000000,1.19000000,-0.00245501,-0.00249307,0.00133218,0.00226470,0.23106340,0.13302225,0.38591435,0.25000000,0.00000002,0.00000004,0.00000037,0.99999957,0.16174438,0.09311559,0.27014016,0.47499987,-0.06931901,-0.03990666,-0.11577419,0.22499987
2023-12-01,2023-11-30,factor_pit_unguarded_diagnostic_ext2026,bcaf6cea7c46fe438e94ead7f82790fc8abbd15551177714f9a953a8041c6461,pit,False,0.55386779,True,True,0.51961524,-0.31055518,-0.91817105,-0.49443171,1.08809251,-0.30000000,0.40000000,-0.50000000,0.70000000,0.60000000,3.51000000,3.51000000,1.00000000,1.00000000,0.00000000,bl_blend_applied,,2023-12-01,0.00000000,1.04000000,1.06000000,-0.98000000,-0.43000000,1.04000000,1.06000000,-0.98000000,-0.43000000,0.00214444,0.00218568,-0.00202073,-0.00088665,0.23106564,0.13292179,0.38601257,0.25000000,0.99999995,0.00000004,0.00000000,0.00000001,0.46174593,0.09304527,0.27020880,0.17500000,0.23068029,-0.03987653,-0.11580377,-0.07500000
2024-01-02,2023-12-31,factor_pit_unguarded_diagnostic_ext2026,3cb6e6a20b70b89a73f136361a2abfc9e15784d7f32e2b3ed274e2127067469c,pit,False,0.26338398,True,True,0.66852076,-0.25093136,-0.88263216,-0.88703628,1.27625995,-0.25000000,-0.80000000,-0.89000000,-0.50000000,-0.70000000,0.93200000,0.93200000,1.00000000,1.00000000,0.00000000,bl_blend_applied,,2024-01-02,0.00000000,-0.28300000,-0.33700000,-0.20300000,-0.10900000,-0.28300000,-0.33700000,-0.20300000,-0.10900000,-0.00075076,-0.00089401,-0.00053853,-0.00028916,0.22888017,0.13164425,0.38947558,0.25000000,0.08642111,0.00000031,0.26663496,0.64694363,0.18614245,0.09215107,0.35262339,0.36908309,-0.04273772,-0.03949318,-0.03685219,0.11908309
2024-02-01,2024-01-31,factor_pit_unguarded_diagnostic_ext2026,190bc652b590a549ba98a46886ab2ac41e9cdcfcf4af7081d62aef0c0fe6da20,pit,False,0.53628655,True,True,0.51961524,-0.34966296,-0.76085893,-0.68411990,1.08129114,-0.30000000,-0.70000000,-0.60000000,-0.50000000,-0.40000000,0.81000000,0.81000000,1.00000000,1.00000000,0.00000000,bl_blend_applied,,2024-02-01,0.00000000,-0.22000000,-0.17000000,-0.23000000,-0.19000000,-0.22000000,-0.17000000,-0.23000000,-0.19000000,-0.00045363,-0.00035053,-0.00047425,-0.00039177,0.22939898,0.13091559,0.38968543,0.25000000,0.77344549,0.00000000,0.22655451,0.00000001,0.39261293,0.09164092,0.34074615,0.17500000,0.16321395,-0.03927468,-0.04893928,-0.07500000
2024-03-01,2024-02-29,factor_pit_unguarded_diagnostic_ext2026,76637299b34afe84cab3ddd6cc6e6c2b1a9a411cf9c86b9dadebc0095cca71c7,pit,False,0.51533859,False,False,,-0.33614224,-0.90555770,-0.94876806,1.35395243,,,,,,0.00000000,0.00000000,,,,fallback,no_valid_views,2024-03-01,0.00000000,0.00000000,0.00000000,0.00000000,0.00000000,0.00000000,0.00000000,0.00000000,0.00000000,0.00000000,0.00000000,0.00000000,0.00000000,0.22575261,0.13020648,0.39404091,0.25000000,0.22575261,0.13020648,0.39404091,0.25000000,0.22575261,0.13020648,0.39404091,0.25000000,0.00000000,0.00000000,0.00000000,0.00000000
2024-04-01,2024-03-31,factor_pit_unguarded_diagnostic_ext2026,7a7496162c98803c8978caa812503565f8e23879761a1f41a1bddb976abb24a0,pit,False,0.83680060,True,True,0.54954527,-0.22088704,-0.88633035,-1.05524538,1.39567739,-0.20000000,-0.80000000,-0.70000000,-0.50000000,-0.30000000,0.84000000,0.84000000,1.00000000,1.00000000,0.00000000,non_trading_rebalance_date,rebalance_date_not_in_price_calendar,2024-03-01,,-0.21000000,-0.18000000,-0.23000000,-0.22000000,-0.21000000,-0.18000000,-0.23000000,-0.22000000,-0.00045795,-0.00039253,-0.00050157,-0.00047976,0.22517770,0.12985274,0.39496957,0.25000000,,,,,0.22575261,0.13020648,0.39404091,0.25000000,0.00057491,0.00035375,-0.00092866,0.00000000
2024-05-01,2024-04-30,factor_pit_unguarded_diagnostic_ext2026,8a4d838c23bcf0408f10ace44526abd823281abd41c0bc23baeab94cfd1a396b,pit,False,0.66154631,True,True,0.48340459,-0.27969618,-0.80747822,-1.01249119,1.32491110,-0.28000000,-0.50000000,0.20000000,-0.80000000,0.40000000,1.05200000,1.05200000,1.00000000,1.00000000,0.00000000,bl_blend_applied,,2024-05-01,0.00000000,-0.09600000,0.24800000,-0.16400000,-0.54400000,-0.09600000,0.24800000,-0.16400000,-0.54400000,-0.00018415,0.00047573,-0.00031460,-0.00104354,0.22882322,0.13097796,0.39019882,0.25000000,0.99999994,0.00000001,0.00000003,0.00000002,0.46017623,0.09168458,0.27313918,0.17500001,0.23135302,-0.03929339,-0.11705964,-0.07499999
2024-06-03,2024-05-31,factor_pit_unguarded_diagnostic_ext2026,6928bd6ed07d1ab9809aac46234e6d64ad78a1c9db213dfdbe8331696d66a618,pit,False,0.49040214,True,True,0.68635268,-0.33627766,-0.83284644,-0.96577613,1.31887808,-0.34000000,-0.83000000,-0.97000000,-0.50000000,-0.60000000,0.93400000,0.93400000,1.00000000,1.00000000,0.00000000,bl_blend_applied,,2024-06-03,0.00000000,-0.16200000,-0.17700000,-0.36900000,-0.22600000,-0.16200000,-0.17700000,-0.36900000,-0.22600000,-0.00044123,-0.00048208,-0.00100502,-0.00061554,0.22617515,0.12948027,0.39434458,0.25000000,0.99999388,0.00000010,0.00000529,0.00000073,0.45832077,0.09063622,0.27604279,0.17500022,0.23214562,-0.03884405,-0.11830179,-0.07499978
2024-07-01,2024-06-30,factor_pit_unguarded_diagnostic_ext2026,2eaef88bcd8d2c8d01b1b8bf740180ba2dd8c06e4838839d2ae33022fb035f26,pit,False,0.54352256,True,True,0.76830983,-0.45451273,-0.76999726,-0.93675664,1.29498672,-0.45000000,-0.86000000,-0.94000000,-0.77000000,-0.73000000,1.05800000,1.05800000,1.00000000,1.00000000,0.00000000,bl_blend_applied,,2024-07-01,0.00000000,-0.18000000,-0.13100000,-0.38600000,-0.36100000,-0.18000000,-0.13100000,-0.38600000,-0.36100000,-0.00054879,-0.00039940,-0.00117686,-0.00110063,0.23013152,0.13174520,0.38812328,0.25000000,0.99999941,0.00000006,0.00000033,0.00000020,0.46109189,0.09222166,0.27168639,0.17500006,0.23096037,-0.03952354,-0.11643688,-0.07499994
2024-08-01,2024-07-31,factor_pit_unguarded_diagnostic_ext2026,7a0c59fa9fe9dccacd8ceb8242c4eefea1f9cafa2e4daf8baff6356057f88bce,pit,False,0.47738421,True,True,0.59398653,-0.47556509,-0.54065708,-0.88506611,1.14097075,-0.48000000,0.30000000,-0.89000000,-0.54000000,-0.60000000,3.77000000,3.77000000,1.00000000,1.00000000,0.00000000,bl_blend_applied,,2024-08-01,0.00000000,0.95800000,1.00100000,-0.88100000,-0.93000000,0.95800000,1.00100000,-0.88100000,-0.93000000,0.00225809,0.00235945,-0.00207660,-0.00219209,0.22764133,0.12785625,0.39450242,0.25000000,1.00000000,0.00000000,0.00000000,0.00000000,0.45934893,0.08949938,0.27615169,0.17500000,0.23170760,-0.03835687,-0.11835073,-0.07500000
2024-09-02,2024-08-31,factor_pit_unguarded_diagnostic_ext2026,25832a86c7e8669016db17a54788937309a5770beec679e46f05650e35a03c0f,pit,False,0.00000000,True,True,0.57323643,-0.61615873,-0.24814649,-0.93536910,1.14723302,-0.62000000,-0.25000000,-0.94000000,-0.25000000,0.50000000,4.79700000,4.79700000,1.00000000,1.00000000,0.00000000,non_trading_rebalance_date,rebalance_date_not_in_price_calendar,2024-08-01,,1.06300000,1.30500000,-1.32900000,-1.10000000,1.06300000,1.30500000,-1.32900000,-1.10000000,0.00241806,0.00296855,-0.00302314,-0.00250222,0.22140706,0.12567888,0.40291406,0.25000000,,,,,0.45934893,0.08949938,0.27615169,0.17500000,0.23794187,-0.03617950,-0.12676237,-0.07500000
2024-10-01,2024-09-30,factor_pit_unguarded_diagnostic_ext2026,812bcdbf9c8429a094b5b06083862c1aaadc58a02e66cfea4967f22af6f78679,pit,False,0.27776542,True,True,0.46043458,-0.69566591,-0.03120911,-1.03580648,1.24812664,-0.60000000,-0.50000000,-0.40000000,-0.20000000,-0.50000000,0.75000000,0.75000000,1.00000000,1.00000000,0.00000000,bl_blend_applied,,2024-10-01,0.00000000,-0.24000000,-0.16000000,-0.33000000,0.02000000,-0.24000000,-0.16000000,-0.33000000,0.02000000,-0.00043851,-0.00029234,-0.00060295,0.00003654,0.22069368,0.12567006,0.40363626,0.25000000,0.00000008,0.12821216,0.00174848,0.87003928,0.15448560,0.12643269,0.28306993,0.43601178,-0.06620808,0.00076263,-0.12056633,0.18601178
2024-11-01,2024-10-31,factor_pit_unguarded_diagnostic_ext2026,69955ea5ae32b014eb0445ea2f471f0c96efc1a9cdfa80f88aee05f3bf98d49b,pit,False,0.10804431,True,True,0.47116876,-0.64353235,-0.07387434,-1.13653375,1.30816676,-0.60000000,0.30000000,-0.70000000,-0.10000000,0.40000000,5.23000000,5.23000000,1.00000000,1.00000000,0.00000000,bl_blend_applied,,2024-11-01,0.00000000,1.31000000,1.52000000,-1.30000000,-1.10000000,1.31000000,1.52000000,-1.30000000,-1.10000000,0.00244933,0.00284197,-0.00243063,-0.00205669,0.21973442,0.12449260,0.40577297,0.25000000,1.00000000,0.00000000,0.00000000,0.00000000,0.45381410,0.08714482,0.28404108,0.17500000,0.23407967,-0.03734778,-0.12173189,-0.07500000
2024-12-02,2024-11-30,factor_pit_unguarded_diagnostic_ext2026,397353dab19c4ded2970e74b28ee1ee2702795facc57d3fbde2cdba5b75e3f2b,pit,False,0.52316359,True,True,0.59665736,-0.59322853,-0.17330382,-1.22407236,1.37124303,-0.60000000,-0.80000000,-0.70000000,-0.20000000,-0.50000000,0.99000000,0.99000000,1.00000000,1.00000000,0.00000000,bl_blend_applied,,2024-12-02,0.00000000,-0.30000000,-0.25000000,-0.42000000,0.02000000,-0.30000000,-0.25000000,-0.42000000,0.02000000,-0.00071031,-0.00059192,-0.00099443,0.00004735,0.22753484,0.12789587,0.39456929,0.25000000,0.00000032,0.00000068,0.00000040,0.99999860,0.15927449,0.08952731,0.27619862,0.47499958,-0.06826036,-0.03836856,-0.11837067,0.22499958
2025-01-02,2024-12-31,factor_pit_unguarded_diagnostic_ext2026,c1cea5533825cec40fffb728dfb10e074d06c90f29bcf17e1dd4e1c201587503,pit,False,0.74142549,True,True,0.44497191,-0.53749905,0.23644847,-1.05141178,1.20427565,-0.50000000,0.40000000,-0.70000000,0.30000000,0.00000000,3.65000000,3.65000000,1.00000000,1.00000000,0.00000000,bl_blend_applied,,2025-01-02,0.00000000,1.02000000,1.04000000,-1.02000000,-0.57000000,1.02000000,1.04000000,-1.02000000,-0.57000000,0.00180108,0.00183639,-0.00180108,-0.00100648,0.23400515,0.12580125,0.39019360,0.25000000,0.99999999,0.00000001,0.00000000,0.00000000,0.46380360,0.08806088,0.27313552,0.17500000,0.22979845,-0.03774037,-0.11705808,-0.07500000
2025-02-03,2025-01-31,factor_pit_unguarded_diagnostic_ext2026,662ef08cdbc6b4dbd7386ff6e6b199ad289e4f9ec36a9307ee2c6b80498b1172,pit,False,0.01080625,True,True,0.38729833,-0.49245478,0.27575759,-1.22126284,1.34537611,-0.50000000,0.00000000,-0.50000000,0.30000000,-0.40000000,0.95000000,0.95000000,1.00000000,1.00000000,0.00000000,bl_blend_applied,,2025-02-03,0.00000000,0.22000000,0.18000000,-0.52000000,0.03000000,0.22000000,0.18000000,-0.52000000,0.03000000,0.00033812,0.00027664,-0.00079919,0.00004611,0.23272421,0.12482010,0.39245569,0.25000000,0.64686501,0.35313381,0.00000014,0.00000105,0.35696645,0.19331422,0.27471902,0.17500031,0.12424224,0.06849411,-0.11773666,-0.07499969
2025-03-03,2025-02-28,factor_pit_unguarded_diagnostic_ext2026,8a645d3baabf6cb3c71d81210ea0a858e718ff27ad3300dc709ee71e13dc5f5e,pit,False,0.47241782,True,True,0.36466423,-0.57309371,0.11547483,-1.02638780,1.18120394,-0.57000000,0.40000000,-0.40000000,0.10000000,-0.10000000,3.04000000,3.04000000,1.00000000,1.00000000,0.00000000,bl_blend_applied,,2025-03-03,0.00000000,0.80100000,0.89200000,-0.83600000,-0.51100000,0.80100000,0.89200000,-0.83600000,-0.51100000,0.00115911,0.00129080,-0.00120976,-0.00073946,0.23003429,0.12305487,0.39691085,0.25000000,1.00000000,0.00000000,0.00000000,0.00000000,0.46102400,0.08613841,0.27783759,0.17500000,0.23098971,-0.03691646,-0.11907325,-0.07500000
2025-04-01,2025-03-31,factor_pit_unguarded_diagnostic_ext2026,076960f8371f502369dd55b510642f46574094ef09d89464af8f6f7e1e190e38,pit,False,0.10428815,True,True,0.57619441,-0.75282403,0.25047282,-0.44541286,0.90987542,-0.80000000,0.50000000,-0.60000000,-0.50000000,0.40000000,6.63000000,6.63000000,1.00000000,1.00000000,0.00000000,bl_blend_applied,,2025-04-01,0.00000000,1.61000000,1.97000000,-1.51000000,-1.54000000,1.61000000,1.97000000,-1.51000000,-1.54000000,0.00368124,0.00450438,-0.00345259,-0.00352119,0.22743590,0.12384003,0.39872407,0.25000000,1.00000000,0.00000000,0.00000000,0.00000000,0.45920513,0.08668802,0.27910685,0.17500000,0.23176923,-0.03715201,-0.11961722,-0.07500000
2025-05-01,2025-04-30,factor_pit_unguarded_diagnostic_ext2026,fb13dcaa203be8aa933c97b01e5f2dc9c8e3408922d3e005f93fbc246e196d57,pit,False,0.77311989,True,True,0.51768716,-0.80280570,0.58294661,-0.00405460,0.99213920,-0.80000000,0.00000000,0.30000000,0.60000000,-0.50000000,1.75000000,1.75000000,1.00000000,1.00000000,0.00000000,bl_blend_applied,,2025-05-01,0.00000000,-0.48000000,-0.43000000,-0.12000000,0.72000000,-0.48000000,-0.43000000,-0.12000000,0.72000000,-0.00098607,-0.00088336,-0.00024652,0.00147911,0.21790643,0.12696970,0.40512388,0.25000000,0.00000021,0.00000022,0.00000165,0.99999793,0.15253456,0.08887885,0.28358721,0.47499938,-0.06537187,-0.03809084,-0.12153667,0.22499938
2025-06-02,2025-05-31,factor_pit_unguarded_diagnostic_ext2026,78709ef2b347120e996289cd33a5eb262b860f0afeced93059d10494cc4fbef5,pit,False,0.61473370,True,True,0.54037024,-0.81187433,0.50898081,-0.67779851,1.17371726,-0.80000000,-0.20000000,-0.70000000,0.50000000,0.20000000,2.61000000,2.61000000,1.00000000,1.00000000,0.00000000,bl_blend_applied,,2025-06-02,0.00000000,0.57000000,0.68000000,-1.10000000,-0.26000000,0.57000000,0.68000000,-1.10000000,-0.26000000,0.00122227,0.00145814,-0.00235876,-0.00055752,0.23454006,0.13243858,0.38302136,0.25000000,0.53358268,0.46641729,0.00000001,0.00000002,0.32425285,0.23263219,0.26811495,0.17500001,0.08971279,0.10019361,-0.11490640,-0.07499999
2025-07-01,2025-06-30,factor_pit_unguarded_diagnostic_ext2026,060f05d918392c39537aaabec43a466efa03707a554a06b9c94d3334f61436cf,pit,False,0.55991013,True,True,0.60497934,-0.70902910,0.50836963,-1.11809886,1.41820556,-0.70000000,0.60000000,-0.80000000,0.50000000,0.30000000,5.34000000,5.34000000,1.00000000,1.00000000,0.00000000,bl_blend_applied,,2025-07-01,0.00000000,1.48000000,1.57000000,-1.46000000,-0.83000000,1.48000000,1.57000000,-1.46000000,-0.83000000,0.00355305,0.00376912,-0.00350504,-0.00199259,0.23486471,0.13280371,0.38233158,0.25000000,0.00000029,0.99999970,0.00000000,0.00000001,0.16440539,0.39296250,0.26763211,0.17500000,-0.07045933,0.26015880,-0.11469947,-0.07500000
2025-08-01,2025-07-31,factor_pit_unguarded_diagnostic_ext2026,1c5603e37623679243e8e4ef23d1910283c76a470a2c00a8f3382d39ae2deb2e,pit,False,0.58678198,True,True,0.58137767,-0.70441699,0.37723690,-1.21259063,1.45220074,-0.70000000,0.40000000,-0.80000000,0.20000000,0.60000000,6.00000000,6.00000000,1.00000000,1.00000000,0.00000000,bl_blend_applied,,2025-08-01,0.00000000,1.55000000,1.76000000,-1.56000000,-1.13000000,1.55000000,1.76000000,-1.56000000,-1.13000000,0.00357593,0.00406042,-0.00359900,-0.00260697,0.23561267,0.13358030,0.38080703,0.25000000,0.00000004,0.99999996,0.00000000,0.00000000,0.16492888,0.39350620,0.26656492,0.17500000,-0.07068379,0.25992590,-0.11424211,-0.07500000
2025-09-01,2025-08-31,factor_pit_unguarded_diagnostic_ext2026,a420755e727ed26dcef5762ced9a90b209b6ffa817f5b08f74c61c3811c53501,pit,False,0.32109040,True,True,0.68805523,-0.63911605,0.68178670,-1.20301795,1.52333667,-0.64000000,0.85000000,-0.85000000,0.65000000,0.30000000,5.85500000,5.85500000,1.00000000,1.00000000,0.00000000,non_trading_rebalance_date,rebalance_date_not_in_price_calendar,2025-08-01,,1.70700000,1.74400000,-1.53200000,-0.87200000,1.70700000,1.74400000,-1.53200000,-0.87200000,0.00466076,0.00476178,-0.00418294,-0.00238089,0.23251017,0.13850317,0.37898666,0.25000000,,,,,0.16492888,0.39350620,0.26656492,0.17500000,-0.06758128,0.25500303,-0.11242174,-0.07500000
2025-10-01,2025-09-30,factor_pit_unguarded_diagnostic_ext2026,a0519177d026f904f6270ad9b942c2817006b04eb55d71d251ee2bd699151169,pit,False,0.00000017,True,True,0.54772256,-0.62151991,0.56507571,-1.23360061,1.49243694,-0.60000000,-0.40000000,-0.80000000,0.50000000,-0.30000000,0.96000000,0.96000000,1.00000000,1.00000000,0.00000000,bl_blend_applied,,2025-10-01,0.00000000,0.09000000,0.03000000,-0.68000000,0.16000000,0.09000000,0.03000000,-0.68000000,0.16000000,0.00019562,0.00006521,-0.00147798,0.00034776,0.24165499,0.13882723,0.36951778,0.25000000,0.00000123,0.14613581,0.00000006,0.85386289,0.16915886,0.14101980,0.25866247,0.43115887,-0.07249613,0.00219258,-0.11085532,0.18115887
2025-11-03,2025-09-30,factor_pit_unguarded_diagnostic_ext2026,8063347088cb5a039015c147a1c956b61e61eddb29355efec4e848b156882410,pit,False,0.46976691,True,True,0.63274007,-0.62151991,0.56507571,-1.23360061,1.49243694,-0.62000000,0.75000000,0.57000000,-0.30000000,0.80000000,4.40400000,4.40400000,1.00000000,1.00000000,0.00000000,bl_blend_applied,,2025-11-03,0.00000000,1.05000000,1.51300000,-0.82700000,-1.01400000,1.05000000,1.51300000,-0.82700000,-1.01400000,0.00263642,0.00379895,-0.00207649,-0.00254603,0.20081312,0.15784568,0.39134120,0.25000000,0.00000000,0.99999999,0.00000000,0.00000000,0.14056919,0.41049197,0.27393884,0.17500000,-0.06024394,0.25264630,-0.11740236,-0.07500000
2025-12-01,2025-11-30,factor_pit_unguarded_diagnostic_ext2026,309f23fa533117c80959e0d2b8c72fc118f789e95a7270b50215b2cbe1f43391,pit,False,0.48228975,True,True,0.57096410,-0.69111505,0.56255000,-1.01778788,1.35277296,-0.70000000,0.30000000,-0.80000000,0.50000000,-0.40000000,2.69000000,2.69000000,1.00000000,1.00000000,0.00000000,bl_blend_applied,,2025-12-01,0.00000000,0.76000000,0.71000000,-0.99000000,-0.23000000,0.76000000,0.71000000,-0.99000000,-0.23000000,0.00172196,0.00160867,-0.00224307,-0.00052112,0.20307491,0.15843775,0.38848734,0.25000000,0.25037532,0.74962464,0.00000001,0.00000003,0.21726503,0.33579382,0.27194114,0.17500001,0.01419012,0.17735607,-0.11654620,-0.07499999
2026-01-02,2025-12-31,factor_pit_unguarded_diagnostic_ext2026,f560dc108b4f5c91972376ff22e8bc38c5cd51cbc7f47ca0373058f9a9d74514,pit,False,0.49017750,True,True,0.70851958,-0.70784531,0.80110660,-1.13467400,1.55894254,-0.70000000,0.80000000,-0.80000000,0.70000000,-0.50000000,3.60000000,3.60000000,1.00000000,1.00000000,0.00000000,bl_blend_applied,,2026-01-02,0.00000000,1.14000000,1.03000000,-1.12000000,-0.31000000,1.14000000,1.03000000,-1.12000000,-0.31000000,0.00320521,0.00289593,-0.00314898,-0.00087159,0.20458157,0.15822453,0.38719390,0.25000000,0.13526607,0.86473393,0.00000000,0.00000000,0.18378692,0.37017735,0.27103573,0.17500000,-0.02079465,0.21195282,-0.11615817,-0.07500000
2026-02-02,2026-01-31,factor_pit_unguarded_diagnostic_ext2026,c8c9a5a22322d7920840e81a5ed0649af6cdb7ac02eeffd7ef6b2c5d2bc7524d,pit,False,0.55955550,True,True,0.71414284,-0.81007724,0.85738412,-1.00790028,1.55151398,-0.80000000,0.60000000,-0.90000000,0.70000000,0.50000000,5.98000000,5.98000000,1.00000000,1.00000000,0.00000000,bl_blend_applied,,2026-02-02,0.00000000,1.65000000,1.76000000,-1.69000000,-0.88000000,1.65000000,1.76000000,-1.69000000,-0.88000000,0.00467594,0.00498766,-0.00478929,-0.00249383,0.21384955,0.16539244,0.37075801,0.25000000,0.00000000,0.99999999,0.00000000,0.00000000,0.14969469,0.41577471,0.25953061,0.17500000,-0.06415486,0.25038227,-0.11122740,-0.07500000
2026-03-02,2026-02-28,factor_pit_unguarded_diagnostic_ext2026,662b5167d0f833c60f1a888ee5d0aadca6399c6fb04b3ac76023a12bb36b340b,pit,False,0.41617241,True,True,0.58991525,-0.90294874,0.66688902,-0.66695517,1.30571306,-0.80000000,0.60000000,0.70000000,0.50000000,0.00000000,1.03000000,1.03000000,1.00000000,1.00000000,0.00000000,bl_blend_applied,,2026-03-02,0.00000000,0.13000000,0.34000000,-0.34000000,0.22000000,0.13000000,0.34000000,-0.34000000,0.22000000,0.00030432,0.00079592,-0.00079592,0.00051501,0.22419530,0.16692405,0.35888065,0.25000000,0.74749012,0.25250953,0.00000009,0.00000027,0.38118374,0.19259969,0.25121648,0.17500008,0.15698845,0.02567564,-0.10766417,-0.07499992
2026-04-01,2026-03-31,factor_pit_unguarded_diagnostic_ext2026,00d4f83d6fdceb83912a5f5d31560475997cae307529aca69f39f39abd18b14a,pit,False,0.35042804,True,True,0.50772040,-0.60091761,0.59567043,-0.44688480,0.95688623,-0.60000000,0.45000000,0.08000000,0.60000000,-0.60000000,0.73400000,0.73400000,1.00000000,1.00000000,0.00000000,bl_blend_applied,,2026-04-01,0.00000000,0.02600000,-0.02600000,-0.24400000,0.43800000,0.02600000,-0.02600000,-0.24400000,0.43800000,0.00005238,-0.00005238,-0.00049160,0.00088247,0.23516660,0.17559935,0.33923405,0.25000000,0.86449377,0.00000009,0.00000021,0.13550593,0.42396475,0.12291958,0.23746390,0.21565178,0.18879815,-0.05267978,-0.10177015,-0.03434822
2026-05-01,2026-03-31,factor_pit_unguarded_diagnostic_ext2026,03dd1ed7800d4faa65b73afe0e11bdbe6008264be9f52a89025ec9bc0b626920,pit,False,0.45231592,True,True,0.52535702,-0.60091761,0.59567043,-0.44688480,0.95688623,-0.60000000,0.50000000,-0.50000000,0.60000000,0.40000000,4.08000000,4.08000000,1.00000000,1.00000000,0.00000000,bl_blend_applied,,2026-05-01,0.00000000,1.14000000,1.23000000,-1.17000000,-0.54000000,1.14000000,1.23000000,-1.17000000,-0.54000000,0.00237662,0.00256424,-0.00243916,-0.00112577,0.23660484,0.17627008,0.33712508,0.25000000,0.00000001,0.99999998,0.00000000,0.00000001,0.16562339,0.42338905,0.23598755,0.17500000,-0.07098145,0.24711897,-0.10113752,-0.07500000
2026-06-01,2026-03-31,factor_pit_unguarded_diagnostic_ext2026,f41387f03bc453cd708359b2bc5bd0249aea1870aff39f70784740ac0521d276,pit,False,0.53773076,True,True,0.48887626,-0.60091761,0.59567043,-0.44688480,0.95688623,-0.60000000,-0.15000000,-0.45000000,0.60000000,-0.50000000,1.11000000,1.11000000,1.00000000,1.00000000,0.00000000,bl_blend_applied,,2026-06-01,0.00000000,-0.09000000,-0.17500000,-0.42500000,0.42000000,-0.09000000,-0.17500000,-0.42500000,0.42000000,-0.00017460,-0.00033950,-0.00082449,0.00081479,0.23724461,0.17654264,0.33621274,0.25000000,0.78058497,0.00000001,0.00000005,0.21941496,0.40024672,0.12357985,0.23534894,0.24082449,0.16300211,-0.05296279,-0.10086381,-0.00917551
2019-01-02,2018-12-31,factor_nonpit_diagnostic_ext2026,efe16310ff000756a9c5b875253c09e91ed6cd6c44ea3e1e7ea6bd075aca9144,nonpit_diagnostic,True,0.62460401,True,True,0.84083292,0.55415989,-1.58715468,0.64765574,1.80155797,0.55000000,0.65000000,1.00000000,1.00000000,-0.90000000,5.90000000,2.21483635,0.37539599,0.37539599,0.00000000,bl_blend_applied,,2019-01-02,0.00000000,-1.15500000,-1.60000000,1.43000000,1.71500000,-0.43358237,-0.60063359,0.53681627,0.64380413,-0.00144671,-0.00200410,0.00179116,0.00214814,0.21607784,0.13994703,0.39397512,0.25000000,0.00000000,0.00000000,1.00000000,0.00000000,0.15125449,0.09796292,0.57578259,0.17500000,-0.06482335,-0.04198411,0.18180746,-0.07500000
2019-02-01,2019-01-31,factor_nonpit_diagnostic_ext2026,07b396e11b698239bce666677c236ed0145a98a45f0df5a10da6ed8cf814f840,nonpit_diagnostic,True,0.67300639,True,True,0.69439182,-0.03021485,-1.59932940,-0.18449514,1.61021921,-0.03000000,-0.80000000,0.80000000,0.70000000,-0.80000000,7.77000000,2.54074034,0.32699361,0.32699361,-0.00000000,bl_blend_applied,,2019-02-01,0.00000000,-2.12100000,-2.33200000,1.32600000,1.99100000,-0.69355345,-0.76254910,0.43359353,0.65104428,-0.00191110,-0.00210122,0.00119478,0.00179397,0.22149296,0.13409385,0.39441319,0.25000000,0.00000000,0.00000000,1.00000000,0.00000000,0.15504507,0.09386570,0.57608923,0.17500000,-0.06644789,-0.04022816,0.18167604,-0.07500000
2019-03-01,2019-02-28,factor_nonpit_diagnostic_ext2026,4e436e837de9a65cc898270b704d6fed88cd93d0779c935646abfde109296092,nonpit_diagnostic,True,0.89309922,True,True,0.64187226,-0.00219275,-1.51619788,-0.57582790,1.62186269,0.00000000,-0.50000000,0.90000000,-0.80000000,-0.60000000,4.16000000,0.44470726,0.10690078,0.10690078,0.00000000,bl_blend_applied,,2019-03-01,0.00000000,-1.34000000,-1.21000000,1.05000000,0.56000000,-0.14324705,-0.12934995,0.11224582,0.05986444,-0.00036487,-0.00032947,0.00028590,0.00015248,0.21837179,0.13370570,0.39792251,0.25000000,0.00000021,0.00000044,0.99999762,0.00000173,0.15286031,0.09359412,0.57854504,0.17500052,-0.06551147,-0.04011158,0.18062253,-0.07499948
2019-04-01,2019-03-31,factor_nonpit_diagnostic_ext2026,0622238b905217f13e430b59db38347865c1bd9d6bd7afe5987d10c22935d7b9,nonpit_diagnostic,True,0.66317368,True,True,0.60149813,0.40735864,-1.60580403,-0.46845828,1.72162737,0.41000000,-0.47000000,0.90000000,0.50000000,-0.60000000,7.10000000,2.39146686,0.33682632,0.33682632,0.00000000,bl_blend_applied,,2019-04-01,0.00000000,-1.82300000,-2.07600000,1.49600000,1.70500000,-0.61403438,-0.69925144,0.50389217,0.57428887,-0.00146564,-0.00166904,0.00120274,0.00137077,0.21385623,0.13225313,0.40389065,0.25000000,0.00000001,0.00000001,0.99999995,0.00000004,0.14969936,0.09257719,0.58272344,0.17500001,-0.06415687,-0.03967594,0.17883279,-0.07499999
2019-05-01,2019-04-30,factor_nonpit_diagnostic_ext2026,fa681a6e4aaa9308757c439db2bb3f2003b5fd8d0136327841624b625d75c5d9,nonpit_diagnostic,True,0.66351016,True,True,0.77254126,0.54134103,-1.40160296,-0.74660398,1.67778380,0.54000000,-0.75000000,-1.00000000,-0.70000000,-0.80000000,1.47600000,0.49665901,0.33648984,0.33648984,-0.00000000,bl_blend_applied,,2019-05-01,0.00000000,-0.38200000,-0.66400000,0.36200000,-0.06800000,-0.12853912,-0.22342925,0.12180932,-0.02288131,-0.00039405,-0.00068495,0.00037342,-0.00007015,0.21199891,0.12964318,0.40835791,0.25000000,0.00000001,0.00000000,0.99999998,0.00000001,0.14839924,0.09075022,0.58585053,0.17500000,-0.06359967,-0.03889295,0.17749262,-0.07500000
2019-06-03,2019-05-31,factor_nonpit_diagnostic_ext2026,44f50bf3e7397ccf33275caeac5b2412a761de848685d308c3a97d170b15da98,nonpit_diagnostic,True,0.56758252,True,True,0.63718129,0.31657087,-1.46124673,-0.01352818,1.49520638,0.30000000,0.00000000,0.90000000,0.70000000,-0.80000000,6.31000000,2.72855433,0.43241748,0.43241748,0.00000000,bl_blend_applied,,2019-06-03,0.00000000,-1.50000000,-1.80000000,1.34000000,1.67000000,-0.64862623,-0.77835147,0.57943943,0.72213720,-0.00164005,-0.00196806,0.00146511,0.00182592,0.20788938,0.12640151,0.41570912,0.25000000,0.00000000,0.00000001,0.99999996,0.00000003,0.14552257,0.08848106,0.59099637,0.17500001,-0.06236681,-0.03792045,0.17528725,-0.07499999
2019-07-01,2019-06-30,factor_nonpit_diagnostic_ext2026,b79655d50ba7bb0019811de1d1980f19c009d552a9e5b5977470096d6d22b55c,nonpit_diagnostic,True,0.96644711,True,True,0.50793700,0.18199305,-1.32110109,-0.47793871,1.41663509,0.20000000,-0.40000000,0.80000000,-0.30000000,-0.60000000,4.83000000,0.16206044,0.03355289,0.03355289,0.00000000,bl_blend_applied,,2019-07-01,0.00000000,-1.37000000,-1.41000000,1.15000000,0.90000000,-0.04596745,-0.04730957,0.03858582,0.03019760,-0.00009265,-0.00009536,0.00007777,0.00006087,0.20453584,0.12697706,0.41848710,0.25000000,0.00000178,0.12130713,0.87869090,0.00000019,0.14317562,0.12527608,0.55654824,0.17500006,-0.06136022,-0.00170098,0.13806114,-0.07499994
2019-08-01,2019-07-31,factor_nonpit_diagnostic_ext2026,a752e85f7da1de4c55678f881b58610f2a9dd9780add08e486848c12682c424a,nonpit_diagnostic,True,0.96246240,False,False,,0.36308874,-1.51990579,-0.59867516,1.67342732,,,,,,0.00000000,0.00000000,,,,fallback,no_valid_views,2019-08-01,0.00000000,0.00000000,0.00000000,0.00000000,0.00000000,0.00000000,0.00000000,0.00000000,0.00000000,0.00000000,0.00000000,0.00000000,0.00000000,0.20617057,0.12669796,0.41713146,0.25000000,0.20617057,0.12669796,0.41713146,0.25000000,0.20617057,0.12669796,0.41713146,0.25000000,0.00000000,0.00000000,0.00000000,0.00000000
2019-09-02,2019-08-31,factor_nonpit_diagnostic_ext2026,fcda9db960204e38caa21a0527034a55f7d74fb096edbc29fb71b1787df38740,nonpit_diagnostic,True,0.68191206,True,True,0.80653580,0.26084925,-1.72179937,-0.42854264,1.79340018,0.26000000,0.43000000,1.00000000,1.00000000,-1.00000000,6.23000000,1.98168784,0.31808794,0.31808794,0.00000000,non_trading_rebalance_date,rebalance_date_not_in_price_calendar,2019-08-01,,-1.34800000,-1.72600000,1.33600000,1.82000000,-0.42878254,-0.54901978,0.42496548,0.57892004,-0.00137234,-0.00175716,0.00136012,0.00185286,0.19930127,0.12278071,0.42791801,0.25000000,,,,,0.20617057,0.12669796,0.41713146,0.25000000,0.00686930,0.00391725,-0.01078655,0.00000000
2019-10-01,2019-09-30,factor_nonpit_diagnostic_ext2026,23d43bec63037f4a6babc4aecc3d9ce166d75dae6a3a814e48d6f86865c46002,nonpit_diagnostic,True,0.92908999,True,True,0.53851648,0.19986001,-1.58824128,-0.51862942,1.68268561,0.20000000,-0.40000000,0.80000000,-0.50000000,-0.60000000,4.49000000,0.31838596,0.07091001,0.07091001,0.00000000,bl_blend_applied,,2019-10-01,0.00000000,-1.31000000,-1.31000000,1.13000000,0.74000000,-0.09289212,-0.09289212,0.08012832,0.05247341,-0.00019851,-0.00019851,0.00017123,0.00011213,0.19960338,0.12295354,0.42744308,0.25000000,0.00000006,0.01740483,0.98259503,0.00000008,0.13972239,0.09128892,0.59398866,0.17500002,-0.05988100,-0.03166461,0.16654558,-0.07499998
2019-11-01,2019-10-31,factor_nonpit_diagnostic_ext2026,bc5e424a00d6c456b1cc082e39d055ffd3a5d2926c18e10d3771ba0446247b18,nonpit_diagnostic,True,0.73907232,True,True,0.63600314,0.25413906,-1.31977011,-0.40208469,1.40287273,0.25000000,0.40000000,-0.40000000,-0.80000000,-1.00000000,1.04000000,0.27136479,0.26092768,0.26092768,-0.00000000,bl_blend_applied,,2019-11-01,0.00000000,0.28500000,0.13000000,0.18000000,-0.44500000,0.07436439,0.03392060,0.04696698,-0.11611282,0.00018768,0.00008561,0.00011854,-0.00029305,0.19128260,0.12033726,0.43838014,0.25000000,0.65046112,0.00000002,0.34953884,0.00000002,0.32903616,0.08423609,0.41172775,0.17500001,0.13775356,-0.03610117,-0.02665239,-0.07499999
2019-12-02,2019-11-30,factor_nonpit_diagnostic_ext2026,e9505f9ed52a64b62df5213f89a45e7639944c0caad7e86e2cada2c1b802808c,nonpit_diagnostic,True,0.82427587,False,False,,0.64689240,-1.28647506,-0.50544679,1.52609447,,,,,,0.00000000,0.00000000,,,,fallback,no_valid_views,2019-12-02,0.00000000,0.00000000,0.00000000,0.00000000,0.00000000,0.00000000,0.00000000,0.00000000,0.00000000,0.00000000,0.00000000,0.00000000,0.00000000,0.18984748,0.11956017,0.44059234,0.25000000,0.18984748,0.11956017,0.44059234,0.25000000,0.18984748,0.11956017,0.44059234,0.25000000,0.00000000,0.00000000,0.00000000,0.00000000
2020-01-02,2019-12-31,factor_nonpit_diagnostic_ext2026,a60c3d20ea4a2bc93d28f0c32d8fd952ada64b9575acf32677fbd5499a989cde,nonpit_diagnostic,True,0.93267017,False,False,,0.87680668,-0.90533675,-0.84764132,1.51885496,,,,,,0.00000000,0.00000000,,,,fallback,no_valid_views,2020-01-02,0.00000000,0.00000000,0.00000000,0.00000000,0.00000000,0.00000000,0.00000000,0.00000000,0.00000000,0.00000000,0.00000000,0.00000000,0.00000000,0.18970716,0.11975724,0.44053559,0.25000000,0.18970716,0.11975724,0.44053559,0.25000000,0.18970716,0.11975724,0.44053559,0.25000000,0.00000000,0.00000000,0.00000000,0.00000000
2020-02-03,2020-01-31,factor_nonpit_diagnostic_ext2026,d25d3e8df49459fc18185c776c3d7b760509dc0b628c13c2f466ad98b57436b2,nonpit_diagnostic,True,0.42910456,True,True,0.83565543,1.17338188,-1.19802547,-0.45610526,1.73784984,1.00000000,-0.46000000,-1.00000000,0.80000000,-0.80000000,3.94000000,2.24932804,0.57089544,0.57089544,0.00000000,bl_blend_applied,,2020-02-03,0.00000000,-0.68000000,-1.40000000,0.76400000,1.09600000,-0.38820890,-0.79925362,0.43616412,0.62570140,-0.00128734,-0.00265040,0.00144636,0.00207488,0.18765620,0.11860522,0.44373858,0.25000000,0.00000000,0.00000001,0.99999999,0.00000000,0.13135934,0.08302366,0.61061700,0.17500000,-0.05629686,-0.03558157,0.16687842,-0.07500000
2020-03-02,2020-02-29,factor_nonpit_diagnostic_ext2026,3ef0e2757b15c8558a5f1d00b83584a12ae74b4b911b339a533c365251cc2c74,nonpit_diagnostic,True,0.69254283,False,False,,0.84611810,-0.97829809,0.43219149,1.36373475,,,,,,0.00000000,0.00000000,,,,fallback,no_valid_views,2020-03-02,0.00000000,0.00000000,0.00000000,0.00000000,0.00000000,0.00000000,0.00000000,0.00000000,0.00000000,0.00000000,0.00000000,0.00000000,0.00000000,0.18532372,0.11900408,0.44567220,0.25000000,0.18532372,0.11900408,0.44567220,0.25000000,0.18532372,0.11900408,0.44567220,0.25000000,0.00000000,0.00000000,0.00000000,0.00000000
2020-04-01,2020-03-31,factor_nonpit_diagnostic_ext2026,2025f64e247187a3e9d2ea6554d1de921886a216d9162cdfd468defe011a6aa2,nonpit_diagnostic,True,0.69341211,True,True,0.69127419,-0.21747233,-0.53468045,3.25834982,3.30908158,-0.22000000,1.00000000,-0.53000000,-0.50000000,0.90000000,8.02400000,2.46006120,0.30658789,0.30658789,0.00000000,bl_blend_applied,,2020-04-01,0.00000000,2.18000000,2.47300000,-1.44700000,-1.92400000,0.66836159,0.75819184,-0.44363267,-0.58987509,0.00183342,0.00207984,-0.00121695,-0.00161812,0.17829986,0.10940325,0.46229690,0.25000000,0.87776165,0.12223835,0.00000000,0.00000000,0.38813839,0.11325378,0.32360783,0.17500000,0.20983854,0.00385053,-0.13868907,-0.07500000
2020-05-01,2020-04-30,factor_nonpit_diagnostic_ext2026,15a27af836ae7599e8075df1dc861f5acb004dd2b0110a242d6390aec708914b,nonpit_diagnostic,True,0.74430708,True,True,0.86970110,-1.73809160,-0.57293306,2.22060803,2.87755360,-0.87000000,1.00000000,0.29000000,1.00000000,0.97000000,4.65300000,1.18973916,0.25569292,0.25569292,0.00000000,bl_blend_applied,,2020-05-01,0.00000000,1.31100000,1.59500000,-1.27800000,-0.46900000,0.33521342,0.40783021,-0.32677555,-0.11991998,0.00115689,0.00140750,-0.00112777,-0.00041387,0.17363078,0.10949978,0.46686944,0.25000000,0.99999999,0.00000001,0.00000000,0.00000000,0.42154154,0.07664985,0.32680861,0.17500000,0.24791076,-0.03284993,-0.14006083,-0.07500000
2020-06-01,2020-05-31,factor_nonpit_diagnostic_ext2026,4860b32a3080636ad56c7544eb91d07848aa01d9aff9ab818c87b361bef18748,nonpit_diagnostic,True,0.72372537,True,True,0.72625065,-1.90160882,-0.43883389,1.35373628,2.37514067,-1.00000000,1.00000000,0.44000000,0.50000000,-0.44000000,1.87400000,0.51773865,0.27627463,0.27627463,0.00000000,bl_blend_applied,,2020-06-01,0.00000000,0.53400000,0.69000000,-0.62200000,0.02800000,0.14753065,0.19062949,-0.17184282,0.00773569,0.00042518,0.00054938,-0.00049524,0.00002229,0.17349211,0.10991181,0.46659608,0.25000000,0.53685522,0.35005263,0.00001142,0.11308073,0.28250105,0.18195405,0.32662068,0.20892422,0.10900893,0.07204225,-0.13997540,-0.04107578
2020-07-01,2020-06-30,factor_nonpit_diagnostic_ext2026,d4ae9281b75356376770471429698dabc3db0fce5f23f6d5feabe4e89f58a67c,nonpit_diagnostic,True,0.61813663,True,True,0.78124260,-1.27027504,-0.38904973,1.24538757,1.82097462,-1.00000000,1.00000000,-0.39000000,-0.70000000,0.64000000,8.88200000,3.39171044,0.38186337,0.38186337,0.00000000,bl_blend_applied,,2020-07-01,0.00000000,2.20600000,2.73500000,-1.86300000,-2.07800000,0.84239059,1.04439631,-0.71141145,-0.79351208,0.00261155,0.00323781,-0.00220550,-0.00246002,0.17281850,0.10903659,0.46814491,0.25000000,0.99999999,0.00000000,0.00000000,0.00000000,0.42097295,0.07632561,0.32770144,0.17500000,0.24815445,-0.03271098,-0.14044347,-0.07500000
2020-08-03,2020-07-31,factor_nonpit_diagnostic_ext2026,e3aa05b730f11dc2e21ef83e8587168adeb50a34b6a376b4380ab569147fc604,nonpit_diagnostic,True,0.54248043,True,True,0.54400368,-0.94310441,-0.50285879,0.31234484,1.11349548,-0.94000000,0.31000000,0.50000000,-0.30000000,-0.40000000,0.92000000,0.42091801,0.45751957,0.45751957,0.00000000,bl_blend_applied,,2020-08-03,0.00000000,0.04200000,0.35400000,-0.35600000,-0.16800000,0.01921582,0.16196193,-0.16287697,-0.07686329,0.00004148,0.00034963,-0.00035161,-0.00016593,0.17268698,0.10911750,0.46819551,0.25000000,0.42915026,0.09244106,0.47840862,0.00000006,0.24962597,0.10411457,0.47125945,0.17500002,0.07693898,-0.00500293,0.00306393,-0.07499998
2020-09-01,2020-08-31,factor_nonpit_diagnostic_ext2026,fccba069837f03f7a1f6cabd2cd5d7626e8530046b231c91ac7f7a708d52373c,nonpit_diagnostic,True,0.45052104,True,True,0.32790242,-0.60301568,-0.13551637,0.21904688,0.65572413,-0.60000000,-0.14000000,0.22000000,-0.14000000,0.30000000,1.15200000,0.63299976,0.54947896,0.54947896,-0.00000000,bl_blend_applied,,2020-09-01,0.00000000,0.08600000,0.37600000,-0.43400000,-0.25600000,0.04725519,0.20660409,-0.23847387,-0.14066661,0.00006149,0.00026883,-0.00031030,-0.00018304,0.18272618,0.11547249,0.45180133,0.25000000,0.55466000,0.03192588,0.41341394,0.00000019,0.29430632,0.09040851,0.44028511,0.17500006,0.11158015,-0.02506398,-0.01151622,-0.07499994
2020-10-01,2020-09-30,factor_nonpit_diagnostic_ext2026,c533b9fc506ece09ae919f10b265c7f956fc1f58517e3cc650727fc86e4df916,nonpit_diagnostic,True,0.57152751,True,True,0.36671515,-0.50656062,-0.15475020,0.52804694,0.74792035,-0.51000000,0.53000000,-0.15000000,0.00000000,0.33000000,3.85500000,1.65176143,0.42847249,0.42847249,-0.00000000,bl_blend_applied,,2020-10-01,0.00000000,1.00100000,1.20500000,-0.89000000,-0.75900000,0.42890096,0.51630935,-0.38134051,-0.32521062,0.00062414,0.00075134,-0.00055493,-0.00047325,0.18543961,0.11536994,0.44919045,0.25000000,0.99999987,0.00000002,0.00000004,0.00000007,0.42980769,0.08075896,0.31443333,0.17500002,0.24436808,-0.03461098,-0.13475712,-0.07499998
2020-11-02,2020-10-31,factor_nonpit_diagnostic_ext2026,abfdc3f8e609accecba756cdcce050a3106debee1d4c3b4fc00cb5a2f8370099,nonpit_diagnostic,True,0.72457035,True,True,0.50000000,-0.80162130,0.34923096,0.47051338,0.99294603,-0.80000000,0.40000000,-0.30000000,0.00000000,0.60000000,5.14000000,1.41570840,0.27542965,0.27542965,0.00000000,bl_blend_applied,,2020-11-02,0.00000000,1.24000000,1.57000000,-1.31000000,-1.02000000,0.34153277,0.43242455,-0.36081284,-0.28093824,0.00067764,0.00085799,-0.00071590,-0.00055742,0.18606109,0.11509066,0.44884825,0.25000000,0.99999994,0.00000001,0.00000001,0.00000004,0.43024275,0.08056346,0.31419378,0.17500001,0.24418166,-0.03452719,-0.13465447,-0.07499999
2020-12-01,2020-11-30,factor_nonpit_diagnostic_ext2026,45a47f9693b4e33420045ef2c70c1bfd761d5b715e8bef397bdd46efbeaf3239,nonpit_diagnostic,True,0.97923081,True,True,0.46316304,-0.92959420,0.22140791,-0.24877642,0.98744951,-0.93000000,-0.25000000,0.22000000,0.22000000,-0.22000000,1.14600000,0.02380149,0.02076919,0.02076919,0.00000000,bl_blend_applied,,2020-12-01,0.00000000,-0.34500000,-0.13200000,-0.35800000,0.31100000,-0.00716537,-0.00274153,-0.00743537,0.00645922,-0.00001317,-0.00000504,-0.00001367,0.00001187,0.19172184,0.11878394,0.43949422,0.25000000,0.19060958,0.15574215,0.65354513,0.00010313,0.19138816,0.12987140,0.50370949,0.17503094,-0.00033368,0.01108746,0.06421527,-0.07496906
2021-01-04,2020-12-31,factor_nonpit_diagnostic_ext2026,7f161f4f39e4ad44074e7d52a149a57a6ed5d76b3a52561e84aac61f27083968,nonpit_diagnostic,True,0.63915925,True,True,0.57103415,-0.73784046,0.58135223,-0.58040367,1.10419535,-0.74000000,-0.58000000,-0.40000000,0.58000000,-0.50000000,2.04000000,0.73611512,0.36084075,0.36084075,0.00000000,bl_blend_applied,,2021-01-04,0.00000000,-0.51200000,-0.54600000,-0.33200000,0.65000000,-0.18475046,-0.19701905,-0.11979913,0.23454649,-0.00041865,-0.00044645,-0.00027147,0.00053148,0.19197426,0.11895320,0.43907254,0.25000000,0.00000007,0.06677943,0.00000005,0.93322045,0.13438200,0.10330107,0.30735079,0.45496613,-0.05759226,-0.01565213,-0.13172175,0.20496613
2021-02-01,2021-01-31,factor_nonpit_diagnostic_ext2026,5d589fffddd020ed5877d11df872bbf18e3e8c81c23327ead5ea64257f24c3ab,nonpit_diagnostic,True,0.54063676,True,True,0.61854668,-0.65781323,1.16361158,-0.57427030,1.45481838,-0.66000000,1.00000000,-0.57000000,0.25000000,0.30000000,6.24100000,2.86688599,0.45936324,0.45936324,0.00000000,bl_blend_applied,,2021-02-01,0.00000000,1.75900000,1.91000000,-1.45200000,-1.12000000,0.80801994,0.87738379,-0.66699543,-0.51448683,0.00198333,0.00215358,-0.00163717,-0.00126283,0.19703310,0.12127345,0.43169346,0.25000000,0.99999994,0.00000005,0.00000001,0.00000001,0.43792315,0.08489143,0.30218542,0.17500000,0.24089005,-0.03638202,-0.12950803,-0.07500000
2021-03-01,2021-02-28,factor_nonpit_diagnostic_ext2026,b0afec6109a205f2b2f714b81cdb3c26506d8698ef9b803980f0383a99f9c792,nonpit_diagnostic,True,0.66098023,True,True,0.74966659,-0.20869573,1.94967055,-0.78277997,2.11128246,-0.10000000,-0.40000000,1.00000000,1.00000000,-0.80000000,7.50000000,2.54264827,0.33901977,0.33901977,0.00000000,bl_blend_applied,,2021-03-01,0.00000000,-1.95000000,-2.18000000,1.28000000,2.09000000,-0.66108855,-0.73906310,0.43394531,0.70855132,-0.00196665,-0.00219861,0.00129093,0.00210785,0.20060487,0.12236155,0.42703359,0.25000000,0.00000001,0.00000000,0.04311295,0.95688704,0.14042341,0.08565309,0.31185739,0.46206611,-0.06018146,-0.03670846,-0.11517619,0.21206611
2021-04-01,2021-03-31,factor_nonpit_diagnostic_ext2026,176b3256c80bb2a0bc1c145371de434513086f303a97f78ff7344080f6551209,nonpit_diagnostic,True,0.00000000,True,True,0.71480067,1.38016819,2.57591131,-0.94665584,3.07186272,0.53000000,-0.37000000,1.00000000,0.37000000,-1.00000000,8.09900000,8.09900000,1.00000000,1.00000000,-0.00000000,bl_blend_applied,,2021-04-01,0.00000000,-2.04000000,-2.37300000,1.80900000,1.87700000,-2.04000000,-2.37300000,1.80900000,1.87700000,-0.00578648,-0.00673104,0.00513125,0.00532413,0.20100967,0.12295302,0.42603731,0.25000000,0.00000000,0.00000001,0.00000062,0.99999937,0.14070677,0.08606711,0.29822630,0.47499981,-0.06030290,-0.03688590,-0.12781101,0.22499981
2021-05-03,2021-04-30,factor_nonpit_diagnostic_ext2026,f8b284c25f533a5ae45ab6c8b1d63b6bafaa35d99565a682eeb2bed746855978,nonpit_diagnostic,True,0.94284173,True,True,0.76681158,3.35818608,2.24470475,-0.98927689,4.15869954,0.90000000,0.80000000,-0.70000000,0.80000000,0.60000000,2.70000000,0.15432734,0.05715827,0.05715827,0.00000000,non_trading_rebalance_date,rebalance_date_not_in_price_calendar,2021-04-01,,1.21000000,0.83000000,-0.31000000,-0.35000000,0.06916151,0.04744137,-0.01771907,-0.02000540,0.00021045,0.00014436,-0.00005392,-0.00006087,0.20087442,0.12287029,0.42625530,0.25000000,,,,,0.14070677,0.08606711,0.29822630,0.47499981,-0.06016765,-0.03680317,-0.12802899,0.22499981
2021-06-01,2021-05-31,factor_nonpit_diagnostic_ext2026,64cd8e0cbe8111ea0e4cbf9d4f1362df38112e98b6f673d71b7904279d348f6d,nonpit_diagnostic,True,0.89068785,True,True,0.64691576,3.86550412,2.03554438,-0.90497392,4.46145053,0.95000000,-0.30000000,0.50000000,0.60000000,-0.70000000,6.97000000,0.76190566,0.10931215,0.10931215,0.00000000,bl_blend_applied,,2021-06-01,0.00000000,-1.58500000,-2.08000000,1.64000000,1.66500000,-0.17325975,-0.22736927,0.17927192,0.18200472,-0.00044478,-0.00058369,0.00046021,0.00046723,0.20044113,0.12293949,0.42661938,0.25000000,0.00000001,0.00000002,0.70311881,0.29688116,0.14030879,0.08605765,0.50956921,0.26406435,-0.06013233,-0.03688184,0.08294983,0.01406435
2021-07-01,2021-06-30,factor_nonpit_diagnostic_ext2026,0e47dd21e36038c8ee6aa060f660562504b5b3c4ff244e18f60687d23999122e,nonpit_diagnostic,True,0.66250283,True,True,0.55585969,3.75162317,1.41028483,-1.15192486,4.17019311,1.00000000,0.38000000,-0.31000000,0.38000000,-0.40000000,1.63800000,0.55282037,0.33749717,0.33749717,0.00000000,bl_blend_applied,,2021-07-01,0.00000000,-0.02600000,-0.51300000,0.66900000,0.43000000,-0.00877493,-0.17313605,0.22578561,0.14512378,-0.00001936,-0.00038190,0.00049804,0.00032011,0.20326413,0.12467989,0.42205598,0.25000000,0.00000054,0.12840128,0.87150241,0.00009577,0.14228505,0.12579631,0.55688991,0.17502873,-0.06097908,0.00111642,0.13483393,-0.07497127
2021-08-02,2021-07-31,factor_nonpit_diagnostic_ext2026,0414f2190cc81ba6640e17b01e9b2e9e22154d667f80563f73cdc46975a34129,nonpit_diagnostic,True,0.58101548,True,True,0.71414284,3.30244489,1.02470863,-0.85921319,3.56292259,0.90000000,0.70000000,-0.60000000,0.80000000,0.50000000,1.87000000,0.78350106,0.41898452,0.41898452,0.00000000,bl_blend_applied,,2021-08-02,0.00000000,0.97000000,0.58000000,-0.15000000,-0.17000000,0.40641499,0.24301102,-0.06284768,-0.07122737,0.00115174,0.00068867,-0.00017810,-0.00020185,0.20318053,0.12461970,0.42219977,0.25000000,0.99999996,0.00000001,0.00000002,0.00000001,0.44222636,0.08723379,0.29553984,0.17500000,0.23904583,-0.03738590,-0.12665993,-0.07500000
2021-09-01,2021-08-31,factor_nonpit_diagnostic_ext2026,2a982ba812123ebf35d63963e4ba42153a78971e676e8ed3f283ceb3d7966357,nonpit_diagnostic,True,0.96886567,True,True,0.70142712,2.92307346,1.12212301,-0.93235303,3.26692526,0.90000000,-0.40000000,0.70000000,0.80000000,-0.60000000,7.82000000,0.24347044,0.03113433,0.03113433,0.00000000,bl_blend_applied,,2021-09-01,0.00000000,-1.83000000,-2.31000000,1.75000000,1.93000000,-0.05697582,-0.07192030,0.05448507,0.06008925,-0.00015859,-0.00020019,0.00015166,0.00016725,0.20458965,0.12549295,0.41991740,0.25000000,0.00000018,0.20327205,0.76428899,0.03243878,0.14321281,0.14882668,0.52322888,0.18473163,-0.06137684,0.02333373,0.10331148,-0.06526837
2021-10-01,2021-09-30,factor_nonpit_diagnostic_ext2026,537c08a48052c0387fa46b1903ef57125bdb39b0d164d80cb21d08624d641ee6,nonpit_diagnostic,True,0.54454407,True,True,0.71278328,2.84305380,1.41978928,-0.95737385,3.31893374,0.92000000,-0.28000000,0.75000000,0.63000000,-0.81000000,7.87600000,3.58717090,0.45545593,0.45545593,0.00000000,bl_blend_applied,,2021-10-01,0.00000000,-1.83100000,-2.32000000,1.84100000,1.88400000,-0.83393981,-1.05665776,0.83849437,0.85807897,-0.00235880,-0.00298876,0.00237169,0.00242708,0.20737718,0.12690228,0.41572054,0.25000000,0.00000004,0.00870378,0.00001404,0.99128213,0.14516404,0.09144273,0.29100859,0.47238464,-0.06221314,-0.03545955,-0.12471195,0.22238464
2021-11-01,2021-10-31,factor_nonpit_diagnostic_ext2026,1562d8866a41fac01c035de393fe047f948493ea31bc8897da3c587ab0f5bef9,nonpit_diagnostic,True,0.52540224,True,True,0.71414284,3.24195442,1.01054176,-0.92672973,3.51998453,0.90000000,-0.80000000,0.60000000,0.50000000,-0.70000000,8.48000000,4.02458903,0.47459776,0.47459776,0.00000000,bl_blend_applied,,2021-11-01,0.00000000,-2.12000000,-2.57000000,1.86000000,1.93000000,-1.00614726,-1.21971625,0.88275184,0.91597368,-0.00285132,-0.00345655,0.00250163,0.00259578,0.20546485,0.12879630,0.41573885,0.25000000,0.00000014,0.00000067,0.00002174,0.99997745,0.14382544,0.09015761,0.29102372,0.47499323,-0.06163941,-0.03863869,-0.12471513,0.22499323
2021-12-01,2021-11-30,factor_nonpit_diagnostic_ext2026,a31d291d410492a9bfe89ed04fd8887a4ca06960ca0dd484101f9c4eece664c3,nonpit_diagnostic,True,0.34736738,True,True,0.53712196,3.34748187,0.65657205,-0.42115601,3.43716368,0.95000000,0.40000000,0.20000000,0.50000000,-0.30000000,2.86000000,1.86652930,0.65263262,0.65263262,0.00000000,bl_blend_applied,,2021-12-01,0.00000000,-0.37500000,-0.80000000,0.94000000,0.74500000,-0.24473723,-0.52210610,0.61347467,0.48621130,-0.00052164,-0.00111284,0.00130758,0.00103633,0.20651938,0.13023183,0.41324879,0.25000000,0.00000093,0.20459789,0.71518886,0.08021231,0.14456384,0.15254165,0.50383081,0.19906369,-0.06195553,0.02230982,0.09058202,-0.05093631
2022-01-03,2021-12-31,factor_nonpit_diagnostic_ext2026,f023adbd2ad960a3c41f8b33b485689165ac6dc80fb315bf9e1159f2d0104a87,nonpit_diagnostic,True,0.67230014,True,True,0.77491935,3.17099498,0.39446102,-0.93416622,3.32918537,0.95000000,-0.80000000,0.40000000,0.90000000,-0.70000000,8.70000000,2.85098880,0.32769986,0.32769986,0.00000000,non_trading_rebalance_date,rebalance_date_not_in_price_calendar,2021-12-01,,-2.09500000,-2.66000000,1.80000000,2.14500000,-0.68653121,-0.87168163,0.58985975,0.70291620,-0.00211114,-0.00268049,0.00181386,0.00216152,0.20710261,0.13262832,0.41026907,0.25000000,,,,,0.14456384,0.15254165,0.50383081,0.19906369,-0.06253876,0.01991332,0.09356175,-0.05093631
2022-02-01,2022-01-31,factor_nonpit_diagnostic_ext2026,e0191ac9bc59c748a0df6a2e9e88ef79aec9e046e5185e8b85171702e8df46f0,nonpit_diagnostic,True,0.63117652,True,True,0.52057660,3.08425981,-0.01825156,-0.43154681,3.11435778,0.95000000,-0.30000000,-0.05000000,0.00000000,-0.60000000,4.16000000,1.53430568,0.36882348,0.36882348,0.00000000,bl_blend_applied,,2022-02-01,0.00000000,-0.90500000,-1.31500000,1.14500000,0.79500000,-0.33378525,-0.48500288,0.42230288,0.29321467,-0.00068953,-0.00100191,0.00087238,0.00060572,0.20536693,0.13331470,0.41131837,0.25000000,0.00000007,0.08522393,0.86776164,0.04701436,0.14375687,0.11888747,0.54825135,0.18910431,-0.06161006,-0.01442723,0.13693298,-0.06089569
2022-03-01,2022-02-28,factor_nonpit_diagnostic_ext2026,ae5c0cfecb62afe34bd942aa94fd251fcb1cbd81f11ecf15bbe58049bd4c4fac,nonpit_diagnostic,True,0.96279461,False,False,,3.00118227,-0.54128839,-0.30119310,3.06444211,,,,,,0.00000000,0.00000000,,,,fallback,no_valid_views,2022-03-01,0.00000000,0.00000000,0.00000000,0.00000000,0.00000000,0.00000000,0.00000000,0.00000000,0.00000000,0.00000000,0.00000000,0.00000000,0.00000000,0.20589943,0.13239151,0.41170906,0.25000000,0.20589943,0.13239151,0.41170906,0.25000000,0.20589943,0.13239151,0.41170906,0.25000000,0.00000000,0.00000000,0.00000000,0.00000000
2022-04-01,2022-03-31,factor_nonpit_diagnostic_ext2026,08de5d06e205b08d8ab4c104b10dda388ba04c8a13a35f062b48ae4ca9307c03,nonpit_diagnostic,True,0.93865663,True,True,0.73484692,3.03029624,-1.37563362,-0.60959837,3.38329327,1.00000000,-0.60000000,0.70000000,-0.60000000,-0.70000000,6.49000000,0.39811849,0.06134337,0.06134337,-0.00000000,bl_blend_applied,,2022-04-01,0.00000000,-1.70000000,-1.95000000,1.82000000,1.02000000,-0.10428373,-0.11961958,0.11164494,0.06257024,-0.00030410,-0.00034882,0.00032556,0.00018246,0.21009506,0.13301268,0.40689227,0.25000000,0.00000002,0.09257821,0.90742161,0.00000017,0.14706654,0.12088234,0.55705107,0.17500005,-0.06302851,-0.01213034,0.15015880,-0.07499995
2022-05-02,2022-04-30,factor_nonpit_diagnostic_ext2026,919603320754b1955df37f30aceb3be5a24f043230228d5fa5cc0fe583cff920,nonpit_diagnostic,True,0.82580961,True,True,0.74263046,2.63069463,-0.96549745,-0.10879597,2.80438516,0.95000000,-0.85000000,-0.05000000,0.80000000,-0.70000000,7.42000000,1.29249270,0.17419039,0.17419039,0.00000000,non_trading_rebalance_date,rebalance_date_not_in_price_calendar,2022-04-01,,-1.75500000,-2.34500000,1.49500000,1.82500000,-0.30570413,-0.40847647,0.26041463,0.31789746,-0.00090089,-0.00120376,0.00076743,0.00093683,0.21041740,0.13184402,0.40773858,0.25000000,,,,,0.14706654,0.12088234,0.55705107,0.17500005,-0.06335086,-0.01096168,0.14931249,-0.07499995
2022-06-01,2022-05-31,factor_nonpit_diagnostic_ext2026,dac1f844ea6e26bdae077afedb1c26887d3a96e936d405647bb0aaa1ee4a9dae,nonpit_diagnostic,True,0.96356488,True,True,0.63512204,2.57089331,-0.61446285,0.11696957,2.64589094,0.95000000,-0.60000000,0.12000000,0.50000000,-0.70000000,6.63600000,0.24178344,0.03643512,0.03643512,0.00000000,bl_blend_applied,,2022-06-01,0.00000000,-1.55100000,-2.06400000,1.48400000,1.53700000,-0.05651087,-0.07520208,0.05406971,0.05600078,-0.00014243,-0.00018953,0.00013627,0.00014114,0.20966034,0.12889243,0.41144723,0.25000000,0.00000007,0.23758674,0.67506782,0.08734537,0.14676226,0.16150072,0.49053341,0.20120361,-0.06289808,0.03260829,0.07908618,-0.04879639
2022-07-01,2022-06-30,factor_nonpit_diagnostic_ext2026,7ecb1affdb1b278f07b906a4bc3dbd6175bf828b47adfc48d3e93dc0e3ef6cca,nonpit_diagnostic,True,0.68703436,True,True,0.92195445,2.56659967,-1.22866544,1.58968803,3.25947245,1.00000000,1.00000000,-1.00000000,1.00000000,-0.50000000,1.35000000,0.42250361,0.31296564,0.31296564,0.00000000,bl_blend_applied,,2022-07-01,0.00000000,0.90000000,0.20000000,0.05000000,0.20000000,0.28166907,0.06259313,0.01564828,0.06259313,0.00103050,0.00022900,0.00005725,0.00022900,0.20415747,0.12761411,0.41822842,0.25000000,0.39316743,0.33683415,0.26991182,0.00008660,0.26086046,0.19038012,0.37373344,0.17502598,0.05670299,0.06276601,-0.04449498,-0.07497402
2022-08-01,2022-07-31,factor_nonpit_diagnostic_ext2026,833fec9728ae944735496ef779889ae8ba42d23c6b9cb6a219bbff84f22881be,nonpit_diagnostic,True,0.83006090,True,True,0.83785440,2.20194839,-1.84473041,0.62028107,2.93876770,1.00000000,-0.90000000,0.90000000,0.80000000,-0.50000000,9.83000000,1.67050131,0.16993910,0.16993910,0.00000000,bl_blend_applied,,2022-08-01,0.00000000,-2.46000000,-2.93000000,2.12000000,2.32000000,-0.41805018,-0.49792155,0.36027088,0.39425870,-0.00138994,-0.00165550,0.00119784,0.00131084,0.20673897,0.12828815,0.41497288,0.25000000,0.00000000,0.00000001,0.29821595,0.70178404,0.14471728,0.08980171,0.37994580,0.38553521,-0.06202169,-0.03848644,-0.03502708,0.13553521
2022-09-01,2022-08-31,factor_nonpit_diagnostic_ext2026,fd448c4336fcb60db6c9113d1875d2990bc15acd07ad5dfdfa0cd7579645dce4,nonpit_diagnostic,True,0.74173978,True,True,0.81884064,1.99124949,-1.93828377,0.78114365,2.88655571,0.95000000,0.60000000,0.90000000,0.80000000,-0.80000000,5.98000000,1.54439614,0.25826022,0.25826022,0.00000000,bl_blend_applied,,2022-09-01,0.00000000,-1.12500000,-1.64000000,1.63000000,1.58500000,-0.29054275,-0.42354677,0.42096417,0.40934246,-0.00094408,-0.00137626,0.00136787,0.00133010,0.20614010,0.12711898,0.41674092,0.25000000,0.00000000,0.00000000,0.99999996,0.00000004,0.14429807,0.08898329,0.59171863,0.17500001,-0.06184203,-0.03813569,0.17497771,-0.07499999
2022-10-03,2022-09-30,factor_nonpit_diagnostic_ext2026,68cf66fca501957d96263ab198762667ff91cdbe30daa2ea67a61ff2f9befea6,nonpit_diagnostic,True,0.80281533,True,True,1.00000000,1.88168266,-2.03921436,1.10710337,2.98744083,1.00000000,1.00000000,-1.00000000,-1.00000000,-1.00000000,3.20000000,0.63099095,0.19718467,0.19718467,0.00000000,bl_blend_applied,,2022-10-03,0.00000000,1.20000000,0.80000000,0.10000000,-1.10000000,0.23662161,0.15774774,0.01971847,-0.21690314,0.00093897,0.00062598,0.00007825,-0.00086073,0.20467104,0.12569025,0.41963871,0.25000000,0.99999999,0.00000000,0.00000000,0.00000000,0.44326973,0.08798318,0.29374710,0.17500000,0.23859869,-0.03770707,-0.12589161,-0.07500000
2022-11-01,2022-10-31,factor_nonpit_diagnostic_ext2026,1159d3d4f17e888ddac73f26d4caafb6c671791af750f8e508a730b8d942a6c6,nonpit_diagnostic,True,0.57715850,True,True,0.70710678,1.63935686,-1.97740547,0.37053569,2.59517244,1.00000000,0.30000000,0.40000000,-1.00000000,0.50000000,1.95000000,0.82454093,0.42284150,0.42284150,0.00000000,bl_blend_applied,,2022-11-01,0.00000000,0.28000000,0.32000000,0.61000000,-0.74000000,0.11839562,0.13530928,0.25793332,-0.31290271,0.00033222,0.00037968,0.00072376,-0.00087800,0.20445396,0.12475301,0.42079303,0.25000000,0.93284186,0.00000004,0.06715809,0.00000001,0.42297033,0.08732712,0.31470255,0.17500000,0.21851637,-0.03742589,-0.10609048,-0.07500000
2022-12-01,2022-11-30,factor_nonpit_diagnostic_ext2026,7379bbc450e6431fbe668c3b213e278e126c3536b4b57969b92eb32e2b215e56,nonpit_diagnostic,True,0.62293527,True,True,0.59497899,1.34539937,-2.44552459,0.28472774,2.80566568,0.80000000,0.30000000,-0.80000000,0.20000000,0.60000000,2.70000000,1.01807478,0.37706473,0.37706473,0.00000000,bl_blend_applied,,2022-12-01,0.00000000,1.00000000,0.76000000,-0.32000000,-0.62000000,0.37706473,0.28656920,-0.12066071,-0.23378013,0.00089026,0.00067660,-0.00028488,-0.00055196,0.20469378,0.12456767,0.42073854,0.25000000,0.72617304,0.27382693,0.00000001,0.00000002,0.36113756,0.16934545,0.29451699,0.17500001,0.15644378,0.04477778,-0.12622156,-0.07499999
2023-01-03,2022-12-31,factor_nonpit_diagnostic_ext2026,062a1a88b909a93f2c83c24f353ffa0acea3e43f9b4035d4ff1409d45fdefc96,nonpit_diagnostic,True,0.43919081,True,True,0.85790442,1.03967932,-1.97649322,0.50228492,2.28904973,1.00000000,-0.90000000,0.50000000,-0.90000000,-0.90000000,6.82000000,3.82471869,0.56080919,0.56080919,0.00000000,bl_blend_applied,,2023-01-03,0.00000000,-1.87000000,-2.12000000,1.87000000,0.96000000,-1.04871319,-1.18891549,1.04871319,0.53837682,-0.00357022,-0.00404752,0.00357022,0.00183284,0.20427920,0.12401891,0.42170190,0.25000000,0.00000000,0.00000000,0.99999999,0.00000001,0.14299544,0.08681323,0.59519133,0.17500000,-0.06128376,-0.03720567,0.17348943,-0.07500000
2023-02-01,2023-01-31,factor_nonpit_diagnostic_ext2026,7016b99f6e8d863c3e05a74497cf46cea47a7126257ae0cee1d2778ba385b72f,nonpit_diagnostic,True,0.86388839,True,True,0.65135244,0.97892506,-2.17028404,0.02580435,2.38098571,0.98000000,0.03000000,0.80000000,0.40000000,-0.60000000,6.29000000,0.85614206,0.13611161,0.13611161,0.00000000,bl_blend_applied,,2023-02-01,0.00000000,-1.38400000,-1.79800000,1.67200000,1.43600000,-0.18837847,-0.24472868,0.22757862,0.19545628,-0.00048691,-0.00063256,0.00058823,0.00050520,0.20706821,0.12448920,0.41844259,0.25000000,0.00000000,0.00000000,0.70285035,0.29714964,0.14494775,0.08714244,0.50376492,0.26414489,-0.06212046,-0.03734676,0.08532233,0.01414489
2023-03-01,2023-02-28,factor_nonpit_diagnostic_ext2026,239ee53ff82e0070a9ccd46b39d6ca3063fae187130cdb6a4bd87a17eddd24d8,nonpit_diagnostic,True,0.76756049,False,False,,0.81532658,-2.39187508,-0.05870785,2.52770063,,,,,,0.00000000,0.00000000,,,,fallback,no_valid_views,2023-03-01,0.00000000,0.00000000,0.00000000,0.00000000,0.00000000,0.00000000,0.00000000,0.00000000,0.00000000,0.00000000,0.00000000,0.00000000,0.00000000,0.22408138,0.13575205,0.39016657,0.25000000,0.22408138,0.13575205,0.39016657,0.25000000,0.22408138,0.13575205,0.39016657,0.25000000,0.00000000,0.00000000,0.00000000,0.00000000
2023-04-03,2023-03-31,factor_nonpit_diagnostic_ext2026,0fd4d28b80cf8c869ff13b51afb4701f42cc39f1fcf0ffc213bf3b2572336a62,nonpit_diagnostic,True,0.60557081,True,True,0.58991525,0.41250292,-1.73083395,0.25799741,1.79791754,0.40000000,0.30000000,-0.80000000,-0.60000000,-0.70000000,1.61000000,0.63503100,0.39442919,0.39442919,0.00000000,bl_blend_applied,,2023-04-03,0.00000000,0.58000000,0.36000000,-0.07000000,-0.60000000,0.22876893,0.14199451,-0.02761004,-0.23665752,0.00053553,0.00033240,-0.00006463,-0.00055400,0.23525258,0.13848140,0.37626602,0.25000000,0.99999976,0.00000018,0.00000004,0.00000003,0.46467673,0.09693703,0.26338623,0.17500001,0.22942415,-0.04154437,-0.11287979,-0.07499999
2023-05-01,2023-04-30,factor_nonpit_diagnostic_ext2026,03d6791c86199c1504c5d5c24aecae0d3008ba5546349603dde1339fca01322d,nonpit_diagnostic,True,0.70245218,True,True,0.60300912,0.40945384,-1.69216953,0.19676622,1.75208650,0.41000000,-1.00000000,0.20000000,-0.50000000,-0.60000000,5.03000000,1.49666556,0.29754782,0.29754782,0.00000000,non_trading_rebalance_date,rebalance_date_not_in_price_calendar,2023-04-03,,-1.49300000,-1.61600000,1.11800000,0.80300000,-0.44423890,-0.48083728,0.33265847,0.23893090,-0.00106302,-0.00115059,0.00079602,0.00057174,0.23841397,0.13734885,0.37423718,0.25000000,,,,,0.46467673,0.09693703,0.26338623,0.17500001,0.22626277,-0.04041182,-0.11085095,-0.07499999
2023-06-01,2023-05-31,factor_nonpit_diagnostic_ext2026,b5d114ecbc2b2e13b7cd08f00fec47789314b87fd422546148c079d70d693289,nonpit_diagnostic,True,0.59175009,True,True,0.60314177,0.09607417,-1.88229305,0.32866954,1.91318610,0.10000000,0.33000000,0.90000000,-0.80000000,-0.50000000,1.62000000,0.66136486,0.40824991,0.40824991,0.00000000,bl_blend_applied,,2023-06-01,0.00000000,-0.48000000,-0.36000000,0.74800000,0.03200000,-0.19595996,-0.14696997,0.30537093,0.01306400,-0.00046901,-0.00035176,0.00073088,0.00003127,0.24040142,0.13937545,0.37022312,0.25000000,0.00000002,0.00000002,0.99999990,0.00000006,0.16828100,0.09756282,0.55915615,0.17500002,-0.07212042,-0.04181263,0.18893303,-0.07499998
2023-07-03,2023-06-30,factor_nonpit_diagnostic_ext2026,0c2f559753f932ff188e9e7541c498bdf3ff65cb2609277530be530c8608e500,nonpit_diagnostic,True,0.58645943,True,True,0.65726707,-0.30198166,-2.25502513,-0.26803079,2.29088886,-0.30000000,-0.30000000,1.00000000,-0.70000000,-0.70000000,3.66000000,1.51355848,0.41354057,0.41354057,0.00000000,bl_blend_applied,,2023-07-03,0.00000000,-1.22000000,-1.03000000,0.86000000,0.55000000,-0.50451949,-0.42594678,0.35564489,0.22744731,-0.00131589,-0.00111096,0.00092759,0.00059323,0.24229568,0.13912557,0.36857875,0.25000000,0.00000001,0.00000001,0.99999989,0.00000008,0.16960698,0.09738790,0.55800509,0.17500002,-0.07268870,-0.04173767,0.18942634,-0.07499998
2023-08-01,2023-07-31,factor_nonpit_diagnostic_ext2026,673df76830906ed7c1b099e4cfa78aae7f9e6df32f71c8523637aa9b090bb08e,nonpit_diagnostic,True,0.69578544,True,True,0.76925938,-0.22374811,-1.91116869,-0.51547400,1.99206988,-0.22000000,-0.52000000,1.00000000,1.00000000,-0.80000000,7.62000000,2.31811495,0.30421456,0.30421456,0.00000000,bl_blend_applied,,2023-08-01,0.00000000,-2.03400000,-2.22800000,1.23200000,2.12600000,-0.61877242,-0.67779004,0.37479234,0.64676016,-0.00188887,-0.00206903,0.00114410,0.00197431,0.23441197,0.13398854,0.38159950,0.25000000,0.00000013,0.00000227,0.00003832,0.99995928,0.16408842,0.09379266,0.26713114,0.47498779,-0.07032355,-0.04019588,-0.11446835,0.22498779
2023-09-01,2023-08-31,factor_nonpit_diagnostic_ext2026,ee862071feaad52153a4deecb058dec5540071fb04568e70fb7ebe5b655ab935,nonpit_diagnostic,True,0.57140736,True,True,0.44102154,-0.06804122,-1.60778123,-0.46700381,1.67561411,-0.05000000,0.40000000,0.80000000,-0.10000000,-0.40000000,1.77000000,0.75860896,0.42859264,0.42859264,-0.00000000,bl_blend_applied,,2023-09-01,0.00000000,-0.43500000,-0.40000000,0.55000000,0.38500000,-0.18643780,-0.17143705,0.23572595,0.16500816,-0.00032628,-0.00030003,0.00041254,0.00028878,0.23424036,0.13517480,0.38058484,0.25000000,0.00000001,0.07360737,0.73486782,0.19152480,0.16396825,0.11670457,0.48686973,0.23245744,-0.07027211,-0.01847023,0.10628489,-0.01754256
2023-10-02,2023-09-30,factor_nonpit_diagnostic_ext2026,f81e1b53ae9b1ea87dc927882ca724120e66f3ad4dd7abbad46fd21eee0f07a7,nonpit_diagnostic,True,0.72429564,True,True,0.52583267,-0.08998719,-1.07910690,-0.31336076,1.12728185,-0.05000000,-0.30000000,0.80000000,-0.70000000,-0.40000000,2.85000000,0.78575743,0.27570436,0.27570436,0.00000000,bl_blend_applied,,2023-10-02,0.00000000,-0.95500000,-0.80000000,0.77000000,0.32500000,-0.26329767,-0.22056349,0.21229236,0.08960392,-0.00054941,-0.00046024,0.00044298,0.00018697,0.23432445,0.13483437,0.38084118,0.25000000,0.00000001,0.00000001,0.82081264,0.17918734,0.16402712,0.09438406,0.51283262,0.22875620,-0.07029733,-0.04045031,0.13199144,-0.02124380
2023-11-01,2023-10-31,factor_nonpit_diagnostic_ext2026,3a4668874d8ad2faf7ba21333956dc48b3ace150757e1adc6d0af17386b69e07,nonpit_diagnostic,True,0.72053689,True,True,0.43298961,-0.25901958,-0.67761606,0.04345778,0.72673464,-0.26000000,-0.68000000,0.04000000,0.47000000,0.43000000,1.50800000,0.42143036,0.27946311,0.27946311,0.00000000,bl_blend_applied,,2023-11-01,0.00000000,-0.51700000,-0.44300000,-0.07600000,0.47200000,-0.14448243,-0.12380216,-0.02123920,0.13190659,-0.00024825,-0.00021272,-0.00003649,0.00022664,0.23106340,0.13302225,0.38591435,0.25000000,0.00000016,0.03270642,0.19141501,0.77587840,0.16174443,0.10292750,0.32756455,0.40776352,-0.06931897,-0.03009475,-0.05834980,0.15776352
2023-12-01,2023-11-30,factor_nonpit_diagnostic_ext2026,f044574196368a0f79f722d1c019d9ab7d3661f810a199f4cb53d5697e1741fe,nonpit_diagnostic,True,0.87482770,True,True,0.56632146,-0.31055518,-0.91817105,-0.49443171,1.08809251,-0.31000000,-0.49000000,-0.92000000,0.31000000,0.57000000,2.62400000,0.32845211,0.12517230,0.12517230,0.00000000,bl_blend_applied,,2023-12-01,0.00000000,0.58800000,0.64100000,-0.95000000,-0.44500000,0.07360131,0.08023544,-0.11891368,-0.05570167,0.00016540,0.00018031,-0.00026724,-0.00012518,0.23106564,0.13292179,0.38601257,0.25000000,0.74460508,0.12611873,0.12927562,0.00000058,0.38512747,0.13088087,0.30899148,0.17500017,0.15406183,-0.00204092,-0.07702108,-0.07499983
2024-01-02,2023-12-31,factor_nonpit_diagnostic_ext2026,a338643f1fb0ae32f795932788bfc248f96333d4bed601db0da21e13a4717a81,nonpit_diagnostic,True,0.68035745,True,True,0.76863515,-0.25093136,-0.88263216,-0.88703628,1.27625995,-0.25000000,0.89000000,-0.89000000,-0.88000000,0.73000000,8.98300000,2.87134901,0.31964255,0.31964255,0.00000000,bl_blend_applied,,2024-01-02,0.00000000,2.37900000,2.68700000,-1.63200000,-2.28500000,0.76042962,0.85887953,-0.52165664,-0.73038322,0.00231942,0.00261970,-0.00159113,-0.00222777,0.22888017,0.13164425,0.38947558,0.25000000,0.99999998,0.00000001,0.00000001,0.00000001,0.46021611,0.09215098,0.27263290,0.17500000,0.23133594,-0.03949327,-0.11684267,-0.07500000
2024-02-01,2024-01-31,factor_nonpit_diagnostic_ext2026,e64326731968cb9135e650d51159e0870928182839171d7577fe5e844d149a61,nonpit_diagnostic,True,0.45309305,True,True,0.59539903,-0.34966296,-0.76085893,-0.68411990,1.08129114,-0.35000000,-0.76000000,-0.68000000,-0.50000000,-0.60000000,0.92400000,0.50534203,0.54690695,0.54690695,0.00000000,bl_blend_applied,,2024-02-01,0.00000000,-0.32100000,-0.30400000,-0.20200000,-0.09700000,-0.17555713,-0.16625971,-0.11047520,-0.05304997,-0.00041479,-0.00039282,-0.00026102,-0.00012534,0.22939898,0.13091559,0.38968543,0.25000000,0.26003251,0.00000001,0.53036951,0.20959798,0.23858904,0.09164092,0.43189065,0.23787939,0.00919006,-0.03927468,0.04220522,-0.01212061
2024-03-01,2024-02-29,factor_nonpit_diagnostic_ext2026,872d44ad3ccc7fa3415e7ec84dbb37a1c53c3283ec93b0ec55a6ebc7f28a8e1f,nonpit_diagnostic,True,0.92720653,True,True,0.81193596,-0.33614224,-0.90555770,-0.94876806,1.35395243,-0.34000000,-0.90000000,-0.95000000,-0.91000000,-0.80000000,1.10900000,0.08072796,0.07279347,0.07279347,0.00000000,bl_blend_applied,,2024-03-01,0.00000000,-0.24500000,-0.21600000,-0.26800000,-0.38000000,-0.01783440,-0.01572339,-0.01950865,-0.02766152,-0.00005746,-0.00005066,-0.00006286,-0.00008912,0.22575261,0.13020648,0.39404091,0.25000000,0.34043441,0.09735828,0.56220722,0.00000009,0.26015715,0.12035202,0.44449080,0.17500003,0.03440454,-0.00985446,0.05044989,-0.07499997
2024-04-01,2024-03-31,factor_nonpit_diagnostic_ext2026,3f12dbb93be38438b35ef1c50597bf9101db711bf6a0cccae75b763ba5cb822a,nonpit_diagnostic,True,0.93634068,True,True,0.75928914,-0.22088704,-0.88633035,-1.05524538,1.39567739,-0.22000000,-1.00000000,-0.89000000,-0.89000000,-0.50000000,1.10500000,0.07034355,0.06365932,0.06365932,0.00000000,non_trading_rebalance_date,rebalance_date_not_in_price_calendar,2024-03-01,,-0.25500000,-0.20000000,-0.23800000,-0.41200000,-0.01623313,-0.01273186,-0.01515092,-0.02622764,-0.00004891,-0.00003836,-0.00004565,-0.00007903,0.22517770,0.12985274,0.39496957,0.25000000,,,,,0.26015715,0.12035202,0.44449080,0.17500003,0.03497945,-0.00950072,0.04952124,-0.07499997
2024-05-01,2024-04-30,factor_nonpit_diagnostic_ext2026,c0d9a5af99ab2e116d8d0aded1de791fd9b238bb4d504eb3bfff50344f7c8660,nonpit_diagnostic,True,0.56581004,True,True,0.80233410,-0.27969618,-0.80747822,-1.01249119,1.32491110,-0.28000000,-0.81000000,-1.00000000,-0.81000000,-0.91000000,1.02000000,0.44287376,0.43418996,0.43418996,0.00000000,bl_blend_applied,,2024-05-01,0.00000000,-0.22900000,-0.26500000,-0.22600000,-0.30000000,-0.09942950,-0.11506034,-0.09812693,-0.13025699,-0.00031657,-0.00036634,-0.00031242,-0.00041472,0.22882322,0.13097796,0.39019882,0.25000000,0.74614997,0.00000002,0.25384984,0.00000017,0.38402124,0.09168458,0.34929412,0.17500005,0.15519803,-0.03929338,-0.04090469,-0.07499995
2024-06-03,2024-05-31,factor_nonpit_diagnostic_ext2026,dcfe8e43226a90e7192819c2256f416df1e669cd83260af98368f9fa1709f17c,nonpit_diagnostic,True,0.58284406,True,True,0.73695319,-0.33627766,-0.83284644,-0.96577613,1.31887808,-0.34000000,-0.83000000,-0.97000000,-0.65000000,-0.74000000,0.99100000,0.41340154,0.41715594,0.41715594,0.00000000,bl_blend_applied,,2024-06-03,0.00000000,-0.20100000,-0.21400000,-0.31400000,-0.26200000,-0.08384834,-0.08927137,-0.13098696,-0.10929486,-0.00024521,-0.00026107,-0.00038306,-0.00031962,0.22617515,0.12948027,0.39434458,0.25000000,0.60892593,0.00000005,0.39107392,0.00000010,0.34100038,0.09063621,0.39336338,0.17500003,0.11482523,-0.03884407,-0.00098120,-0.07499997
2024-07-01,2024-06-30,factor_nonpit_diagnostic_ext2026,742f9f90d4a35c5ce091a3017578180a61e9f796a4d380ea4058135bc2090e6b,nonpit_diagnostic,True,0.84841556,True,True,0.75001333,-0.45451273,-0.76999726,-0.93675664,1.29498672,-0.45000000,0.94000000,-0.94000000,-0.77000000,-0.50000000,6.41100000,0.97180782,0.15158444,0.15158444,0.00000000,bl_blend_applied,,2024-07-01,0.00000000,1.75800000,1.85300000,-1.22100000,-1.57900000,0.26648544,0.28088596,-0.18508460,-0.23935182,0.00079313,0.00083598,-0.00055086,-0.00071237,0.23013152,0.13174520,0.38812328,0.25000000,0.99999994,0.00000001,0.00000003,0.00000002,0.46109204,0.09222165,0.27168630,0.17500001,0.23096053,-0.03952356,-0.11643697,-0.07499999
2024-08-01,2024-07-31,factor_nonpit_diagnostic_ext2026,25506c98c84ce4cc9eceacb61bd9005875cf259a3181c94a1e524d3195ce026b,nonpit_diagnostic,True,0.68372509,True,True,0.58036196,-0.47556509,-0.54065708,-0.88506611,1.14097075,-0.48000000,-0.54000000,-0.89000000,0.54000000,0.28000000,1.61400000,0.51046770,0.31627491,0.31627491,0.00000000,bl_blend_applied,,2024-08-01,0.00000000,0.32200000,0.32500000,-0.87700000,-0.09000000,0.10184052,0.10278935,-0.27737310,-0.02846474,0.00023454,0.00023673,-0.00063880,-0.00006555,0.22764133,0.12785625,0.39450242,0.25000000,0.80821673,0.19178323,0.00000002,0.00000002,0.40181395,0.14703434,0.27615170,0.17500001,0.17417262,0.01917809,-0.11835072,-0.07499999
2024-09-02,2024-08-31,factor_nonpit_diagnostic_ext2026,fecee778905e3f0752f5d2e29e9cf12b5e68d951364b3262b76cb93d44e64573,nonpit_diagnostic,True,0.98330778,True,True,0.56920998,-0.61615873,-0.24814649,-0.93536910,1.14723302,-0.60000000,0.50000000,-0.70000000,-0.40000000,0.60000000,6.84000000,0.11417475,0.01669222,0.01669222,-0.00000000,non_trading_rebalance_date,rebalance_date_not_in_price_calendar,2024-08-01,,1.72000000,2.03000000,-1.51000000,-1.58000000,0.02871061,0.03388520,-0.02520524,-0.02637370,0.00006485,0.00007654,-0.00005693,-0.00005957,0.22140706,0.12567888,0.40291406,0.25000000,,,,,0.40181395,0.14703434,0.27615170,0.17500001,0.18040689,0.02135547,-0.12676236,-0.07499999
2024-10-01,2024-09-30,factor_nonpit_diagnostic_ext2026,0b50d5be34139c1dcf56835406bfe4cd7e019dca5996192967f806c2c8820c47,nonpit_diagnostic,True,0.70353025,True,True,0.64356818,-0.69566591,-0.03120911,-1.03580648,1.24812664,-0.70000000,-0.03000000,-1.00000000,0.30000000,0.70000000,5.35000000,1.58611318,0.29646975,0.29646975,0.00000000,bl_blend_applied,,2024-10-01,0.00000000,1.31000000,1.50000000,-1.56800000,-0.97200000,0.38837538,0.44470463,-0.46486457,-0.28816860,0.00099185,0.00113571,-0.00118719,-0.00073594,0.22069368,0.12567006,0.40363626,0.25000000,0.99999991,0.00000006,0.00000001,0.00000002,0.45448555,0.08796906,0.28254539,0.17500001,0.23379187,-0.03770100,-0.12109088,-0.07499999
2024-11-01,2024-10-31,factor_nonpit_diagnostic_ext2026,207980e533bcc6e42e49d0caa8dc37f2b1a030fdace50a931c5721ff143ec172,nonpit_diagnostic,True,0.63079925,True,True,0.60481402,-0.64353235,-0.07387434,-1.13653375,1.30816676,-0.64000000,-1.00000000,-0.07000000,-0.07000000,0.64000000,0.92900000,0.34298750,0.36920075,0.36920075,0.00000000,bl_blend_applied,,2024-11-01,0.00000000,-0.34700000,-0.02000000,-0.48800000,-0.07400000,-0.12811266,-0.00738401,-0.18016997,-0.02732086,-0.00030748,-0.00001772,-0.00043242,-0.00006557,0.21973442,0.12449260,0.40577297,0.25000000,0.17637149,0.20729754,0.32716735,0.28916361,0.20672554,0.14933408,0.38219129,0.26174908,-0.01300888,0.02484148,-0.02358169,0.01174908
2024-12-02,2024-11-30,factor_nonpit_diagnostic_ext2026,03332656647887994f1b4ab4ddad3bf9f5ee14a21185f5f3c06fced3960a576c,nonpit_diagnostic,True,0.95260811,True,True,0.61644140,-0.59322853,-0.17330382,-1.22407236,1.37124303,-0.60000000,-0.20000000,-1.00000000,-0.10000000,0.70000000,5.32000000,0.25212486,0.04739189,0.04739189,0.00000000,bl_blend_applied,,2024-12-02,0.00000000,1.23000000,1.47000000,-1.46000000,-1.16000000,0.05829203,0.06966608,-0.06919216,-0.05497459,0.00014259,0.00017042,-0.00016926,-0.00013448,0.22753484,0.12789587,0.39456929,0.25000000,0.61080080,0.14582372,0.24337547,0.00000001,0.34251463,0.13327422,0.34921114,0.17500000,0.11497979,0.00537835,-0.04535814,-0.07500000
2025-01-02,2024-12-31,factor_nonpit_diagnostic_ext2026,8efcb26ffccc0617b56bb050a0699233c92da714eb9e97bbd8545fb8bd9fc3df,nonpit_diagnostic,True,0.85252910,True,True,0.63981247,-0.53749905,0.23644847,-1.05141178,1.20427565,-0.54000000,0.24000000,-1.00000000,0.24000000,0.80000000,6.19200000,0.91313982,0.14747090,0.14747090,0.00000000,bl_blend_applied,,2025-01-02,0.00000000,1.61000000,1.78400000,-1.60400000,-1.19400000,0.23742815,0.26308809,-0.23654332,-0.17608026,0.00060282,0.00066796,-0.00060057,-0.00044706,0.23400515,0.12580125,0.39019360,0.25000000,0.99999984,0.00000012,0.00000002,0.00000002,0.46380356,0.08806091,0.27313553,0.17500001,0.22979841,-0.03774034,-0.11705807,-0.07499999
2025-02-03,2025-01-31,factor_nonpit_diagnostic_ext2026,ac39b3747041dfc71e70baaf4b64b454cbb336c993e03df0a7e3aed188641108,nonpit_diagnostic,True,0.56643783,True,True,0.55108983,-0.49245478,0.27575759,-1.22126284,1.34537611,-0.49000000,0.40000000,-1.00000000,0.28000000,0.20000000,5.00400000,2.16954512,0.43356217,0.43356217,-0.00000000,bl_blend_applied,,2025-02-03,0.00000000,1.38300000,1.41400000,-1.32400000,-0.88300000,0.59961649,0.61305692,-0.57403632,-0.38283540,0.00131128,0.00134067,-0.00125534,-0.00083721,0.23272421,0.12482010,0.39245569,0.25000000,0.99999999,0.00000001,0.00000000,0.00000000,0.46290694,0.08737408,0.27471898,0.17500000,0.23018273,-0.03744603,-0.11773671,-0.07500000
2025-03-03,2025-02-28,factor_nonpit_diagnostic_ext2026,a047ca5c8b3a33ba129b41eb0e469c30c9a39dd3a4c1ad0a1f62be8291fadfcf,nonpit_diagnostic,True,0.65883330,True,True,0.58544001,-0.57309371,0.11547483,-1.02638780,1.18120394,-0.57000000,-1.00000000,0.12000000,0.12000000,-0.60000000,3.90000000,1.33055014,0.34116670,0.34116670,0.00000000,bl_blend_applied,,2025-03-03,0.00000000,-1.32100000,-1.28200000,0.34000000,0.95700000,-0.45068121,-0.43737571,0.11599668,0.32649653,-0.00104701,-0.00101610,0.00026948,0.00075851,0.23003429,0.12305487,0.39691085,0.25000000,0.00000034,0.00000071,0.99987875,0.00012020,0.16102410,0.08613862,0.57780122,0.17503606,-0.06901018,-0.03691625,0.18089037,-0.07496394
2025-04-01,2025-03-31,factor_nonpit_diagnostic_ext2026,8d74e228666e9e81c8e483749c701463c2cdaad1870656eeb3d4194b3bac2b3f,nonpit_diagnostic,True,0.79983576,True,True,0.44271887,-0.75282403,0.25047282,-0.44541286,0.90987542,-0.75000000,-0.45000000,-0.25000000,0.25000000,-0.30000000,1.16500000,0.23319134,0.20016424,0.20016424,0.00000000,bl_blend_applied,,2025-04-01,0.00000000,-0.28000000,-0.19000000,-0.42000000,0.27500000,-0.05604599,-0.03803121,-0.08406898,0.05504517,-0.00009846,-0.00006681,-0.00014769,0.00009670,0.22743590,0.12384003,0.39872407,0.25000000,0.00000075,0.25711576,0.62309774,0.11978576,0.15920536,0.16382275,0.46603617,0.21093573,-0.06823055,0.03998272,0.06731210,-0.03906427
2025-05-01,2025-04-30,factor_nonpit_diagnostic_ext2026,2797f192074d35840b910584acbac7cb4115bd7b87b3d41cd992fb99006b309a,nonpit_diagnostic,True,0.90465568,True,True,0.67663875,-0.80280570,0.58294661,-0.00405460,0.99213920,-0.80000000,0.58000000,-0.58000000,-0.80000000,0.58000000,7.77400000,0.74120675,0.09534432,0.09534432,0.00000000,bl_blend_applied,,2025-05-01,0.00000000,1.87200000,2.33000000,-1.64800000,-1.92400000,0.17848457,0.22215227,-0.15712744,-0.18344247,0.00047924,0.00059650,-0.00042190,-0.00049256,0.21790643,0.12696970,0.40512388,0.25000000,0.53199068,0.46800931,0.00000001,0.00000001,0.31213170,0.22928158,0.28358672,0.17500000,0.09422527,0.10231188,-0.12153716,-0.07500000
2025-06-02,2025-05-31,factor_nonpit_diagnostic_ext2026,aaa3013ace3e5af181faa7dab0f0600d9d79083b551c6273114dcf0e01d2d51b,nonpit_diagnostic,True,0.86849878,True,True,0.56188967,-0.81187433,0.50898081,-0.67779851,1.17371726,-0.81000000,-0.68000000,0.51000000,-0.40000000,-0.20000000,1.66800000,0.21934403,0.13150122,0.13150122,0.00000000,bl_blend_applied,,2025-06-02,0.00000000,-0.84500000,-0.51100000,0.04100000,0.27100000,-0.11111853,-0.06719712,0.00539155,0.03563683,-0.00024776,-0.00014983,0.00001202,0.00007946,0.23454006,0.13243858,0.38302136,0.25000000,0.00000010,0.13003568,0.86996364,0.00000058,0.16417807,0.13171771,0.52910404,0.17500017,-0.07036199,-0.00072087,0.14608268,-0.07499983
2025-07-01,2025-06-30,factor_nonpit_diagnostic_ext2026,3e130d65e96fb6346d1b9b69d0aeddaa8e3e81f6f867e259bcb5a5bf65e0bd5d,nonpit_diagnostic,True,0.93423515,True,True,0.67293387,-0.70902910,0.50836963,-1.11809886,1.41820556,-0.71000000,0.51000000,-1.00000000,0.50000000,-0.50000000,3.65000000,0.24004170,0.06576485,0.06576485,0.00000000,bl_blend_applied,,2025-07-01,0.00000000,1.07300000,0.98600000,-1.17200000,-0.41900000,0.07056568,0.06484414,-0.07707640,-0.02755547,0.00018844,0.00017316,-0.00020582,-0.00007358,0.23486471,0.13280371,0.38233158,0.25000000,0.33280610,0.39528540,0.27190829,0.00000021,0.26424713,0.21154822,0.34920459,0.17500006,0.02938242,0.07874451,-0.03312699,-0.07499994
2025-08-01,2025-07-31,factor_nonpit_diagnostic_ext2026,9ee14af9988ea5a082325bf031682648ba1b7b36730e0861b2b6abaaf6202772,nonpit_diagnostic,True,0.58286023,True,True,0.58309519,-0.70441699,0.37723690,-1.21259063,1.45220074,-0.70000000,0.40000000,-0.80000000,-0.40000000,0.50000000,6.77000000,2.82403627,0.41713977,0.41713977,0.00000000,bl_blend_applied,,2025-08-01,0.00000000,1.67000000,1.98000000,-1.57000000,-1.55000000,0.69662342,0.82593675,-0.65490945,-0.64656665,0.00161190,0.00191111,-0.00151538,-0.00149607,0.23561267,0.13358030,0.38080703,0.25000000,0.01266589,0.98733373,0.00000020,0.00000019,0.16872864,0.38970633,0.26656498,0.17500006,-0.06688404,0.25612603,-0.11424205,-0.07499994
2025-09-01,2025-08-31,factor_nonpit_diagnostic_ext2026,0251124b573c68d496708fe41d49b78318084fd1845a281f6920c2c91d17e700,nonpit_diagnostic,True,0.61337597,True,True,0.66513157,-0.63911605,0.68178670,-1.20301795,1.52333667,-0.64000000,-1.00000000,0.68000000,-0.50000000,-0.30000000,3.52400000,1.36246309,0.38662403,0.38662403,0.00000000,non_trading_rebalance_date,rebalance_date_not_in_price_calendar,2025-08-01,,-1.38200000,-1.08200000,0.46400000,0.59600000,-0.53431441,-0.41832720,0.17939355,0.23042792,-0.00141028,-0.00110414,0.00047349,0.00060819,0.23251017,0.13850317,0.37898666,0.25000000,,,,,0.16872864,0.38970633,0.26656498,0.17500006,-0.06378153,0.25120316,-0.11242169,-0.07499994
2025-10-01,2025-09-30,factor_nonpit_diagnostic_ext2026,430abfe24d64d1b848c0dc47697edf152d9237b48336593631f78ea1d742e7ab,nonpit_diagnostic,True,0.60317520,True,True,0.63164864,-0.62151991,0.56507571,-1.23360061,1.49243694,-0.50000000,0.46000000,-1.00000000,-0.02000000,0.73000000,7.03900000,2.79324980,0.39682480,0.39682480,0.00000000,bl_blend_applied,,2025-10-01,0.00000000,1.85400000,2.05400000,-1.65100000,-1.48000000,0.73571319,0.81507815,-0.65515775,-0.58730071,0.00184410,0.00204303,-0.00164218,-0.00147209,0.24165499,0.13882723,0.36951778,0.25000000,0.00000003,0.99999996,0.00000000,0.00000000,0.16915850,0.39717905,0.25866245,0.17500000,-0.07249649,0.25835182,-0.11085533,-0.07500000
2025-11-03,2025-09-30,factor_nonpit_diagnostic_ext2026,6d7ea662f0ab186a0fe5705051512586944a4a3f2ab208aa346ba84effc5c41f,nonpit_diagnostic,True,0.92961675,True,True,0.77899936,-0.62151991,0.56507571,-1.23360061,1.49243694,-0.62000000,0.57000000,-1.00000000,0.57000000,1.00000000,7.28100000,0.51246044,0.07038325,0.07038325,0.00000000,bl_blend_applied,,2025-11-03,0.00000000,1.98500000,2.15700000,-1.86700000,-1.27200000,0.13971075,0.15181667,-0.13140553,-0.08952749,0.00043188,0.00046931,-0.00040621,-0.00027675,0.20081312,0.15784568,0.39134120,0.25000000,0.30362444,0.69637553,0.00000002,0.00000001,0.23165652,0.31940463,0.27393885,0.17500000,0.03084340,0.16155896,-0.11740236,-0.07500000
2025-12-01,2025-11-30,factor_nonpit_diagnostic_ext2026,7fda62ba7108ca8587537e6114541d7c6c863bff47ea165c5f9ae56f026ee4ca,nonpit_diagnostic,True,0.63170961,True,True,0.75404244,-0.69111505,0.56255000,-1.01778788,1.35277296,-0.69000000,-0.86000000,0.56000000,-1.00000000,-0.56000000,2.46800000,0.90894069,0.36829039,0.36829039,-0.00000000,bl_blend_applied,,2025-12-01,0.00000000,-1.13700000,-0.78600000,0.36400000,0.18100000,-0.41874618,-0.28947625,0.13405770,0.06666056,-0.00125299,-0.00086618,0.00040113,0.00019946,0.20307491,0.15843775,0.38848734,0.25000000,0.00000004,0.00000003,0.99999981,0.00000012,0.14215245,0.11090644,0.57194108,0.17500003,-0.06092246,-0.04753132,0.18345374,-0.07499997
2026-01-02,2025-12-31,factor_nonpit_diagnostic_ext2026,33d5a751c18180f9985461a8f64d07a11a61a66092c450a2f8b940572bca216b,nonpit_diagnostic,True,0.72865112,True,True,0.82753852,-0.70784531,0.80110660,-1.13467400,1.55894254,-0.71000000,-1.00000000,0.80000000,0.80000000,-0.80000000,7.18000000,1.94828493,0.27134888,0.27134888,0.00000000,bl_blend_applied,,2026-01-02,0.00000000,-2.14700000,-2.17400000,0.87200000,1.98700000,-0.58258604,-0.58991246,0.23661622,0.53917022,-0.00191314,-0.00193720,0.00077702,0.00177057,0.20458157,0.15822453,0.38719390,0.25000000,0.00000020,0.00000000,0.99999975,0.00000004,0.14320716,0.11075717,0.57103565,0.17500001,-0.06137441,-0.04746736,0.18384176,-0.07499999
2026-02-02,2026-01-31,factor_nonpit_diagnostic_ext2026,f08300c825d7362ba025b2f920732b5cd3525bd3affaa33cf4918250b48e4d34,nonpit_diagnostic,True,0.70050879,True,True,0.76681158,-0.81007724,0.85738412,-1.00790028,1.55151398,-0.80000000,0.70000000,-0.90000000,0.80000000,0.60000000,6.36000000,1.90476410,0.29949121,0.29949121,0.00000000,bl_blend_applied,,2026-02-02,0.00000000,1.78000000,1.89000000,-1.77000000,-0.92000000,0.53309436,0.56603839,-0.53009944,-0.27553191,0.00162215,0.00172240,-0.00161304,-0.00083842,0.21384955,0.16539244,0.37075801,0.25000000,0.08490349,0.91509646,0.00000002,0.00000002,0.17516573,0.39030365,0.25953061,0.17500001,-0.03868382,0.22491121,-0.11122740,-0.07499999
2026-03-02,2026-02-28,factor_nonpit_diagnostic_ext2026,905b4df7aee3b93608c316f80b59d7c2437c6ee1b343066150fcbecbb9e14e74,nonpit_diagnostic,True,0.69727182,True,True,0.72188642,-0.90294874,0.66688902,-0.66695517,1.30571306,-0.90000000,0.67000000,-0.67000000,0.67000000,-0.67000000,2.87200000,0.86943533,0.30272818,0.30272818,0.00000000,bl_blend_applied,,2026-03-02,0.00000000,0.87300000,0.80800000,-1.05500000,-0.13600000,0.26428170,0.24460437,-0.31937823,-0.04117103,0.00075707,0.00070070,-0.00091490,-0.00011794,0.22419530,0.16692405,0.35888065,0.25000000,0.52684592,0.47315400,0.00000004,0.00000004,0.31499048,0.25879304,0.25121647,0.17500001,0.09079519,0.09186899,-0.10766418,-0.07499999
2026-04-01,2026-03-31,factor_nonpit_diagnostic_ext2026,6985b69c9292a7294b3b2cccc0e33b9c7345744392f9ca16632580d7695c8f5e,nonpit_diagnostic,True,0.60269324,True,True,0.52392748,-0.60091761,0.59567043,-0.44688480,0.95688623,-0.60000000,-0.45000000,-0.60000000,-0.30000000,0.60000000,3.54000000,1.40646595,0.39730676,0.39730676,0.00000000,bl_blend_applied,,2026-04-01,0.00000000,0.66000000,0.96000000,-1.05000000,-0.87000000,0.26222246,0.38141449,-0.41717210,-0.34565688,0.00054518,0.00079299,-0.00086733,-0.00071865,0.23516660,0.17559935,0.33923405,0.25000000,0.00000001,0.99999997,0.00000001,0.00000000,0.16461662,0.42291954,0.23746384,0.17500000,-0.07054998,0.24732019,-0.10177021,-0.07500000
2026-05-01,2026-03-31,factor_nonpit_diagnostic_ext2026,e39cea1da346b9007114226c26c5b632030a4d0a2bb36d1ab8817cc09db0f681,nonpit_diagnostic,True,0.95702316,True,True,0.59539903,-0.60091761,0.59567043,-0.44688480,0.95688623,-0.60000000,0.60000000,-0.45000000,0.60000000,0.70000000,4.99000000,0.21445442,0.04297684,0.04297684,0.00000000,bl_blend_applied,,2026-05-01,0.00000000,1.38000000,1.53500000,-1.32500000,-0.75000000,0.05930804,0.06596945,-0.05694431,-0.03223263,0.00014013,0.00015587,-0.00013454,-0.00007616,0.23660484,0.17627008,0.33712508,0.25000000,0.35597284,0.34610966,0.29791746,0.00000004,0.27241524,0.22722196,0.32536279,0.17500001,0.03581040,0.05095187,-0.01176229,-0.07499999
2026-06-01,2026-03-31,factor_nonpit_diagnostic_ext2026,866d9c2755ce9505e3ced926bb6742a977d3e243b0ab5c85adf1326910d144f3,nonpit_diagnostic,True,0.85430595,True,True,0.48425200,-0.60091761,0.59567043,-0.44688480,0.95688623,-0.60000000,0.30000000,0.60000000,0.40000000,0.45000000,0.96500000,0.14059476,0.14569405,0.14569405,0.00000000,bl_blend_applied,,2026-06-01,0.00000000,0.15000000,0.40000000,-0.36500000,0.05000000,0.02185411,0.05827762,-0.05317833,0.00728470,0.00004200,0.00011199,-0.00010219,0.00001400,0.23724461,0.17654264,0.33621274,0.25000000,0.41980932,0.20224701,0.37794348,0.00000020,0.29201403,0.18425395,0.34873196,0.17500006,0.05476941,0.00771131,0.01251922,-0.07499994
2019-01-02,2018-12-31,factor_nonpit_unguarded_diagnostic_ext2026,efe16310ff000756a9c5b875253c09e91ed6cd6c44ea3e1e7ea6bd075aca9144,nonpit_diagnostic,False,0.62460401,True,True,0.84083292,0.55415989,-1.58715468,0.64765574,1.80155797,0.55000000,0.65000000,1.00000000,1.00000000,-0.90000000,5.90000000,5.90000000,1.00000000,1.00000000,0.00000000,bl_blend_applied,,2019-01-02,0.00000000,-1.15500000,-1.60000000,1.43000000,1.71500000,-1.15500000,-1.60000000,1.43000000,1.71500000,-0.00385382,-0.00533862,0.00477139,0.00572234,0.21607784,0.13994703,0.39397512,0.25000000,0.00000000,0.00000000,0.99999999,0.00000001,0.15125449,0.09796292,0.57578258,0.17500000,-0.06482335,-0.04198411,0.18180746,-0.07500000
2019-02-01,2019-01-31,factor_nonpit_unguarded_diagnostic_ext2026,07b396e11b698239bce666677c236ed0145a98a45f0df5a10da6ed8cf814f840,nonpit_diagnostic,False,0.67300639,True,True,0.69439182,-0.03021485,-1.59932940,-0.18449514,1.61021921,-0.03000000,-0.80000000,0.80000000,0.70000000,-0.80000000,7.77000000,7.77000000,1.00000000,1.00000000,0.00000000,bl_blend_applied,,2019-02-01,0.00000000,-2.12100000,-2.33200000,1.32600000,1.99100000,-2.12100000,-2.33200000,1.32600000,1.99100000,-0.00584446,-0.00642588,0.00365382,0.00548625,0.22149296,0.13409385,0.39441319,0.25000000,0.00000000,0.00000000,0.99999996,0.00000003,0.15504507,0.09386570,0.57608922,0.17500001,-0.06644789,-0.04022815,0.18167603,-0.07499999
2019-03-01,2019-02-28,factor_nonpit_unguarded_diagnostic_ext2026,4e436e837de9a65cc898270b704d6fed88cd93d0779c935646abfde109296092,nonpit_diagnostic,False,0.89309922,True,True,0.64187226,-0.00219275,-1.51619788,-0.57582790,1.62186269,0.00000000,-0.50000000,0.90000000,-0.80000000,-0.60000000,4.16000000,4.16000000,1.00000000,1.00000000,0.00000000,bl_blend_applied,,2019-03-01,0.00000000,-1.34000000,-1.21000000,1.05000000,0.56000000,-1.34000000,-1.21000000,1.05000000,0.56000000,-0.00341313,-0.00308201,0.00267447,0.00142638,0.21837179,0.13370570,0.39792251,0.25000000,0.00000000,0.00000000,0.99999998,0.00000001,0.15286025,0.09359399,0.57854575,0.17500000,-0.06551154,-0.04011171,0.18062324,-0.07500000
2019-04-01,2019-03-31,factor_nonpit_unguarded_diagnostic_ext2026,0622238b905217f13e430b59db38347865c1bd9d6bd7afe5987d10c22935d7b9,nonpit_diagnostic,False,0.66317368,True,True,0.60149813,0.40735864,-1.60580403,-0.46845828,1.72162737,0.41000000,-0.47000000,0.90000000,0.50000000,-0.60000000,7.10000000,7.10000000,1.00000000,1.00000000,0.00000000,bl_blend_applied,,2019-04-01,0.00000000,-1.82300000,-2.07600000,1.49600000,1.70500000,-1.82300000,-2.07600000,1.49600000,1.70500000,-0.00435131,-0.00495520,0.00357080,0.00406966,0.21385623,0.13225313,0.40389065,0.25000000,0.00000000,0.00000000,0.99999999,0.00000001,0.14969936,0.09257719,0.58272345,0.17500000,-0.06415687,-0.03967594,0.17883280,-0.07500000
2019-05-01,2019-04-30,factor_nonpit_unguarded_diagnostic_ext2026,fa681a6e4aaa9308757c439db2bb3f2003b5fd8d0136327841624b625d75c5d9,nonpit_diagnostic,False,0.66351016,True,True,0.77254126,0.54134103,-1.40160296,-0.74660398,1.67778380,0.54000000,-0.75000000,-1.00000000,-0.70000000,-0.80000000,1.47600000,1.47600000,1.00000000,1.00000000,0.00000000,bl_blend_applied,,2019-05-01,0.00000000,-0.38200000,-0.66400000,0.36200000,-0.06800000,-0.38200000,-0.66400000,0.36200000,-0.06800000,-0.00117107,-0.00203558,0.00110976,-0.00020846,0.21199891,0.12964318,0.40835791,0.25000000,0.00000001,0.00000001,0.99999997,0.00000002,0.14839924,0.09075022,0.58585053,0.17500001,-0.06359967,-0.03889295,0.17749262,-0.07499999
2019-06-03,2019-05-31,factor_nonpit_unguarded_diagnostic_ext2026,44f50bf3e7397ccf33275caeac5b2412a761de848685d308c3a97d170b15da98,nonpit_diagnostic,False,0.56758252,True,True,0.63718129,0.31657087,-1.46124673,-0.01352818,1.49520638,0.30000000,0.00000000,0.90000000,0.70000000,-0.80000000,6.31000000,6.31000000,1.00000000,1.00000000,0.00000000,bl_blend_applied,,2019-06-03,0.00000000,-1.50000000,-1.80000000,1.34000000,1.67000000,-1.50000000,-1.80000000,1.34000000,1.67000000,-0.00379275,-0.00455129,0.00338819,0.00422259,0.20788938,0.12640151,0.41570912,0.25000000,0.00000000,0.00000000,0.99999998,0.00000001,0.14552256,0.08848105,0.59099638,0.17500000,-0.06236681,-0.03792045,0.17528726,-0.07500000
2019-07-01,2019-06-30,factor_nonpit_unguarded_diagnostic_ext2026,b79655d50ba7bb0019811de1d1980f19c009d552a9e5b5977470096d6d22b55c,nonpit_diagnostic,False,0.96644711,True,True,0.50793700,0.18199305,-1.32110109,-0.47793871,1.41663509,0.20000000,-0.40000000,0.80000000,-0.30000000,-0.60000000,4.83000000,4.83000000,1.00000000,1.00000000,0.00000000,bl_blend_applied,,2019-07-01,0.00000000,-1.37000000,-1.41000000,1.15000000,0.90000000,-1.37000000,-1.41000000,1.15000000,0.90000000,-0.00276140,-0.00284203,0.00231797,0.00181406,0.20453584,0.12697706,0.41848710,0.25000000,0.00000000,0.00000000,0.99999999,0.00000001,0.14317509,0.08888394,0.59294097,0.17500000,-0.06136075,-0.03809312,0.17445387,-0.07500000
2019-08-01,2019-07-31,factor_nonpit_unguarded_diagnostic_ext2026,a752e85f7da1de4c55678f881b58610f2a9dd9780add08e486848c12682c424a,nonpit_diagnostic,False,0.96246240,False,False,,0.36308874,-1.51990579,-0.59867516,1.67342732,,,,,,0.00000000,0.00000000,,,,fallback,no_valid_views,2019-08-01,0.00000000,0.00000000,0.00000000,0.00000000,0.00000000,0.00000000,0.00000000,0.00000000,0.00000000,0.00000000,0.00000000,0.00000000,0.00000000,0.20617057,0.12669796,0.41713146,0.25000000,0.20617057,0.12669796,0.41713146,0.25000000,0.20617057,0.12669796,0.41713146,0.25000000,0.00000000,0.00000000,0.00000000,0.00000000
2019-09-02,2019-08-31,factor_nonpit_unguarded_diagnostic_ext2026,fcda9db960204e38caa21a0527034a55f7d74fb096edbc29fb71b1787df38740,nonpit_diagnostic,False,0.68191206,True,True,0.80653580,0.26084925,-1.72179937,-0.42854264,1.79340018,0.26000000,0.43000000,1.00000000,1.00000000,-1.00000000,6.23000000,6.23000000,1.00000000,1.00000000,0.00000000,non_trading_rebalance_date,rebalance_date_not_in_price_calendar,2019-08-01,,-1.34800000,-1.72600000,1.33600000,1.82000000,-1.34800000,-1.72600000,1.33600000,1.82000000,-0.00431433,-0.00552413,0.00427592,0.00582498,0.19930127,0.12278071,0.42791801,0.25000000,,,,,0.20617057,0.12669796,0.41713146,0.25000000,0.00686930,0.00391725,-0.01078655,0.00000000
2019-10-01,2019-09-30,factor_nonpit_unguarded_diagnostic_ext2026,23d43bec63037f4a6babc4aecc3d9ce166d75dae6a3a814e48d6f86865c46002,nonpit_diagnostic,False,0.92908999,True,True,0.53851648,0.19986001,-1.58824128,-0.51862942,1.68268561,0.20000000,-0.40000000,0.80000000,-0.50000000,-0.60000000,4.49000000,4.49000000,1.00000000,1.00000000,0.00000000,bl_blend_applied,,2019-10-01,0.00000000,-1.31000000,-1.31000000,1.13000000,0.74000000,-1.31000000,-1.31000000,1.13000000,0.74000000,-0.00279943,-0.00279943,0.00241478,0.00158136,0.19960338,0.12295354,0.42744308,0.25000000,0.00000000,0.00000000,1.00000000,0.00000000,0.13972237,0.08606748,0.59921016,0.17500000,-0.05988101,-0.03688606,0.17176707,-0.07500000
2019-11-01,2019-10-31,factor_nonpit_unguarded_diagnostic_ext2026,bc5e424a00d6c456b1cc082e39d055ffd3a5d2926c18e10d3771ba0446247b18,nonpit_diagnostic,False,0.73907232,True,True,0.63600314,0.25413906,-1.31977011,-0.40208469,1.40287273,0.25000000,0.40000000,-0.40000000,-0.80000000,-1.00000000,1.04000000,1.04000000,1.00000000,1.00000000,0.00000000,bl_blend_applied,,2019-11-01,0.00000000,0.28500000,0.13000000,0.18000000,-0.44500000,0.28500000,0.13000000,0.18000000,-0.44500000,0.00071929,0.00032810,0.00045429,-0.00112310,0.19128260,0.12033726,0.43838014,0.25000000,0.99999998,0.00000000,0.00000001,0.00000001,0.43389781,0.08423608,0.30686610,0.17500000,0.24261521,-0.03610118,-0.13151404,-0.07500000
2019-12-02,2019-11-30,factor_nonpit_unguarded_diagnostic_ext2026,e9505f9ed52a64b62df5213f89a45e7639944c0caad7e86e2cada2c1b802808c,nonpit_diagnostic,False,0.82427587,False,False,,0.64689240,-1.28647506,-0.50544679,1.52609447,,,,,,0.00000000,0.00000000,,,,fallback,no_valid_views,2019-12-02,0.00000000,0.00000000,0.00000000,0.00000000,0.00000000,0.00000000,0.00000000,0.00000000,0.00000000,0.00000000,0.00000000,0.00000000,0.00000000,0.18984748,0.11956017,0.44059234,0.25000000,0.18984748,0.11956017,0.44059234,0.25000000,0.18984748,0.11956017,0.44059234,0.25000000,0.00000000,0.00000000,0.00000000,0.00000000
2020-01-02,2019-12-31,factor_nonpit_unguarded_diagnostic_ext2026,a60c3d20ea4a2bc93d28f0c32d8fd952ada64b9575acf32677fbd5499a989cde,nonpit_diagnostic,False,0.93267017,False,False,,0.87680668,-0.90533675,-0.84764132,1.51885496,,,,,,0.00000000,0.00000000,,,,fallback,no_valid_views,2020-01-02,0.00000000,0.00000000,0.00000000,0.00000000,0.00000000,0.00000000,0.00000000,0.00000000,0.00000000,0.00000000,0.00000000,0.00000000,0.00000000,0.18970716,0.11975724,0.44053559,0.25000000,0.18970716,0.11975724,0.44053559,0.25000000,0.18970716,0.11975724,0.44053559,0.25000000,0.00000000,0.00000000,0.00000000,0.00000000
2020-02-03,2020-01-31,factor_nonpit_unguarded_diagnostic_ext2026,d25d3e8df49459fc18185c776c3d7b760509dc0b628c13c2f466ad98b57436b2,nonpit_diagnostic,False,0.42910456,True,True,0.83565543,1.17338188,-1.19802547,-0.45610526,1.73784984,1.00000000,-0.46000000,-1.00000000,0.80000000,-0.80000000,3.94000000,3.94000000,1.00000000,1.00000000,0.00000000,bl_blend_applied,,2020-02-03,0.00000000,-0.68000000,-1.40000000,0.76400000,1.09600000,-0.68000000,-1.40000000,0.76400000,1.09600000,-0.00225494,-0.00464253,0.00253350,0.00363444,0.18765620,0.11860522,0.44373858,0.25000000,0.00000000,0.00000000,0.99999982,0.00000018,0.13135934,0.08302366,0.61061695,0.17500005,-0.05629686,-0.03558157,0.16687837,-0.07499995
2020-03-02,2020-02-29,factor_nonpit_unguarded_diagnostic_ext2026,3ef0e2757b15c8558a5f1d00b83584a12ae74b4b911b339a533c365251cc2c74,nonpit_diagnostic,False,0.69254283,False,False,,0.84611810,-0.97829809,0.43219149,1.36373475,,,,,,0.00000000,0.00000000,,,,fallback,no_valid_views,2020-03-02,0.00000000,0.00000000,0.00000000,0.00000000,0.00000000,0.00000000,0.00000000,0.00000000,0.00000000,0.00000000,0.00000000,0.00000000,0.00000000,0.18532372,0.11900408,0.44567220,0.25000000,0.18532372,0.11900408,0.44567220,0.25000000,0.18532372,0.11900408,0.44567220,0.25000000,0.00000000,0.00000000,0.00000000,0.00000000
2020-04-01,2020-03-31,factor_nonpit_unguarded_diagnostic_ext2026,2025f64e247187a3e9d2ea6554d1de921886a216d9162cdfd468defe011a6aa2,nonpit_diagnostic,False,0.69341211,True,True,0.69127419,-0.21747233,-0.53468045,3.25834982,3.30908158,-0.22000000,1.00000000,-0.53000000,-0.50000000,0.90000000,8.02400000,8.02400000,1.00000000,1.00000000,0.00000000,bl_blend_applied,,2020-04-01,0.00000000,2.18000000,2.47300000,-1.44700000,-1.92400000,2.18000000,2.47300000,-1.44700000,-1.92400000,0.00598007,0.00678381,-0.00396934,-0.00527782,0.17829986,0.10940325,0.46229690,0.25000000,0.97531973,0.02468027,0.00000000,0.00000000,0.41740582,0.08398635,0.32360783,0.17500000,0.23910596,-0.02541689,-0.13868907,-0.07500000
2020-05-01,2020-04-30,factor_nonpit_unguarded_diagnostic_ext2026,15a27af836ae7599e8075df1dc861f5acb004dd2b0110a242d6390aec708914b,nonpit_diagnostic,False,0.74430708,True,True,0.86970110,-1.73809160,-0.57293306,2.22060803,2.87755360,-0.87000000,1.00000000,0.29000000,1.00000000,0.97000000,4.65300000,4.65300000,1.00000000,1.00000000,0.00000000,bl_blend_applied,,2020-05-01,0.00000000,1.31100000,1.59500000,-1.27800000,-0.46900000,1.31100000,1.59500000,-1.27800000,-0.46900000,0.00452452,0.00550466,-0.00441063,-0.00161861,0.17363078,0.10949978,0.46686944,0.25000000,1.00000000,0.00000000,0.00000000,0.00000000,0.42154155,0.07664984,0.32680861,0.17500000,0.24791077,-0.03284993,-0.14006083,-0.07500000
2020-06-01,2020-05-31,factor_nonpit_unguarded_diagnostic_ext2026,4860b32a3080636ad56c7544eb91d07848aa01d9aff9ab818c87b361bef18748,nonpit_diagnostic,False,0.72372537,True,True,0.72625065,-1.90160882,-0.43883389,1.35373628,2.37514067,-1.00000000,1.00000000,0.44000000,0.50000000,-0.44000000,1.87400000,1.87400000,1.00000000,1.00000000,0.00000000,bl_blend_applied,,2020-06-01,0.00000000,0.53400000,0.69000000,-0.62200000,0.02800000,0.53400000,0.69000000,-0.62200000,0.02800000,0.00153896,0.00198854,-0.00179257,0.00008069,0.17349211,0.10991181,0.46659608,0.25000000,0.21744716,0.78255282,0.00000000,0.00000001,0.18667863,0.31170411,0.32661726,0.17500000,0.01318652,0.20179230,-0.13997882,-0.07500000
2020-07-01,2020-06-30,factor_nonpit_unguarded_diagnostic_ext2026,d4ae9281b75356376770471429698dabc3db0fce5f23f6d5feabe4e89f58a67c,nonpit_diagnostic,False,0.61813663,True,True,0.78124260,-1.27027504,-0.38904973,1.24538757,1.82097462,-1.00000000,1.00000000,-0.39000000,-0.70000000,0.64000000,8.88200000,8.88200000,1.00000000,1.00000000,0.00000000,bl_blend_applied,,2020-07-01,0.00000000,2.20600000,2.73500000,-1.86300000,-2.07800000,2.20600000,2.73500000,-1.86300000,-2.07800000,0.00683897,0.00847896,-0.00577561,-0.00644215,0.17281850,0.10903659,0.46814491,0.25000000,1.00000000,0.00000000,0.00000000,0.00000000,0.42097295,0.07632561,0.32770144,0.17500000,0.24815445,-0.03271098,-0.14044347,-0.07500000
2020-08-03,2020-07-31,factor_nonpit_unguarded_diagnostic_ext2026,e3aa05b730f11dc2e21ef83e8587168adeb50a34b6a376b4380ab569147fc604,nonpit_diagnostic,False,0.54248043,True,True,0.54400368,-0.94310441,-0.50285879,0.31234484,1.11349548,-0.94000000,0.31000000,0.50000000,-0.30000000,-0.40000000,0.92000000,0.92000000,1.00000000,1.00000000,0.00000000,bl_blend_applied,,2020-08-03,0.00000000,0.04200000,0.35400000,-0.35600000,-0.16800000,0.04200000,0.35400000,-0.35600000,-0.16800000,0.00009067,0.00076420,-0.00076851,-0.00036267,0.17268698,0.10911750,0.46819551,0.25000000,0.76423891,0.01164716,0.22411364,0.00000029,0.35015256,0.07987640,0.39497095,0.17500009,0.17746558,-0.02924110,-0.07322456,-0.07499991
2020-09-01,2020-08-31,factor_nonpit_unguarded_diagnostic_ext2026,fccba069837f03f7a1f6cabd2cd5d7626e8530046b231c91ac7f7a708d52373c,nonpit_diagnostic,False,0.45052104,True,True,0.32790242,-0.60301568,-0.13551637,0.21904688,0.65572413,-0.60000000,-0.14000000,0.22000000,-0.14000000,0.30000000,1.15200000,1.15200000,1.00000000,1.00000000,0.00000000,bl_blend_applied,,2020-09-01,0.00000000,0.08600000,0.37600000,-0.43400000,-0.25600000,0.08600000,0.37600000,-0.43400000,-0.25600000,0.00011190,0.00048925,-0.00056472,-0.00033311,0.18272618,0.11547249,0.45180133,0.25000000,0.80967933,0.00000015,0.19032015,0.00000036,0.37081212,0.08083079,0.37335698,0.17500011,0.18808595,-0.03464170,-0.07844435,-0.07499989
2020-10-01,2020-09-30,factor_nonpit_unguarded_diagnostic_ext2026,c533b9fc506ece09ae919f10b265c7f956fc1f58517e3cc650727fc86e4df916,nonpit_diagnostic,False,0.57152751,True,True,0.36671515,-0.50656062,-0.15475020,0.52804694,0.74792035,-0.51000000,0.53000000,-0.15000000,0.00000000,0.33000000,3.85500000,3.85500000,1.00000000,1.00000000,0.00000000,bl_blend_applied,,2020-10-01,0.00000000,1.00100000,1.20500000,-0.89000000,-0.75900000,1.00100000,1.20500000,-0.89000000,-0.75900000,0.00145667,0.00175354,-0.00129514,-0.00110451,0.18543961,0.11536994,0.44919045,0.25000000,0.99999999,0.00000000,0.00000000,0.00000000,0.42980772,0.08075896,0.31443332,0.17500000,0.24436812,-0.03461098,-0.13475714,-0.07500000
2020-11-02,2020-10-31,factor_nonpit_unguarded_diagnostic_ext2026,abfdc3f8e609accecba756cdcce050a3106debee1d4c3b4fc00cb5a2f8370099,nonpit_diagnostic,False,0.72457035,True,True,0.50000000,-0.80162130,0.34923096,0.47051338,0.99294603,-0.80000000,0.40000000,-0.30000000,0.00000000,0.60000000,5.14000000,5.14000000,1.00000000,1.00000000,0.00000000,bl_blend_applied,,2020-11-02,0.00000000,1.24000000,1.57000000,-1.31000000,-1.02000000,1.24000000,1.57000000,-1.31000000,-1.02000000,0.00246032,0.00311508,-0.00259921,-0.00202381,0.18606109,0.11509066,0.44884825,0.25000000,0.99999998,0.00000001,0.00000001,0.00000001,0.43024276,0.08056346,0.31419378,0.17500000,0.24418167,-0.03452719,-0.13465447,-0.07500000
2020-12-01,2020-11-30,factor_nonpit_unguarded_diagnostic_ext2026,45a47f9693b4e33420045ef2c70c1bfd761d5b715e8bef397bdd46efbeaf3239,nonpit_diagnostic,False,0.97923081,True,True,0.46316304,-0.92959420,0.22140791,-0.24877642,0.98744951,-0.93000000,-0.25000000,0.22000000,0.22000000,-0.22000000,1.14600000,1.14600000,1.00000000,1.00000000,0.00000000,bl_blend_applied,,2020-12-01,0.00000000,-0.34500000,-0.13200000,-0.35800000,0.31100000,-0.34500000,-0.13200000,-0.35800000,0.31100000,-0.00063409,-0.00024261,-0.00065799,0.00057160,0.19172184,0.11878394,0.43949422,0.25000000,0.00000000,0.16237794,0.00000000,0.83762206,0.13420529,0.13186214,0.30764595,0.42628662,-0.05751655,0.01307820,-0.13184827,0.17628662
2021-01-04,2020-12-31,factor_nonpit_unguarded_diagnostic_ext2026,7f161f4f39e4ad44074e7d52a149a57a6ed5d76b3a52561e84aac61f27083968,nonpit_diagnostic,False,0.63915925,True,True,0.57103415,-0.73784046,0.58135223,-0.58040367,1.10419535,-0.74000000,-0.58000000,-0.40000000,0.58000000,-0.50000000,2.04000000,2.04000000,1.00000000,1.00000000,0.00000000,bl_blend_applied,,2021-01-04,0.00000000,-0.51200000,-0.54600000,-0.33200000,0.65000000,-0.51200000,-0.54600000,-0.33200000,0.65000000,-0.00116020,-0.00123724,-0.00075231,0.00147291,0.19197426,0.11895320,0.43907254,0.25000000,0.00000005,0.00000034,0.00000013,0.99999948,0.13438200,0.08326734,0.30735082,0.47499984,-0.05759226,-0.03568586,-0.13172172,0.22499984
2021-02-01,2021-01-31,factor_nonpit_unguarded_diagnostic_ext2026,5d589fffddd020ed5877d11df872bbf18e3e8c81c23327ead5ea64257f24c3ab,nonpit_diagnostic,False,0.54063676,True,True,0.61854668,-0.65781323,1.16361158,-0.57427030,1.45481838,-0.66000000,1.00000000,-0.57000000,0.25000000,0.30000000,6.24100000,6.24100000,1.00000000,1.00000000,0.00000000,bl_blend_applied,,2021-02-01,0.00000000,1.75900000,1.91000000,-1.45200000,-1.12000000,1.75900000,1.91000000,-1.45200000,-1.12000000,0.00431755,0.00468819,-0.00356401,-0.00274910,0.19703310,0.12127345,0.43169346,0.25000000,1.00000000,0.00000000,0.00000000,0.00000000,0.43792317,0.08489141,0.30218542,0.17500000,0.24089007,-0.03638203,-0.12950804,-0.07500000
2021-03-01,2021-02-28,factor_nonpit_unguarded_diagnostic_ext2026,b0afec6109a205f2b2f714b81cdb3c26506d8698ef9b803980f0383a99f9c792,nonpit_diagnostic,False,0.66098023,True,True,0.74966659,-0.20869573,1.94967055,-0.78277997,2.11128246,-0.10000000,-0.40000000,1.00000000,1.00000000,-0.80000000,7.50000000,7.50000000,1.00000000,1.00000000,0.00000000,bl_blend_applied,,2021-03-01,0.00000000,-1.95000000,-2.18000000,1.28000000,2.09000000,-1.95000000,-2.18000000,1.28000000,2.09000000,-0.00580099,-0.00648521,0.00380783,0.00621747,0.20060487,0.12236155,0.42703359,0.25000000,0.00000003,0.00000003,0.00000023,0.99999971,0.14042341,0.08565309,0.29892358,0.47499991,-0.06018145,-0.03670846,-0.12811001,0.22499991
2021-04-01,2021-03-31,factor_nonpit_unguarded_diagnostic_ext2026,176b3256c80bb2a0bc1c145371de434513086f303a97f78ff7344080f6551209,nonpit_diagnostic,False,0.00000000,True,True,0.71480067,1.38016819,2.57591131,-0.94665584,3.07186272,0.53000000,-0.37000000,1.00000000,0.37000000,-1.00000000,8.09900000,8.09900000,1.00000000,1.00000000,0.00000000,bl_blend_applied,,2021-04-01,0.00000000,-2.04000000,-2.37300000,1.80900000,1.87700000,-2.04000000,-2.37300000,1.80900000,1.87700000,-0.00578648,-0.00673104,0.00513125,0.00532413,0.20100967,0.12295302,0.42603731,0.25000000,0.00000000,0.00000001,0.00000062,0.99999937,0.14070677,0.08606711,0.29822630,0.47499981,-0.06030290,-0.03688590,-0.12781101,0.22499981
2021-05-03,2021-04-30,factor_nonpit_unguarded_diagnostic_ext2026,f8b284c25f533a5ae45ab6c8b1d63b6bafaa35d99565a682eeb2bed746855978,nonpit_diagnostic,False,0.94284173,True,True,0.76681158,3.35818608,2.24470475,-0.98927689,4.15869954,0.90000000,0.80000000,-0.70000000,0.80000000,0.60000000,2.70000000,2.70000000,1.00000000,1.00000000,0.00000000,non_trading_rebalance_date,rebalance_date_not_in_price_calendar,2021-04-01,,1.21000000,0.83000000,-0.31000000,-0.35000000,1.21000000,0.83000000,-0.31000000,-0.35000000,0.00368191,0.00252561,-0.00094330,-0.00106502,0.20087442,0.12287029,0.42625530,0.25000000,,,,,0.14070677,0.08606711,0.29822630,0.47499981,-0.06016765,-0.03680317,-0.12802899,0.22499981
2021-06-01,2021-05-31,factor_nonpit_unguarded_diagnostic_ext2026,64cd8e0cbe8111ea0e4cbf9d4f1362df38112e98b6f673d71b7904279d348f6d,nonpit_diagnostic,False,0.89068785,True,True,0.64691576,3.86550412,2.03554438,-0.90497392,4.46145053,0.95000000,-0.30000000,0.50000000,0.60000000,-0.70000000,6.97000000,6.97000000,1.00000000,1.00000000,0.00000000,bl_blend_applied,,2021-06-01,0.00000000,-1.58500000,-2.08000000,1.64000000,1.66500000,-1.58500000,-2.08000000,1.64000000,1.66500000,-0.00406889,-0.00533962,0.00421009,0.00427426,0.20044113,0.12293949,0.42661938,0.25000000,0.00000000,0.00000000,0.41816619,0.58183381,0.14030879,0.08605765,0.42408342,0.34955014,-0.06013234,-0.03688185,-0.00253596,0.09955014
2021-07-01,2021-06-30,factor_nonpit_unguarded_diagnostic_ext2026,0e47dd21e36038c8ee6aa060f660562504b5b3c4ff244e18f60687d23999122e,nonpit_diagnostic,False,0.66250283,True,True,0.55585969,3.75162317,1.41028483,-1.15192486,4.17019311,1.00000000,0.38000000,-0.31000000,0.38000000,-0.40000000,1.63800000,1.63800000,1.00000000,1.00000000,0.00000000,bl_blend_applied,,2021-07-01,0.00000000,-0.02600000,-0.51300000,0.66900000,0.43000000,-0.02600000,-0.51300000,0.66900000,0.43000000,-0.00005735,-0.00113157,0.00147568,0.00094849,0.20326413,0.12467989,0.42205598,0.25000000,0.00000002,0.00000001,0.99999975,0.00000023,0.14228489,0.08727592,0.59543911,0.17500007,-0.06097923,-0.03740397,0.17338313,-0.07499993
2021-08-02,2021-07-31,factor_nonpit_unguarded_diagnostic_ext2026,0414f2190cc81ba6640e17b01e9b2e9e22154d667f80563f73cdc46975a34129,nonpit_diagnostic,False,0.58101548,True,True,0.71414284,3.30244489,1.02470863,-0.85921319,3.56292259,0.90000000,0.70000000,-0.60000000,0.80000000,0.50000000,1.87000000,1.87000000,1.00000000,1.00000000,0.00000000,bl_blend_applied,,2021-08-02,0.00000000,0.97000000,0.58000000,-0.15000000,-0.17000000,0.97000000,0.58000000,-0.15000000,-0.17000000,0.00274888,0.00164366,-0.00042509,-0.00048176,0.20318053,0.12461970,0.42219977,0.25000000,0.99999994,0.00000004,0.00000001,0.00000001,0.44222636,0.08723380,0.29553984,0.17500000,0.23904582,-0.03738590,-0.12665993,-0.07500000
2021-09-01,2021-08-31,factor_nonpit_unguarded_diagnostic_ext2026,2a982ba812123ebf35d63963e4ba42153a78971e676e8ed3f283ceb3d7966357,nonpit_diagnostic,False,0.96886567,True,True,0.70142712,2.92307346,1.12212301,-0.93235303,3.26692526,0.90000000,-0.40000000,0.70000000,0.80000000,-0.60000000,7.82000000,7.82000000,1.00000000,1.00000000,0.00000000,bl_blend_applied,,2021-09-01,0.00000000,-1.83000000,-2.31000000,1.75000000,1.93000000,-1.83000000,-2.31000000,1.75000000,1.93000000,-0.00509370,-0.00642975,0.00487102,0.00537204,0.20458965,0.12549295,0.41991740,0.25000000,0.00000000,0.00000000,1.00000000,0.00000000,0.14321275,0.08784507,0.59394218,0.17500000,-0.06137689,-0.03764788,0.17402478,-0.07500000
2021-10-01,2021-09-30,factor_nonpit_unguarded_diagnostic_ext2026,537c08a48052c0387fa46b1903ef57125bdb39b0d164d80cb21d08624d641ee6,nonpit_diagnostic,False,0.54454407,True,True,0.71278328,2.84305380,1.41978928,-0.95737385,3.31893374,0.92000000,-0.28000000,0.75000000,0.63000000,-0.81000000,7.87600000,7.87600000,1.00000000,1.00000000,0.00000000,bl_blend_applied,,2021-10-01,0.00000000,-1.83100000,-2.32000000,1.84100000,1.88400000,-1.83100000,-2.32000000,1.84100000,1.88400000,-0.00517899,-0.00656213,0.00520728,0.00532890,0.20737718,0.12690228,0.41572054,0.25000000,0.00000002,0.00000047,0.00000067,0.99999884,0.14516403,0.08883174,0.29100458,0.47499965,-0.06221315,-0.03807054,-0.12471596,0.22499965
2021-11-01,2021-10-31,factor_nonpit_unguarded_diagnostic_ext2026,1562d8866a41fac01c035de393fe047f948493ea31bc8897da3c587ab0f5bef9,nonpit_diagnostic,False,0.52540224,True,True,0.71414284,3.24195442,1.01054176,-0.92672973,3.51998453,0.90000000,-0.80000000,0.60000000,0.50000000,-0.70000000,8.48000000,8.48000000,1.00000000,1.00000000,0.00000000,bl_blend_applied,,2021-11-01,0.00000000,-2.12000000,-2.57000000,1.86000000,1.93000000,-2.12000000,-2.57000000,1.86000000,1.93000000,-0.00600787,-0.00728312,0.00527105,0.00546943,0.20546485,0.12879630,0.41573885,0.25000000,0.00000013,0.00000045,0.00000322,0.99999621,0.14382544,0.09015754,0.29101816,0.47499886,-0.06163942,-0.03863876,-0.12472069,0.22499886
2021-12-01,2021-11-30,factor_nonpit_unguarded_diagnostic_ext2026,a31d291d410492a9bfe89ed04fd8887a4ca06960ca0dd484101f9c4eece664c3,nonpit_diagnostic,False,0.34736738,True,True,0.53712196,3.34748187,0.65657205,-0.42115601,3.43716368,0.95000000,0.40000000,0.20000000,0.50000000,-0.30000000,2.86000000,2.86000000,1.00000000,1.00000000,0.00000000,bl_blend_applied,,2021-12-01,0.00000000,-0.37500000,-0.80000000,0.94000000,0.74500000,-0.37500000,-0.80000000,0.94000000,0.74500000,-0.00079929,-0.00170515,0.00200355,0.00158792,0.20651938,0.13023183,0.41324879,0.25000000,0.00000000,0.15933135,0.68409516,0.15657349,0.14456357,0.13896168,0.49450271,0.22197205,-0.06195581,0.00872986,0.08125391,-0.02802795
2022-01-03,2021-12-31,factor_nonpit_unguarded_diagnostic_ext2026,f023adbd2ad960a3c41f8b33b485689165ac6dc80fb315bf9e1159f2d0104a87,nonpit_diagnostic,False,0.67230014,True,True,0.77491935,3.17099498,0.39446102,-0.93416622,3.32918537,0.95000000,-0.80000000,0.40000000,0.90000000,-0.70000000,8.70000000,8.70000000,1.00000000,1.00000000,0.00000000,non_trading_rebalance_date,rebalance_date_not_in_price_calendar,2021-12-01,,-2.09500000,-2.66000000,1.80000000,2.14500000,-2.09500000,-2.66000000,1.80000000,2.14500000,-0.00644229,-0.00817970,0.00553514,0.00659604,0.20710261,0.13262832,0.41026907,0.25000000,,,,,0.14456357,0.13896168,0.49450271,0.22197205,-0.06253904,0.00633336,0.08423364,-0.02802795
2022-02-01,2022-01-31,factor_nonpit_unguarded_diagnostic_ext2026,e0191ac9bc59c748a0df6a2e9e88ef79aec9e046e5185e8b85171702e8df46f0,nonpit_diagnostic,False,0.63117652,True,True,0.52057660,3.08425981,-0.01825156,-0.43154681,3.11435778,0.95000000,-0.30000000,-0.05000000,0.00000000,-0.60000000,4.16000000,4.16000000,1.00000000,1.00000000,0.00000000,bl_blend_applied,,2022-02-01,0.00000000,-0.90500000,-1.31500000,1.14500000,0.79500000,-0.90500000,-1.31500000,1.14500000,0.79500000,-0.00186953,-0.00271650,0.00236532,0.00164230,0.20536693,0.13331470,0.41131837,0.25000000,0.00000004,0.00000026,0.99999469,0.00000502,0.14375686,0.09332037,0.58792126,0.17500151,-0.06161007,-0.03999433,0.17660290,-0.07499849
2022-03-01,2022-02-28,factor_nonpit_unguarded_diagnostic_ext2026,ae5c0cfecb62afe34bd942aa94fd251fcb1cbd81f11ecf15bbe58049bd4c4fac,nonpit_diagnostic,False,0.96279461,False,False,,3.00118227,-0.54128839,-0.30119310,3.06444211,,,,,,0.00000000,0.00000000,,,,fallback,no_valid_views,2022-03-01,0.00000000,0.00000000,0.00000000,0.00000000,0.00000000,0.00000000,0.00000000,0.00000000,0.00000000,0.00000000,0.00000000,0.00000000,0.00000000,0.20589943,0.13239151,0.41170906,0.25000000,0.20589943,0.13239151,0.41170906,0.25000000,0.20589943,0.13239151,0.41170906,0.25000000,0.00000000,0.00000000,0.00000000,0.00000000
2022-04-01,2022-03-31,factor_nonpit_unguarded_diagnostic_ext2026,08de5d06e205b08d8ab4c104b10dda388ba04c8a13a35f062b48ae4ca9307c03,nonpit_diagnostic,False,0.93865663,True,True,0.73484692,3.03029624,-1.37563362,-0.60959837,3.38329327,1.00000000,-0.60000000,0.70000000,-0.60000000,-0.70000000,6.49000000,6.49000000,1.00000000,1.00000000,0.00000000,bl_blend_applied,,2022-04-01,0.00000000,-1.70000000,-1.95000000,1.82000000,1.02000000,-1.70000000,-1.95000000,1.82000000,1.02000000,-0.00495730,-0.00568632,0.00530723,0.00297438,0.21009506,0.13301268,0.40689227,0.25000000,0.00000000,0.00000000,1.00000000,0.00000000,0.14706654,0.09310888,0.58482459,0.17500000,-0.06302852,-0.03990380,0.17793232,-0.07500000
2022-05-02,2022-04-30,factor_nonpit_unguarded_diagnostic_ext2026,919603320754b1955df37f30aceb3be5a24f043230228d5fa5cc0fe583cff920,nonpit_diagnostic,False,0.82580961,True,True,0.74263046,2.63069463,-0.96549745,-0.10879597,2.80438516,0.95000000,-0.85000000,-0.05000000,0.80000000,-0.70000000,7.42000000,7.42000000,1.00000000,1.00000000,0.00000000,non_trading_rebalance_date,rebalance_date_not_in_price_calendar,2022-04-01,,-1.75500000,-2.34500000,1.49500000,1.82500000,-1.75500000,-2.34500000,1.49500000,1.82500000,-0.00517189,-0.00691059,0.00440568,0.00537818,0.21041740,0.13184402,0.40773858,0.25000000,,,,,0.14706654,0.09310888,0.58482459,0.17500000,-0.06335086,-0.03873514,0.17708600,-0.07500000
2022-06-01,2022-05-31,factor_nonpit_unguarded_diagnostic_ext2026,dac1f844ea6e26bdae077afedb1c26887d3a96e936d405647bb0aaa1ee4a9dae,nonpit_diagnostic,False,0.96356488,True,True,0.63512204,2.57089331,-0.61446285,0.11696957,2.64589094,0.95000000,-0.60000000,0.12000000,0.50000000,-0.70000000,6.63600000,6.63600000,1.00000000,1.00000000,0.00000000,bl_blend_applied,,2022-06-01,0.00000000,-1.55100000,-2.06400000,1.48400000,1.53700000,-1.55100000,-2.06400000,1.48400000,1.53700000,-0.00390902,-0.00520195,0.00374016,0.00387374,0.20966034,0.12889243,0.41144723,0.25000000,0.00000000,0.34550432,0.65449568,0.00000000,0.14676224,0.19387599,0.48436177,0.17500000,-0.06289810,0.06498357,0.07291454,-0.07500000
2022-07-01,2022-06-30,factor_nonpit_unguarded_diagnostic_ext2026,7ecb1affdb1b278f07b906a4bc3dbd6175bf828b47adfc48d3e93dc0e3ef6cca,nonpit_diagnostic,False,0.68703436,True,True,0.92195445,2.56659967,-1.22866544,1.58968803,3.25947245,1.00000000,1.00000000,-1.00000000,1.00000000,-0.50000000,1.35000000,1.35000000,1.00000000,1.00000000,0.00000000,bl_blend_applied,,2022-07-01,0.00000000,0.90000000,0.20000000,0.05000000,0.20000000,0.90000000,0.20000000,0.05000000,0.20000000,0.00329269,0.00073171,0.00018293,0.00073171,0.20415747,0.12761411,0.41822842,0.25000000,0.18144505,0.81855398,0.00000035,0.00000061,0.19734375,0.33489607,0.29276000,0.17500018,-0.00681373,0.20728196,-0.12546842,-0.07499982
2022-08-01,2022-07-31,factor_nonpit_unguarded_diagnostic_ext2026,833fec9728ae944735496ef779889ae8ba42d23c6b9cb6a219bbff84f22881be,nonpit_diagnostic,False,0.83006090,True,True,0.83785440,2.20194839,-1.84473041,0.62028107,2.93876770,1.00000000,-0.90000000,0.90000000,0.80000000,-0.50000000,9.83000000,9.83000000,1.00000000,1.00000000,0.00000000,bl_blend_applied,,2022-08-01,0.00000000,-2.46000000,-2.93000000,2.12000000,2.32000000,-2.46000000,-2.93000000,2.12000000,2.32000000,-0.00817905,-0.00974172,0.00704862,0.00771358,0.20673897,0.12828815,0.41497288,0.25000000,0.00000004,0.00000041,0.00000125,0.99999830,0.14471729,0.08980183,0.29048139,0.47499949,-0.06202168,-0.03848632,-0.12449149,0.22499949
2022-09-01,2022-08-31,factor_nonpit_unguarded_diagnostic_ext2026,fd448c4336fcb60db6c9113d1875d2990bc15acd07ad5dfdfa0cd7579645dce4,nonpit_diagnostic,False,0.74173978,True,True,0.81884064,1.99124949,-1.93828377,0.78114365,2.88655571,0.95000000,0.60000000,0.90000000,0.80000000,-0.80000000,5.98000000,5.98000000,1.00000000,1.00000000,0.00000000,bl_blend_applied,,2022-09-01,0.00000000,-1.12500000,-1.64000000,1.63000000,1.58500000,-1.12500000,-1.64000000,1.63000000,1.58500000,-0.00365554,-0.00532896,0.00529647,0.00515025,0.20614010,0.12711898,0.41674092,0.25000000,0.00000000,0.00000000,1.00000000,0.00000000,0.14429807,0.08898328,0.59171865,0.17500000,-0.06184203,-0.03813569,0.17497772,-0.07500000
2022-10-03,2022-09-30,factor_nonpit_unguarded_diagnostic_ext2026,68cf66fca501957d96263ab198762667ff91cdbe30daa2ea67a61ff2f9befea6,nonpit_diagnostic,False,0.80281533,True,True,1.00000000,1.88168266,-2.03921436,1.10710337,2.98744083,1.00000000,1.00000000,-1.00000000,-1.00000000,-1.00000000,3.20000000,3.20000000,1.00000000,1.00000000,0.00000000,bl_blend_applied,,2022-10-03,0.00000000,1.20000000,0.80000000,0.10000000,-1.10000000,1.20000000,0.80000000,0.10000000,-1.10000000,0.00476190,0.00317460,0.00039683,-0.00436508,0.20467104,0.12569025,0.41963871,0.25000000,0.99999999,0.00000001,0.00000000,0.00000000,0.44326973,0.08798318,0.29374710,0.17500000,0.23859868,-0.03770707,-0.12589161,-0.07500000
2022-11-01,2022-10-31,factor_nonpit_unguarded_diagnostic_ext2026,1159d3d4f17e888ddac73f26d4caafb6c671791af750f8e508a730b8d942a6c6,nonpit_diagnostic,False,0.57715850,True,True,0.70710678,1.63935686,-1.97740547,0.37053569,2.59517244,1.00000000,0.30000000,0.40000000,-1.00000000,0.50000000,1.95000000,1.95000000,1.00000000,1.00000000,0.00000000,bl_blend_applied,,2022-11-01,0.00000000,0.28000000,0.32000000,0.61000000,-0.74000000,0.28000000,0.32000000,0.61000000,-0.74000000,0.00078567,0.00089791,0.00171165,-0.00207642,0.20445396,0.12475301,0.42079303,0.25000000,0.99999998,0.00000001,0.00000001,0.00000000,0.44311776,0.08732711,0.29455512,0.17500000,0.23866381,-0.03742590,-0.12623791,-0.07500000
2022-12-01,2022-11-30,factor_nonpit_unguarded_diagnostic_ext2026,7379bbc450e6431fbe668c3b213e278e126c3536b4b57969b92eb32e2b215e56,nonpit_diagnostic,False,0.62293527,True,True,0.59497899,1.34539937,-2.44552459,0.28472774,2.80566568,0.80000000,0.30000000,-0.80000000,0.20000000,0.60000000,2.70000000,2.70000000,1.00000000,1.00000000,0.00000000,bl_blend_applied,,2022-12-01,0.00000000,1.00000000,0.76000000,-0.32000000,-0.62000000,1.00000000,0.76000000,-0.32000000,-0.62000000,0.00236103,0.00179438,-0.00075553,-0.00146384,0.20469378,0.12456767,0.42073854,0.25000000,0.53374837,0.46625163,0.00000000,0.00000000,0.30341016,0.22707286,0.29451698,0.17500000,0.09871638,0.10250519,-0.12622156,-0.07500000
2023-01-03,2022-12-31,factor_nonpit_unguarded_diagnostic_ext2026,062a1a88b909a93f2c83c24f353ffa0acea3e43f9b4035d4ff1409d45fdefc96,nonpit_diagnostic,False,0.43919081,True,True,0.85790442,1.03967932,-1.97649322,0.50228492,2.28904973,1.00000000,-0.90000000,0.50000000,-0.90000000,-0.90000000,6.82000000,6.82000000,1.00000000,1.00000000,0.00000000,bl_blend_applied,,2023-01-03,0.00000000,-1.87000000,-2.12000000,1.87000000,0.96000000,-1.87000000,-2.12000000,1.87000000,0.96000000,-0.00636620,-0.00721729,0.00636620,0.00326821,0.20427920,0.12401891,0.42170190,0.25000000,0.00000000,0.00000000,1.00000000,0.00000000,0.14299544,0.08681323,0.59519133,0.17500000,-0.06128376,-0.03720567,0.17348943,-0.07500000
2023-02-01,2023-01-31,factor_nonpit_unguarded_diagnostic_ext2026,7016b99f6e8d863c3e05a74497cf46cea47a7126257ae0cee1d2778ba385b72f,nonpit_diagnostic,False,0.86388839,True,True,0.65135244,0.97892506,-2.17028404,0.02580435,2.38098571,0.98000000,0.03000000,0.80000000,0.40000000,-0.60000000,6.29000000,6.29000000,1.00000000,1.00000000,0.00000000,bl_blend_applied,,2023-02-01,0.00000000,-1.38400000,-1.79800000,1.67200000,1.43600000,-1.38400000,-1.79800000,1.67200000,1.43600000,-0.00357727,-0.00464735,0.00432167,0.00371168,0.20706821,0.12448920,0.41844259,0.25000000,0.00000000,0.00000000,0.99999997,0.00000002,0.14494775,0.08714244,0.59290981,0.17500001,-0.06212046,-0.03734676,0.17446721,-0.07499999
2023-03-01,2023-02-28,factor_nonpit_unguarded_diagnostic_ext2026,239ee53ff82e0070a9ccd46b39d6ca3063fae187130cdb6a4bd87a17eddd24d8,nonpit_diagnostic,False,0.76756049,False,False,,0.81532658,-2.39187508,-0.05870785,2.52770063,,,,,,0.00000000,0.00000000,,,,fallback,no_valid_views,2023-03-01,0.00000000,0.00000000,0.00000000,0.00000000,0.00000000,0.00000000,0.00000000,0.00000000,0.00000000,0.00000000,0.00000000,0.00000000,0.00000000,0.22408138,0.13575205,0.39016657,0.25000000,0.22408138,0.13575205,0.39016657,0.25000000,0.22408138,0.13575205,0.39016657,0.25000000,0.00000000,0.00000000,0.00000000,0.00000000
2023-04-03,2023-03-31,factor_nonpit_unguarded_diagnostic_ext2026,0fd4d28b80cf8c869ff13b51afb4701f42cc39f1fcf0ffc213bf3b2572336a62,nonpit_diagnostic,False,0.60557081,True,True,0.58991525,0.41250292,-1.73083395,0.25799741,1.79791754,0.40000000,0.30000000,-0.80000000,-0.60000000,-0.70000000,1.61000000,1.61000000,1.00000000,1.00000000,0.00000000,bl_blend_applied,,2023-04-03,0.00000000,0.58000000,0.36000000,-0.07000000,-0.60000000,0.58000000,0.36000000,-0.07000000,-0.60000000,0.00135774,0.00084274,-0.00016387,-0.00140456,0.23525258,0.13848140,0.37626602,0.25000000,0.99999999,0.00000001,0.00000000,0.00000000,0.46467680,0.09693698,0.26338622,0.17500000,0.22942422,-0.04154442,-0.11287981,-0.07500000
2023-05-01,2023-04-30,factor_nonpit_unguarded_diagnostic_ext2026,03d6791c86199c1504c5d5c24aecae0d3008ba5546349603dde1339fca01322d,nonpit_diagnostic,False,0.70245218,True,True,0.60300912,0.40945384,-1.69216953,0.19676622,1.75208650,0.41000000,-1.00000000,0.20000000,-0.50000000,-0.60000000,5.03000000,5.03000000,1.00000000,1.00000000,0.00000000,non_trading_rebalance_date,rebalance_date_not_in_price_calendar,2023-04-03,,-1.49300000,-1.61600000,1.11800000,0.80300000,-1.49300000,-1.61600000,1.11800000,0.80300000,-0.00357259,-0.00386692,0.00267525,0.00192149,0.23841397,0.13734885,0.37423718,0.25000000,,,,,0.46467680,0.09693698,0.26338622,0.17500000,0.22626284,-0.04041187,-0.11085096,-0.07500000
2023-06-01,2023-05-31,factor_nonpit_unguarded_diagnostic_ext2026,b5d114ecbc2b2e13b7cd08f00fec47789314b87fd422546148c079d70d693289,nonpit_diagnostic,False,0.59175009,True,True,0.60314177,0.09607417,-1.88229305,0.32866954,1.91318610,0.10000000,0.33000000,0.90000000,-0.80000000,-0.50000000,1.62000000,1.62000000,1.00000000,1.00000000,0.00000000,bl_blend_applied,,2023-06-01,0.00000000,-0.48000000,-0.36000000,0.74800000,0.03200000,-0.48000000,-0.36000000,0.74800000,0.03200000,-0.00114884,-0.00086163,0.00179028,0.00007659,0.24040142,0.13937545,0.37022312,0.25000000,0.00000000,0.00000000,1.00000000,0.00000000,0.16828100,0.09756282,0.55915619,0.17500000,-0.07212043,-0.04181264,0.18893306,-0.07500000
2023-07-03,2023-06-30,factor_nonpit_unguarded_diagnostic_ext2026,0c2f559753f932ff188e9e7541c498bdf3ff65cb2609277530be530c8608e500,nonpit_diagnostic,False,0.58645943,True,True,0.65726707,-0.30198166,-2.25502513,-0.26803079,2.29088886,-0.30000000,-0.30000000,1.00000000,-0.70000000,-0.70000000,3.66000000,3.66000000,1.00000000,1.00000000,0.00000000,bl_blend_applied,,2023-07-03,0.00000000,-1.22000000,-1.03000000,0.86000000,0.55000000,-1.22000000,-1.03000000,0.86000000,0.55000000,-0.00318201,-0.00268645,0.00224305,0.00143451,0.24229568,0.13912557,0.36857875,0.25000000,0.00000000,0.00000000,1.00000000,0.00000000,0.16960697,0.09738790,0.55800513,0.17500000,-0.07268870,-0.04173767,0.18942637,-0.07500000
2023-08-01,2023-07-31,factor_nonpit_unguarded_diagnostic_ext2026,673df76830906ed7c1b099e4cfa78aae7f9e6df32f71c8523637aa9b090bb08e,nonpit_diagnostic,False,0.69578544,True,True,0.76925938,-0.22374811,-1.91116869,-0.51547400,1.99206988,-0.22000000,-0.52000000,1.00000000,1.00000000,-0.80000000,7.62000000,7.62000000,1.00000000,1.00000000,0.00000000,bl_blend_applied,,2023-08-01,0.00000000,-2.03400000,-2.22800000,1.23200000,2.12600000,-2.03400000,-2.22800000,1.23200000,2.12600000,-0.00620902,-0.00680123,0.00376082,0.00648986,0.23441197,0.13398854,0.38159950,0.25000000,0.00000007,0.00000056,0.00000158,0.99999779,0.16408840,0.09379214,0.26712012,0.47499934,-0.07032357,-0.04019639,-0.11447938,0.22499934
2023-09-01,2023-08-31,factor_nonpit_unguarded_diagnostic_ext2026,ee862071feaad52153a4deecb058dec5540071fb04568e70fb7ebe5b655ab935,nonpit_diagnostic,False,0.57140736,True,True,0.44102154,-0.06804122,-1.60778123,-0.46700381,1.67561411,-0.05000000,0.40000000,0.80000000,-0.10000000,-0.40000000,1.77000000,1.77000000,1.00000000,1.00000000,0.00000000,bl_blend_applied,,2023-09-01,0.00000000,-0.43500000,-0.40000000,0.55000000,0.38500000,-0.43500000,-0.40000000,0.55000000,0.38500000,-0.00076129,-0.00070003,0.00096255,0.00067378,0.23424036,0.13517480,0.38058484,0.25000000,0.00000002,0.00000001,0.93165503,0.06834494,0.16396826,0.09462236,0.54590590,0.19550348,-0.07027210,-0.04055244,0.16532106,-0.05449652
2023-10-02,2023-09-30,factor_nonpit_unguarded_diagnostic_ext2026,f81e1b53ae9b1ea87dc927882ca724120e66f3ad4dd7abbad46fd21eee0f07a7,nonpit_diagnostic,False,0.72429564,True,True,0.52583267,-0.08998719,-1.07910690,-0.31336076,1.12728185,-0.05000000,-0.30000000,0.80000000,-0.70000000,-0.40000000,2.85000000,2.85000000,1.00000000,1.00000000,0.00000000,bl_blend_applied,,2023-10-02,0.00000000,-0.95500000,-0.80000000,0.77000000,0.32500000,-0.95500000,-0.80000000,0.77000000,0.32500000,-0.00199274,-0.00166931,0.00160671,0.00067816,0.23432445,0.13483437,0.38084118,0.25000000,0.00000000,0.00000000,0.99999990,0.00000009,0.16402712,0.09438406,0.56658879,0.17500003,-0.07029734,-0.04045031,0.18574762,-0.07499997
2023-11-01,2023-10-31,factor_nonpit_unguarded_diagnostic_ext2026,3a4668874d8ad2faf7ba21333956dc48b3ace150757e1adc6d0af17386b69e07,nonpit_diagnostic,False,0.72053689,True,True,0.43298961,-0.25901958,-0.67761606,0.04345778,0.72673464,-0.26000000,-0.68000000,0.04000000,0.47000000,0.43000000,1.50800000,1.50800000,1.00000000,1.00000000,0.00000000,bl_blend_applied,,2023-11-01,0.00000000,-0.51700000,-0.44300000,-0.07600000,0.47200000,-0.51700000,-0.44300000,-0.07600000,0.47200000,-0.00088832,-0.00076117,-0.00013058,0.00081100,0.23106340,0.13302225,0.38591435,0.25000000,0.00000076,0.00000161,0.00000387,0.99999376,0.16174461,0.09311606,0.27014121,0.47499813,-0.06931879,-0.03990619,-0.11577314,0.22499813
2023-12-01,2023-11-30,factor_nonpit_unguarded_diagnostic_ext2026,f044574196368a0f79f722d1c019d9ab7d3661f810a199f4cb53d5697e1741fe,nonpit_diagnostic,False,0.87482770,True,True,0.56632146,-0.31055518,-0.91817105,-0.49443171,1.08809251,-0.31000000,-0.49000000,-0.92000000,0.31000000,0.57000000,2.62400000,2.62400000,1.00000000,1.00000000,0.00000000,bl_blend_applied,,2023-12-01,0.00000000,0.58800000,0.64100000,-0.95000000,-0.44500000,0.58800000,0.64100000,-0.95000000,-0.44500000,0.00132142,0.00144052,-0.00213494,-0.00100005,0.23106564,0.13292179,0.38601257,0.25000000,0.99999995,0.00000004,0.00000001,0.00000001,0.46174593,0.09304527,0.27020880,0.17500000,0.23068029,-0.03987653,-0.11580377,-0.07500000
2024-01-02,2023-12-31,factor_nonpit_unguarded_diagnostic_ext2026,a338643f1fb0ae32f795932788bfc248f96333d4bed601db0da21e13a4717a81,nonpit_diagnostic,False,0.68035745,True,True,0.76863515,-0.25093136,-0.88263216,-0.88703628,1.27625995,-0.25000000,0.89000000,-0.89000000,-0.88000000,0.73000000,8.98300000,8.98300000,1.00000000,1.00000000,0.00000000,bl_blend_applied,,2024-01-02,0.00000000,2.37900000,2.68700000,-1.63200000,-2.28500000,2.37900000,2.68700000,-1.63200000,-2.28500000,0.00725628,0.00819572,-0.00497783,-0.00696957,0.22888017,0.13164425,0.38947558,0.25000000,1.00000000,0.00000000,0.00000000,0.00000000,0.46021612,0.09215098,0.27263290,0.17500000,0.23133595,-0.03949328,-0.11684267,-0.07500000
2024-02-01,2024-01-31,factor_nonpit_unguarded_diagnostic_ext2026,e64326731968cb9135e650d51159e0870928182839171d7577fe5e844d149a61,nonpit_diagnostic,False,0.45309305,True,True,0.59539903,-0.34966296,-0.76085893,-0.68411990,1.08129114,-0.35000000,-0.76000000,-0.68000000,-0.50000000,-0.60000000,0.92400000,0.92400000,1.00000000,1.00000000,0.00000000,bl_blend_applied,,2024-02-01,0.00000000,-0.32100000,-0.30400000,-0.20200000,-0.09700000,-0.32100000,-0.30400000,-0.20200000,-0.09700000,-0.00075842,-0.00071826,-0.00047726,-0.00022918,0.22939898,0.13091559,0.38968543,0.25000000,0.01527158,0.00000000,0.29849820,0.68623022,0.16516076,0.09164092,0.36232926,0.38086906,-0.06423822,-0.03927468,-0.02735617,0.13086906
2024-03-01,2024-02-29,factor_nonpit_unguarded_diagnostic_ext2026,872d44ad3ccc7fa3415e7ec84dbb37a1c53c3283ec93b0ec55a6ebc7f28a8e1f,nonpit_diagnostic,False,0.92720653,True,True,0.81193596,-0.33614224,-0.90555770,-0.94876806,1.35395243,-0.34000000,-0.90000000,-0.95000000,-0.91000000,-0.80000000,1.10900000,1.10900000,1.00000000,1.00000000,0.00000000,bl_blend_applied,,2024-03-01,0.00000000,-0.24500000,-0.21600000,-0.26800000,-0.38000000,-0.24500000,-0.21600000,-0.26800000,-0.38000000,-0.00078938,-0.00069595,-0.00086349,-0.00122435,0.22575261,0.13020648,0.39404091,0.25000000,0.99999999,0.00000000,0.00000000,0.00000000,0.45802682,0.09114454,0.27582864,0.17500000,0.23227422,-0.03906194,-0.11821227,-0.07500000
2024-04-01,2024-03-31,factor_nonpit_unguarded_diagnostic_ext2026,3f12dbb93be38438b35ef1c50597bf9101db711bf6a0cccae75b763ba5cb822a,nonpit_diagnostic,False,0.93634068,True,True,0.75928914,-0.22088704,-0.88633035,-1.05524538,1.39567739,-0.22000000,-1.00000000,-0.89000000,-0.89000000,-0.50000000,1.10500000,1.10500000,1.00000000,1.00000000,0.00000000,non_trading_rebalance_date,rebalance_date_not_in_price_calendar,2024-03-01,,-0.25500000,-0.20000000,-0.23800000,-0.41200000,-0.25500000,-0.20000000,-0.23800000,-0.41200000,-0.00076833,-0.00060261,-0.00071711,-0.00124138,0.22517770,0.12985274,0.39496957,0.25000000,,,,,0.45802682,0.09114454,0.27582864,0.17500000,0.23284913,-0.03870820,-0.11914093,-0.07500000
2024-05-01,2024-04-30,factor_nonpit_unguarded_diagnostic_ext2026,c0d9a5af99ab2e116d8d0aded1de791fd9b238bb4d504eb3bfff50344f7c8660,nonpit_diagnostic,False,0.56581004,True,True,0.80233410,-0.27969618,-0.80747822,-1.01249119,1.32491110,-0.28000000,-0.81000000,-1.00000000,-0.81000000,-0.91000000,1.02000000,1.02000000,1.00000000,1.00000000,0.00000000,bl_blend_applied,,2024-05-01,0.00000000,-0.22900000,-0.26500000,-0.22600000,-0.30000000,-0.22900000,-0.26500000,-0.22600000,-0.30000000,-0.00072911,-0.00084372,-0.00071955,-0.00095516,0.22882322,0.13097796,0.39019882,0.25000000,0.99999998,0.00000000,0.00000001,0.00000001,0.46017625,0.09168458,0.27313918,0.17500000,0.23135303,-0.03929339,-0.11705964,-0.07500000
2024-06-03,2024-05-31,factor_nonpit_unguarded_diagnostic_ext2026,dcfe8e43226a90e7192819c2256f416df1e669cd83260af98368f9fa1709f17c,nonpit_diagnostic,False,0.58284406,True,True,0.73695319,-0.33627766,-0.83284644,-0.96577613,1.31887808,-0.34000000,-0.83000000,-0.97000000,-0.65000000,-0.74000000,0.99100000,0.99100000,1.00000000,1.00000000,0.00000000,bl_blend_applied,,2024-06-03,0.00000000,-0.20100000,-0.21400000,-0.31400000,-0.26200000,-0.20100000,-0.21400000,-0.31400000,-0.26200000,-0.00058781,-0.00062583,-0.00091827,-0.00076620,0.22617515,0.12948027,0.39434458,0.25000000,0.98285858,0.00000007,0.01714105,0.00000030,0.45318018,0.09063621,0.28118352,0.17500009,0.22700503,-0.03884406,-0.11316106,-0.07499991
2024-07-01,2024-06-30,factor_nonpit_unguarded_diagnostic_ext2026,742f9f90d4a35c5ce091a3017578180a61e9f796a4d380ea4058135bc2090e6b,nonpit_diagnostic,False,0.84841556,True,True,0.75001333,-0.45451273,-0.76999726,-0.93675664,1.29498672,-0.45000000,0.94000000,-0.94000000,-0.77000000,-0.50000000,6.41100000,6.41100000,1.00000000,1.00000000,0.00000000,bl_blend_applied,,2024-07-01,0.00000000,1.75800000,1.85300000,-1.22100000,-1.57900000,1.75800000,1.85300000,-1.22100000,-1.57900000,0.00523224,0.00551498,-0.00363399,-0.00469949,0.23013152,0.13174520,0.38812328,0.25000000,1.00000000,0.00000000,0.00000000,0.00000000,0.46109206,0.09222164,0.27168630,0.17500000,0.23096055,-0.03952356,-0.11643698,-0.07500000
2024-08-01,2024-07-31,factor_nonpit_unguarded_diagnostic_ext2026,25506c98c84ce4cc9eceacb61bd9005875cf259a3181c94a1e524d3195ce026b,nonpit_diagnostic,False,0.68372509,True,True,0.58036196,-0.47556509,-0.54065708,-0.88506611,1.14097075,-0.48000000,-0.54000000,-0.89000000,0.54000000,0.28000000,1.61400000,1.61400000,1.00000000,1.00000000,0.00000000,bl_blend_applied,,2024-08-01,0.00000000,0.32200000,0.32500000,-0.87700000,-0.09000000,0.32200000,0.32500000,-0.87700000,-0.09000000,0.00074157,0.00074848,-0.00201975,-0.00020727,0.22764133,0.12785625,0.39450242,0.25000000,0.99999989,0.00000010,0.00000000,0.00000001,0.45934890,0.08949941,0.27615169,0.17500000,0.23170757,-0.03835684,-0.11835072,-0.07500000
2024-09-02,2024-08-31,factor_nonpit_unguarded_diagnostic_ext2026,fecee778905e3f0752f5d2e29e9cf12b5e68d951364b3262b76cb93d44e64573,nonpit_diagnostic,False,0.98330778,True,True,0.56920998,-0.61615873,-0.24814649,-0.93536910,1.14723302,-0.60000000,0.50000000,-0.70000000,-0.40000000,0.60000000,6.84000000,6.84000000,1.00000000,1.00000000,0.00000000,non_trading_rebalance_date,rebalance_date_not_in_price_calendar,2024-08-01,,1.72000000,2.03000000,-1.51000000,-1.58000000,1.72000000,2.03000000,-1.51000000,-1.58000000,0.00388508,0.00458530,-0.00341074,-0.00356886,0.22140706,0.12567888,0.40291406,0.25000000,,,,,0.45934890,0.08949941,0.27615169,0.17500000,0.23794183,-0.03617947,-0.12676237,-0.07500000
2024-10-01,2024-09-30,factor_nonpit_unguarded_diagnostic_ext2026,0b50d5be34139c1dcf56835406bfe4cd7e019dca5996192967f806c2c8820c47,nonpit_diagnostic,False,0.70353025,True,True,0.64356818,-0.69566591,-0.03120911,-1.03580648,1.24812664,-0.70000000,-0.03000000,-1.00000000,0.30000000,0.70000000,5.35000000,5.35000000,1.00000000,1.00000000,0.00000000,bl_blend_applied,,2024-10-01,0.00000000,1.31000000,1.50000000,-1.56800000,-0.97200000,1.31000000,1.50000000,-1.56800000,-0.97200000,0.00334553,0.00383076,-0.00400442,-0.00248233,0.22069368,0.12567006,0.40363626,0.25000000,1.00000000,0.00000000,0.00000000,0.00000000,0.45448557,0.08796904,0.28254538,0.17500000,0.23379190,-0.03770102,-0.12109088,-0.07500000
2024-11-01,2024-10-31,factor_nonpit_unguarded_diagnostic_ext2026,207980e533bcc6e42e49d0caa8dc37f2b1a030fdace50a931c5721ff143ec172,nonpit_diagnostic,False,0.63079925,True,True,0.60481402,-0.64353235,-0.07387434,-1.13653375,1.30816676,-0.64000000,-1.00000000,-0.07000000,-0.07000000,0.64000000,0.92900000,0.92900000,1.00000000,1.00000000,0.00000000,bl_blend_applied,,2024-11-01,0.00000000,-0.34700000,-0.02000000,-0.48800000,-0.07400000,-0.34700000,-0.02000000,-0.48800000,-0.07400000,-0.00083282,-0.00004800,-0.00117123,-0.00017760,0.21973442,0.12449260,0.40577297,0.25000000,0.00000144,0.08221354,0.00000031,0.91778471,0.15381453,0.11180888,0.28404117,0.45033541,-0.06591989,-0.01268372,-0.12173180,0.20033541
2024-12-02,2024-11-30,factor_nonpit_unguarded_diagnostic_ext2026,03332656647887994f1b4ab4ddad3bf9f5ee14a21185f5f3c06fced3960a576c,nonpit_diagnostic,False,0.95260811,True,True,0.61644140,-0.59322853,-0.17330382,-1.22407236,1.37124303,-0.60000000,-0.20000000,-1.00000000,-0.10000000,0.70000000,5.32000000,5.32000000,1.00000000,1.00000000,0.00000000,bl_blend_applied,,2024-12-02,0.00000000,1.23000000,1.47000000,-1.46000000,-1.16000000,1.23000000,1.47000000,-1.46000000,-1.16000000,0.00300882,0.00359591,-0.00357145,-0.00283759,0.22753484,0.12789587,0.39456929,0.25000000,1.00000000,0.00000000,0.00000000,0.00000000,0.45927439,0.08952711,0.27619850,0.17500000,0.23173955,-0.03836876,-0.11837079,-0.07500000
2025-01-02,2024-12-31,factor_nonpit_unguarded_diagnostic_ext2026,8efcb26ffccc0617b56bb050a0699233c92da714eb9e97bbd8545fb8bd9fc3df,nonpit_diagnostic,False,0.85252910,True,True,0.63981247,-0.53749905,0.23644847,-1.05141178,1.20427565,-0.54000000,0.24000000,-1.00000000,0.24000000,0.80000000,6.19200000,6.19200000,1.00000000,1.00000000,0.00000000,bl_blend_applied,,2025-01-02,0.00000000,1.61000000,1.78400000,-1.60400000,-1.19400000,1.61000000,1.78400000,-1.60400000,-1.19400000,0.00408769,0.00452947,-0.00407246,-0.00303149,0.23400515,0.12580125,0.39019360,0.25000000,1.00000000,0.00000000,0.00000000,0.00000000,0.46380360,0.08806088,0.27313552,0.17500000,0.22979846,-0.03774038,-0.11705808,-0.07500000
2025-02-03,2025-01-31,factor_nonpit_unguarded_diagnostic_ext2026,ac39b3747041dfc71e70baaf4b64b454cbb336c993e03df0a7e3aed188641108,nonpit_diagnostic,False,0.56643783,True,True,0.55108983,-0.49245478,0.27575759,-1.22126284,1.34537611,-0.49000000,0.40000000,-1.00000000,0.28000000,0.20000000,5.00400000,5.00400000,1.00000000,1.00000000,0.00000000,bl_blend_applied,,2025-02-03,0.00000000,1.38300000,1.41400000,-1.32400000,-0.88300000,1.38300000,1.41400000,-1.32400000,-0.88300000,0.00302443,0.00309223,-0.00289541,-0.00193100,0.23272421,0.12482010,0.39245569,0.25000000,1.00000000,0.00000000,0.00000000,0.00000000,0.46290694,0.08737407,0.27471898,0.17500000,0.23018274,-0.03744603,-0.11773671,-0.07500000
2025-03-03,2025-02-28,factor_nonpit_unguarded_diagnostic_ext2026,a047ca5c8b3a33ba129b41eb0e469c30c9a39dd3a4c1ad0a1f62be8291fadfcf,nonpit_diagnostic,False,0.65883330,True,True,0.58544001,-0.57309371,0.11547483,-1.02638780,1.18120394,-0.57000000,-1.00000000,0.12000000,0.12000000,-0.60000000,3.90000000,3.90000000,1.00000000,1.00000000,0.00000000,bl_blend_applied,,2025-03-03,0.00000000,-1.32100000,-1.28200000,0.34000000,0.95700000,-1.32100000,-1.28200000,0.34000000,0.95700000,-0.00306891,-0.00297831,0.00078988,0.00222328,0.23003429,0.12305487,0.39691085,0.25000000,0.00000001,0.00000000,0.99999851,0.00000148,0.16102400,0.08613841,0.57783714,0.17500045,-0.06901028,-0.03691646,0.18092630,-0.07499955
2025-04-01,2025-03-31,factor_nonpit_unguarded_diagnostic_ext2026,8d74e228666e9e81c8e483749c701463c2cdaad1870656eeb3d4194b3bac2b3f,nonpit_diagnostic,False,0.79983576,True,True,0.44271887,-0.75282403,0.25047282,-0.44541286,0.90987542,-0.75000000,-0.45000000,-0.25000000,0.25000000,-0.30000000,1.16500000,1.16500000,1.00000000,1.00000000,0.00000000,bl_blend_applied,,2025-04-01,0.00000000,-0.28000000,-0.19000000,-0.42000000,0.27500000,-0.28000000,-0.19000000,-0.42000000,0.27500000,-0.00049191,-0.00033380,-0.00073786,0.00048313,0.22743590,0.12384003,0.39872407,0.25000000,0.00000094,0.00010840,0.00000555,0.99988511,0.15920541,0.08672054,0.27910851,0.47496553,-0.06823049,-0.03711949,-0.11961556,0.22496553
2025-05-01,2025-04-30,factor_nonpit_unguarded_diagnostic_ext2026,2797f192074d35840b910584acbac7cb4115bd7b87b3d41cd992fb99006b309a,nonpit_diagnostic,False,0.90465568,True,True,0.67663875,-0.80280570,0.58294661,-0.00405460,0.99213920,-0.80000000,0.58000000,-0.58000000,-0.80000000,0.58000000,7.77400000,7.77400000,1.00000000,1.00000000,0.00000000,bl_blend_applied,,2025-05-01,0.00000000,1.87200000,2.33000000,-1.64800000,-1.92400000,1.87200000,2.33000000,-1.64800000,-1.92400000,0.00502646,0.00625622,-0.00442500,-0.00516608,0.21790643,0.12696970,0.40512388,0.25000000,0.00000009,0.99999991,0.00000000,0.00000000,0.15253453,0.38887876,0.28358671,0.17500000,-0.06537190,0.26190906,-0.12153716,-0.07500000
2025-06-02,2025-05-31,factor_nonpit_unguarded_diagnostic_ext2026,aaa3013ace3e5af181faa7dab0f0600d9d79083b551c6273114dcf0e01d2d51b,nonpit_diagnostic,False,0.86849878,True,True,0.56188967,-0.81187433,0.50898081,-0.67779851,1.17371726,-0.81000000,-0.68000000,0.51000000,-0.40000000,-0.20000000,1.66800000,1.66800000,1.00000000,1.00000000,0.00000000,bl_blend_applied,,2025-06-02,0.00000000,-0.84500000,-0.51100000,0.04100000,0.27100000,-0.84500000,-0.51100000,0.04100000,0.27100000,-0.00188411,-0.00113939,0.00009142,0.00060425,0.23454006,0.13243858,0.38302136,0.25000000,0.00000012,0.00000013,0.89002791,0.10997183,0.16417808,0.09270705,0.53512332,0.20799155,-0.07036198,-0.03973154,0.15210197,-0.04200845
2025-07-01,2025-06-30,factor_nonpit_unguarded_diagnostic_ext2026,3e130d65e96fb6346d1b9b69d0aeddaa8e3e81f6f867e259bcb5a5bf65e0bd5d,nonpit_diagnostic,False,0.93423515,True,True,0.67293387,-0.70902910,0.50836963,-1.11809886,1.41820556,-0.71000000,0.51000000,-1.00000000,0.50000000,-0.50000000,3.65000000,3.65000000,1.00000000,1.00000000,0.00000000,bl_blend_applied,,2025-07-01,0.00000000,1.07300000,0.98600000,-1.17200000,-0.41900000,1.07300000,0.98600000,-1.17200000,-0.41900000,0.00286531,0.00263299,-0.00312968,-0.00111889,0.23486471,0.13280371,0.38233158,0.25000000,0.31880603,0.68119397,0.00000000,0.00000000,0.26004711,0.29732079,0.26763211,0.17500000,0.02518239,0.16451708,-0.11469947,-0.07500000
2025-08-01,2025-07-31,factor_nonpit_unguarded_diagnostic_ext2026,9ee14af9988ea5a082325bf031682648ba1b7b36730e0861b2b6abaaf6202772,nonpit_diagnostic,False,0.58286023,True,True,0.58309519,-0.70441699,0.37723690,-1.21259063,1.45220074,-0.70000000,0.40000000,-0.80000000,-0.40000000,0.50000000,6.77000000,6.77000000,1.00000000,1.00000000,0.00000000,bl_blend_applied,,2025-08-01,0.00000000,1.67000000,1.98000000,-1.57000000,-1.55000000,1.67000000,1.98000000,-1.57000000,-1.55000000,0.00386416,0.00458146,-0.00363278,-0.00358650,0.23561267,0.13358030,0.38080703,0.25000000,0.00000001,0.99999999,0.00000000,0.00000000,0.16492887,0.39350620,0.26656492,0.17500000,-0.07068380,0.25992591,-0.11424211,-0.07500000
2025-09-01,2025-08-31,factor_nonpit_unguarded_diagnostic_ext2026,0251124b573c68d496708fe41d49b78318084fd1845a281f6920c2c91d17e700,nonpit_diagnostic,False,0.61337597,True,True,0.66513157,-0.63911605,0.68178670,-1.20301795,1.52333667,-0.64000000,-1.00000000,0.68000000,-0.50000000,-0.30000000,3.52400000,3.52400000,1.00000000,1.00000000,0.00000000,non_trading_rebalance_date,rebalance_date_not_in_price_calendar,2025-08-01,,-1.38200000,-1.08200000,0.46400000,0.59600000,-1.38200000,-1.08200000,0.46400000,0.59600000,-0.00364767,-0.00285584,0.00122469,0.00157309,0.23251017,0.13850317,0.37898666,0.25000000,,,,,0.16492887,0.39350620,0.26656492,0.17500000,-0.06758129,0.25500304,-0.11242174,-0.07500000
2025-10-01,2025-09-30,factor_nonpit_unguarded_diagnostic_ext2026,430abfe24d64d1b848c0dc47697edf152d9237b48336593631f78ea1d742e7ab,nonpit_diagnostic,False,0.60317520,True,True,0.63164864,-0.62151991,0.56507571,-1.23360061,1.49243694,-0.50000000,0.46000000,-1.00000000,-0.02000000,0.73000000,7.03900000,7.03900000,1.00000000,1.00000000,0.00000000,bl_blend_applied,,2025-10-01,0.00000000,1.85400000,2.05400000,-1.65100000,-1.48000000,1.85400000,2.05400000,-1.65100000,-1.48000000,0.00464713,0.00514844,-0.00413830,-0.00370968,0.24165499,0.13882723,0.36951778,0.25000000,0.00000001,0.99999998,0.00000000,0.00000000,0.16915850,0.39717905,0.25866245,0.17500000,-0.07249649,0.25835183,-0.11085533,-0.07500000
2025-11-03,2025-09-30,factor_nonpit_unguarded_diagnostic_ext2026,6d7ea662f0ab186a0fe5705051512586944a4a3f2ab208aa346ba84effc5c41f,nonpit_diagnostic,False,0.92961675,True,True,0.77899936,-0.62151991,0.56507571,-1.23360061,1.49243694,-0.62000000,0.57000000,-1.00000000,0.57000000,1.00000000,7.28100000,7.28100000,1.00000000,1.00000000,0.00000000,bl_blend_applied,,2025-11-03,0.00000000,1.98500000,2.15700000,-1.86700000,-1.27200000,1.98500000,2.15700000,-1.86700000,-1.27200000,0.00613617,0.00666786,-0.00577140,-0.00393209,0.20081312,0.15784568,0.39134120,0.25000000,0.00000000,1.00000000,0.00000000,0.00000000,0.14056919,0.41049197,0.27393884,0.17500000,-0.06024394,0.25264630,-0.11740236,-0.07500000
2025-12-01,2025-11-30,factor_nonpit_unguarded_diagnostic_ext2026,7fda62ba7108ca8587537e6114541d7c6c863bff47ea165c5f9ae56f026ee4ca,nonpit_diagnostic,False,0.63170961,True,True,0.75404244,-0.69111505,0.56255000,-1.01778788,1.35277296,-0.69000000,-0.86000000,0.56000000,-1.00000000,-0.56000000,2.46800000,2.46800000,1.00000000,1.00000000,0.00000000,bl_blend_applied,,2025-12-01,0.00000000,-1.13700000,-0.78600000,0.36400000,0.18100000,-1.13700000,-0.78600000,0.36400000,0.18100000,-0.00340217,-0.00235189,0.00108917,0.00054159,0.20307491,0.15843775,0.38848734,0.25000000,0.00000000,0.00000000,1.00000000,0.00000000,0.14215243,0.11090643,0.57194114,0.17500000,-0.06092247,-0.04753133,0.18345380,-0.07500000
2026-01-02,2025-12-31,factor_nonpit_unguarded_diagnostic_ext2026,33d5a751c18180f9985461a8f64d07a11a61a66092c450a2f8b940572bca216b,nonpit_diagnostic,False,0.72865112,True,True,0.82753852,-0.70784531,0.80110660,-1.13467400,1.55894254,-0.71000000,-1.00000000,0.80000000,0.80000000,-0.80000000,7.18000000,7.18000000,1.00000000,1.00000000,0.00000000,bl_blend_applied,,2026-01-02,0.00000000,-2.14700000,-2.17400000,0.87200000,1.98700000,-2.14700000,-2.17400000,0.87200000,1.98700000,-0.00705050,-0.00713916,0.00286355,0.00652508,0.20458157,0.15822453,0.38719390,0.25000000,0.00000000,0.00000000,1.00000000,0.00000000,0.14320710,0.11075717,0.57103573,0.17500000,-0.06137447,-0.04746736,0.18384183,-0.07500000
2026-02-02,2026-01-31,factor_nonpit_unguarded_diagnostic_ext2026,f08300c825d7362ba025b2f920732b5cd3525bd3affaa33cf4918250b48e4d34,nonpit_diagnostic,False,0.70050879,True,True,0.76681158,-0.81007724,0.85738412,-1.00790028,1.55151398,-0.80000000,0.70000000,-0.90000000,0.80000000,0.60000000,6.36000000,6.36000000,1.00000000,1.00000000,0.00000000,bl_blend_applied,,2026-02-02,0.00000000,1.78000000,1.89000000,-1.77000000,-0.92000000,1.78000000,1.89000000,-1.77000000,-0.92000000,0.00541637,0.00575109,-0.00538594,-0.00279947,0.21384955,0.16539244,0.37075801,0.25000000,0.00000000,0.99999999,0.00000000,0.00000000,0.14969469,0.41577471,0.25953061,0.17500000,-0.06415486,0.25038227,-0.11122740,-0.07500000
2026-03-02,2026-02-28,factor_nonpit_unguarded_diagnostic_ext2026,905b4df7aee3b93608c316f80b59d7c2437c6ee1b343066150fcbecbb9e14e74,nonpit_diagnostic,False,0.69727182,True,True,0.72188642,-0.90294874,0.66688902,-0.66695517,1.30571306,-0.90000000,0.67000000,-0.67000000,0.67000000,-0.67000000,2.87200000,2.87200000,1.00000000,1.00000000,0.00000000,bl_blend_applied,,2026-03-02,0.00000000,0.87300000,0.80800000,-1.05500000,-0.13600000,0.87300000,0.80800000,-1.05500000,-0.13600000,0.00250082,0.00231462,-0.00302218,-0.00038959,0.22419530,0.16692405,0.35888065,0.25000000,0.46221601,0.53778399,0.00000000,0.00000000,0.29560151,0.27818203,0.25121646,0.17500000,0.07140621,0.11125798,-0.10766420,-0.07500000
2026-04-01,2026-03-31,factor_nonpit_unguarded_diagnostic_ext2026,6985b69c9292a7294b3b2cccc0e33b9c7345744392f9ca16632580d7695c8f5e,nonpit_diagnostic,False,0.60269324,True,True,0.52392748,-0.60091761,0.59567043,-0.44688480,0.95688623,-0.60000000,-0.45000000,-0.60000000,-0.30000000,0.60000000,3.54000000,3.54000000,1.00000000,1.00000000,0.00000000,bl_blend_applied,,2026-04-01,0.00000000,0.66000000,0.96000000,-1.05000000,-0.87000000,0.66000000,0.96000000,-1.05000000,-0.87000000,0.00137219,0.00199591,-0.00218303,-0.00180880,0.23516660,0.17559935,0.33923405,0.25000000,0.00000001,0.99999997,0.00000000,0.00000001,0.16461662,0.42291954,0.23746384,0.17500000,-0.07054998,0.24732019,-0.10177021,-0.07500000
2026-05-01,2026-03-31,factor_nonpit_unguarded_diagnostic_ext2026,e39cea1da346b9007114226c26c5b632030a4d0a2bb36d1ab8817cc09db0f681,nonpit_diagnostic,False,0.95702316,True,True,0.59539903,-0.60091761,0.59567043,-0.44688480,0.95688623,-0.60000000,0.60000000,-0.45000000,0.60000000,0.70000000,4.99000000,4.99000000,1.00000000,1.00000000,0.00000000,bl_blend_applied,,2026-05-01,0.00000000,1.38000000,1.53500000,-1.32500000,-0.75000000,1.38000000,1.53500000,-1.32500000,-0.75000000,0.00326052,0.00362674,-0.00313057,-0.00177202,0.23660484,0.17627008,0.33712508,0.25000000,0.00000000,1.00000000,0.00000000,0.00000000,0.16562339,0.42338906,0.23598755,0.17500000,-0.07098145,0.24711897,-0.10113752,-0.07500000
2026-06-01,2026-03-31,factor_nonpit_unguarded_diagnostic_ext2026,866d9c2755ce9505e3ced926bb6742a977d3e243b0ab5c85adf1326910d144f3,nonpit_diagnostic,False,0.85430595,True,True,0.48425200,-0.60091761,0.59567043,-0.44688480,0.95688623,-0.60000000,0.30000000,0.60000000,0.40000000,0.45000000,0.96500000,0.96500000,1.00000000,1.00000000,0.00000000,bl_blend_applied,,2026-06-01,0.00000000,0.15000000,0.40000000,-0.36500000,0.05000000,0.15000000,0.40000000,-0.36500000,0.05000000,0.00028825,0.00076865,-0.00070140,0.00009608,0.23724461,0.17654264,0.33621274,0.25000000,0.58351777,0.41648212,0.00000006,0.00000006,0.34112656,0.24852448,0.23534894,0.17500002,0.10388195,0.07198184,-0.10086381,-0.07499998
