{
  "credit_stress_mac": 0.5541428571428572,
  "credit_stress_std": 0.6594922394434477,
  "growth_mac": 0.4928571428571429,
  "growth_std": 0.4622946312967183,
  "inflation_mac": 0.14357142857142857,
  "inflation_std": 0.6333989010282892,
  "mean_mac": 0.42000000000000004,
  "mean_std": 0.550181243649308,
  "policy_mac": 0.51,
  "policy_std": 0.5815398980680782,
  "risk_appetite_mac": 0.39942857142857147,
  "risk_appetite_std": 0.41418054841000684
}